#mip results PROTO15-TB2022-03
#layer chip channel mpv empv widthmpv chi2ndf nentries
0 0 0 0 -10 0 0 0
0 0 1 0 -10 0 0 0
0 0 2 0 -10 0 0 0
0 0 3 0 -10 0 0 0
0 0 4 0 -10 0 0 0
0 0 5 0 -10 0 0 0
0 0 6 0 -10 0 0 0
0 0 7 0 -10 0 0 0
0 0 8 0 -10 0 0 0
0 0 9 0 -10 0 0 0
0 0 10 0 -10 0 0 0
0 0 11 0 -10 0 0 0
0 0 12 0 -10 0 0 0
0 0 13 0 -10 0 0 0
0 0 14 0 -10 0 0 0
0 0 15 0 -10 0 0 0
0 0 16 0 -10 0 0 0
0 0 17 0 -10 0 0 0
0 0 18 0 -10 0 0 0
0 0 19 0 -10 0 0 0
0 0 20 0 -10 0 0 0
0 0 21 0 -10 0 0 0
0 0 22 0 -10 0 0 0
0 0 23 0 -10 0 0 0
0 0 24 0 -10 0 0 0
0 0 25 0 -10 0 0 0
0 0 26 0 -10 0 0 0
0 0 27 0 -10 0 0 0
0 0 28 0 -10 0 0 0
0 0 29 0 -10 0 0 0
0 0 30 0 -10 0 0 0
0 0 31 0 -10 0 0 0
0 0 32 0 -10 0 0 0
0 0 33 0 -10 0 0 0
0 0 34 0 -10 0 0 0
0 0 35 0 -10 0 0 0
0 0 36 0 -10 0 0 0
0 0 37 0 -10 0 0 0
0 0 38 0 -10 0 0 0
0 0 39 0 -10 0 0 0
0 0 40 0 -10 0 0 0
0 0 41 0 -10 0 0 0
0 0 42 0 -10 0 0 0
0 0 43 0 -10 0 0 0
0 0 44 0 -10 0 0 0
0 0 45 0 -10 0 0 0
0 0 46 0 -10 0 0 0
0 0 47 0 -10 0 0 0
0 0 48 0 -10 0 0 0
0 0 49 0 -10 0 0 0
0 0 50 0 -10 0 0 0
0 0 51 0 -10 0 0 0
0 0 52 0 -10 0 0 0
0 0 53 0 -10 0 0 0
0 0 54 0 -10 0 0 0
0 0 55 0 -10 0 0 0
0 0 56 0 -10 0 0 0
0 0 57 0 -10 0 0 0
0 0 58 0 -10 0 0 0
0 0 59 0 -10 0 0 0
0 0 60 0 -10 0 0 0
0 0 61 0 -10 0 0 0
0 0 62 0 -10 0 0 0
0 0 63 0 -10 0 0 0
0 1 0 0 -10 0 0 0
0 1 1 0 -10 0 0 0
0 1 2 0 -10 0 0 0
0 1 3 0 -10 0 0 0
0 1 4 0 -10 0 0 0
0 1 5 0 -10 0 0 0
0 1 6 0 -10 0 0 0
0 1 7 0 -10 0 0 0
0 1 8 0 -10 0 0 0
0 1 9 0 -10 0 0 0
0 1 10 0 -10 0 0 0
0 1 11 0 -10 0 0 0
0 1 12 0 -10 0 0 0
0 1 13 0 -10 0 0 0
0 1 14 0 -10 0 0 0
0 1 15 0 -10 0 0 0
0 1 16 0 -10 0 0 0
0 1 17 0 -10 0 0 0
0 1 18 0 -10 0 0 0
0 1 19 0 -10 0 0 0
0 1 20 0 -10 0 0 0
0 1 21 0 -10 0 0 0
0 1 22 0 -10 0 0 0
0 1 23 0 -10 0 0 0
0 1 24 0 -10 0 0 0
0 1 25 0 -10 0 0 0
0 1 26 0 -10 0 0 0
0 1 27 0 -10 0 0 0
0 1 28 0 -10 0 0 0
0 1 29 0 -10 0 0 0
0 1 30 0 -10 0 0 0
0 1 31 0 -10 0 0 0
0 1 32 0 -10 0 0 0
0 1 33 0 -10 0 0 0
0 1 34 0 -10 0 0 0
0 1 35 0 -10 0 0 0
0 1 36 0 -10 0 0 0
0 1 37 0 -10 0 0 0
0 1 38 0 -10 0 0 0
0 1 39 0 -10 0 0 0
0 1 40 0 -10 0 0 0
0 1 41 0 -10 0 0 0
0 1 42 0 -10 0 0 0
0 1 43 0 -10 0 0 0
0 1 44 0 -10 0 0 0
0 1 45 0 -10 0 0 0
0 1 46 0 -10 0 0 0
0 1 47 0 -10 0 0 0
0 1 48 0 -10 0 0 0
0 1 49 0 -10 0 0 0
0 1 50 0 -10 0 0 0
0 1 51 0 -10 0 0 0
0 1 52 0 -10 0 0 0
0 1 53 0 -10 0 0 0
0 1 54 0 -10 0 0 0
0 1 55 0 -10 0 0 0
0 1 56 0 -10 0 0 0
0 1 57 0 -10 0 0 0
0 1 58 0 -10 0 0 0
0 1 59 0 -10 0 0 0
0 1 60 0 -10 0 0 0
0 1 61 0 -10 0 0 0
0 1 62 0 -10 0 0 0
0 1 63 0 -10 0 0 0
0 2 0 0 -10 0 0 0
0 2 1 0 -10 0 0 0
0 2 2 0 -10 0 0 0
0 2 3 0 -10 0 0 0
0 2 4 0 -10 0 0 0
0 2 5 0 -10 0 0 0
0 2 6 0 -10 0 0 0
0 2 7 0 -10 0 0 0
0 2 8 0 -10 0 0 0
0 2 9 0 -10 0 0 0
0 2 10 0 -10 0 0 0
0 2 11 0 -10 0 0 0
0 2 12 0 -10 0 0 0
0 2 13 0 -10 0 0 0
0 2 14 0 -10 0 0 0
0 2 15 0 -10 0 0 0
0 2 16 0 -10 0 0 0
0 2 17 0 -10 0 0 0
0 2 18 0 -10 0 0 0
0 2 19 0 -10 0 0 0
0 2 20 0 -10 0 0 0
0 2 21 0 -10 0 0 0
0 2 22 0 -10 0 0 0
0 2 23 0 -10 0 0 0
0 2 24 0 -10 0 0 0
0 2 25 0 -10 0 0 0
0 2 26 0 -10 0 0 0
0 2 27 0 -10 0 0 0
0 2 28 0 -10 0 0 0
0 2 29 0 -10 0 0 0
0 2 30 0 -10 0 0 0
0 2 31 0 -10 0 0 0
0 2 32 0 -10 0 0 0
0 2 33 0 -10 0 0 0
0 2 34 0 -10 0 0 0
0 2 35 0 -10 0 0 0
0 2 36 0 -10 0 0 0
0 2 37 0 -10 0 0 0
0 2 38 0 -10 0 0 0
0 2 39 0 -10 0 0 0
0 2 40 0 -10 0 0 0
0 2 41 0 -10 0 0 0
0 2 42 0 -10 0 0 0
0 2 43 0 -10 0 0 0
0 2 44 0 -10 0 0 0
0 2 45 0 -10 0 0 0
0 2 46 0 -10 0 0 0
0 2 47 0 -10 0 0 0
0 2 48 0 -10 0 0 0
0 2 49 0 -10 0 0 0
0 2 50 0 -10 0 0 0
0 2 51 0 -10 0 0 0
0 2 52 0 -10 0 0 0
0 2 53 0 -10 0 0 0
0 2 54 0 -10 0 0 0
0 2 55 0 -10 0 0 0
0 2 56 0 -10 0 0 0
0 2 57 0 -10 0 0 0
0 2 58 0 -10 0 0 0
0 2 59 0 -10 0 0 0
0 2 60 0 -10 0 0 0
0 2 61 0 -10 0 0 0
0 2 62 0 -10 0 0 0
0 2 63 0 -10 0 0 0
0 3 0 0 -10 0 0 0
0 3 1 0 -10 0 0 0
0 3 2 0 -10 0 0 0
0 3 3 0 -10 0 0 0
0 3 4 0 -10 0 0 0
0 3 5 0 -10 0 0 0
0 3 6 0 -10 0 0 0
0 3 7 0 -10 0 0 0
0 3 8 0 -10 0 0 0
0 3 9 0 -10 0 0 0
0 3 10 0 -10 0 0 0
0 3 11 0 -10 0 0 0
0 3 12 0 -10 0 0 0
0 3 13 0 -10 0 0 0
0 3 14 0 -10 0 0 0
0 3 15 0 -10 0 0 0
0 3 16 0 -10 0 0 0
0 3 17 0 -10 0 0 0
0 3 18 0 -10 0 0 0
0 3 19 0 -10 0 0 0
0 3 20 0 -10 0 0 0
0 3 21 0 -10 0 0 0
0 3 22 0 -10 0 0 0
0 3 23 0 -10 0 0 0
0 3 24 0 -10 0 0 0
0 3 25 0 -10 0 0 0
0 3 26 0 -10 0 0 0
0 3 27 0 -10 0 0 0
0 3 28 0 -10 0 0 0
0 3 29 0 -10 0 0 0
0 3 30 0 -10 0 0 0
0 3 31 0 -10 0 0 0
0 3 32 0 -10 0 0 0
0 3 33 0 -10 0 0 0
0 3 34 0 -10 0 0 0
0 3 35 0 -10 0 0 0
0 3 36 0 -10 0 0 0
0 3 37 0 -10 0 0 0
0 3 38 0 -10 0 0 0
0 3 39 0 -10 0 0 0
0 3 40 0 -10 0 0 0
0 3 41 0 -10 0 0 0
0 3 42 0 -10 0 0 0
0 3 43 0 -10 0 0 0
0 3 44 0 -10 0 0 0
0 3 45 0 -10 0 0 0
0 3 46 0 -10 0 0 0
0 3 47 0 -10 0 0 0
0 3 48 0 -10 0 0 0
0 3 49 0 -10 0 0 0
0 3 50 0 -10 0 0 0
0 3 51 0 -10 0 0 0
0 3 52 0 -10 0 0 0
0 3 53 0 -10 0 0 0
0 3 54 0 -10 0 0 0
0 3 55 0 -10 0 0 0
0 3 56 0 -10 0 0 0
0 3 57 0 -10 0 0 0
0 3 58 0 -10 0 0 0
0 3 59 0 -10 0 0 0
0 3 60 0 -10 0 0 0
0 3 61 0 -10 0 0 0
0 3 62 0 -10 0 0 0
0 3 63 0 -10 0 0 0
0 4 0 22.054 0.353222 2.62969 0.442462 21643
0 4 1 21.4026 0.343838 2.62133 0.45521 19785
0 4 2 22.4178 0.396481 2.68848 0.422453 17438
0 4 3 21.6335 0.302131 2.30121 0.478194 13947
0 4 4 22.292 0.334314 2.52942 0.474243 12671
0 4 5 21.8603 0.341615 2.53057 0.337403 14724
0 4 6 22.1143 0.375562 2.66913 0.427251 17772
0 4 7 22.2997 0.399185 2.587 0.395215 12243
0 4 8 22.1685 0.330038 2.58499 0.365456 16873
0 4 9 22.1763 0.361051 2.58224 0.375143 15672
0 4 10 23.09 0.422123 2.82855 0.4447 11739
0 4 11 22.108 0.34771 2.59432 0.557576 14931
0 4 12 22.5352 0.303403 2.50819 0.354223 12985
0 4 13 22.7048 0.338641 2.51443 0.479762 10443
0 4 14 22.3067 0.368065 2.69213 0.332883 19759
0 4 15 21.9384 0.297106 2.41773 0.493606 11139
0 4 16 23.1436 0.484717 2.96297 0.470066 12028
0 4 17 22.852 0.440208 2.67976 0.419555 13716
0 4 18 22.7127 0.360478 2.47513 0.522006 10744
0 4 19 21.898 0.348109 2.25274 0.863842 10995
0 4 20 23.2163 0.371349 2.76796 0.605463 9204
0 4 21 22.344 0.354052 2.57538 0.399514 17053
0 4 22 22.4369 0.318548 2.39247 0.480037 11427
0 4 23 22.4836 -3 0 0 46
0 4 24 22.4238 0.390201 2.7646 0.442068 17018
0 4 25 22.4028 0.372468 2.67074 0.402122 9705
0 4 26 23.3341 0.443002 2.81459 0.514909 18194
0 4 27 22.5097 0.326952 2.49257 0.571301 7579
0 4 28 22.2855 0.355584 2.47402 0.442107 10378
0 4 29 23.1539 0.342729 2.57711 0.535201 15016
0 4 30 23.5058 0.37675 2.63042 0.490591 8303
0 4 31 21.6876 0.284607 2.21236 0.5486 9713
0 4 32 22.9626 0.423877 2.67332 0.451096 9801
0 4 33 22.469 0.360254 2.48592 0.552275 8973
0 4 34 23.4728 0.401387 2.87801 0.425549 14323
0 4 35 22.4816 0.380698 2.76582 0.448938 9437
0 4 36 23.2223 0.362509 2.5487 0.566449 8373
0 4 37 23.2132 0.46937 2.84026 0.452634 9980
0 4 38 22.7988 0.352643 2.57561 0.52708 8349
0 4 39 21.9776 0.337924 2.48689 0.474821 10252
0 4 40 22.4855 0.395201 2.60818 0.403495 11041
0 4 41 22.3051 0.302677 2.30472 0.679795 9559
0 4 42 21.7573 0.302761 2.43345 0.339023 11432
0 4 43 22.1395 0.334887 2.61177 0.370993 15215
0 4 44 22.5466 0.313716 2.39602 0.509652 7800
0 4 45 22.5006 0.332184 2.30977 0.455408 9534
0 4 46 22.5051 0.384383 2.71502 0.424867 15413
0 4 47 23.2264 0.387029 2.741 0.595456 6481
0 4 48 22.9699 0.380023 2.66315 0.507416 7972
0 4 49 22.0444 0.362728 2.55778 0.432713 11799
0 4 50 22.0882 0.364872 2.65572 0.595645 9345
0 4 51 21.8107 0.397056 2.6919 0.435009 11875
0 4 52 21.5175 0.312104 2.37032 0.536073 12989
0 4 53 22.471 0.361545 2.6594 0.595519 7421
0 4 54 21.5984 0.302509 2.36464 0.498356 10079
0 4 55 21.4894 0.376022 2.5218 0.495456 12268
0 4 56 22.0348 0.336742 2.45023 0.523434 10231
0 4 57 22.0505 0.38917 2.67135 0.520339 10429
0 4 58 21.1274 0.323142 2.41992 0.402627 11721
0 4 59 22.7377 0.518933 2.99705 0.418977 12530
0 4 60 21.9748 0.384544 2.70751 0.4951 8305
0 4 61 21.7467 0.462785 2.86902 0.403938 12379
0 4 62 21.5594 0.380132 2.71844 0.45298 12170
0 4 63 20.6685 0.309729 2.3178 0.391156 12662
0 5 0 21.3624 0.318912 2.72724 0.595095 13593
0 5 1 21.1743 0.299867 2.70585 0.534083 14097
0 5 2 21.2523 0.292646 2.71714 0.50555 14725
0 5 3 20.3677 0.2662 2.44836 0.451952 17229
0 5 4 20.6101 0.251106 2.29896 0.589201 16078
0 5 5 20.9907 0.269172 2.40765 0.687812 16448
0 5 6 20.6553 0.259839 2.5192 0.650898 16468
0 5 7 21.4262 0.328581 2.60486 0.672306 15025
0 5 8 20.6269 0.224261 2.27255 0.667165 16680
0 5 9 21.7953 0.288055 2.50011 0.582406 15370
0 5 10 20.7902 0.249908 2.45692 0.55091 16634
0 5 11 21.0266 0.261515 2.49365 0.502035 17517
0 5 12 21.135 0.271748 2.43972 0.449542 16180
0 5 13 20.8161 0.253617 2.4223 0.551335 18586
0 5 14 21.0479 0.27436 2.45793 0.485491 15219
0 5 15 21.1198 0.261411 2.52649 0.486211 18540
0 5 16 21.6507 0.282724 2.598 0.752805 15414
0 5 17 21.1734 0.256217 2.36274 0.71709 16998
0 5 18 20.8325 0.26243 2.3234 0.795126 18743
0 5 19 20.8935 0.244999 2.29129 0.671701 18614
0 5 20 21.4806 0.261884 2.46198 0.57723 18022
0 5 21 21.28 0.283006 2.58779 0.523842 17072
0 5 22 20.6644 0.234848 2.32538 0.523808 17430
0 5 23 20.8035 0.275068 2.44805 0.564048 19771
0 5 24 21.185 0.255411 2.20429 0.645997 14148
0 5 25 20.8553 0.248164 2.2917 0.583203 17811
0 5 26 21.7453 0.271743 2.53106 0.547282 15059
0 5 27 21.0449 0.253702 2.39507 0.51246 18397
0 5 28 21.2414 0.23329 2.18782 0.757139 21197
0 5 29 21.2234 0.286295 2.49671 0.481698 16903
0 5 30 21.7447 0.290912 2.47698 0.447214 17542
0 5 31 21.0102 0.261514 2.39787 0.544138 21975
0 5 32 21.4582 0.265102 2.46559 0.435905 19132
0 5 33 21.2568 0.246451 2.30011 0.520085 19484
0 5 34 21.0191 0.271061 2.52676 0.511495 18035
0 5 35 20.644 0.258169 2.35816 0.51347 24801
0 5 36 21.836 0.274454 2.39831 0.498941 19956
0 5 37 20.9217 0.249038 2.30606 0.522686 20337
0 5 38 21.1566 0.285273 2.48583 0.554621 23165
0 5 39 21.7404 0.284293 2.56621 0.547835 27661
0 5 40 22.1398 0.331019 2.55887 0.523855 19087
0 5 41 22.2217 0.312417 2.58621 0.529877 18864
0 5 42 22.1607 0.302003 2.56966 0.377268 18121
0 5 43 20.7381 0.269075 2.18897 0.699335 21742
0 5 44 21.1701 0.319524 2.472 0.521896 21973
0 5 45 28.4875 0.450807 3.67513 0.55092 9678
0 5 46 22.0408 0.324872 2.60712 0.55447 17832
0 5 47 21.3481 0.325203 2.57552 0.526492 27026
0 5 48 21.5063 0.245482 2.34755 0.643067 22239
0 5 49 21.1775 0.277019 2.42021 0.525738 20680
0 5 50 21.6485 0.281642 2.42337 0.558364 22702
0 5 51 21.8264 0.342966 2.68874 0.525778 25796
0 5 52 20.5536 0.273465 2.45144 0.383907 19650
0 5 53 21.4193 0.304719 2.63396 0.477814 24583
0 5 54 21.0944 0.293858 2.40002 0.546075 20587
0 5 55 20.4127 0.259561 2.34584 0.445787 23512
0 5 56 21.0317 0.321297 2.59476 0.415769 28509
0 5 57 20.7996 0.334884 2.5267 0.470444 26671
0 5 58 21.2699 0.281435 2.4542 0.464688 20471
0 5 59 20.9388 0.334397 2.68457 0.497581 20177
0 5 60 20.4968 0.321568 2.55241 0.470826 26304
0 5 61 20.1963 0.316206 2.52104 0.52234 24989
0 5 62 20.9423 0.32827 2.51476 0.524867 19318
0 5 63 21.1326 0.34164 2.60526 0.439931 20117
0 6 0 21.7915 0.431882 2.78877 0.25416 12553
0 6 1 22.1797 0.556207 2.93015 0.407161 10684
0 6 2 21.1535 0.383398 2.41065 0.401357 11752
0 6 3 20.9715 0.381268 2.36242 0.402362 8059
0 6 4 22.0895 0.414988 2.54346 0.275348 7607
0 6 5 21.5431 0.453282 2.62391 0.267896 8992
0 6 6 21.4991 0.40557 2.61684 0.295332 10553
0 6 7 21.9766 0.372146 2.7148 0.281442 6787
0 6 8 21.9608 0.496773 2.71356 0.299293 9153
0 6 9 21.089 0.375473 2.05763 0.783945 8731
0 6 10 22.1989 0.41777 2.70893 0.413195 7835
0 6 11 21.058 0.38618 2.42731 0.329291 8356
0 6 12 21.5402 0.356951 2.1843 0.433325 8665
0 6 13 21.2458 0.365827 2.27019 0.397477 6190
0 6 14 21.4142 0.481347 2.62818 0.271101 11170
0 6 15 21.6349 0.445804 2.59542 0.325509 7280
0 6 16 21.5151 0.426068 2.57857 0.389173 7728
0 6 17 21.3327 0.329163 2.33626 0.316064 9365
0 6 18 21.5166 0.390665 2.41626 0.550905 6777
0 6 19 21.6547 0.416714 2.57951 0.318833 5599
0 6 20 21.8714 0.418462 2.63487 0.314286 7923
0 6 21 21.3165 0.35966 2.37211 0.355843 9707
0 6 22 21.0284 0.340121 2.09798 0.495268 7492
0 6 23 21.1106 0.365951 2.29327 0.422629 8307
0 6 24 22.277 0.415656 2.47797 0.347581 9369
0 6 25 21.5559 0.407195 2.34614 0.525025 6784
0 6 26 21.4122 0.34968 2.40162 0.264362 11400
0 6 27 22.2031 0.436089 2.74254 0.304173 5777
0 6 28 21.2929 0.371266 2.12268 0.504287 6247
0 6 29 21.8876 0.383786 2.23137 0.536916 7752
0 6 30 21.8109 0.362669 2.48427 0.32184 6477
0 6 31 21.8938 0.377365 2.23821 0.367563 5840
0 6 32 22.1458 0.400381 2.32359 0.307626 5825
0 6 33 22.0294 0.398514 2.39745 0.427056 5277
0 6 34 21.8637 0.439421 2.59777 0.328775 9265
0 6 35 21.5037 0.388714 2.30137 0.440118 5035
0 6 36 21.4763 0.405056 2.42853 0.330917 6449
0 6 37 21.1494 0.403015 2.36827 0.396741 6535
0 6 38 22.4619 0.427187 2.50585 0.368244 4691
0 6 39 21.4777 0.4174 2.36822 0.605307 4838
0 6 40 22.3219 0.396555 2.37793 0.42801 5590
0 6 41 21.5 -2 0 0 4953
0 6 42 21.425 0.3877 2.33864 0.473019 5614
0 6 43 21.2382 0.364349 2.34213 0.374666 7500
0 6 44 20.9648 0.399768 2.43863 0.324161 4784
0 6 45 21.3001 0.428957 2.3803 0.508755 5759
0 6 46 21.6838 0.476936 2.61176 0.289025 8870
0 6 47 21.9995 0.44317 2.77886 0.453521 3112
0 6 48 21.2126 0.401443 2.30142 0.406577 5305
0 6 49 21.8555 0.465067 2.44213 0.4508 5506
0 6 50 21.9059 0.415458 2.39861 0.41457 4334
0 6 51 21.5 -2 0 0 5768
0 6 52 21.1331 0.420104 2.28332 0.39785 6849
0 6 53 21.5589 0.499261 2.89522 0.294293 3538
0 6 54 21.6861 0.481458 2.62739 0.331201 5214
0 6 55 21.8061 0.397361 2.66712 0.269856 5557
0 6 56 21.4182 0.482257 2.64077 0.393366 4311
0 6 57 20.4632 0.419336 2.41792 0.435454 5026
0 6 58 20.568 0.427317 2.06899 0.497279 4931
0 6 59 20.395 0.453557 2.48774 0.359531 6764
0 6 60 20.1575 0.431073 2.27943 0.401929 4737
0 6 61 20.3414 0.421101 2.34947 0.462724 5822
0 6 62 20.5486 0.438689 2.5529 0.32135 6310
0 6 63 21.5 -2 0 0 5637
0 7 0 20.7314 0.354739 2.32325 0.614026 6089
0 7 1 20.4143 0.337562 2.21593 0.307116 6207
0 7 2 20.9793 0.324643 2.23533 0.559515 6213
0 7 3 21.2094 0.367412 2.37446 0.393194 6761
0 7 4 21.0167 0.34583 2.36605 0.524238 5901
0 7 5 20.7347 0.298536 2.14312 0.584294 7084
0 7 6 19.8566 0.338161 2.23299 0.404122 6213
0 7 7 20.0752 0.360514 2.152 0.439891 7067
0 7 8 20.6301 0.345645 2.19305 0.410944 6628
0 7 9 21.0224 0.372872 2.2949 0.433758 5701
0 7 10 21.1271 0.348115 2.41309 0.512812 5409
0 7 11 20.9573 0.320435 2.33522 0.457045 7177
0 7 12 20.2164 0.337199 1.70073 0.787337 7265
0 7 13 21.1327 0.332401 2.37574 0.414063 7615
0 7 14 21.1461 0.379223 2.40134 0.58056 6222
0 7 15 21.0899 0.328703 2.28079 0.398244 8199
0 7 16 21.5 -2 0 0 5027
0 7 17 21.6906 0.320854 2.43366 0.517734 7075
0 7 18 21.1389 0.315093 2.24774 0.45003 7604
0 7 19 20.8666 0.309533 2.28161 0.51572 7656
0 7 20 21.4881 0.291228 2.25111 0.465253 7873
0 7 21 20.7387 0.359139 2.36754 0.443295 6478
0 7 22 21.4409 0.318135 2.16652 0.415157 6850
0 7 23 20.763 0.332237 2.32384 0.486575 8545
0 7 24 21.5578 0.316589 2.23723 0.496958 6644
0 7 25 21.1199 0.389876 2.55796 0.412208 8080
0 7 26 21.5361 0.34807 2.40724 0.458886 7772
0 7 27 21.8853 0.372291 2.44308 0.524829 8686
0 7 28 20.8941 0.325997 2.2387 0.487261 7979
0 7 29 21.4186 0.339178 2.33986 0.552871 8588
0 7 30 21.7166 0.349833 2.38206 0.423234 8383
0 7 31 21.8245 0.374611 2.4858 0.43559 8984
0 7 32 21.4779 0.354756 2.57246 0.383294 9293
0 7 33 21.7628 0.372201 2.51685 0.396344 8499
0 7 34 20.6325 0.38685 2.40472 0.408815 8916
0 7 35 21.4624 0.398925 2.65554 0.372298 10699
0 7 36 21.2273 0.392908 2.54145 0.39806 9413
0 7 37 20.8695 0.344859 2.28028 0.401744 10120
0 7 38 21.1417 0.401264 2.51813 0.374749 11398
0 7 39 21.6194 0.377517 2.59605 0.270362 14325
0 7 40 21.6616 0.404304 2.48381 0.640257 8667
0 7 41 20.612 0.333821 2.14028 0.588031 11154
0 7 42 21.3138 0.330052 2.35856 0.425703 11266
0 7 43 21.6617 0.42112 2.56882 0.47505 9396
0 7 44 21.024 0.339541 2.33035 0.342611 12295
0 7 45 21.1947 0.373979 2.39732 0.392054 12326
0 7 46 22.0694 0.38874 2.58554 0.398309 9329
0 7 47 22.3063 0.584243 2.99672 0.381384 13534
0 7 48 20.7361 0.36882 2.39076 0.390784 11336
0 7 49 21.8257 0.458542 2.54158 0.519695 9077
0 7 50 21.2148 0.347333 2.35723 0.428418 13210
0 7 51 20.9863 0.359392 2.43323 0.388631 14122
0 7 52 21.0591 0.382459 2.50689 0.457842 8970
0 7 53 21.3194 0.447823 2.60806 0.333019 14382
0 7 54 21.2779 0.340184 2.39133 0.442484 11922
0 7 55 20.2566 0.322176 2.26343 0.350605 13377
0 7 56 20.834 0.405669 2.53922 0.414231 14567
0 7 57 20.9751 0.389385 2.69496 0.370212 14082
0 7 58 21.5 -2 0 0 11795
0 7 59 20.0492 0.367962 2.32925 0.712552 10332
0 7 60 20.6218 0.473283 2.60908 0.432 14893
0 7 61 20.6981 0.478949 2.82276 0.342511 12804
0 7 62 20.7319 0.429193 2.65722 0.366227 11083
0 7 63 20.0318 0.399658 2.2528 0.531253 12202
0 8 0 20.6325 0.23926 2.23236 0.63281 9241
0 8 1 20.8354 0.251735 2.26712 0.51873 10419
0 8 2 20.4627 0.309351 2.32724 0.738015 9787
0 8 3 21.0063 0.261797 2.2492 0.580049 13444
0 8 4 20.7624 0.234456 2.20517 0.847036 13337
0 8 5 20.742 0.258984 2.29837 0.484117 11464
0 8 6 20.0464 0.258575 1.98125 0.708861 11558
0 8 7 20.781 0.344741 2.52371 0.482242 13135
0 8 8 20.2197 0.2514 2.07625 0.447581 6851
0 8 9 20.802 0.305277 2.444 0.447186 13157
0 8 10 21.5 -2 0 0 3677
0 8 11 21.2524 0.257044 2.27869 0.426415 12299
0 8 12 21.0159 0.339465 2.1169 0.348488 803
0 8 13 20.3659 0.265483 2.31711 0.388847 15602
0 8 14 20.9405 0.260276 2.29043 0.480879 10623
0 8 15 20.7609 0.271924 2.37684 0.397586 13684
0 8 16 20.924 0.288855 2.49982 0.5134 12402
0 8 17 20.0366 0.246376 1.88759 0.796207 12180
0 8 18 21.5 -2 0 0 14244
0 8 19 21.0625 0.271612 2.33704 0.420361 15317
0 8 20 21.2268 0.274807 2.31474 0.480824 11888
0 8 21 20.7881 0.254115 2.19174 0.684861 12489
0 8 22 20.7236 0.254859 2.282 0.49298 11069
0 8 23 20.873 0.281552 2.34963 0.532477 12941
0 8 24 21.3226 0.285004 2.34806 0.453181 11659
0 8 25 20.2889 0.261542 2.33693 0.420664 17752
0 8 26 21.5 -2 0 0 11556
0 8 27 20.9343 0.25712 2.25018 0.634781 13856
0 8 28 20.7985 0.257923 2.15216 0.539704 16512
0 8 29 21.5603 0.269032 2.41261 0.489441 13203
0 8 30 20.8846 0.277994 2.33667 0.524601 12932
0 8 31 21.4683 0.338591 2.53405 0.53979 17510
0 8 32 20.5737 0.269639 2.32274 0.465871 18500
0 8 33 21.1988 0.269922 2.27717 0.423326 15496
0 8 34 21.0902 0.273903 2.477 0.538795 13925
0 8 35 20.658 0.300553 2.41557 0.372837 22720
0 8 36 21.0597 0.269493 2.28915 0.694363 14991
0 8 37 21.0732 0.277778 2.38481 0.48262 13407
0 8 38 20.8237 0.293878 2.41044 0.53589 24376
0 8 39 21.6113 0.326758 2.58929 0.509309 21147
0 8 40 21.4521 0.308944 2.4481 0.47672 8779
0 8 41 21.3084 0.2685 2.30636 0.543636 18246
0 8 42 21.0356 0.293638 2.3927 0.56323 12250
0 8 43 20.848 0.278199 2.35374 0.482602 13266
0 8 44 20.7192 0.27502 2.24417 0.633655 19660
0 8 45 20.7488 0.290014 2.30673 0.457047 18761
0 8 46 21.1186 0.294014 2.38077 0.610983 11917
0 8 47 21.5492 0.338902 2.64548 0.427096 28821
0 8 48 20.9026 0.292023 2.38611 0.473486 12817
0 8 49 20.6937 0.281903 2.192 0.809656 13258
0 8 50 21.5 -2 0 0 17335
0 8 51 21.7194 0.352568 2.60939 0.549407 17513
0 8 52 21.3 0.274045 2.39266 0.536266 12962
0 8 53 20.9514 0.319253 2.60874 0.398306 20731
0 8 54 20.4469 0.289897 2.3312 0.417144 17717
0 8 55 19.8029 0.275979 2.3751 0.394358 17050
0 8 56 20.6204 0.301068 2.38801 0.616694 19823
0 8 57 20.5849 0.313114 2.46082 0.830237 19803
0 8 58 21.1645 0.340123 2.59926 0.568199 13563
0 8 59 20.757 0.294139 2.48749 0.446737 13121
0 8 60 20.7096 0.337214 2.57386 0.49467 19850
0 8 61 19.9919 0.316965 2.62319 0.530717 14569
0 8 62 20.5785 0.337624 2.55158 0.49958 14280
0 8 63 20.3811 0.344876 2.55419 0.440206 14592
0 9 0 24.0304 0.624003 3.19458 0.407586 9733
0 9 1 22.7861 0.807106 2.98722 0.503187 9646
0 9 2 23.1748 0.609851 2.89578 0.453525 8001
0 9 3 22.2814 0.541041 2.69559 0.508325 6050
0 9 4 21.8517 0.558333 2.62408 0.550197 4277
0 9 5 21.9289 0.445483 2.66496 0.39753 5911
0 9 6 21.8381 0.44137 2.59347 0.541637 8318
0 9 7 22.0357 0.426913 2.68697 0.515303 5377
0 9 8 22.0844 0.464482 2.71461 0.394369 7440
0 9 9 22.9685 0.459291 2.91515 0.474674 6472
0 9 10 21.9475 0.446594 2.62234 0.578431 5107
0 9 11 22.0047 0.414988 2.64324 0.612206 6937
0 9 12 22.0814 0.394099 2.4871 0.525034 5477
0 9 13 21.3626 0.472471 2.69899 0.472888 5189
0 9 14 22.1095 0.441151 2.48017 0.417358 10275
0 9 15 22.3915 0.479953 2.64069 0.531242 4776
0 9 16 22.3471 0.556763 2.64069 0.62365 4772
0 9 17 22.0575 0.462275 2.61763 0.49373 7881
0 9 18 22.1317 0.434401 2.58721 0.452324 5138
0 9 19 21.2956 0.336033 2.25973 0.555778 4527
0 9 20 21.5 -2 0 0 3315
0 9 21 21.5 -2 0 0 7310
0 9 22 22.6343 0.478138 2.7499 0.405556 5552
0 9 23 21.5 -2 0 0 4009
0 9 24 21.65 0.356047 2.31988 0.409186 9208
0 9 25 22.1963 0.404012 2.51375 0.595906 4220
0 9 26 23.0471 0.548241 2.94433 0.505349 7861
0 9 27 22.5969 0.480663 2.81816 0.551483 3681
0 9 28 21.4988 0.357994 2.24434 0.563711 4733
0 9 29 22.4333 0.502208 2.66898 0.440311 5744
0 9 30 22.6636 0.579364 2.66526 0.526954 3267
0 9 31 21.6752 0.37947 2.4405 0.532562 4654
0 9 32 21.3375 0.357933 2.41813 0.393172 4399
0 9 33 23.0485 0.503082 2.89364 0.575837 2338
0 9 34 22.7688 0.456793 2.68029 0.38547 8025
0 9 35 21.9527 0.336542 2.3453 0.584553 4373
0 9 36 22.4259 0.544067 2.95568 0.543466 2556
0 9 37 22.2592 0.377105 2.53931 0.542713 3601
0 9 38 21.8806 0.396479 2.55041 0.474519 3967
0 9 39 22.5841 0.560821 2.88897 0.440462 3924
0 9 40 22.6233 0.496364 2.7856 0.486536 2999
0 9 41 21.9622 0.444853 2.48317 0.602138 3386
0 9 42 22.9603 0.536106 2.7355 0.550341 3285
0 9 43 22.8169 0.580765 2.88955 0.524075 5575
0 9 44 21.8461 0.455175 2.38589 0.595883 2523
0 9 45 21.2191 0.352314 2.38188 0.491244 3546
0 9 46 22.3092 0.504348 2.84894 0.460134 6801
0 9 47 22.3462 0.506053 2.71877 0.544905 2993
0 9 48 21.9727 0.536804 2.75253 0.431966 4290
0 9 49 22.2745 0.448504 2.62602 0.526367 3853
0 9 50 21.5 -2 0 0 4200
0 9 51 22.361 0.731914 3.00158 0.57269 4622
0 9 52 22.5096 0.424341 2.75127 0.560962 5411
0 9 53 21.4989 0.634327 2.60681 0.543561 2993
0 9 54 21.2101 0.413874 2.45699 0.602774 4021
0 9 55 21.281 0.461755 2.52724 0.505785 5360
0 9 56 22.1888 0.553306 2.63173 0.529526 3505
0 9 57 21.4869 0.431418 2.53718 0.458763 4731
0 9 58 21.9077 0.521464 2.82573 0.388322 2993
0 9 59 21.7123 0.464578 2.75215 0.617704 6680
0 9 60 21.0625 0.523046 2.39878 0.556624 3915
0 9 61 21.6253 0.531291 2.95738 0.351134 5214
0 9 62 21.5592 0.488073 2.64572 0.573111 5695
0 9 63 21.076 0.463106 2.59889 0.460684 4412
0 10 0 22.5091 0.430545 2.90257 0.595094 12822
0 10 1 22.9047 0.469901 2.88498 0.659838 12825
0 10 2 22.9986 0.386702 2.81527 0.548699 14385
0 10 3 22.1315 0.394219 2.50326 0.573356 18389
0 10 4 22.7802 0.389643 2.98585 0.532113 15273
0 10 5 22.7013 0.375134 2.74068 0.413836 14671
0 10 6 22.2364 0.36988 2.78571 0.557264 14341
0 10 7 22.4867 0.34903 2.82315 0.557709 21392
0 10 8 23.2203 0.377284 2.99764 0.402413 12519
0 10 9 23.6546 0.451946 3.12029 0.533367 14754
0 10 10 22.5571 0.384457 2.69568 0.529301 17175
0 10 11 21.7324 0.339597 2.95923 0.551131 15553
0 10 12 22.0448 0.32752 2.63336 1.14155 16311
0 10 13 22.1877 0.293426 2.66835 0.440841 19729
0 10 14 23.1189 0.478642 2.89971 0.651688 13285
0 10 15 22.8289 0.393765 2.91037 0.493272 15859
0 10 16 24.3204 0.559194 3.4396 0.528705 17206
0 10 17 22.9182 0.352051 2.65367 0.497405 12839
0 10 18 23.9769 0.60438 3.37826 0.53584 14827
0 10 19 22.8963 0.396775 2.94765 0.480286 18729
0 10 20 22.9474 0.398308 2.79147 0.57294 12802
0 10 21 23.342 0.433247 3.13294 0.470006 14645
0 10 22 23.9509 0.59003 3.02392 0.562108 15648
0 10 23 23.5939 0.496921 2.93032 0.572868 13677
0 10 24 23.2764 0.429428 2.74582 0.524187 13460
0 10 25 23.4769 0.475461 2.95805 0.562647 20901
0 10 26 23.8014 0.52888 3.1821 0.694336 12847
0 10 27 23.9705 0.400951 3.20525 0.381667 15045
0 10 28 22.5335 0.408888 2.51808 0.553976 17145
0 10 29 23.3594 0.321938 2.91372 0.699925 13301
0 10 30 23.1024 0.354122 2.90905 0.413865 12374
0 10 31 23.2132 0.375343 2.84702 0.525099 20768
0 10 32 23.1055 0.360982 2.88266 0.446811 16757
0 10 33 24.0003 0.372563 2.82918 0.435447 15439
0 10 34 22.7512 0.408055 2.71085 0.482305 14330
0 10 35 23.7998 0.451117 3.28816 0.417219 21706
0 10 36 22.7993 0.47297 2.80215 0.607108 15056
0 10 37 22.9217 0.3777 2.60296 0.77394 13062
0 10 38 23.0005 0.35735 2.94919 0.518065 22752
0 10 39 23.8895 0.432519 3.05802 0.538093 16002
0 10 40 23.5977 0.529633 2.92132 0.701629 13284
0 10 41 23.182 0.376244 2.96926 0.472969 16494
0 10 42 22.9084 0.393785 2.76351 0.467405 17795
0 10 43 22.8064 0.438965 2.72118 0.655735 14964
0 10 44 23.2605 0.402833 2.99838 0.407132 19150
0 10 45 22.8938 0.466468 2.78588 0.52458 17723
0 10 46 22.3397 0.377431 2.87993 0.463629 13094
0 10 47 22.8997 0.420589 2.95919 0.507573 20478
0 10 48 23.5299 0.414611 2.97538 0.572079 13815
0 10 49 22.8587 0.372149 3.03867 0.435021 14547
0 10 50 23.404 0.408339 3.17415 0.500897 19241
0 10 51 24.9813 0.526413 3.70935 0.68147 13211
0 10 52 22.057 0.334867 2.68953 0.853379 15534
0 10 53 23.2191 0.399701 3.25718 0.455302 18125
0 10 54 22.4156 0.381698 2.85035 0.44943 18656
0 10 55 23.3198 0.39098 3.06494 0.547338 13632
0 10 56 22.644 0.378671 2.89055 0.538252 16778
0 10 57 22.4467 0.433216 3.02732 0.476942 15206
0 10 58 21.9871 0.341549 2.80219 0.506135 15202
0 10 59 22.7626 0.388695 3.10053 0.410243 12141
0 10 60 23.4786 0.51329 3.00709 0.566798 17008
0 10 61 22.5639 0.462237 2.9309 0.782585 15883
0 10 62 21.4261 0.388915 2.93115 0.361256 15119
0 10 63 22.1994 0.403165 2.88998 0.536894 14670
0 11 0 21.4378 0.351108 2.74543 0.366852 17769
0 11 1 20.9247 0.352959 2.5707 0.483976 16209
0 11 2 20.5573 0.329126 2.42257 0.46052 15077
0 11 3 20.7687 0.303252 2.23375 0.511779 10334
0 11 4 20.8501 0.300489 2.24131 0.964466 10627
0 11 5 20.6814 0.299095 2.29773 0.652192 13040
0 11 6 20.2194 0.305512 2.41983 0.640768 12174
0 11 7 20.0586 0.265197 2.26014 0.419453 8113
0 11 8 20.6041 0.291831 2.35908 0.431916 12624
0 11 9 20.9382 0.298417 2.32368 0.644365 9507
0 11 10 21.3014 0.335166 2.46066 0.645983 9334
0 11 11 20.3554 0.268767 2.25907 0.391423 13963
0 11 12 20.3404 0.317642 2.04302 0.728106 12271
0 11 13 20.5039 0.269334 2.26943 0.572374 10464
0 11 14 20.977 0.324857 2.38048 0.506208 17230
0 11 15 20.5496 0.308077 2.25978 0.436384 10774
0 11 16 20.9172 0.292369 2.333 0.875549 7419
0 11 17 21.3575 0.386082 2.48543 0.453859 14640
0 11 18 20.9548 0.329718 2.43399 0.447995 11654
0 11 19 20.4619 0.262425 2.29351 0.48038 9165
0 11 20 21.2002 0.295835 2.33375 0.568653 10365
0 11 21 21.5044 0.338322 2.50274 0.530103 11020
0 11 22 20.8707 0.263431 2.14444 0.62511 9166
0 11 23 21.2272 0.310584 2.44884 0.483787 13732
0 11 24 20.8178 0.313636 2.36452 0.422046 15951
0 11 25 21.4 0.32521 2.4055 0.399413 8837
0 11 26 21.0019 0.28802 2.34669 0.415475 18997
0 11 27 21.2919 0.28853 2.29667 0.598106 9907
0 11 28 21.0631 0.28822 2.17723 0.659809 9719
0 11 29 22.0133 0.367686 2.6226 0.431029 14063
0 11 30 21.5283 0.319917 2.35588 0.826114 9014
0 11 31 20.5322 0.313352 2.3332 0.508367 8871
0 11 32 21.2575 0.317577 2.45323 0.405303 9398
0 11 33 22.5979 0.429524 2.71863 0.468751 8820
0 11 34 21.5619 0.373188 2.56516 0.486885 17737
0 11 35 20.9211 0.30392 2.39075 0.427214 7857
0 11 36 21.7717 0.33983 2.51913 0.506314 9740
0 11 37 21.2054 0.345629 2.38743 0.641686 11362
0 11 38 21.6241 0.355507 2.52038 0.651603 7560
0 11 39 21.9022 0.381145 2.7435 0.474286 9265
0 11 40 21.1453 0.324639 2.41555 0.483595 9716
0 11 41 20.8779 0.2797 2.23812 0.791816 9306
0 11 42 21.5709 0.353562 2.37195 0.504549 10266
0 11 43 20.9276 0.280185 2.27845 0.396695 14006
0 11 44 22.1066 0.312514 2.52462 0.655123 7727
0 11 45 20.8437 0.290147 2.43105 0.334559 10175
0 11 46 20.8909 0.305864 2.40286 0.589281 18028
0 11 47 20.7795 0.330021 2.29484 0.539018 7993
0 11 48 20.8684 0.34321 2.47244 0.410566 11152
0 11 49 21.2962 0.340043 2.40902 0.530454 11971
0 11 50 20.756 0.333714 2.41223 0.556566 9742
0 11 51 21.1526 0.339761 2.57459 0.538262 13833
0 11 52 21.4736 0.349629 2.42991 0.483785 13205
0 11 53 20.3139 0.364054 2.3945 0.619802 7788
0 11 54 20.7729 0.323758 2.4185 0.482291 10280
0 11 55 20.4837 0.364642 2.49674 0.39048 14232
0 11 56 20.2882 0.327738 2.41114 0.527628 11715
0 11 57 21.2857 0.382793 2.65239 0.499781 11716
0 11 58 20.2628 0.314774 2.3141 0.756015 11145
0 11 59 21.0259 0.406906 2.77986 0.44715 15417
0 11 60 20.4041 0.350454 2.34356 0.630644 9126
0 11 61 21.1514 0.498747 2.83512 0.575263 13848
0 11 62 19.9467 0.351937 2.49263 0.593811 16533
0 11 63 19.9059 0.329567 2.30655 0.688743 13195
0 12 0 20.1494 0.261069 2.47855 0.490522 22246
0 12 1 20.6881 0.271582 2.42071 0.405698 23218
0 12 2 19.9573 0.242936 2.43705 0.518659 23824
0 12 3 20.3381 0.250375 2.31168 0.572993 24398
0 12 4 20.5421 0.251617 2.38686 0.527636 19239
0 12 5 20.4584 0.236609 2.21173 0.444619 23085
0 12 6 20.8417 0.275873 2.50138 0.439491 24627
0 12 7 19.9599 0.247526 2.3263 0.451779 28047
0 12 8 20.3016 0.228193 2.33731 0.480574 21550
0 12 9 20.248 0.26234 2.40828 0.480294 28468
0 12 10 20.6627 0.265254 2.48968 0.526204 27265
0 12 11 20.8291 0.250244 2.38053 0.585678 18884
0 12 12 20.3096 0.250644 2.29025 0.501751 22909
0 12 13 21.3413 0.264098 2.44857 0.49103 20203
0 12 14 20.9524 0.252093 2.36747 0.490397 17978
0 12 15 20.5892 0.230348 2.3167 0.445677 23062
0 12 16 21.4338 0.288044 2.6142 0.465003 29490
0 12 17 21.1829 0.278085 2.47348 0.563386 17685
0 12 18 20.5116 0.235993 2.21673 0.585045 21285
0 12 19 21.0551 0.236604 2.42653 0.415155 25080
0 12 20 20.7326 0.235859 2.33067 0.846089 17286
0 12 21 20.987 0.27555 2.55492 0.507963 26801
0 12 22 20.7919 0.240843 2.26239 0.474874 23116
0 12 23 20.7617 0.250027 2.35566 0.541654 17092
0 12 24 20.7158 0.238237 2.19123 0.602383 20918
0 12 25 20.7026 0.254817 2.32143 0.530195 26148
0 12 26 20.8354 0.251929 2.44624 0.474211 19801
0 12 27 20.7391 0.241527 2.18352 0.573213 19385
0 12 28 20.4715 0.239476 2.04873 0.668406 22203
0 12 29 21.4048 0.276872 2.51225 0.507904 15754
0 12 30 20.7943 0.248142 2.30785 0.522714 18786
0 12 31 21.5464 0.251914 2.46906 0.429671 22433
0 12 32 20.8209 0.282263 2.41327 0.509102 20509
0 12 33 21.2259 0.26022 2.37551 0.583329 17823
0 12 34 21.1027 0.261735 2.40891 0.581907 15986
0 12 35 21.0684 0.283474 2.43957 0.555502 20502
0 12 36 21.4867 0.262719 2.39122 0.580511 15893
0 12 37 21.1218 0.255807 2.33646 0.706301 15518
0 12 38 20.6307 0.256928 2.331 0.396227 20050
0 12 39 21.269 0.284939 2.51736 0.598153 14775
0 12 40 20.322 0.23128 2.21154 0.623768 18536
0 12 41 20.7314 0.232399 2.33511 0.503374 19311
0 12 42 21.0529 0.242346 2.34286 0.55546 14812
0 12 43 21.2547 0.250864 2.35788 0.449516 14908
0 12 44 20.5188 0.247332 2.24459 0.60079 17737
0 12 45 20.3691 0.253267 2.33831 0.496652 17779
0 12 46 20.8235 0.253162 2.37346 0.487492 15586
0 12 47 20.868 0.283635 2.5286 0.685867 17299
0 12 48 20.8572 0.257345 2.37068 0.524684 17508
0 12 49 20.5874 0.262909 2.37436 0.496664 14785
0 12 50 20.2864 0.229684 2.1487 0.545617 17563
0 12 51 21.392 0.280446 2.48925 0.681098 11033
0 12 52 20.5455 0.243968 2.33732 0.558056 15185
0 12 53 20.5023 0.294877 2.42443 0.48136 17129
0 12 54 20.5105 0.23029 2.14554 0.749408 16241
0 12 55 19.8733 0.253462 2.2511 0.581574 12866
0 12 56 20.1664 0.268811 2.29382 0.683439 13386
0 12 57 20.3966 0.271752 2.37704 0.630856 13372
0 12 58 20.3484 0.233505 2.2282 0.535536 14377
0 12 59 20.0267 0.276962 2.41838 0.607797 14277
0 12 60 20.0025 0.289284 2.36725 0.663487 15500
0 12 61 20.3635 0.281332 2.4235 0.709365 11581
0 12 62 19.9147 0.282599 2.40076 0.601705 12884
0 12 63 19.4645 0.261333 2.00278 0.845321 14169
0 13 0 23.0198 0.500706 2.85464 0.370154 8703
0 13 1 24.4655 0.644282 3.17127 0.403423 6870
0 13 2 23.5091 0.454938 2.81643 0.447526 6903
0 13 3 23.2985 0.447834 2.75679 0.463368 5597
0 13 4 23.6434 0.516373 2.87249 0.391157 6103
0 13 5 22.5137 0.39343 2.67928 0.534275 7170
0 13 6 23.6633 0.536082 2.99097 0.342987 5998
0 13 7 22.1161 0.444199 2.52614 0.485849 4141
0 13 8 23.1305 0.48536 2.91483 0.407695 7359
0 13 9 22.823 0.35629 2.38721 0.829356 5462
0 13 10 22.5958 0.421527 2.70277 0.43584 5383
0 13 11 22.4386 0.415202 2.62309 0.531469 7512
0 13 12 23.059 0.478316 2.63191 0.48838 5928
0 13 13 22.6461 0.478195 2.64525 0.535795 5284
0 13 14 22.9015 0.495353 2.72454 0.377854 9849
0 13 15 21.5 -2 0 0 6294
0 13 16 22.768 0.527717 2.87313 0.511294 4917
0 13 17 23.2895 0.486231 2.86782 0.369254 8240
0 13 18 24.231 0.461407 2.81362 0.50093 5708
0 13 19 22.503 0.441432 2.72443 0.44037 4640
0 13 20 23.4687 0.478419 2.86754 0.424199 6460
0 13 21 23.2679 0.462341 2.57248 0.497831 6130
0 13 22 22.907 0.459346 2.65401 0.566376 5340
0 13 23 23.3166 0.453825 2.71437 0.464286 6837
0 13 24 23.3968 0.500025 2.80827 0.454896 7237
0 13 25 22.3274 0.363106 2.36888 0.552274 5449
0 13 26 23.5945 0.48154 2.82812 0.479052 9532
0 13 27 22.5978 0.369995 2.32167 0.452932 6941
0 13 28 22.5229 0.413931 2.65075 0.38779 5647
0 13 29 23.2422 0.47029 2.72615 0.477313 8603
0 13 30 24.1116 0.464151 2.78893 0.402036 5951
0 13 31 23.2415 0.420061 2.36655 0.542342 5218
0 13 32 23.9973 0.448986 2.71444 0.367467 5129
0 13 33 21.5 -2 0 0 6467
0 13 34 23.8245 0.58274 2.91932 0.328839 10353
0 13 35 23.7377 0.532817 2.90424 0.41714 5178
0 13 36 23.5535 0.443486 2.60404 0.468224 6840
0 13 37 22.9687 0.382064 2.47919 0.511639 7181
0 13 38 22.0307 0.364065 2.40711 0.554823 6021
0 13 39 22.7533 0.412089 2.48066 0.401749 10773
0 13 40 24.2108 0.513767 2.88103 0.446269 6688
0 13 41 23.1134 0.399208 2.52575 0.430719 6418
0 13 42 22.4898 0.422063 2.55435 0.402458 9242
0 13 43 22.6475 0.414454 2.57495 0.351534 9720
0 13 44 22.6198 0.356068 2.40654 0.491885 7240
0 13 45 22.6889 0.441245 2.4824 0.580559 7308
0 13 46 22.8045 0.513227 2.86443 0.423358 12547
0 13 47 23.4767 0.473697 2.78009 0.454658 6235
0 13 48 22.425 0.40383 2.30707 0.50447 7749
0 13 49 22.9266 0.435684 2.67321 0.349743 9894
0 13 50 21.7942 0.3676 2.42025 0.605909 8692
0 13 51 22.7153 0.519587 2.82981 0.459483 13725
0 13 52 23.0923 0.523327 2.89815 0.438273 11265
0 13 53 23.0389 0.46202 2.69812 0.325503 7515
0 13 54 22.2197 0.484853 2.6832 0.468527 9163
0 13 55 22.3467 0.468781 3.16593 0.281895 12728
0 13 56 22.4203 0.44322 2.74525 0.439999 11034
0 13 57 22.4732 0.490701 2.63879 0.476308 12237
0 13 58 22.6051 0.429442 2.56053 0.551717 9001
0 13 59 22.6642 0.544126 2.72272 0.379441 13320
0 13 60 22.7737 0.524652 2.86072 0.621268 7635
0 13 61 22.7487 0.556245 3.06699 0.39478 14310
0 13 62 22.7505 0.685476 3.18465 0.307441 13710
0 13 63 21.7137 0.458121 2.61746 0.456564 10196
0 14 0 20.4471 0.350162 2.26952 0.541825 10711
0 14 1 20.8304 0.333572 2.35698 0.385067 11000
0 14 2 20.7742 0.405221 2.47442 0.393786 12041
0 14 3 20.6366 0.299553 2.2075 0.43693 11116
0 14 4 20.6641 0.413196 2.65533 0.414574 9274
0 14 5 20.326 0.328597 2.39778 0.412647 11276
0 14 6 20.4563 0.368943 2.43087 0.351052 12547
0 14 7 20.245 0.325588 2.2354 0.569272 13235
0 14 8 20.6153 0.349345 2.20572 0.442626 10499
0 14 9 20.6719 0.362204 2.47414 0.403818 13914
0 14 10 20.8174 0.36265 2.47903 0.30934 14527
0 14 11 20.3934 0.350814 2.12559 0.639692 8869
0 14 12 20.8959 0.359459 2.2963 0.470249 10423
0 14 13 21.5 -2 0 0 10878
0 14 14 20.915 0.337561 2.43995 0.374928 9315
0 14 15 20.5184 0.3155 2.08133 0.549711 9796
0 14 16 20.7009 0.384887 2.4519 0.440258 15656
0 14 17 20.7827 0.384861 2.41162 0.457522 7893
0 14 18 20.417 0.337558 2.20046 0.359036 10525
0 14 19 20.4241 0.383288 2.44579 0.301266 12689
0 14 20 20.7413 0.333127 2.31541 0.426237 8505
0 14 21 20.6464 0.370461 2.59102 0.354963 13769
0 14 22 20.491 0.324588 2.23234 0.329068 11547
0 14 23 20.3591 0.332043 2.12287 0.595234 8047
0 14 24 20.7163 0.298872 2.0969 0.477091 9848
0 14 25 20.2255 0.361569 2.42308 0.383038 11964
0 14 26 20.94 0.329975 2.25803 0.429011 8390
0 14 27 21.1745 0.377892 2.42313 0.338339 8292
0 14 28 20.4117 0.379468 2.30668 0.456771 9324
0 14 29 20.3093 0.357076 2.17655 0.418616 7551
0 14 30 21.0898 0.310623 2.2513 0.560462 8187
0 14 31 20.7471 0.335267 2.23013 0.455625 9400
0 14 32 21.0485 0.339608 2.10978 0.510817 7625
0 14 33 20.6369 0.361479 2.17338 0.583992 7810
0 14 34 20.7534 0.337462 2.26354 0.326598 7915
0 14 35 20.5832 0.341986 2.08575 0.721464 8273
0 14 36 20.6882 0.366526 2.2284 0.499612 6919
0 14 37 20.375 0.322984 2.19265 0.498827 6885
0 14 38 21.0286 0.400096 2.56537 0.340399 7206
0 14 39 19.662 0.3444 2.1331 0.378838 6179
0 14 40 20.642 0.342037 2.07603 0.487483 7433
0 14 41 20.7182 0.307123 2.13282 0.580882 7581
0 14 42 20.7721 0.369931 2.18415 0.52419 6675
0 14 43 21.1811 0.412592 2.36047 0.551238 5296
0 14 44 20.3933 0.334317 1.82297 0.566227 7522
0 14 45 20.5638 0.367659 2.06655 0.415508 6916
0 14 46 22.3357 0.678011 2.85274 0.883986 3491
0 14 47 21.0946 0.411171 2.43943 0.415129 4553
0 14 48 20.6766 0.430746 1.89397 0.829247 6665
0 14 49 20.6486 0.387845 2.44272 0.326513 6399
0 14 50 20.4961 0.339278 1.91692 0.633373 6546
0 14 51 20.3863 0.419112 2.19842 0.579294 4171
0 14 52 20.4181 0.398078 2.06647 0.559275 6135
0 14 53 20.1543 0.406875 2.40096 0.386742 5433
0 14 54 21.0028 0.381514 2.38345 0.390985 6193
0 14 55 20.4745 0.409869 2.29821 0.503245 5004
0 14 56 21.5 -2 0 0 6001
0 14 57 19.5914 0.388248 2.26829 0.491836 5724
0 14 58 19.72 0.399654 2.21336 0.507957 5893
0 14 59 19.7517 0.354788 2.2029 0.660311 6184
0 14 60 19.4593 0.366935 2.27416 0.430576 5678
0 14 61 19.9973 0.465047 2.82438 0.473586 4741
0 14 62 21.0853 0.520037 3.28932 0.305427 9128
0 14 63 19.8923 0.399437 2.25363 0.423991 6112
0 15 0 20.2147 0.486305 2.60134 0.487512 4836
0 15 1 21.7412 0.521915 2.70074 0.449995 3234
0 15 2 23.3615 0.894502 2.00958 0.437582 1910
0 15 3 26.4064 1.15557 1.1438 0.22849 987
0 15 4 21.3151 0.474524 2.74822 0.426793 8597
0 15 5 21.5 -2 0 0 4031
0 15 6 23.3393 0.834037 2.31521 0.471038 1719
0 15 7 20.4943 0.41653 2.27158 0.322005 3662
0 15 8 20.5459 0.470428 2.41764 0.356885 4597
0 15 9 0 -10 0 0 0
0 15 10 22.3758 0.47263 2.86027 0.258306 5163
0 15 11 0 -10 0 0 0
0 15 12 21.8285 0.666288 2.32043 0.310828 2290
0 15 13 19.6629 0.367166 2.0256 0.331607 4967
0 15 14 0 -10 0 0 0
0 15 15 20.1889 0.412508 2.06967 0.30896 5427
0 15 16 20.4366 0.394463 2.37538 0.352167 2932
0 15 17 21.5911 0.476921 2.70268 0.329139 4081
0 15 18 20.0468 0.373556 1.90931 0.340406 4793
0 15 19 20.1567 0.373814 1.84435 0.434458 4069
0 15 20 21.4691 0.404923 2.44465 0.401219 4400
0 15 21 20.9173 0.447685 2.56214 0.354228 3924
0 15 22 23.0253 0.694216 2.26342 0.366783 2375
0 15 23 21.9596 0.451018 2.43887 0.306687 4892
0 15 24 21.5 -2 0 0 6336
0 15 25 20.2404 0.439474 2.03369 0.383823 4229
0 15 26 21.0425 0.412732 2.40891 0.466795 4913
0 15 27 20.6594 0.438282 2.20876 0.41123 2591
0 15 28 20.2006 0.41863 1.94578 0.378547 4591
0 15 29 16.8354 0.284884 0.330165 0.232028 1191
0 15 30 21.7958 0.443139 2.30154 0.332871 5392
0 15 31 21.1665 0.412927 2.11924 0.433018 4348
0 15 32 20.8902 0.440477 1.77417 0.610957 5395
0 15 33 21.2989 0.411994 2.21124 0.427553 4595
0 15 34 16.7554 0.657616 0.538155 0.254669 891
0 15 35 21.1638 0.372836 2.11755 0.466802 5005
0 15 36 20.7072 0.441652 2.47073 0.331507 4403
0 15 37 20.8246 0.405182 2.112 0.314513 6569
0 15 38 20.7679 0.372232 2.12359 0.370165 4729
0 15 39 21.2424 0.395569 2.51365 0.323742 7207
0 15 40 20.837 0.403012 2.32845 0.323162 5368
0 15 41 20.3526 0.383034 2.00309 0.316456 5703
0 15 42 27.7383 1.85149 1.01286 0.653613 4211
0 15 43 20.5105 0.420544 2.16702 0.376973 6198
0 15 44 20.3989 0.38323 1.95258 0.357563 5901
0 15 45 20.7164 0.368988 2.20788 0.375438 5618
0 15 46 21.0451 0.396579 2.47451 0.323483 6574
0 15 47 20.3341 0.404326 2.23829 0.430094 5732
0 15 48 0 -10 0 0 0
0 15 49 23.174 1.31443 0.885554 0.512743 1926
0 15 50 19.9071 0.463832 2.18474 0.381515 6615
0 15 51 20.5293 0.418381 2.1768 0.511864 9981
0 15 52 19.9342 0.41921 2.21531 0.300428 7633
0 15 53 20.7938 0.527299 2.31675 0.324235 6347
0 15 54 19.9085 0.39045 2.1782 0.309669 6840
0 15 55 19.7413 0.440597 2.06053 0.262756 8153
0 15 56 20.0075 0.424854 2.29834 0.390636 8371
0 15 57 19.7522 0.515928 2.6059 0.243197 9262
0 15 58 19.7946 0.394773 2.27352 0.305384 6483
0 15 59 19.64 0.463722 2.24864 0.320025 8131
0 15 60 20.0049 0.516076 2.47143 0.377774 6520
0 15 61 19.6888 0.418572 2.05441 0.607776 9566
0 15 62 19.4088 0.796309 2.46358 0.243404 8317
0 15 63 19.9394 0.493663 2.33115 0.336295 7037
1 0 0 22.0347 0.378903 2.92437 0.704989 22536
1 0 1 22.0282 0.28763 2.76537 0.533006 12268
1 0 2 22.5054 0.285914 2.76964 0.669049 11107
1 0 3 21.3846 0.25576 2.52901 0.600489 10141
1 0 4 21.4305 0.264803 2.57537 0.591844 11465
1 0 5 22.3671 0.273722 2.79021 0.495191 10201
1 0 6 20.8758 0.255702 2.61597 0.628261 12093
1 0 7 21.5979 0.268293 2.60147 0.696929 10166
1 0 8 21.9842 0.278483 2.67266 0.492656 13462
1 0 9 21.3919 0.269786 2.67168 0.848951 10291
1 0 10 22.1624 0.28056 2.61544 0.532123 9588
1 0 11 21.8166 0.273914 2.54358 0.543695 15001
1 0 12 22.9052 0.318435 2.95239 0.605119 9847
1 0 13 22.2459 0.295041 2.69978 0.602329 10240
1 0 14 21.8106 0.325127 2.9124 0.59616 15516
1 0 15 20.7889 0.235232 2.35445 0.758886 11213
1 0 16 22.0794 0.321948 2.74231 0.696267 10569
1 0 17 21.5729 0.254879 2.57852 0.431993 16390
1 0 18 21.0272 0.259503 2.44211 0.508163 9342
1 0 19 21.4861 0.257475 2.5408 0.667412 13046
1 0 20 22.4906 0.373951 2.72918 0.71452 9645
1 0 21 22.6586 0.286877 2.6718 0.699123 11165
1 0 22 21.6257 0.257073 2.32022 0.835789 10898
1 0 23 22.8542 0.335427 2.83522 0.601543 14342
1 0 24 21.7508 0.302422 2.29769 0.904647 13238
1 0 25 22.4625 0.276852 2.61212 0.612094 13511
1 0 26 21.8911 0.257636 2.62352 0.551379 16544
1 0 27 22.2915 0.289253 2.70038 0.539754 11279
1 0 28 21.4431 0.280011 2.50551 0.774774 10291
1 0 29 22.3114 0.295111 2.67131 0.793469 16249
1 0 30 21.4005 0.288536 2.6222 0.539011 8916
1 0 31 22.2252 0.28085 2.64013 0.710895 13138
1 0 32 21.2008 0.256345 2.40005 0.657315 11662
1 0 33 21.0209 0.240596 2.06026 1.14518 14234
1 0 34 21.6278 0.252318 2.60075 0.41348 22173
1 0 35 21.5 -2 0 0 13609
1 0 36 23.2739 0.381836 3.01832 0.600696 10136
1 0 37 0 -10 0 0 0
1 0 38 22.4916 0.310065 2.68374 0.596928 16327
1 0 39 22.4189 0.315168 2.78682 0.610021 18734
1 0 40 22.3882 0.292532 2.50426 1.06119 11179
1 0 41 20.896 0.249743 2.31851 0.855721 13175
1 0 42 22.326 0.328538 2.76335 0.553027 14563
1 0 43 21.8518 0.300963 2.68624 0.472041 19018
1 0 44 22.1993 0.305743 2.72269 0.508209 12804
1 0 45 23.5744 0.350719 2.92719 0.563312 10891
1 0 46 22.1163 0.326873 2.89391 0.538394 19157
1 0 47 21.3359 0.280953 2.62645 0.574044 16983
1 0 48 21.8496 0.294355 2.5573 0.785324 12969
1 0 49 21.173 0.263413 2.55822 0.38958 17164
1 0 50 21.861 0.293305 2.61532 0.57244 13131
1 0 51 21.3762 0.307206 2.6887 0.55705 23921
1 0 52 21.9096 0.295687 2.61137 0.550652 20066
1 0 53 21.561 0.30413 2.74221 0.545117 16904
1 0 54 20.8523 0.264924 2.45934 0.58495 17313
1 0 55 21.584 0.322374 2.71667 0.404771 20438
1 0 56 21.8661 0.398456 3.0159 0.53453 17635
1 0 57 22.4041 0.353123 3.06886 0.529631 19383
1 0 58 20.322 0.252754 2.34394 0.646118 17853
1 0 59 21.3778 0.350728 2.85186 0.560693 20450
1 0 60 21.4666 0.364553 2.84165 0.482092 16859
1 0 61 22.4484 0.423435 3.15741 0.560931 21547
1 0 62 20.6959 0.325205 2.78492 0.550481 23841
1 0 63 20.6473 0.298054 2.49578 0.567164 18766
1 1 0 22.0276 0.510598 3.17789 0.671924 25038
1 1 1 20.3591 0.282547 2.57461 0.590479 25057
1 1 2 21.0155 0.312082 2.74184 0.639103 24380
1 1 3 21.1312 0.285264 2.596 0.391728 19411
1 1 4 20.2726 0.249023 2.3506 0.679189 19125
1 1 5 20.5855 0.291139 2.5127 0.582295 16965
1 1 6 21.4204 0.325199 2.82518 0.535962 23633
1 1 7 21.0333 0.30475 2.5919 0.54983 20407
1 1 8 21.996 0.343179 2.90574 0.593796 18073
1 1 9 20.5141 0.295651 2.6235 0.520306 22147
1 1 10 20.2187 0.286183 2.63304 0.466054 22996
1 1 11 20.985 0.299696 2.65684 0.490757 18683
1 1 12 21.1129 0.327639 2.59149 0.492664 18343
1 1 13 21.8372 0.298093 2.67419 0.473554 15284
1 1 14 22.1794 0.33837 2.86059 0.621185 18858
1 1 15 20.2243 0.256624 2.38589 0.43126 19985
1 1 16 21.4462 0.36712 2.93451 0.541903 23396
1 1 17 20.2559 0.271657 2.46504 0.414302 21085
1 1 18 20.9122 0.273831 2.57484 0.506176 14741
1 1 19 21.8955 0.372642 2.9291 0.563927 15479
1 1 20 18.0758 0.104276 0.16647 0.455796 2016
1 1 21 21.2939 0.31584 2.69729 0.478164 21721
1 1 22 20.6456 0.278192 2.46506 0.472282 18428
1 1 23 21.7035 0.318402 2.72373 0.580511 16177
1 1 24 21.3875 0.27361 2.66646 0.509971 20473
1 1 25 22.1327 0.380294 2.83161 0.540889 15026
1 1 26 21.5109 0.317595 2.69712 0.635167 19695
1 1 27 20.9909 0.29225 2.49549 0.710714 16239
1 1 28 22.5386 0.374286 2.73884 0.629592 14465
1 1 29 21.4371 0.323114 2.77242 0.599993 16535
1 1 30 18.6012 0.490961 0.585898 0.488113 1185
1 1 31 21.7776 0.395448 3.0114 0.537366 16507
1 1 32 21.7594 0.302925 2.69676 0.455926 16298
1 1 33 21.2221 0.31056 2.49389 0.568904 14639
1 1 34 22.9667 0.366337 3.08174 0.557361 14343
1 1 35 0 -10 0 0 0
1 1 36 21.1483 0.279778 2.51321 0.67046 12208
1 1 37 0 -10 0 0 0
1 1 38 21.2625 -3 0 0 1
1 1 39 22.4916 0.604646 3.27975 0.775837 3275
1 1 40 21.729 0.301707 2.69512 0.601784 13929
1 1 41 0 -10 0 0 0
1 1 42 0 -10 0 0 0
1 1 43 20.586 0.265061 2.4598 0.664588 14278
1 1 44 0 -10 0 0 0
1 1 45 21.6187 0.311069 2.8009 0.535919 15569
1 1 46 20.9931 0.304814 2.77164 0.489164 16736
1 1 47 0 -10 0 0 0
1 1 48 20.7098 0.28956 2.61696 0.567007 13638
1 1 49 21.6273 0.315593 2.74691 0.548365 14704
1 1 50 0 -10 0 0 0
1 1 51 0 -10 0 0 0
1 1 52 21.6792 0.350666 2.76254 0.566094 12235
1 1 53 0 -10 0 0 0
1 1 54 20.6068 0.308378 2.61155 0.83314 13816
1 1 55 21.0523 0.286548 2.53628 0.80286 11952
1 1 56 5.5 -2 0 0 1418
1 1 57 20.9387 0.336774 2.72326 0.574468 13908
1 1 58 20.7045 0.333457 2.73611 0.584542 15059
1 1 59 20.7241 0.332682 2.76806 0.565027 14353
1 1 60 0 -10 0 0 0
1 1 61 20.8806 0.355496 3.03801 0.627424 13332
1 1 62 21.2414 0.320434 2.65801 0.864768 11138
1 1 63 19.8402 0.304021 2.57587 0.433647 12688
1 2 0 21.2419 0.282138 2.83165 0.669544 33725
1 2 1 21.354 0.277133 2.73241 0.590512 22924
1 2 2 20.654 0.266309 2.65528 0.537935 24815
1 2 3 20.4192 0.241075 2.49195 0.495964 19345
1 2 4 21.051 0.239145 2.62128 0.513085 17934
1 2 5 22.0296 0.307606 2.86016 0.539784 17884
1 2 6 21.953 0.281287 2.64015 0.616708 19064
1 2 7 20.886 0.247067 2.6225 0.625086 14262
1 2 8 21.2667 0.257192 2.51627 0.568844 18808
1 2 9 21.1859 0.307275 2.81562 0.60442 20787
1 2 10 22.4982 0.334298 2.86716 0.621783 14679
1 2 11 20.4265 0.260072 2.54215 0.45683 18896
1 2 12 20.6324 0.246142 2.51055 0.417011 18501
1 2 13 21.4234 0.260462 2.72828 0.501623 15094
1 2 14 21.0186 0.288012 2.72988 0.473453 26677
1 2 15 20.4897 0.253977 2.46171 0.711577 15245
1 2 16 21.3601 0.29324 2.73867 0.616847 14081
1 2 17 20.9624 0.261422 2.54927 0.49959 23028
1 2 18 20.7664 0.258173 2.46898 0.56249 16738
1 2 19 21.5059 0.276869 2.66646 0.512901 16580
1 2 20 21.3433 0.282453 2.69305 0.580458 17442
1 2 21 21.9159 0.30856 2.83637 0.538469 19671
1 2 22 21.1541 0.267306 2.59418 0.592075 14891
1 2 23 20.985 0.287743 2.66507 0.570434 19408
1 2 24 21.719 0.303221 2.79696 0.74572 21193
1 2 25 21.1386 0.258669 2.63855 0.585925 13629
1 2 26 22.1431 0.31618 2.8237 0.56667 24525
1 2 27 21.6926 0.296965 2.59411 0.769827 14832
1 2 28 21.8676 0.266665 2.62368 0.647699 13733
1 2 29 21.4874 0.327362 2.80523 0.554654 20322
1 2 30 22.1401 0.285689 2.68121 0.627503 14009
1 2 31 22.2384 0.285297 2.71808 0.590047 11818
1 2 32 21.1111 0.268279 2.57751 0.558031 14532
1 2 33 21.5561 0.255724 2.60964 0.453631 16271
1 2 34 21.7651 0.348249 2.96923 0.497031 22408
1 2 35 21.2643 0.306067 2.71813 0.653353 13781
1 2 36 21.755 0.273941 2.70437 0.669119 16595
1 2 37 0 -10 0 0 0
1 2 38 20.7871 0.23758 2.56893 0.652678 14652
1 2 39 21.8493 0.37381 2.8303 0.712369 14911
1 2 40 21.2712 0.316179 2.64977 0.666646 17947
1 2 41 21.4833 0.269582 2.55035 0.524695 13479
1 2 42 22.758 0.337872 2.93523 0.625733 17480
1 2 43 21.3024 0.288648 2.54963 0.747174 23104
1 2 44 21.2244 0.241713 2.47465 0.740373 13839
1 2 45 21.3579 0.25568 2.59713 0.580722 14701
1 2 46 22.0727 0.351788 3.0284 0.589289 21671
1 2 47 22.5868 0.388306 3.16042 0.831307 8168
1 2 48 21.644 0.295664 2.68133 0.593561 15757
1 2 49 22.0741 0.298752 2.76906 0.597471 18212
1 2 50 21.1792 0.274253 2.55271 0.523447 15031
1 2 51 21.2449 0.314138 2.87024 0.476828 18944
1 2 52 20.345 0.259256 2.51128 0.490186 25006
1 2 53 21.9886 0.324007 2.72099 0.674104 11705
1 2 54 20.7394 0.278797 2.62802 0.434844 16620
1 2 55 21.1604 0.299761 2.6378 0.464078 21211
1 2 56 21.2546 0.374826 2.90359 0.528635 13347
1 2 57 21.456 0.347307 2.89607 0.699366 18619
1 2 58 21.2825 0.313151 2.77469 0.437278 17678
1 2 59 21.0147 0.360758 3.01179 0.454364 23371
1 2 60 21.092 0.340153 2.82358 0.713705 12742
1 2 61 21.4392 0.387216 3.21584 0.509957 20741
1 2 62 20.8985 0.348505 2.92881 0.486591 22910
1 2 63 20.7562 0.298754 2.56395 0.728258 18536
1 3 0 20.3281 0.291256 2.95825 0.79679 22380
1 3 1 20.0668 0.25311 2.69174 0.728383 21499
1 3 2 19.3664 0.261131 2.67831 0.57302 20181
1 3 3 19.5091 0.225011 2.4346 0.60563 23914
1 3 4 19.2262 0.204009 2.30366 0.661904 24303
1 3 5 19.3403 0.204882 2.29402 0.535186 24139
1 3 6 19.3112 0.244789 2.53463 0.683039 21243
1 3 7 18.8056 0.236525 2.54674 0.613782 26340
1 3 8 19.1828 0.214195 2.17028 0.715283 23411
1 3 9 18.79 0.250888 2.55511 0.776755 19748
1 3 10 19.8258 0.263619 2.74409 0.578494 18664
1 3 11 19.9459 0.215441 2.31686 0.595748 20672
1 3 12 18.8003 0.202315 2.16022 0.526849 27174
1 3 13 18.879 0.205507 2.20186 0.590932 26154
1 3 14 19.4287 0.22747 2.51021 0.612375 27637
1 3 15 18.692 0.199494 2.20971 0.5854 27266
1 3 16 19.6426 0.334933 2.94123 0.670125 18658
1 3 17 19.4387 0.200319 2.15659 0.581146 23707
1 3 18 19.3097 0.216165 2.33683 0.61438 21001
1 3 19 18.7411 0.219798 2.41198 0.599134 26740
1 3 20 19.5111 0.237058 2.26858 0.685715 19174
1 3 21 20.0285 0.27541 2.68336 0.66132 20922
1 3 22 20.2496 0.258641 2.58786 0.546795 24617
1 3 23 18.8534 0.23637 2.29992 0.699821 20399
1 3 24 19.4295 0.206534 2.21033 0.529183 23564
1 3 25 18.849 0.22809 2.51993 0.530034 26058
1 3 26 20.1488 0.231834 2.4818 0.635581 20294
1 3 27 19.4185 0.252257 2.37809 0.662911 20293
1 3 28 18.8998 0.22719 2.28534 0.622962 25988
1 3 29 19.6343 0.229542 2.43156 0.757733 20800
1 3 30 20.1495 0.238465 2.46828 0.821855 15553
1 3 31 19.899 0.279776 2.70947 0.655579 22916
1 3 32 18.8526 0.207001 2.18206 0.518855 28631
1 3 33 19.4487 0.200163 2.22315 0.748692 18787
1 3 34 20.2976 0.271683 2.62769 0.838043 17760
1 3 35 20.0191 0.245514 2.62739 0.637064 26339
1 3 36 19.1675 0.22878 2.27879 0.73949 14952
1 3 37 0 -10 0 0 0
1 3 38 20.0453 0.282621 2.61014 0.5955 25527
1 3 39 21.5 -2 0 0 24839
1 3 40 19.3857 0.224032 2.61128 0.489929 19883
1 3 41 20.0558 0.241406 2.41472 0.58959 23296
1 3 42 19.2639 0.203916 2.28424 0.647763 22390
1 3 43 19.2498 0.222416 2.25804 0.87062 18592
1 3 44 19.609 0.216682 2.27758 0.478361 26155
1 3 45 19.19 0.208203 2.1583 0.528361 24755
1 3 46 19.9657 0.311429 2.68966 0.744533 20032
1 3 47 19.7882 0.273108 2.69091 0.759035 25897
1 3 48 19.8507 0.255954 2.4325 0.655165 19243
1 3 49 19.1556 0.209953 2.31488 0.503229 26059
1 3 50 19.7395 0.202406 2.22881 0.616344 22755
1 3 51 19.9441 0.267129 2.66127 0.697654 23134
1 3 52 19.2821 0.201037 2.15669 0.75992 24306
1 3 53 19.5239 0.235744 2.45164 0.606418 25946
1 3 54 19.2004 0.208698 2.17888 0.800931 23324
1 3 55 19.391 0.217317 2.30125 0.584283 25455
1 3 56 19.1953 0.237809 2.50118 0.630997 25328
1 3 57 19.5185 0.254315 2.57996 0.553357 23273
1 3 58 19.7071 0.226152 2.40023 0.642293 22417
1 3 59 19.3394 0.241976 2.47731 0.668589 21309
1 3 60 19.0552 0.243882 2.47761 0.715735 24764
1 3 61 20.4654 0.287554 2.76017 0.746178 21054
1 3 62 19.9735 0.28365 2.65851 0.59877 21698
1 3 63 18.8046 0.224158 2.26215 0.649735 25663
1 4 0 24.9464 0.693784 3.60711 0.579123 29209
1 4 1 24.3413 0.524974 3.41005 0.370851 18487
1 4 2 24.2439 0.5884 3.34314 0.464143 14702
1 4 3 22.7229 0.428815 2.84579 0.36417 10592
1 4 4 23.5231 0.49116 2.93036 0.491945 9297
1 4 5 22.4289 0.426495 2.89641 0.460389 13275
1 4 6 23.2001 0.471073 2.99271 0.432589 15631
1 4 7 23.7583 0.536311 3.1848 0.50573 9169
1 4 8 23.4658 0.439201 2.92272 0.481602 13955
1 4 9 23.4222 0.493072 3.15426 0.399664 12942
1 4 10 22.8214 0.498538 3.00782 0.458311 11104
1 4 11 22.5071 0.412304 2.97915 0.441326 12306
1 4 12 23.3357 0.494677 2.76181 0.49636 10966
1 4 13 22.455 0.431087 2.80451 0.384232 9326
1 4 14 23.0091 0.504517 3.0262 0.444231 17407
1 4 15 22.5653 0.409016 2.87074 0.499302 9234
1 4 16 22.3806 0.410092 2.90315 0.410185 10242
1 4 17 23.4201 0.395526 2.94338 0.369664 12503
1 4 18 23.7227 0.465692 3.1555 0.528713 8488
1 4 19 23.4865 0.436034 3.03699 0.643267 7895
1 4 20 22.7929 0.44564 2.973 0.462874 8742
1 4 21 23.8798 0.538525 3.15186 0.43317 14174
1 4 22 24.3587 0.5573 3.31794 0.398762 9627
1 4 23 22.7555 0.454061 2.9123 0.460747 10532
1 4 24 22.7157 0.386711 2.7151 0.385284 16700
1 4 25 22.8864 0.472157 2.90428 0.541487 7629
1 4 26 23.9336 0.556983 3.26759 0.433905 14387
1 4 27 23.6323 0.4333 2.86682 0.427516 6578
1 4 28 23.7573 0.53913 2.84585 0.526826 7777
1 4 29 23.2867 0.471659 2.95142 0.486059 13964
1 4 30 23.275 0.452728 2.99054 0.433489 7319
1 4 31 24.1584 0.509944 3.12866 0.545017 6879
1 4 32 23.1641 0.367025 2.66739 0.767825 7853
1 4 33 22.9547 0.491709 2.77596 0.493316 7830
1 4 34 23.8028 0.511409 3.18742 0.48371 14876
1 4 35 22.5307 0.36196 2.6318 0.53116 8789
1 4 36 22.2495 0.415004 2.70744 0.735896 8594
1 4 37 0 -10 0 0 0
1 4 38 23.9 0.426576 2.79099 0.55351 6738
1 4 39 22.4283 0.340061 2.53363 0.506477 9924
1 4 40 22.863 0.428278 2.70541 0.604068 10381
1 4 41 23.5597 0.393733 2.84444 0.56258 7384
1 4 42 24.8584 0.641723 3.13793 0.63103 7767
1 4 43 23.608 0.469109 2.97112 0.506715 11454
1 4 44 23.6544 0.43866 3.05927 0.566962 6444
1 4 45 21.5839 0.439923 2.61403 0.4018 9445
1 4 46 21.9575 0.398959 2.79109 0.473465 16142
1 4 47 22.8381 0.466385 2.95084 0.460264 7319
1 4 48 24.5918 0.652057 3.35987 0.511831 6848
1 4 49 22.7679 0.438961 2.95732 0.487054 11438
1 4 50 22.158 0.42603 2.77347 0.456557 7392
1 4 51 22.3842 0.431571 3.13124 0.347722 10118
1 4 52 22.9866 0.488471 2.99692 0.432149 10763
1 4 53 24.0482 0.473424 3.1886 0.524688 5572
1 4 54 22.1446 0.36733 2.72087 0.467435 9358
1 4 55 22.4145 0.451066 2.84703 0.472018 10483
1 4 56 22.7405 0.419819 2.99296 0.556914 8938
1 4 57 21.5 -2 0 0 9698
1 4 58 22.4606 0.414188 2.98518 0.446075 8757
1 4 59 23.7309 0.575904 3.40891 0.45759 10732
1 4 60 23.181 0.468758 3.01118 0.516964 6893
1 4 61 23.206 0.586938 3.43644 0.486651 10831
1 4 62 23.3724 0.53793 3.1976 0.471493 10341
1 4 63 22.7666 0.498977 3.22178 0.421908 9832
1 5 0 20.3553 0.293733 2.65239 0.584328 23993
1 5 1 20.0361 0.272406 2.54531 0.556329 16332
1 5 2 21.1608 0.322902 2.7576 0.574882 14171
1 5 3 20.8827 0.284772 2.49976 0.489114 15706
1 5 4 20.8503 0.284451 2.53855 0.667939 16932
1 5 5 20.3236 0.245858 2.41316 0.641468 13849
1 5 6 20.6546 0.289258 2.62799 0.702062 14498
1 5 7 20.8989 0.296361 2.66207 0.710917 14414
1 5 8 21.067 0.275304 2.49487 0.501225 16497
1 5 9 21.4785 0.361416 2.86779 0.582076 13579
1 5 10 21.8754 0.359477 2.9702 0.602759 13600
1 5 11 21.1767 0.279679 2.56152 0.905389 14435
1 5 12 21.1003 0.271978 2.64184 0.45582 13778
1 5 13 20.7856 0.323715 2.56914 0.532972 16584
1 5 14 21.5831 0.320878 2.6386 0.740686 12864
1 5 15 20.9149 0.27865 2.42867 0.472264 17758
1 5 16 21.5975 0.365554 2.73505 0.771928 14433
1 5 17 20.7495 0.28255 2.55613 0.637568 16171
1 5 18 20.8916 0.267365 2.53895 0.548222 16831
1 5 19 21.506 0.309567 2.76131 0.571477 18854
1 5 20 21.3637 0.300953 2.68264 0.685666 14635
1 5 21 20.7049 0.289183 2.66079 0.510972 17020
1 5 22 21.0764 0.296708 2.47241 0.591307 15138
1 5 23 22.8888 0.414054 3.06455 0.623391 14801
1 5 24 21.2883 0.307256 2.62436 0.586631 12731
1 5 25 21.0664 0.285925 2.68253 0.467696 16324
1 5 26 21.9463 0.370208 2.82577 0.585892 15722
1 5 27 21.1678 0.343713 2.735 0.56116 15551
1 5 28 21.3867 0.281093 2.58011 0.525392 16684
1 5 29 21.2229 0.290618 2.70015 0.718827 16318
1 5 30 21.5813 0.342593 2.78676 0.634648 16069
1 5 31 21.2869 0.313192 2.78604 0.580075 18236
1 5 32 21.0322 0.323134 2.64745 0.437172 18626
1 5 33 20.8955 0.274322 2.43587 0.683255 18217
1 5 34 21.4115 0.341286 2.83089 0.528671 16192
1 5 35 21.7141 0.367527 2.89788 0.667213 16544
1 5 36 20.9099 0.309184 2.70872 0.507313 16682
1 5 37 0 -10 0 0 0
1 5 38 20.6191 0.301674 2.65127 0.45827 23765
1 5 39 21.4263 0.34882 2.96577 0.454899 20815
1 5 40 21.6854 0.336858 2.69424 0.562385 18626
1 5 41 20.4919 0.288738 2.52373 0.485998 17985
1 5 42 20.9917 0.31438 2.55133 0.492636 19794
1 5 43 20.8005 0.298206 2.58093 0.545584 19179
1 5 44 21.7384 0.365331 2.83167 0.631731 16598
1 5 45 21.5592 0.284275 2.63403 0.61379 16472
1 5 46 21.4426 0.331886 2.80975 0.553952 17694
1 5 47 21.7545 0.347805 2.89461 0.57282 25673
1 5 48 20.2017 0.290816 2.2262 1.22748 19372
1 5 49 21.5629 0.368162 2.76011 0.571693 16756
1 5 50 20.4841 0.282544 2.55861 0.47122 24817
1 5 51 21.6352 0.365665 2.77618 0.433964 23910
1 5 52 20.5541 0.32594 2.69527 0.46871 17358
1 5 53 21.525 0.404573 3.02132 0.503051 20395
1 5 54 19.7227 0.300159 2.54002 0.474574 21734
1 5 55 20.4095 0.301939 2.6343 0.536088 21849
1 5 56 19.8501 0.360584 2.75601 0.40893 25289
1 5 57 20.5759 0.364671 2.82116 0.489518 24205
1 5 58 20.6753 0.32582 2.68627 0.48779 19334
1 5 59 20.6457 0.345587 2.78439 0.551475 20070
1 5 60 20.6686 0.393335 2.88281 0.480938 21952
1 5 61 20.3411 0.390264 2.8815 0.477087 25013
1 5 62 20.5229 0.33157 2.67263 0.426238 21893
1 5 63 20.7961 0.37468 2.98655 0.462476 19074
1 6 0 22.0356 0.570203 3.0231 0.348993 21042
1 6 1 21.4273 0.476654 2.8667 0.379807 10319
1 6 2 21.3808 0.536187 2.92308 0.296341 10739
1 6 3 21.3942 0.406092 2.4461 0.554112 5515
1 6 4 20.9055 0.439236 2.3747 0.536858 6378
1 6 5 22.1633 0.407758 2.69005 0.317308 6404
1 6 6 22.3329 0.508046 2.8296 0.280535 8471
1 6 7 20.9727 0.48255 2.60294 0.401857 5644
1 6 8 21.6725 0.520446 2.61623 0.464414 7596
1 6 9 22.1576 0.39963 2.53006 0.425337 7176
1 6 10 24.1761 0.608098 3.4963 0.293339 5696
1 6 11 22.075 0.568308 2.77466 0.362853 5404
1 6 12 21.5836 0.459398 2.56982 0.317221 6414
1 6 13 21.5 -2 0 0 5209
1 6 14 22.3369 0.503196 2.79965 0.381346 9082
1 6 15 21.0817 0.382341 2.4592 0.498102 5363
1 6 16 21.2197 0.447584 2.70232 0.324625 8170
1 6 17 22.8175 0.553791 3.03809 0.358441 6153
1 6 18 21.3675 0.427461 2.57118 0.41854 4984
1 6 19 20.697 0.349957 2.34061 0.30045 7290
1 6 20 21.0683 0.4593 2.38504 0.473513 6180
1 6 21 22.2098 0.452157 2.63152 0.384484 7800
1 6 22 21.4815 0.427617 2.48776 0.465963 6020
1 6 23 21.5855 0.471751 2.7419 0.428752 7102
1 6 24 21.3563 0.458296 2.55455 0.440158 8684
1 6 25 20.6989 0.377105 2.33262 0.446276 6641
1 6 26 22.9091 0.490267 2.84791 0.374967 8564
1 6 27 23.0851 0.470018 2.8283 0.379088 3852
1 6 28 21.9085 0.440645 2.63208 0.448451 4947
1 6 29 22.3932 0.529847 2.99063 0.283846 6776
1 6 30 21.4552 0.410615 2.45363 0.345975 5214
1 6 31 22.8259 0.500086 2.48433 0.538764 3234
1 6 32 22.9536 0.44646 2.48524 0.443889 4152
1 6 33 22.5097 0.45388 2.67903 0.412701 4292
1 6 34 22.5843 0.567081 3.00647 0.357773 7675
1 6 35 20.9051 0.375789 2.24568 0.503341 5273
1 6 36 20.774 0.459871 2.21399 0.636727 5041
1 6 37 0 -10 0 0 0
1 6 38 22.172 0.597678 2.64559 0.393202 4238
1 6 39 21.9033 0.460537 2.52066 0.467066 2957
1 6 40 22.135 0.54471 2.88926 0.336857 4894
1 6 41 22.0789 0.514147 2.40108 0.420261 4697
1 6 42 22.5897 0.441223 2.63625 0.518398 4497
1 6 43 20.6646 0.386952 2.35087 0.508985 6455
1 6 44 21.2422 0.396907 2.39709 0.593398 4458
1 6 45 21.5455 0.423272 2.43748 0.515747 4400
1 6 46 21.5 -2 0 0 7206
1 6 47 23.1622 1.29026 4.07367 0.56595 1842
1 6 48 21.3688 0.497747 2.71648 0.305801 5040
1 6 49 22.1274 0.493628 2.77661 0.42361 4760
1 6 50 21.1486 0.419651 2.41268 0.326897 5034
1 6 51 21.944 0.58192 3.04028 0.412318 2898
1 6 52 19.6587 0.384808 2.13959 0.573037 7351
1 6 53 20.437 0.491265 2.51755 0.375324 2577
1 6 54 20.7084 0.462568 2.51401 0.334369 5252
1 6 55 20.2959 0.378476 2.23892 0.427409 6234
1 6 56 21.0003 0.542881 2.59189 0.530691 2822
1 6 57 20.8823 0.516575 2.8192 0.381417 2904
1 6 58 20.9362 0.48125 2.52565 0.348094 4891
1 6 59 21.4668 0.53333 2.61322 0.432725 6139
1 6 60 19.786 0.462669 2.42154 0.380958 3069
1 6 61 20.4434 0.512906 2.39962 0.538672 3851
1 6 62 19.6602 0.482258 2.4638 0.401061 6691
1 6 63 20.9462 0.487005 2.69835 0.371848 4914
1 7 0 27.1703 0.739996 4.39989 0.653586 5640
1 7 1 24.6726 0.745731 3.61682 0.435636 3097
1 7 2 23.5525 0.582426 3.21331 0.331725 2595
1 7 3 24.3043 0.502162 2.93533 0.569318 4737
1 7 4 24.7572 0.529717 3.36575 0.303091 4103
1 7 5 23.737 0.559888 2.85564 0.383469 5069
1 7 6 23.7451 0.541855 3.24692 0.567138 2626
1 7 7 24.846 0.530427 3.2403 0.558712 3832
1 7 8 24.2024 0.618758 2.8445 0.519993 4668
1 7 9 25.3677 0.71054 3.61904 0.361092 2518
1 7 10 24.0201 0.527572 3.04017 0.541531 2680
1 7 11 24.7809 0.615089 3.30401 0.332707 4630
1 7 12 25.5061 0.775647 3.68234 0.345357 4313
1 7 13 24.0968 0.532767 2.88424 0.410882 5333
1 7 14 24.5277 0.710708 3.32899 0.375947 4758
1 7 15 24.1686 0.598433 3.06056 0.406789 5017
1 7 16 25.328 0.883097 3.80174 0.478674 3102
1 7 17 22.4417 0.444751 2.75215 0.446917 6125
1 7 18 23.0684 0.465249 2.8277 0.365594 5176
1 7 19 24.2079 0.730525 3.16459 0.334489 6167
1 7 20 24.8647 0.614593 3.22299 0.365072 4770
1 7 21 24.9967 0.560969 3.4249 0.508475 2248
1 7 22 24.1338 0.640017 3.19314 0.364549 4923
1 7 23 23.7942 0.537335 3.15013 0.608829 5332
1 7 24 24.0842 0.586717 2.98732 0.411169 4659
1 7 25 25.3111 0.696051 3.59705 0.327991 5177
1 7 26 25.7386 0.770183 3.41753 0.486299 5037
1 7 27 24.3414 0.70516 3.13195 0.419559 5544
1 7 28 25.5 -2 0 0 4760
1 7 29 24.7919 0.725211 3.42395 0.408833 5069
1 7 30 24.4144 0.575204 2.97995 0.606422 4911
1 7 31 24.7113 0.691067 3.4216 0.425718 5395
1 7 32 25.5 -2 0 0 5379
1 7 33 25.0179 0.605941 3.20015 0.326862 5003
1 7 34 26.3557 0.68587 3.62977 0.340532 4834
1 7 35 26.4183 0.761684 3.69863 0.319768 5484
1 7 36 23.3078 0.497368 2.7222 0.628872 7441
1 7 37 0 -10 0 0 0
1 7 38 25.1668 0.675804 3.65174 0.439527 8006
1 7 39 23.722 0.631245 3.272 0.26557 11102
1 7 40 24.0478 0.564399 3.17024 0.44196 3274
1 7 41 24.5534 0.630412 2.99062 0.329494 8055
1 7 42 25.8693 0.758697 3.78199 0.346281 5491
1 7 43 24.6798 0.630382 3.12456 0.394167 6012
1 7 44 23.8754 0.517554 2.83454 0.35642 7565
1 7 45 26.6304 0.662285 3.63755 0.352336 5619
1 7 46 25.5038 0.689639 3.44126 0.29887 5701
1 7 47 26.554 0.843847 3.81046 0.407962 8349
1 7 48 24.9826 0.644798 3.19441 0.286112 6370
1 7 49 22.8362 0.550953 3.00474 0.389328 6729
1 7 50 24.6207 0.634818 3.24089 0.292054 7848
1 7 51 23.8651 0.650625 3.35959 0.332069 9798
1 7 52 24.9169 0.628994 3.27917 0.40347 6565
1 7 53 25.3043 0.721136 3.51735 0.386724 8665
1 7 54 24.7177 0.67343 3.46528 0.337768 7323
1 7 55 24.2034 0.611581 3.16273 0.370552 7684
1 7 56 24.1771 0.755342 3.34208 0.31668 10041
1 7 57 23.4679 0.687824 3.10551 0.401339 10832
1 7 58 23.5454 0.599326 3.26208 0.281112 7806
1 7 59 23.9336 0.748219 3.61631 0.291468 7465
1 7 60 23.9783 0.728841 3.50283 0.363071 10451
1 7 61 24.3272 0.761919 3.84965 0.287952 9309
1 7 62 24.3752 0.714635 3.67908 0.25548 7557
1 7 63 25.2036 0.6328 3.44287 0.468963 6051
1 8 0 1.5 -2 0 0 14354
1 8 1 25.6994 0.632783 3.67934 0.419851 6272
1 8 2 25.948 0.677116 3.73578 0.391031 7143
1 8 3 23.7325 0.420837 2.99418 0.465279 8852
1 8 4 24.6637 0.610692 3.04883 0.490365 9398
1 8 5 24.8704 0.485359 3.03238 0.709671 6995
1 8 6 25.1952 0.639144 3.26263 0.443872 7874
1 8 7 24.7962 0.704079 3.23738 0.54622 9531
1 8 8 26.455 0.710351 3.62668 0.454535 6160
1 8 9 25.6463 0.568622 3.32364 0.422001 8015
1 8 10 25.5 -2 0 0 6709
1 8 11 26.6405 0.582434 3.59663 0.389718 6698
1 8 12 25.6097 0.548946 3.37214 0.404501 7051
1 8 13 25.173 0.48437 3.31912 0.347113 9696
1 8 14 26.2159 0.683162 3.4905 0.426729 6265
1 8 15 25.1427 0.545512 3.36393 0.486811 8077
1 8 16 25.6319 0.582427 3.75034 0.331414 8448
1 8 17 25.2243 0.694718 3.34873 0.541029 7711
1 8 18 26.0394 0.60538 3.37493 0.389559 7046
1 8 19 25.8159 0.657082 3.38343 0.522083 10413
1 8 20 28.9611 0.498305 4.45487 0.175471 6832
1 8 21 26.5635 0.609604 3.64691 0.416615 7011
1 8 22 26.3111 0.566781 3.54615 0.346714 7471
1 8 23 26.4179 0.641077 3.61973 0.38746 7722
1 8 24 25.5067 0.540896 3.45171 0.410527 5568
1 8 25 27.7193 0.81429 3.94016 0.420452 9810
1 8 26 26.2615 0.729416 3.5641 0.450488 8145
1 8 27 26.6984 0.52213 3.39001 0.588672 7847
1 8 28 27.5098 0.568385 3.74352 0.450464 8172
1 8 29 26.0747 0.559081 3.26912 0.38332 7787
1 8 30 24.2988 0.503218 3.22466 0.633196 7929
1 8 31 25.5 -2 0 0 12799
1 8 32 24.6698 0.473295 2.97721 0.431103 10811
1 8 33 24.8405 0.623141 3.27304 0.366271 12203
1 8 34 25.5917 0.608333 3.38771 0.602076 8658
1 8 35 26.1128 0.597537 3.73485 0.312458 11824
1 8 36 24.8995 0.516272 3.29129 0.491367 8547
1 8 37 0 -10 0 0 0
1 8 38 27.3137 0.704343 3.81348 0.426444 12736
1 8 39 26.7299 0.659116 3.84269 0.299303 11939
1 8 40 26.3419 -3 0 0 64
1 8 41 26.6437 0.654585 3.71336 0.348251 9567
1 8 42 27.1808 0.595418 3.69766 0.356826 6786
1 8 43 25.9372 0.592924 3.77131 0.379069 7551
1 8 44 27.07 0.668491 3.80576 0.304349 9914
1 8 45 26.0576 0.640392 3.45093 0.437774 9422
1 8 46 26.7692 0.59902 3.94067 0.393958 6894
1 8 47 26.9502 0.90954 3.86305 0.394806 16115
1 8 48 27.0635 0.654194 3.87989 0.420726 7210
1 8 49 25.2964 0.843831 3.46718 0.443805 10923
1 8 50 25.3315 0.613528 3.29236 0.480784 10124
1 8 51 26.4719 0.558044 3.79434 0.345552 7209
1 8 52 24.5455 0.698977 3.22909 0.530909 10493
1 8 53 28.3737 0.798612 4.27264 0.348233 10845
1 8 54 25.2533 0.664535 3.72652 0.321773 9964
1 8 55 25.896 0.737519 3.8213 0.337316 8942
1 8 56 27.6535 0.765064 4.18912 0.392805 10659
1 8 57 26.0111 0.621713 3.86734 0.382103 9972
1 8 58 25.0736 0.535528 3.49578 0.419424 8145
1 8 59 26.0048 0.612659 3.57422 0.688521 6653
1 8 60 25.6903 0.688791 3.94559 0.361086 12055
1 8 61 25.8868 0.754451 4.3755 0.369936 9890
1 8 62 25.3067 0.586613 3.33529 0.797899 10319
1 8 63 25.4173 0.603861 3.44499 0.47596 8706
1 9 0 22.2941 0.558696 3.23621 0.567737 18514
1 9 1 21.8987 0.391632 2.66748 0.480266 12892
1 9 2 20.091 0.367315 2.4953 0.541724 9911
1 9 3 21.4503 0.458258 2.86683 0.625115 5570
1 9 4 21.9043 0.462514 2.87197 0.57107 4029
1 9 5 22.2105 0.480652 2.93247 0.497916 5387
1 9 6 22.7108 0.515271 3.12238 0.446187 7397
1 9 7 21.1532 0.354413 2.44056 0.554631 5799
1 9 8 23.5609 0.491585 2.97262 0.503972 6097
1 9 9 20.8456 0.428296 2.59238 0.550216 7655
1 9 10 22.1893 0.548089 3.09689 0.426896 4800
1 9 11 23.5294 0.595442 3.23155 0.459296 5063
1 9 12 21.3828 0.484218 3.0419 0.43015 5275
1 9 13 21.1031 0.312064 2.14922 0.7058 6328
1 9 14 21.6924 0.450321 2.87315 0.480969 13526
1 9 15 21.934 0.418366 2.84113 0.605341 4115
1 9 16 21.5131 0.471814 2.63308 0.592441 6164
1 9 17 23.0006 0.558681 3.10412 0.413293 6788
1 9 18 22.0501 0.45877 2.76436 0.453873 5063
1 9 19 21.2797 0.382374 2.66689 0.522065 4065
1 9 20 23.5138 0.490029 3.60449 0.308114 3022
1 9 21 22.9152 0.438621 3.1015 0.442702 5323
1 9 22 22.8786 0.477498 3.07202 0.336035 3166
1 9 23 22.0076 0.460289 2.78511 0.599371 6346
1 9 24 21.1087 0.354923 2.53981 0.69774 8997
1 9 25 22.1276 0.56896 3.18539 0.51012 3087
1 9 26 23.3339 0.689341 3.50575 0.403775 7488
1 9 27 22.6467 0.569183 3.19882 0.503939 3811
1 9 28 20.7836 0.451886 2.95786 0.557304 4538
1 9 29 22.137 0.405432 2.62963 0.620148 5992
1 9 30 22.2619 -3 0 0 37
1 9 31 22.595 0.524656 3.10611 0.653399 3304
1 9 32 21.6377 0.468696 2.81362 0.558451 3448
1 9 33 21.5311 0.529999 3.15578 0.385522 2345
1 9 34 22.77 0.508589 3.19837 0.458999 7869
1 9 35 21.5 -2 0 0 3567
1 9 36 22.2605 0.652736 3.04066 0.752126 2621
1 9 37 0 -10 0 0 0
1 9 38 21.2321 0.387386 2.60795 0.425709 4504
1 9 39 22.2619 -3 0 0 1
1 9 40 21.8227 0.439337 2.98376 0.573385 2815
1 9 41 21.9641 0.495819 2.88106 0.666428 3137
1 9 42 22.3662 0.55915 3.27464 0.49491 3183
1 9 43 22.7093 0.590547 2.94549 0.504941 6134
1 9 44 21.8164 0.429312 2.80431 0.448876 2446
1 9 45 21.3146 0.440605 2.4668 0.57485 3091
1 9 46 22.6613 0.576056 2.73587 0.673878 6474
1 9 47 21.5 -2 0 0 3542
1 9 48 20.2862 0.435375 2.73316 0.475885 3268
1 9 49 22.9144 0.654942 3.31022 0.522621 4531
1 9 50 21.5026 0.477352 3.02965 0.380653 3397
1 9 51 23.3736 0.702545 3.36951 0.445804 4963
1 9 52 21.0559 0.537948 2.89341 0.496992 6017
1 9 53 20.364 0.450627 2.57355 0.481282 4376
1 9 54 21.8124 0.399501 2.68747 0.509951 3705
1 9 55 21.5 -2 0 0 6986
1 9 56 27.65 0.891164 1.07196 0.521536 3307
1 9 57 21.6964 0.493195 2.87872 0.497435 4789
1 9 58 21.2324 0.497674 2.98561 0.419673 3249
1 9 59 21.5846 0.554879 3.03353 0.426903 6948
1 9 60 20.8748 0.518816 2.77198 0.625126 4959
1 9 61 22.1017 0.832287 3.35836 0.506796 5394
1 9 62 20.6424 0.47667 2.78122 0.552995 7098
1 9 63 20.59 0.532569 2.8737 0.585576 3861
1 10 0 20.2903 0.289585 2.77077 0.70801 29743
1 10 1 20.4125 0.361561 2.82921 0.587024 18895
1 10 2 20.9666 0.326488 2.82634 0.676427 18098
1 10 3 20.842 0.275488 2.65564 0.556555 19702
1 10 4 19.3379 0.245892 2.43698 0.533444 19581
1 10 5 20.7649 0.264434 2.62489 0.795166 17416
1 10 6 20.1418 0.274939 2.61317 0.397699 20746
1 10 7 19.9875 0.288719 2.64735 0.476923 28323
1 10 8 20.8828 0.26921 2.57164 0.735181 15709
1 10 9 20.9261 0.303422 2.75948 0.659343 20217
1 10 10 20.733 0.349958 2.78368 0.621298 23123
1 10 11 20.1532 0.254015 2.47486 0.614546 16967
1 10 12 20.7761 0.280625 2.55349 0.646434 19382
1 10 13 19.3157 0.230398 2.25737 0.569779 28002
1 10 14 21.2567 0.28571 2.6843 0.635947 20456
1 10 15 19.5387 0.229568 2.25721 0.749414 21394
1 10 16 22.1185 0.36054 2.86318 0.636152 28731
1 10 17 20.1232 0.245557 2.44367 0.557383 17970
1 10 18 19.5338 0.237005 2.34799 0.453935 19442
1 10 19 19.8787 0.273683 2.52243 0.406756 27188
1 10 20 21.503 0.266899 2.54219 0.552258 19405
1 10 21 20.6166 0.308459 2.68661 0.662187 19521
1 10 22 20.6318 0.288698 2.64238 0.609478 22085
1 10 23 20.8686 0.295258 2.66031 0.708569 16002
1 10 24 20.6837 0.282714 2.62684 0.60208 16687
1 10 25 21.1325 0.320021 2.76784 0.70165 26105
1 10 26 21.6163 0.318101 2.83225 0.629094 19641
1 10 27 20.3462 0.270899 2.52227 0.583956 21236
1 10 28 21.0098 0.274747 2.52141 0.622508 20343
1 10 29 22.4891 0.34754 3.08084 0.628258 14048
1 10 30 22.1351 0.359729 2.86593 0.592692 13196
1 10 31 21.2035 0.297828 2.67675 0.479425 26966
1 10 32 20.944 0.304273 2.68812 0.503394 19784
1 10 33 21.3505 0.316517 2.69498 0.602027 17114
1 10 34 20.7024 0.279133 2.64395 0.634815 16626
1 10 35 20.991 0.261486 2.59743 0.469361 33665
1 10 36 21.443 0.31404 2.6644 0.634367 18365
1 10 37 0 -10 0 0 0
1 10 38 19.9387 0.256907 2.76715 0.284813 32923
1 10 39 21.6535 0.31153 2.82524 0.555657 19394
1 10 40 21.5344 0.33585 2.72996 0.667909 15566
1 10 41 20.7004 0.307428 2.62735 0.509352 20064
1 10 42 20.9458 0.285291 2.56428 0.555252 17026
1 10 43 20.2849 0.301855 2.7529 0.636861 18839
1 10 44 21.0623 0.27883 2.67892 0.473051 19213
1 10 45 21.4505 0.301354 2.65967 0.639703 17089
1 10 46 21.5002 0.31527 2.85696 0.634523 15878
1 10 47 21.7379 0.391581 2.96524 0.776902 21702
1 10 48 21.6037 0.327123 2.8437 0.401844 14486
1 10 49 20.0727 0.259611 2.47586 0.504684 25794
1 10 50 20.5594 0.249526 2.34516 0.512708 30069
1 10 51 20.6415 0.281326 2.6795 0.554574 17135
1 10 52 20.0485 0.285463 2.58981 0.559926 17076
1 10 53 21.7566 0.386292 2.93364 0.566918 17653
1 10 54 20.9994 0.27815 2.56135 0.595823 20787
1 10 55 19.3253 0.25831 2.33929 0.634051 20148
1 10 56 19.9732 0.315297 2.79176 0.491195 17428
1 10 57 20.9671 0.379362 2.8783 0.655323 15964
1 10 58 20.2338 0.294895 2.53006 0.714044 16956
1 10 59 20.7352 0.326983 2.68746 0.563797 15928
1 10 60 21.2042 0.336996 2.85402 0.518302 24401
1 10 61 20.6123 0.318961 2.77602 0.684427 16988
1 10 62 19.827 0.295503 2.64972 0.48891 18625
1 10 63 18.6987 0.287044 2.44079 0.57295 18368
1 11 0 22.6185 0.46626 2.92924 0.609687 27459
1 11 1 22.3979 0.427129 2.8643 0.517249 13210
1 11 2 21.507 0.441324 2.66581 0.500664 11515
1 11 3 21.6301 0.370255 2.63792 0.525365 8965
1 11 4 23.5798 0.515953 3.22124 0.43508 7858
1 11 5 22.1162 0.388014 2.84527 0.489847 9716
1 11 6 22.2082 0.376286 2.89647 0.544678 9693
1 11 7 22.548 0.427841 3.04072 0.600384 4673
1 11 8 22.6573 0.420279 3.02961 0.448343 10526
1 11 9 23.8669 0.516399 3.24869 0.466735 7030
1 11 10 21.6052 0.364442 2.66009 0.504089 8919
1 11 11 22.2278 0.442844 3.05335 0.378654 10391
1 11 12 21.5815 0.353559 2.59816 0.541335 10549
1 11 13 22.9976 0.392418 3.3067 0.485413 5398
1 11 14 21.6683 0.360606 2.65165 0.410224 18351
1 11 15 22.9425 0.419749 3.08124 0.452578 6942
1 11 16 21.9224 0.470909 2.94449 0.460011 5937
1 11 17 21.4111 0.352217 2.79809 0.361435 12558
1 11 18 21.4611 0.355944 2.78846 0.606761 8087
1 11 19 24.2846 0.435806 3.2948 0.54769 4191
1 11 20 21.6622 0.401459 2.74265 0.548632 10004
1 11 21 23.5409 0.476896 3.04629 0.567809 7585
1 11 22 22.1166 0.336334 2.52464 0.424187 10393
1 11 23 23.6681 0.546402 3.18293 0.430337 10063
1 11 24 22.0305 0.392792 2.73715 0.680112 13153
1 11 25 22.2147 0.377469 2.65476 0.588085 9295
1 11 26 22.9946 0.485774 3.19415 0.333148 13458
1 11 27 22.0103 0.407607 2.88853 0.357387 8137
1 11 28 22.2514 0.349472 2.73791 0.700553 6337
1 11 29 22.1932 0.418074 2.9317 0.47604 13111
1 11 30 23.101 0.42131 2.78874 0.740415 7106
1 11 31 21.1637 0.298067 2.34474 0.593691 9747
1 11 32 22.3701 0.374894 2.70428 0.449059 7602
1 11 33 21.9281 0.351441 2.74532 0.48061 8273
1 11 34 23.3497 0.45414 3.20931 0.421359 14861
1 11 35 22.305 0.30983 2.49193 0.716638 8172
1 11 36 21.7468 0.368813 2.77241 0.591041 8115
1 11 37 0 -10 0 0 0
1 11 38 22.4641 0.356164 2.69619 0.52403 8219
1 11 39 22.2319 0.439668 2.7875 0.46407 8645
1 11 40 20.9487 0.335131 2.82834 0.39198 10627
1 11 41 21.7235 0.34695 2.55809 0.814472 6280
1 11 42 21.6139 0.380966 2.80285 0.451147 8968
1 11 43 22.4334 0.469362 2.89921 0.448303 12397
1 11 44 21.6845 0.343672 2.77683 0.626485 6081
1 11 45 21.8652 0.360994 2.80362 0.615942 8158
1 11 46 22.3737 0.457129 3.20092 0.515719 13297
1 11 47 22.7593 0.401154 3.11394 0.558045 5840
1 11 48 21.5 -2 0 0 7538
1 11 49 21.2935 0.426507 2.87206 0.404215 9824
1 11 50 20.7621 0.37455 2.63166 0.444681 8392
1 11 51 22.9075 0.517077 3.06768 0.673299 12416
1 11 52 21.0556 0.329933 2.48989 0.52251 16292
1 11 53 22.6087 0.510968 3.28375 0.543164 6767
1 11 54 21.3348 0.374286 2.64437 0.496655 8561
1 11 55 21.5796 0.366515 2.71965 0.456781 14160
1 11 56 22.4547 0.478076 3.28059 0.428778 8997
1 11 57 21.9968 0.448145 3.06978 0.41531 9994
1 11 58 20.85 0.439636 2.62208 0.719959 8976
1 11 59 21.6987 0.451226 3.30448 0.287318 14961
1 11 60 21.5 -2 0 0 7298
1 11 61 21.3646 0.543058 3.24882 0.452847 15009
1 11 62 21.9494 0.438766 2.85311 0.43067 18187
1 11 63 19.9679 0.356477 2.6802 0.323171 16125
1 12 0 21.1342 0.317645 2.79573 0.587406 31197
1 12 1 20.3321 0.291589 2.54473 0.629958 21156
1 12 2 20.8231 0.325854 2.77183 0.554175 19791
1 12 3 21.0644 0.377285 2.82318 0.547051 15251
1 12 4 21.366 0.321144 2.66012 0.564633 17690
1 12 5 19.7945 0.286143 2.56289 0.436229 16220
1 12 6 22.5042 0.337826 2.89768 0.436512 16125
1 12 7 22.6188 0.427918 3.27976 0.421594 18600
1 12 8 20.8343 0.302647 2.60736 0.676744 14698
1 12 9 20.7403 0.329876 2.78817 0.503778 22642
1 12 10 21.9971 0.365427 2.90343 0.486732 26139
1 12 11 21.1793 0.311224 2.72367 0.469353 14075
1 12 12 22.6366 0.410854 3.00776 0.52725 19164
1 12 13 19.9552 0.383005 2.41307 1.087 17754
1 12 14 21.7506 0.393889 2.97449 0.557134 18648
1 12 15 20.7448 0.287313 2.68524 0.533834 14859
1 12 16 21.5621 0.417732 3.11779 0.436156 21539
1 12 17 21.172 0.325226 2.81204 0.419576 12921
1 12 18 20.3641 0.32904 2.57608 0.473203 18324
1 12 19 22.7231 0.419593 2.99905 0.51785 21826
1 12 20 21.5912 0.361675 2.8298 0.615815 12418
1 12 21 20.5677 0.321797 2.64937 0.384039 28898
1 12 22 20.8798 0.330201 2.708 0.741668 14819
1 12 23 20.7983 0.281572 2.57257 0.624601 13492
1 12 24 20.2218 0.255143 2.49523 0.538128 16291
1 12 25 22.0392 0.392388 3.15492 0.382697 13798
1 12 26 20.9524 0.278877 2.63927 0.60113 17356
1 12 27 21.8701 0.335517 2.83205 0.414004 12489
1 12 28 20.3287 0.265224 2.37118 0.581579 23348
1 12 29 21.5166 0.314545 2.78737 0.528771 12609
1 12 30 21.2294 0.312198 2.75053 0.592674 12161
1 12 31 21.6802 0.370174 2.878 0.595314 22138
1 12 32 19.6121 0.26869 2.39332 0.559011 17437
1 12 33 20.8478 0.337135 2.70163 0.512748 13971
1 12 34 22.0364 0.376865 2.93267 0.480368 12038
1 12 35 21.3182 0.329753 2.85912 0.648307 12992
1 12 36 20.345 0.320175 2.68897 0.501067 14517
1 12 37 0 -10 0 0 0
1 12 38 19.9802 0.310744 2.69526 0.495545 18538
1 12 39 21.175 0.288122 2.64105 0.803691 12736
1 12 40 20.2213 0.319357 2.61655 0.522088 15348
1 12 41 19.9013 0.26681 2.44825 0.630077 15357
1 12 42 20.8038 0.312946 2.69707 0.388687 12894
1 12 43 20.9723 0.341049 2.80922 0.693491 12231
1 12 44 21.6268 0.373364 2.94866 0.525574 13119
1 12 45 20.1945 0.316518 2.38032 0.697401 13941
1 12 46 22.6536 0.384912 3.03592 0.577499 11412
1 12 47 21.9148 0.451499 3.24668 0.523794 14575
1 12 48 19.4307 0.299049 2.34224 0.527819 15176
1 12 49 20.3595 0.355083 2.51462 0.620265 13534
1 12 50 20.6808 0.318915 2.6062 0.762369 12636
1 12 51 20.4972 0.303172 2.44105 1.14688 10906
1 12 52 20.6946 0.30425 2.56058 0.45151 14158
1 12 53 21.1501 0.351437 2.80292 0.531459 12973
1 12 54 20.1493 0.325564 2.62581 0.536063 13361
1 12 55 19.9654 0.315869 2.51403 0.747394 10878
1 12 56 21.5 -2 0 0 10784
1 12 57 20.5274 0.345945 2.81617 0.575299 11275
1 12 58 0 -10 0 0 0
1 12 59 21.1255 0.403129 3.10677 0.506618 10695
1 12 60 19.7172 0.331574 2.67554 0.489502 14404
1 12 61 21.0152 0.451818 3.11363 0.509502 9687
1 12 62 19.9568 0.336864 2.74804 0.595365 9893
1 12 63 20.9568 0.388754 2.99535 0.4638 10736
1 13 0 23.6301 0.652816 3.43404 0.52088 16782
1 13 1 22.6997 0.542986 3.26721 0.356304 8253
1 13 2 21.9911 0.434263 3.03537 0.413415 6644
1 13 3 21.112 0.373553 2.44076 0.63827 5834
1 13 4 22.9573 0.495907 3.11579 0.403953 4441
1 13 5 21.007 0.349742 2.36329 0.523939 8430
1 13 6 22.1358 0.414196 2.76949 0.485981 5578
1 13 7 22.0002 0.452911 2.90187 0.378785 3431
1 13 8 23.1301 0.471469 2.89807 0.514839 5206
1 13 9 21.6364 0.492803 3.01447 0.523391 4762
1 13 10 21.6382 0.504744 3.00341 0.518687 4868
1 13 11 21.6196 0.463592 2.68211 0.412951 6746
1 13 12 21.9257 0.408977 2.79195 0.466817 5301
1 13 13 23.9967 0.66327 3.03777 0.561175 3205
1 13 14 20.9636 0.456351 2.71467 0.628431 11463
1 13 15 23.5898 0.49634 3.0234 0.621456 4387
1 13 16 23.5001 0.583876 2.86648 0.528204 3889
1 13 17 22.4274 0.430461 2.79429 0.560413 7446
1 13 18 21.7632 0.497403 2.72154 0.417611 6155
1 13 19 23.0298 0.537058 2.98131 0.624116 3575
1 13 20 21.5 -2 0 0 6191
1 13 21 22.6422 0.496878 3.14132 0.444819 5129
1 13 22 23.3086 0.442635 2.97244 0.487459 3922
1 13 23 23.7242 0.535052 3.43491 0.447508 5782
1 13 24 21.7941 0.441797 2.64427 0.368988 7191
1 13 25 22.0787 0.539584 3.05079 0.492572 3916
1 13 26 22.8261 0.444345 2.80573 0.409523 8478
1 13 27 23.2789 0.449728 2.94628 0.617731 4141
1 13 28 21.2055 0.418511 2.71961 0.59304 4808
1 13 29 23.0306 0.458799 2.97125 0.384768 7077
1 13 30 24.085 1.61039 3.09072 0.63788 4333
1 13 31 22.8435 0.393653 2.78036 0.664969 3843
1 13 32 21.5914 0.372537 2.49774 0.534646 4706
1 13 33 21.9308 0.407943 2.90839 0.487351 4863
1 13 34 22.0298 0.524584 2.95678 0.38705 10194
1 13 35 22.5211 0.508505 3.0012 0.450254 4549
1 13 36 22.041 0.458928 2.73678 0.569862 5241
1 13 37 0 -10 0 0 0
1 13 38 22.2918 0.448397 2.80489 0.63349 4889
1 13 39 21.0526 0.425698 2.67516 0.422681 12047
1 13 40 22.13 0.379772 2.5167 0.576104 8499
1 13 41 22.4563 0.418496 3.01048 0.584589 4142
1 13 42 22.946 0.487095 2.97578 0.469191 6398
1 13 43 22.7849 0.484798 2.9052 0.36931 10656
1 13 44 22.0673 0.476838 3.02516 0.429388 5821
1 13 45 22.2437 0.490637 2.91337 0.388776 6514
1 13 46 22.733 0.545621 3.02171 0.35193 9800
1 13 47 21.6646 0.530406 3.00785 0.499268 5960
1 13 48 21.6361 0.552851 2.87588 0.57896 5515
1 13 49 23.6761 0.526112 3.17174 0.445331 6965
1 13 50 21.3994 0.409682 2.6626 0.445575 7022
1 13 51 22.8721 0.507037 3.3807 0.285276 10551
1 13 52 21.6226 0.441936 2.81685 0.535653 9281
1 13 53 21.5993 0.521483 2.85305 0.352568 10412
1 13 54 21.6633 0.408059 2.64435 0.367318 10119
1 13 55 22.1667 0.50457 2.92272 0.341095 13176
1 13 56 21.2457 0.497369 2.8104 0.409755 11042
1 13 57 21.558 0.515841 2.7911 0.359076 12626
1 13 58 20.7163 0.393263 2.47448 0.421932 11705
1 13 59 21.4841 0.493732 3.20759 0.368275 11056
1 13 60 22.7647 0.536813 3.36534 0.476814 5748
1 13 61 22.4965 0.667664 3.55874 0.258753 14440
1 13 62 22.0696 0.604351 3.32566 0.306835 15134
1 13 63 21.115 0.488931 2.82281 0.436116 9700
1 14 0 24.533 0.697693 3.38794 0.618047 17188
1 14 1 24.866 0.806999 3.5226 0.295309 6879
1 14 2 25.655 0.766854 3.94089 0.242167 7139
1 14 3 25.6744 0.662598 3.32645 0.429435 4365
1 14 4 23.2749 0.638905 3.00913 0.442548 5866
1 14 5 24.1585 0.587161 3.2043 0.356127 5798
1 14 6 23.534 0.563393 3.06408 0.588658 7859
1 14 7 25.846 0.508115 3.48431 0.389214 4734
1 14 8 24.938 0.575973 3.40701 0.26729 5069
1 14 9 25.9598 1.02425 3.60032 0.321755 8208
1 14 10 24.5767 0.802463 3.33136 0.37119 9612
1 14 11 24.6857 0.641906 3.49686 0.312869 4818
1 14 12 24.8109 0.678822 3.27094 0.39692 6342
1 14 13 25.6117 0.599205 3.52418 0.392499 5092
1 14 14 26.0608 0.773312 3.80925 0.277655 4577
1 14 15 25.3667 0.53077 3.10486 0.347546 3205
1 14 16 25.1119 0.778496 3.69346 0.443394 9030
1 14 17 24.803 0.637636 3.36104 0.346412 4273
1 14 18 25.3433 0.538825 3.36007 0.338613 3701
1 14 19 25.5753 1.79352 3.5433 0.351434 4504
1 14 20 26.0558 0.640388 3.63594 0.285382 4100
1 14 21 26.4821 1.07517 3.80759 0.357546 7488
1 14 22 24.3367 0.610094 3.28691 0.339825 6757
1 14 23 24.4948 0.561896 3.61654 0.221122 2937
1 14 24 24.2999 0.601219 3.36824 0.269282 4979
1 14 25 25.8318 0.722903 3.68579 0.237953 5869
1 14 26 25.5183 0.582287 3.34936 0.545741 3540
1 14 27 24.35 0.524041 3.20535 0.435 5228
1 14 28 25.7283 0.672087 3.38199 0.426501 4100
1 14 29 24.9696 0.717046 3.24849 0.357104 5379
1 14 30 23.9053 0.729462 2.97534 0.367095 5005
1 14 31 25.678 0.557157 3.30588 0.511558 3492
1 14 32 25.058 0.729024 3.23938 0.416004 3829
1 14 33 24.9009 0.586728 3.13516 0.556717 3562
1 14 34 25.2823 0.626882 3.3757 0.296673 3840
1 14 35 25.0985 0.788283 3.55388 0.295916 5042
1 14 36 27.0211 0.731109 3.7231 0.288997 2715
1 14 37 0 -10 0 0 0
1 14 38 25.0141 0.655369 3.35629 0.564908 3781
1 14 39 25.7729 0.778487 3.4892 0.429267 1900
1 14 40 23.7512 0.621714 2.97781 0.420285 4380
1 14 41 24.6033 0.618458 3.0378 0.289273 4586
1 14 42 24.1789 0.621375 2.95999 0.437127 4188
1 14 43 24.9166 0.617478 3.50562 0.415487 3258
1 14 44 24.0191 0.582185 3.05387 0.376658 4789
1 14 45 23.6097 0.645271 3.09986 0.380329 4432
1 14 46 25.0855 0.696701 3.98924 0.332421 3393
1 14 47 26.8127 0.694969 4.09454 0.351132 1557
1 14 48 26.3776 0.560314 3.52318 0.384326 3342
1 14 49 25.0179 0.756148 3.41494 0.354067 3706
1 14 50 23.5501 0.635174 3.2339 0.342918 4144
1 14 51 25.0162 0.844762 3.50736 0.496302 2152
1 14 52 24.4465 0.714784 3.4801 0.343786 3872
1 14 53 23.3433 0.723912 2.86444 0.418613 2818
1 14 54 24.3124 0.528166 2.99292 0.389062 3595
1 14 55 23.7219 0.753924 3.31566 0.304187 3856
1 14 56 24.8008 1.12834 3.40634 0.325706 2897
1 14 57 23.9683 0.735667 3.13466 0.426605 1652
1 14 58 23.5881 0.574813 2.9433 0.577324 3834
1 14 59 23.8675 0.793739 3.24006 0.457094 4138
1 14 60 23.1697 0.777053 3.11867 0.504569 2435
1 14 61 24.2099 0.675183 3.57511 0.418509 1711
1 14 62 23.7761 0.668881 3.364 0.375585 3578
1 14 63 23.2231 0.650989 3.22058 0.341373 3741
1 15 0 22.4829 0.701672 3.47541 0.427185 9650
1 15 1 24.1701 0.69653 2.94788 0.452702 1652
1 15 2 23.7895 0.637003 3.5204 0.350573 1484
1 15 3 24.4785 0.743724 3.21118 0.367204 2090
1 15 4 23.8006 0.576521 3.25769 0.380436 2394
1 15 5 23.2231 0.579643 2.96436 0.340265 2869
1 15 6 23.7623 0.615926 2.94493 0.586692 1434
1 15 7 23.6702 0.646703 3.09836 0.417127 2202
1 15 8 24.4193 0.64817 3.20615 0.360485 2597
1 15 9 23.1957 0.69137 3.0305 0.305613 1924
1 15 10 22.9311 0.626239 3.04076 0.558686 1135
1 15 11 23.7098 0.621428 2.99897 0.421211 2853
1 15 12 22.5501 0.56915 2.79702 0.349171 4430
1 15 13 22.2447 0.550259 2.75206 0.379964 2974
1 15 14 23.3317 0.532666 2.8326 0.480611 3798
1 15 15 24.3041 0.716656 3.20995 0.326844 3258
1 15 16 23.4396 0.775749 4.02595 0.523567 1057
1 15 17 22.179 0.564436 2.68343 0.299623 4131
1 15 18 23.9072 0.555236 3.02493 0.334206 2732
1 15 19 23.7233 0.51292 2.90649 0.529822 2074
1 15 20 25.0744 0.66061 3.41057 0.409604 2409
1 15 21 23.7824 0.842245 3.15919 0.526332 1410
1 15 22 22.325 0.565725 2.82775 0.479838 2395
1 15 23 23.3169 0.593042 2.94457 0.37251 3156
1 15 24 23.3597 0.625105 2.8392 0.413303 3001
1 15 25 23.695 0.489328 2.76893 0.426938 2998
1 15 26 22.7308 0.550783 2.84694 0.350529 4471
1 15 27 22.7445 0.57554 2.88784 0.43933 2587
1 15 28 22.8536 0.585553 2.91955 0.466358 2791
1 15 29 24.2557 0.652631 3.19033 0.317784 3311
1 15 30 22.9336 0.628971 2.90678 0.35097 3000
1 15 31 22.4955 0.531575 2.51626 0.453204 3770
1 15 32 23.5363 0.660916 2.8858 0.308177 3971
1 15 33 23.4762 0.696427 3.03296 0.405152 3140
1 15 34 24.7193 0.787248 3.76003 0.409132 3259
1 15 35 22.6501 0.533294 2.56934 0.394814 3848
1 15 36 23.8352 0.602746 3.32123 0.325994 2429
1 15 37 0 -10 0 0 0
1 15 38 23.3572 0.62015 2.95159 0.345181 2898
1 15 39 21.5 -2 0 0 5103
1 15 40 22.1771 0.558327 2.97694 0.262963 5184
1 15 41 22.3539 0.599291 2.69363 0.407992 4692
1 15 42 21.5 -2 0 0 2820
1 15 43 23.4206 0.544165 3.05348 0.390062 3352
1 15 44 23.3194 0.650703 2.72179 0.266371 4761
1 15 45 23.1267 0.697328 3.07682 0.334843 2270
1 15 46 24.8076 0.792791 3.68872 0.297762 3851
1 15 47 22.9555 0.598499 3.09422 0.356978 4444
1 15 48 22.1888 0.692551 2.81506 0.489069 3629
1 15 49 24.61 0.720657 3.30226 0.307081 3340
1 15 50 23.0458 0.684485 2.97998 0.313936 2937
1 15 51 23.1612 0.574044 3.14626 0.308692 6863
1 15 52 22.2571 0.610171 3.00838 0.326957 5057
1 15 53 22.5813 0.587519 2.90032 0.429937 3996
1 15 54 22.9088 0.616327 3.01028 0.489468 3075
1 15 55 23.2993 0.724026 3.36815 0.207376 4651
1 15 56 22.0781 0.654483 3.15251 0.283768 5215
1 15 57 22.283 0.608423 2.96456 0.350547 6400
1 15 58 21.5 -2 0 0 3568
1 15 59 23.6549 0.755118 3.18015 0.380892 4013
1 15 60 21.8078 0.722879 3.10108 0.378188 4437
1 15 61 22.9529 0.88054 3.50486 0.250963 6922
1 15 62 22.2964 0.836437 2.83909 0.365267 7377
1 15 63 21.9534 0.757635 3.00856 0.441225 3989
2 0 0 19.5507 0.239708 2.48179 0.819682 14983
2 0 1 18.2507 0.22816 2.25961 0.649945 13558
2 0 2 19.1611 0.220896 2.34808 0.601364 14015
2 0 3 18.2794 0.20868 2.05692 0.691408 10622
2 0 4 18.6922 0.231938 2.06793 0.719349 12292
2 0 5 18.4048 0.217649 2.07319 0.507629 12299
2 0 6 18.4037 0.225589 2.06826 0.500748 13430
2 0 7 19.1905 0.226387 2.12219 0.883043 13039
2 0 8 19.0814 0.220855 1.98253 0.897831 14414
2 0 9 18.0276 0.232391 1.97748 0.671974 12187
2 0 10 18.9232 0.227271 2.20473 0.693573 11558
2 0 11 21.5 -2 0 0 16139
2 0 12 18.6019 0.220349 2.00633 0.6449 11110
2 0 13 18.5583 0.226073 2.00918 0.597709 12324
2 0 14 18.9395 0.236504 2.50321 0.558642 16036
2 0 15 19.0049 0.217026 2.21394 0.587383 12542
2 0 16 18.0882 0.25718 2.31138 0.761825 9614
2 0 17 18.591 0.24664 2.28331 0.449381 16985
2 0 18 18.7628 0.224905 2.10915 0.630508 8999
2 0 19 19.3311 0.232784 2.21609 0.612211 13181
2 0 20 19.0922 0.236332 2.27295 0.635957 10444
2 0 21 18.4136 0.226918 2.16826 0.67772 12554
2 0 22 18.1958 0.233032 2.26187 0.762706 8300
2 0 23 19.2285 0.238213 2.32683 0.600316 16594
2 0 24 19.1359 0.209831 2.16556 0.623225 15967
2 0 25 18.9824 0.232146 2.19747 0.636335 14855
2 0 26 19.2797 0.242501 2.46838 0.616695 17330
2 0 27 19.3141 0.217436 2.26985 0.518958 11547
2 0 28 18.755 0.217901 1.96576 0.626282 12962
2 0 29 18.8148 0.215167 2.23162 0.601507 18795
2 0 30 18.9949 0.225505 2.30051 0.64303 9012
2 0 31 19.3066 0.21968 2.06344 0.762071 16606
2 0 32 18.5772 0.216 2.16189 0.581197 13203
2 0 33 18.781 0.218015 2.04999 0.946304 14710
2 0 34 19.2267 0.249537 2.4232 0.507028 22402
2 0 35 20.3202 0.231067 2.455 0.596718 15206
2 0 36 19.2826 0.22705 2.04101 1.02906 11102
2 0 37 19.0616 0.2358 2.22117 0.712514 15391
2 0 38 19.5978 0.224573 2.19833 0.448902 18710
2 0 39 19.106 0.242443 2.37907 0.635656 23200
2 0 40 19.1392 0.228442 2.33312 0.771333 11531
2 0 41 18.7372 0.206856 2.09553 0.559961 13768
2 0 42 18.6936 0.234276 2.37391 0.534401 15846
2 0 43 19.0224 0.232977 2.20365 0.630443 18095
2 0 44 19.0254 0.23693 1.89844 1.06934 15356
2 0 45 19.7834 0.240821 2.21996 0.524179 15137
2 0 46 18.9843 0.250146 2.57103 0.429498 21147
2 0 47 19.2586 0.239533 2.56366 0.536507 19435
2 0 48 18.5102 0.221263 2.09639 0.542786 15448
2 0 49 19.2785 0.224142 2.3361 0.565358 15223
2 0 50 18.6274 0.25594 2.2712 0.507781 15292
2 0 51 19.1141 0.296005 2.53221 0.602116 26316
2 0 52 19.2873 0.251939 2.37242 0.544444 18680
2 0 53 19.1893 0.252072 2.5742 0.657834 17326
2 0 54 18.8808 0.231089 2.2197 0.653747 17570
2 0 55 18.6663 0.243141 2.26441 0.387925 23173
2 0 56 18.437 0.256964 2.53088 0.58871 20006
2 0 57 18.6598 0.283241 2.6078 0.540644 22453
2 0 58 18.7805 0.23341 2.36998 0.416554 17269
2 0 59 18.3571 0.27566 2.50847 0.484826 21948
2 0 60 19.1575 0.303312 2.52661 0.583345 20118
2 0 61 18.9868 0.319881 2.81451 0.603612 25352
2 0 62 17.7687 0.290002 2.50254 0.497414 25028
2 0 63 19.2766 0.282438 2.65663 0.495114 17750
2 1 0 20.9849 0.340755 2.7879 0.832564 23655
2 1 1 19.6827 0.258732 2.71963 0.489259 26127
2 1 2 19.7294 0.261992 2.64442 0.516482 23522
2 1 3 19.7569 0.24351 2.3008 0.619085 22057
2 1 4 18.9404 0.24707 2.49998 0.567488 17742
2 1 5 19.7909 0.223164 2.24977 0.899129 22716
2 1 6 19.7637 0.292689 2.62229 0.688417 25251
2 1 7 19.9865 0.285789 2.74539 0.570719 21369
2 1 8 19.475 0.230161 2.46542 0.568687 19577
2 1 9 19.9228 0.270251 2.72152 0.650903 22842
2 1 10 20.0872 0.280376 2.8652 0.675722 21399
2 1 11 19.718 0.223903 2.41752 0.506848 21455
2 1 12 19.6031 0.26446 2.57428 0.675094 17172
2 1 13 20.2926 0.252436 2.5028 0.528942 17807
2 1 14 19.0722 0.233338 2.52233 0.55843 22298
2 1 15 19.7122 0.235054 2.42923 0.718739 19436
2 1 16 20.581 0.315668 2.85847 0.706373 27819
2 1 17 19.5111 0.22013 2.41409 0.542295 21180
2 1 18 19.5126 0.235989 2.38419 0.588303 14010
2 1 19 20.0115 0.302442 2.78062 0.871071 17097
2 1 20 19.999 0.269236 2.67811 0.746718 10695
2 1 21 20.5667 0.269926 2.71124 0.578729 24432
2 1 22 19.9513 0.245311 2.44708 0.453775 19378
2 1 23 19.3713 0.217924 2.31746 0.727585 15316
2 1 24 19.9175 0.22329 2.36876 0.669063 21489
2 1 25 19.7675 0.253463 2.52805 0.573086 18776
2 1 26 19.4577 0.237168 2.48305 0.627503 20341
2 1 27 19.0979 0.21324 2.26616 0.605943 17912
2 1 28 20.3455 0.233154 2.45762 0.487416 17134
2 1 29 20.2528 0.228034 2.47596 0.488917 15375
2 1 30 19.9553 0.237652 2.46117 0.704044 11826
2 1 31 20.5075 0.283719 2.63446 0.751021 16194
2 1 32 20.2718 0.239464 2.48623 0.599566 15170
2 1 33 20.9034 0.268297 2.6187 0.61842 13578
2 1 34 20.9304 0.278773 2.74235 0.602466 18006
2 1 35 20.557 0.264318 2.63098 0.69191 14630
2 1 36 20.1047 0.224766 2.41279 0.584506 12665
2 1 37 20.1474 0.231106 2.3024 0.68685 12679
2 1 38 19.9448 0.246356 2.33762 0.703772 11010
2 1 39 19.8882 0.226736 2.38388 0.580832 12719
2 1 40 20.0031 0.235428 2.44176 0.529479 13464
2 1 41 19.4652 0.227384 2.30904 0.55911 12428
2 1 42 19.3386 0.228036 2.2532 0.658861 12779
2 1 43 20.1249 0.242411 2.48529 0.577958 13575
2 1 44 21.5 -2 0 0 11412
2 1 45 19.5006 0.239746 2.14747 0.745304 14894
2 1 46 19.9686 0.225045 2.42639 0.601852 17140
2 1 47 20.1093 0.268956 2.6804 0.751863 11943
2 1 48 19.8119 0.233966 2.31498 0.684031 12402
2 1 49 19.6118 0.227716 2.15861 0.848294 14437
2 1 50 19.4247 0.239045 2.06487 0.899097 11585
2 1 51 19.7581 0.261546 2.68133 0.726717 11650
2 1 52 19.9625 0.242358 2.50374 0.637742 12735
2 1 53 19.4545 0.262751 2.50856 0.647535 8334
2 1 54 19.4604 0.239788 2.35019 0.579442 12508
2 1 55 19.4211 0.226662 2.27586 0.530339 11809
2 1 56 20.0268 0.267381 2.64088 0.604807 10985
2 1 57 19.125 0.219149 2.22267 0.813993 13916
2 1 58 19.6826 0.236839 2.32937 0.526076 14784
2 1 59 19.6007 0.250072 2.65543 0.572607 14467
2 1 60 19.1892 0.24009 2.45476 0.557985 11723
2 1 61 20.0954 0.30168 2.79638 0.719304 12688
2 1 62 20.235 0.307132 2.79321 0.659393 11556
2 1 63 18.9428 0.251297 2.29087 0.669842 12989
2 2 0 23.6029 0.507309 3.35708 0.650714 18714
2 2 1 22.3968 0.435646 3.2238 0.556614 20137
2 2 2 23.2138 0.463982 3.2685 0.630789 19114
2 2 3 21.8384 0.326753 2.85736 0.512906 15108
2 2 4 21.5986 0.327542 2.74778 0.593061 16639
2 2 5 21.5995 0.344499 2.79367 0.460036 16545
2 2 6 22.1196 0.387441 2.95122 0.734833 18276
2 2 7 22.5843 0.376126 3.21295 0.701194 10323
2 2 8 22.6645 0.404937 2.95453 0.57137 16991
2 2 9 24.3211 0.452122 3.26059 0.582417 13238
2 2 10 22.3394 0.466519 3.26675 0.607051 14315
2 2 11 22.2009 0.36113 2.91812 0.473235 15691
2 2 12 23.0617 0.427145 3.2459 0.551946 14253
2 2 13 22.2045 0.323649 2.65836 0.67292 12269
2 2 14 22.4455 0.370908 3.09664 0.583666 21404
2 2 15 21.5 -2 0 0 12038
2 2 16 0 -10 0 0 0
2 2 17 22.0622 0.399451 2.87183 0.52096 18237
2 2 18 21.6903 0.351071 2.76875 0.491199 14388
2 2 19 21.5544 0.309252 2.73452 0.587408 14873
2 2 20 21.432 0.326078 2.76787 0.627942 16551
2 2 21 22.3164 0.368597 2.9344 0.568949 18093
2 2 22 21.7573 0.338498 2.81302 0.685542 13230
2 2 23 22.585 0.433404 2.94291 0.633879 14322
2 2 24 24.0179 0.443816 3.22129 0.598761 15780
2 2 25 22.4389 0.340746 2.87989 0.587745 11866
2 2 26 22.2004 0.380815 3.02556 0.557154 21032
2 2 27 22.8277 0.392831 3.0525 0.559613 11740
2 2 28 21.4333 0.313343 2.63141 0.437805 14068
2 2 29 22.052 0.377469 2.84602 0.699028 18766
2 2 30 22.5889 0.391668 2.89185 0.583479 12600
2 2 31 22.731 0.365432 2.84916 0.522365 13006
2 2 32 22.8327 0.347069 2.91313 0.513167 10665
2 2 33 22.1626 0.304417 2.73181 0.478006 14472
2 2 34 23.2149 0.44104 3.22482 0.630769 17417
2 2 35 21.513 0.298256 2.73631 0.544143 12501
2 2 36 22.0114 0.310635 2.75442 0.504978 17379
2 2 37 21.7097 0.291488 2.62337 0.711895 15563
2 2 38 22.0002 0.389911 3.00316 0.518236 13574
2 2 39 22.5716 0.385018 2.98255 0.583766 14780
2 2 40 22.7715 0.428728 2.85575 0.675256 14895
2 2 41 22.1836 0.379401 2.89265 0.58479 13983
2 2 42 22.1974 0.363976 2.87048 0.49205 15868
2 2 43 22.9099 0.347417 2.96281 0.547325 19017
2 2 44 21.4937 0.256027 2.47338 0.589796 13675
2 2 45 22.4228 0.375868 2.92854 0.498103 12432
2 2 46 21.1087 0.33426 2.79753 0.475644 22564
2 2 47 24.3109 0.48102 3.39723 0.651163 7081
2 2 48 23.0074 0.390954 3.00426 0.476315 14621
2 2 49 21.5 -2 0 0 18453
2 2 50 22.8901 0.409719 3.11755 0.493057 11317
2 2 51 22.5154 0.406125 3.00816 0.577902 18558
2 2 52 21.9439 0.369491 2.75373 0.485778 21702
2 2 53 22.0097 0.397769 3.0506 0.504318 12535
2 2 54 21.7885 0.356233 2.93149 0.477475 14442
2 2 55 21.571 0.360753 2.86209 0.366137 17341
2 2 56 23.1299 0.539893 3.54765 0.490936 12760
2 2 57 22.2854 0.469341 3.15562 0.580767 18166
2 2 58 20.6992 0.349463 2.68847 0.410452 18031
2 2 59 21.5773 0.473848 3.0299 0.485341 23115
2 2 60 22.2875 0.421175 3.23246 0.45429 10224
2 2 61 21.996 0.568096 3.51092 0.567399 22228
2 2 62 22.5389 0.495975 3.39964 0.49924 18273
2 2 63 21.9574 0.392278 3.1824 0.376834 15582
2 3 0 21.5 -2 0 0 17007
2 3 1 22.3341 0.346939 3.23162 0.57975 17338
2 3 2 21.9664 0.332378 2.89976 0.688617 20682
2 3 3 21.6004 0.26699 2.58585 0.596421 25343
2 3 4 22.4921 0.273337 2.78895 0.50452 19673
2 3 5 21.5947 0.279139 2.70307 0.614727 23753
2 3 6 22.2342 0.316759 3.05587 0.709112 20211
2 3 7 22.5171 0.354756 2.99491 0.609513 24664
2 3 8 22.1803 0.2829 2.78788 0.589433 18502
2 3 9 22.453 0.351457 3.14022 0.685151 18869
2 3 10 22.2168 0.358972 2.95105 0.658996 20326
2 3 11 22.6431 0.305464 2.84881 0.68131 17422
2 3 12 21.4017 0.2764 2.58995 0.574098 24049
2 3 13 21.5 -2 0 0 25295
2 3 14 23.1109 0.342123 3.05319 0.712835 22429
2 3 15 21.8519 0.274939 2.68062 0.587056 23667
2 3 16 22.7555 0.366793 3.19915 0.816307 20059
2 3 17 23.358 0.321251 2.93323 0.71475 17824
2 3 18 22.8495 0.289528 2.69631 0.667967 17185
2 3 19 23.4276 0.349581 3.00908 0.714989 21979
2 3 20 21.6561 0.294799 2.78154 0.576917 17509
2 3 21 22.3814 0.357075 2.94093 0.683275 22503
2 3 22 21.2413 0.260895 2.60379 0.903998 25870
2 3 23 21.7248 0.294849 2.80552 0.734305 17762
2 3 24 23.0042 0.307675 2.91231 0.666735 19878
2 3 25 22.0133 0.278347 2.73378 0.57366 25444
2 3 26 22.5308 0.346893 2.959 0.858528 16418
2 3 27 21.1791 0.231648 2.41796 0.671674 18017
2 3 28 21.5 -2 0 0 24034
2 3 29 22.5676 0.296202 2.68076 0.702732 17177
2 3 30 22.1385 0.329861 2.74065 0.810216 14878
2 3 31 22.6939 0.315115 2.91116 0.641622 23203
2 3 32 22.3642 0.278223 2.71029 0.601843 23662
2 3 33 22.5017 0.29056 2.77306 0.737098 16329
2 3 34 22.9177 0.387678 3.20917 0.774516 17535
2 3 35 22.5259 0.306471 2.86184 0.829047 24811
2 3 36 22.2793 0.346596 2.87786 0.737633 14443
2 3 37 23.2534 0.337852 2.89506 0.837473 14387
2 3 38 22.6072 0.362694 3.20103 0.691526 23584
2 3 39 22.4521 0.318446 2.86835 0.66953 18043
2 3 40 22.8586 0.353088 3.06928 0.700123 14923
2 3 41 22.0389 0.296928 2.72556 0.682817 23021
2 3 42 22.0574 0.270655 2.64604 0.707626 20394
2 3 43 22.5725 0.373561 2.8449 0.876698 16002
2 3 44 21.5268 0.263903 2.80192 0.492679 21746
2 3 45 21.9608 0.309622 2.74695 0.63633 21287
2 3 46 22.4607 0.397466 2.97967 0.765331 15863
2 3 47 23.5198 0.514269 3.46591 0.832906 21789
2 3 48 23.1312 0.421974 2.9832 0.814482 17616
2 3 49 21.5789 0.262888 2.7141 0.604325 19638
2 3 50 22.0118 0.288168 2.63119 0.683904 20398
2 3 51 22.7108 0.389855 3.18607 0.806687 17692
2 3 52 22.69 0.32122 2.9076 0.60777 19251
2 3 53 22.6469 0.382557 3.10529 0.717965 22001
2 3 54 23.1507 0.33525 2.96643 0.778764 16079
2 3 55 21.586 0.312106 2.96701 0.58879 21754
2 3 56 22.2983 0.362786 3.09055 0.676637 19420
2 3 57 22.3321 0.34092 2.97993 0.782494 20089
2 3 58 21.6233 0.316759 2.82332 0.590631 22485
2 3 59 21.7493 0.372713 3.08461 0.677401 18398
2 3 60 21.9023 0.404391 3.14308 0.789513 21265
2 3 61 23.1148 0.452722 3.48503 0.757857 17052
2 3 62 22.6777 0.445688 3.41015 0.649734 17494
2 3 63 20.5813 0.259424 2.54438 0.815806 21760
2 4 0 21.6056 0.425664 3.0253 0.438001 24288
2 4 1 20.1045 0.400028 2.80799 0.450109 18385
2 4 2 22.5198 0.589622 3.33927 0.436264 13791
2 4 3 20.681 0.368896 2.46297 0.752977 10255
2 4 4 19.8707 0.383467 2.55301 0.401734 11892
2 4 5 20.0584 0.34345 2.58473 0.542976 13889
2 4 6 20.4087 0.414742 2.76834 0.327157 18515
2 4 7 20.4913 0.402355 2.74213 0.461779 9969
2 4 8 19.7108 0.330509 2.46395 0.393415 16002
2 4 9 20.3288 0.391258 2.80953 0.428576 14288
2 4 10 21.6677 0.508187 2.98741 0.476496 11365
2 4 11 21.2471 0.401234 2.8656 0.450354 12455
2 4 12 20.6969 0.384577 2.49317 0.485247 12507
2 4 13 20.4611 0.321856 2.4181 0.643009 9626
2 4 14 21.2787 0.411355 2.90363 0.369915 18714
2 4 15 21.0108 0.377026 2.63357 0.596293 9581
2 4 16 20.2909 0.4279 2.69479 0.507279 11927
2 4 17 20.6999 0.393563 2.60943 0.456357 13621
2 4 18 20.2301 0.42653 2.59769 0.350755 10867
2 4 19 21.5605 0.390463 2.68597 0.695698 8370
2 4 20 21.0763 0.377368 2.62449 0.459227 8098
2 4 21 20.206 0.338661 2.60286 0.475683 18945
2 4 22 20.7339 0.346269 2.5326 0.558689 10022
2 4 23 20.8276 0.33853 2.4983 0.483922 11793
2 4 24 21.5 -2 0 0 17590
2 4 25 19.6948 0.301966 2.43412 0.353365 10628
2 4 26 21.3623 0.47576 3.01526 0.436973 16994
2 4 27 20.1854 0.30858 2.34055 0.644777 8073
2 4 28 20.9738 0.37054 2.59628 0.483795 9019
2 4 29 20.407 0.323647 2.51418 0.451095 17038
2 4 30 21.535 0.452703 2.85387 0.504352 7244
2 4 31 20.341 0.32846 2.33139 0.704665 9340
2 4 32 20.369 0.30771 2.45162 0.531732 8865
2 4 33 20.5068 0.323448 2.41851 0.6556 8879
2 4 34 21.3875 0.485001 2.92281 0.477749 15032
2 4 35 19.7836 0.351782 2.43734 0.622821 9006
2 4 36 20.3214 0.327775 2.37457 0.511429 8266
2 4 37 21.5292 0.448279 2.72634 0.426827 8750
2 4 38 18.9834 0.319436 2.41562 0.494713 9036
2 4 39 20.7914 0.392273 2.76869 0.658098 8620
2 4 40 20.0375 0.323479 2.41391 0.470831 13369
2 4 41 19.8033 0.307047 2.14935 0.69561 9686
2 4 42 20.7472 0.356747 2.58709 0.50302 9201
2 4 43 22.0212 0.462405 3.13509 0.444846 11435
2 4 44 19.8638 0.32136 2.38635 0.433203 8549
2 4 45 20.7491 0.371265 2.67503 0.419202 9312
2 4 46 20.9197 0.401837 2.88788 0.380551 15499
2 4 47 19.6765 0.408227 2.54236 0.524031 8134
2 4 48 21.0996 0.371053 2.69223 0.468805 7565
2 4 49 20.0747 0.352257 2.55359 0.482406 11751
2 4 50 20.4106 0.34219 2.52217 0.475314 8040
2 4 51 21.4468 0.486762 2.93363 0.734703 9318
2 4 52 19.5708 0.348398 2.56821 0.623628 12160
2 4 53 20.2917 0.397666 2.77126 0.367039 7377
2 4 54 19.8183 0.307976 2.22756 0.869299 8973
2 4 55 20.128 1.36112 2.55833 0.644177 11537
2 4 56 20.4343 0.391491 2.9008 0.436566 11010
2 4 57 19.7323 0.372023 2.56756 0.685204 10398
2 4 58 21.3047 0.445083 2.89794 0.418927 8359
2 4 59 21.4346 0.541494 3.17659 0.440412 11708
2 4 60 19.8629 0.397152 2.69003 0.573306 8271
2 4 61 20.3758 0.514243 3.08113 0.600245 12538
2 4 62 21.0172 0.533333 3.39228 0.417492 10648
2 4 63 20.0458 0.424204 2.81502 0.421562 9606
2 5 0 20.322 0.294938 2.93129 0.575468 14303
2 5 1 19.4533 0.277784 2.6922 0.613197 15860
2 5 2 20.3835 0.242523 2.64411 0.673662 18171
2 5 3 20.1364 0.239214 2.46955 0.514809 18736
2 5 4 20.5111 0.240229 2.51919 0.609235 18171
2 5 5 19.6861 0.24043 2.41056 0.680782 16751
2 5 6 19.3953 0.229348 2.50557 0.426606 18212
2 5 7 20.2566 0.271352 2.78861 0.633451 17795
2 5 8 19.8676 0.219098 2.35329 0.490308 18877
2 5 9 19.6722 0.24462 2.58419 0.546604 17254
2 5 10 19.7 0.220701 2.48215 0.61577 19728
2 5 11 19.4389 0.224091 2.33909 0.364435 18945
2 5 12 19.8106 0.221608 2.34269 0.582322 17408
2 5 13 20.0844 0.245051 2.48486 0.554726 17962
2 5 14 19.9081 0.262322 2.6383 0.487254 14948
2 5 15 20.3391 0.21351 2.38927 0.418404 20320
2 5 16 20.7168 0.265755 2.84972 0.691392 18967
2 5 17 20.1404 0.240069 2.43899 0.571456 16448
2 5 18 19.7042 0.209198 2.01038 1.29805 18652
2 5 19 20.6404 0.232942 2.61518 0.535939 21863
2 5 20 20.288 0.242484 2.51041 0.570398 17699
2 5 21 19.2587 0.232323 2.5044 0.474128 19079
2 5 22 19.6286 0.227068 2.48693 0.580348 18716
2 5 23 20.0718 0.240886 2.38741 0.830474 19230
2 5 24 19.4128 0.217477 2.39193 0.602508 15623
2 5 25 20.7558 0.272129 2.78481 0.505161 19568
2 5 26 19.6367 0.248648 2.61289 0.650058 18412
2 5 27 19.7756 0.213298 2.44047 0.495372 18464
2 5 28 20.0751 0.24659 2.47003 0.663827 21617
2 5 29 19.7974 0.216805 2.36694 0.605761 19022
2 5 30 20.4094 0.228608 2.35023 0.613021 18804
2 5 31 19.6568 0.24076 2.61604 0.44336 25633
2 5 32 20.1697 0.231871 2.56554 0.49141 19460
2 5 33 20.2667 0.233934 2.55137 0.422514 20418
2 5 34 20.6766 0.267143 2.71046 0.576786 20840
2 5 35 20.535 0.276434 2.7201 0.566189 24295
2 5 36 20.2311 0.234603 2.5472 0.478548 20627
2 5 37 19.8826 0.223246 2.2991 0.810891 19991
2 5 38 20.4137 0.256366 2.66799 0.522448 25276
2 5 39 19.7413 0.251629 2.64103 0.440672 33426
2 5 40 19.5608 0.244907 2.2425 0.872639 24082
2 5 41 20.6094 0.246914 2.57235 0.560949 19878
2 5 42 20.5003 0.271891 2.72133 0.516085 19587
2 5 43 20.5058 0.252911 2.6305 0.470526 20195
2 5 44 19.8345 0.242781 2.30566 0.717871 22930
2 5 45 19.6717 0.277659 2.43013 0.607928 22474
2 5 46 20.1609 0.261565 2.59501 0.526637 20175
2 5 47 19.7973 0.297841 2.86416 0.520505 31366
2 5 48 20.0562 0.23251 2.39701 0.543548 23466
2 5 49 19.9071 0.273317 2.51142 0.475531 20649
2 5 50 20.1189 0.248602 2.49 0.505476 24291
2 5 51 20.6009 0.26666 2.68843 0.561412 32415
2 5 52 19.2736 0.231432 2.29918 0.594335 21811
2 5 53 19.8057 0.309989 2.85602 0.513973 28960
2 5 54 19.6168 0.244766 2.45958 0.434808 21756
2 5 55 19.4499 0.245577 2.26632 0.550804 25429
2 5 56 20.2514 0.292111 2.72034 0.494997 33743
2 5 57 19.4752 0.28807 2.74336 0.514357 28940
2 5 58 19.3506 0.257301 2.56537 0.551932 23158
2 5 59 19.7726 0.283969 2.68342 0.446499 22501
2 5 60 20.118 0.292421 2.68502 0.542002 33590
2 5 61 20.2584 0.297953 2.8941 0.541229 24892
2 5 62 19.2652 0.272402 2.72333 0.461577 23914
2 5 63 19.5875 0.282688 2.64354 0.492995 21471
2 6 0 24.3066 0.597669 3.55951 0.269652 10596
2 6 1 22.5305 0.581441 3.06892 0.314255 9691
2 6 2 22.1125 0.542652 2.97515 0.308763 9754
2 6 3 21.6503 0.432017 2.53984 0.349056 7023
2 6 4 23.2626 0.452795 2.86701 0.558066 5831
2 6 5 22.5378 0.494476 3.02282 0.308492 7082
2 6 6 22.7057 0.497087 2.95699 0.495261 8642
2 6 7 22.0225 0.48165 2.63043 0.393591 6848
2 6 8 22.5534 0.439556 2.63093 0.560634 7346
2 6 9 23.563 0.667551 3.38849 0.315785 7313
2 6 10 23.1259 0.510819 2.95473 0.309143 6619
2 6 11 23.1227 0.496475 2.9248 0.269175 7028
2 6 12 22.7015 0.577711 2.84673 0.379277 6572
2 6 13 21.9728 0.413055 2.6148 0.291783 5595
2 6 14 23.9951 0.625875 3.25485 0.330934 10601
2 6 15 22.3747 0.422552 2.70976 0.404056 6177
2 6 16 21.5 -2 0 0 7300
2 6 17 22.7068 0.464165 2.86985 0.453217 7317
2 6 18 23.2755 0.684498 3.23441 0.346475 5197
2 6 19 23.1655 0.440638 2.85216 0.27859 5158
2 6 20 22.8861 0.519671 2.90572 0.408312 6135
2 6 21 23.5562 0.516462 3.22867 0.266294 7864
2 6 22 23.9641 0.488298 3.01428 0.288474 5468
2 6 23 23.5462 0.54092 3.23516 0.273961 6230
2 6 24 22.2718 0.44467 2.54563 0.623806 8114
2 6 25 23.1813 0.445905 2.67104 0.380655 5889
2 6 26 22.9216 0.545222 3.10527 0.351348 8362
2 6 27 23.2829 0.506412 2.8048 0.298182 4825
2 6 28 21.5 -2 0 0 4812
2 6 29 23.6162 0.48529 2.96668 0.311685 6079
2 6 30 23.118 0.48888 2.9507 0.396287 4737
2 6 31 23.0848 0.528685 2.84112 0.444064 4570
2 6 32 23.296 0.461778 2.77004 0.288299 4702
2 6 33 21.9253 0.449973 2.5305 0.378752 5070
2 6 34 23.3642 0.514324 2.93475 0.384503 7888
2 6 35 21.5 -2 0 0 4298
2 6 36 22.2219 0.467108 2.59407 0.41432 5282
2 6 37 23.8412 0.564187 2.98609 0.434785 4416
2 6 38 22.5345 0.411686 2.6143 0.416873 4841
2 6 39 22.8895 0.44073 2.75727 0.353532 3881
2 6 40 23.2806 0.513544 2.9892 0.302058 4970
2 6 41 23.0814 0.459515 2.72414 0.480822 4498
2 6 42 22.5573 0.455127 2.74947 0.398649 5777
2 6 43 22.0391 0.461082 2.67649 0.377074 6766
2 6 44 23.152 0.523901 2.70666 0.417078 3925
2 6 45 22.2197 0.498137 2.80391 0.282054 5180
2 6 46 22.8833 0.471389 2.88594 0.50523 6786
2 6 47 22.8678 0.631265 3.22199 0.419226 2419
2 6 48 22.1531 0.45085 2.55332 0.347988 4793
2 6 49 22.5788 0.456643 2.65561 0.332377 5583
2 6 50 22.205 0.570963 2.92855 0.338373 4456
2 6 51 22.1137 0.504325 2.75313 0.399897 3829
2 6 52 22.4501 0.457079 2.73169 0.41762 5261
2 6 53 21.8252 0.476343 2.53059 0.441612 3468
2 6 54 21.5 -2 0 0 4511
2 6 55 21.9995 0.596768 2.77039 0.369664 5134
2 6 56 22.2645 0.620834 2.96887 0.354456 3644
2 6 57 23.7291 0.854408 3.81444 0.339226 3465
2 6 58 22.1309 0.494398 2.74825 0.340476 4831
2 6 59 22.489 0.649806 2.6664 0.658818 5327
2 6 60 21.7155 0.508387 2.79385 0.410922 3074
2 6 61 21.3889 0.574111 2.99542 0.447912 4404
2 6 62 21.7375 0.59863 3.13301 0.380247 5257
2 6 63 22.8612 0.577326 3.16694 0.388153 4529
2 7 0 21.86 0.536944 3.08675 0.537829 4874
2 7 1 21.6277 0.367961 2.5318 0.520696 4935
2 7 2 21.5 -2 0 0 5052
2 7 3 22.1448 0.406753 2.53238 0.413935 6193
2 7 4 22.3077 0.38131 2.56199 0.510391 5410
2 7 5 22.1397 0.400768 2.39811 0.534943 6052
2 7 6 21.6468 0.448808 2.82653 0.484694 4708
2 7 7 21.5714 0.406174 2.67626 0.482329 7029
2 7 8 21.4217 0.349323 2.52661 0.385976 6567
2 7 9 21.5592 0.381021 2.50968 0.504912 5042
2 7 10 20.3963 0.333507 2.29532 0.545243 5469
2 7 11 21.5865 0.447009 2.63012 0.390916 6213
2 7 12 21.2266 0.356339 2.28142 0.414577 7027
2 7 13 22.0168 0.357256 2.30604 0.655255 7334
2 7 14 21.8782 0.412113 2.68922 0.543358 6034
2 7 15 22.2482 0.369747 2.54399 0.535028 7419
2 7 16 22.0726 0.50704 2.62371 0.537741 5072
2 7 17 22.1138 0.347781 2.43193 0.297863 7193
2 7 18 22.2675 0.362995 2.4432 0.584928 6732
2 7 19 21.6383 0.406585 2.69443 0.345022 7924
2 7 20 21.4513 0.365839 2.51585 0.535229 7960
2 7 21 21.1923 0.467564 2.69794 0.456112 5358
2 7 22 21.7192 0.476472 2.39499 0.599982 5767
2 7 23 21.7613 0.356309 2.62419 0.40459 8415
2 7 24 22.1443 0.4671 2.73659 0.397181 6550
2 7 25 22.3871 0.421722 2.70285 0.599484 6826
2 7 26 22.0998 0.496609 3.074 0.389085 6704
2 7 27 21.6948 0.352495 2.42169 0.360767 8988
2 7 28 22.2502 0.381877 2.53845 0.387893 7458
2 7 29 22.0015 0.373014 2.62465 0.488058 7580
2 7 30 21.3463 0.36408 2.56898 0.47172 8225
2 7 31 22.2845 0.430028 2.81958 0.430008 8220
2 7 32 22.4116 0.425445 2.86912 0.309932 8070
2 7 33 21.0938 0.32194 2.21085 0.73583 9852
2 7 34 22.0724 0.429821 2.79394 0.444041 7947
2 7 35 22.7336 0.571263 3.28872 0.357721 10823
2 7 36 22.0484 0.444767 2.85489 0.354098 8605
2 7 37 21.2558 0.396155 2.73279 0.390155 8191
2 7 38 22.2348 0.496246 2.88995 0.394445 11299
2 7 39 22.4377 0.504638 3.12564 0.383974 12074
2 7 40 21.8653 0.411999 2.815 0.344664 7057
2 7 41 22.1056 0.449089 2.78735 0.373201 10215
2 7 42 22.1425 0.467853 2.76184 0.427142 8009
2 7 43 22.173 0.473979 2.861 0.398025 7157
2 7 44 21.6225 0.454995 2.82983 0.369952 9635
2 7 45 21.9018 0.483993 2.73497 0.267172 9582
2 7 46 21.5024 0.488393 2.83289 0.44991 8648
2 7 47 24.3417 0.753134 4.16462 0.396563 11837
2 7 48 21.4022 0.434786 2.71872 0.309375 10245
2 7 49 21.9322 0.423698 2.7258 0.407356 8104
2 7 50 21.1138 0.446963 2.71109 0.314904 11220
2 7 51 23.0895 0.551755 3.30136 0.352931 9815
2 7 52 21.2715 0.48364 3.02551 0.490486 8248
2 7 53 22.0988 0.568249 3.23464 0.328267 14141
2 7 54 20.6707 0.428922 2.60885 0.547147 13287
2 7 55 20.9626 0.455883 2.90944 0.337796 10131
2 7 56 21.7667 0.553048 3.0225 0.381585 11541
2 7 57 20.821 0.456938 2.75393 0.344433 15628
2 7 58 20.6206 0.464185 2.69739 0.347015 10785
2 7 59 22.1718 0.486179 3.04873 0.399603 9699
2 7 60 21.1583 0.500792 3.07101 0.342129 15108
2 7 61 22.8493 0.754261 3.61905 0.322887 11408
2 7 62 20.9294 0.553664 3.05766 0.372554 11952
2 7 63 20.0181 0.479125 2.91617 0.295405 9701
2 8 0 20.1605 0.259837 2.37099 0.933689 10426
2 8 1 19.9379 0.294393 2.48922 0.635855 10439
2 8 2 19.3335 0.245744 2.23883 0.753861 11368
2 8 3 19.7428 0.260565 2.42376 0.437272 12780
2 8 4 20.3905 0.263175 2.4411 0.437867 12307
2 8 5 19.5146 0.273599 2.28397 0.41253 12038
2 8 6 20.2118 0.254504 2.50504 0.546745 12754
2 8 7 19.9223 0.263956 2.55916 0.432178 14803
2 8 8 19.6407 0.229726 2.12849 0.600731 12320
2 8 9 19.7326 0.261244 2.43562 0.361875 13077
2 8 10 19.7184 0.288656 2.52252 0.467616 10948
2 8 11 20.5402 0.284675 2.51467 0.456291 12587
2 8 12 20.3745 0.284818 2.47066 0.597352 11791
2 8 13 19.749 0.264485 2.36615 0.436455 15721
2 8 14 19.801 0.253228 2.26311 0.739072 11569
2 8 15 19.6867 0.26612 2.26877 0.554757 14494
2 8 16 20.1557 0.29497 2.58622 0.629043 15411
2 8 17 20.0178 0.241498 2.27536 0.55249 11422
2 8 18 20.4264 0.251486 2.27214 0.479528 13503
2 8 19 20.73 0.290243 2.56895 0.630794 16860
2 8 20 20.6628 0.280391 2.61275 0.456593 11344
2 8 21 20.3193 0.279756 2.56236 0.454427 12180
2 8 22 19.5728 0.249418 2.16578 0.663348 12157
2 8 23 20.4363 0.279672 2.41413 0.495555 12074
2 8 24 19.883 0.246618 2.23257 0.586256 12360
2 8 25 20.3352 -3 0 0 175
2 8 26 20.3309 0.28055 2.60995 0.427634 12132
2 8 27 20.6673 0.247635 2.35617 0.636569 13728
2 8 28 19.6028 0.251439 2.03874 0.865212 18079
2 8 29 19.5549 0.235868 2.17576 0.676181 15015
2 8 30 20.1653 0.253952 2.40368 0.534313 12838
2 8 31 20.7859 0.355691 2.93872 0.492542 18390
2 8 32 20.049 0.263747 2.40059 0.617063 17999
2 8 33 19.6226 0.261099 2.34239 0.407794 16394
2 8 34 20.0103 0.291876 2.58931 0.763692 13973
2 8 35 20.9841 0.357356 2.79319 0.522501 20450
2 8 36 19.8987 0.298957 2.41579 0.713984 14661
2 8 37 20.0227 0.276822 2.45064 0.564139 12525
2 8 38 20.6557 0.316923 2.76196 0.399997 25305
2 8 39 20.1342 0.288816 2.58283 0.473263 23870
2 8 40 20.2384 0.278293 2.49773 0.705225 8829
2 8 41 20.4598 0.258616 2.44946 0.492266 17711
2 8 42 20.3647 0.283833 2.482 0.615134 11745
2 8 43 19.908 0.254922 2.37947 0.481778 14432
2 8 44 21.1639 0.350261 2.88087 0.461971 17912
2 8 45 20.455 0.265066 2.3794 0.448096 19360
2 8 46 20.2357 0.27693 2.50826 0.567453 11853
2 8 47 21.0921 0.43963 2.96379 0.508079 28153
2 8 48 20.5144 0.29678 2.57594 0.459035 12573
2 8 49 19.8892 0.286629 2.47727 0.530192 13605
2 8 50 21.5 -2 0 0 14824
2 8 51 20.8499 0.35523 2.90613 0.571291 17669
2 8 52 20.2133 0.263625 2.38179 0.519488 13745
2 8 53 21.0129 0.426042 3.06414 0.49208 21738
2 8 54 19.6101 0.270686 2.4118 0.420927 18072
2 8 55 20.1559 0.302293 2.47161 0.48381 15609
2 8 56 20.0901 0.347567 2.88324 0.530842 19242
2 8 57 20.2141 0.310305 2.62806 0.542812 22243
2 8 58 19.8284 0.33041 2.72662 0.479196 14314
2 8 59 19.9248 0.288993 2.57498 0.548351 14137
2 8 60 20.7411 0.368065 2.91388 0.408935 19633
2 8 61 20.9669 0.376152 2.92545 0.812074 14879
2 8 62 19.9188 0.30472 2.58409 0.621124 16139
2 8 63 19.6505 0.295193 2.53207 0.470812 15111
2 9 0 24.3047 0.705201 3.37469 0.485346 12348
2 9 1 23.7601 0.591272 3.38188 0.462908 10544
2 9 2 23.7641 0.485457 3.09731 0.43863 8907
2 9 3 22.7985 0.402614 2.76083 0.414045 6142
2 9 4 23.5934 0.51537 3.187 0.460853 4072
2 9 5 23.9383 0.549641 3.20555 0.459755 5662
2 9 6 23.139 0.478783 3.23155 0.401779 9205
2 9 7 21.8569 0.359723 2.72475 0.566611 6870
2 9 8 22.8695 0.398182 2.84608 0.616636 7456
2 9 9 24.7073 0.625337 3.43802 0.513203 6924
2 9 10 24.0768 0.643031 3.44587 0.549935 5475
2 9 11 22.4232 0.366507 2.79891 0.366545 7683
2 9 12 23.3242 0.481179 2.9671 0.495191 5344
2 9 13 22.8628 0.456514 2.80889 0.474278 5002
2 9 14 24.4581 0.577664 3.26924 0.451427 10779
2 9 15 23.1618 0.465834 2.92192 0.488906 4858
2 9 16 24.2417 0.425602 3.32848 0.457255 1865
2 9 17 23.3839 0.385636 2.87292 0.649453 7365
2 9 18 22.3746 0.433645 2.77556 0.440512 6004
2 9 19 22.4719 0.37269 2.71434 0.450928 4848
2 9 20 23.4091 0.445807 3.00477 0.483498 3241
2 9 21 23.6175 0.440519 3.0754 0.707035 7345
2 9 22 22.7562 0.471934 2.94873 0.516546 5327
2 9 23 22.6874 0.48236 2.93318 0.593358 4549
2 9 24 23.2021 0.406981 2.98093 0.687226 8842
2 9 25 22.7421 0.488024 2.95442 0.461162 4785
2 9 26 24.5346 0.575943 3.33623 0.371079 8648
2 9 27 22.8106 0.413105 2.84259 0.548693 3686
2 9 28 22.1351 0.368658 2.56821 0.619767 4957
2 9 29 23.816 0.597225 3.22112 0.533114 6088
2 9 30 23.1726 0.454796 2.95333 0.591967 3513
2 9 31 22.9256 0.411438 2.79602 0.672487 4037
2 9 32 22.6061 0.399134 2.6567 0.554322 4034
2 9 33 23.6445 0.506503 3.04789 0.713281 2322
2 9 34 23.59 0.536189 3.18075 0.517025 8512
2 9 35 23.4751 0.461959 2.86941 0.484002 4330
2 9 36 23.3963 0.489704 2.75817 0.535763 2531
2 9 37 24.4819 0.652389 3.52082 0.648495 3114
2 9 38 22.1753 0.400006 2.69007 0.518868 4208
2 9 39 23.5185 0.460074 3.06906 0.455877 4510
2 9 40 22.7006 0.408709 2.75305 0.749351 3041
2 9 41 22.4981 0.403988 2.57746 0.723053 3869
2 9 42 23.1049 0.585589 2.87136 0.546031 3607
2 9 43 22.733 0.451596 2.98328 0.560828 5711
2 9 44 23.384 0.458372 2.69056 0.555226 2733
2 9 45 22.4868 0.489989 2.94242 0.562786 3736
2 9 46 23.239 0.51055 3.25391 0.432974 7100
2 9 47 22.4922 0.527732 3.02598 0.380419 4329
2 9 48 23.235 0.454961 2.64536 0.506975 3775
2 9 49 23.94 0.527387 3.2234 0.515889 3579
2 9 50 21.8494 0.37777 2.43908 0.646955 4198
2 9 51 23.9479 0.575465 3.58023 0.483884 4469
2 9 52 21.5 -2 0 0 6783
2 9 53 23.1249 0.588023 3.2697 0.650878 3253
2 9 54 21.5 -2 0 0 3547
2 9 55 21.8796 0.401413 2.5681 0.456904 6977
2 9 56 23.7706 0.581007 3.59089 0.427139 3308
2 9 57 23.4 0.58742 3.37444 0.450236 4704
2 9 58 21.9874 0.530255 3.05133 0.518091 3633
2 9 59 21.6197 0.521984 3.0785 0.361596 8954
2 9 60 21.6671 0.474466 3.00101 0.554211 4318
2 9 61 22.8144 0.63017 3.53165 0.444819 5576
2 9 62 22.5028 0.567783 3.36986 0.434624 5898
2 9 63 21.3648 0.516764 3.06408 0.450723 5055
2 10 0 21.6201 0.346952 2.95163 0.649088 15923
2 10 1 19.6773 0.300822 2.64531 0.66095 18800
2 10 2 19.9094 0.297137 2.73903 0.661242 20500
2 10 3 19.7691 0.271493 2.44417 0.705881 22317
2 10 4 20.4486 0.255986 2.45133 1.00457 16499
2 10 5 19.4896 0.2241 2.23449 0.684737 24228
2 10 6 19.7405 0.26686 2.48886 0.857697 20541
2 10 7 20.7044 0.284352 2.7025 0.677713 29456
2 10 8 20.1675 0.265366 2.49021 0.585671 17526
2 10 9 20.0843 0.303623 2.612 0.709323 22513
2 10 10 20.5684 0.311159 2.67821 0.708801 20452
2 10 11 19.5498 0.253591 2.35833 0.612425 20637
2 10 12 20.3018 0.258384 2.45288 0.50265 21843
2 10 13 19.9989 0.286248 2.50953 0.557139 25353
2 10 14 21.5753 0.326466 2.73925 0.630208 16916
2 10 15 21.5 -2 0 0 23024
2 10 16 20.8411 0.354803 3.08012 0.574983 29985
2 10 17 19.7145 0.244162 2.50598 0.586262 18523
2 10 18 20.3196 0.267693 2.42441 0.72925 20055
2 10 19 20.5002 0.305556 2.70702 0.520873 25657
2 10 20 21.5 -2 0 0 18963
2 10 21 20.1388 0.260959 2.52475 0.692562 21630
2 10 22 20.3225 0.271737 2.53896 0.443129 22397
2 10 23 19.7543 0.224739 2.2834 0.869531 20377
2 10 24 19.8697 0.244227 2.39136 0.45071 19801
2 10 25 19.998 0.296626 2.90036 0.437801 29202
2 10 26 20.683 0.303348 2.66908 0.658413 18436
2 10 27 19.9904 0.244494 2.38091 0.577177 22610
2 10 28 19.9449 0.281801 2.43111 0.579969 23614
2 10 29 20.7257 0.297564 2.64571 0.619133 20621
2 10 30 20.1424 0.240377 2.38444 0.66357 15800
2 10 31 20.4192 0.290458 2.56905 0.603161 28710
2 10 32 19.8961 0.224361 2.31229 0.654086 24419
2 10 33 20.7089 0.273216 2.54264 0.389763 20846
2 10 34 17.5972 0.314211 0.636516 0.537803 2239
2 10 35 20.1528 0.263624 2.61169 0.447681 33941
2 10 36 20.8111 0.269974 2.50048 0.645017 18789
2 10 37 20.325 0.261892 2.51504 0.64293 16529
2 10 38 20.22 0.332023 2.82834 0.504066 29263
2 10 39 20.7664 0.364064 2.80669 0.729561 23079
2 10 40 19.8936 0.244446 2.36515 0.612019 17282
2 10 41 20.8599 0.294864 2.52331 0.519945 21969
2 10 42 19.4613 0.239301 2.28382 0.583049 23174
2 10 43 20.2142 0.257014 2.54083 0.540762 20882
2 10 44 19.7416 0.273698 2.54981 0.467055 26541
2 10 45 20.2287 0.251552 2.42211 0.744043 24155
2 10 46 15.9169 0.29909 1.07814 0.712992 2246
2 10 47 20.6803 0.35868 3.00495 0.627337 24850
2 10 48 19.6212 0.265767 2.44808 0.445346 20805
2 10 49 20.3176 0.308686 2.7076 0.572059 19360
2 10 50 20.0236 0.262721 2.49406 0.641452 24886
2 10 51 20.9681 0.342637 2.88976 0.5984 16894
2 10 52 19.8727 0.258565 2.54009 0.579961 18758
2 10 53 20.6003 0.292905 2.8024 0.594084 12096
2 10 54 19.9293 0.269999 2.46541 0.67579 23342
2 10 55 19.6133 0.258634 2.46232 0.617084 19439
2 10 56 20.7198 0.476995 2.5362 0.688828 6242
2 10 57 21.5 -2 0 0 14937
2 10 58 20.5067 0.296142 2.62319 0.54005 19033
2 10 59 19.7343 0.314145 2.81592 0.673187 17863
2 10 60 20.8126 0.418254 3.12682 0.534112 20934
2 10 61 20.6266 0.371189 3.01618 0.77378 18068
2 10 62 19.7742 0.323081 2.78254 0.519546 19957
2 10 63 19.7169 0.280894 2.42225 0.639669 21772
2 11 0 20.8778 0.341805 2.94428 0.518441 19942
2 11 1 20.4253 0.257478 2.60637 0.605452 20727
2 11 2 19.8784 0.287 2.72155 0.499082 16154
2 11 3 19.5081 0.218338 2.25255 0.39436 13458
2 11 4 20.2828 0.236171 2.22133 0.491099 13645
2 11 5 19.8514 0.250494 2.21012 0.41283 15707
2 11 6 20.7708 0.259829 2.58613 0.619562 15214
2 11 7 19.3827 0.243473 2.16431 0.684941 9710
2 11 8 20.2879 0.271106 2.23617 0.647932 15430
2 11 9 19.658 0.232223 2.41704 0.589368 11561
2 11 10 19.6762 0.245207 2.46834 0.636933 11074
2 11 11 19.6833 0.247416 2.36904 0.338011 16695
2 11 12 19.9736 0.214992 2.23581 0.45749 14802
2 11 13 19.5704 0.218126 1.96041 0.734368 11479
2 11 14 20.391 0.267226 2.57048 0.515754 23146
2 11 15 20.045 0.237977 2.21958 0.514321 13245
2 11 16 20.6175 0.255334 2.5258 0.489271 8847
2 11 17 20.1045 0.234658 2.28293 0.492095 19374
2 11 18 21.5 -2 0 0 14407
2 11 19 20.0325 0.232184 2.08594 0.627936 12042
2 11 20 20.0632 0.253127 2.28575 0.676101 13253
2 11 21 20.6087 0.282894 2.53913 0.544498 11536
2 11 22 20.2076 0.229669 2.17268 0.506358 11371
2 11 23 20.6285 0.252957 2.53212 0.517755 17662
2 11 24 20.2875 0.237723 2.28839 0.601892 19528
2 11 25 20.721 0.227918 2.17625 0.817376 11652
2 11 26 20.4867 0.26028 2.57402 0.421125 22131
2 11 27 19.7986 0.222689 2.04613 0.626065 14200
2 11 28 20.3966 0.246413 1.84053 0.769098 11895
2 11 29 20.2364 0.252984 2.34349 0.431995 19868
2 11 30 19.8671 0.226214 2.1876 0.532539 11459
2 11 31 20.5143 0.231619 2.1042 0.641716 11671
2 11 32 20.4306 0.256312 2.13395 0.54602 10908
2 11 33 20.1372 0.248058 2.00955 0.855772 12117
2 11 34 20.758 0.277934 2.60364 0.517687 23225
2 11 35 20.568 0.246085 2.23607 0.626935 10799
2 11 36 19.5434 0.237854 2.12585 0.575227 11762
2 11 37 20.5766 0.249796 2.3101 0.749091 11850
2 11 38 20.0763 0.236909 2.03522 0.662162 10663
2 11 39 20.6376 0.257492 2.55647 0.499155 13000
2 11 40 19.9952 0.250401 2.29379 0.63998 11394
2 11 41 20.2032 0.236388 2.24331 0.510952 11587
2 11 42 20.6528 0.243083 2.36727 0.474737 13265
2 11 43 20.0326 0.264604 2.31445 0.615014 18175
2 11 44 19.2734 0.235899 1.96128 0.673243 11335
2 11 45 19.8303 0.233118 2.16102 0.434269 13076
2 11 46 20.327 0.287748 2.57309 0.538987 22721
2 11 47 19.9509 0.253782 2.57589 0.794625 10223
2 11 48 19.5786 0.236911 2.04078 0.546562 13481
2 11 49 19.4235 0.247286 2.13728 0.67785 14825
2 11 50 19.6832 0.240555 2.17677 0.489988 12189
2 11 51 20.1422 0.281594 2.71819 0.518667 18481
2 11 52 19.6824 0.264918 2.29664 0.438466 18676
2 11 53 19.7175 0.259465 2.39058 0.610708 9688
2 11 54 19.3017 0.238141 2.03123 0.496627 12944
2 11 55 19.5404 0.243972 2.25014 0.475 18008
2 11 56 20.3563 0.258919 2.63202 0.465874 14482
2 11 57 19.1597 0.279442 2.53222 0.482346 16263
2 11 58 18.9421 0.262912 2.12165 0.63681 14664
2 11 59 19.5552 0.285211 2.5022 0.486328 21932
2 11 60 19.3877 0.291776 2.675 0.600005 12007
2 11 61 19.6226 0.321871 2.7552 0.603899 20003
2 11 62 19.2849 0.30445 2.75513 0.44086 22590
2 11 63 18.6993 0.27889 2.20572 0.465536 17116
2 12 0 21.7069 0.374916 3.172 0.551113 20949
2 12 1 21.1147 0.315855 2.87805 0.455301 21961
2 12 2 20.3859 0.274506 2.56453 0.437346 25847
2 12 3 20.27 0.309281 2.56375 0.50321 25535
2 12 4 20.4191 0.276593 2.56258 0.477118 19489
2 12 5 20.5576 0.289709 2.57246 0.432703 20830
2 12 6 21.8424 0.405969 3.15462 0.515611 22090
2 12 7 20.2045 0.339737 2.79958 0.449579 27152
2 12 8 20.4853 0.256758 2.53258 0.466351 19716
2 12 9 21.7604 0.331975 2.98097 0.457327 24965
2 12 10 21.4118 0.389062 3.06706 0.47419 25122
2 12 11 19.3307 0.266782 2.37805 0.503783 17194
2 12 12 22.1238 0.316818 2.78103 0.587762 18681
2 12 13 21.5698 0.276334 2.60502 0.41326 19308
2 12 14 20.8812 0.317713 2.74782 0.507339 19589
2 12 15 20.2437 0.247747 2.56018 0.430323 21932
2 12 16 0 -10 0 0 0
2 12 17 20.9589 0.28968 2.61414 0.430799 17267
2 12 18 20.7952 0.291919 2.60101 0.443434 19602
2 12 19 20.7801 0.297473 2.66966 0.500173 25555
2 12 20 20.5804 0.272961 2.57517 0.489513 16773
2 12 21 20.6192 0.283224 2.6284 0.515153 28697
2 12 22 21.2366 0.280984 2.5484 0.706144 20901
2 12 23 21.5 -2 0 0 13512
2 12 24 20.8529 0.269358 2.54616 0.530854 19849
2 12 25 21.9132 0.37284 3.00591 0.55135 21907
2 12 26 21.235 0.316956 2.66196 0.535352 17878
2 12 27 20.8313 0.282281 2.57707 0.612862 17321
2 12 28 20.5638 0.287073 2.61634 0.444058 21266
2 12 29 22.7669 0.435298 3.09262 0.625841 13430
2 12 30 21.1683 0.299722 2.57442 0.642222 16689
2 12 31 21.1502 0.333486 2.79862 0.468918 21427
2 12 32 20.9783 0.301938 2.63778 0.540933 18668
2 12 33 21.0507 0.274739 2.56137 0.578755 17504
2 12 34 21.2596 0.308908 2.61014 0.650404 12810
2 12 35 20.0285 0.262211 2.51853 0.464441 21634
2 12 36 20.7959 0.277181 2.48449 0.716564 16226
2 12 37 21.5 -2 0 0 11694
2 12 38 22.1025 0.371304 2.938 0.532551 15814
2 12 39 21.1825 0.315854 2.83998 0.612482 12677
2 12 40 21.224 0.305674 2.5774 0.556938 13696
2 12 41 21.3346 0.342561 2.81392 0.601383 17854
2 12 42 21.0449 0.289151 2.66107 0.568631 12210
2 12 43 19.8199 0.291928 2.54015 0.537833 14081
2 12 44 20.5017 0.266322 2.50421 0.682008 16712
2 12 45 20.3406 0.280057 2.5521 0.510106 17527
2 12 46 20.9684 0.304009 2.77121 0.942796 12365
2 12 47 20.9532 0.37377 3.00977 0.690344 18172
2 12 48 20.6324 0.275364 2.52399 0.51859 17124
2 12 49 20.7756 0.30674 2.78496 0.427224 12964
2 12 50 20.3368 0.295052 2.66347 0.449124 16025
2 12 51 22.5037 0.430513 3.36325 0.726425 8844
2 12 52 20.5381 0.317341 2.8346 0.407927 11341
2 12 53 21.5613 0.375274 2.98112 0.57119 14060
2 12 54 21.4926 0.312455 2.73085 0.536268 11566
2 12 55 20.396 0.331862 2.74694 0.501451 10950
2 12 56 20.1415 0.320369 2.80086 0.545451 13023
2 12 57 20.976 0.346908 2.75373 1.04052 10550
2 12 58 20.2579 0.275597 2.54562 0.504138 13165
2 12 59 21.5 -2 0 0 10520
2 12 60 20.7321 0.327545 2.83615 0.579606 14681
2 12 61 21.6227 0.522289 3.27737 0.696037 10038
2 12 62 20.5342 0.405199 3.11275 0.557085 10338
2 12 63 20.3077 0.3291 2.81471 0.45876 10965
2 13 0 22.3988 0.429889 3.0502 0.461388 9259
2 13 1 21.9454 0.460515 3.19485 0.432031 8113
2 13 2 21.1944 0.50572 2.98289 0.493509 9185
2 13 3 20.6612 0.309111 2.31159 0.573224 7343
2 13 4 20.8653 0.356897 2.68767 0.430658 7710
2 13 5 21.1696 0.326512 2.6459 0.416382 8232
2 13 6 21.8393 0.425303 2.95707 0.402431 7295
2 13 7 21.0868 0.336965 2.49908 0.487055 4280
2 13 8 20.7203 0.329844 2.59478 0.456073 8443
2 13 9 20.8318 0.378424 2.69348 0.674197 6476
2 13 10 20.7296 1.54177 2.46209 0.633337 6398
2 13 11 20.7926 0.273313 2.31355 0.497215 9742
2 13 12 21.7542 0.361943 2.64212 0.448961 6812
2 13 13 20.1243 0.303936 2.29543 0.605767 6170
2 13 14 21.4976 0.392857 2.85126 0.363039 13260
2 13 15 20.5526 0.324398 2.53015 0.500924 7449
2 13 16 20.8723 0.332246 2.70786 0.541004 6833
2 13 17 20.9975 0.316834 2.54121 0.580394 9888
2 13 18 21.7027 0.359053 2.66674 0.474787 6824
2 13 19 21.5233 0.41027 2.66531 0.523031 5788
2 13 20 21.4726 0.401481 2.63814 0.443995 7619
2 13 21 21.5919 0.324135 2.63284 0.52664 7032
2 13 22 20.9589 0.351375 2.53027 0.420244 5935
2 13 23 20.3965 0.319419 2.46114 0.4241 8538
2 13 24 21.5561 0.380144 2.86539 0.365872 8483
2 13 25 20.984 0.334863 2.55659 0.386489 5414
2 13 26 22.0252 0.432867 2.99351 0.399022 11938
2 13 27 20.3715 0.312486 2.46127 0.45835 7840
2 13 28 20.7045 0.30899 2.36388 0.413622 6588
2 13 29 21.1498 0.308871 2.49357 0.616331 10144
2 13 30 21.4925 0.309834 2.50309 0.489115 6633
2 13 31 21.2557 0.352282 2.35734 0.587432 7078
2 13 32 20.8518 0.348636 2.58234 0.409646 6460
2 13 33 20.5648 0.310202 2.55924 0.374422 8265
2 13 34 22.0126 0.440464 3.04651 0.444436 12002
2 13 35 21.3281 0.301933 2.21878 0.667293 7229
2 13 36 20.8364 0.307458 2.34569 0.523469 9296
2 13 37 21.8664 0.3574 2.75343 0.52098 7456
2 13 38 20.3267 0.307132 2.4424 0.519989 6696
2 13 39 23.4072 0.539108 3.29512 0.406911 9550
2 13 40 21.6524 0.355467 2.61574 0.443015 8032
2 13 41 21.245 0.315701 2.56149 0.446 7223
2 13 42 21.63 0.358885 2.58076 0.426718 11940
2 13 43 20.7308 0.329919 2.64883 0.305221 11887
2 13 44 20.7225 0.349554 2.41431 0.490936 8521
2 13 45 20.9701 0.316527 2.54216 0.3772 8619
2 13 46 21.6743 0.43108 2.95838 0.488591 13242
2 13 47 21.1218 0.440846 2.90087 0.400869 9388
2 13 48 21.5483 0.365502 2.72249 0.320201 8204
2 13 49 21.6666 0.347087 2.70437 0.398719 12870
2 13 50 21.1748 0.35783 2.52139 0.523942 10101
2 13 51 21.1249 0.399409 2.9241 0.41675 17697
2 13 52 20.0875 0.339843 2.4702 0.445781 14140
2 13 53 20.4095 0.347117 2.71347 0.361848 12086
2 13 54 20.4711 0.329138 2.4047 0.371626 12960
2 13 55 19.9735 0.369728 2.55967 0.459883 16399
2 13 56 20.7476 0.359554 2.64684 0.463697 15283
2 13 57 20.8051 0.409825 2.86663 0.450198 15163
2 13 58 20.6692 0.375596 2.66105 0.429864 10694
2 13 59 20.2892 0.395141 2.86867 0.392179 17324
2 13 60 20.1748 0.365162 2.70568 0.479674 10471
2 13 61 21.4026 0.442397 3.10878 0.371023 21044
2 13 62 20.6851 0.436846 3.07806 0.338565 16823
2 13 63 20.2228 0.40903 2.50183 0.485329 11734
2 14 0 21.0949 0.407401 2.8363 0.398298 11035
2 14 1 20.2773 0.352113 2.52105 0.574752 12306
2 14 2 20.226 0.366098 2.5781 0.375429 13216
2 14 3 21.5 -2 0 0 11731
2 14 4 20.2101 0.31148 2.24305 0.430708 9855
2 14 5 19.5279 0.30937 2.36547 0.368091 11867
2 14 6 19.4896 0.308017 2.41253 0.524662 14497
2 14 7 19.4078 0.35937 2.52863 0.421419 14999
2 14 8 19.5137 0.318464 2.33602 0.360909 11288
2 14 9 19.798 0.328312 2.50085 0.480814 15270
2 14 10 20.1677 0.311032 2.65087 0.364904 17582
2 14 11 19.8155 0.32385 2.38398 0.545811 9414
2 14 12 19.559 0.335818 2.34745 0.52413 11973
2 14 13 19.3352 0.294392 2.20193 0.392482 12872
2 14 14 19.801 0.311394 2.30794 0.620622 9639
2 14 15 19.1592 0.293512 2.11976 0.383243 10131
2 14 16 21.3205 0.456403 2.95387 0.392781 17742
2 14 17 20.085 0.301178 2.18443 0.555728 9557
2 14 18 20.1227 0.337027 2.34463 0.422328 10381
2 14 19 20.1534 0.341907 2.41636 0.444443 13877
2 14 20 19.739 0.306785 2.18052 0.419657 8821
2 14 21 19.7507 0.332231 2.51291 0.432018 15151
2 14 22 19.7001 0.31337 2.19859 0.461252 12854
2 14 23 20.3436 0.322136 2.3798 0.475675 7460
2 14 24 19.7653 0.364161 2.46893 0.495003 10437
2 14 25 19.8575 0.35085 2.35438 0.552476 13033
2 14 26 20.6232 0.332334 2.56286 0.480181 9424
2 14 27 19.6247 0.307682 2.23826 0.396106 9424
2 14 28 19.4803 0.317899 2.03528 0.698914 10049
2 14 29 19.6698 0.322564 2.0939 0.48732 8032
2 14 30 19.5727 0.319266 2.40225 0.461637 8551
2 14 31 20.0669 0.329836 2.37891 0.407447 10401
2 14 32 20.04 0.354306 2.291 0.495413 8302
2 14 33 20.0182 0.319326 2.11405 0.448066 9030
2 14 34 20.1833 0.362543 2.52831 0.527795 8391
2 14 35 20.3004 0.359865 2.5234 0.419398 9745
2 14 36 19.9666 0.332071 2.35979 0.422533 6806
2 14 37 21.5 -2 0 0 7090
2 14 38 20.1897 0.332858 2.29353 0.412622 9120
2 14 39 19.9462 0.319151 2.25562 0.491816 5425
2 14 40 19.7861 0.326536 2.17425 0.514368 7294
2 14 41 20.1614 0.317623 2.05111 0.448709 8971
2 14 42 20.8916 0.332942 2.38738 0.628723 6660
2 14 43 19.3274 0.311347 2.23814 0.423089 8103
2 14 44 20.008 0.335768 2.20801 0.487957 7441
2 14 45 19.3121 0.318822 2.04542 0.525249 7589
2 14 46 19.3291 0.34347 2.31721 0.540468 7204
2 14 47 20.7423 0.570872 3.0713 0.470447 1074
2 14 48 19.7398 0.33433 2.18046 0.454903 7437
2 14 49 19.2197 0.341256 2.0616 0.46987 7004
2 14 50 19.973 0.333672 1.93714 0.609295 8074
2 14 51 19.4203 0.373544 2.40794 0.549614 3791
2 14 52 19.4865 0.316688 2.28105 0.431129 6425
2 14 53 18.9281 0.349041 2.3063 0.56162 5204
2 14 54 18.5687 0.334987 2.06006 0.393634 7457
2 14 55 19.3889 0.333656 2.18612 0.541682 6051
2 14 56 19.1627 0.367038 2.21615 0.407974 5743
2 14 57 18.9297 0.416216 2.11627 0.607048 5125
2 14 58 18.8632 0.350215 1.983 0.576722 6516
2 14 59 19.2422 0.413843 2.37939 0.59002 6348
2 14 60 18.9835 0.381903 2.26079 0.522414 5542
2 14 61 19.54 0.373534 2.54391 0.492718 4943
2 14 62 19.135 0.409913 2.41683 0.489285 5997
2 14 63 18.2615 0.430604 2.02337 0.560165 7162
2 15 0 19.7083 0.3794 2.58801 0.400242 4738
2 15 1 18.6612 0.441268 2.58205 0.390104 3708
2 15 2 18.4778 0.364963 2.32552 0.41518 3667
2 15 3 18.8325 0.389472 2.37508 0.423927 4266
2 15 4 18.5328 0.362291 1.9133 0.381444 5109
2 15 5 21.5 -2 0 0 4834
2 15 6 18.2795 0.325936 2.04371 0.538989 3369
2 15 7 18.4322 0.344338 2.14507 0.422113 3807
2 15 8 18.2692 0.336301 1.92183 0.485352 5933
2 15 9 18.2004 0.316294 2.16672 0.404127 2995
2 15 10 18.2545 0.325358 2.12832 0.351344 3658
2 15 11 18.297 0.376134 1.89033 0.491593 6450
2 15 12 18.8406 0.368103 1.70128 0.484576 5208
2 15 13 18.306 0.340443 1.7732 0.342118 5511
2 15 14 18.6524 0.385843 1.99127 0.571917 6745
2 15 15 18.3336 0.340426 1.85992 0.384054 5934
2 15 16 19.5802 0.384108 2.39069 0.411232 2852
2 15 17 18.3748 0.349847 1.72469 0.618972 6532
2 15 18 17.5 -2 0 0 5221
2 15 19 21.5 -2 0 0 4658
2 15 20 19.1323 0.327837 2.17466 0.383603 4837
2 15 21 18.7725 0.34114 2.06862 0.481386 3695
2 15 22 18.9875 0.353749 1.8039 0.396029 4379
2 15 23 18.339 0.333781 1.84526 0.545794 5900
2 15 24 18.1049 0.347762 1.90839 0.52776 6654
2 15 25 18.8288 0.371146 2.18328 0.431352 4719
2 15 26 18.7544 0.36652 2.16968 0.353378 6828
2 15 27 18.5906 0.353115 1.83599 0.434796 4903
2 15 28 19.0026 0.358728 1.81761 0.415612 5150
2 15 29 18.9587 0.371021 2.1924 0.40789 6160
2 15 30 18.8149 0.39472 1.91241 0.364011 5289
2 15 31 18.9817 0.363758 2.01431 0.448113 5469
2 15 32 18.3042 0.39606 1.76917 0.377464 5464
2 15 33 18.2042 0.352771 2.06745 0.351572 5466
2 15 34 18.3883 0.341143 2.47899 0.334889 7451
2 15 35 18.6779 0.337065 1.95412 0.531847 5114
2 15 36 18.696 0.349873 2.02783 0.287712 5289
2 15 37 19.2845 0.373217 2.15208 0.373168 6717
2 15 38 18.2555 0.38655 2.06993 0.402367 5157
2 15 39 19.0501 0.348812 2.33323 0.413267 8077
2 15 40 18.6469 0.377816 2.13704 0.364243 5932
2 15 41 18.4431 0.348512 1.95207 0.464651 6016
2 15 42 18.9595 0.373776 2.30633 0.351189 5674
2 15 43 17.5 -2 0 0 7573
2 15 44 18.4386 0.391462 2.20106 0.341769 6651
2 15 45 19.2908 0.369334 1.99094 0.313029 6167
2 15 46 19.3892 0.377899 2.42691 0.356094 7923
2 15 47 18.6963 0.347466 2.22426 0.411445 6320
2 15 48 19.2049 0.350842 1.98896 0.46234 5750
2 15 49 18.2103 0.412532 2.13119 0.469107 7506
2 15 50 18.3132 0.395588 1.8523 0.493891 6929
2 15 51 18.5633 0.399378 2.6357 0.284912 10731
2 15 52 18.442 0.326113 2.07295 0.379863 7711
2 15 53 18.7239 0.344418 2.25717 0.365934 7478
2 15 54 18.4347 0.379609 1.78732 0.518126 6949
2 15 55 17.7468 0.418953 1.85307 0.523169 8715
2 15 56 18.3988 0.431754 2.52474 0.360834 8849
2 15 57 18.3725 0.448648 2.55833 0.356083 9853
2 15 58 18.1821 0.43129 1.95132 0.47524 7392
2 15 59 18.6841 0.431492 2.46867 0.436508 8419
2 15 60 17.6777 0.428917 2.29923 0.429199 7797
2 15 61 18.5571 0.53224 3.01751 0.294966 10777
2 15 62 17.7729 0.431761 2.59424 0.289896 9743
2 15 63 17.8989 0.433727 2.14732 0.330194 7878
3 0 0 22.5524 0.449958 3.49301 0.385368 9438
3 0 1 22.2145 0.369373 2.99891 0.794344 8456
3 0 2 22.1149 0.401412 3.13361 0.682615 8807
3 0 3 21.3556 0.358737 2.74521 0.728055 7594
3 0 4 21.5317 0.357645 2.9032 0.55137 8744
3 0 5 21.5074 0.341601 2.6023 0.666876 8512
3 0 6 21.856 0.359137 2.78651 0.58241 12123
3 0 7 21.4582 0.284992 2.5973 0.452734 11655
3 0 8 22.0671 0.362743 2.81678 0.648923 9628
3 0 9 22.1877 0.481969 2.98812 0.663308 8094
3 0 10 21.7661 0.317832 2.66637 0.622342 10222
3 0 11 21.1536 0.395231 2.67834 0.59195 11202
3 0 12 21.7378 0.319447 2.72422 0.579616 8112
3 0 13 21.7263 0.347569 2.81077 0.720425 8151
3 0 14 22.6932 0.462898 3.16423 0.607671 10516
3 0 15 21.4815 0.366499 2.83127 0.554736 8972
3 0 16 22.1627 0.311598 2.55882 0.74744 9670
3 0 17 22.535 0.40059 2.8109 0.552017 14964
3 0 18 21.9408 0.367194 2.79074 0.52611 6600
3 0 19 21.3098 0.279212 2.51124 0.57479 11717
3 0 20 22.1097 0.416677 2.91969 0.593322 7630
3 0 21 21.8031 0.269517 2.56743 0.513273 11304
3 0 22 22.0127 0.2918 2.47308 0.658276 9159
3 0 23 22.0375 0.465712 2.90107 0.695202 12768
3 0 24 20.6308 0.306127 2.53475 0.671063 10968
3 0 25 21.8932 0.283019 2.45195 0.483429 13695
3 0 26 22.2066 0.422928 2.9864 0.534878 12620
3 0 27 21.7702 0.338672 2.78398 0.601104 8582
3 0 28 21.9474 0.338953 2.74732 0.721784 8167
3 0 29 22.2578 0.32945 2.82799 0.542461 11851
3 0 30 23.3814 0.474676 2.98563 0.696147 6194
3 0 31 21.8156 0.356501 2.87045 0.671477 9633
3 0 32 21.6875 0.330994 2.60748 0.511245 13003
3 0 33 22.6686 0.399969 2.96922 0.587771 9693
3 0 34 21.9056 0.392027 2.79158 0.551965 21762
3 0 35 21.7513 0.344308 2.74317 0.857497 9941
3 0 36 22.3015 0.377747 2.85661 0.590567 10598
3 0 37 22.9392 0.426266 2.88707 0.777027 13169
3 0 38 21.665 0.343433 2.75339 0.584749 17149
3 0 39 22.963 0.535444 3.34195 0.746724 16253
3 0 40 22.281 0.37564 2.84287 0.78334 8250
3 0 41 21.6892 0.340215 2.71267 0.975054 9313
3 0 42 21.7984 0.315067 2.61568 0.514015 14543
3 0 43 22.307 0.36171 2.91647 0.46443 17909
3 0 44 22.6462 0.411386 2.91829 0.706214 10105
3 0 45 22.5693 0.401668 3.02929 0.808698 10155
3 0 46 22.574 0.460956 3.2571 0.480386 15604
3 0 47 22.1087 0.392514 2.94191 0.596762 17496
3 0 48 22.1974 0.387985 2.93595 0.593819 9962
3 0 49 21.5755 0.341089 2.69202 0.593068 11793
3 0 50 22.4302 0.385847 2.97647 0.611168 9810
3 0 51 22.5867 0.533848 3.27086 0.626499 18610
3 0 52 21.6882 0.34522 2.7792 0.555436 18692
3 0 53 21.8534 0.468753 3.12575 0.48761 13739
3 0 54 21.006 0.339389 2.6081 0.647555 17353
3 0 55 21.8003 0.382245 2.94195 0.569875 21422
3 0 56 22.7296 0.634875 3.65915 0.61314 13905
3 0 57 23.3732 0.700049 3.82467 0.617821 15956
3 0 58 20.9524 0.395212 3.02972 0.539148 13642
3 0 59 22.495 0.49414 3.4323 0.498407 15222
3 0 60 21.2525 0.380703 2.82877 0.595378 18934
3 0 61 22.4983 0.757623 3.65878 0.631503 19391
3 0 62 21.509 0.487318 3.2903 0.460286 17993
3 0 63 20.7341 0.332225 2.64039 0.723388 19551
3 1 0 21.4763 0.478169 3.38969 0.66454 18736
3 1 1 20.7317 0.323061 2.75434 0.720783 26280
3 1 2 20.6115 0.307484 2.78746 0.661506 25238
3 1 3 20.3228 0.269678 2.59523 0.451221 22181
3 1 4 19.604 0.284536 2.55719 0.60107 14445
3 1 5 19.4984 0.279044 2.53391 0.520339 17460
3 1 6 20.6685 0.306718 2.72842 0.652956 25820
3 1 7 20.3217 0.33027 2.72516 0.631127 21423
3 1 8 20.2919 0.302441 2.6534 0.637523 20128
3 1 9 20.3443 0.36804 2.82186 0.690202 16376
3 1 10 20.0909 0.402802 2.6835 0.7585 17598
3 1 11 20.0029 0.242329 2.44087 0.526896 20741
3 1 12 20.0827 0.302049 2.51604 0.578185 14151
3 1 13 20.7174 0.290692 2.60556 0.662183 17441
3 1 14 20.9818 0.398053 2.90565 0.75492 17778
3 1 15 20.9372 0.278719 2.69646 0.764898 17263
3 1 16 20.8563 0.377565 2.94563 0.669448 27825
3 1 17 20.4949 0.277465 2.61777 0.518879 21442
3 1 18 20.3501 0.296572 2.58209 0.776375 11612
3 1 19 20.5 0.298142 2.72594 0.569636 17456
3 1 20 20.621 0.30124 2.52087 0.755542 11598
3 1 21 19.5306 0.297288 2.67142 0.778726 20433
3 1 22 20.035 0.328558 2.64724 0.641451 15153
3 1 23 20.489 0.279023 2.55562 0.63434 15584
3 1 24 20.4846 0.267762 2.54459 0.494846 22381
3 1 25 20.9255 0.341719 2.8119 0.639059 19383
3 1 26 21.4688 0.316381 2.81119 0.709724 20032
3 1 27 19.8293 0.26873 2.51766 0.519937 13551
3 1 28 20.8081 0.319673 2.53673 0.591914 17494
3 1 29 20.4088 0.299224 2.67335 0.820274 12710
3 1 30 20.2328 0.255824 2.3612 0.801383 12210
3 1 31 20.3526 0.332099 2.6132 0.658564 13154
3 1 32 19.3539 0.253124 2.36721 0.559138 12720
3 1 33 19.6977 0.270163 2.36744 0.496588 13690
3 1 34 21.2701 0.300134 2.82203 0.732079 17655
3 1 35 20.0189 0.30993 2.66209 0.648851 12830
3 1 36 20.3348 0.305967 2.64976 0.695854 9530
3 1 37 20.2049 0.329705 2.51877 0.674893 11181
3 1 38 20.2766 0.305054 2.4764 0.978592 10059
3 1 39 20.2401 0.315356 2.64815 0.652862 9367
3 1 40 20.4567 0.273207 2.44008 0.631556 13947
3 1 41 19.6352 0.268522 2.3791 0.722794 10051
3 1 42 20.4138 0.322154 2.63494 0.662039 10926
3 1 43 20.6588 0.353157 2.82694 0.661371 11102
3 1 44 20.153 0.327548 2.46747 0.912407 8691
3 1 45 19.9099 0.260518 2.43019 0.725037 14980
3 1 46 20.6128 0.298445 2.63826 0.715067 17915
3 1 47 20.8062 0.334512 2.78462 0.726753 10376
3 1 48 19.7264 0.247274 2.41326 0.533267 13577
3 1 49 20.2989 0.30808 2.42045 0.815197 11343
3 1 50 20.1642 0.230511 2.36639 0.692052 12041
3 1 51 20.0301 0.261171 2.53941 0.618648 11710
3 1 52 20.872 0.325153 2.77345 0.641602 10051
3 1 53 19.6231 0.327874 2.64334 0.86801 7667
3 1 54 19.9726 0.268848 2.46789 0.618971 9767
3 1 55 20.3234 0.31152 2.64306 0.708133 8964
3 1 56 18.982 0.292447 2.54803 0.858312 7910
3 1 57 19.1352 0.258422 2.40732 0.642812 13929
3 1 58 19.4907 0.289421 2.49654 0.568453 11224
3 1 59 21.1043 0.428334 3.22483 0.715167 11153
3 1 60 19.7381 0.263387 2.56471 0.585633 10581
3 1 61 20.5008 0.39932 3.24029 0.649319 9358
3 1 62 20.6436 0.406159 3.11265 0.632186 9820
3 1 63 18.7914 0.30573 2.36547 0.732775 10365
3 2 0 21.9528 0.51591 3.71272 0.778346 20082
3 2 1 20.4565 0.396035 3.18925 0.622752 17444
3 2 2 20.3779 0.370597 2.83593 0.770758 20420
3 2 3 19.851 0.259415 2.49184 0.462132 14794
3 2 4 20.2784 0.285166 2.53 0.704362 19020
3 2 5 20.204 0.344225 2.66383 0.597831 16380
3 2 6 20.9288 0.412284 2.99161 0.616486 17694
3 2 7 21.5 -2 0 0 10115
3 2 8 20.6398 0.325428 2.71671 0.60219 15632
3 2 9 20.787 0.367282 2.99484 0.66635 15938
3 2 10 20.0554 0.315642 2.6747 0.673318 13660
3 2 11 20.5714 0.289859 2.65249 0.577294 20735
3 2 12 20.6538 0.272279 2.56359 0.592033 20461
3 2 13 19.8456 0.309683 2.59178 0.665715 13058
3 2 14 20.9689 0.359085 2.92518 0.585426 22389
3 2 15 20.9402 0.388405 2.8519 0.785805 13600
3 2 16 20.8244 0.279973 2.69249 0.634926 15290
3 2 17 20.2418 0.353169 2.67969 0.624714 20449
3 2 18 20.9129 0.317478 2.75478 0.595356 13722
3 2 19 20.6181 0.263963 2.50482 0.502644 17534
3 2 20 20.2901 0.305769 2.76356 0.730621 15903
3 2 21 20.9286 0.267196 2.59126 0.681232 22703
3 2 22 21.2631 0.304225 2.79142 0.620025 11572
3 2 23 20.3752 0.337787 2.67725 0.550332 14487
3 2 24 20.2067 0.304779 2.72887 0.484935 18282
3 2 25 19.7462 0.300717 2.51567 0.828364 12791
3 2 26 21.1481 0.272937 2.64988 0.580644 27095
3 2 27 20.7519 0.262246 2.49371 0.582615 14955
3 2 28 20.2606 0.254009 2.36036 0.705719 17191
3 2 29 21.2367 0.319596 2.75022 0.579489 21630
3 2 30 21.0962 0.407589 2.85203 0.590824 12273
3 2 31 20.7538 0.281434 2.51664 0.576413 15620
3 2 32 20.1343 0.26693 2.52975 0.627362 12140
3 2 33 20.0277 0.257574 2.32882 0.543766 20276
3 2 34 22.0925 0.620797 3.33782 0.737729 17867
3 2 35 20.5397 0.271953 2.43168 0.545534 16260
3 2 36 20.5555 0.319281 2.6568 0.55249 13277
3 2 37 20.6001 0.321267 2.62133 0.73474 20267
3 2 38 20.7032 0.255154 2.50329 0.641283 16471
3 2 39 20.8084 0.408283 2.96039 0.610224 13328
3 2 40 21.0193 0.324413 2.74923 0.736511 13854
3 2 41 20.1899 0.268584 2.41582 0.893331 12212
3 2 42 20.6924 0.288735 2.46832 0.616767 19508
3 2 43 20.5651 0.256561 2.40744 0.549398 21905
3 2 44 20.9729 0.353507 2.82785 0.657679 10773
3 2 45 20.1358 0.301656 2.59957 0.645807 11379
3 2 46 20.9092 0.320805 2.78785 0.629325 24924
3 2 47 21.3382 0.423144 2.9059 0.872106 10979
3 2 48 20.3327 0.306983 2.58682 0.565828 19721
3 2 49 20.1079 0.271162 2.52999 0.55086 21785
3 2 50 19.8476 0.326113 2.62967 0.582502 13120
3 2 51 20.8778 0.350273 2.68573 0.71945 21351
3 2 52 20.1157 0.337985 2.61292 0.654206 18779
3 2 53 20.6343 0.399577 3.08447 0.523371 10463
3 2 54 20.3917 0.357596 2.88037 0.557002 12195
3 2 55 20.1755 0.283487 2.58863 0.471099 22278
3 2 56 20.7475 0.418102 3.09679 0.640761 17085
3 2 57 20.3982 0.338277 2.90288 0.525503 22603
3 2 58 19.7755 0.330157 2.69969 0.592745 15907
3 2 59 19.4445 0.405793 2.95544 0.581079 22574
3 2 60 20.2267 0.354113 2.83232 0.737177 10745
3 2 61 20.8613 0.443927 3.10451 0.709339 25715
3 2 62 20.3396 0.355993 2.79185 0.888979 17642
3 2 63 19.6162 0.36647 2.92099 0.54566 14582
3 3 0 27.2121 0.624295 4.34708 0.653367 11718
3 3 1 24.715 0.615627 3.53023 0.726271 19729
3 3 2 25.7035 0.540685 4.04746 0.459775 13948
3 3 3 23.754 0.366083 2.92318 0.611822 23004
3 3 4 24.9063 0.497413 3.47767 0.602995 13237
3 3 5 24.8565 0.508419 3.47414 0.57559 14134
3 3 6 25.3223 0.512034 3.87272 0.531399 14257
3 3 7 24.4576 0.435431 3.27139 0.644844 22668
3 3 8 25.6512 0.474543 3.42497 0.722045 12283
3 3 9 25.5295 0.48955 4.05595 0.431001 13248
3 3 10 24.6231 0.511475 3.22461 0.777963 21098
3 3 11 25.0246 0.529774 3.36999 0.650813 12769
3 3 12 25.4474 0.484916 3.65456 0.561589 14019
3 3 13 23.6458 0.410798 3.02196 0.60195 22532
3 3 14 26.0177 0.617285 3.87807 0.65145 15652
3 3 15 24.4591 0.465159 3.26461 0.608977 14651
3 3 16 26.0886 0.706597 3.91238 0.731153 17234
3 3 17 25.3003 0.530242 3.59562 0.663615 13033
3 3 18 25.8013 0.514352 3.63582 0.571381 11590
3 3 19 25.4064 0.58869 3.64466 0.601727 15124
3 3 20 26.2795 0.62049 3.7382 0.663412 10270
3 3 21 24.9665 0.699532 3.4171 0.813464 22840
3 3 22 24.9873 0.489542 3.50668 0.480021 14902
3 3 23 25.7355 0.754454 3.75934 0.745531 15008
3 3 24 25.7339 0.517532 3.79944 0.536562 13391
3 3 25 25.5119 0.505525 3.56341 0.624971 16314
3 3 26 26.5583 0.701569 4.04171 0.768144 11310
3 3 27 25.7427 0.61484 3.75713 0.636949 11317
3 3 28 25.829 0.499646 3.58212 0.546953 14589
3 3 29 24.2747 0.464647 3.05646 0.681062 17061
3 3 30 26.4679 0.661666 3.80043 0.650643 9775
3 3 31 26.0934 0.82987 3.68701 0.810004 21125
3 3 32 25.3808 0.449078 3.50966 0.482499 14529
3 3 33 24.6225 0.558348 3.21027 0.835271 16662
3 3 34 26.3373 0.621209 3.83418 0.658981 12032
3 3 35 25.7931 0.539373 3.64419 0.545557 15680
3 3 36 26.3663 1.01634 3.80552 0.878556 13316
3 3 37 25.2708 0.61497 3.76608 0.676449 12330
3 3 38 24.9618 0.536263 3.31208 0.729602 21356
3 3 39 26.3094 0.616856 3.78935 0.59466 12998
3 3 40 24.5841 0.585182 3.51566 0.630498 12370
3 3 41 25.2743 0.549258 3.62765 0.590345 15208
3 3 42 25.5596 0.534103 3.74064 0.559885 12573
3 3 43 26.3463 0.518002 3.86209 0.529237 9806
3 3 44 24.934 0.502849 3.04667 0.715564 20115
3 3 45 24.7644 0.46112 3.37169 0.538681 14721
3 3 46 25.7906 0.653393 3.74364 0.767041 12360
3 3 47 26.3802 0.65167 4.27861 0.624972 15881
3 3 48 26.1315 0.552461 3.84773 0.572393 11837
3 3 49 24.8324 0.564833 3.27365 0.734273 19634
3 3 50 25.9916 0.599763 3.67404 0.603518 12216
3 3 51 25.5205 0.548963 3.77631 0.705021 13979
3 3 52 23.6781 0.445921 3.07291 0.6561 20055
3 3 53 25.059 0.515256 3.76871 0.460955 15192
3 3 54 23.8735 0.453634 3.08281 0.685991 19675
3 3 55 24.1717 0.486876 3.21458 0.61032 20000
3 3 56 25.8346 0.534439 3.87477 0.585515 13153
3 3 57 23.4021 0.457383 3.18547 0.700881 20436
3 3 58 23.7051 0.436936 3.16785 0.54302 20625
3 3 59 23.9898 0.536834 3.09602 0.836282 17826
3 3 60 24.7122 0.70843 3.6611 0.760875 19536
3 3 61 25.9573 0.745559 4.33364 0.601293 13740
3 3 62 25.2064 0.647822 3.8734 0.654988 18465
3 3 63 24.9441 0.624339 3.71164 0.611426 13304
3 4 0 22.6465 0.67345 3.39365 0.450827 23016
3 4 1 21.8534 0.65881 3.22012 0.4623 22432
3 4 2 22.3674 0.700371 3.1768 0.578124 18403
3 4 3 21.7359 0.460345 2.97361 0.490783 8392
3 4 4 20.95 0.37048 2.6031 0.554193 12211
3 4 5 20.5139 0.304422 2.50532 0.621289 15218
3 4 6 22.0711 0.511756 3.44994 0.343839 10993
3 4 7 22.2189 0.516959 2.9169 0.634219 7199
3 4 8 20.5461 0.406628 2.5444 0.528065 17257
3 4 9 21.8239 0.454962 2.89779 0.405664 15483
3 4 10 21.1581 0.346252 2.62209 0.810922 14011
3 4 11 21.3434 0.424617 2.78636 0.444888 14425
3 4 12 21.1824 0.51089 3.00039 0.434117 9358
3 4 13 20.9182 0.389369 2.608 0.42762 11631
3 4 14 22.2261 0.481915 2.94214 0.35226 19646
3 4 15 21.3417 0.409657 2.67879 0.664578 7544
3 4 16 22.8014 0.512305 3.45784 0.406437 7992
3 4 17 21.3878 0.404344 2.68973 0.424796 14842
3 4 18 21.7397 0.419481 2.75566 0.90535 10883
3 4 19 21.5008 0.418198 2.59585 0.486229 10904
3 4 20 21.5502 0.490665 3.03862 0.495262 7540
3 4 21 23.1945 0.515021 3.35657 0.384963 9696
3 4 22 21.0185 0.368891 2.64732 0.450286 12539
3 4 23 21.6193 0.430683 2.71238 0.531152 10783
3 4 24 21.2924 0.370058 2.66517 0.384217 18441
3 4 25 21.4492 0.429691 2.55514 0.438855 10672
3 4 26 22.1834 0.516498 3.01364 0.472826 18545
3 4 27 21.332 0.412584 2.56233 0.493952 8125
3 4 28 22.0816 0.423265 2.70804 0.638948 6935
3 4 29 21.8225 0.494428 2.96482 0.472486 15073
3 4 30 22.7705 0.557077 3.15708 0.835803 5952
3 4 31 22.2322 0.427987 2.91421 0.41721 6341
3 4 32 21.871 0.529672 2.91198 0.42524 7208
3 4 33 21.9979 0.47215 2.78637 0.51874 8572
3 4 34 22.8971 0.58654 3.49613 0.431575 12787
3 4 35 21.096 0.434079 2.7036 0.822851 6601
3 4 36 22.0312 0.461869 2.76183 0.708632 6835
3 4 37 21.4196 0.384616 2.57703 0.538499 10921
3 4 38 21.5552 0.410091 2.74918 0.49152 8532
3 4 39 21.4396 0.38876 2.89508 0.52827 7654
3 4 40 21.6583 0.408473 2.86228 0.553854 8762
3 4 41 21.2893 0.369761 2.61113 0.526583 6838
3 4 42 21.3691 0.407221 2.97983 0.404599 7802
3 4 43 21.9308 0.378394 2.81352 0.473329 13717
3 4 44 21.193 0.321659 2.4158 0.754226 8489
3 4 45 22.3511 0.588429 3.12771 0.452705 6799
3 4 46 21.4111 0.458651 2.89618 0.438502 17513
3 4 47 21.6269 0.434526 2.93702 0.799808 5359
3 4 48 22.2302 0.407037 3.00615 0.489107 6014
3 4 49 21.5648 0.39591 2.56933 0.505201 12041
3 4 50 21.7541 0.433704 2.8322 0.52569 8937
3 4 51 23.2588 0.751935 3.62183 0.543915 8440
3 4 52 22.4446 0.494129 3.21994 0.554451 8829
3 4 53 21.2716 0.430267 3.03335 0.706565 5671
3 4 54 21.7227 0.48862 3.04814 0.384093 6856
3 4 55 21.9546 0.461802 3.1482 0.449591 8385
3 4 56 21.7146 0.525777 3.1078 0.506513 10617
3 4 57 21.1299 0.532484 3.03975 0.496175 12137
3 4 58 20.8173 0.419828 2.87861 0.509487 10223
3 4 59 22.5989 0.630692 3.84677 0.394993 10239
3 4 60 21.2012 0.523425 3.17889 0.435728 6517
3 4 61 22.6728 0.685612 3.4021 0.534051 12573
3 4 62 21.8746 0.542059 3.42364 0.655023 9145
3 4 63 21.0555 0.47043 3.20295 0.487675 8407
3 5 0 22.7631 0.373879 3.00478 0.688471 13916
3 5 1 23.339 0.455944 3.40262 0.621196 10016
3 5 2 22.9538 0.407287 3.18303 0.579425 14118
3 5 3 22.0136 0.33578 2.87142 0.509432 12692
3 5 4 22.6936 0.410457 2.90626 0.614083 15451
3 5 5 21.3877 0.327879 2.79514 0.861732 11972
3 5 6 23.0081 0.495092 3.27084 0.649691 15619
3 5 7 23.6381 0.498611 3.45275 0.559421 10503
3 5 8 22.1546 0.336616 2.73148 0.909752 14493
3 5 9 23.0375 0.501735 3.26352 0.750846 12457
3 5 10 22.9973 0.378679 3.1139 0.632114 15398
3 5 11 22.3277 0.43752 3.2131 0.541581 12681
3 5 12 22.9294 0.39155 3.01748 0.630064 10969
3 5 13 22.7156 0.388103 3.0708 0.61773 12271
3 5 14 23.1094 0.445479 3.32094 0.504011 10583
3 5 15 22.6848 0.411008 2.91195 0.56713 12153
3 5 16 22.9314 0.449131 3.18898 0.723035 16640
3 5 17 22.6055 0.366548 2.89275 0.785805 11924
3 5 18 23.3301 0.411157 3.14754 0.548444 11324
3 5 19 23.2935 0.48216 3.10086 0.663092 18044
3 5 20 21.9187 0.28545 2.60387 0.56029 18738
3 5 21 23.5058 0.529543 3.15875 0.765205 15333
3 5 22 22.2963 0.318284 2.71453 0.563862 16824
3 5 23 22.343 0.334255 2.77699 1.15074 12834
3 5 24 22.9276 0.481314 2.91523 0.628425 14214
3 5 25 23.5546 0.432204 3.28877 0.59267 12533
3 5 26 22.951 0.42264 3.09401 0.575615 12840
3 5 27 22.3072 0.334149 2.68322 0.552029 18480
3 5 28 22.7629 0.381454 3.03297 0.646627 13269
3 5 29 22.5281 0.304063 2.81744 0.443763 16279
3 5 30 22.5571 0.408289 3.03425 0.542891 13625
3 5 31 23.1789 0.430619 3.19185 0.603469 21731
3 5 32 23.0763 0.410298 3.08819 0.53117 13405
3 5 33 23.7514 0.482451 3.05888 0.64061 17341
3 5 34 23.4147 0.46397 3.16739 0.552387 16932
3 5 35 22.8837 0.388188 2.85904 0.632534 23105
3 5 36 22.2238 0.326115 2.65704 0.549611 19878
3 5 37 22.3991 0.378554 2.83754 0.503058 14540
3 5 38 24.46 0.525203 3.70823 0.471009 14095
3 5 39 22.857 0.437452 2.86273 0.689626 29019
3 5 40 22.5416 0.324427 2.78359 0.530637 20143
3 5 41 23.6486 0.460362 3.41796 0.510929 11858
3 5 42 22.5996 0.327902 2.75896 0.4679 18476
3 5 43 22.2946 0.357161 2.78421 0.577083 18965
3 5 44 22.9668 0.38743 2.9798 0.652994 21609
3 5 45 23.8552 0.446558 3.21208 0.483245 12404
3 5 46 22.7223 0.39378 2.94419 0.556019 18511
3 5 47 23.6625 0.500866 3.32668 0.693306 28299
3 5 48 23.4798 0.418086 2.97348 0.492629 18807
3 5 49 22.2646 0.405111 3.0057 0.486586 14299
3 5 50 22.3332 0.478344 3.01769 0.554654 23585
3 5 51 22.755 0.453114 3.15588 0.461797 27158
3 5 52 23.1371 0.467785 3.43297 0.467228 12263
3 5 53 23.9523 0.484943 3.71683 0.472296 16458
3 5 54 22.2891 0.429413 3.17758 0.528256 13114
3 5 55 22.702 0.481617 3.27082 0.467383 15132
3 5 56 22.4778 0.4057 3.06873 0.531454 27853
3 5 57 22.0385 0.473191 2.99696 0.578303 27346
3 5 58 23.7371 0.52526 3.33222 0.520293 12998
3 5 59 23.2624 0.486188 3.53154 0.469716 16595
3 5 60 23.8912 0.518156 3.71025 0.422938 16234
3 5 61 22.7848 0.653944 3.40414 0.701114 24859
3 5 62 22.5554 0.444718 3.14774 0.618139 20541
3 5 63 21.8174 0.507821 3.26643 0.457947 15190
3 6 0 23.5002 0.763042 3.76832 0.320514 11449
3 6 1 22.4042 0.465693 3.11905 0.411749 9717
3 6 2 22.7271 0.632391 3.38418 0.300035 9591
3 6 3 21.8475 0.443097 2.75949 0.400723 6694
3 6 4 21.8892 0.396349 2.59585 0.365077 9061
3 6 5 21.6586 0.425133 2.77567 0.334167 8185
3 6 6 23.2791 0.739506 3.33301 0.416085 11156
3 6 7 22.1716 0.480153 2.84772 0.355369 7482
3 6 8 21.1458 0.404608 2.6882 0.396463 8637
3 6 9 22.6569 0.576428 3.12582 0.516914 7046
3 6 10 22.8635 0.683069 3.24664 0.422235 8970
3 6 11 22.1306 0.521626 2.78934 0.307881 6503
3 6 12 22.2826 0.481854 2.7063 0.324111 9440
3 6 13 21.6397 0.411904 2.67156 0.325009 5083
3 6 14 22.0954 0.47867 2.98082 0.323961 13130
3 6 15 21.7424 0.460554 2.65807 0.565192 5254
3 6 16 22.6216 0.533163 2.98066 0.339018 8944
3 6 17 22.522 0.415227 2.78643 0.377085 9491
3 6 18 22.1063 0.391603 2.64678 0.541436 4985
3 6 19 21.4884 0.379779 2.54171 0.398911 7600
3 6 20 20.9142 0.444393 2.47596 0.742161 6043
3 6 21 22.3099 0.538268 3.11866 0.46339 7605
3 6 22 21.9829 0.364448 2.60635 0.298837 7944
3 6 23 22.4731 0.492798 2.57316 0.44147 8444
3 6 24 21.6478 0.427969 2.63495 0.385071 9455
3 6 25 22.3582 0.366776 2.4283 0.449433 7205
3 6 26 23.1233 0.501712 3.07739 0.369292 7841
3 6 27 22.7299 0.428121 2.68469 0.510545 4726
3 6 28 22.2397 0.452985 2.70151 0.457763 4916
3 6 29 21.5682 0.489311 2.89289 0.435034 6745
3 6 30 21.7493 0.431484 2.52676 0.519028 5129
3 6 31 22.4558 0.45489 2.5508 0.535746 6383
3 6 32 22.556 0.487318 2.89234 0.3131 4003
3 6 33 22.882 0.479019 2.87511 0.424842 3711
3 6 34 22.0293 0.550166 2.74877 0.374178 8450
3 6 35 23.2259 0.575362 3.03718 0.400259 3218
3 6 36 22.3126 0.475831 2.60036 0.491395 3996
3 6 37 22.2769 0.450346 2.79297 0.472506 4189
3 6 38 22.4778 0.426633 2.53094 0.414961 5250
3 6 39 21.9617 0.490763 2.96675 0.417109 3577
3 6 40 22.921 0.516743 2.85763 0.479804 3775
3 6 41 23.4022 0.56213 3.11947 0.344874 3089
3 6 42 22.0548 0.44884 2.68714 0.405764 6826
3 6 43 22.0508 0.406799 2.58206 0.31582 8628
3 6 44 22.2994 0.373224 2.37837 0.440647 5664
3 6 45 22.0608 0.360796 2.4001 0.326468 6881
3 6 46 21.8344 0.483925 2.70487 0.306819 9592
3 6 47 22.1386 0.616993 2.60006 0.467356 3291
3 6 48 22.2449 0.496692 2.71507 0.39712 5791
3 6 49 22.0131 0.413734 2.71713 0.404408 6356
3 6 50 21.1852 0.462223 2.66891 0.472834 3596
3 6 51 22.0392 0.479368 2.57794 0.448443 5820
3 6 52 20.8678 0.476341 2.51526 0.422068 4961
3 6 53 21.6017 0.519446 2.92076 0.431075 2833
3 6 54 21.7771 0.459943 2.71219 0.31365 4081
3 6 55 21.9231 0.468911 2.85051 0.356807 6662
3 6 56 22.107 0.548146 3.04775 0.392943 3022
3 6 57 20.9369 0.507032 2.82893 0.532547 3668
3 6 58 21.282 0.462773 2.66541 0.320895 4005
3 6 59 21.2939 0.52416 2.88479 0.305853 7491
3 6 60 21.4183 0.432977 2.50967 0.442425 4957
3 6 61 21.1405 0.608433 2.97944 0.465391 5447
3 6 62 22.0564 0.680171 3.12813 0.378041 4867
3 6 63 20.167 0.514688 2.78165 0.484784 4697
3 7 0 23.2544 0.54242 3.46975 0.461385 3329
3 7 1 21.99 0.498344 3.18073 0.347124 5604
3 7 2 23.2393 0.660808 3.55417 0.469309 3241
3 7 3 21.9829 0.496306 2.86549 0.350493 7354
3 7 4 22.3991 0.454494 2.88213 0.620248 3664
3 7 5 22.352 0.511055 3.05339 0.342515 3928
3 7 6 21.5733 0.558362 2.70208 0.50993 5735
3 7 7 23.6456 0.581089 3.53854 0.277858 3799
3 7 8 23.0523 0.569221 3.29104 0.452135 4106
3 7 9 23.0336 0.582643 3.4544 0.255272 3395
3 7 10 23.3887 0.653752 3.3726 0.446704 3297
3 7 11 24.1538 0.55956 3.4814 0.332432 3980
3 7 12 22.6884 0.485959 2.96024 0.421632 4127
3 7 13 23.6761 0.57188 3.28235 0.438536 4396
3 7 14 23.0771 0.656697 3.15551 0.380971 4385
3 7 15 23.2448 0.453925 2.73755 0.482748 3985
3 7 16 23.0321 0.636408 3.15386 0.37817 5457
3 7 17 23.4844 0.622462 3.14995 0.434431 4293
3 7 18 22.8388 0.548514 3.05316 0.384355 4263
3 7 19 23.8158 0.841849 3.16883 0.454887 7370
3 7 20 22.4392 0.447947 2.74718 0.299163 8057
3 7 21 22.7281 0.438232 2.72098 0.422145 5500
3 7 22 21.5 -2 0 0 4166
3 7 23 22.6423 0.492967 2.8237 0.534705 4718
3 7 24 22.9817 0.491086 2.78506 0.353234 6880
3 7 25 23.4359 0.513854 2.97255 0.559006 4885
3 7 26 21.9546 0.422461 2.73133 0.497358 7507
3 7 27 22.8952 0.529379 2.97797 0.406865 5733
3 7 28 22.4441 0.466687 2.86881 0.594843 5391
3 7 29 23.2869 0.502824 3.19383 0.496634 4970
3 7 30 23.5531 0.612106 3.20096 0.363291 4652
3 7 31 23.0059 0.533675 3.11508 0.638435 6244
3 7 32 23.6661 0.647413 3.27332 0.377476 5840
3 7 33 22.5102 0.490348 2.96056 0.405789 6082
3 7 34 22.0392 0.443902 2.59607 0.494666 9058
3 7 35 24.5915 0.81733 3.97495 0.335161 7260
3 7 36 23.6529 0.660745 3.66379 0.324001 5675
3 7 37 23.9606 0.625416 3.22779 0.346757 5861
3 7 38 25.0547 0.746599 3.84025 0.346696 7838
3 7 39 22.4396 0.726168 3.05746 0.372189 15776
3 7 40 23.3209 0.632573 3.51256 0.378501 5253
3 7 41 24.2589 0.666738 3.46103 0.356495 6951
3 7 42 23.1337 0.486342 2.84775 0.585448 9304
3 7 43 23.3988 0.639498 3.04652 0.372205 5547
3 7 44 23.0251 0.500552 3.00345 0.380392 8531
3 7 45 23.3023 0.71194 3.18745 0.316433 7816
3 7 46 22.9463 0.622152 3.15682 0.578729 6293
3 7 47 23.6135 0.714984 3.5682 0.3268 11999
3 7 48 22.6026 0.595139 2.8703 0.560484 6924
3 7 49 23.4566 0.579349 3.51728 0.299404 5967
3 7 50 23.1767 0.560008 3.20171 0.347159 8072
3 7 51 22.77 0.609539 3.04695 0.430067 13482
3 7 52 23.0527 0.673137 3.43401 0.311832 6550
3 7 53 23.055 0.65349 3.39016 0.437933 13526
3 7 54 22.476 0.494932 2.94165 0.504097 8231
3 7 55 22.7701 0.571538 3.25425 0.392122 7522
3 7 56 22.8641 0.613073 3.2941 0.497819 9491
3 7 57 23.0716 0.912458 3.39691 0.385181 10303
3 7 58 22.3224 0.647709 3.30813 0.280027 7725
3 7 59 21.9857 0.757348 3.23068 0.390409 10424
3 7 60 22.1442 0.702327 3.20148 0.337465 14453
3 7 61 22.7135 0.913662 3.61642 0.390301 9781
3 7 62 22.8911 0.802602 3.50327 0.379965 8742
3 7 63 21.7768 0.591583 2.95276 0.371347 11744
3 8 0 21.1733 0.494215 2.94938 0.535304 6545
3 8 1 20.3934 0.371708 2.76886 0.503697 7824
3 8 2 20.6183 0.341717 2.69523 0.595589 8460
3 8 3 20.3571 0.328491 2.50601 0.716524 9252
3 8 4 20.7274 0.331855 2.6158 0.453209 9119
3 8 5 20.8814 0.308012 2.23518 0.516205 11372
3 8 6 21.4867 0.370852 2.60028 0.43491 8231
3 8 7 20.1503 0.37857 2.70638 0.737398 10520
3 8 8 20.464 0.32955 2.53083 0.612918 8617
3 8 9 20.8019 0.317572 2.41979 0.41629 12709
3 8 10 21.0858 0.411271 2.78311 0.573912 7815
3 8 11 20.8256 0.325342 2.57944 0.499743 9701
3 8 12 20.8311 0.319953 2.53351 0.399773 10425
3 8 13 21.1849 0.348731 2.62079 0.515374 10789
3 8 14 20.8501 0.354382 2.59073 0.941526 7945
3 8 15 20.494 0.307414 2.47759 0.749886 10443
3 8 16 21.3151 0.440511 3.02642 0.471755 9864
3 8 17 20.5735 0.324295 2.53663 0.572575 9567
3 8 18 21.5 -2 0 0 9753
3 8 19 21.1661 0.378851 2.86988 0.46375 12792
3 8 20 21.2291 0.382153 2.75313 0.430879 9011
3 8 21 21.54 0.483926 2.93485 0.488539 8049
3 8 22 20.9264 0.361321 2.76585 0.564139 8496
3 8 23 21.2997 0.357659 2.61422 0.562126 9503
3 8 24 21.6295 0.356257 2.72064 0.512501 8323
3 8 25 21.3795 0.508559 2.93056 0.497185 13556
3 8 26 22.1673 0.457332 3.01731 0.611478 8902
3 8 27 22.0809 0.447016 2.97759 0.590725 9715
3 8 28 20.8381 0.385434 2.71529 0.448068 12851
3 8 29 21.4799 0.379115 2.66031 0.587428 10421
3 8 30 20.6989 0.372926 2.42438 0.731241 9437
3 8 31 21.8438 0.471928 3.08931 0.533512 13576
3 8 32 21.782 0.408035 2.74053 0.476441 12252
3 8 33 21.1238 0.417315 2.7246 0.640845 12410
3 8 34 21.5436 0.319517 2.5187 0.637836 12999
3 8 35 21.6987 0.430969 2.9274 0.418044 16075
3 8 36 21.4182 0.438663 2.73531 0.609208 10800
3 8 37 21.7234 0.340631 2.6898 0.59188 10097
3 8 38 21.4406 0.375203 2.70526 0.429539 25177
3 8 39 21.5 -2 0 0 16527
3 8 40 21.5 -2 0 0 6760
3 8 41 20.7852 0.307903 2.51998 0.447732 19607
3 8 42 21.2999 0.393021 2.87579 0.550593 9112
3 8 43 21.2124 0.33396 2.51179 0.523021 13154
3 8 44 21.8731 0.53553 3.04506 0.563791 13851
3 8 45 21.4969 0.423491 2.88978 0.524917 11924
3 8 46 22.4116 0.551704 3.17628 0.608069 9385
3 8 47 22.4119 0.526067 3.37764 0.380383 19899
3 8 48 20.9558 0.443024 2.70119 0.533347 13140
3 8 49 21.9237 0.41309 2.78678 0.56765 12619
3 8 50 21.3225 0.414287 2.71624 0.592475 12434
3 8 51 21.5587 0.451865 3.12837 0.636017 13715
3 8 52 20.5785 0.399843 2.7203 0.691804 10576
3 8 53 22.1559 0.893111 3.27572 0.5437 16476
3 8 54 20.7454 0.41053 2.79247 0.465572 17340
3 8 55 20.9807 0.358746 2.64169 0.471087 15928
3 8 56 21.4235 0.549523 3.04263 0.540353 19753
3 8 57 20.8623 0.446595 2.96041 0.405216 15901
3 8 58 21.8835 0.684086 2.86839 0.634118 9725
3 8 59 20.7394 0.458433 3.11424 0.454297 10806
3 8 60 22.2182 0.627663 3.3478 0.444862 14130
3 8 61 22.5597 0.626058 3.70714 0.617731 11565
3 8 62 20.6939 0.462155 3.25318 0.47652 11696
3 8 63 20.2344 0.393475 2.68399 0.522825 14872
3 9 0 26.2177 0.919432 4.18774 0.370919 9764
3 9 1 26.2946 0.767028 4.03003 0.341858 7706
3 9 2 24.9639 0.853183 3.51525 0.482623 9333
3 9 3 22.3978 0.471311 2.81871 0.40212 6967
3 9 4 25.5642 0.558275 3.66641 0.415401 2972
3 9 5 21.5 -2 0 0 4874
3 9 6 24.8221 0.701685 3.52447 0.604836 6725
3 9 7 24.389 0.577242 3.34698 0.616832 3816
3 9 8 23.6637 0.561668 2.78043 0.545366 7458
3 9 9 25.0809 1.04085 3.63461 0.503231 7425
3 9 10 24.7441 0.619499 3.70609 0.535191 4141
3 9 11 25.4626 1.18179 3.49271 0.532845 7437
3 9 12 25.1091 0.721789 3.83946 0.361563 4104
3 9 13 22.8712 0.43285 2.76632 0.450439 5190
3 9 14 25.6497 0.738234 3.65897 0.414119 8310
3 9 15 25.3277 0.595583 3.66106 0.442806 3710
3 9 16 25.9475 0.725578 3.92837 0.472902 4034
3 9 17 23.7415 0.625102 3.35314 0.405578 7019
3 9 18 23.2101 0.586243 2.87707 0.48751 5488
3 9 19 24.1256 0.742105 3.1901 0.550792 4467
3 9 20 25.417 0.691492 3.53642 0.571605 2638
3 9 21 25.9072 0.990227 3.82672 0.442598 6368
3 9 22 23.9786 0.481407 3.15519 0.459585 4227
3 9 23 25.0007 0.68843 3.67518 0.632563 3111
3 9 24 23.6861 0.579391 2.97078 0.412096 10341
3 9 25 23.8761 0.491094 2.96489 0.545718 4148
3 9 26 24.9315 0.77957 3.61616 0.409561 7102
3 9 27 25.3104 0.698796 3.60548 0.502765 2943
3 9 28 23.936 0.518188 3.11727 0.499211 3713
3 9 29 25.1891 0.566504 3.38204 0.496346 4749
3 9 30 25.0985 0.66738 3.35943 0.549887 2598
3 9 31 23.4818 0.520967 3.09143 0.461741 3274
3 9 32 23.8325 0.45425 3.09219 0.58959 3112
3 9 33 21.5 -2 0 0 1808
3 9 34 25.1382 0.710712 3.60968 0.37911 7276
3 9 35 24.4576 0.662054 3.09653 0.570154 4020
3 9 36 25.8401 0.786791 3.53565 0.533585 2053
3 9 37 26.8953 0.865853 4.22868 0.535827 2503
3 9 38 24.4861 0.584635 3.58712 0.305941 2531
3 9 39 24.2576 0.708952 3.40649 0.418769 4273
3 9 40 24.859 0.72211 3.91953 0.490986 3262
3 9 41 24.5161 0.492331 3.27979 0.397403 2492
3 9 42 24.2045 0.670052 3.58777 0.479683 2674
3 9 43 25.0642 0.832883 3.33618 0.474676 5330
3 9 44 24.8504 0.594105 3.46078 0.470505 1880
3 9 45 24.0972 0.629136 2.91168 0.579938 3583
3 9 46 25.9166 0.764399 3.94358 0.340291 5747
3 9 47 21.5 -2 0 0 2777
3 9 48 24.4256 0.64557 3.19624 0.592522 3089
3 9 49 24.0084 0.526169 2.87272 0.569195 4019
3 9 50 24.1921 0.715563 3.25631 0.393093 3005
3 9 51 24.8936 0.671642 3.83921 0.383354 4560
3 9 52 23.0844 0.526301 3.01053 0.417696 4848
3 9 53 23.142 0.518269 2.85388 0.617979 3245
3 9 54 24.2494 0.601531 3.37535 0.536404 2749
3 9 55 22.9953 0.520721 2.90344 0.567381 6521
3 9 56 23.9963 0.636149 3.5039 0.582397 2557
3 9 57 25.7434 0.897709 4.10106 0.476825 4153
3 9 58 23.4541 0.634017 3.36074 0.478386 2782
3 9 59 23.1637 0.575892 3.29346 0.53448 6112
3 9 60 22.1457 0.533182 3.03547 0.465593 3818
3 9 61 24.2883 0.636405 3.71982 0.371263 3626
3 9 62 23.8428 0.614497 3.59491 0.478164 5231
3 9 63 23.711 0.691122 3.36454 0.406503 3217
3 10 0 23.273 0.518036 3.35178 0.594677 15915
3 10 1 23.3837 0.554946 3.39867 0.630824 15234
3 10 2 23.2031 0.548898 3.43354 0.670735 17531
3 10 3 22.0277 0.431766 2.91908 0.490924 21364
3 10 4 23.4898 0.557511 3.22473 0.615752 11341
3 10 5 23.7574 0.534812 3.51516 0.498052 12322
3 10 6 23.1308 0.528848 3.38029 0.554894 12388
3 10 7 23.8386 0.677084 3.3168 0.580637 22728
3 10 8 23.2272 0.449872 3.26194 0.514427 11477
3 10 9 24.6335 0.585944 3.92332 0.434727 13180
3 10 10 24.5438 0.746644 3.72466 0.605331 14448
3 10 11 23.3673 0.443154 3.2355 0.549217 12413
3 10 12 23.3844 0.466157 3.07837 0.644637 11631
3 10 13 23.0067 0.503402 3.14679 0.469949 15558
3 10 14 22.426 0.425812 2.93971 0.635475 17419
3 10 15 23.3501 0.539759 3.33921 0.534168 13640
3 10 16 24.4216 0.603876 3.90817 0.470081 16938
3 10 17 22.9117 0.430315 2.92738 0.692144 12267
3 10 18 22.6684 0.435464 3.25279 0.667393 13469
3 10 19 23.2909 0.485072 3.28894 0.417839 23104
3 10 20 23.4199 0.477956 3.20974 0.56194 16053
3 10 21 24.7271 0.612949 3.78882 0.699686 12904
3 10 22 23.476 0.427637 3.18204 0.752814 13386
3 10 23 22.4991 0.51672 3.24501 0.611267 12304
3 10 24 21.5 -2 0 0 12321
3 10 25 24.2316 0.485579 3.5693 0.444339 16209
3 10 26 24.6456 0.533571 3.60617 0.546932 11523
3 10 27 24.2589 0.505375 3.42758 0.481402 11979
3 10 28 24.9368 0.565362 3.50952 0.475054 13011
3 10 29 24.007 0.602203 3.4259 0.578801 15626
3 10 30 25.1867 0.649788 3.63139 0.652416 9076
3 10 31 23.6091 0.522723 3.30673 0.49905 25264
3 10 32 23.1575 0.459725 2.8849 0.611396 21866
3 10 33 24.4523 0.45321 3.33798 0.513098 11634
3 10 34 23.2366 0.620734 3.18698 0.713212 16724
3 10 35 23.2173 0.447078 3.0416 0.538549 26743
3 10 36 23.3129 0.573404 3.13812 0.559608 17376
3 10 37 23.1946 0.552566 3.17243 0.57656 15059
3 10 38 24.8598 0.516777 3.75497 0.422761 15995
3 10 39 23.4487 0.584918 3.40273 0.719805 21836
3 10 40 23.5217 0.478415 3.38125 0.576298 10553
3 10 41 24.9561 0.476318 3.42894 0.553193 11907
3 10 42 23.1802 0.437854 2.99783 0.498324 18342
3 10 43 23.8491 0.473693 3.3887 0.546823 12141
3 10 44 23.9827 0.481422 3.42736 0.437625 14658
3 10 45 23.0154 0.460155 2.96985 0.528038 21635
3 10 46 24.6263 0.593142 3.84605 0.556361 11470
3 10 47 25.321 0.614584 4.16562 0.455112 15589
3 10 48 24.7099 0.56367 3.55776 0.464211 10826
3 10 49 22.2149 0.412139 2.83636 0.560362 17651
3 10 50 22.664 0.469295 3.0348 0.537107 22264
3 10 51 24.18 0.534664 3.63198 0.567454 12100
3 10 52 24.011 0.557466 3.64008 0.512554 12468
3 10 53 24.1277 0.492104 3.7592 0.418485 13816
3 10 54 23.7522 0.461213 3.45837 0.517383 12384
3 10 55 23.4005 0.464713 3.27062 0.50792 11888
3 10 56 23.4892 0.524167 3.44389 0.724453 12755
3 10 57 23.434 0.513868 3.4212 0.577538 12689
3 10 58 23.2354 0.549161 3.51239 0.453714 12344
3 10 59 23.043 0.525741 3.67486 0.481739 11256
3 10 60 24.3894 0.725145 3.62141 0.623089 18584
3 10 61 23.6659 0.632383 3.92803 0.561845 16698
3 10 62 22.3506 0.471467 3.15815 0.771069 17674
3 10 63 22.8729 0.487225 3.56612 0.330457 12137
3 11 0 26.6077 0.672566 4.29701 0.34735 11492
3 11 1 24.6399 0.644105 3.07854 0.604801 14352
3 11 2 25.0297 0.61795 3.55655 0.426629 8608
3 11 3 25.1078 0.624426 3.32299 0.423324 6215
3 11 4 25.5589 0.646042 3.6124 0.420001 6874
3 11 5 25.0998 0.55327 3.4646 0.348627 7487
3 11 6 25.271 0.630093 3.81282 0.403977 7887
3 11 7 24.669 0.581678 3.49565 0.35705 5223
3 11 8 24.4065 0.515342 3.44329 0.494316 8321
3 11 9 25.8238 0.646367 3.74719 0.583426 5868
3 11 10 25.1734 0.640703 3.74522 0.530568 5473
3 11 11 24.7594 0.471196 3.55646 0.312666 8130
3 11 12 24.233 0.480411 3.16496 0.395551 8957
3 11 13 24.7942 0.481423 3.07703 0.381936 7635
3 11 14 26.166 0.68685 3.74356 0.463349 10906
3 11 15 24.7913 0.46484 3.14577 0.55729 6139
3 11 16 25.3623 0.731456 3.65076 0.483236 4912
3 11 17 25.0275 0.577837 3.48609 0.406366 10203
3 11 18 24.8866 0.582589 3.503 0.430873 7137
3 11 19 24.1355 0.440046 2.8577 0.545211 7499
3 11 20 24.2187 0.499861 2.91416 0.543416 9651
3 11 21 24.5197 0.507516 2.99678 0.523057 9687
3 11 22 24.0498 0.531066 2.93331 0.448502 9075
3 11 23 24.5954 0.545049 2.96954 0.485148 12183
3 11 24 25.3812 0.571409 3.49057 0.454909 9733
3 11 25 24.4499 0.586904 3.22946 0.507091 7466
3 11 26 25.7574 0.671069 3.5175 0.498155 15240
3 11 27 24.5356 0.56055 3.26286 0.390909 7532
3 11 28 25.3272 0.461015 3.03287 0.678897 5461
3 11 29 25.1339 0.568566 3.37855 0.480283 10316
3 11 30 24.2366 0.487765 2.90803 0.650956 8558
3 11 31 24.1834 0.546784 3.10103 0.482111 7745
3 11 32 24.9037 0.473718 3.07496 0.634487 5859
3 11 33 24.5575 0.463375 3.07959 0.682141 5929
3 11 34 23.8882 0.541824 3.0791 0.466835 17516
3 11 35 25.2039 0.495043 3.51174 0.365896 4609
3 11 36 25.5404 0.645532 3.4792 0.733145 5740
3 11 37 25.8177 0.597419 3.80603 0.429258 7020
3 11 38 24.9843 0.460682 3.07327 0.531682 6847
3 11 39 25.7969 0.698287 3.64743 0.514416 6590
3 11 40 25.9615 0.619465 3.65349 0.476791 6208
3 11 41 24.499 0.486919 3.10172 0.577307 6056
3 11 42 25.2178 0.584114 3.51561 0.455354 6994
3 11 43 25.3124 0.744592 3.65633 0.412529 9425
3 11 44 25.1443 0.574384 3.22277 0.554673 5465
3 11 45 23.6464 0.402294 2.7499 0.72319 9058
3 11 46 25.658 0.700738 3.69242 0.597007 14885
3 11 47 26.7825 0.675518 4.06658 0.396355 4601
3 11 48 25.0766 0.584775 3.40945 0.45913 6791
3 11 49 24.833 0.547527 3.39669 0.619232 7524
3 11 50 24.2401 0.588631 3.11795 0.578042 8518
3 11 51 25.5423 0.740917 3.78504 0.451993 9859
3 11 52 25.0534 0.641965 3.50357 0.454265 9866
3 11 53 24.5766 0.542447 3.54005 0.514943 5243
3 11 54 25.133 0.697012 3.56274 0.489847 6810
3 11 55 25.1158 0.740623 3.63747 0.439774 9802
3 11 56 24.9916 0.664494 3.84781 0.386162 8033
3 11 57 23.9107 0.626055 3.65963 0.325271 9082
3 11 58 24.7242 0.509927 3.45318 0.569372 7446
3 11 59 24.9892 0.697896 3.89991 0.398029 11197
3 11 60 25.609 0.641911 4.07819 0.407044 5852
3 11 61 26.5913 0.97483 4.23903 0.453671 10427
3 11 62 23.8985 0.597302 3.44662 0.531139 11790
3 11 63 23.5068 0.679855 3.37128 0.426773 9037
3 12 0 22.91 0.411021 3.26654 0.581601 21652
3 12 1 22.7873 0.366703 3.02082 0.605339 21254
3 12 2 22.9925 0.348158 2.93082 0.561509 22953
3 12 3 21.4864 0.311816 2.78646 0.552597 24197
3 12 4 22.6827 0.356129 2.93118 0.472339 17590
3 12 5 22.3765 0.324086 2.70251 0.524015 20419
3 12 6 22.848 0.361445 2.93136 0.592505 24178
3 12 7 22.2858 0.337247 2.95377 0.489696 27663
3 12 8 21.7353 0.29534 2.746 0.424228 20844
3 12 9 22.3217 0.362786 3.01422 0.607862 28082
3 12 10 22.649 0.395745 3.19838 0.530381 28657
3 12 11 22.5281 0.397252 3.05037 0.518895 13995
3 12 12 22.9669 0.381226 3.12118 0.542282 12582
3 12 13 23.278 0.3907 3.0759 0.545107 13622
3 12 14 23.062 0.403888 3.08848 0.59657 18401
3 12 15 22.8308 0.291873 2.64993 0.643573 21324
3 12 16 22.3741 0.34632 2.92772 0.618614 31381
3 12 17 22.4955 0.301122 2.69163 0.4338 17904
3 12 18 22.4896 0.29767 2.5696 0.62146 20889
3 12 19 23.3139 0.506617 3.45403 0.572037 16453
3 12 20 22.9238 0.396614 2.97211 0.678233 11857
3 12 21 22.6487 0.367476 2.83551 0.624603 27436
3 12 22 23.8701 0.375714 3.24987 0.791772 12209
3 12 23 22.6055 0.299247 2.76838 0.515059 15834
3 12 24 23.9648 0.481853 3.17553 0.648034 17693
3 12 25 23.4854 0.397672 3.11709 0.649225 24320
3 12 26 22.4963 0.306163 2.82119 0.536947 18554
3 12 27 23.5666 0.418399 3.2299 0.537791 12578
3 12 28 23.3254 0.404013 3.10426 0.544791 13526
3 12 29 23.0219 0.418099 2.89655 0.521096 11358
3 12 30 22.6896 0.307423 2.7231 0.537141 17508
3 12 31 23.7637 0.394199 2.94649 0.613063 20523
3 12 32 23.688 0.443088 3.1562 0.581604 12984
3 12 33 21.5 -2 0 0 18971
3 12 34 23.384 0.365265 2.99341 0.538101 15221
3 12 35 22.9254 0.32904 2.85192 0.579099 21014
3 12 36 23.7337 0.469759 3.0554 0.679155 11305
3 12 37 23.3428 0.466412 3.16203 0.574373 11046
3 12 38 22.7641 0.391349 3.3243 0.530364 13106
3 12 39 23.3972 0.419698 3.24199 0.554037 9853
3 12 40 22.6222 0.342002 2.83307 0.607241 12751
3 12 41 23.0705 0.35706 3.08145 0.495903 12696
3 12 42 23.1926 0.451909 3.27069 0.586971 10567
3 12 43 22.8426 0.296466 2.60993 0.743238 14854
3 12 44 22.5145 0.309285 2.77074 0.530975 16910
3 12 45 22.337 0.335304 2.85992 0.598587 11855
3 12 46 23.2107 0.386272 3.04199 0.591275 14933
3 12 47 22.5356 0.376478 2.8863 0.698756 18616
3 12 48 22.8869 0.473791 3.13695 0.655831 12139
3 12 49 23.5026 0.494482 3.20735 0.574071 10052
3 12 50 22.4666 0.347463 3.14927 0.475374 15710
3 12 51 24.0083 0.480586 3.54927 0.592782 7314
3 12 52 22.0562 0.311939 2.80573 0.686203 10485
3 12 53 22.1551 0.391483 2.96803 0.693084 16551
3 12 54 22.633 0.405278 3.04263 0.660937 15734
3 12 55 22.5244 0.342757 2.94502 0.82047 8307
3 12 56 22.5633 0.395784 3.01934 0.677397 13020
3 12 57 22.3935 0.433834 3.07173 0.741155 13137
3 12 58 22.5942 0.436579 2.81975 0.747027 9166
3 12 59 21.8682 0.443632 3.00483 0.581981 10650
3 12 60 21.7843 0.395864 3.28481 0.572845 11393
3 12 61 23.1667 0.496961 3.34853 0.762614 11761
3 12 62 22.206 0.426217 3.20332 0.685211 9239
3 12 63 21.5156 0.329471 2.83971 0.531668 13371
3 13 0 21.578 0.590355 3.18652 0.509607 12022
3 13 1 22.4486 0.502637 3.20153 0.465369 6172
3 13 2 20.6918 0.384676 2.51818 0.683905 10377
3 13 3 19.7265 0.320453 2.3816 0.568645 5931
3 13 4 22.1095 0.653082 3.20989 0.453669 5521
3 13 5 21.1992 0.314633 2.48512 0.464182 8320
3 13 6 20.2949 0.376399 2.79757 0.489532 6196
3 13 7 20.579 0.350201 2.30572 0.870628 4020
3 13 8 20.6922 0.39972 2.65358 0.437699 7497
3 13 9 21.1497 0.398247 2.61797 0.442825 7482
3 13 10 20.3906 0.334088 2.45265 0.625305 7130
3 13 11 20.6683 0.38606 2.60942 0.499193 6857
3 13 12 20.9702 0.308438 2.17583 0.790264 7577
3 13 13 20.2209 0.344417 2.42931 0.549039 4668
3 13 14 20.6893 0.448734 2.77361 0.492211 10260
3 13 15 19.9213 0.320256 2.3519 0.409817 8436
3 13 16 21.085 0.391791 2.50531 0.508615 6134
3 13 17 20.9238 0.439773 2.76327 0.50459 9267
3 13 18 20.4825 0.308525 2.35125 0.408704 8408
3 13 19 19.8878 0.306556 2.18605 0.550828 6318
3 13 20 19.9629 0.361051 2.52885 0.600389 7273
3 13 21 21.3199 0.430213 2.75567 0.541574 8358
3 13 22 20.3546 0.368997 2.64044 0.41144 5236
3 13 23 21.2763 0.375188 2.69848 0.457266 9067
3 13 24 20.8964 0.366477 2.66773 0.44836 7763
3 13 25 20.1181 0.389758 2.44566 0.64225 5174
3 13 26 21.4741 0.421704 2.80096 0.453731 14236
3 13 27 21.097 0.338945 2.50144 0.396 8153
3 13 28 21.2012 0.412445 2.69303 0.401593 5275
3 13 29 21.4708 0.423243 2.87974 0.46531 8658
3 13 30 20.7163 0.428575 2.6513 0.438699 6354
3 13 31 20.8329 0.426103 2.54276 0.5836 5501
3 13 32 21.6872 0.51559 2.8513 0.479711 5351
3 13 33 20.7571 0.319812 2.35482 0.533396 8491
3 13 34 21.651 0.481413 2.98774 0.518625 10402
3 13 35 21.5868 0.486577 2.76221 0.517904 4856
3 13 36 21.181 0.31919 2.36486 0.544076 9305
3 13 37 21.5459 0.442217 2.75589 0.414309 7834
3 13 38 20.3326 0.358807 2.34896 0.682122 5550
3 13 39 21.0301 0.379287 2.69367 0.460604 13885
3 13 40 20.7015 0.315359 2.41431 0.579041 9445
3 13 41 20.1778 0.31984 2.28083 0.539742 6555
3 13 42 20.2892 0.311576 2.34034 0.417394 12110
3 13 43 20.6166 0.389855 2.69645 0.383384 12440
3 13 44 20.7039 0.303239 2.30407 0.405699 9593
3 13 45 20.7606 0.34859 2.37288 0.38251 10184
3 13 46 21.7489 0.603083 3.06326 0.399877 11717
3 13 47 21.0539 0.328108 2.37928 0.819098 8811
3 13 48 20.778 0.337959 2.29375 0.499227 9770
3 13 49 21.5 -2 0 0 13836
3 13 50 19.6743 0.347914 2.38149 0.540306 8290
3 13 51 21.0977 0.464086 3.07474 0.415194 13341
3 13 52 20.6479 0.479504 2.8856 0.448421 11618
3 13 53 20.5853 0.372979 2.60888 0.531817 11817
3 13 54 20.0624 0.391193 2.50745 0.394452 9389
3 13 55 21.0345 0.410152 2.9432 0.370162 10602
3 13 56 21.0803 0.429292 2.91908 0.374997 10327
3 13 57 20.5979 0.416962 2.75644 0.438376 16536
3 13 58 20.4816 0.472629 2.86347 0.430965 8733
3 13 59 20.9195 0.400111 2.62031 0.466219 17691
3 13 60 21.1293 0.549969 3.11552 0.471079 7883
3 13 61 21.6886 0.579984 3.57395 0.359962 14183
3 13 62 20.1128 0.580669 3.29666 0.360366 14738
3 13 63 19.1396 0.429742 2.58147 0.539297 9761
3 14 0 26.9577 0.723329 4.00157 0.275527 6049
3 14 1 24.2674 0.704003 3.36051 0.379414 9908
3 14 2 25.387 0.660281 3.55686 0.392545 6003
3 14 3 24.9194 0.762688 3.43587 0.266831 8590
3 14 4 25.1741 0.598076 3.36199 0.452099 3944
3 14 5 25.6632 0.718496 3.88835 0.254705 5208
3 14 6 25.795 0.896501 3.97129 0.298474 9393
3 14 7 25.839 0.611184 3.88385 0.222723 6082
3 14 8 25.0786 0.588496 3.5663 0.379006 5098
3 14 9 24.7032 0.737724 3.33747 0.336005 11405
3 14 10 25.9079 0.633424 3.60095 0.414713 6371
3 14 11 23.6424 0.634818 3.02597 0.407684 6958
3 14 12 25.0861 0.781201 3.36722 0.414458 7885
3 14 13 24.8756 0.791116 3.19334 0.368686 7994
3 14 14 21.5 -2 0 0 7287
3 14 15 25.0766 0.570739 3.5666 0.255203 4088
3 14 16 26.3759 0.799767 4.09862 0.258219 8268
3 14 17 24.9838 0.588138 3.22656 0.547313 3433
3 14 18 24.9978 0.837447 3.53454 0.341877 7720
3 14 19 25.6078 0.547736 3.70961 0.269355 4751
3 14 20 24.1559 0.680488 2.90148 0.396108 6100
3 14 21 25.2608 0.833269 3.4193 0.34146 10524
3 14 22 25.1061 0.590566 3.31429 0.356776 5186
3 14 23 24.8308 0.719886 2.97059 0.343257 5747
3 14 24 24.849 0.610221 3.33341 0.565408 4439
3 14 25 26.1891 0.796252 3.70881 0.327002 8424
3 14 26 25.9409 1.11736 3.61851 0.425959 6133
3 14 27 25.5923 0.544941 3.50578 0.361671 3343
3 14 28 26.9616 0.570745 3.62189 0.299618 2828
3 14 29 24.7189 0.553329 3.09927 0.402179 5350
3 14 30 27.5383 0.806818 4.21844 0.349358 3182
3 14 31 26.3299 0.66726 3.6386 0.340591 3770
3 14 32 25.0929 0.895493 3.39109 0.354732 6659
3 14 33 25.8144 0.72172 3.51491 0.329881 3168
3 14 34 26.2552 0.726017 3.81722 0.27473 3283
3 14 35 25.8227 0.806402 3.52412 0.410558 6000
3 14 36 24.095 0.639175 3.12065 0.430871 5213
3 14 37 25.9304 0.960152 3.78471 0.368679 4703
3 14 38 25.1043 0.641768 3.47226 0.441375 4438
3 14 39 25.1351 0.757699 3.00559 0.395104 3760
3 14 40 25.5645 0.651151 3.38281 0.465137 3047
3 14 41 24.9062 0.574239 3.27931 0.461482 3494
3 14 42 23.2244 0.602435 2.9805 0.328621 5458
3 14 43 24.0236 0.748254 3.04196 0.454543 5078
3 14 44 24.5362 0.547965 2.92671 0.548511 3816
3 14 45 23.9009 0.521923 2.85529 0.454571 5413
3 14 46 24.7385 0.612999 3.282 0.455869 2923
3 14 47 25.8133 1.10694 3.79702 0.532556 3508
3 14 48 23.9467 0.56341 2.81686 0.327814 5323
3 14 49 22.9663 0.539693 2.8181 0.466097 5048
3 14 50 23.4359 0.647876 2.98249 0.369956 5264
3 14 51 24.9403 0.793371 3.40969 0.506368 2873
3 14 52 23.8714 0.65834 3.15977 0.388861 4643
3 14 53 23.348 0.630263 3.04594 0.460478 4074
3 14 54 22.8782 0.619501 2.66057 0.646725 3516
3 14 55 23.3353 0.595074 2.94351 0.425394 4074
3 14 56 23.9211 0.717676 3.2036 0.399662 4302
3 14 57 24.2523 0.681243 3.04999 0.467142 3581
3 14 58 23.4 0.648251 3.32954 0.412739 3422
3 14 59 23.5657 0.888791 3.11672 0.425925 5128
3 14 60 23.8377 0.957775 3.17319 0.356445 3840
3 14 61 25.6737 0.890701 4.12218 0.381494 3482
3 14 62 23.6605 0.792133 3.26069 0.424136 4482
3 14 63 22.6261 0.544895 2.67595 0.448351 4683
3 15 0 23.1366 0.784778 3.29966 0.445297 3586
3 15 1 22.2651 0.564262 2.70994 0.395832 3742
3 15 2 21.5624 0.522686 2.6233 0.499021 2950
3 15 3 22.3831 0.590025 2.93913 0.306931 2585
3 15 4 22.3367 0.644472 2.34858 0.2451 296
3 15 5 23.0371 -3 0 0 161
3 15 6 21.7065 0.480504 2.44795 0.634489 3470
3 15 7 21.6142 0.467443 2.37164 0.411099 3454
3 15 8 22.7368 0.684842 2.85179 0.33226 5163
3 15 9 0 -10 0 0 0
3 15 10 22.006 0.60257 2.35983 0.47528 3540
3 15 11 22.6625 0.497727 2.61624 0.278428 5210
3 15 12 21.6879 0.450829 2.42558 0.375171 4611
3 15 13 21.728 0.458272 2.40928 0.437741 4736
3 15 14 23.8621 0.626906 2.80567 0.335366 345
3 15 15 21.7626 0.468259 2.29266 0.354219 4846
3 15 16 22.259 0.462377 2.49204 0.437111 2658
3 15 17 21.441 0.668077 2.41425 0.372373 5576
3 15 18 22.0346 0.418143 2.41697 0.298564 4568
3 15 19 23.1411 0.544075 3.25972 0.369482 2290
3 15 20 23.0744 0.664396 3.03469 0.386978 4297
3 15 21 22.9177 0.608155 2.67074 0.332022 3579
3 15 22 23.0371 -3 0 0 1
3 15 23 23.1128 0.538769 2.92081 0.337569 4962
3 15 24 21.7038 0.409639 2.38287 0.307409 5927
3 15 25 23.6084 0.794984 3.2304 0.402742 1868
3 15 26 23.0859 0.531401 2.6626 0.483725 4878
3 15 27 22.2891 0.423269 2.2862 0.455211 4240
3 15 28 23.6462 0.681541 2.98061 0.335151 1897
3 15 29 21.7251 0.446532 2.39702 0.357151 5482
3 15 30 22.5238 0.441102 2.39751 0.312604 4400
3 15 31 21.5 -2 0 0 4144
3 15 32 22.3951 0.433104 2.48621 0.284921 4763
3 15 33 22.6833 0.452733 2.47292 0.387343 4607
3 15 34 23.2171 0.64745 3.04265 0.348547 6461
3 15 35 21.5 -2 0 0 4646
3 15 36 22.5956 0.537125 2.66544 0.42368 4586
3 15 37 22.3831 0.457394 2.41197 0.50045 5963
3 15 38 23.0452 0.666219 3.1703 0.316231 2507
3 15 39 23.5778 0.915627 3.20658 0.351875 6360
3 15 40 23.0799 0.55701 3.14871 0.329381 2833
3 15 41 21.9643 0.519798 2.4846 0.360428 5000
3 15 42 22.5172 0.4893 2.66049 0.620883 2967
3 15 43 22.7022 0.703276 2.87699 0.311614 6290
3 15 44 22.5861 0.502479 2.71465 0.310764 5217
3 15 45 22.32 0.583373 2.69814 0.47178 2812
3 15 46 23.5578 0.668954 3.50501 0.339545 3556
3 15 47 22.0979 0.564606 2.64891 0.389715 5548
3 15 48 23.2179 0.710467 3.26819 0.375853 2697
3 15 49 22.6554 0.488664 2.55685 0.355433 5837
3 15 50 23.1128 0.611044 2.99847 0.337412 5487
3 15 51 23.4669 0.886617 3.24226 0.294734 8740
3 15 52 22.5111 0.581507 2.97947 0.411915 4042
3 15 53 22.3451 0.566375 2.64339 0.416545 6360
3 15 54 21.8866 0.60338 2.56321 0.357971 6138
3 15 55 22.1944 0.622447 2.79927 0.295913 7570
3 15 56 22.7028 0.696785 3.13718 0.344159 7589
3 15 57 23.4745 0.941922 3.47833 0.312495 7903
3 15 58 21.6808 0.561179 2.67988 0.322712 6132
3 15 59 21.9055 0.688944 3.34542 0.443644 4580
3 15 60 22.5685 0.65394 3.42571 0.313866 3777
3 15 61 24.0109 0.804845 4.29296 0.255261 5905
3 15 62 22.2342 0.877262 3.36002 0.361034 8134
3 15 63 21.8059 0.585828 3.02279 0.358215 3910
4 0 0 20.4214 0.451431 3.0746 0.721879 8394
4 0 1 20.5403 0.404641 3.17504 0.466542 7793
4 0 2 19.2825 0.297387 2.44847 1.01995 8590
4 0 3 20.0513 0.316782 2.63464 0.711169 5644
4 0 4 19.9844 0.346724 2.77822 0.758367 6829
4 0 5 20.6322 0.36747 2.70753 0.519476 6593
4 0 6 19.6843 0.344608 2.66712 0.719789 7860
4 0 7 20.1596 0.322264 2.43496 0.555108 12007
4 0 8 19.7945 0.291006 2.45815 0.516435 15196
4 0 9 20.2595 0.329214 2.54761 0.603339 11020
4 0 10 20.0116 0.297479 2.31295 0.664645 10429
4 0 11 21.5 -2 0 0 6797
4 0 12 20.4344 0.372901 2.60612 0.680922 6564
4 0 13 19.5803 0.29905 2.55454 0.772875 7536
4 0 14 20.8635 0.373741 2.77153 0.534809 15437
4 0 15 19.8028 0.31738 2.4932 0.607532 6022
4 0 16 20.2509 0.30017 2.51231 0.619412 10660
4 0 17 20.8204 0.385478 2.96505 0.6239 6976
4 0 18 20.409 0.376712 2.8676 0.582202 5380
4 0 19 20.6312 0.34254 2.75004 0.611667 5779
4 0 20 21.2045 0.435576 2.96535 0.52609 5430
4 0 21 20.2945 0.312833 2.48607 0.60057 12029
4 0 22 20.1197 0.306167 2.73352 0.691895 5502
4 0 23 20.3809 0.263713 2.38472 0.54454 17512
4 0 24 19.7649 0.319572 2.59003 0.696832 7739
4 0 25 20.0131 0.260074 2.30501 0.594707 15522
4 0 26 20.8414 0.423743 3.01622 0.646446 8555
4 0 27 20.817 0.356515 2.79029 0.730642 5717
4 0 28 20.6167 0.377136 2.86575 0.623973 6579
4 0 29 20.4799 0.324961 2.62296 0.451895 18021
4 0 30 21.1585 0.341994 2.32154 0.809171 8637
4 0 31 20.7238 0.317512 2.60098 0.40669 15321
4 0 32 21.4212 0.338521 2.87775 0.687777 4660
4 0 33 21.0151 0.337806 2.84826 0.651113 6488
4 0 34 20.6845 0.323031 2.59738 0.537032 22576
4 0 35 20.2463 0.281374 2.40223 0.46345 16482
4 0 36 20.7793 0.367637 2.48694 0.726801 10921
4 0 37 22.0164 0.390024 3.2215 0.61153 7143
4 0 38 21.254 0.388025 2.82317 0.538463 9813
4 0 39 20.6795 0.402286 2.82281 0.516554 22746
4 0 40 20.9716 0.361851 2.62422 0.706087 12058
4 0 41 21.32 0.347143 2.95385 0.559741 5784
4 0 42 20.7144 0.341427 2.91129 0.611775 7458
4 0 43 20.552 0.394898 2.59072 1.09843 8144
4 0 44 20.2214 0.349726 2.5629 0.651853 8680
4 0 45 20.6021 0.308595 2.48367 0.505122 16004
4 0 46 20.8237 0.364609 2.64513 0.770746 22719
4 0 47 20.5072 0.430832 2.99567 0.457051 10750
4 0 48 19.7943 0.293042 2.46221 0.49124 15249
4 0 49 20.761 0.460221 2.97723 0.637046 8520
4 0 50 20.4769 0.390352 2.86141 0.522667 8519
4 0 51 21.0409 0.451579 3.23983 0.470768 15564
4 0 52 20.8135 0.351101 2.92951 0.602273 9681
4 0 53 20.1194 0.393631 2.64377 0.685071 19248
4 0 54 20.1462 0.312551 2.42979 0.725086 17229
4 0 55 19.6012 0.360832 2.76853 0.69703 14145
4 0 56 20.7897 0.546587 3.08403 0.589101 11928
4 0 57 20.1654 0.531219 2.93693 0.54335 14602
4 0 58 20.0325 0.368362 2.77593 0.804967 10423
4 0 59 20.8333 0.45043 3.24739 0.459595 11708
4 0 60 20.2175 0.398489 2.76517 0.545329 19005
4 0 61 21.3055 0.637923 3.92951 0.402955 16321
4 0 62 19.8335 0.386553 2.63644 0.633814 27337
4 0 63 19.5973 0.40512 3.00473 0.4546 11914
4 1 0 27.3829 0.626851 4.44516 0.380688 10500
4 1 1 25.5727 0.896442 3.95675 0.469959 19342
4 1 2 25.9268 0.625082 3.952 0.365163 9893
4 1 3 23.8096 0.62862 3.09591 0.510609 16486
4 1 4 25.5448 0.498651 3.36113 0.517999 5775
4 1 5 25.4897 0.523373 3.62993 0.316761 8073
4 1 6 25.8182 0.570928 3.82982 0.414499 9993
4 1 7 25.3313 0.434436 3.54499 0.409842 7025
4 1 8 24.8742 0.436101 3.37009 0.541153 7604
4 1 9 25.7758 0.853805 4.08793 0.476038 15640
4 1 10 26.0547 0.618482 3.77857 0.434544 8876
4 1 11 24.2023 0.66842 3.19817 0.53462 15130
4 1 12 24.6814 0.45335 3.44226 0.521376 6968
4 1 13 25.3052 0.402681 3.34653 0.573987 5721
4 1 14 25.884 0.555612 3.76436 0.476594 8533
4 1 15 25.7202 0.535627 3.68549 0.443576 6374
4 1 16 26.5657 0.644516 4.18027 0.329823 11464
4 1 17 22.9772 0.457887 3.01259 0.455482 17083
4 1 18 26.2715 0.561825 3.7964 0.371439 5679
4 1 19 25.3536 0.478592 3.50974 0.441305 6419
4 1 20 24.6377 0.446995 3.3655 0.770947 4793
4 1 21 25.1327 1.60812 3.54958 0.63599 18515
4 1 22 26.0597 0.494953 3.67081 0.409036 7032
4 1 23 25.6877 0.468041 3.96359 0.275517 5733
4 1 24 24.4132 0.5503 3.22652 0.5065 16049
4 1 25 25.7034 0.802293 3.84308 0.419745 12945
4 1 26 26.3522 0.617522 3.7869 0.390497 8245
4 1 27 24.5354 0.859232 3.50956 0.531789 13098
4 1 28 25.1428 0.860192 3.68496 0.508161 12799
4 1 29 24.7231 0.392205 3.16246 0.781656 5507
4 1 30 25.5602 0.51386 3.58878 0.376875 4273
4 1 31 24.3259 0.781654 3.26768 0.535468 12067
4 1 32 24.9742 0.641861 3.37455 0.457242 10642
4 1 33 24.0295 0.636259 3.15332 0.448061 11110
4 1 34 25.247 0.439328 3.6619 0.440613 6465
4 1 35 24.8328 0.744149 3.63295 0.48911 11112
4 1 36 24.7386 0.7292 3.47115 0.573075 9395
4 1 37 25.4299 0.495956 3.59632 0.330468 5473
4 1 38 25.6707 0.86837 4.08761 0.522713 9789
4 1 39 23.5485 0.603307 3.19939 0.499851 9188
4 1 40 26.0369 0.537181 3.51859 0.468484 4985
4 1 41 25.4754 0.455406 3.43748 0.490055 4389
4 1 42 26.0295 0.50769 3.74768 0.298575 4982
4 1 43 26.1344 0.55389 3.86987 0.343401 5331
4 1 44 24.121 0.455274 3.35461 0.54138 4081
4 1 45 21.5 -2 0 0 10718
4 1 46 24.46 0.636674 3.29467 0.565357 12940
4 1 47 21.5 -2 0 0 2903
4 1 48 25.2461 0.601235 3.45438 0.60516 5069
4 1 49 25.2539 0.507231 3.64273 0.355508 5682
4 1 50 24.5167 0.443378 3.28088 0.505909 4462
4 1 51 25.1847 0.541337 3.8799 0.321865 5198
4 1 52 24.7903 0.469262 3.48531 0.385372 4860
4 1 53 21.5 -2 0 0 6638
4 1 54 23.4825 0.433972 3.33976 0.308053 5103
4 1 55 24.9663 0.502163 3.33091 0.748717 5024
4 1 56 24.5009 0.588947 3.15873 0.833841 4863
4 1 57 24.2204 0.615264 3.48123 0.36749 6461
4 1 58 23.1067 0.456608 3.26735 0.57313 5158
4 1 59 23.6775 0.803747 3.38464 0.545464 11481
4 1 60 24.9857 0.45697 3.69684 0.489365 4453
4 1 61 24.7367 0.913069 3.95029 0.495709 9399
4 1 62 24.0315 0.503414 3.57739 0.605524 5040
4 1 63 23.7011 0.442653 3.4479 0.417231 4643
4 2 0 18.9035 0.293052 2.93161 0.625292 29734
4 2 1 16.2519 0.219746 2.29094 0.649642 22928
4 2 2 18.4961 0.243546 2.58944 0.623899 27911
4 2 3 15.3056 0.217439 1.86407 0.779249 17684
4 2 4 16.0157 0.199021 1.9715 0.635568 18058
4 2 5 18.4976 0.212721 2.23703 0.551381 23605
4 2 6 18.5768 0.243707 2.48309 0.620196 25067
4 2 7 18.3179 0.21581 2.40433 0.578771 16116
4 2 8 18.3271 0.209238 2.21118 0.467475 25002
4 2 9 15.3743 0.203005 2.01909 0.801474 20103
4 2 10 15.0672 0.21498 2.12681 0.47581 15903
4 2 11 18.0967 0.198966 2.25252 0.471084 22854
4 2 12 18.5224 0.210438 2.34074 0.775188 23000
4 2 13 15.9948 0.193543 1.75744 0.747414 17535
4 2 14 16.463 0.268631 2.46542 0.519343 24786
4 2 15 18.4774 0.208812 2.1649 0.57017 19606
4 2 16 18.8413 0.252522 2.65608 0.739203 17877
4 2 17 16.5421 0.20782 2.01828 0.633588 24097
4 2 18 18.5758 0.230931 2.278 0.67459 18924
4 2 19 16.028 0.217684 1.67529 0.990603 17180
4 2 20 18.6039 0.21743 2.26583 0.434245 22128
4 2 21 18.8351 0.219347 2.31676 0.572059 26023
4 2 22 15.1127 0.226936 1.83884 0.851867 14290
4 2 23 16.0734 0.196901 2.00588 0.674924 18946
4 2 24 16.107 0.224533 2.04869 0.610566 22207
4 2 25 18.5756 0.203818 2.35975 0.557008 17596
4 2 26 16.3828 0.227472 2.26618 0.535972 29165
4 2 27 16.6 0.207861 2.09995 0.582184 16102
4 2 28 18.7101 0.206719 2.12656 0.606018 18675
4 2 29 16.5901 0.20294 1.99196 0.610461 22897
4 2 30 16.4343 0.211964 2.03826 0.503861 14858
4 2 31 15.4951 0.231722 1.81878 0.932033 13164
4 2 32 15.6476 0.225453 1.65813 0.889081 13842
4 2 33 15.9226 0.207083 1.86549 0.676226 16820
4 2 34 19.1377 0.266162 2.7699 0.617092 27522
4 2 35 15.4246 0.218387 1.95262 0.699441 13863
4 2 36 18.4904 0.217455 2.25304 0.52631 22212
4 2 37 16.6314 0.239211 2.21351 0.584246 19091
4 2 38 18.7035 0.242401 2.41863 0.593391 19545
4 2 39 21.5 -2 0 0 21841
4 2 40 16.0186 0.200977 1.90847 0.862213 18341
4 2 41 15.5144 0.234257 1.87097 0.817555 14507
4 2 42 18.839 0.232506 2.47743 0.585766 23210
4 2 43 15.804 0.232924 2.01503 0.526333 21269
4 2 44 17.08 -3 0 0 171
4 2 45 15.8657 0.203219 1.82769 0.750934 15042
4 2 46 16.5435 0.231625 2.21749 0.831374 24193
4 2 47 18.6366 0.231773 2.54574 0.65062 9162
4 2 48 15.4993 0.232379 1.88563 0.925796 17916
4 2 49 15.8703 0.216354 2.02676 0.690112 18474
4 2 50 17.5 -2 0 0 19752
4 2 51 15.698 0.265181 2.42717 0.712059 20599
4 2 52 18.727 0.255817 2.57532 0.532398 29687
4 2 53 18.4034 0.244224 2.53859 0.629592 17265
4 2 54 16.5513 0.474096 1.31186 0.725645 601
4 2 55 0 -10 0 0 0
4 2 56 16.327 0.284385 2.53787 0.755361 7359
4 2 57 18.2681 0.284054 2.70085 0.511502 28422
4 2 58 17.9368 0.250531 2.47373 0.50306 26228
4 2 59 18.6684 0.304725 2.76992 0.694937 32654
4 2 60 18.0853 0.259333 2.49949 0.689211 17181
4 2 61 18.7209 0.332454 3.12762 0.624119 32310
4 2 62 16.1175 0.421047 1.65679 0.51053 1653
4 2 63 16.0254 0.422807 1.30596 0.567347 1298
4 3 0 29.31 0.6867 5.03281 0.362567 10258
4 3 1 27.8142 0.489572 4.1476 0.258431 8653
4 3 2 28.8548 0.976028 4.40868 0.585488 15728
4 3 3 27.5376 0.460025 3.81984 0.323034 7386
4 3 4 27.4318 0.884625 3.93894 0.60578 15446
4 3 5 27.8525 0.456793 3.78351 0.338831 6664
4 3 6 29.3164 0.832686 4.40511 0.519051 14555
4 3 7 27.2465 0.815427 4.14545 0.513002 19556
4 3 8 27.3869 0.429689 3.85493 0.429124 6777
4 3 9 28.2704 0.462006 4.06 0.276113 7796
4 3 10 28.3736 0.48163 4.05742 0.322569 8612
4 3 11 27.1704 0.457044 3.93323 0.42835 7298
4 3 12 27.3178 0.450123 3.84083 0.294561 7066
4 3 13 26.8172 0.475282 3.70992 0.588839 8586
4 3 14 28.565 0.524197 4.0852 0.38084 9275
4 3 15 28.5689 0.489581 3.96637 0.389697 7524
4 3 16 29.3038 0.926252 4.93894 0.520066 17063
4 3 17 28.2659 0.550116 3.95015 0.409434 8090
4 3 18 28.6843 0.875401 4.40457 0.580656 13677
4 3 19 28.4435 0.441176 3.72628 0.561873 8326
4 3 20 27.8711 0.727739 4.18127 0.470873 12494
4 3 21 29.0049 0.929261 4.62757 0.573018 17791
4 3 22 28.8834 0.502009 3.84814 0.287793 7523
4 3 23 28.9044 0.598165 4.03916 0.42401 7062
4 3 24 28.7114 0.561292 3.934 0.348459 7975
4 3 25 29.0115 1.2582 4.31152 0.702724 18866
4 3 26 28.5023 0.495732 4.12145 0.455718 6617
4 3 27 28.1462 0.490189 3.98563 0.469306 7515
4 3 28 27.0748 0.510003 3.61237 0.489892 9075
4 3 29 26.9021 0.733936 3.82709 0.623067 13850
4 3 30 28.6362 0.543816 4.23993 0.320095 6808
4 3 31 29.1408 0.604219 4.25965 0.375197 10948
4 3 32 27.8314 0.828722 4.03309 0.549662 18025
4 3 33 28.2733 0.556533 4.28727 0.378885 8181
4 3 34 30.3733 0.940954 5.13129 0.603855 13961
4 3 35 28.6918 0.55297 4.13301 0.399483 10923
4 3 36 28.5484 0.868424 4.55735 0.578786 10802
4 3 37 27.3268 1.00172 3.99815 0.641352 13201
4 3 38 29.0653 0.517942 4.08669 0.434665 10611
4 3 39 28.4592 0.529904 4.13113 0.359081 8171
4 3 40 28.1707 0.761348 4.32925 0.457714 12683
4 3 41 27.7905 0.578094 4.15719 0.333727 10185
4 3 42 27.3798 0.532423 4.06649 0.333626 9525
4 3 43 27.7825 0.677163 4.28686 0.412745 8734
4 3 44 28.5203 0.526529 4.09284 0.326313 8913
4 3 45 28.0519 0.568376 3.92894 0.391714 9734
4 3 46 29.0673 0.626351 4.081 0.713039 8481
4 3 47 29.1376 0.560709 4.30899 0.428742 9887
4 3 48 26.5673 0.725849 3.4701 0.605732 14184
4 3 49 27.7213 0.591311 4.00157 0.339959 9926
4 3 50 27.2291 0.441073 3.74404 0.33292 7827
4 3 51 28.2001 0.478422 4.00235 0.738544 8330
4 3 52 26.075 0.788311 3.61548 0.557027 16435
4 3 53 28.4792 0.987058 4.60961 0.585833 17291
4 3 54 28.1404 0.822398 4.24444 0.572315 15236
4 3 55 27.7165 0.767712 4.14543 0.502719 15922
4 3 56 29.0548 0.645294 4.48689 0.38349 8473
4 3 57 27.6188 0.903187 4.24092 0.556598 16204
4 3 58 27.02 0.479909 3.86602 0.310547 9083
4 3 59 27.7904 0.602476 4.44625 0.34694 9246
4 3 60 27.7028 0.508978 4.14324 0.297836 8244
4 3 61 28.4865 0.606292 4.5101 0.46353 9225
4 3 62 27.0602 0.528542 4.51577 0.285735 9076
4 3 63 25.8341 0.774771 3.86364 0.479793 15070
4 4 0 27.1536 0.791492 4.36766 0.343932 14918
4 4 1 26.4846 0.967124 3.82672 0.45289 16783
4 4 2 26.4233 0.962288 3.83347 0.418183 14398
4 4 3 25.7914 0.656976 3.41701 0.396878 9409
4 4 4 24.4247 0.738189 2.95327 0.478196 10643
4 4 5 26.5407 0.658043 3.78077 0.358497 8035
4 4 6 27.3177 0.56379 3.81845 0.416593 7210
4 4 7 25.5932 0.507855 3.27484 0.495678 8432
4 4 8 26.9323 0.529587 3.58521 0.343957 6286
4 4 9 25.6208 0.733391 3.54107 0.386295 12469
4 4 10 26.5949 0.944419 3.82878 0.481197 9997
4 4 11 26.6878 0.963606 3.82875 0.490772 10734
4 4 12 25.7534 0.45165 3.42212 0.537977 4904
4 4 13 26.1233 0.785004 3.47589 0.421559 7682
4 4 14 26.8653 0.952817 4.02432 0.389569 16050
4 4 15 26.4746 0.692544 3.52196 0.473088 7498
4 4 16 26.3462 0.882803 4.07491 0.427381 9305
4 4 17 25.9564 0.585829 3.78297 0.320534 7727
4 4 18 24.8606 0.670444 3.07349 0.609989 9103
4 4 19 26.4333 0.816 3.70662 0.512625 7809
4 4 20 26.463 -3 0 0 38
4 4 21 27.1187 0.999782 4.14556 0.447669 13184
4 4 22 26.3364 0.956331 3.33582 0.515939 8915
4 4 23 29.1179 0.83814 4.43183 0.463946 7435
4 4 24 26.3127 0.969003 3.50777 0.472234 14316
4 4 25 25.7094 0.628846 3.43691 0.431351 7908
4 4 26 27.4535 0.887854 4.15005 0.413745 14292
4 4 27 26.402 0.752859 3.67021 0.483611 6117
4 4 28 24.5213 0.475986 2.92839 0.435916 8066
4 4 29 24.8163 0.56617 3.04821 0.469053 12380
4 4 30 25.5 -2 0 0 6800
4 4 31 24.9635 0.604801 3.14977 0.473635 7428
4 4 32 26.7327 0.647446 3.61828 0.424404 7403
4 4 33 26.6537 0.834446 3.89412 0.443887 5970
4 4 34 28.2991 0.635126 4.17697 0.287866 6787
4 4 35 24.9628 0.534652 3.10353 0.533538 7264
4 4 36 26.2837 0.811863 3.64016 0.507857 6580
4 4 37 25.617 0.765194 3.46453 0.442994 8611
4 4 38 26.1895 0.649 3.47508 0.447432 6398
4 4 39 27.2388 1.29846 3.82387 0.592624 7275
4 4 40 26.0229 0.781339 3.67153 0.505848 9398
4 4 41 26.7754 0.488827 3.60187 0.285321 3071
4 4 42 25.6652 0.624757 2.22931 0.282959 392
4 4 43 26.4512 0.687673 3.74649 0.421197 10587
4 4 44 27.3075 0.488559 3.51815 0.440168 2472
4 4 45 27.1117 0.981105 3.91936 0.507047 7211
4 4 46 27.4513 0.991707 4.13294 0.387778 12708
4 4 47 26.463 -3 0 0 27
4 4 48 26.7654 0.578579 3.82563 0.390934 3770
4 4 49 25.1334 0.675772 3.33205 0.492384 10047
4 4 50 25.0369 0.651334 3.41153 0.418531 6816
4 4 51 28.3172 1.05196 4.52461 0.499775 8484
4 4 52 25.2043 0.741327 3.55442 0.380176 7803
4 4 53 27.9366 1.13779 4.16188 0.527437 6110
4 4 54 26.4428 0.920907 3.4809 0.521335 7126
4 4 55 27.4962 0.614607 4.03201 0.34605 4706
4 4 56 26.6188 0.873373 4.44232 0.405457 8032
4 4 57 26.0453 0.795573 3.71701 0.44102 8490
4 4 58 25.7273 0.955801 3.65582 0.450313 8244
4 4 59 25.1885 0.889231 3.97655 0.453996 11326
4 4 60 24.9268 0.841535 3.77748 0.401571 7000
4 4 61 27.2807 0.721092 4.30136 0.347924 6451
4 4 62 26.1632 1.04458 3.9576 0.481332 10185
4 4 63 24.6373 0.740124 3.57334 0.425619 8564
4 5 0 18.8422 0.390298 2.8382 0.734299 13635
4 5 1 18.8281 0.296475 2.65624 0.659593 18383
4 5 2 18.7721 0.242688 2.4657 0.544053 18985
4 5 3 18.8093 0.246087 2.32881 0.632863 20534
4 5 4 18.736 0.231372 2.32254 0.413582 18275
4 5 5 18.6937 0.21803 2.28423 0.515568 19379
4 5 6 18.7985 0.242843 2.47002 0.51397 20157
4 5 7 19.0767 -3 0 0 198
4 5 8 18.6782 0.221738 2.32217 0.637714 19053
4 5 9 19.053 0.276782 2.55945 0.673626 19816
4 5 10 19.0484 0.40297 2.3914 0.472311 2361
4 5 11 18.6783 0.214477 2.2853 0.45873 20478
4 5 12 18.559 0.220443 2.27653 0.37327 19363
4 5 13 18.1117 0.41906 1.47623 0.592371 491
4 5 14 19.2192 0.28928 2.61685 0.602872 18241
4 5 15 19.2909 0.261109 2.44142 0.578319 21977
4 5 16 19.9023 0.428693 3.28812 0.696896 14524
4 5 17 19.0247 0.263345 2.56437 0.549915 21024
4 5 18 18.7929 0.238183 2.32439 0.609352 22052
4 5 19 19.4899 0.419224 3.06748 0.624239 16840
4 5 20 19.0688 0.235566 2.32545 0.553069 22209
4 5 21 19.3182 0.22905 2.39691 0.70459 20082
4 5 22 19.1706 0.364523 2.95119 0.595431 12677
4 5 23 19.2907 0.233524 2.33129 0.626653 22615
4 5 24 18.3068 0.308631 1.48837 0.567408 727
4 5 25 18.4987 0.356367 1.2672 0.459629 272
4 5 26 19.1855 0.269591 2.51508 0.641278 20601
4 5 27 19.2766 0.243215 2.41448 0.56384 20992
4 5 28 19.2997 0.310203 2.78699 0.635807 17562
4 5 29 19.0902 0.346441 1.66778 0.535875 862
4 5 30 19.2515 0.2441 2.40958 0.533586 21575
4 5 31 20.1582 0.404944 2.7432 0.787364 29623
4 5 32 19.0767 -3 0 0 140
4 5 33 19.5075 0.246874 2.46699 0.497914 23046
4 5 34 19.0317 0.368133 2.91453 0.546447 13235
4 5 35 19.4128 0.280181 2.55034 0.660725 29160
4 5 36 18.5304 0.246462 2.3639 0.556082 22550
4 5 37 19.4854 0.255417 2.40557 0.567121 22053
4 5 38 19.0025 0.406317 2.89706 0.617087 19035
4 5 39 20.0919 0.29623 2.65928 0.572799 35045
4 5 40 18.7791 0.22972 2.3138 0.385743 25466
4 5 41 19.0886 0.345239 2.95453 0.593522 14363
4 5 42 18.7415 0.294051 2.51437 0.808602 15089
4 5 43 19.4259 0.273148 2.42073 0.534786 24243
4 5 44 19.5712 0.330373 2.59823 0.865231 7992
4 5 45 18.8708 0.271681 2.39181 0.560616 24661
4 5 46 19.7198 0.279509 2.5854 0.599338 23510
4 5 47 19.3068 0.337125 2.75937 0.700533 33573
4 5 48 19.0255 0.237854 2.35594 0.398067 26758
4 5 49 19.0122 0.260999 2.44592 0.502351 22998
4 5 50 18.2453 0.30603 2.62594 0.544265 16278
4 5 51 18.9611 0.255112 2.47729 0.45602 33239
4 5 52 18.0003 0.257495 2.29874 0.590539 18826
4 5 53 18.723 0.335685 2.9923 0.433988 17871
4 5 54 19.204 0.347294 2.97313 0.467279 11358
4 5 55 18.504 0.250317 2.34177 0.468807 27536
4 5 56 18.8362 0.290271 2.59994 0.529003 33127
4 5 57 19.0789 0.297746 2.53233 0.636345 32054
4 5 58 18.9613 0.280443 2.45782 0.552519 26591
4 5 59 18.6841 0.314006 2.62615 0.618477 26250
4 5 60 18.9268 0.330772 2.72989 0.565565 34412
4 5 61 19.384 0.370311 2.96473 0.52562 29732
4 5 62 18.8098 0.318849 2.61555 0.524546 25830
4 5 63 17.9798 0.280848 2.2708 0.512652 25773
4 6 0 19.7974 0.568205 2.97868 0.337497 16599
4 6 1 18.961 0.533315 3.01673 0.348802 9980
4 6 2 19.1611 0.329195 2.42227 0.562602 14441
4 6 3 17.7381 0.390606 2.1297 0.534693 6670
4 6 4 18.7434 0.340656 2.34159 0.332199 10276
4 6 5 18.9222 0.290143 2.02707 0.528217 11341
4 6 6 19.431 0.417163 2.64748 0.314769 13000
4 6 7 19.1682 0.32256 2.28684 0.3617 8470
4 6 8 18.5715 0.347988 2.28276 0.294641 11591
4 6 9 18.6222 0.441195 2.47886 0.395991 7008
4 6 10 19.2719 0.321544 2.35307 0.315015 10310
4 6 11 17.9918 0.435316 2.36687 0.414753 6261
4 6 12 18.9594 0.335561 2.2009 0.42317 10523
4 6 13 19.0211 0.341701 2.26053 0.317342 7993
4 6 14 19.2178 0.384629 2.66873 0.341052 14773
4 6 15 19.4509 0.360502 2.26655 0.437215 8370
4 6 16 19.2446 0.401598 2.54557 0.367821 10047
4 6 17 19.2619 0.331501 2.3329 0.35042 11579
4 6 18 17.3612 0.32911 2.07896 0.593052 5443
4 6 19 18.9076 0.362218 1.77203 0.680715 8348
4 6 20 19.4746 0.390306 2.4398 0.286968 9258
4 6 21 19.4181 0.37365 2.67395 0.344338 11470
4 6 22 19.0745 0.366568 2.22693 0.376146 9550
4 6 23 19.6141 0.312275 2.28302 0.479456 9700
4 6 24 18.8944 0.474514 2.76236 0.27974 8684
4 6 25 19.0242 0.32185 2.09923 0.45796 8324
4 6 26 19.3319 0.319514 2.43641 0.352482 12844
4 6 27 19.8558 0.343298 2.10593 0.527876 6916
4 6 28 18.0646 0.361727 2.26362 0.466784 4589
4 6 29 18.8157 0.420171 2.58948 0.457392 7311
4 6 30 18.9156 0.348067 2.2388 0.402611 7909
4 6 31 20.6396 0.390604 2.26807 0.57835 5251
4 6 32 19.5082 0.354631 1.93272 0.514514 7571
4 6 33 19.1341 0.45423 2.78114 0.378531 2501
4 6 34 18.7032 0.419021 2.51239 0.517066 9053
4 6 35 19.0617 0.349652 2.01397 0.42999 6987
4 6 36 18.7862 0.421417 2.48268 0.481911 5861
4 6 37 19.6865 0.344291 2.38499 0.299584 7640
4 6 38 19.1449 0.379094 2.10922 0.449928 6427
4 6 39 19.0144 0.376501 2.24756 0.449971 6102
4 6 40 19.2315 0.441792 2.14314 0.429991 451
4 6 41 18.7419 0.340508 1.80632 0.42239 6406
4 6 42 18.741 0.504307 2.69672 0.328895 6459
4 6 43 18.9832 0.372264 2.39574 0.379949 9720
4 6 44 18.8222 0.359591 2.02852 0.368917 6872
4 6 45 19.0205 0.345822 2.21349 0.423098 8237
4 6 46 18.1727 0.423174 2.70289 0.290708 8333
4 6 47 19.5539 0.510919 2.91445 0.450564 1852
4 6 48 19.0468 0.436776 2.11768 0.357931 232
4 6 49 19.0555 0.52128 1.74227 0.603588 231
4 6 50 19.1067 -3 0 0 38
4 6 51 18.9653 0.375016 2.45902 0.376858 5226
4 6 52 18.7092 0.304656 2.21542 0.511279 9139
4 6 53 18.8606 0.383402 2.40254 0.45005 4779
4 6 54 18.6999 0.365463 2.42795 0.380027 7561
4 6 55 18.6099 0.328788 2.02185 0.392897 8251
4 6 56 18.8645 0.488957 2.82873 0.402689 2765
4 6 57 18.8135 0.465673 2.36487 0.3952 6249
4 6 58 19.1067 -3 0 0 136
4 6 59 18.8874 0.492233 1.63139 0.519112 490
4 6 60 17.8192 0.381882 2.24226 0.3905 6131
4 6 61 18.905 0.523214 2.72579 0.439665 7225
4 6 62 17.6834 0.567856 2.55235 0.642582 4719
4 6 63 17.6768 0.406223 2.28881 0.421209 7522
4 7 0 15.586 0.339545 2.40668 0.587649 4799
4 7 1 15.4868 0.304913 1.86976 0.643529 7242
4 7 2 18.3144 0.313426 2.56246 0.468641 8234
4 7 3 15.4438 0.34679 1.75329 0.675876 8442
4 7 4 16.3843 0.614435 0.894928 0.690636 387
4 7 5 18.1006 0.27994 2.22382 0.627987 9894
4 7 6 17.8742 0.324055 2.03628 0.553869 7964
4 7 7 18.4423 0.299452 2.34009 0.412817 9170
4 7 8 17.3003 -3 0 0 161
4 7 9 15.3993 0.267578 1.92273 0.597836 6021
4 7 10 17.9536 0.26907 2.20985 0.510379 7574
4 7 11 18.3352 0.265558 2.20393 0.483052 10200
4 7 12 17.3003 -3 0 0 152
4 7 13 18.1377 0.27869 1.78692 0.644159 10689
4 7 14 17.3003 -3 0 0 184
4 7 15 18.1513 0.276852 2.06432 0.486372 10323
4 7 16 18.4519 0.281283 2.50017 0.443894 7416
4 7 17 18.1569 0.256999 2.05116 0.465905 9861
4 7 18 18.4682 0.300065 2.18228 0.40716 10354
4 7 19 17.5 -2 0 0 10481
4 7 20 15.4234 0.278531 1.79708 0.60605 9023
4 7 21 18.4563 0.286278 2.25717 0.455201 8407
4 7 22 15.3012 0.317916 1.64612 0.617323 6226
4 7 23 18.5316 0.269574 2.04764 0.591188 10974
4 7 24 18.4278 0.274919 2.17292 0.480861 9997
4 7 25 17.3659 0.303452 2.27218 0.371748 10069
4 7 26 18.7745 0.28796 2.37759 0.44068 11207
4 7 27 18.3788 0.279403 1.95394 0.50927 11944
4 7 28 15.5342 0.275388 1.5982 0.630765 9040
4 7 29 18.6724 0.26776 2.09771 0.40051 10804
4 7 30 15.7222 0.255689 1.75628 0.519144 9238
4 7 31 16.165 0.27372 2.03847 0.506236 11585
4 7 32 16.0579 0.280265 1.84242 0.419032 10077
4 7 33 16.2444 0.289866 1.69638 0.711163 10964
4 7 34 15.9277 0.303982 2.11886 0.485661 10262
4 7 35 16.4654 0.293297 2.04775 0.590179 13171
4 7 36 16.0007 0.269952 1.92621 0.513926 10566
4 7 37 18.4114 0.272216 1.96727 0.556375 11806
4 7 38 18.211 0.323801 2.484 0.391466 15484
4 7 39 16.3021 0.30005 2.2296 0.425135 17280
4 7 40 18.4801 0.293722 2.29004 0.445768 10970
4 7 41 15.876 0.276447 1.8849 0.49183 12046
4 7 42 18.3598 0.29182 2.30156 0.364557 13737
4 7 43 18.4779 0.261279 2.0403 0.357539 11987
4 7 44 18.9381 0.300762 2.23485 0.411928 15873
4 7 45 18.5202 0.275268 2.11331 0.37881 15458
4 7 46 18.4605 0.327008 2.49588 0.482883 13142
4 7 47 19.2637 0.339353 2.77682 0.413243 20962
4 7 48 15.9474 0.291369 1.83865 0.520362 11225
4 7 49 15.3434 0.284394 1.63593 0.701876 11102
4 7 50 16.0342 0.349044 1.92068 0.42794 14485
4 7 51 15.8779 0.289815 2.14457 0.486708 14727
4 7 52 18.2594 0.283159 2.25168 0.392943 12712
4 7 53 16.5651 0.297272 2.25593 0.523416 17972
4 7 54 18.2814 0.279786 2.18761 0.531022 17303
4 7 55 17.9755 0.285728 2.102 0.512611 15757
4 7 56 18.4367 0.335595 2.57976 0.324546 19258
4 7 57 18.5617 0.312958 2.58068 0.431185 19409
4 7 58 15.7172 0.277715 1.74436 0.667519 13933
4 7 59 17.5 -2 0 0 14402
4 7 60 18.3206 0.362361 2.67717 0.433236 20511
4 7 61 18.5404 0.397839 2.86939 0.451984 17548
4 7 62 17.9064 0.347957 2.56953 0.371696 14938
4 7 63 17.6622 0.275552 2.18415 0.349916 16162
4 8 0 23.7845 0.68269 3.50735 0.492271 7374
4 8 1 25.0822 0.451172 3.52555 0.384358 3828
4 8 2 23.6433 0.494491 3.2412 0.422519 8026
4 8 3 23.5762 0.599772 3.12767 0.55766 9439
4 8 4 23.9303 0.539318 3.25599 0.64507 5850
4 8 5 24.3275 0.487375 3.4158 0.398381 4200
4 8 6 23.4439 0.48188 2.85837 0.545007 8042
4 8 7 24.6458 0.721309 3.62216 0.407398 9965
4 8 8 21.5 -2 0 0 4136
4 8 9 24.2575 0.63841 3.58568 0.444505 8825
4 8 10 22.8551 0.48991 2.8222 0.636005 8429
4 8 11 24.5571 0.66775 3.44082 0.477996 8701
4 8 12 24.2908 0.45094 3.09824 0.568085 4002
4 8 13 23.2807 0.588108 3.05386 0.4667 11534
4 8 14 23.198 0.53511 2.91329 0.606829 7895
4 8 15 23.2811 0.400442 2.96927 0.793817 6091
4 8 16 23.5355 0.644938 3.40345 0.442509 10699
4 8 17 23.8601 0.665919 3.10404 0.487351 9147
4 8 18 23.1307 0.477082 2.79415 0.577236 9987
4 8 19 23.7434 0.537582 3.44716 0.464921 7965
4 8 20 24.3202 0.53844 3.40966 0.475325 5518
4 8 21 23.5505 0.581522 3.13308 0.493816 8646
4 8 22 23.8484 0.402142 2.97366 0.693835 4179
4 8 23 24.3547 0.54382 3.42118 0.452263 5981
4 8 24 23.2443 0.401082 2.50156 0.647257 8585
4 8 25 24.4226 0.915909 3.52377 0.513759 13362
4 8 26 24.4263 0.468495 3.36605 0.515152 5748
4 8 27 24.7317 0.519416 3.44306 0.369768 6302
4 8 28 23.0453 0.513784 2.74745 0.564791 12394
4 8 29 23.1758 0.449982 2.91335 0.452272 10734
4 8 30 24.0687 0.725688 3.24875 0.595973 9743
4 8 31 26.0431 0.690778 3.644 0.512294 8619
4 8 32 24.7369 0.583379 3.6674 0.386835 8803
4 8 33 25.1472 0.510647 3.62106 0.374329 7182
4 8 34 25.3887 0.577686 3.84267 0.441774 6278
4 8 35 24.6993 0.567683 3.56397 0.41899 10175
4 8 36 23.5815 0.674717 3.06156 0.475549 11926
4 8 37 24.2765 0.583082 3.24172 0.530679 10074
4 8 38 25.1298 0.776107 3.53573 0.456219 17698
4 8 39 25.8261 0.697648 3.9085 0.400849 11046
4 8 40 26.0392 0.583254 3.71452 0.457212 4422
4 8 41 24.0058 0.525531 3.45228 0.361884 9026
4 8 42 22.9477 0.503605 3.02004 0.513978 9388
4 8 43 23.3041 0.510081 3.206 0.630922 7163
4 8 44 23.2358 0.71204 3.06641 0.469787 16362
4 8 45 23.9856 0.554816 3.40507 0.487393 9377
4 8 46 24.6183 0.550479 3.70761 0.376315 6208
4 8 47 24.7879 0.818302 3.81082 0.414911 21814
4 8 48 24.891 0.624895 3.54264 0.395171 7092
4 8 49 24.272 0.517036 3.39193 0.824214 6396
4 8 50 23.8197 0.630716 3.49553 0.353378 9049
4 8 51 24.4004 0.694443 3.64827 0.447084 13890
4 8 52 23.9903 0.674707 3.36917 0.475946 9961
4 8 53 24.9562 0.850366 4.14025 0.389292 16334
4 8 54 23.1854 0.627404 2.89543 0.533758 13914
4 8 55 22.7427 0.584552 3.13146 0.490562 12925
4 8 56 24.2911 0.652127 3.65757 0.387889 10453
4 8 57 25.1951 1.09116 3.95407 0.537338 15634
4 8 58 23.4869 0.671158 3.37938 0.504774 10698
4 8 59 23.9434 0.763451 3.57687 0.561514 10350
4 8 60 23.616 0.740595 3.76544 0.364638 11724
4 8 61 24.9406 0.808515 4.12258 0.539265 12937
4 8 62 23.7377 0.623012 3.48813 0.476156 8458
4 8 63 21.2574 0.463863 2.78155 0.694679 12596
4 9 0 25.2706 0.869431 4.12078 0.420238 11073
4 9 1 22.9124 0.796884 3.17165 0.464648 12520
4 9 2 25.4915 0.740328 4.04935 0.447682 7221
4 9 3 22.594 0.532582 2.75413 0.530873 7349
4 9 4 23.9593 0.755962 3.55147 0.505961 3679
4 9 5 23.2051 0.529476 3.22778 0.717069 4577
4 9 6 24.705 0.604554 3.51046 0.389274 7601
4 9 7 22.214 0.456101 2.73056 0.539381 6493
4 9 8 23.7619 0.574952 3.39401 0.384215 5938
4 9 9 23.589 0.583201 3.06884 0.558884 7688
4 9 10 24.7517 0.58541 3.55251 0.494356 4003
4 9 11 24.2216 0.568038 3.46741 0.515341 5370
4 9 12 24.4051 0.675919 3.41718 0.553183 4081
4 9 13 23.6594 0.536671 3.29852 0.492618 3458
4 9 14 23.396 0.695534 3.10153 0.508931 12509
4 9 15 23.4664 0.482142 2.92074 0.537304 5162
4 9 16 23.4378 0.571327 3.06546 0.553168 5947
4 9 17 24.2254 0.662198 3.40179 0.566523 6222
4 9 18 24.1626 0.675097 3.44511 0.505983 3798
4 9 19 23.1439 0.423799 2.79933 0.576448 4835
4 9 20 24.2461 0.599936 3.38515 0.568442 2614
4 9 21 23.2362 0.708436 3.10091 0.500456 9246
4 9 22 23.2353 0.445232 2.86628 0.439335 5967
4 9 23 24.1732 0.680001 3.54274 0.591105 3339
4 9 24 23.3856 0.481756 3.04624 0.482206 9997
4 9 25 23.9809 0.528976 3.30472 0.478393 3119
4 9 26 26.1033 0.629358 3.6281 0.324361 5970
4 9 27 25.1428 0.596569 3.41572 0.482619 2832
4 9 28 21.5 -2 0 0 3668
4 9 29 23.866 0.765835 2.98608 0.555563 7002
4 9 30 24.9298 0.85845 3.55972 0.676257 2561
4 9 31 24.2148 0.558144 3.11511 0.488492 2967
4 9 32 23.1269 0.556428 2.7498 0.666898 4649
4 9 33 25.2212 0.613359 3.79363 0.55795 1801
4 9 34 23.9058 0.540099 3.36342 0.425519 7040
4 9 35 23.2551 0.517293 2.86059 0.563065 4962
4 9 36 24.3572 0.661507 3.39724 0.455788 2050
4 9 37 24.2386 0.696054 3.31736 0.60653 3909
4 9 38 23.3044 0.458196 2.68189 0.557904 4002
4 9 39 24.9563 0.652463 3.84919 0.518944 2859
4 9 40 24.0894 0.638821 3.55837 0.520314 2540
4 9 41 23.8147 0.553319 3.41787 0.425052 2339
4 9 42 25.1615 0.666128 3.75406 0.465256 2417
4 9 43 23.4047 0.555407 3.39613 0.455348 4546
4 9 44 25.2403 0.594825 3.84454 0.506694 1673
4 9 45 25.2395 0.66411 3.64142 0.54607 2284
4 9 46 24.581 0.654086 3.62241 0.446916 5631
4 9 47 23.3024 0.47729 2.73653 0.723268 3727
4 9 48 23.3251 0.51152 2.97322 0.480302 4604
4 9 49 23.5999 0.767011 3.33538 0.589547 4407
4 9 50 22.8039 0.570482 2.81032 0.561976 4420
4 9 51 21.5 -2 0 0 3898
4 9 52 22.5298 0.476361 2.77894 0.377164 7325
4 9 53 22.8727 0.519094 2.88405 0.488661 3132
4 9 54 23.2825 0.564431 3.32815 0.446477 2246
4 9 55 23.2918 0.524719 2.98048 0.537111 6574
4 9 56 24.1854 -3 0 0 44
4 9 57 23.0604 0.609454 3.16623 0.416402 6037
4 9 58 23.9353 0.65813 3.5221 0.506325 2125
4 9 59 21.7419 0.536436 3.03868 0.393973 8860
4 9 60 21.562 0.561115 2.78693 0.669752 4232
4 9 61 22.7662 0.630452 3.14952 0.534599 5753
4 9 62 24.1763 0.979351 3.92639 0.467616 6419
4 9 63 23.3871 0.779951 3.39999 0.452045 4804
4 10 0 19.0483 0.357259 2.91211 0.724927 15963
4 10 1 18.9966 0.267393 2.64011 0.702383 20932
4 10 2 19.1344 0.253249 2.5929 0.605161 22619
4 10 3 18.8643 0.232875 2.38263 0.544077 27237
4 10 4 18.8789 0.216847 2.31125 0.536189 23031
4 10 5 18.7247 0.211116 2.37038 0.499615 24647
4 10 6 18.4118 0.286319 2.61964 0.699176 16704
4 10 7 18.4255 0.256398 2.62727 0.564828 25560
4 10 8 17.9164 0.238264 2.32331 0.901733 18265
4 10 9 19.309 0.243868 2.59062 0.602743 26181
4 10 10 18.6404 0.285268 2.63308 0.645674 20046
4 10 11 18.3721 0.241469 2.2763 0.716942 18434
4 10 12 18.3284 0.266818 2.48763 0.566998 19556
4 10 13 19.1601 0.229724 2.36556 0.524181 29607
4 10 14 18.6665 0.268068 2.60697 0.701253 19547
4 10 15 17.9111 0.237569 2.33447 0.591643 21122
4 10 16 19.7265 0.29752 2.70499 0.919648 32366
4 10 17 18.269 0.22926 2.22233 0.62861 17190
4 10 18 18.6439 0.283253 2.42245 0.721677 19062
4 10 19 19.151 0.253316 2.58315 0.599266 30528
4 10 20 18.1186 0.236386 2.33088 0.916901 16479
4 10 21 18.3221 0.268337 2.42016 1.02403 19242
4 10 22 18.2473 0.227228 2.25313 0.601131 23307
4 10 23 18.2944 0.238789 2.31663 0.620637 17574
4 10 24 18.2088 0.229531 2.35672 0.50999 17986
4 10 25 19.5297 0.238057 2.50797 0.600961 33704
4 10 26 18.9175 0.256869 2.50056 0.709046 18199
4 10 27 19.4192 0.245609 2.44299 0.699937 26038
4 10 28 18.6521 0.260893 2.4839 0.572057 21101
4 10 29 19.1988 0.22466 2.33674 0.556181 22322
4 10 30 19.5644 0.236388 2.4204 0.576911 17700
4 10 31 19.54 0.280849 2.72689 0.594235 35239
4 10 32 19.2426 0.236152 2.4402 0.538456 29178
4 10 33 18.5324 0.242186 2.35112 0.59967 22076
4 10 34 18.9186 0.250733 2.52666 0.558416 17942
4 10 35 21.5 -2 0 0 35309
4 10 36 19.2226 0.221455 2.3383 0.638846 22806
4 10 37 18.3988 0.246567 2.32403 0.771625 16213
4 10 38 19.4925 0.249097 2.57791 0.647061 34933
4 10 39 19.7621 0.237888 2.57288 0.702943 28592
4 10 40 19.433 0.239733 2.48401 0.580976 18803
4 10 41 18.4288 0.219804 2.37514 0.575559 23011
4 10 42 19.2346 0.224784 2.2177 0.646687 25705
4 10 43 19.431 0.217434 2.37432 0.599141 24286
4 10 44 18.1498 0.217978 2.25612 0.700763 26345
4 10 45 19.4987 0.244851 2.45606 0.75625 28750
4 10 46 19.4844 0.242426 2.44459 0.735867 20007
4 10 47 19.4611 0.402999 3.03559 0.67181 26398
4 10 48 18.8811 0.22215 2.27665 0.53438 22174
4 10 49 19.3012 0.22125 2.34202 0.623674 22107
4 10 50 19.1434 0.243866 2.46943 0.555965 29753
4 10 51 18.6523 0.308516 2.71567 0.53372 18888
4 10 52 18.5514 0.241636 2.34914 0.861989 19379
4 10 53 19.3566 0.288931 2.78107 0.720785 29033
4 10 54 17.6917 0.221374 2.15589 0.738166 24443
4 10 55 19.0894 0.220429 2.4089 0.523236 22712
4 10 56 19.0811 0.272453 2.59691 0.660565 24760
4 10 57 18.912 0.238272 2.48421 0.61759 23956
4 10 58 18.5022 0.210458 2.35292 0.542976 23737
4 10 59 18.8805 0.262988 2.57843 0.784406 19669
4 10 60 18.8715 0.295199 2.6602 0.750235 28511
4 10 61 19.1104 0.270904 2.72081 0.837597 25041
4 10 62 18.7633 0.259458 2.65341 0.574504 23265
4 10 63 18.4712 0.238798 2.45051 0.55779 24121
4 11 0 23.1746 0.577817 3.38013 0.563543 21238
4 11 1 22.9755 0.377186 3.02255 0.455486 17876
4 11 2 23.01 0.50155 3.03665 0.529202 15779
4 11 3 22.8584 0.341233 2.79608 0.584901 11405
4 11 4 22.7829 0.326944 2.61795 0.607837 11425
4 11 5 22.9103 0.407603 2.988 0.473077 13546
4 11 6 24.0415 0.549992 3.41802 0.612182 9312
4 11 7 23.0249 0.34504 2.7816 0.570753 8765
4 11 8 23.3383 0.494069 3.26177 0.534935 10688
4 11 9 22.5362 0.401464 2.9275 0.543887 11389
4 11 10 23.7713 0.487152 3.32668 0.649671 6025
4 11 11 22.9694 0.32635 2.74932 0.548651 13605
4 11 12 23.4328 0.365691 2.88373 0.557815 9252
4 11 13 22.5333 0.360075 2.99777 0.471196 7762
4 11 14 23.5988 0.40273 3.07799 0.557642 19666
4 11 15 22.9053 0.342266 2.74095 0.699215 8431
4 11 16 24.0538 0.459338 3.55032 0.66167 5210
4 11 17 23.1425 0.395754 3.08105 0.483953 12991
4 11 18 23.1096 0.343881 2.78022 0.598262 12872
4 11 19 22.4902 0.379035 2.82133 0.564921 7536
4 11 20 24.0914 0.460866 3.25591 0.49193 8010
4 11 21 23.0761 0.357736 2.73588 0.578787 12575
4 11 22 22.8002 0.318722 2.69333 0.669058 7305
4 11 23 23.2773 0.429222 3.06364 0.453619 14734
4 11 24 22.899 0.379695 2.85056 0.402407 17758
4 11 25 24.0542 0.493583 2.93447 0.650289 6415
4 11 26 24.3452 0.510926 3.4154 0.480961 14798
4 11 27 23.2316 0.35058 2.77936 0.47858 11240
4 11 28 23.4285 0.388071 2.73265 0.578222 10332
4 11 29 22.7208 0.347874 2.72156 0.38579 17360
4 11 30 21.5 -2 0 0 7704
4 11 31 23.328 0.411156 3.02985 0.667625 6673
4 11 32 23.7731 0.409811 3.073 0.536749 7062
4 11 33 23.3502 0.426572 3.07021 0.540226 7969
4 11 34 23.6684 0.506572 3.26901 0.528324 16146
4 11 35 23.7296 0.459711 3.11629 0.601436 5921
4 11 36 23.5934 0.442447 2.91924 0.671393 7632
4 11 37 24.369 0.559013 3.26922 0.600955 8607
4 11 38 23.6216 0.384757 3.11198 0.49714 6467
4 11 39 23.8023 0.433903 3.16713 0.538458 10479
4 11 40 23.6175 0.400368 2.92473 0.579578 10366
4 11 41 22.379 0.335088 2.67683 0.475928 10713
4 11 42 23.5424 0.398058 2.993 0.543648 7630
4 11 43 23.2658 0.42228 2.94068 0.603235 12067
4 11 44 22.8618 0.360276 2.85402 0.762199 6922
4 11 45 21.5 -2 0 0 11084
4 11 46 21.5 -2 0 0 14443
4 11 47 23.4602 0.430322 3.02147 0.715198 8796
4 11 48 22.5645 0.357264 2.75066 0.470906 11625
4 11 49 23.8364 0.471796 3.15314 0.621736 8865
4 11 50 23.0403 0.432403 3.04641 0.523953 7748
4 11 51 23.5857 0.454116 2.90137 0.682637 15696
4 11 52 23.4366 0.606343 3.26543 0.543187 11698
4 11 53 22.7573 0.443307 3.31339 0.601295 5475
4 11 54 22.5196 0.384539 2.87644 0.674424 8442
4 11 55 22.6478 0.445354 2.97544 0.777527 12769
4 11 56 22.9222 0.495624 3.40729 0.487923 8715
4 11 57 23.3935 0.545722 3.45483 0.570067 13717
4 11 58 23.2199 0.360117 2.80638 0.68263 11782
4 11 59 24.0919 0.615659 3.50423 0.573739 12560
4 11 60 23.3318 0.632518 3.54836 0.636204 10101
4 11 61 24.1083 0.734496 4.33971 0.436958 11502
4 11 62 22.9894 0.644251 3.28341 0.562956 19502
4 11 63 21.8305 0.413782 2.80516 0.417363 14836
4 12 0 24.7119 0.562132 3.83394 0.526101 14786
4 12 1 23.7587 0.617644 3.60738 0.566915 16045
4 12 2 22.7663 0.374392 3.01134 0.555963 22364
4 12 3 22.8251 0.40656 3.12209 0.530673 15338
4 12 4 22.6487 0.506739 3.11364 0.61688 14510
4 12 5 23.365 0.505412 3.20397 0.584859 13958
4 12 6 23.7615 0.550744 3.121 0.696319 22009
4 12 7 24.9311 0.567643 3.84248 0.45023 16152
4 12 8 23.3447 0.442087 3.19806 0.536587 15394
4 12 9 24.2885 0.610964 3.68539 0.548344 18989
4 12 10 23.8889 0.502102 3.41309 0.5144 18531
4 12 11 22.5254 0.335212 2.70103 0.572483 17388
4 12 12 22.4675 0.348991 2.862 1.18371 14585
4 12 13 24.5632 0.606743 3.6072 0.581728 13903
4 12 14 25.1955 0.587332 3.77231 0.489521 12429
4 12 15 22.5672 0.487415 3.23308 0.43109 16014
4 12 16 23.1358 0.629415 3.43767 0.632872 30698
4 12 17 23.0264 0.4341 3.01918 0.536859 12218
4 12 18 23.4874 0.454286 3.19158 0.579753 13290
4 12 19 24.1955 0.471647 3.50822 0.455158 16304
4 12 20 23.5907 0.533821 3.21747 0.583727 12151
4 12 21 23.0215 0.420649 3.05531 0.579005 25321
4 12 22 23.3829 0.527311 3.38248 0.514584 14987
4 12 23 23.6613 0.474065 3.24652 0.71074 9946
4 12 24 23.0466 0.431993 2.98435 0.698895 14082
4 12 25 23.0177 0.486475 3.08968 0.52056 24073
4 12 26 23.7795 0.471915 3.26632 0.576248 13230
4 12 27 23.4498 0.520541 3.02206 0.685426 12456
4 12 28 23.3523 0.510278 3.13521 0.520498 13950
4 12 29 24.4048 0.484062 3.14164 0.592318 10691
4 12 30 23.3603 0.466791 3.18168 0.632812 13065
4 12 31 24.0387 0.457546 3.11709 0.525593 20959
4 12 32 24.8205 0.524695 3.59861 0.451985 11765
4 12 33 23.8169 0.580307 3.08946 0.618763 12532
4 12 34 23.2462 0.48076 3.05991 0.674439 16034
4 12 35 24.1993 0.466974 3.3343 0.475447 13538
4 12 36 24.1071 0.490977 3.30243 0.535682 10164
4 12 37 22.7718 0.405349 2.68075 0.60328 11423
4 12 38 23.6054 0.517313 3.09057 0.705875 17471
4 12 39 23.137 0.387866 2.76765 0.760134 14758
4 12 40 23.6527 0.48979 3.21522 0.52835 11808
4 12 41 23.8657 0.497522 3.18163 0.595329 12478
4 12 42 23.7339 0.515497 3.17615 0.592601 10081
4 12 43 23.4 0.451962 3.19806 0.495986 10533
4 12 44 24.5194 0.440504 3.4794 0.418651 9736
4 12 45 23.9109 0.524036 3.28885 0.521355 11816
4 12 46 23.5367 0.577002 3.25109 0.720257 14390
4 12 47 21.5 -2 0 0 12106
4 12 48 23.305 0.529024 3.02478 0.659838 15867
4 12 49 23.2767 0.407753 2.82778 0.723867 13243
4 12 50 23.0162 0.399851 2.94102 0.500745 15026
4 12 51 24.2528 0.654922 3.69232 0.710444 8535
4 12 52 22.9482 0.346865 2.68077 0.548202 13060
4 12 53 24.4375 0.582689 3.47452 0.71395 9998
4 12 54 22.9265 0.454092 3.19009 0.47101 10819
4 12 55 22.4882 0.409566 3.06317 0.651787 8421
4 12 56 23.6919 0.553705 3.75607 0.546281 8864
4 12 57 23.3608 0.622137 3.24951 0.660313 9980
4 12 58 22.9592 0.442207 3.24507 0.457519 9249
4 12 59 24.0225 0.508845 3.49381 0.695229 9287
4 12 60 23.3329 0.584478 3.95033 0.526451 10449
4 12 61 22.755 0.655646 3.75418 0.636632 9400
4 12 62 23.8032 0.744506 3.62885 0.60306 9677
4 12 63 21.9977 0.41627 3.04947 0.664728 9727
4 13 0 23.9555 0.84275 4.3586 0.403041 8679
4 13 1 22.1826 0.523852 3.04487 0.491329 7209
4 13 2 22.7041 0.64372 3.33063 0.435034 6765
4 13 3 21.5491 0.440221 2.60373 0.491194 6823
4 13 4 21.8256 0.495602 3.02695 0.449702 5636
4 13 5 21.4188 0.388838 2.61229 0.422968 8474
4 13 6 21.5839 0.689876 3.09013 0.476352 8487
4 13 7 22.3898 0.531152 3.23113 0.345496 3260
4 13 8 22.0496 0.65087 2.88683 0.590525 6780
4 13 9 22.5387 0.572409 3.3155 0.411906 4406
4 13 10 21.5 -2 0 0 4020
4 13 11 21.2408 0.492691 2.75078 0.513001 7143
4 13 12 21.5429 0.396334 2.66088 0.506804 7068
4 13 13 22.1403 0.567653 3.01882 0.498754 4356
4 13 14 22.8767 0.577967 3.15747 0.424643 8910
4 13 15 22.2072 0.535125 2.75624 0.524259 5121
4 13 16 22.7977 0.634564 3.02741 0.515033 3991
4 13 17 22.6154 0.655334 3.19198 0.465473 8113
4 13 18 21.7632 0.554837 2.87906 0.471839 5842
4 13 19 21.4684 0.42963 2.59897 0.539155 5548
4 13 20 22.8595 0.62397 3.13862 0.37425 6039
4 13 21 21.9737 0.650519 2.95561 0.433459 6227
4 13 22 21.652 0.417823 2.61157 0.528239 4475
4 13 23 22.4598 0.65964 3.04253 0.444299 6429
4 13 24 21.693 0.364325 2.56993 0.437696 9342
4 13 25 21.8185 0.472041 2.50623 0.529487 5849
4 13 26 22.706 0.701367 3.33984 0.408931 10383
4 13 27 21.3369 0.377244 2.27962 0.669476 7454
4 13 28 21.5 -2 0 0 4558
4 13 29 21.6445 0.456243 2.74342 0.466281 8288
4 13 30 22.477 0.466522 3.00837 0.431715 5565
4 13 31 20.8131 0.334229 2.30093 0.594494 6900
4 13 32 21.9527 0.482341 2.95204 0.44303 4884
4 13 33 22.3719 0.543392 3.01431 0.438621 5825
4 13 34 21.5 -2 0 0 10685
4 13 35 21.1029 0.364473 2.36124 0.594393 6227
4 13 36 21.6044 0.438604 2.76259 0.485179 6725
4 13 37 22.6238 0.681047 2.96184 0.494386 6959
4 13 38 21.7432 0.534453 2.69435 0.573663 5445
4 13 39 22.6478 0.581311 3.18043 0.477266 9925
4 13 40 22.0733 0.670965 2.85356 0.616392 7340
4 13 41 21.6086 0.453878 2.65434 0.494325 5774
4 13 42 22.4382 0.552864 3.123 0.471086 8208
4 13 43 21.8008 0.450157 2.92833 0.616622 8873
4 13 44 20.7425 0.382945 2.45882 0.549437 6836
4 13 45 21.8202 0.467757 2.72093 0.526126 6777
4 13 46 22.2381 0.63838 3.31596 0.386792 10909
4 13 47 22.118 0.469792 2.80074 0.559589 7714
4 13 48 21.226 0.428669 2.59709 0.735985 7232
4 13 49 22.2462 0.544347 2.98168 0.321411 9579
4 13 50 21.7026 0.431133 2.6717 0.512603 9391
4 13 51 22.1993 0.612288 3.18289 0.385861 13131
4 13 52 20.9464 0.496519 2.87066 0.470284 10889
4 13 53 21.347 0.51367 2.51987 0.463723 9678
4 13 54 20.8593 0.42229 2.43176 0.479508 8227
4 13 55 22.117 0.578866 3.14206 0.372647 11445
4 13 56 22.3278 0.685489 3.15455 0.433062 9767
4 13 57 22.065 0.647454 3.45673 0.359214 11085
4 13 58 20.5404 0.38683 2.51898 0.65796 12082
4 13 59 22.0333 0.721118 3.44164 0.349315 13670
4 13 60 21.8565 0.657918 3.45342 0.544184 7589
4 13 61 23.0488 0.691891 3.80722 0.522353 13658
4 13 62 21.5 -2 0 0 13535
4 13 63 22.0064 0.569116 3.36683 0.373287 8389
4 14 0 24.7617 0.825532 3.96128 0.281491 7589
4 14 1 23.7031 0.655165 3.34226 0.559405 7788
4 14 2 24.876 0.738591 3.61475 0.423865 7148
4 14 3 24.1254 0.731209 3.78433 0.239167 6507
4 14 4 23.5337 0.594579 3.34959 0.375905 5579
4 14 5 23.7414 0.730916 3.22963 0.304616 6833
4 14 6 25.8394 0.939247 4.00091 0.312115 7683
4 14 7 23.44 0.641133 3.5597 0.259127 11252
4 14 8 23.3983 0.670435 3.30565 0.32236 6723
4 14 9 24.9341 0.934379 3.6087 0.454467 8146
4 14 10 25.1059 0.801675 3.85708 0.262586 9344
4 14 11 23.721 0.696441 3.152 0.322191 5596
4 14 12 24.1283 0.648264 3.37671 0.305856 6223
4 14 13 24.2131 0.802277 3.49563 0.295167 6305
4 14 14 25.327 0.861353 3.88899 0.326034 5893
4 14 15 24.6495 0.77331 3.68769 0.312693 5650
4 14 16 25.5658 0.795884 4.17567 0.243866 9642
4 14 17 24.1095 0.709877 3.51616 0.40625 5092
4 14 18 21.5 -2 0 0 5872
4 14 19 23.5894 0.881839 3.19697 0.38042 10675
4 14 20 21.5 -2 0 0 5239
4 14 21 24.8256 0.795678 3.86658 0.262915 8461
4 14 22 23.6722 0.691204 3.20739 0.44939 6963
4 14 23 24.6473 0.649748 3.08098 0.450541 4363
4 14 24 24.4456 0.670966 3.18061 0.38751 5492
4 14 25 23.2197 0.649078 2.93504 0.585456 9487
4 14 26 21.5 -2 0 0 5486
4 14 27 25.4032 0.993186 3.89159 0.337966 4841
4 14 28 23.792 0.671807 3.15499 0.381268 5672
4 14 29 23.6325 0.597795 3.10243 0.536766 4549
4 14 30 24.5583 0.648296 3.41116 0.40619 4512
4 14 31 23.7497 0.645043 3.46361 0.367069 5932
4 14 32 24.5323 0.629594 3.51902 0.372415 4369
4 14 33 23.0747 0.516348 2.79848 0.433232 6294
4 14 34 23.3362 0.64603 3.19885 0.429259 5143
4 14 35 23.7431 0.688999 3.00209 0.354596 7222
4 14 36 24.1049 0.827561 3.10652 0.378414 4184
4 14 37 24.3461 0.793411 3.61414 0.395865 3838
4 14 38 23.0799 0.643661 3.06257 0.315336 6443
4 14 39 23.2286 0.609706 2.92565 0.342178 4887
4 14 40 23.7226 0.756006 3.16363 0.507334 4156
4 14 41 23.1905 0.60731 2.97349 0.51008 3923
4 14 42 23.1278 0.717166 3.01222 0.417536 5457
4 14 43 23.3705 0.634144 2.9692 0.415366 3955
4 14 44 23.2625 0.663535 3.00275 0.349256 5839
4 14 45 23.7469 0.650935 3.1422 0.396084 3509
4 14 46 24.5946 0.674517 3.47096 0.409845 4092
4 14 47 24.5424 1.22197 3.61263 0.41407 4178
4 14 48 24.1454 0.723262 3.05689 0.425072 3283
4 14 49 23.5801 0.744545 3.20793 0.462242 3322
4 14 50 23.5348 0.540974 2.98727 0.647926 3038
4 14 51 23.3852 0.642929 3.42043 0.399134 2315
4 14 52 23.3151 0.67221 3.31133 0.456538 3436
4 14 53 22.6286 0.618221 3.00407 0.692462 2492
4 14 54 24.0666 0.69642 3.28666 0.396063 2875
4 14 55 22.0206 0.623532 2.77755 0.437151 4794
4 14 56 22.434 0.773358 2.90045 0.35379 4874
4 14 57 22.7742 0.905678 3.20638 0.459816 4353
4 14 58 23.8915 0.590173 3.40813 0.270249 2733
4 14 59 22.2829 0.681652 3.35927 0.369707 3601
4 14 60 22.125 0.871049 3.31541 0.313283 4715
4 14 61 23.9516 0.671399 3.72122 0.400656 2513
4 14 62 23.2456 0.645418 3.45675 0.409521 3142
4 14 63 22.0423 0.624993 2.81273 0.480271 4925
4 15 0 25.1348 0.76268 3.81244 0.297127 2450
4 15 1 24.9011 0.702998 3.68055 0.267585 1983
4 15 2 23.3612 0.778679 3.10754 0.359566 3433
4 15 3 25.0767 0.900398 3.62805 0.302668 1751
4 15 4 23.3427 0.770341 2.89847 0.407842 3605
4 15 5 24.3864 0.646899 3.11448 0.346639 2146
4 15 6 24.3689 1.16571 3.11615 0.410366 2976
4 15 7 24.3237 0.659723 3.24876 0.360626 1518
4 15 8 22.9603 0.568213 2.55095 0.371809 4327
4 15 9 22.6267 0.502766 2.48766 0.524079 2858
4 15 10 23.2415 0.723292 3.00571 0.44008 2873
4 15 11 23.9173 0.68055 3.077 0.405011 2981
4 15 12 24.8707 0.897516 3.44668 0.337698 2223
4 15 13 23.8965 0.584127 2.82089 0.371195 2149
4 15 14 25.0354 1.05626 3.44688 0.31555 4428
4 15 15 24.5298 0.662884 3.29129 0.317193 2430
4 15 16 24.7478 0.717578 3.56679 0.322327 1423
4 15 17 24.2337 0.675743 2.93741 0.395482 2874
4 15 18 24.3574 0.91548 3.28388 0.419759 3525
4 15 19 23.3737 0.752445 2.72196 0.32175 3076
4 15 20 25.1357 0.886265 3.11776 0.431163 2475
4 15 21 24.6049 0.704255 3.51598 0.377074 1908
4 15 22 23.7313 0.614282 2.68665 0.360253 3044
4 15 23 23.6511 0.745146 2.829 0.367332 4383
4 15 24 24.7933 0.785561 3.37756 0.330422 2796
4 15 25 24.0283 0.608804 2.92425 0.369502 3084
4 15 26 25.3036 0.841586 3.60913 0.319323 3395
4 15 27 25.0697 0.755795 3.63993 0.378356 2352
4 15 28 24.9201 0.568213 3.14686 0.297661 2418
4 15 29 24.1202 0.760601 3.18648 0.434246 3394
4 15 30 24.8253 0.712143 3.20449 0.452863 2658
4 15 31 24.6401 0.630782 3.3827 0.362942 2235
4 15 32 23.4024 0.545589 2.50253 0.438346 2877
4 15 33 23.6316 0.735555 2.97794 0.330581 2984
4 15 34 25.7641 0.832245 3.94021 0.339947 3799
4 15 35 23.4568 0.586309 2.95606 0.32507 3869
4 15 36 24.9129 0.749217 3.27185 0.3437 2777
4 15 37 24.8212 0.823334 3.2366 0.356803 3880
4 15 38 24.4389 0.976266 2.78328 0.384299 2947
4 15 39 24.6501 0.931749 3.35178 0.295949 5867
4 15 40 25.0438 0.810833 3.38102 0.320841 3310
4 15 41 25.0961 0.637625 3.28415 0.33536 2648
4 15 42 23.8985 0.81064 2.95796 0.336603 4530
4 15 43 21.5 -2 0 0 3842
4 15 44 23.0599 0.61825 2.83678 0.327931 3268
4 15 45 23.4484 0.60867 2.94457 0.34137 3211
4 15 46 25.6407 0.760189 3.84424 0.198316 4072
4 15 47 24.3703 0.902541 3.39766 0.366665 4509
4 15 48 23.8952 0.619933 2.98941 0.420635 2956
4 15 49 24.3448 0.777412 3.16682 0.329567 3908
4 15 50 24.2328 0.789533 3.24188 0.363031 3406
4 15 51 24.4768 0.788187 3.66548 0.284345 6260
4 15 52 23.6148 0.642695 3.03785 0.367953 4257
4 15 53 23.6191 1.12508 3.67137 0.27283 5411
4 15 54 24.4163 0.856505 3.53771 0.311747 3733
4 15 55 23.7003 0.865923 3.15273 0.353479 4850
4 15 56 25.3916 0.986302 4.14697 0.253153 5023
4 15 57 24.5431 0.964553 3.83966 0.279413 5507
4 15 58 24.6891 0.708999 3.4216 0.314193 3522
4 15 59 23.768 0.786901 3.58273 0.325111 5140
4 15 60 22.9548 0.888655 3.3693 0.327855 5477
4 15 61 26.8745 1.29058 4.71789 0.274251 6340
4 15 62 23.8697 0.90335 3.52495 0.400118 5631
4 15 63 22.5157 0.866167 3.12708 0.346448 5831
5 0 0 21.6549 0.434879 2.73758 0.761877 12949
5 0 1 22.3133 0.432438 2.764 0.61411 10904
5 0 2 21.1622 0.301971 2.54309 0.566336 9703
5 0 3 21.3133 0.315642 2.64903 0.486718 9334
5 0 4 21.7016 0.365734 2.65975 0.577159 12170
5 0 5 20.9121 0.346602 2.6597 0.619452 10692
5 0 6 20.9253 0.363918 2.70201 0.5199 11583
5 0 7 20.7664 0.293864 2.46496 0.601005 11982
5 0 8 21.7922 0.324983 2.47366 0.489731 11219
5 0 9 21.2699 0.414889 2.63946 0.527743 10128
5 0 10 21.2373 0.396606 2.5652 0.572532 9466
5 0 11 21.2326 0.339917 2.62615 0.52599 13533
5 0 12 20.5692 0.296458 2.43368 0.736979 10489
5 0 13 21.4022 0.271735 2.32437 0.735312 10801
5 0 14 21.7138 0.409716 2.78328 0.636792 13347
5 0 15 21.8401 0.324007 2.52386 0.696654 9167
5 0 16 21.0735 0.320102 2.49725 0.764818 9840
5 0 17 20.7419 0.291672 2.46225 0.549296 15402
5 0 18 22.503 0.379151 3.09229 0.454626 2306
5 0 19 21.7272 0.342062 2.54913 0.593612 10660
5 0 20 23.312 0.424233 3.63923 0.521963 1580
5 0 21 22.1304 0.417136 2.76277 0.514215 8754
5 0 22 21.5044 0.274428 2.31906 0.669898 8315
5 0 23 22.0027 0.364602 2.80216 0.560352 10790
5 0 24 21.7334 0.339823 2.61802 0.515328 12432
5 0 25 20.9153 0.3014 2.42283 0.58159 13497
5 0 26 21.8609 0.368904 2.70631 0.524363 16589
5 0 27 21.9665 0.412615 2.62073 0.477882 1797
5 0 28 21.6355 0.413139 2.32105 0.851683 4744
5 0 29 22.1864 0.414084 2.86694 0.535524 15478
5 0 30 22.0759 0.423511 2.53883 0.359343 1180
5 0 31 21.8036 0.306838 2.45453 0.695339 14837
5 0 32 21.601 0.378783 2.27341 0.444986 4199
5 0 33 21.8038 0.338613 2.65537 0.682531 12570
5 0 34 22.6505 0.448808 2.93945 0.562431 18435
5 0 35 22.2928 0.420142 2.85795 0.5995 15493
5 0 36 21.5797 0.484469 1.94332 0.454051 1069
5 0 37 22.3403 0.441115 2.96742 0.614088 13953
5 0 38 21.3775 0.327894 2.46401 0.551458 17632
5 0 39 22.578 0.588247 3.10526 0.707224 23151
5 0 40 21.1327 0.457912 1.9615 0.448633 817
5 0 41 22.7763 0.322815 2.73827 0.278292 2389
5 0 42 22.9193 0.37676 3.1223 0.423573 2721
5 0 43 21.2359 0.398221 2.73944 0.470868 16648
5 0 44 21.9606 0.316468 2.73762 0.601799 3521
5 0 45 21.8546 0.482051 2.40011 0.640416 2152
5 0 46 22.3892 0.474562 3.10583 0.55294 18380
5 0 47 21.7394 0.387603 2.81057 0.595292 19533
5 0 48 21.0794 0.347529 2.2785 0.480803 4842
5 0 49 21.9712 0.48957 2.34765 0.437918 1821
5 0 50 22.6869 0.333286 2.78474 0.501218 3258
5 0 51 22.7218 0.73688 3.67638 0.600157 24048
5 0 52 21.9776 0.52789 3.09178 0.585468 17047
5 0 53 22.1668 0.452417 2.78014 0.75197 4452
5 0 54 21.3132 0.317028 2.72099 0.448999 7734
5 0 55 22.1795 0.466579 2.96419 0.506228 18239
5 0 56 21.7224 0.37721 2.75209 0.670621 4848
5 0 57 22.0377 0.497462 3.19548 0.290765 9636
5 0 58 20.8099 0.397262 2.80682 0.51769 20040
5 0 59 21.0179 0.485226 2.89361 0.524323 23161
5 0 60 21.9791 0.504341 3.31504 0.436443 7312
5 0 61 22.4588 0.716329 3.68571 0.490208 22757
5 0 62 20.4466 0.442159 2.72086 0.501685 23261
5 0 63 21.5 -2 0 0 21352
5 1 0 22.8048 0.461131 3.32244 0.907637 22245
5 1 1 21.8924 0.360028 3.00932 0.681414 25009
5 1 2 23.1284 0.553455 3.51729 0.657817 19603
5 1 3 22.1267 0.483557 2.93968 0.648635 17850
5 1 4 21.7879 0.459481 2.93379 0.7106 14242
5 1 5 22.3345 0.376489 3.02475 0.641729 16583
5 1 6 21.6976 0.410811 2.9219 0.73604 25199
5 1 7 22.9699 0.51943 3.29977 0.678025 16637
5 1 8 23.7098 0.460017 3.33045 0.719685 14635
5 1 9 22.86 0.457393 3.25382 0.677383 19503
5 1 10 22.7044 0.508264 3.121 0.782731 18500
5 1 11 22.0575 0.364243 2.59946 0.756847 16591
5 1 12 21.9512 0.341879 2.79178 0.795645 16682
5 1 13 22.2685 0.346891 2.85532 0.614203 14314
5 1 14 22.982 0.667621 3.47558 0.826652 19211
5 1 15 22.0932 0.345261 2.62081 0.764932 15930
5 1 16 23.9402 0.684852 3.74235 0.74279 22630
5 1 17 22.0133 0.277556 2.69308 0.526165 16727
5 1 18 22.3969 0.351984 2.84623 0.74288 12270
5 1 19 24.6561 0.791583 4.00155 0.898727 14987
5 1 20 23.0971 0.560576 3.14796 0.780501 9543
5 1 21 23.8448 0.7359 3.38405 0.853434 18396
5 1 22 22.7927 0.461441 3.12578 0.720541 15123
5 1 23 22.6058 0.360635 2.63209 0.785902 9381
5 1 24 22.3372 0.370439 2.87195 0.732472 18465
5 1 25 22.4523 0.393009 3.10832 0.527983 17076
5 1 26 22.6894 0.412013 3.13674 0.734541 16913
5 1 27 21.7256 0.280976 2.55187 0.54326 15276
5 1 28 21.9075 0.4046 2.87353 0.648216 14756
5 1 29 22.1838 0.3968 2.74759 0.839122 14550
5 1 30 21.7772 0.327338 2.71472 0.57767 9861
5 1 31 22.5684 0.391138 2.95242 0.58464 14878
5 1 32 22.8104 0.478868 2.95572 0.754156 11983
5 1 33 22.0571 0.400362 2.96349 0.569119 12812
5 1 34 23.3058 0.415715 3.22457 0.629131 14870
5 1 35 22.2733 0.327622 2.7937 0.699063 13784
5 1 36 22.504 0.338159 2.66787 0.735449 10990
5 1 37 23.3192 0.635624 3.14479 0.868549 11855
5 1 38 23.0753 0.433549 3.05208 0.779208 10726
5 1 39 21.6912 0.30041 2.63681 0.679026 10734
5 1 40 22.2166 0.330016 2.6985 0.683605 12474
5 1 41 21.7757 0.319745 2.62928 0.668118 10025
5 1 42 22.0905 0.362695 2.79004 0.765901 10663
5 1 43 22.5699 0.303597 2.62521 0.639949 2948
5 1 44 23.0209 0.357108 2.83941 0.703079 9086
5 1 45 21.8011 0.307462 2.50131 0.558071 12854
5 1 46 23.6288 0.398163 3.23808 0.713396 15805
5 1 47 22.7998 0.634846 3.32122 0.877534 9557
5 1 48 21.7967 0.319171 2.69106 0.688903 10885
5 1 49 22.1787 0.32753 2.69631 0.605847 13200
5 1 50 22.2405 0.326889 2.64537 0.824041 10569
5 1 51 21.5585 0.343506 2.82759 0.646092 10173
5 1 52 21.9683 0.357677 2.73111 0.73895 12137
5 1 53 22.9441 0.663527 3.23884 0.760195 7542
5 1 54 22.4165 0.347343 2.77507 0.625052 9295
5 1 55 21.5 -2 0 0 9541
5 1 56 20.8668 0.308426 2.57074 0.819295 9510
5 1 57 21.1258 0.28668 2.53373 0.758848 11417
5 1 58 21.5 -2 0 0 10972
5 1 59 21.6079 0.346318 2.83344 0.722531 13574
5 1 60 21.812 0.371282 2.83355 0.642568 8986
5 1 61 21.7895 0.462638 3.06969 0.817059 11020
5 1 62 23.3428 0.685186 3.48946 0.879765 11055
5 1 63 21.0068 0.355027 2.63656 0.594975 10402
5 2 0 22.0351 0.392576 2.82901 0.965529 25691
5 2 1 21.467 0.492853 3.03849 0.687953 21344
5 2 2 21.7598 0.375785 2.98267 0.631333 23636
5 2 3 20.9097 0.28696 2.6384 0.509185 19297
5 2 4 21.458 0.357654 2.54093 0.566383 3113
5 2 5 21.3333 0.329429 2.8137 0.557578 19239
5 2 6 22.9817 0.475442 3.3554 0.659258 18980
5 2 7 20.8868 0.288143 2.47685 0.691492 13422
5 2 8 21.6377 0.328383 2.61456 0.700489 22680
5 2 9 21.9044 0.336803 2.72297 0.727645 20492
5 2 10 22.1463 0.37311 2.9049 0.643818 3987
5 2 11 21.2846 0.303847 2.56311 0.555047 3950
5 2 12 21.7781 0.343553 2.76347 0.648716 17683
5 2 13 21.5699 0.31023 2.63327 0.641973 13748
5 2 14 21.5104 0.360977 2.87866 0.631727 23752
5 2 15 21.2488 0.290535 2.60382 0.6856 13007
5 2 16 21.9865 0.321705 2.83164 0.91213 15935
5 2 17 22.1833 0.380039 2.94363 0.647131 18125
5 2 18 22.5208 0.376255 2.59947 0.647597 2970
5 2 19 21.3545 0.327569 2.57455 0.767509 16536
5 2 20 22.5321 0.507589 3.01102 0.729482 20159
5 2 21 22.3978 0.424299 3.05764 0.720007 20656
5 2 22 21.1001 0.267776 2.49835 0.6561 17424
5 2 23 22.0565 0.41405 2.12145 0.518915 2001
5 2 24 21.9297 0.32578 2.66104 0.711368 19714
5 2 25 21.2847 0.292355 2.50368 0.668562 15589
5 2 26 22.656 0.500291 3.0844 0.69016 28733
5 2 27 22.1509 0.317537 2.59831 0.391712 5783
5 2 28 22.365 0.341593 2.64872 0.522306 7860
5 2 29 22.6287 0.353518 2.50299 0.583289 2786
5 2 30 22.4102 0.383222 2.39243 0.576532 1913
5 2 31 21.6616 0.281408 2.49155 0.60472 15046
5 2 32 22.2437 0.318595 2.62201 0.634101 15232
5 2 33 21.2714 0.279819 2.50268 0.560242 18952
5 2 34 22.1102 0.323552 2.6415 0.603092 8051
5 2 35 21.2219 0.30681 2.57889 0.59974 15945
5 2 36 22.0999 0.384579 2.83978 0.627665 12156
5 2 37 21.7704 0.376768 2.94346 0.590304 15669
5 2 38 22.4881 0.404126 2.91572 0.636852 13593
5 2 39 23.0796 0.49419 3.26728 0.591554 15384
5 2 40 21.9255 0.380627 2.85807 0.653576 19130
5 2 41 20.9307 0.273701 2.41575 0.543929 14102
5 2 42 22.2235 0.345525 2.82757 0.55823 15679
5 2 43 21.7034 0.360969 2.80888 0.527358 20672
5 2 44 22.2316 0.335051 2.56867 0.803826 13739
5 2 45 21.3855 0.309587 2.70256 0.591863 16599
5 2 46 21.8655 0.354887 2.6809 0.741937 14297
5 2 47 0 -10 0 0 0
5 2 48 22.6593 0.406823 2.91798 0.538358 14263
5 2 49 22.5562 0.443333 2.95933 0.625675 16470
5 2 50 21.0615 0.311833 2.56477 0.768289 13118
5 2 51 21.8786 0.476021 3.14405 0.531693 19699
5 2 52 20.8745 0.290815 2.6644 0.520505 24773
5 2 53 22.2824 0.424147 3.06765 0.706098 14620
5 2 54 21.3137 0.353246 2.64309 0.624626 16439
5 2 55 21.0944 0.339055 2.63942 0.528123 22505
5 2 56 21.9836 0.46594 3.03125 0.671008 17714
5 2 57 22.2031 0.394819 3.02265 0.668485 21118
5 2 58 20.9949 0.363626 2.68414 0.496476 17886
5 2 59 21.8639 0.460106 3.1828 0.597497 25695
5 2 60 21.1529 0.398775 2.76128 0.642558 14940
5 2 61 21.941 0.690593 3.38295 0.711214 26924
5 2 62 21.1877 0.489002 3.17453 0.570068 23760
5 2 63 21.0907 0.408853 2.73782 0.626296 16093
5 3 0 23.5409 0.608432 4.03538 0.563429 16821
5 3 1 21.591 0.508557 2.93049 0.862215 21350
5 3 2 22.3561 0.473831 3.17558 0.704608 19818
5 3 3 21.3197 0.446709 2.79258 0.712073 21534
5 3 4 21.7802 0.459727 2.81632 0.717927 19805
5 3 5 21.5116 0.392675 2.80904 0.605835 21587
5 3 6 23.6361 0.551026 3.63272 0.719977 17994
5 3 7 22.5389 0.56572 3.3127 0.704876 25165
5 3 8 22.2946 0.549693 3.05874 0.772208 15055
5 3 9 22.3029 0.783553 3.11102 0.780848 21585
5 3 10 22.7227 0.554552 3.24831 0.698697 21669
5 3 11 21.2798 0.426799 2.80988 0.730273 17185
5 3 12 22.2423 0.479232 2.95552 0.714592 20420
5 3 13 22.0342 0.498965 3.0683 0.670554 20874
5 3 14 21.9589 0.542844 3.14749 0.773754 24057
5 3 15 22.3061 0.487193 2.00294 0.959396 3007
5 3 16 24.7946 0.813532 4.39314 0.833862 20572
5 3 17 21.5559 0.314141 2.56491 0.576769 9685
5 3 18 21.281 0.342868 2.76381 0.583605 8816
5 3 19 21.834 0.465866 2.84103 0.834661 24427
5 3 20 21.2894 0.386647 2.63175 0.746712 16139
5 3 21 22.6668 0.617498 3.23465 0.77621 24029
5 3 22 22.9919 0.490047 3.05571 0.71531 21781
5 3 23 23.0591 0.479342 3.1105 0.837298 13281
5 3 24 23.2145 0.649709 3.23702 0.709299 20626
5 3 25 22.9278 0.676241 3.14291 0.813225 21581
5 3 26 21.3093 0.301587 2.51124 0.591773 3914
5 3 27 23.3565 0.551315 3.29345 0.841059 12437
5 3 28 22.7831 0.502077 3.16031 0.55268 15088
5 3 29 22.4249 0.478645 2.15867 0.687844 2421
5 3 30 22.6486 0.589157 3.18293 0.673218 9095
5 3 31 22.0956 0.480807 3.01726 0.624558 24228
5 3 32 22.7233 0.431211 3.05335 0.609829 18831
5 3 33 22.075 0.437868 2.79874 0.750649 8901
5 3 34 22.3883 0.347072 3.10475 0.601948 6613
5 3 35 22.1575 0.586787 3.06646 0.736524 24866
5 3 36 21.8356 0.403538 2.11876 0.542289 1155
5 3 37 22.3995 0.42942 3.06209 0.828126 13534
5 3 38 22.7109 0.547071 3.30818 0.681251 21273
5 3 39 22.5257 0.578271 3.18642 0.710843 20736
5 3 40 23.6165 0.704516 3.74668 0.703853 15390
5 3 41 21.9047 0.392617 2.76443 0.689444 20177
5 3 42 22.2153 0.398863 2.78007 0.575558 19267
5 3 43 21.8003 0.342936 2.79735 0.489974 5109
5 3 44 22.666 0.548095 2.9425 0.781082 20805
5 3 45 20.8724 0.353713 2.6716 0.59724 24137
5 3 46 24.148 0.575453 3.77276 0.802452 10522
5 3 47 24.0278 0.749938 3.92996 0.743416 21091
5 3 48 22.6375 0.729181 3.17348 0.794259 18430
5 3 49 21.8916 0.536531 2.98933 0.728239 21365
5 3 50 22.7311 0.558262 3.20373 0.733372 15280
5 3 51 24.4237 0.758201 3.86556 0.888882 16565
5 3 52 23.0053 0.622118 3.49066 0.674253 16666
5 3 53 23.9041 0.767609 3.74824 0.821309 18477
5 3 54 22.2972 0.515105 3.24277 0.638536 17240
5 3 55 23.0609 0.606945 3.3795 0.759064 20626
5 3 56 21.8112 0.505012 2.99409 0.789974 20897
5 3 57 23.0105 0.627675 3.62162 0.71696 17494
5 3 58 21.371 0.401046 2.91233 0.582557 20580
5 3 59 22.352 0.367667 3.2488 0.504493 8442
5 3 60 22.1432 0.620911 3.40473 0.791621 16903
5 3 61 24.053 0.700531 4.20942 0.778088 16827
5 3 62 22.155 0.649873 3.47109 0.838916 18318
5 3 63 20.9294 0.295453 2.57999 0.66279 5718
5 4 0 21.5264 0.520954 3.32799 0.544413 27432
5 4 1 20.9058 0.370667 3.07605 0.363706 17859
5 4 2 19.9402 0.363102 2.3086 0.637627 7540
5 4 3 21.5 -2 0 0 15639
5 4 4 19.6927 0.282715 2.45405 0.545581 15188
5 4 5 20.0481 0.302973 2.41082 0.446389 16626
5 4 6 19.5949 0.308217 2.59068 0.502229 20286
5 4 7 19.2998 0.293128 2.44573 0.57048 14848
5 4 8 19.1135 0.303008 2.40718 0.522034 19861
5 4 9 19.5094 0.284125 2.41762 0.544671 19113
5 4 10 20.2602 0.352627 2.55439 0.641828 15343
5 4 11 20.1082 0.292378 2.47923 0.515001 17114
5 4 12 19.5994 0.339206 2.50172 0.483863 15836
5 4 13 19.6883 0.296429 2.39656 0.508162 13446
5 4 14 20.5904 0.364722 2.80949 0.448821 25283
5 4 15 19.4709 0.288151 2.46323 0.496118 12420
5 4 16 20.1396 0.344485 2.63193 0.502773 15290
5 4 17 19.9727 0.295989 2.47292 0.491303 16345
5 4 18 19.3068 0.277664 2.40505 0.47941 12908
5 4 19 19.6478 0.28679 2.26921 0.795918 12636
5 4 20 19.9138 0.278478 2.46706 0.685679 12000
5 4 21 20.4961 0.366852 2.73722 0.50493 20201
5 4 22 19.2722 0.251418 2.11067 0.521904 14402
5 4 23 19.6713 0.320351 1.98733 0.461389 3538
5 4 24 19.9012 0.282876 2.42199 0.425431 22091
5 4 25 19.1851 0.264676 2.2107 0.503951 12788
5 4 26 20.4462 0.306981 2.58049 0.634336 23084
5 4 27 20.4022 0.341202 2.5798 0.455727 1696
5 4 28 19.5636 0.260407 2.18832 0.427121 12123
5 4 29 20.5141 0.304072 2.59532 0.529472 18692
5 4 30 23.669 0.473445 3.34351 0.438438 3144
5 4 31 19.8463 0.290317 2.3143 0.559464 10992
5 4 32 20.0548 0.294357 2.41524 0.546358 12425
5 4 33 19.9799 0.370268 2.30933 0.602393 2346
5 4 34 20.1558 0.389945 2.71206 0.474568 19218
5 4 35 19.7139 0.305704 2.32699 0.670262 10775
5 4 36 19.7378 0.364614 2.35255 0.378762 1545
5 4 37 19.9636 0.409978 1.8956 0.590951 1171
5 4 38 19.4303 0.26189 2.25102 0.493294 10517
5 4 39 19.9741 0.277478 2.30596 0.561044 12004
5 4 40 19.6191 0.294606 2.18989 0.638819 7170
5 4 41 19.4727 0.248804 2.11699 0.586774 11702
5 4 42 19.5537 0.28702 2.42281 0.463997 11942
5 4 43 19.794 0.311172 2.45555 0.489068 16464
5 4 44 19.7386 0.306428 2.14952 0.613348 10024
5 4 45 19.8495 0.28299 2.45999 0.417223 12362
5 4 46 19.9152 0.365801 2.62858 0.571184 18888
5 4 47 19.7308 0.344947 2.53592 0.671251 9016
5 4 48 19.6187 0.296422 2.37173 0.496924 9806
5 4 49 20.0215 0.296564 2.4792 0.511684 14523
5 4 50 19.3536 0.28434 2.33813 0.703343 10120
5 4 51 19.7246 0.327397 2.52831 0.54304 14142
5 4 52 19.3282 0.353639 2.56082 0.503589 14083
5 4 53 19.5683 0.330797 2.51361 0.705378 9820
5 4 54 19.0602 0.259476 2.18668 0.507218 12263
5 4 55 19.2294 0.413076 2.56706 0.493285 12508
5 4 56 19.0793 0.337014 2.51101 0.444271 12648
5 4 57 19.1385 0.330053 2.48099 0.600966 13086
5 4 58 18.8105 0.279609 2.25813 0.511858 12040
5 4 59 19.1796 0.348412 2.64496 0.568634 16333
5 4 60 19.1963 0.309095 2.44762 0.750881 10798
5 4 61 19.1776 0.48645 2.93683 0.701105 15049
5 4 62 19.6929 0.370387 2.62512 0.625302 16097
5 4 63 18.3101 0.325381 2.37115 0.697979 13705
5 5 0 25.4744 0.763895 3.83006 0.73527 11493
5 5 1 25.4255 0.69366 3.86838 0.639495 10569
5 5 2 25.4336 0.632753 3.80645 0.686555 10836
5 5 3 24.3506 0.480401 3.20485 0.503193 12174
5 5 4 24.7494 0.528317 3.32352 0.611185 10320
5 5 5 24.1773 0.480576 3.10348 0.609502 12227
5 5 6 25.4572 1.18587 3.58642 0.833526 12692
5 5 7 24.3736 0.566264 3.38005 0.649003 14090
5 5 8 24.7993 0.64945 3.44442 0.666016 10939
5 5 9 24.3679 0.690815 3.42601 0.735917 12794
5 5 10 26.8248 0.811235 4.26758 0.678477 12469
5 5 11 24.2026 0.565909 3.21473 0.714844 11682
5 5 12 24.508 0.611258 3.21733 0.632742 10898
5 5 13 24.649 0.658972 3.444 0.793976 12180
5 5 14 25.6634 0.572296 3.46471 0.62331 9290
5 5 15 24.3351 0.52685 3.04805 0.638447 13101
5 5 16 26.5198 0.726982 4.25796 0.608625 12446
5 5 17 24.592 0.598875 3.14775 0.680384 12901
5 5 18 24.2263 0.518348 3.14874 0.572476 14024
5 5 19 27.0684 0.694848 3.81858 0.656785 12010
5 5 20 25.3387 0.64166 3.62021 0.6654 13546
5 5 21 26.0509 0.863299 3.71873 0.724416 12646
5 5 22 24.1456 0.521332 3.09399 0.552344 13563
5 5 23 25.8449 0.659153 3.57473 0.567037 12926
5 5 24 26.0938 0.855629 3.71742 0.710555 8998
5 5 25 26.0842 0.833903 3.75853 0.693239 14698
5 5 26 24.3348 0.626363 3.3161 0.667724 11722
5 5 27 25.5892 0.605432 3.39956 0.686663 11300
5 5 28 25.5583 0.687363 3.54941 0.568848 14939
5 5 29 25.3818 0.554535 3.57868 0.430946 11311
5 5 30 24.8294 0.61713 3.50325 0.593306 13272
5 5 31 26.3755 0.77907 3.77327 0.684852 15533
5 5 32 26.2009 0.660134 3.58546 0.584786 12767
5 5 33 24.5116 0.599947 2.97126 0.715287 13756
5 5 34 25.4225 0.646873 3.69035 0.612741 13922
5 5 35 25.7257 0.637921 3.70024 0.640918 17969
5 5 36 24.6703 0.596652 3.33417 0.547518 15305
5 5 37 24.049 0.593428 3.29208 0.553538 15139
5 5 38 25.4859 0.754484 3.6867 0.659759 18427
5 5 39 26.5069 0.769749 4.08014 0.531657 20669
5 5 40 24.7578 0.451176 3.01918 0.656903 15488
5 5 41 25.4354 0.62458 3.48155 0.578937 13423
5 5 42 24.632 0.635671 3.39772 0.644513 12617
5 5 43 25.2486 0.61484 3.50478 0.574211 14824
5 5 44 24.8115 0.62144 3.45285 0.560396 17186
5 5 45 24.0597 0.54429 3.12311 0.587272 15830
5 5 46 24.4839 0.566114 3.29738 0.582296 15159
5 5 47 26.7998 0.813868 4.13419 0.746401 23410
5 5 48 24.2732 0.550833 3.32232 0.517547 16385
5 5 49 24.4963 0.554129 3.27865 0.560304 14709
5 5 50 25.0467 0.594387 3.46051 0.568535 16050
5 5 51 24.4903 0.585714 3.58577 0.529609 20968
5 5 52 25.1452 0.649166 3.53055 0.531644 13198
5 5 53 25.9191 0.784553 4.0694 0.550813 19253
5 5 54 25.7488 0.691848 3.70853 0.523424 12601
5 5 55 25.0369 0.614168 3.54436 0.594503 17069
5 5 56 26.143 0.804881 3.96806 0.623733 20396
5 5 57 25.078 0.613908 3.86103 0.448934 18223
5 5 58 25.3723 0.756511 3.69667 0.610843 14323
5 5 59 24.4164 0.621145 3.59728 0.511675 16775
5 5 60 25.4897 0.833618 3.99439 0.631237 20134
5 5 61 21.5 -2 0 0 18815
5 5 62 24.7391 0.844769 3.94938 0.581001 17092
5 5 63 23.8531 0.635559 3.51165 0.473808 16028
5 6 0 21.9659 0.703108 3.23984 0.416076 14196
5 6 1 21.6357 0.698115 3.14772 0.418564 11512
5 6 2 20.1653 0.580448 2.80558 0.401152 12201
5 6 3 20.7809 0.466293 2.53287 0.284661 7101
5 6 4 21.4907 0.519297 2.84107 0.432271 8197
5 6 5 21.1123 0.532638 2.83021 0.403874 9372
5 6 6 20.6485 0.478297 2.70099 0.370527 10179
5 6 7 21.133 0.417653 2.57605 0.560353 6139
5 6 8 20.7176 0.511388 2.52964 0.363733 10632
5 6 9 21.3165 0.547713 2.77467 0.422518 8003
5 6 10 20.2595 0.476961 2.6635 0.403226 9281
5 6 11 20.32 0.399476 2.56498 0.43666 6117
5 6 12 19.779 0.333257 2.27336 0.334179 10014
5 6 13 20.5671 0.415936 2.45488 0.356188 7052
5 6 14 20.9846 0.393297 2.67376 0.421806 12988
5 6 15 20.4821 0.384883 2.39655 0.381925 6383
5 6 16 21.0215 0.458615 2.48914 0.577754 8492
5 6 17 21.0985 0.365223 2.56102 0.338785 9671
5 6 18 20.5637 0.357386 2.33057 0.465229 7003
5 6 19 20.3902 0.398898 2.43556 0.538554 6841
5 6 20 20.7138 0.432536 2.34045 0.435392 4341
5 6 21 21.6531 0.680406 3.03909 0.431617 9004
5 6 22 20.3767 0.35685 2.30714 0.68369 6970
5 6 23 20.6797 0.329058 2.3919 0.558713 8976
5 6 24 21.3745 0.413344 2.73074 0.35585 10220
5 6 25 20.1497 0.342284 2.07394 0.46551 7361
5 6 26 21.1695 0.469328 2.83403 0.378314 10141
5 6 27 20.8389 0.359382 2.29273 0.588868 6186
5 6 28 21.128 0.429585 2.46529 0.376916 6317
5 6 29 21.278 0.596009 2.71392 0.444434 8321
5 6 30 20.9756 0.460634 2.51354 0.411935 5730
5 6 31 20.7184 0.393931 2.29183 0.4329 5926
5 6 32 21.5 -2 0 0 6617
5 6 33 20.5373 0.357022 2.22787 0.567864 5222
5 6 34 21.4613 0.573325 2.76465 0.35209 10540
5 6 35 20.2525 0.403302 2.41528 0.355145 5902
5 6 36 20.8087 0.41855 2.47288 0.498428 5522
5 6 37 22.3878 0.546873 2.8062 0.363767 939
5 6 38 20.5169 0.360829 2.20792 0.464619 5399
5 6 39 21.2262 0.461251 2.53367 0.500413 5229
5 6 40 20.3971 0.405251 2.41904 0.513075 5843
5 6 41 20.3933 0.406457 2.26767 0.38366 5627
5 6 42 20.935 0.390818 2.41313 0.501957 5527
5 6 43 20.6477 0.413343 2.50666 0.374134 7210
5 6 44 19.814 0.367048 2.27509 0.320263 5339
5 6 45 20.1518 0.360067 2.30235 0.337882 5961
5 6 46 20.8912 0.6099 2.74266 0.369451 8278
5 6 47 21.1066 0.522011 2.48244 0.556317 3342
5 6 48 20.5551 0.430357 2.33456 0.360899 5033
5 6 49 20.944 0.431041 2.58255 0.422672 5659
5 6 50 19.7183 0.358153 2.1729 0.577058 4735
5 6 51 20.91 0.505255 2.66429 0.368077 5943
5 6 52 20.9163 0.407449 2.48013 0.366887 6928
5 6 53 20.2206 0.454145 2.5618 0.457885 3908
5 6 54 20.2219 0.401429 2.46477 0.427493 5142
5 6 55 20.3946 0.385582 2.26256 0.427233 6548
5 6 56 20.2476 0.556199 2.57077 0.440284 4793
5 6 57 20.4416 0.430746 2.40218 0.449971 5467
5 6 58 20.2255 0.451161 2.64796 0.36247 5328
5 6 59 21.5476 0.713111 3.10003 0.434712 6497
5 6 60 20.1647 0.470605 2.71059 0.425222 4808
5 6 61 20.1538 0.561093 2.8253 0.454241 6578
5 6 62 21.5975 0.787869 3.20244 0.391754 5628
5 6 63 21.5 -2 0 0 6342
5 7 0 24.0974 0.619351 3.19748 0.421636 5527
5 7 1 23.1829 0.439953 2.85207 0.620601 5976
5 7 2 23.3947 0.423124 2.78006 0.547722 5919
5 7 3 23.6183 0.450238 2.94356 0.579923 5577
5 7 4 24.1428 0.59164 3.04893 0.463856 4679
5 7 5 23.0659 0.471558 2.73225 0.438439 6555
5 7 6 23.4942 0.507126 2.99492 0.358179 5325
5 7 7 24.9742 0.629389 3.5021 0.452863 5502
5 7 8 23.829 0.449791 2.65626 0.629908 5240
5 7 9 22.1807 0.360867 2.61426 0.563518 6076
5 7 10 24.3514 0.519164 3.01053 0.514728 5476
5 7 11 22.7 0.364773 2.66462 0.520305 6595
5 7 12 23.1865 0.443959 2.74127 0.394286 6177
5 7 13 23.6333 0.50301 2.87521 0.34687 7437
5 7 14 24.3732 0.479547 3.23654 0.571339 5442
5 7 15 22.948 0.423291 2.54433 0.576578 7519
5 7 16 24.0333 0.805451 3.57648 0.518873 5477
5 7 17 24.7906 0.507204 2.9422 0.542275 6088
5 7 18 23.253 0.438568 2.53449 0.487309 6201
5 7 19 24.113 0.853133 3.37578 0.536268 8057
5 7 20 23.2662 0.45666 2.84431 0.545731 6574
5 7 21 23.6813 0.440413 2.78322 0.447166 5580
5 7 22 22.4089 0.410616 2.6498 0.53933 7080
5 7 23 23.4166 0.434475 2.68342 0.572264 6535
5 7 24 25.5 -2 0 0 5460
5 7 25 24.7657 0.633169 3.33127 0.488696 7236
5 7 26 24.6465 0.774968 3.3913 0.501368 7631
5 7 27 23.9516 0.474081 2.93708 0.480691 6100
5 7 28 23.4581 0.513838 2.72891 0.477872 8007
5 7 29 23.7499 0.395372 2.6858 0.46009 6733
5 7 30 23.2442 0.464032 2.69943 0.458272 7238
5 7 31 24.6701 0.665939 3.22817 0.475932 9579
5 7 32 23.9647 0.466897 2.82142 0.396328 8991
5 7 33 24.1109 0.436324 2.75504 0.34853 7964
5 7 34 24.4982 0.534068 3.06698 0.446994 8403
5 7 35 23.8352 0.556148 3.22223 0.355074 11424
5 7 36 24.1491 0.537431 3.13663 0.604172 7526
5 7 37 24.8275 0.697584 3.15564 0.507957 8201
5 7 38 25.0269 0.88905 3.30859 0.510105 11135
5 7 39 25.0404 0.957868 3.64388 0.429525 13980
5 7 40 23.3909 0.483731 2.95225 0.578426 8285
5 7 41 23.99 0.536155 3.10856 0.317492 6631
5 7 42 23.5021 0.431359 2.70588 0.542571 10083
5 7 43 23.84 0.466811 2.86716 0.482649 8724
5 7 44 24.6446 0.629969 3.37779 0.424118 11535
5 7 45 23.9489 0.525641 2.97663 0.414724 9179
5 7 46 23.3269 0.523991 2.85719 0.449957 9682
5 7 47 26.0107 0.855647 3.9799 0.457981 14798
5 7 48 23.2797 0.558011 2.81803 0.540124 9064
5 7 49 24.0864 0.523919 3.18261 0.494847 7380
5 7 50 23.7655 0.490902 2.97067 0.343538 12294
5 7 51 25.5548 0.858631 4.05285 0.403295 11694
5 7 52 21.5 -2 0 0 8083
5 7 53 21.5 -2 0 0 11859
5 7 54 24.1476 0.665688 3.04263 0.450884 11681
5 7 55 23.6292 0.605163 3.24965 0.35843 11147
5 7 56 25.0225 0.880554 3.5431 0.428883 13397
5 7 57 24.7885 0.93593 3.53448 0.506827 13236
5 7 58 23.96 0.669505 3.16002 0.378516 8932
5 7 59 23.7014 0.715466 3.38224 0.458024 10255
5 7 60 23.5034 0.689444 3.58874 0.43067 13264
5 7 61 25.3249 1.04923 4.29313 0.425123 10977
5 7 62 23.2621 0.744845 3.11293 0.483854 10718
5 7 63 23.202 0.710755 3.24157 0.479698 9548
5 8 0 23.2072 0.471928 3.22606 0.720825 7454
5 8 1 24.0813 0.491093 3.29764 0.576038 7092
5 8 2 23.0295 0.40275 2.92336 0.525502 8843
5 8 3 23.5386 0.441147 3.01668 0.504043 10342
5 8 4 23.2187 0.440305 3.0228 0.646348 9942
5 8 5 22.8147 0.450859 2.8814 0.559332 7875
5 8 6 22.9856 0.457102 2.85561 0.551132 10086
5 8 7 24.1686 0.515164 3.44714 0.536069 10054
5 8 8 22.9473 0.478607 3.04131 0.536067 7897
5 8 9 23.2786 0.532199 3.09017 0.685635 9317
5 8 10 23.9821 0.645556 3.51445 0.633847 8051
5 8 11 22.569 0.431527 2.8385 0.500713 10074
5 8 12 22.4968 0.407616 2.62164 0.650637 8436
5 8 13 23.8973 0.733613 3.14584 0.701072 12526
5 8 14 23.2687 0.466909 3.08347 0.540815 8876
5 8 15 22.8965 0.442438 2.75148 0.625856 10458
5 8 16 24.9708 0.87558 4.04032 0.591189 10033
5 8 17 23.2013 0.383838 2.82702 0.663423 9571
5 8 18 23.7029 0.563111 3.07607 0.558519 9647
5 8 19 23.6518 0.580815 3.19553 0.634877 13148
5 8 20 23.4053 0.801077 3.08915 0.754251 9505
5 8 21 23.3497 0.460213 2.83752 0.592876 9112
5 8 22 21.5 -2 0 0 10642
5 8 23 23.9846 0.527228 3.39249 0.594062 9207
5 8 24 23.6442 0.506833 2.93223 0.706452 9409
5 8 25 24.2247 0.66521 3.43936 0.550533 13631
5 8 26 24.223 0.569323 3.20035 0.636783 10023
5 8 27 23.8434 0.459559 2.85562 0.607087 10236
5 8 28 23.4231 0.435594 2.8238 0.544796 12228
5 8 29 24.5955 0.53904 3.35612 0.510866 10067
5 8 30 23.591 0.526541 3.18698 0.713468 10089
5 8 31 24.5853 0.764568 3.5918 0.498409 13296
5 8 32 24.1239 0.51876 3.09468 0.638944 12735
5 8 33 23.031 0.443198 2.93444 0.916055 11125
5 8 34 24.4431 0.561384 3.38662 0.61349 9910
5 8 35 23.8245 0.57095 3.31622 0.564626 18745
5 8 36 24.1084 0.555038 3.01361 0.559991 12378
5 8 37 24.0468 0.637583 3.35072 0.638011 9265
5 8 38 24.0255 0.632349 3.26875 0.569425 20865
5 8 39 24.3312 0.52742 3.17598 0.528143 18670
5 8 40 23.9116 0.60922 3.00984 0.656106 7716
5 8 41 24.1277 0.49194 3.00572 0.507153 15592
5 8 42 24.6404 0.742195 3.39078 0.768802 9997
5 8 43 23.2487 0.443769 2.93737 0.649422 10584
5 8 44 23.3978 0.449871 2.86779 0.615835 14952
5 8 45 23.3843 0.443404 2.99575 0.488631 13988
5 8 46 24.4436 0.699671 3.42881 0.594514 10626
5 8 47 24.8818 0.79171 3.67549 0.617434 24630
5 8 48 24.044 0.576882 3.28137 0.60412 11323
5 8 49 23.9714 0.469407 3.07586 0.723168 9900
5 8 50 25.7089 1.0154 3.73698 0.657827 12572
5 8 51 26.4167 1.08679 4.15051 0.75381 13675
5 8 52 22.3915 0.378497 2.7819 0.680179 11537
5 8 53 24.8643 0.794359 3.76319 0.510316 17067
5 8 54 24.118 0.634323 3.11078 0.641278 13445
5 8 55 22.3483 0.453615 3.02099 0.584019 14333
5 8 56 23.8541 0.626983 3.3789 0.560722 15200
5 8 57 24.3184 0.671671 3.36342 0.569754 16215
5 8 58 23.7884 0.681251 3.47233 0.617166 10648
5 8 59 23.3531 0.63782 3.33075 0.627267 10860
5 8 60 24.5761 0.907823 3.97271 0.563549 16515
5 8 61 24.7596 1.071 4.37355 0.71452 13060
5 8 62 23.0457 0.541772 3.4004 0.601327 13109
5 8 63 21.9374 0.495574 3.10209 0.400929 13649
5 9 0 21.5 -2 0 0 10576
5 9 1 25.9473 1.00509 4.14837 0.467886 9355
5 9 2 27.0221 1.08071 4.07816 0.440495 8345
5 9 3 25.2919 0.668796 3.49306 0.427972 4833
5 9 4 25.4491 0.518916 3.20037 0.495332 1198
5 9 5 27.6588 0.744518 4.24207 0.514783 4468
5 9 6 26.6267 0.896168 3.987 0.422981 7941
5 9 7 25.7055 0.750188 3.60661 0.443116 4494
5 9 8 26.8225 1.00614 4.13259 0.417005 6310
5 9 9 25.5 -2 0 0 5728
5 9 10 28.3532 1.05501 4.58324 0.477072 4205
5 9 11 26.1858 0.545143 3.28137 0.39294 2276
5 9 12 26.1114 0.601208 3.4813 0.270747 1843
5 9 13 26.3453 1.04498 4.00685 0.467904 4445
5 9 14 26.5517 0.972747 3.94662 0.379259 9276
5 9 15 25.9043 0.776148 3.32594 0.576111 4377
5 9 16 27.3872 0.817182 4.32339 0.435252 4538
5 9 17 26.5305 0.968064 3.74266 0.551193 6412
5 9 18 24.2498 0.711095 3.15904 0.398647 3081
5 9 19 25.9687 0.591405 3.32796 0.424064 3522
5 9 20 26.0105 0.539408 3.00637 0.393401 756
5 9 21 26.8352 0.869051 3.83801 0.501438 6212
5 9 22 25.3003 0.544928 3.31678 0.396265 5159
5 9 23 26.0401 0.557216 3.12633 0.492267 1162
5 9 24 26.7007 0.759252 3.76245 0.358811 7385
5 9 25 25.6962 0.778331 3.44985 0.539091 3869
5 9 26 30.0376 1.43111 5.0217 0.503967 6852
5 9 27 26.5241 0.777131 3.59153 0.534984 3186
5 9 28 25.6273 0.618196 3.15732 0.550248 3999
5 9 29 26.4654 0.754172 3.66653 0.39016 3770
5 9 30 26.6271 0.793621 3.96468 0.495497 2750
5 9 31 25.5925 0.844131 4.02066 0.486523 4422
5 9 32 26.9408 1.00957 3.98958 0.624509 3573
5 9 33 26.1484 0.605925 3.22817 0.603431 740
5 9 34 27.9292 1.04678 4.13064 0.4331 7596
5 9 35 26.5899 0.548888 3.25174 0.371556 1212
5 9 36 25.3655 0.736646 3.523 0.534904 2025
5 9 37 28.4121 0.5921 3.7865 0.389312 1771
5 9 38 25.2865 0.61071 3.11439 0.39961 675
5 9 39 25.6901 0.760051 3.5431 0.449402 3865
5 9 40 25.2931 0.619823 2.41352 0.619448 856
5 9 41 26.0718 0.972509 3.78866 0.514298 3363
5 9 42 24.851 0.494819 2.80505 0.549373 897
5 9 43 27.3895 1.00854 4.41423 0.365098 5414
5 9 44 26.3839 0.903411 3.69032 0.666036 2192
5 9 45 25.0988 0.467963 3.09657 0.321405 1515
5 9 46 27.1513 0.746767 3.93991 0.580429 6232
5 9 47 25.2497 0.759176 3.38616 0.615574 2901
5 9 48 24.253 0.549097 3.03399 0.411919 2515
5 9 49 26.1361 0.638442 3.55338 0.34203 2183
5 9 50 26.7029 1.05026 3.82594 0.472554 2973
5 9 51 28.4866 1.19781 4.57883 0.5516 3574
5 9 52 26.1784 0.766795 3.97163 0.385219 5272
5 9 53 26.3203 0.798815 4.0208 0.47516 2223
5 9 54 25.6462 0.804292 3.58968 0.504503 2888
5 9 55 24.793 0.721424 3.53754 0.335563 5132
5 9 56 25.2888 0.693489 3.34919 0.586271 2567
5 9 57 25.1657 0.744863 3.52466 0.574714 4491
5 9 58 25.4544 0.685953 3.71228 0.382469 2633
5 9 59 25.792 0.991326 4.23519 0.413547 6652
5 9 60 24.7006 0.792497 3.62859 0.48559 3174
5 9 61 27.5479 0.996954 4.39735 0.462104 4750
5 9 62 25.4037 0.845622 4.6498 0.314981 5296
5 9 63 23.5506 0.685253 3.53528 0.55739 4262
5 10 0 21.5505 0.441697 3.05732 0.881997 16942
5 10 1 20.634 0.317205 2.70422 0.856196 18311
5 10 2 20.8561 0.287473 2.65643 0.729678 20312
5 10 3 20.5817 0.318105 2.60895 0.663311 22158
5 10 4 20.9098 0.327028 2.77961 0.576532 19427
5 10 5 20.3223 0.25802 2.45292 0.489001 22220
5 10 6 21.0858 0.404377 2.86508 0.801169 18945
5 10 7 21.0493 0.367675 2.84722 0.568368 29106
5 10 8 20.454 0.316767 2.58367 0.671037 17141
5 10 9 21.2121 0.393421 2.81012 0.752502 20538
5 10 10 21.2542 0.430585 2.9244 0.74139 19646
5 10 11 20.4448 0.27426 2.43179 0.715237 18200
5 10 12 20.7787 0.31668 2.58962 0.697041 19030
5 10 13 20.4693 0.311883 2.6217 0.762366 26070
5 10 14 20.7861 0.366238 2.70607 0.714796 18537
5 10 15 21.3953 0.34623 2.84483 0.559961 18710
5 10 16 21.5013 0.384973 2.94061 0.727188 28037
5 10 17 20.8573 0.323291 2.66449 0.765636 19947
5 10 18 21.2459 0.361411 2.7395 0.681613 20486
5 10 19 21.2871 0.379664 2.90786 0.598009 26623
5 10 20 21.644 0.444826 2.35148 0.596526 2359
5 10 21 21.585 0.409784 2.84228 0.825836 19001
5 10 22 21.1166 0.288562 2.5836 0.578511 21868
5 10 23 21.3439 0.268115 2.53793 0.630662 12780
5 10 24 20.8402 0.307011 2.62905 0.628686 19644
5 10 25 21.3664 0.371145 2.83654 0.730707 28845
5 10 26 21.1712 0.324879 2.83025 0.674298 19680
5 10 27 20.7391 0.311288 2.68565 0.659285 21750
5 10 28 20.5078 0.25861 2.44463 0.611889 22261
5 10 29 21.2866 0.350605 2.69665 0.716758 17964
5 10 30 20.8166 0.288399 2.42381 0.71247 8638
5 10 31 21.5321 0.404261 2.78866 0.694559 30635
5 10 32 20.5688 0.292597 2.61081 0.545862 22578
5 10 33 20.7839 0.300611 2.46755 0.737543 23772
5 10 34 21.3004 0.338061 2.93159 0.557766 18033
5 10 35 20.781 0.327955 2.71165 0.635893 30372
5 10 36 20.8936 0.303292 2.56101 0.585596 16099
5 10 37 21.377 0.293621 2.70042 0.673042 5200
5 10 38 21.5303 0.413955 2.96565 0.668238 28472
5 10 39 21.4848 0.347552 2.84789 0.726362 25306
5 10 40 21.5843 0.40397 3.03681 0.717576 16159
5 10 41 21.596 0.374873 2.78995 0.63494 21389
5 10 42 20.8221 0.296215 2.57711 0.659533 20308
5 10 43 21.3661 0.323404 2.76028 0.609634 19421
5 10 44 20.8195 0.337322 2.77661 0.585305 25636
5 10 45 21.2441 0.368698 2.85571 0.576202 20830
5 10 46 21.4941 0.409124 2.85888 1.05019 16322
5 10 47 22.4289 0.668332 3.57086 0.817814 28001
5 10 48 21.0452 0.328173 2.7108 0.6678 18265
5 10 49 21.2704 0.418524 2.75043 0.833881 18250
5 10 50 20.9916 0.279427 2.60072 0.563388 25726
5 10 51 20.9037 0.323498 2.72302 0.79111 19277
5 10 52 20.355 0.273223 2.49724 0.58753 20994
5 10 53 20.6819 0.39476 2.84209 0.698605 25451
5 10 54 19.9484 0.338074 2.70946 0.61626 22337
5 10 55 20.7764 0.324987 2.79999 0.592918 19761
5 10 56 21.3524 0.445863 3.12899 0.671956 21531
5 10 57 21.7615 0.474485 3.25333 0.698733 19409
5 10 58 20.4799 0.422505 2.87712 0.708599 21268
5 10 59 20.9915 0.428733 2.86671 0.978296 17787
5 10 60 20.9661 0.388475 2.95205 0.812173 24236
5 10 61 20.812 0.404022 2.97432 0.800239 21344
5 10 62 20.5286 0.405404 2.89657 0.631507 19020
5 10 63 19.9532 0.303232 2.57007 0.6067 20344
5 11 0 21.8014 0.477087 3.15037 0.536935 19948
5 11 1 21.0356 0.405344 2.91317 0.457818 18374
5 11 2 21.0872 0.378322 2.77623 0.552913 16237
5 11 3 20.8866 0.312268 2.51312 0.458087 11406
5 11 4 21.5 -2 0 0 10530
5 11 5 21.5 -2 0 0 12810
5 11 6 20.9576 0.356251 2.72203 0.612607 15094
5 11 7 20.4475 0.330852 2.51851 0.650733 9725
5 11 8 19.9122 0.310748 2.51789 0.548668 15232
5 11 9 21.2249 0.355408 2.72997 0.608748 10303
5 11 10 20.554 0.296901 2.42999 0.838288 10564
5 11 11 20.8799 0.316368 2.49667 0.507136 14651
5 11 12 20.7467 0.291327 2.44883 0.611932 13097
5 11 13 20.3243 0.277133 2.35923 0.549369 10643
5 11 14 21.4938 0.500303 2.93377 0.54388 19866
5 11 15 20.3432 0.273512 2.30714 0.641345 8503
5 11 16 20.84 0.370824 2.88951 0.674125 9207
5 11 17 20.8645 0.355929 2.7982 0.52492 17441
5 11 18 20.3695 0.268226 2.37809 0.488567 13420
5 11 19 20.6089 0.30262 2.41846 0.546684 10752
5 11 20 21.0558 0.330908 2.49337 0.56339 10832
5 11 21 21.8551 0.386765 2.87729 0.50275 12356
5 11 22 20.5476 0.27956 2.30894 0.677092 9523
5 11 23 21.1338 0.309295 2.53605 0.545952 14732
5 11 24 20.8808 0.297636 2.42985 0.556678 17610
5 11 25 20.9659 0.33409 2.5456 0.601235 9464
5 11 26 21.5086 0.406115 2.70384 0.639906 19587
5 11 27 20.1437 0.259672 2.20261 0.55939 12355
5 11 28 21.3057 0.273671 2.41499 0.616886 9550
5 11 29 21.6342 0.419279 2.76803 0.671313 16403
5 11 30 21.1267 0.29776 2.47327 0.669367 7437
5 11 31 21.1084 0.324759 2.49813 0.705808 9782
5 11 32 21.4513 0.356137 2.55652 0.523545 9322
5 11 33 21.0507 0.310871 2.30141 0.669189 10377
5 11 34 21.4593 0.425245 2.69501 0.558811 19659
5 11 35 20.8855 0.312868 2.46508 0.59464 9054
5 11 36 21.3233 0.320441 2.54708 0.668574 9916
5 11 37 22.2174 0.503226 2.80183 0.64529 10444
5 11 38 20.6317 0.322106 2.56687 0.499631 9299
5 11 39 21.2252 0.417357 2.83523 0.644696 10401
5 11 40 21.4175 0.46171 2.95504 0.520831 9741
5 11 41 20.9811 0.342496 2.50417 0.694089 9512
5 11 42 21.4148 0.32949 2.48894 0.548695 10040
5 11 43 20.8126 0.343521 2.58791 0.523916 15499
5 11 44 20.6705 0.318681 2.47848 0.606099 9306
5 11 45 20.5463 0.288964 2.37353 0.547285 11626
5 11 46 20.9528 0.370198 2.59285 0.616159 19685
5 11 47 21.4061 0.375878 2.72493 0.672504 8440
5 11 48 20.3239 0.309566 2.40928 0.541955 11351
5 11 49 21.185 0.410509 2.80445 0.630303 12666
5 11 50 20.5476 0.321227 2.59443 0.580628 9757
5 11 51 21.4508 0.362555 2.92748 0.501147 14901
5 11 52 20.897 0.36767 2.66431 0.504312 15836
5 11 53 21.2387 0.423553 2.78422 0.820771 7365
5 11 54 19.9802 0.315773 2.46098 0.454785 11966
5 11 55 20.833 0.364423 2.66609 0.552007 15617
5 11 56 20.5769 0.43903 2.89189 0.658999 11726
5 11 57 20.7655 0.390201 2.76925 0.650175 13129
5 11 58 20.6017 0.344092 2.55698 0.732283 12893
5 11 59 21.0889 0.442462 2.94087 0.561794 18232
5 11 60 20.6773 0.466315 3.05254 0.699642 9343
5 11 61 21.8394 0.756295 3.55956 0.644104 16366
5 11 62 20.4896 0.406314 2.76319 0.555137 20352
5 11 63 19.4043 0.361305 2.66347 0.594674 13672
5 12 0 23.6978 0.599838 3.6965 0.489596 13063
5 12 1 24.1949 0.755623 3.51431 0.625277 17251
5 12 2 23.5879 0.64672 3.66675 0.586457 16789
5 12 3 22.2202 0.397936 2.75208 0.574981 19405
5 12 4 22.2594 0.447006 2.83897 0.631386 13453
5 12 5 23.0825 0.493553 3.00325 0.580903 16625
5 12 6 22.0186 0.498551 2.86754 0.595853 21709
5 12 7 23.2381 0.600984 3.3425 0.512154 23029
5 12 8 22.3992 0.414032 3.01679 0.493403 17517
5 12 9 23.8336 0.611321 3.29823 0.641092 21215
5 12 10 23.2469 0.524432 3.16918 0.56714 23452
5 12 11 22.6342 0.487031 3.08789 0.47775 12376
5 12 12 22.7562 0.416772 2.88619 0.520495 18055
5 12 13 23.2115 0.534899 2.9737 0.642261 14048
5 12 14 23.3942 0.618313 3.32016 0.630231 13692
5 12 15 23.8002 0.483299 3.17739 0.542961 14945
5 12 16 23.6582 0.755683 3.63848 0.605231 26572
5 12 17 23.1883 0.512437 3.10557 0.558732 14272
5 12 18 22.8581 0.461439 3.04699 0.625331 16566
5 12 19 23.321 0.502536 3.16081 0.570827 20188
5 12 20 22.892 0.435784 3.02134 0.521804 13823
5 12 21 23.1182 0.442284 3.09603 0.609811 18748
5 12 22 23.189 0.455792 3.07083 0.540482 17842
5 12 23 23.3983 0.457159 3.24794 0.5175 9897
5 12 24 23.0553 0.573152 3.08802 0.659102 13856
5 12 25 23.0914 0.481251 3.03853 0.558333 20271
5 12 26 23.372 0.536904 3.3172 0.679027 15590
5 12 27 24.1514 0.559865 3.40439 0.64896 10991
5 12 28 22.9938 0.521624 3.15886 0.554835 15952
5 12 29 22.9174 0.479823 2.99732 0.630071 13355
5 12 30 23.4481 0.521173 3.25521 0.592472 11543
5 12 31 23.6028 0.587187 3.38424 0.634552 19540
5 12 32 23.5052 0.485253 3.11145 0.656547 12878
5 12 33 23.9911 0.579924 3.3418 0.637281 11911
5 12 34 24.0502 0.728562 3.51032 0.674777 11251
5 12 35 26.2288 0.738104 3.93678 0.669269 15062
5 12 36 22.6252 0.466489 3.02548 0.625815 11860
5 12 37 22.5414 0.430966 2.74963 0.706739 12395
5 12 38 23.4916 0.499101 3.22722 0.592032 16098
5 12 39 23.7153 0.654132 3.26678 0.762003 12120
5 12 40 23.7793 0.585418 3.23618 0.675677 13368
5 12 41 22.2152 0.396735 2.8293 0.518084 15127
5 12 42 23.9536 0.662288 3.53564 0.572257 9595
5 12 43 23.9639 0.602421 3.35845 0.650689 9559
5 12 44 23.7486 0.580325 3.40937 0.606609 13562
5 12 45 23.0692 0.675028 3.26343 0.578632 14581
5 12 46 23.5795 0.578192 3.28553 0.711762 11033
5 12 47 21.9828 0.550791 2.44881 0.587493 3142
5 12 48 22.3656 0.37381 2.84055 0.633627 13052
5 12 49 22.046 0.386919 2.82382 0.959989 9849
5 12 50 22.6567 0.404866 3.00024 0.713306 6543
5 12 51 23.0695 0.543609 3.26811 0.57229 10292
5 12 52 22.9645 0.54616 3.06177 0.647988 11010
5 12 53 22.817 0.544435 3.29774 0.575146 12065
5 12 54 23.8745 0.755151 3.35892 0.64388 12357
5 12 55 23.1657 0.506514 3.19903 0.583381 9655
5 12 56 24.0146 0.546649 3.50503 0.670423 8565
5 12 57 23.2678 0.691115 3.35284 0.781688 11228
5 12 58 23.0223 0.547642 3.32132 0.604013 9276
5 12 59 22.7101 0.583408 3.46424 0.522713 9577
5 12 60 24.9498 0.829871 3.90296 0.753664 9516
5 12 61 24.0424 0.620116 3.99665 0.655991 8447
5 12 62 22.2015 0.50448 3.27914 0.562024 10449
5 12 63 22.3479 0.567046 3.31277 0.543442 9310
5 13 0 21.3235 0.619006 3.08585 0.401548 8517
5 13 1 22.239 0.676582 3.24464 0.467283 8946
5 13 2 20.672 0.463952 2.61609 0.646881 8759
5 13 3 20.0586 0.4031 2.49605 0.48913 7521
5 13 4 19.9129 0.423687 2.44188 0.394887 4503
5 13 5 20.7411 0.411553 2.64382 0.529706 9022
5 13 6 20.3979 0.428793 2.53972 0.42314 7619
5 13 7 20.0601 0.460937 2.50647 0.510465 4941
5 13 8 20.0777 0.364253 2.47858 0.531006 7955
5 13 9 20.0096 0.446558 2.52841 0.457532 7479
5 13 10 19.8208 0.35472 2.36965 0.692824 6420
5 13 11 21.2928 0.420064 2.58316 0.795109 9310
5 13 12 20.2631 0.479691 2.46309 0.509107 6263
5 13 13 20.0062 0.462954 2.21902 0.434786 1413
5 13 14 20.4593 0.418531 2.82906 0.526865 11549
5 13 15 20.3186 0.365108 2.41198 0.562376 8102
5 13 16 20.5472 0.424055 2.59654 0.512972 6063
5 13 17 20.8675 0.395969 2.59987 0.512573 10989
5 13 18 20.4684 0.469963 2.59556 0.512913 7404
5 13 19 20.9592 0.389088 2.4465 0.609127 5380
5 13 20 19.7539 0.438159 1.86265 0.488806 669
5 13 21 20.9696 0.398192 2.39241 0.663166 7658
5 13 22 19.6798 0.338904 2.34758 0.560175 5928
5 13 23 20.7537 0.603023 2.01138 0.468286 468
5 13 24 21.0246 0.383207 2.4972 0.506004 9802
5 13 25 20.3106 0.359493 2.27625 0.489438 6076
5 13 26 21.1743 0.489789 2.68179 0.586999 13548
5 13 27 21.0779 0.321575 2.32638 0.437907 3041
5 13 28 20.7762 0.401738 2.39537 0.397079 3391
5 13 29 20.8934 0.419907 2.3809 0.388965 1357
5 13 30 21.359 0.424867 2.6344 0.52023 7515
5 13 31 20.7984 0.360724 2.5994 0.542102 5912
5 13 32 20.5901 0.43777 2.58921 0.454886 6094
5 13 33 19.9268 0.333204 2.09607 0.753918 3955
5 13 34 21.3762 0.52536 2.87387 0.468159 12440
5 13 35 20.6301 0.407916 2.51745 0.642509 5650
5 13 36 20.8472 0.457177 2.72275 0.581991 5329
5 13 37 20.6659 0.452508 2.05105 0.419759 456
5 13 38 21.8836 0.569749 2.95833 0.561207 7224
5 13 39 20.2455 0.518166 2.78915 0.391246 13108
5 13 40 20.1279 0.396785 2.30029 0.489436 1957
5 13 41 21.0694 0.413134 2.59371 0.546912 6987
5 13 42 20.9267 0.328887 2.31479 0.460049 11854
5 13 43 21.2776 0.466826 1.89772 0.500936 1073
5 13 44 20.5976 0.335648 2.35882 0.391041 8694
5 13 45 20.6431 0.470326 2.68823 0.412612 8526
5 13 46 21.7263 0.581781 2.94797 0.469788 14716
5 13 47 20.8677 0.512888 2.87653 0.660099 7891
5 13 48 20.9107 0.368132 2.42515 0.69497 4497
5 13 49 20.7571 0.502317 2.5548 0.662555 13653
5 13 50 20.3885 0.405607 2.63257 0.360164 10243
5 13 51 20.6772 0.548765 3.25432 0.392914 16008
5 13 52 21.1083 0.465559 2.64992 0.445455 14368
5 13 53 20.6149 0.60799 2.86114 0.455267 10080
5 13 54 19.9485 0.426631 2.53529 0.424554 10593
5 13 55 20.5342 0.57522 2.90262 0.406324 14479
5 13 56 20.3895 0.587083 2.84389 0.441789 13757
5 13 57 21.7532 0.769236 3.20589 0.449062 14607
5 13 58 20.2512 0.549041 2.73146 0.427474 9963
5 13 59 20.8175 0.659837 3.08343 0.394575 14997
5 13 60 20.248 0.519758 2.9634 0.485449 10510
5 13 61 20.9579 0.7657 3.17819 0.663088 17085
5 13 62 21.5 -2 0 0 19312
5 13 63 19.4762 0.46503 2.72171 0.418753 11068
5 14 0 23.717 0.749671 3.6952 0.382834 8554
5 14 1 22.6817 0.677547 3.37569 0.350107 9233
5 14 2 22.0416 0.566061 3.11286 0.356496 11092
5 14 3 21.4192 0.49316 2.37207 0.543998 4421
5 14 4 20.8316 0.422667 2.54468 0.455076 9257
5 14 5 21.5054 0.451611 2.57719 0.447268 8616
5 14 6 22.151 0.738852 3.20316 0.35546 11240
5 14 7 22.0171 0.539447 3.01326 0.405338 9362
5 14 8 21.9694 0.575578 2.84301 0.405198 9492
5 14 9 22.7691 0.543495 2.86089 0.402275 6594
5 14 10 22.1525 0.571563 2.77945 0.510783 14574
5 14 11 21.9787 0.533059 2.80257 0.415103 6159
5 14 12 21.5958 0.511448 2.83242 0.407661 7385
5 14 13 22.0456 0.539267 2.79969 0.360823 9791
5 14 14 23.491 1.00283 3.42418 0.459131 7902
5 14 15 21.8784 0.462779 2.42752 0.460017 4034
5 14 16 22.5246 0.774767 3.23056 0.432506 13754
5 14 17 21.384 0.415372 2.51503 0.607315 3024
5 14 18 21.5045 0.509836 2.66771 0.415421 9239
5 14 19 22.3741 0.561041 3.07684 0.309378 11431
5 14 20 21.9342 0.51298 2.64054 0.671297 7544
5 14 21 22.2464 0.664723 2.72859 0.421198 13670
5 14 22 21.9154 0.480281 2.78196 0.397135 11121
5 14 23 22.5835 0.678556 2.8674 0.465763 7091
5 14 24 22.8968 0.580621 3.02748 0.486602 6808
5 14 25 21.7953 0.478202 2.69819 0.551293 10130
5 14 26 22.8333 0.674681 2.91505 0.400261 4229
5 14 27 22.74 0.792754 3.17919 0.488765 6087
5 14 28 21.9988 0.46684 2.46032 0.591353 8495
5 14 29 21.5 -2 0 0 7209
5 14 30 21.3298 0.423156 2.51923 0.483082 6089
5 14 31 22.6239 0.492116 2.83067 0.300075 7430
5 14 32 22.7338 0.522313 2.80688 0.391627 6957
5 14 33 21.8991 0.487251 2.51268 0.46457 6042
5 14 34 22.2433 0.526045 2.61285 0.596935 7485
5 14 35 21.7276 0.445632 2.61043 0.492181 8246
5 14 36 22.236 0.572754 2.67724 0.440181 5279
5 14 37 21.5239 0.574113 2.787 0.431181 5576
5 14 38 21.9883 0.498547 2.70842 0.472559 7084
5 14 39 22.6836 0.619359 3.01971 0.402098 4265
5 14 40 21.3676 0.464683 2.43781 0.500185 6852
5 14 41 22.4299 0.542408 2.79293 0.327308 6291
5 14 42 22.2935 0.446648 2.49005 0.537644 6041
5 14 43 21.8407 0.589157 2.95852 0.333739 5357
5 14 44 21.9551 0.595606 2.82987 0.357524 6234
5 14 45 21.4646 0.439447 2.40237 0.594541 5437
5 14 46 22.2588 0.597433 2.99075 0.433313 5467
5 14 47 22.483 0.670698 3.0782 0.415573 4701
5 14 48 21.6534 0.416837 2.38816 0.524522 5034
5 14 49 21.9059 0.524966 2.51583 0.573933 4757
5 14 50 21.0629 0.445585 2.43346 0.485057 6183
5 14 51 22.0205 0.782359 2.96924 0.403372 2645
5 14 52 22.3481 0.503842 2.85432 0.396622 4448
5 14 53 22.3512 0.700201 2.81198 0.387024 5242
5 14 54 21.8682 0.509077 2.5727 0.397192 5386
5 14 55 21.6872 0.469348 2.61297 0.484132 3010
5 14 56 20.8416 0.487764 2.65523 0.320324 5964
5 14 57 21.1136 0.733052 3.05872 0.450932 4798
5 14 58 20.4174 0.476468 2.32992 0.673603 4890
5 14 59 21.6944 0.728732 2.90773 0.467367 5820
5 14 60 21.5441 0.753888 2.96691 0.465603 5343
5 14 61 22.2456 0.748896 3.21034 0.456477 4249
5 14 62 21.2797 0.5693 2.88194 0.513638 4822
5 14 63 20.3785 0.489523 2.52289 0.481348 5414
5 15 0 24.6105 0.976203 4.13136 0.3238 4002
5 15 1 22.9815 0.887856 3.28742 0.355386 2084
5 15 2 22.1756 0.632494 2.68985 0.383145 3620
5 15 3 21.7394 0.664316 2.77522 0.533676 2699
5 15 4 22.2569 0.574372 2.80742 0.405379 3291
5 15 5 22.5278 0.720329 3.13039 0.292282 3306
5 15 6 22.6867 0.510265 2.43459 0.418569 1575
5 15 7 23.1254 0.714724 2.66426 0.425516 3107
5 15 8 24.16 0.774555 3.36103 0.318262 3238
5 15 9 22.454 0.636371 2.9008 0.434599 2621
5 15 10 23.6014 0.783748 2.82572 0.45899 2743
5 15 11 23.0428 0.570653 2.84544 0.404386 3809
5 15 12 22.9524 0.663569 2.86049 0.415279 3126
5 15 13 22.8146 0.571076 2.77485 0.415939 3262
5 15 14 23.5635 0.955061 3.15396 0.329829 4246
5 15 15 23.8796 0.612994 2.95183 0.338094 3092
5 15 16 0 -10 0 0 0
5 15 17 23.7436 0.602114 2.84673 0.389004 4679
5 15 18 23.6499 0.557941 2.83358 0.299992 3069
5 15 19 23.2167 0.538675 2.81736 0.318129 3207
5 15 20 24.0594 0.666177 3.18907 0.290764 2973
5 15 21 24.6611 1.1909 3.29529 0.376977 2833
5 15 22 23.8908 0.845143 3.10918 0.443738 3388
5 15 23 23.0814 0.594937 2.67646 0.286855 3728
5 15 24 22.6961 0.444918 2.49761 0.448891 4926
5 15 25 22.7843 0.721247 2.79188 0.29323 3084
5 15 26 24.3547 1.16176 3.51306 0.342943 4308
5 15 27 23.2765 0.628749 2.88573 0.486494 3061
5 15 28 22.673 0.511522 2.6741 0.319897 3796
5 15 29 23.9261 0.7325 3.4105 0.339538 4167
5 15 30 22.8679 0.664311 2.71124 0.391394 3908
5 15 31 24.5563 0.897573 3.4794 0.38143 3163
5 15 32 23.2713 0.608049 2.64013 0.403214 3381
5 15 33 23.7023 1.35426 2.86168 0.422305 3950
5 15 34 22.5022 0.64318 2.85543 0.560996 5580
5 15 35 23.2283 0.59628 3.04073 0.252821 2139
5 15 36 23.0603 0.648699 2.88751 0.573862 3398
5 15 37 23.6209 0.715774 3.3123 0.306833 4378
5 15 38 23.926 0.684681 3.23381 0.344206 2528
5 15 39 25.1718 0.995639 3.50547 0.36491 5018
5 15 40 23.6482 0.725376 2.90618 0.413667 3955
5 15 41 23.3255 0.539488 2.64359 0.414605 3264
5 15 42 23.8033 0.614432 2.81384 0.437183 3786
5 15 43 23.9448 0.76408 3.26836 0.308635 5328
5 15 44 22.9984 0.531963 2.61262 0.50906 2006
5 15 45 22.6167 0.677464 2.8021 0.372244 4572
5 15 46 23.9053 0.741554 3.50884 0.362229 5158
5 15 47 23.8459 1.22216 3.18615 0.470393 4957
5 15 48 22.7336 0.652057 2.96253 0.310546 3759
5 15 49 23.7827 1.23426 3.4418 0.412293 5432
5 15 50 23.7285 0.706264 3.01733 0.398962 4902
5 15 51 23.7283 0.707141 3.43535 0.37927 7962
5 15 52 22.2744 0.677622 2.89156 0.312792 5345
5 15 53 21.5 -2 0 0 3525
5 15 54 21.9057 0.618864 2.51844 0.421216 5477
5 15 55 23.1285 0.772672 3.3176 0.319343 5456
5 15 56 21.9382 0.68315 3.12762 0.262332 7136
5 15 57 23.2408 0.947677 3.28034 0.402506 7418
5 15 58 22.3607 0.82268 3.10709 0.345203 5556
5 15 59 22.5697 1.13704 3.60142 0.306909 7068
5 15 60 24.7012 1.13939 4.17437 0.283648 5105
5 15 61 26.128 1.30529 4.63174 0.314056 7068
5 15 62 23.2784 0.777578 3.47459 0.386042 6224
5 15 63 21.8267 0.647286 2.93957 0.384482 4887
6 0 0 22.2162 0.443385 3.12267 0.338153 4675
6 0 1 21.8794 0.537259 2.41139 0.528026 2671
6 0 2 19.8239 0.469518 2.51958 0.334912 13837
6 0 3 22.1133 0.379659 2.38942 0.282249 1691
6 0 4 21.1704 0.500845 2.95301 0.50274 6593
6 0 5 21.1718 0.532734 2.65836 0.751143 5253
6 0 6 21.8451 0.616511 2.63878 0.568329 3826
6 0 7 21.9321 0.484148 2.31963 0.395395 1712
6 0 8 21.8116 0.48532 3.10453 0.297333 6768
6 0 9 22.5602 0.530557 2.32909 0.39799 1724
6 0 10 21.4369 0.456075 2.56115 0.361799 1583
6 0 11 20.6031 0.554746 2.90027 0.386154 10713
6 0 12 22.7199 0.518545 2.41394 0.440771 1530
6 0 13 22.9757 0.588273 2.84595 0.513226 3945
6 0 14 22.1076 0.444549 2.94131 0.588072 6450
6 0 15 23.4176 0.427004 2.4801 0.548262 2783
6 0 16 20.7827 0.533723 2.83337 0.447079 11592
6 0 17 20.363 0.405364 2.40728 0.44206 16515
6 0 18 24.4481 0.436942 2.73736 0.604393 2433
6 0 19 23.0387 0.492773 2.75937 0.460676 3443
6 0 20 24.6238 0.568549 2.79118 0.533173 2547
6 0 21 24.2789 0.761565 2.82588 0.340037 2359
6 0 22 22.8545 0.501313 2.38897 0.396909 1348
6 0 23 25.5 -2 0 0 4461
6 0 24 20.9278 0.499478 2.81435 0.431513 7667
6 0 25 23.4036 0.436882 2.41281 0.440601 2574
6 0 26 22.1682 0.51141 3.17882 0.426396 8012
6 0 27 23.5181 0.441802 2.58961 0.296713 2156
6 0 28 23.9395 0.43025 2.68103 0.466096 3196
6 0 29 23.0443 0.610011 3.29848 0.33744 8904
6 0 30 24.0434 0.621533 2.57508 0.350538 1895
6 0 31 21.9801 0.580057 3.05172 0.433041 15215
6 0 32 23.3352 0.593188 2.48504 0.531107 3075
6 0 33 23.489 0.377332 2.59784 0.541866 2875
6 0 34 20.6933 0.532242 2.72343 0.526814 23239
6 0 35 23.0061 0.45273 2.76793 0.519483 3617
6 0 36 23.4709 0.531862 2.49784 0.503924 2117
6 0 37 25.4463 0.53558 2.73412 0.585152 3522
6 0 38 21.0659 0.470279 2.98447 0.429554 8156
6 0 39 23.6343 0.429728 3.19652 0.462841 6881
6 0 40 25.9539 0.518644 2.98955 0.46637 2733
6 0 41 23.5023 0.584856 2.86558 0.537875 4031
6 0 42 23.5242 0.682494 2.23131 0.62681 2778
6 0 43 22.7276 0.483176 3.05723 0.329903 8247
6 0 44 21.5486 0.496755 2.86063 0.715447 7288
6 0 45 23.8228 0.61953 2.37359 0.688577 3555
6 0 46 25.2399 0.464931 3.18428 0.317987 6334
6 0 47 21.9731 0.793978 3.52863 0.420041 10636
6 0 48 23.6481 0.550704 2.67086 0.470962 2820
6 0 49 25.7582 0.617633 3.17568 0.426482 3904
6 0 50 23.8937 0.495691 2.87529 0.522994 4289
6 0 51 22.8708 0.699172 3.7451 0.321237 14535
6 0 52 25.5722 0.522865 3.11324 0.380241 5136
6 0 53 20.9843 0.650398 3.20054 0.314585 12190
6 0 54 24.667 0.470835 2.95358 0.493317 4704
6 0 55 22.4169 0.553671 3.00662 0.605938 11242
6 0 56 24.3193 0.487239 3.07376 0.501184 5728
6 0 57 17.5 -2 0 0 14451
6 0 58 25.1507 0.471969 3.28242 0.268335 4921
6 0 59 24.415 0.567922 3.51722 0.30604 8556
6 0 60 20.6914 0.570563 2.89547 0.383921 19022
6 0 61 23.8778 0.58619 3.77731 0.285408 10960
6 0 62 22.4066 0.789315 3.62094 0.281427 13900
6 0 63 22.472 0.578705 3.1239 0.614245 8814
6 1 0 29.2614 0.644366 4.55845 0.199532 9861
6 1 1 26.7099 0.713394 4.1485 0.20895 11340
6 1 2 27.6516 0.641457 4.19961 0.233754 9774
6 1 3 26.9862 0.502506 3.43635 0.299022 5642
6 1 4 26.0413 0.608716 2.67019 0.346364 2076
6 1 5 24.4062 0.755445 3.74817 0.340771 15726
6 1 6 26.6425 0.631027 4.10391 0.236802 11554
6 1 7 26.1348 0.739284 4.23168 0.223589 11826
6 1 8 27.7097 0.496489 3.21222 0.50713 4959
6 1 9 28.2124 0.48297 3.60582 0.287315 5082
6 1 10 21.5 -2 0 0 12323
6 1 11 26.7956 0.660096 2.61925 0.536905 3446
6 1 12 25.5 -2 0 0 5970
6 1 13 26.1202 0.709965 3.99732 0.271999 8772
6 1 14 27.9794 0.550816 3.87228 0.381981 8551
6 1 15 26.5441 0.571933 3.80486 0.349235 7403
6 1 16 25.9825 1.68514 4.25099 0.438831 24668
6 1 17 27.66 0.511918 3.12984 0.470164 5581
6 1 18 26.1927 0.617654 2.88211 0.406619 2878
6 1 19 26.1327 0.636751 3.98335 0.270204 8317
6 1 20 25.3864 0.584334 2.18571 0.573971 1918
6 1 21 28.23 0.659156 4.01302 0.259419 9145
6 1 22 26.6131 0.677427 3.81432 0.263096 8416
6 1 23 27.2545 0.5019 2.68392 0.574772 1908
6 1 24 27.5098 0.557243 3.95066 0.221335 8889
6 1 25 26.6694 0.612441 3.39084 0.30673 5315
6 1 26 28.8629 0.607903 4.39439 0.217027 8022
6 1 27 25.7169 0.556255 2.50043 0.458503 1999
6 1 28 25.8568 0.511242 2.78026 0.508144 3931
6 1 29 28.1391 0.540477 2.67005 0.541352 2474
6 1 30 25.7776 0.662241 2.20675 0.54519 1884
6 1 31 25.9386 0.568469 3.88377 0.204304 7259
6 1 32 26.5485 0.703086 3.68591 0.330734 6904
6 1 33 26.1736 0.632698 2.63344 0.394228 2674
6 1 34 27.91 0.463697 3.3142 0.434663 4615
6 1 35 25.1492 0.784247 3.57017 0.374545 13225
6 1 36 27.926 0.597772 3.04773 0.420039 1882
6 1 37 26.7018 0.461022 2.83884 0.337257 1988
6 1 38 25.8638 0.796201 3.85934 0.411837 7386
6 1 39 25.7361 0.535538 2.76985 0.332306 1549
6 1 40 26.2865 0.582043 2.73071 0.390018 2272
6 1 41 26.9674 0.954338 3.90419 0.354794 9245
6 1 42 27.746 0.459512 3.40915 0.487879 3907
6 1 43 27.1187 0.706298 2.80178 0.609902 2860
6 1 44 25.6826 0.652689 3.60747 0.329675 4883
6 1 45 26.9872 0.483901 3.14934 0.393352 3823
6 1 46 28.4359 0.531076 3.79011 0.60863 6043
6 1 47 27.0058 0.645831 3.98557 0.294591 4599
6 1 48 26.2405 0.597572 3.73001 0.327341 5516
6 1 49 29.3172 0.478107 3.36586 0.396166 3148
6 1 50 23.9325 0.868511 3.21204 0.448138 11089
6 1 51 26.9401 0.621902 2.98727 0.422708 1819
6 1 52 27.5789 0.550927 3.95037 0.452888 4746
6 1 53 25.4752 0.484752 2.90818 0.35861 1503
6 1 54 24.2354 0.723683 3.21863 0.365243 10989
6 1 55 26.1629 0.566565 3.05993 0.473714 3564
6 1 56 25.2494 0.532403 2.68493 0.387912 1817
6 1 57 24.7722 0.578741 2.72393 0.364155 2124
6 1 58 22.9566 0.859868 3.32518 0.42993 14143
6 1 59 27.011 0.53064 3.85083 0.477748 5566
6 1 60 24.5612 0.671833 2.22491 0.391964 1314
6 1 61 24.622 0.5309 2.53213 0.354836 1990
6 1 62 26.3996 0.601096 3.58207 0.478299 4227
6 1 63 25.3142 0.545602 3.11533 0.451926 3727
6 2 0 27.5789 0.446623 3.76732 0.459169 7177
6 2 1 26.3307 0.509794 2.83919 0.593848 3878
6 2 2 27.0142 0.545852 4.19752 0.390129 11608
6 2 3 24.1268 0.480371 3.48068 0.395864 10868
6 2 4 28.3477 0.386097 3.14596 0.638053 3222
6 2 5 28.1843 0.402001 3.58832 0.60218 5847
6 2 6 28.683 0.477613 3.28673 0.608878 4140
6 2 7 25.7037 0.526319 3.82982 0.49349 5874
6 2 8 26.1654 0.67229 3.88357 0.483121 12208
6 2 9 23.1767 0.446377 2.9836 0.610475 19306
6 2 10 23.3529 0.600361 3.18575 0.691366 16615
6 2 11 23.643 0.486382 3.12916 0.579639 19256
6 2 12 26.4432 0.505273 3.78243 0.392486 8473
6 2 13 24.0258 0.478609 3.19397 0.612498 8425
6 2 14 21.5 -2 0 0 14659
6 2 15 25.1642 0.580482 3.38088 0.565849 13324
6 2 16 25.8956 0.463919 3.85053 0.649568 6244
6 2 17 26.5146 0.614186 3.79234 0.55512 11965
6 2 18 28.2071 0.391085 3.42511 0.614463 4297
6 2 19 24.4663 0.401259 3.32251 0.480273 6975
6 2 20 28.6266 0.399051 3.59197 0.498283 4602
6 2 21 23.9442 0.506237 3.07444 0.704844 21441
6 2 22 24.7692 0.411506 3.45313 0.671452 8245
6 2 23 24.2616 0.51531 3.03066 0.695196 16720
6 2 24 25.7023 0.553653 3.81997 0.488921 11616
6 2 25 25.6991 0.398399 3.48967 0.380428 5245
6 2 26 26.4731 0.788992 4.34511 0.572327 15954
6 2 27 26.7636 0.569193 3.74943 0.460506 7415
6 2 28 23.4596 0.451219 2.87525 0.58594 14811
6 2 29 26.3713 0.640283 3.9219 0.421073 12566
6 2 30 27.7896 0.3932 3.05889 0.686181 3309
6 2 31 23.4691 0.854377 3.17516 0.656101 14063
6 2 32 25.0574 0.436304 3.50025 0.369757 7360
6 2 33 25.0453 0.549291 3.56445 0.464737 9423
6 2 34 26.283 0.663319 3.98623 0.502148 13844
6 2 35 23.5601 0.456055 2.86074 0.640507 13953
6 2 36 25.3978 0.531903 3.55075 0.553532 10251
6 2 37 25.4728 0.659257 3.71707 0.522169 11552
6 2 38 23.4249 0.557729 3.10024 0.61221 14469
6 2 39 23.9533 0.606892 3.17415 0.557215 16433
6 2 40 23.0754 0.396694 2.77088 0.614238 17524
6 2 41 25.4965 0.502622 3.65215 0.548067 7400
6 2 42 25.9141 0.599701 3.75975 0.476755 10263
6 2 43 25.8079 0.52674 3.73275 0.494392 10780
6 2 44 24.0422 0.493088 3.19709 0.562752 8507
6 2 45 24.3883 0.641758 3.38583 0.538539 9207
6 2 46 27.1613 0.500742 2.90079 0.685415 4280
6 2 47 25.1272 0.774794 3.6708 0.695581 9938
6 2 48 24.7392 0.641266 3.671 0.525799 11321
6 2 49 25.133 0.586511 3.74838 0.486529 11960
6 2 50 24.6995 0.644216 3.48254 0.728744 8754
6 2 51 24.6617 0.985933 3.69233 0.551251 16678
6 2 52 24.8354 0.591681 3.61577 0.429341 11042
6 2 53 24.1747 0.634163 3.86796 0.493563 8674
6 2 54 22.5816 0.495984 2.9063 0.566557 15928
6 2 55 22.5793 0.490427 2.9815 0.482555 21510
6 2 56 23.8003 0.585099 3.3492 0.577373 14944
6 2 57 23.4165 0.685452 3.26935 0.553411 20948
6 2 58 22.4878 0.487511 2.94728 0.49456 18961
6 2 59 25.8367 0.644704 4.06577 0.399761 11377
6 2 60 26.2715 0.725427 4.37446 0.478509 10363
6 2 61 24.3921 1.25374 3.97625 0.618085 25110
6 2 62 24.4387 0.935225 4.01609 0.532332 21159
6 2 63 23.9026 0.637357 3.50437 0.398756 10546
6 3 0 25.656 0.662294 4.40629 0.371547 12928
6 3 1 24.9872 0.676862 4.13481 0.351899 13714
6 3 2 25.6936 1.15109 3.80193 0.633856 17249
6 3 3 23.4867 0.458825 3.27948 0.693362 11800
6 3 4 25.9237 0.418573 2.60599 0.479723 3477
6 3 5 25.5547 0.549315 3.50604 0.473982 10999
6 3 6 24.0669 0.83978 3.61007 0.528764 21355
6 3 7 24.1777 0.848131 3.61518 0.52798 25119
6 3 8 25.0078 0.481918 3.58504 0.357413 7585
6 3 9 25.8978 1.14841 4.28615 0.650025 20573
6 3 10 25.2769 0.572388 3.82367 0.41652 10119
6 3 11 26.0553 0.529724 2.65853 0.695579 3674
6 3 12 25.9542 0.544381 3.87552 0.43964 10147
6 3 13 25.2373 0.45042 3.66902 0.31039 10437
6 3 14 24.1156 0.730649 3.53203 0.529561 19195
6 3 15 25.3155 0.434975 3.46412 0.751946 8802
6 3 16 21.5 -2 0 0 20920
6 3 17 26.4669 0.49046 2.90951 0.623808 4427
6 3 18 25.8106 0.478414 2.52641 0.479766 2782
6 3 19 21.5 -2 0 0 11847
6 3 20 26.7282 0.488712 3.73657 0.262659 7179
6 3 21 25.752 0.503465 3.77714 0.319903 10022
6 3 22 24.7228 0.524299 3.53653 0.304759 11646
6 3 23 26.1571 0.437779 2.55874 0.687147 3471
6 3 24 26.3631 0.507584 3.66973 0.302051 8173
6 3 25 24.3383 0.93479 3.36112 0.632866 25359
6 3 26 27.9745 0.447405 3.59334 0.380413 4974
6 3 27 25.7146 0.440407 2.77226 0.510065 3220
6 3 28 24.8261 0.591769 3.28419 0.549775 19617
6 3 29 27.3152 0.699093 2.40165 0.77857 3226
6 3 30 26.2312 0.350509 2.72839 0.55881 2815
6 3 31 25.5751 0.543049 3.69461 0.358266 12189
6 3 32 25.582 0.505587 3.82247 0.370665 11247
6 3 33 27.4339 0.407441 2.98319 0.481234 4296
6 3 34 27.3865 0.448204 3.12219 0.503425 3678
6 3 35 25.8065 1.17468 3.84548 0.617186 24036
6 3 36 26.9723 0.441636 3.47116 0.539491 5357
6 3 37 26.7496 0.386233 2.98065 0.571658 3708
6 3 38 25.4049 0.55801 3.86872 0.316097 12843
6 3 39 25.5041 0.443596 2.23007 0.454124 2170
6 3 40 25.2208 1.45198 3.61037 0.668801 17363
6 3 41 25.6527 0.548717 3.69761 0.405302 10057
6 3 42 27.0914 0.507789 3.83343 0.409445 8919
6 3 43 26.7447 0.576565 4.00206 0.377547 9111
6 3 44 25.1879 0.535522 3.95658 0.30554 11683
6 3 45 23.9845 0.687819 3.06247 0.588946 21061
6 3 46 28.2038 0.736818 4.13954 0.520232 9372
6 3 47 26.1454 1.0478 4.37128 0.60689 21973
6 3 48 21.5 -2 0 0 15802
6 3 49 27.7186 0.420578 3.50247 0.436267 6573
6 3 50 25.9975 0.544216 3.72092 0.354629 8841
6 3 51 26.4804 0.50124 3.7667 0.439703 8616
6 3 52 27.0772 0.43217 3.4916 0.353947 6819
6 3 53 26.5197 1.17385 4.52868 0.588051 21243
6 3 54 26.2831 0.443959 3.5825 0.553869 8417
6 3 55 26.4028 0.491888 3.69122 0.444522 9372
6 3 56 26.7807 0.479002 3.80453 0.38636 8210
6 3 57 28.5511 0.558793 4.06814 0.346454 7236
6 3 58 26.1506 0.41709 3.54123 0.598481 8075
6 3 59 26.1529 0.699909 4.33682 0.428486 11631
6 3 60 24.7555 0.656143 2.50164 0.73567 3344
6 3 61 26.7139 0.833202 4.95619 0.46328 14991
6 3 62 25.9845 0.494538 4.05789 0.293146 8435
6 3 63 26.376 0.583861 2.66685 0.719738 3885
6 4 0 24.5994 1.07626 3.81928 0.383081 23049
6 4 1 23.5366 0.925455 3.37513 0.398324 20771
6 4 2 23.7934 0.994837 3.53578 0.37135 16715
6 4 3 26.0936 0.502885 3.73527 0.30375 4811
6 4 4 24.257 0.926689 3.5216 0.383633 8525
6 4 5 26.7614 0.596081 3.3406 0.573896 4919
6 4 6 22.3845 0.68809 2.83181 0.468844 17441
6 4 7 23.5598 0.783416 3.41745 0.329815 10821
6 4 8 24.51 0.547127 3.37497 0.40203 8076
6 4 9 24.5885 0.622089 2.50934 0.509459 2267
6 4 10 25.2575 0.59588 3.81419 0.263119 5920
6 4 11 24.2541 0.735346 3.75087 0.31252 10349
6 4 12 26.9 0.459195 3.32275 0.342085 3286
6 4 13 23.862 0.596809 3.23169 0.334434 5619
6 4 14 25.6628 0.56491 3.80322 0.188589 9019
6 4 15 26.0172 0.682844 4.06683 0.248404 5113
6 4 16 24.5972 0.682761 3.66321 0.371851 7607
6 4 17 26.5571 0.491556 3.14063 0.357354 4571
6 4 18 23.258 0.612328 3.02275 0.346071 11062
6 4 19 23.6104 0.482409 3.12281 0.338952 4445
6 4 20 24.653 0.744945 3.5731 0.354422 7336
6 4 21 26.67 0.538425 3.80882 0.251515 6211
6 4 22 23.417 0.624398 3.04313 0.352353 11475
6 4 23 24.3708 0.588268 3.38274 0.65438 7427
6 4 24 25.1045 0.553826 3.54944 0.361287 7573
6 4 25 24.5303 0.753562 3.32056 0.40826 9007
6 4 26 25.7461 0.48817 2.97062 0.537983 5456
6 4 27 26.2263 0.606195 3.76683 0.428279 4020
6 4 28 24.2043 0.648234 3.32307 0.336867 5892
6 4 29 26.653 0.63174 2.405 0.431835 2420
6 4 30 23.8793 0.71587 3.21525 0.439173 6456
6 4 31 24.7921 0.468217 3.34039 0.395389 3568
6 4 32 23.27 0.597878 2.95368 0.668609 5501
6 4 33 25.8829 0.58294 3.74385 0.283187 4369
6 4 34 26.4343 0.662654 2.51667 0.473262 2796
6 4 35 23.937 0.694954 3.12659 0.440874 7464
6 4 36 24.7791 0.699045 3.58107 0.407067 5483
6 4 37 29.4704 0.605595 3.92333 0.230466 3715
6 4 38 22.4307 0.496928 2.85335 0.565944 8091
6 4 39 23.6162 0.814742 3.20796 0.429413 9867
6 4 40 24.0945 1.16879 3.55478 0.404689 11206
6 4 41 22.1217 0.464519 2.46031 0.419741 9292
6 4 42 25.6019 0.677025 3.6743 0.371996 5590
6 4 43 27.3589 0.540619 3.15271 0.449938 2934
6 4 44 23.148 0.623747 3.10101 0.423757 5531
6 4 45 24.3087 0.528643 3.34919 0.455981 5144
6 4 46 25.9047 0.620703 2.44741 0.476768 2541
6 4 47 24.4277 0.712248 3.57573 0.432874 3904
6 4 48 25.6788 0.784611 3.79317 0.411736 5099
6 4 49 28.9965 0.731169 3.59409 0.381893 3938
6 4 50 25.4447 0.606038 3.60372 0.460543 4236
6 4 51 25.8329 0.732938 4.1583 0.337587 6701
6 4 52 28.9968 0.56891 3.54809 0.415339 3130
6 4 53 24.3532 0.622997 3.5564 0.490142 4192
6 4 54 23.8043 0.555567 3.19525 0.591341 4998
6 4 55 27.5434 0.617907 3.66112 0.377319 3987
6 4 56 24.7685 0.669843 3.99143 0.451754 5705
6 4 57 25.1242 0.745391 3.90259 0.339539 6461
6 4 58 25.3945 0.614996 3.79686 0.259388 4969
6 4 59 25.9655 0.67728 2.91544 0.462881 2655
6 4 60 24.9533 0.585258 3.71881 0.409649 4550
6 4 61 27.2892 0.783775 4.47105 0.318553 5748
6 4 62 26.8307 0.610879 3.93928 0.414312 4852
6 4 63 26.4978 0.585104 3.93164 0.311082 4463
6 5 0 24.029 0.514626 4.05634 0.416008 7190
6 5 1 22.4545 0.536108 3.58563 0.504302 8891
6 5 2 21.805 0.537469 3.35415 0.647426 9402
6 5 3 21.1616 0.375593 3.03855 0.692809 8836
6 5 4 21.3498 0.389312 2.99222 0.616592 6232
6 5 5 21.0043 0.460828 3.11315 0.543674 10081
6 5 6 22.8248 0.572086 3.80268 0.454614 9351
6 5 7 21.2465 0.530379 3.01893 0.600895 18504
6 5 8 21.8431 0.442276 3.10428 0.536221 7723
6 5 9 21.0876 0.464931 3.26258 0.491847 9894
6 5 10 20.7193 0.389507 2.73786 0.576524 18561
6 5 11 20.1278 0.358345 2.62592 0.518028 19898
6 5 12 21.5 -2 0 0 8412
6 5 13 20.8598 0.395536 2.67735 0.581496 20096
6 5 14 25.2376 0.348685 3.08215 0.620997 3550
6 5 15 22.2033 0.360157 3.03611 0.672528 7420
6 5 16 21.721 0.514006 3.14483 0.717926 17641
6 5 17 25.0043 0.366945 2.99035 0.46958 4077
6 5 18 19.8217 0.315883 2.49602 0.480519 21457
6 5 19 20.4849 0.424299 2.73899 0.501073 21927
6 5 20 19.5818 0.348155 2.45606 0.606995 17327
6 5 21 20.5626 0.481722 3.08361 0.541379 12791
6 5 22 21.6468 0.486921 3.25497 0.467701 9648
6 5 23 21.0763 0.4287 2.65109 0.563175 19549
6 5 24 23.6966 0.388757 3.30839 0.548005 5583
6 5 25 21.0844 0.352772 2.67798 0.608123 21619
6 5 26 24.9405 0.378383 2.90869 0.678126 4068
6 5 27 23.9744 0.376574 2.68531 0.539256 3761
6 5 28 20.6882 0.385146 2.54837 0.565794 22173
6 5 29 21.2386 0.359561 2.66498 0.529436 19089
6 5 30 21.2506 0.514453 3.07005 0.42878 15518
6 5 31 21.4209 0.441276 2.86815 0.478302 23889
6 5 32 22.0986 0.454238 3.16632 0.414498 9301
6 5 33 22.3868 0.422656 2.47049 0.585952 3493
6 5 34 22.7042 0.527483 2.2127 0.856517 2945
6 5 35 21.4909 0.508951 2.99554 0.566127 28392
6 5 36 22.6479 0.399073 3.35648 0.345068 7863
6 5 37 22.0228 0.410786 2.81949 0.554868 14916
6 5 38 22.0659 0.429033 3.25301 0.547062 11794
6 5 39 21.3337 0.599805 3.06494 0.553838 33196
6 5 40 20.1649 0.348196 2.58982 0.451797 22869
6 5 41 22.3883 0.408152 3.49335 0.521646 8799
6 5 42 21.4715 0.444928 1.9612 0.587033 2088
6 5 43 24.1077 0.354542 3.17618 0.534688 6396
6 5 44 21.4342 0.33309 2.96199 0.615457 6634
6 5 45 22.2537 0.491392 2.38646 0.710426 4143
6 5 46 24.1026 0.431413 2.78338 0.534012 3972
6 5 47 21.8806 0.563925 3.26462 0.627514 32147
6 5 48 22.0433 0.648646 3.12201 0.607608 23594
6 5 49 22.4707 0.588482 2.21219 0.572764 2915
6 5 50 22.0139 0.392096 2.60026 0.828096 5834
6 5 51 20.3747 0.457034 2.8201 0.479889 31909
6 5 52 23.4427 0.408526 3.32783 0.356353 7574
6 5 53 21.1043 0.561135 3.02911 0.504871 29695
6 5 54 21.183 0.653839 1.911 0.613515 2435
6 5 55 21.2557 0.44045 2.83678 0.453527 24568
6 5 56 21.2117 0.645535 3.18803 0.506477 30913
6 5 57 21.1556 0.541872 2.65863 0.801569 8398
6 5 58 22.1018 0.47929 2.41246 0.697307 3955
6 5 59 20.2583 0.482887 3.05081 0.467258 25371
6 5 60 20.7595 0.665521 3.04231 0.580837 32497
6 5 61 22.2942 0.477796 3.66693 0.29772 12022
6 5 62 22.2322 0.558967 2.84719 1.02678 7503
6 5 63 21.1588 0.609414 2.33649 0.603005 3673
6 6 0 25.8909 0.849674 4.17781 0.183163 7044
6 6 1 23.8132 0.851923 3.65989 0.291145 8204
6 6 2 25.5406 0.879024 4.15178 0.270046 7135
6 6 3 23.2004 0.793329 3.45512 0.261852 5520
6 6 4 23.7844 0.823843 3.80031 0.318357 5132
6 6 5 23.6955 0.646512 3.14133 0.336116 5679
6 6 6 23.1623 0.76005 3.4671 0.330391 7001
6 6 7 23.7705 0.523073 3.10526 0.392302 3150
6 6 8 23.2706 0.694088 3.34089 0.259898 6157
6 6 9 23.9338 0.82892 3.585 0.249499 5768
6 6 10 23.496 0.649106 3.29384 0.484557 4352
6 6 11 24.3274 0.721071 3.69839 0.299704 4372
6 6 12 21.5 -2 0 0 4942
6 6 13 22.8364 0.552949 3.01499 0.370136 3730
6 6 14 24.1712 0.790854 3.45836 0.356103 6697
6 6 15 23.2942 0.692861 3.36792 0.279867 4812
6 6 16 23.0871 0.616931 3.23952 0.410446 4969
6 6 17 24.5801 0.656067 3.46157 0.19469 5187
6 6 18 24.7529 0.615146 3.51639 0.294573 3434
6 6 19 22.3203 0.430248 2.50072 0.556319 6511
6 6 20 23.7378 0.80687 3.41755 0.318041 4787
6 6 21 26.1096 0.694336 3.76761 0.334089 4125
6 6 22 22.1841 0.453816 2.45363 0.312974 7836
6 6 23 23.7107 0.725843 3.40943 0.280569 4978
6 6 24 24.7054 0.701219 3.68769 0.223795 6358
6 6 25 22.409 0.58613 2.7925 0.291879 6560
6 6 26 24.0751 0.589468 3.38529 0.31981 5974
6 6 27 23.4428 0.595858 3.11825 0.4516 3629
6 6 28 23.3368 0.531574 2.98047 0.368689 3738
6 6 29 22.7385 0.587076 2.78906 0.336743 8050
6 6 30 24.8673 0.601625 3.50476 0.297703 3184
6 6 31 21.8621 0.616181 2.92081 0.311991 3292
6 6 32 22.2012 0.494303 2.44332 0.338378 6249
6 6 33 22.5934 0.587326 2.8793 0.453964 3471
6 6 34 23.5423 0.954022 3.06328 0.349484 9532
6 6 35 22.3353 0.580125 2.68369 0.444359 5448
6 6 36 22.4312 0.568258 2.73645 0.269051 6004
6 6 37 24.4336 0.967492 3.4084 0.326291 3971
6 6 38 23.0335 0.565612 3.13334 0.396478 2685
6 6 39 23.2467 0.644651 3.14781 0.392427 2752
6 6 40 23.7194 0.566766 3.15469 0.415549 3857
6 6 41 22.5038 0.611031 2.78699 0.389713 2787
6 6 42 23.0952 0.543058 2.89163 0.407732 3550
6 6 43 23.1407 0.60845 3.22634 0.314875 4630
6 6 44 22.405 0.526098 2.74588 0.60916 3079
6 6 45 22.2001 0.523605 2.46413 0.51596 5765
6 6 46 23.2205 0.712196 3.18633 0.323578 9026
6 6 47 23.4873 0.718759 3.629 0.398842 1942
6 6 48 24.5364 0.685752 3.40831 0.309506 2590
6 6 49 23.6793 0.948198 3.26362 0.358885 3715
6 6 50 23.3442 0.606419 2.9865 0.382351 2722
6 6 51 21.6716 0.543796 2.78164 0.273056 5766
6 6 52 22.5555 0.58168 3.08071 0.421717 4125
6 6 53 23.4678 0.622785 3.27127 0.388915 2031
6 6 54 22.6815 0.800637 2.85288 0.461894 3551
6 6 55 21.5 -2 0 0 3961
6 6 56 22.3878 0.685098 3.48949 0.341996 2581
6 6 57 21.3297 0.655324 3.00792 0.359918 5241
6 6 58 22.0087 0.642933 3.0409 0.329731 2939
6 6 59 22.853 0.776278 3.69373 0.286181 4142
6 6 60 20.9174 0.574092 2.78543 0.32959 5002
6 6 61 22.3141 0.753057 3.77037 0.366031 3808
6 6 62 22.4048 0.776287 3.65846 0.324405 3879
6 6 63 21.9633 0.693926 3.07858 0.420362 3108
6 7 0 23.3136 0.699601 3.34295 0.419113 5360
6 7 1 22.9553 0.622434 3.05953 0.42708 5352
6 7 2 21.5499 0.498765 2.69936 0.410597 6081
6 7 3 21.7592 0.436642 2.60092 0.357429 6855
6 7 4 23.967 0.538793 3.31247 0.41627 3106
6 7 5 23.2274 0.599853 3.468 0.340151 3605
6 7 6 22.8464 0.683992 3.03085 0.347797 5496
6 7 7 23.1539 0.679253 3.05229 0.413059 7072
6 7 8 23.8104 0.707262 3.33464 0.389587 3914
6 7 9 21.8459 0.488886 2.8098 0.422711 5845
6 7 10 21.8985 0.428496 2.49048 0.484598 5783
6 7 11 24.1659 0.645473 3.67326 0.280755 4178
6 7 12 21.3452 0.40793 2.32245 0.698092 6683
6 7 13 23.0445 0.538318 3.04204 0.320911 7554
6 7 14 22.7546 0.527501 2.73325 0.419491 6264
6 7 15 22.6918 0.488938 2.74989 0.468213 4379
6 7 16 23.3915 0.633871 3.02035 0.417299 5609
6 7 17 22.4278 0.464419 3.00663 0.366881 4665
6 7 18 21.5 -2 0 0 3892
6 7 19 23.3311 0.576803 3.243 0.481542 4955
6 7 20 24.4029 0.543442 3.43973 0.491767 3689
6 7 21 22.0085 0.44128 2.4348 0.414159 6119
6 7 22 22.082 0.480519 2.54631 0.501505 6619
6 7 23 23.5326 0.671169 3.28954 0.420078 8303
6 7 24 22.9862 0.571122 3.20643 0.400171 3805
6 7 25 23.9467 0.678667 3.50684 0.301863 5578
6 7 26 24.1045 0.576551 3.30194 0.49448 4383
6 7 27 22.4507 0.622085 2.77678 0.404985 8890
6 7 28 23.2722 0.516362 3.05877 0.452407 4554
6 7 29 24.1023 0.607366 3.37721 0.306475 4554
6 7 30 23.2805 0.478462 3.04165 0.522515 4216
6 7 31 24.2954 0.534656 3.33502 0.489204 5369
6 7 32 24.0101 0.588936 3.1507 0.311582 8268
6 7 33 24.4434 0.570559 3.36537 0.285069 4373
6 7 34 23.4752 0.68448 3.62296 0.289162 5367
6 7 35 23.2885 0.796812 3.13556 0.365026 11772
6 7 36 26.2149 0.539609 3.35731 0.436483 3401
6 7 37 26.2541 0.531118 3.63814 0.365653 3075
6 7 38 23.2365 0.699682 2.9738 0.371055 12710
6 7 39 23.0375 0.705561 3.0918 0.336507 14205
6 7 40 26.5095 0.561995 2.96262 0.544569 2485
6 7 41 23.1493 0.59791 2.77798 0.386128 9603
6 7 42 26.7197 0.537876 3.40739 0.302025 3091
6 7 43 25.2048 0.704076 3.78816 0.338878 4755
6 7 44 22.5227 0.511192 3.12979 0.418942 6898
6 7 45 23.2273 0.751108 3.24586 0.36026 10718
6 7 46 24.3971 0.646891 3.45534 0.270168 5984
6 7 47 24.9421 1.2692 3.85615 0.43804 15176
6 7 48 23.9627 0.561805 3.02133 0.697475 4437
6 7 49 25.2521 0.720428 3.70729 0.348428 4674
6 7 50 22.8412 0.651263 2.89819 0.444273 12198
6 7 51 25.6971 0.669462 4.06513 0.254703 6429
6 7 52 25.1186 0.584795 3.52046 0.360438 4105
6 7 53 24.1114 1.01751 3.82058 0.365572 9939
6 7 54 22.352 0.71835 3.10943 0.341848 12435
6 7 55 23.6992 0.590645 3.16262 0.466192 5584
6 7 56 25.6105 0.727052 3.89567 0.342404 7076
6 7 57 24.6229 0.667628 4.00444 0.302339 7498
6 7 58 23.0012 0.614902 3.21302 0.443899 6853
6 7 59 24.3692 0.735979 3.72292 0.393593 6326
6 7 60 24.609 0.797815 3.81009 0.293792 8733
6 7 61 24.7357 0.592534 3.86748 0.425864 6341
6 7 62 23.786 0.690699 3.86621 0.297433 6409
6 7 63 23.6126 0.619862 3.57484 0.410477 6436
6 8 0 21.7007 0.381101 2.76137 0.504025 2117
6 8 1 20.2669 0.312192 2.40765 0.598178 11216
6 8 2 20.097 0.315006 2.41279 0.503681 12238
6 8 3 19.3953 0.277441 2.26016 0.489227 14516
6 8 4 20.4528 0.316738 2.4608 0.446768 12682
6 8 5 19.7338 0.259188 2.3022 0.404558 13092
6 8 6 19.8684 0.300088 2.34779 0.426783 12938
6 8 7 20.5102 0.387877 2.73466 0.508709 15040
6 8 8 19.6591 0.260304 2.18043 0.469017 12504
6 8 9 19.5861 0.296125 2.37766 0.69231 14360
6 8 10 19.9733 0.293216 2.44901 0.548238 12620
6 8 11 19.9899 0.310243 2.42262 0.47994 14113
6 8 12 19.6975 0.273347 2.19557 0.442617 11887
6 8 13 20.1221 0.343678 2.63845 0.492473 16887
6 8 14 19.6127 0.298601 2.46742 0.607947 12344
6 8 15 19.6637 0.29327 2.3296 0.472838 15448
6 8 16 20.5271 0.45141 2.85402 0.595129 11198
6 8 17 20.0483 0.279022 2.41055 0.517151 13318
6 8 18 20.0911 0.304609 2.39508 0.463118 15154
6 8 19 20.3812 0.331661 2.47762 0.817424 16514
6 8 20 20.7397 0.418642 2.72388 0.685471 14324
6 8 21 20.6755 0.384769 2.71846 0.477629 6150
6 8 22 20.4744 0.370461 2.77171 0.502337 5797
6 8 23 21.7957 0.356779 2.31648 0.43159 1607
6 8 24 20.4221 0.277925 2.41371 0.440343 12622
6 8 25 21.3283 0.398705 2.70494 0.493134 16923
6 8 26 21.1524 0.333965 2.53665 0.53998 12733
6 8 27 23.1317 0.381525 2.80047 0.605549 3175
6 8 28 20.4525 0.290412 2.33446 0.468376 19057
6 8 29 20.4234 0.407124 2.47337 0.646577 16422
6 8 30 22.7286 0.487016 2.14381 0.399123 1724
6 8 31 22.3432 0.471424 2.40143 1.01532 5020
6 8 32 20.2761 0.327524 2.46238 0.47377 20794
6 8 33 22.6466 0.454708 2.19848 0.396051 1705
6 8 34 21.0121 0.316613 2.64311 0.438662 15232
6 8 35 21.5189 0.421812 2.7816 0.581872 24746
6 8 36 21.1009 0.36141 2.59974 0.456605 18497
6 8 37 22.1321 0.478512 2.25128 0.454932 1759
6 8 38 21.6557 0.373827 3.06069 0.452882 10671
6 8 39 19.8073 0.427288 2.69247 0.448647 22431
6 8 40 22.7429 0.45647 2.53412 0.518211 1420
6 8 41 20.0568 0.361851 2.4526 0.426561 21480
6 8 42 22.7373 0.461736 2.24391 0.454139 1625
6 8 43 23.3029 0.434901 2.62328 0.476546 2172
6 8 44 20.661 0.355089 2.57703 0.420157 23063
6 8 45 20.8091 0.450111 2.69389 0.516922 21032
6 8 46 22.9066 0.372342 2.4742 0.513233 2102
6 8 47 20.7573 0.469387 2.77323 0.584566 33071
6 8 48 21.8393 0.546886 2.23334 0.349099 1649
6 8 49 22.0974 0.442858 2.23171 0.584528 2226
6 8 50 22.5439 0.455734 2.3777 0.526247 2120
6 8 51 21.0422 0.593694 2.90717 0.78043 21806
6 8 52 24.2774 0.588721 2.54041 0.621089 2326
6 8 53 20.8118 0.613603 3.05967 0.571758 24441
6 8 54 21.2307 0.411532 2.73787 0.632911 18058
6 8 55 23.3397 0.468195 3.07423 0.656977 5698
6 8 56 20.8668 0.681781 3.07867 0.558743 22153
6 8 57 20.7437 0.526261 2.80967 0.595961 23223
6 8 58 23.7523 0.374022 3.16586 0.541234 4295
6 8 59 22.3899 0.519779 2.52227 0.497999 2737
6 8 60 20.1898 0.484731 2.95579 0.523518 23491
6 8 61 23.614 0.409658 2.93115 0.725498 3788
6 8 62 23.0635 0.382418 3.31085 0.408053 5121
6 8 63 23.4129 0.454783 3.02548 0.630326 4136
6 9 0 0 -10 0 0 0
6 9 1 0 -10 0 0 0
6 9 2 0 -10 0 0 0
6 9 3 0 -10 0 0 0
6 9 4 0 -10 0 0 0
6 9 5 0 -10 0 0 0
6 9 6 0 -10 0 0 0
6 9 7 0 -10 0 0 0
6 9 8 0 -10 0 0 0
6 9 9 0 -10 0 0 0
6 9 10 0 -10 0 0 0
6 9 11 0 -10 0 0 0
6 9 12 0 -10 0 0 0
6 9 13 0 -10 0 0 0
6 9 14 0 -10 0 0 0
6 9 15 0 -10 0 0 0
6 9 16 0 -10 0 0 0
6 9 17 0 -10 0 0 0
6 9 18 0 -10 0 0 0
6 9 19 0 -10 0 0 0
6 9 20 0 -10 0 0 0
6 9 21 0 -10 0 0 0
6 9 22 0 -10 0 0 0
6 9 23 0 -10 0 0 0
6 9 24 0 -10 0 0 0
6 9 25 0 -10 0 0 0
6 9 26 0 -10 0 0 0
6 9 27 0 -10 0 0 0
6 9 28 0 -10 0 0 0
6 9 29 0 -10 0 0 0
6 9 30 0 -10 0 0 0
6 9 31 0 -10 0 0 0
6 9 32 0 -10 0 0 0
6 9 33 0 -10 0 0 0
6 9 34 0 -10 0 0 0
6 9 35 0 -10 0 0 0
6 9 36 0 -10 0 0 0
6 9 37 0 -10 0 0 0
6 9 38 0 -10 0 0 0
6 9 39 0 -10 0 0 0
6 9 40 0 -10 0 0 0
6 9 41 0 -10 0 0 0
6 9 42 0 -10 0 0 0
6 9 43 0 -10 0 0 0
6 9 44 0 -10 0 0 0
6 9 45 0 -10 0 0 0
6 9 46 0 -10 0 0 0
6 9 47 0 -10 0 0 0
6 9 48 0 -10 0 0 0
6 9 49 0 -10 0 0 0
6 9 50 0 -10 0 0 0
6 9 51 0 -10 0 0 0
6 9 52 0 -10 0 0 0
6 9 53 0 -10 0 0 0
6 9 54 0 -10 0 0 0
6 9 55 0 -10 0 0 0
6 9 56 0 -10 0 0 0
6 9 57 0 -10 0 0 0
6 9 58 0 -10 0 0 0
6 9 59 0 -10 0 0 0
6 9 60 0 -10 0 0 0
6 9 61 0 -10 0 0 0
6 9 62 0 -10 0 0 0
6 9 63 0 -10 0 0 0
6 10 0 22.454 0.586816 3.31017 0.94412 19954
6 10 1 25.1206 0.34953 3.68793 0.580283 5639
6 10 2 20.7326 0.332297 2.80957 0.717337 22492
6 10 3 20.7635 0.287582 2.6995 0.564073 24768
6 10 4 22.9844 0.365093 3.37458 0.559277 8774
6 10 5 22.2862 0.439441 2.92136 0.859525 11926
6 10 6 21.2182 0.358435 2.76897 0.847217 22158
6 10 7 20.7869 0.351651 2.78762 0.657446 30833
6 10 8 22.9141 0.350408 3.32273 0.546084 8488
6 10 9 21.9188 0.418305 2.94865 0.798659 22656
6 10 10 20.9532 0.296755 2.67989 0.756117 24655
6 10 11 23.1215 0.415992 3.47717 0.601973 10175
6 10 12 20.6993 0.264977 2.58713 0.519121 22471
6 10 13 20.7021 0.33115 2.599 0.672731 28108
6 10 14 21.0078 0.287653 2.73793 0.739211 22756
6 10 15 21.2535 0.322134 2.70486 0.603764 22696
6 10 16 21.7461 0.430584 2.95396 0.885582 29070
6 10 17 22.7952 0.382319 3.3219 0.650183 9913
6 10 18 21.0377 0.282054 2.58897 0.753942 23399
6 10 19 22.4142 0.40274 3.60213 0.487355 15286
6 10 20 21.4406 0.386599 2.7744 0.841669 18854
6 10 21 22.0937 0.421855 2.92968 0.783777 20822
6 10 22 20.7632 0.267977 2.50192 0.633059 24819
6 10 23 21.858 0.384013 2.99469 0.712234 19359
6 10 24 21.957 0.429347 3.19839 0.63885 12507
6 10 25 21.4354 0.342058 2.87192 0.652066 30135
6 10 26 26.1046 0.332687 3.34079 0.699345 4783
6 10 27 20.8975 0.271742 2.58896 0.559224 24488
6 10 28 21.1372 0.335178 2.6882 0.646895 25782
6 10 29 22.0907 0.351035 3.22506 0.682156 11065
6 10 30 23.5848 0.372647 2.43848 0.635694 1726
6 10 31 20.6529 0.277785 2.59956 0.517229 33716
6 10 32 20.9184 0.325494 2.57401 0.586794 26858
6 10 33 20.6347 0.251033 2.47704 0.632668 24285
6 10 34 22.1248 0.417876 3.16847 0.734749 20578
6 10 35 21.5489 0.372785 2.95031 0.692093 31791
6 10 36 21.7271 0.343144 2.70974 0.778168 20661
6 10 37 21.1856 0.305588 2.64772 0.71076 18202
6 10 38 21.164 0.346839 2.83608 0.636679 31798
6 10 39 21.3892 0.303874 2.74351 0.668188 26298
6 10 40 24.7691 0.343757 3.05418 0.687264 4042
6 10 41 21.3337 0.388725 3.24141 0.466865 13961
6 10 42 21.5045 0.339272 2.76456 0.660427 22642
6 10 43 20.7958 0.291678 2.57749 0.690931 23464
6 10 44 20.423 0.340873 2.68661 0.647071 28557
6 10 45 21.5573 0.332676 2.71024 0.660924 25796
6 10 46 24.5069 0.315823 3.37776 1.18398 5395
6 10 47 21.37 0.546798 3.09319 0.89241 29600
6 10 48 23.3929 0.310413 2.95525 0.977973 5648
6 10 49 22.8178 0.31832 3.1394 0.485506 7190
6 10 50 20.4804 0.288434 2.64476 0.565641 29125
6 10 51 21.238 0.33479 2.90834 0.718456 21332
6 10 52 20.7759 0.320701 2.65444 0.69441 22302
6 10 53 21.3832 0.373497 2.84392 0.797698 26571
6 10 54 19.8769 0.295679 2.63018 0.563793 26799
6 10 55 20.6391 0.274187 2.57064 0.611903 21375
6 10 56 22.6912 0.603236 3.19149 0.915679 20651
6 10 57 20.9145 0.306802 2.62614 0.864243 22093
6 10 58 21.7615 0.40201 3.19245 0.616728 11880
6 10 59 23.8734 0.342599 3.36932 0.538735 4766
6 10 60 20.4292 0.311839 2.75932 0.599677 27518
6 10 61 20.1726 0.371638 2.86653 0.794291 23807
6 10 62 21.417 0.425529 2.92559 0.926591 21009
6 10 63 19.72 0.308683 2.59678 0.749685 23433
6 11 0 21.5 -2 0 0 16866
6 11 1 25.8125 1.22384 4.09122 0.37748 14964
6 11 2 24.2219 0.885896 3.4186 0.48347 13254
6 11 3 24.2317 0.797401 3.38181 0.34273 9361
6 11 4 28.615 0.604784 4.03235 0.279555 4017
6 11 5 24.9729 0.532224 3.48564 0.55855 6305
6 11 6 24.5112 1.19415 3.6413 0.386546 12223
6 11 7 26.6688 0.550396 3.63989 0.241666 3080
6 11 8 25.3005 0.833111 3.27481 0.383931 9987
6 11 9 25.1318 0.79421 3.63451 0.388812 8961
6 11 10 24.018 0.700783 3.32963 0.413228 8582
6 11 11 26.84 0.547434 3.80093 0.351681 5393
6 11 12 24.0611 0.652089 3.13639 0.390545 10605
6 11 13 26.276 0.453019 3.08863 0.409159 2879
6 11 14 26.5291 0.987973 4.26955 0.355395 16006
6 11 15 24.2425 0.740588 3.22443 0.392492 9630
6 11 16 25.6381 1.06635 3.69167 0.494593 6483
6 11 17 27.0485 0.757717 3.9335 0.357588 11282
6 11 18 24.3133 0.733303 3.26371 0.423001 10260
6 11 19 24.7639 0.770618 3.23463 0.527953 7743
6 11 20 27.8042 0.611498 4.18971 0.346591 5513
6 11 21 25.4128 1.07593 3.80858 0.406651 10103
6 11 22 25.252 0.569575 3.36042 0.418492 4449
6 11 23 27.8186 0.528939 2.95341 0.290291 2358
6 11 24 26.9659 0.559163 3.56579 0.265033 5582
6 11 25 25.5 -2 0 0 3316
6 11 26 26.332 0.607104 2.60665 0.375861 2370
6 11 27 27.572 0.453554 3.34562 0.264065 2938
6 11 28 26.0075 0.554361 3.56215 0.326738 3997
6 11 29 26.8234 0.576025 2.33839 0.418901 1754
6 11 30 26.3641 0.482604 2.68434 0.442781 1620
6 11 31 27.2331 0.592448 3.99508 0.255215 3704
6 11 32 25.3705 0.498136 3.50227 0.47627 3985
6 11 33 25.4114 0.873633 3.56603 0.45716 9688
6 11 34 28.322 1.58347 4.37919 0.434061 15693
6 11 35 25.892 0.451485 2.64659 0.401026 964
6 11 36 27.8101 0.533858 3.03086 0.274772 1322
6 11 37 28.1852 0.631804 3.16539 0.316525 1767
6 11 38 25.677 0.604772 3.67031 0.712087 4607
6 11 39 27.3666 0.483147 3.13102 0.340621 1495
6 11 40 28.6404 0.678565 3.06006 0.436597 2066
6 11 41 26.3974 0.794771 3.88278 0.308383 8174
6 11 42 27.4521 0.449272 2.83383 0.335146 1593
6 11 43 26.4649 0.693506 2.53923 0.408188 2233
6 11 44 24.0257 0.459943 2.58499 0.242769 536
6 11 45 26.5803 0.497392 2.39635 0.4075 981
6 11 46 28.746 0.572602 3.77801 0.249921 5031
6 11 47 26.649 0.644657 4.18791 0.283907 4067
6 11 48 27.641 0.50476 2.7883 0.256404 1421
6 11 49 27.7785 0.570089 2.89279 0.414872 1822
6 11 50 61.5 -2 0 0 656
6 11 51 28.3491 0.514664 3.48644 0.412922 3791
6 11 52 27.8472 0.698022 2.53018 0.396876 2130
6 11 53 25.9133 0.503446 3.21381 0.394665 2381
6 11 54 5.5 -2 0 0 1212
6 11 55 28.0737 0.518052 3.66017 0.447913 5041
6 11 56 26.9598 0.475276 3.06752 0.233756 1745
6 11 57 28.0971 0.643833 2.84367 0.48347 2141
6 11 58 24.534 0.61606 2.86315 0.412644 1811
6 11 59 25.428 1.55242 4.31858 0.396423 18068
6 11 60 27.4416 0.605388 3.23774 0.4313 1958
6 11 61 27.1064 0.710955 3.28879 0.475739 3237
6 11 62 27.0369 0.589032 3.95086 0.365312 6494
6 11 63 24.2969 1.14516 4.0809 0.332662 13854
6 12 0 24.9489 0.808472 3.73046 0.541531 20547
6 12 1 23.0857 0.44941 2.82316 0.556561 20999
6 12 2 24.434 0.71518 3.42882 0.529943 20875
6 12 3 24.6385 0.630199 3.34337 0.406699 11817
6 12 4 25.4443 0.604417 2.33873 0.801697 2645
6 12 5 24.7693 0.401381 3.42788 0.363499 7149
6 12 6 25.2423 0.723213 3.75194 0.547377 21072
6 12 7 24.1673 0.683197 3.45644 0.574687 25423
6 12 8 22.7362 0.468697 2.9562 0.738551 18694
6 12 9 23.7745 0.583666 3.22462 0.561892 25193
6 12 10 23.1944 0.547596 2.94791 0.567173 27208
6 12 11 25.3084 0.392377 3.08719 0.568338 5483
6 12 12 23.9418 0.488832 3.47432 0.44092 10016
6 12 13 24.5878 0.633972 3.55269 0.456452 12509
6 12 14 25.5538 0.500868 3.93352 0.320004 8185
6 12 15 25.2522 0.456867 3.51235 0.503133 9383
6 12 16 25.6662 0.901263 4.01684 0.646528 26587
6 12 17 26.0001 0.384716 3.32233 0.362929 5169
6 12 18 25.6084 0.755689 3.45497 0.554296 15167
6 12 19 25.0109 0.580925 3.54877 0.445293 11768
6 12 20 25.2897 0.434136 2.57268 0.432626 1783
6 12 21 25.2209 0.684586 3.60015 0.54018 23319
6 12 22 25.0007 0.456242 3.46577 0.565968 9380
6 12 23 26.0544 0.573606 2.5287 0.656819 2382
6 12 24 26.1473 0.616506 3.44991 0.502 14398
6 12 25 23.4637 0.505948 3.06607 0.468202 24064
6 12 26 25.2045 0.966432 3.78422 0.659801 17167
6 12 27 25.8278 0.792367 3.28406 0.691206 15413
6 12 28 24.1441 0.54567 3.10735 0.5441 19314
6 12 29 25.6628 0.772475 3.34927 0.670586 14161
6 12 30 25.8376 0.462039 2.62311 0.49099 1730
6 12 31 25.3346 0.737634 3.58709 0.509297 18279
6 12 32 26.3144 0.53472 3.78373 0.374191 8465
6 12 33 23.9356 0.718667 3.16518 0.583087 17626
6 12 34 25.7424 0.408951 3.48446 0.902986 6752
6 12 35 24.2299 0.536193 3.1364 0.51148 17877
6 12 36 25.0017 0.428619 2.13749 0.829073 1521
6 12 37 27.0187 0.454937 2.2359 0.77355 1582
6 12 38 24.6456 0.522189 3.31003 0.588323 15614
6 12 39 25.5 -2 0 0 12901
6 12 40 26.1203 0.512874 2.54554 0.546445 1855
6 12 41 24.1249 0.491542 3.11428 0.510113 15417
6 12 42 26.5975 0.344367 2.78303 0.371842 2237
6 12 43 25.6208 0.455083 3.49294 0.645989 6330
6 12 44 24.515 0.548291 3.43081 0.533244 9695
6 12 45 25.2643 0.597502 3.53481 0.438337 8425
6 12 46 25.8005 0.528433 3.69861 0.57658 7234
6 12 47 24.2031 0.837837 3.3241 0.662268 16702
6 12 48 23.8135 0.498341 2.97561 0.638733 16241
6 12 49 24.9939 0.433902 3.39472 0.616626 6614
6 12 50 23.1693 0.388324 2.80364 0.463808 15024
6 12 51 26.17 0.572485 4.02081 0.382519 5761
6 12 52 25.745 0.471494 3.74982 0.43063 5776
6 12 53 24.5509 0.576476 3.34708 0.616398 13430
6 12 54 23.6554 0.496521 3.06185 0.474103 13658
6 12 55 25.8492 0.497507 3.65395 0.579113 5453
6 12 56 25.6858 0.501955 3.75904 0.441368 5220
6 12 57 24.6057 0.702825 3.71363 0.598705 12323
6 12 58 25.2393 0.420132 3.31307 0.63398 4560
6 12 59 26.5613 0.557007 3.91912 0.461879 6508
6 12 60 23.4703 0.672442 2.94606 0.741103 13253
6 12 61 26.0059 1.43598 4.27206 0.753108 10951
6 12 62 25.2747 0.625557 4.09254 0.437278 6756
6 12 63 24.8804 0.472355 3.60124 0.580516 6153
6 13 0 22.9143 0.865737 3.60955 0.447405 7630
6 13 1 21.5 -2 0 0 6042
6 13 2 21.8252 0.448756 2.75208 0.472 10075
6 13 3 24.8428 0.480816 3.29969 0.50555 2575
6 13 4 25.6693 0.466209 3.26778 0.335939 1978
6 13 5 24.7939 0.422928 3.30282 0.425198 3000
6 13 6 21.9392 0.475458 2.93175 0.645425 5192
6 13 7 23.0396 0.5438 3.05346 0.43923 1136
6 13 8 21.709 0.435964 3.05397 0.666317 5362
6 13 9 21.5 -2 0 0 4997
6 13 10 23.3744 0.479745 3.02477 0.509195 3854
6 13 11 25.6347 0.515842 3.04459 0.383068 1619
6 13 12 23.079 0.427711 3.16971 0.503431 3360
6 13 13 23.1027 0.505284 3.14984 0.48286 2974
6 13 14 21.7744 0.489372 2.79681 0.481909 13786
6 13 15 24.5261 0.468834 3.13447 0.549135 2936
6 13 16 21.2494 0.50337 2.90228 0.641633 3713
6 13 17 24.0474 0.484118 3.41336 0.391566 4723
6 13 18 26.3002 0.452852 3.19533 0.330661 1696
6 13 19 21.6976 0.531793 2.8634 0.67285 3477
6 13 20 22.1117 0.511887 3.1909 0.429702 4978
6 13 21 22.7411 0.620879 3.0598 0.548628 5101
6 13 22 20.8189 0.383956 2.46936 0.384668 8015
6 13 23 25.5078 0.412125 2.89759 0.504929 1723
6 13 24 23.0951 0.489303 3.53409 0.416352 5049
6 13 25 21.5131 0.48735 2.56933 0.560594 6977
6 13 26 22.9877 0.519729 3.2056 0.423202 7179
6 13 27 24.2654 0.391112 2.51454 0.517443 1420
6 13 28 21.7213 0.509106 2.78539 0.470444 3734
6 13 29 24.344 0.460592 3.13946 0.552417 4160
6 13 30 26.7561 0.483186 3.58067 0.354305 2661
6 13 31 22.6518 0.46445 2.76227 0.596582 6014
6 13 32 23.5606 0.496379 2.77563 0.462525 1962
6 13 33 23.1248 0.558796 2.94679 0.567684 4231
6 13 34 22.7349 0.506442 3.1905 0.676836 7473
6 13 35 23.2102 0.675759 2.70294 0.512314 2489
6 13 36 22.0476 0.461407 3.08967 0.371287 5954
6 13 37 24.0124 0.482076 3.31704 0.42337 3911
6 13 38 20.6207 0.352317 2.42014 0.436957 8669
6 13 39 21.7008 0.494346 2.91007 0.419741 13317
6 13 40 22.5996 0.505324 3.23373 0.477451 5350
6 13 41 20.628 0.356308 2.29695 0.413387 9572
6 13 42 21.2007 0.368596 2.62876 0.344342 12563
6 13 43 21.505 0.445468 2.77818 0.739239 6945
6 13 44 21.1508 0.358556 2.32543 0.382065 9331
6 13 45 20.4328 0.368421 2.39092 0.346123 10811
6 13 46 21.6323 0.543313 3.11435 0.515445 7786
6 13 47 22.0739 0.548767 3.31023 0.442338 5263
6 13 48 20.5102 0.420924 2.53557 0.396358 7437
6 13 49 21.2462 0.50307 2.65646 0.488285 13631
6 13 50 20.6533 0.445303 2.5629 0.482605 10746
6 13 51 21.1885 0.473321 2.6902 0.45135 19061
6 13 52 21.8013 0.527223 3.05963 0.542652 7918
6 13 53 20.3768 0.394232 2.44489 0.458759 11480
6 13 54 20.0086 0.388304 2.498 0.352963 12963
6 13 55 20.3052 0.423447 2.70943 0.381676 18273
6 13 56 20.5116 0.546175 2.64898 0.466272 14852
6 13 57 20.7706 0.522542 2.7697 0.409578 16551
6 13 58 20.2325 0.620242 2.78111 0.47638 9193
6 13 59 21.0138 0.617405 3.00785 0.39827 19109
6 13 60 20.5311 0.564719 2.85941 0.433527 11585
6 13 61 21.2422 0.708107 3.34715 0.383527 21071
6 13 62 20.1445 0.558132 2.99474 0.371658 19645
6 13 63 19.3884 0.448536 2.70496 0.48093 11832
6 14 0 20.9175 0.497621 2.93427 0.479797 13262
6 14 1 22.2357 0.562727 3.23661 0.423753 6901
6 14 2 21.6177 0.620564 3.69211 0.378159 7475
6 14 3 20.7433 0.582074 3.04323 0.475852 8501
6 14 4 19.5736 0.329416 2.28407 0.380365 12042
6 14 5 20.5312 0.424813 2.56932 0.420078 12811
6 14 6 20.4352 0.503327 2.80921 0.446346 15763
6 14 7 20.7476 0.520277 3.00385 0.363572 16176
6 14 8 20.8806 0.467126 2.75762 0.558651 6291
6 14 9 20.9926 0.52255 2.88457 0.401645 16287
6 14 10 21.7206 0.813815 3.06251 0.433232 16306
6 14 11 20.1729 0.431127 2.82109 0.555587 6225
6 14 12 21.5 -2 0 0 7856
6 14 13 20.1269 0.379322 2.45795 0.363375 12273
6 14 14 21.159 0.58767 3.02115 0.456764 7012
6 14 15 20.1933 0.347909 2.31458 0.55107 10464
6 14 16 21.9183 0.717132 3.43866 0.445246 12282
6 14 17 20.4828 0.405197 2.40282 0.535225 9405
6 14 18 20.2067 0.352988 2.49295 0.355227 12239
6 14 19 20.886 0.458867 2.83897 0.379784 13577
6 14 20 21.2941 0.452012 2.74926 0.599234 4758
6 14 21 21.027 0.414304 2.73098 0.408062 15937
6 14 22 20.6196 0.438974 2.62046 0.406503 9429
6 14 23 23.8446 0.453199 3.25544 0.590484 2664
6 14 24 20.4868 0.424156 2.57391 0.413076 11414
6 14 25 20.4658 0.356067 2.48298 0.363216 12901
6 14 26 21.0014 0.480107 2.73371 0.414697 9642
6 14 27 20.6194 0.485623 2.90301 0.541062 6307
6 14 28 20.4746 0.493833 2.72156 0.376381 10776
6 14 29 21.448 0.4887 2.87051 0.617915 4103
6 14 30 20.2002 0.47805 2.53718 0.475444 6765
6 14 31 21.1031 0.567299 2.81011 0.433832 10635
6 14 32 21.1367 0.477969 2.76835 0.545907 4970
6 14 33 20.6941 0.465733 2.66209 0.545382 5426
6 14 34 21.0481 0.434096 2.69599 0.41233 9027
6 14 35 20.3162 0.41986 2.85124 0.50549 6027
6 14 36 20.7716 0.483715 2.75675 0.504708 4926
6 14 37 23.6339 0.458872 2.65877 0.482851 1251
6 14 38 21.3284 0.610584 2.97173 0.479833 9540
6 14 39 20.4601 0.344181 2.3241 0.565213 6447
6 14 40 21.0612 0.487404 2.96164 0.496758 4059
6 14 41 20.4504 0.437232 2.39972 0.446649 9051
6 14 42 20.3547 0.444852 2.35844 0.465847 8099
6 14 43 21.3756 0.528214 3.02821 0.357554 4171
6 14 44 20.1587 0.349017 2.06164 0.647186 7594
6 14 45 21.2325 0.506982 2.80556 0.508403 4345
6 14 46 21.7941 0.560679 3.22717 0.475928 4235
6 14 47 0 -10 0 0 0
6 14 48 19.9346 0.342568 2.30829 0.415982 7776
6 14 49 21.0677 0.459414 2.97441 0.559339 3489
6 14 50 20.1266 0.361795 2.20732 0.621035 7936
6 14 51 22.0902 0.476901 3.23391 0.288533 1793
6 14 52 22.3383 0.530284 3.18 0.455134 2827
6 14 53 20.5041 0.600646 2.85058 0.464979 6770
6 14 54 19.6122 0.491576 2.50517 0.518633 4362
6 14 55 20.5025 0.51831 2.84918 0.422604 3355
6 14 56 19.6876 0.413857 2.45967 0.414986 6722
6 14 57 19.2814 0.380516 2.3501 0.480148 6388
6 14 58 21.5 -2 0 0 6478
6 14 59 20.663 0.550358 3.17935 0.390503 4122
6 14 60 19.4738 0.507103 2.45341 0.527466 4599
6 14 61 20.3358 0.631038 2.80803 0.477332 5580
6 14 62 19.2013 0.424397 2.46713 0.572122 6973
6 14 63 19.1472 0.434843 2.38052 0.43793 7127
6 15 0 23.5367 0.912542 3.68366 0.321419 2624
6 15 1 22.8623 0.642517 3.22705 0.306367 1682
6 15 2 21.7337 0.690006 3.25613 0.346509 2455
6 15 3 22.3135 0.685833 3.07847 0.309024 1996
6 15 4 20.5284 0.506961 2.41067 0.378934 4693
6 15 5 21.4169 0.715486 2.91286 0.308816 2313
6 15 6 23.6759 0.52485 2.80381 0.382776 950
6 15 7 21.9748 0.556387 3.01217 0.254212 1663
6 15 8 21.3185 0.535334 2.74041 0.355171 2631
6 15 9 21.5132 0.636465 2.73426 0.399863 2133
6 15 10 21.9373 0.646253 3.05913 0.281992 1740
6 15 11 20.4114 0.691241 2.49772 0.294525 5758
6 15 12 22.3153 0.563839 2.70566 0.413069 1942
6 15 13 20.2034 0.416325 2.20849 0.381805 4757
6 15 14 22.688 0.674964 3.11329 0.398534 2920
6 15 15 20.7945 0.561822 2.52834 0.232528 4981
6 15 16 22.5832 0.606128 2.68159 0.298484 739
6 15 17 21.5 -2 0 0 5784
6 15 18 22.1951 0.644114 3.00836 0.285412 2179
6 15 19 24.2679 0.651236 3.37216 0.22292 805
6 15 20 27.0194 0.639988 3.2688 0.321121 1180
6 15 21 22.4979 0.584493 3.23277 0.299189 1668
6 15 22 20.1833 0.482896 2.34155 0.289761 4163
6 15 23 22.1631 0.633196 2.96884 0.468312 3042
6 15 24 20.3743 0.528067 2.16729 0.345096 6169
6 15 25 23.1012 0.721986 3.30611 0.341175 1792
6 15 26 21.5088 0.628552 2.88989 0.489076 3482
6 15 27 22.3465 0.663962 2.92916 0.311047 2504
6 15 28 21.5664 0.69316 2.82462 0.339029 2653
6 15 29 21.3894 0.575239 2.66547 0.31968 5947
6 15 30 25.1835 0.624123 3.42966 0.294716 1501
6 15 31 23.9108 0.827476 3.10502 0.3106 1655
6 15 32 22.8182 0.670365 2.97153 0.281944 2223
6 15 33 21.587 0.492363 2.38889 0.383636 4289
6 15 34 22.8676 0.66467 3.29402 0.380421 3425
6 15 35 20.7439 0.492939 2.29424 0.484509 4907
6 15 36 26.265 0.598357 3.10884 0.420649 1415
6 15 37 21.2861 0.537985 2.62045 0.317715 6312
6 15 38 24.7641 0.794315 3.51986 0.280951 1695
6 15 39 25.8929 0.635875 2.92367 0.382138 1850
6 15 40 27.0089 0.600454 3.04465 0.295988 1223
6 15 41 22.2547 0.608314 2.864 0.424172 2561
6 15 42 22.7268 0.888642 3.28101 0.308331 3569
6 15 43 22.758 0.796896 3.2249 0.308764 3579
6 15 44 21.3862 0.639838 2.58513 0.392268 5437
6 15 45 21.1382 0.495497 2.45636 0.384632 5314
6 15 46 21.1301 0.73446 2.80248 0.346431 7244
6 15 47 22.6015 0.629255 3.17224 0.372535 3015
6 15 48 25.8086 0.606599 3.44839 0.353485 1575
6 15 49 21.232 0.615143 2.71928 0.29028 5248
6 15 50 20.8768 0.620352 2.55381 0.38027 6147
6 15 51 22.4853 0.769193 3.64628 0.329248 5573
6 15 52 22.5039 0.747695 3.43373 0.322573 3796
6 15 53 21.2561 0.636027 2.76089 0.434579 6195
6 15 54 21.9123 1.01557 3.40429 0.332572 3706
6 15 55 22.6565 0.804792 3.58219 0.383928 4023
6 15 56 23.6636 0.931248 3.5569 0.288866 5095
6 15 57 22.7046 0.727854 3.6181 0.233638 4921
6 15 58 20.9163 0.667103 3.09929 0.344024 4349
6 15 59 21.8109 0.734135 3.57392 0.218024 5091
6 15 60 22.8565 0.793153 3.651 0.254182 3362
6 15 61 23.2555 0.876051 3.90945 0.209546 5669
6 15 62 20.8019 0.89521 3.45319 0.418968 5665
6 15 63 20.915 0.77536 3.17555 0.243822 4522
7 0 0 22.181 0.479899 3.11507 0.691627 11909
7 0 1 20.9783 0.313239 2.45662 0.770071 10733
7 0 2 20.7033 0.308899 2.4808 0.610797 10769
7 0 3 21.3325 0.314348 2.49559 0.669136 9553
7 0 4 21.1033 0.360667 2.30985 0.56885 1604
7 0 5 21.1489 0.280981 2.38817 0.757033 9112
7 0 6 21.5 -2 0 0 10823
7 0 7 20.8661 0.284693 2.46986 0.629825 11371
7 0 8 21.7695 0.354299 2.69282 0.503476 12035
7 0 9 21.28 0.342296 2.55242 0.638005 8614
7 0 10 20.7339 0.280261 2.33777 0.835489 8340
7 0 11 21.4587 0.320777 2.58449 0.610641 12613
7 0 12 21.3027 0.315768 2.48372 0.590059 10121
7 0 13 20.771 0.282879 2.30584 0.745087 10779
7 0 14 21.796 0.375248 2.7591 0.660828 14173
7 0 15 21.3456 0.344185 2.53384 0.661904 10547
7 0 16 21.4919 0.379401 2.61137 0.67075 8054
7 0 17 21.1818 0.334582 2.55064 0.385899 7813
7 0 18 23.7867 0.343801 3.10984 0.795002 5646
7 0 19 21.4384 0.303007 2.4261 0.545902 10776
7 0 20 21.7772 0.388355 2.24066 0.413895 2479
7 0 21 21.339 0.312835 2.50996 0.617246 9438
7 0 22 20.585 0.277865 2.291 0.531511 9149
7 0 23 21.2509 0.321249 2.65932 0.659072 16424
7 0 24 21.3432 0.341726 2.60724 0.489939 12873
7 0 25 20.7712 0.271188 2.59497 0.54844 13557
7 0 26 21.7915 0.328637 2.72209 0.545313 16575
7 0 27 21.6871 0.403912 2.66712 0.743054 10269
7 0 28 21.5332 0.351751 2.52133 0.707524 11037
7 0 29 21.5 -2 0 0 6290
7 0 30 21.2034 0.333903 2.32727 0.426036 926
7 0 31 21.5861 0.333085 2.53662 0.616053 13486
7 0 32 21.8059 0.3447 2.50996 0.565564 10964
7 0 33 22.2461 0.3606 2.63298 0.65989 7645
7 0 34 22.4223 0.371455 2.85242 0.549332 19122
7 0 35 21.6775 0.26938 2.49675 0.827663 13043
7 0 36 21.7709 0.379382 2.36228 0.4619 2538
7 0 37 21.6336 0.300913 2.60553 0.777885 11547
7 0 38 21.6399 0.382492 2.638 0.533855 14361
7 0 39 22.7404 0.698271 3.2022 0.768602 20651
7 0 40 20.9018 0.286036 2.28443 0.459456 1658
7 0 41 22.3549 0.405913 2.79221 0.64695 10965
7 0 42 21.5753 0.386221 2.24528 0.664233 4643
7 0 43 21.9432 0.428702 2.89438 0.616484 16907
7 0 44 21.6424 0.321082 2.64313 0.519895 13365
7 0 45 21.691 0.400592 2.62313 0.734957 13580
7 0 46 21.4725 0.404322 2.80172 0.547357 21457
7 0 47 21.8856 0.389733 2.84055 0.658829 17123
7 0 48 21.213 0.307565 2.438 0.970565 9095
7 0 49 21.6983 0.475454 2.84661 0.732601 13182
7 0 50 21.763 0.387005 2.78871 0.657772 13069
7 0 51 21.8981 0.522898 3.04665 0.675745 23905
7 0 52 21.0655 0.397586 2.70847 0.524324 18025
7 0 53 21.5 -2 0 0 17140
7 0 54 20.428 0.40371 2.65196 0.412811 5583
7 0 55 20.8167 0.338776 2.56782 0.616419 21763
7 0 56 21.8626 0.636475 3.25849 0.656369 18235
7 0 57 22.3582 0.687312 3.33459 0.706399 19345
7 0 58 21.5079 0.411646 2.88101 0.573655 17171
7 0 59 21.5274 0.523858 3.16204 0.596129 19943
7 0 60 21.1238 0.366196 2.95296 0.5099 7920
7 0 61 24.7244 1.11045 4.30678 0.745217 21978
7 0 62 22.992 0.62032 3.69929 0.561795 20875
7 0 63 20.6643 0.374308 2.83109 0.437346 17810
7 1 0 23.2751 0.57857 3.47663 0.826831 21894
7 1 1 22.9444 0.41246 3.07962 0.782425 22686
7 1 2 22.6711 0.471457 3.15173 0.788096 23432
7 1 3 22.4305 0.395073 3.01517 0.595069 16797
7 1 4 22.1891 0.403844 3.06254 0.668801 14618
7 1 5 22.4482 0.422422 3.08359 0.613807 19540
7 1 6 22.0843 0.406813 2.99245 0.618849 23474
7 1 7 23.184 0.593815 3.31626 0.743372 20891
7 1 8 21.9375 0.319323 2.70221 0.62674 17435
7 1 9 22.2354 0.386721 2.92825 0.692822 4661
7 1 10 22.6278 0.43228 2.5883 0.710075 4002
7 1 11 21.8883 0.348502 2.77531 0.662589 18568
7 1 12 21.8541 0.348448 2.79059 0.621374 5965
7 1 13 21.845 0.363446 2.75669 0.732069 15416
7 1 14 23.0267 0.612016 3.14001 0.876069 20050
7 1 15 22.3031 0.358758 2.84756 0.727579 13112
7 1 16 22.9339 0.346306 3.15744 0.841293 9329
7 1 17 22.1166 0.344106 2.75979 0.671838 18326
7 1 18 22.1354 0.340377 2.66174 0.633776 3663
7 1 19 22.8647 0.55635 3.18092 0.69416 16856
7 1 20 21.8974 0.342308 2.80701 0.800673 11010
7 1 21 22.8132 0.383779 2.95931 0.91079 23782
7 1 22 22.0541 0.379542 2.92278 0.434481 9913
7 1 23 21.9519 0.306603 2.65125 0.624418 12797
7 1 24 22.2172 0.367895 2.79847 0.704515 19569
7 1 25 22.0578 0.360835 2.89296 0.487234 17923
7 1 26 22.8265 0.394042 2.95369 0.778266 18684
7 1 27 22.7208 0.40349 3.01145 0.60185 14660
7 1 28 21.8993 0.34042 2.78182 0.683527 14588
7 1 29 22.417 0.347537 2.8245 0.814973 14536
7 1 30 23.2324 0.461063 2.94097 0.885224 10338
7 1 31 23.0632 0.43291 3.09382 0.586148 14542
7 1 32 22.4487 0.361212 2.77986 0.586299 13785
7 1 33 22.2517 0.342087 2.65917 0.634147 13109
7 1 34 22.325 0.391096 2.92657 0.757753 17046
7 1 35 22.4616 0.399809 2.86429 0.686017 13570
7 1 36 22.4952 0.382407 2.84771 0.685284 10960
7 1 37 21.9574 0.274711 2.58971 0.664081 13001
7 1 38 22.4533 0.366212 2.87918 0.643173 11446
7 1 39 21.8982 0.298622 2.47623 0.679557 10061
7 1 40 21.5 -2 0 0 12311
7 1 41 22.3153 0.342917 2.75162 0.724472 10666
7 1 42 21.5 -2 0 0 11377
7 1 43 22.7522 0.339097 2.77367 0.71802 12149
7 1 44 21.9172 0.354668 2.79002 0.757525 9457
7 1 45 21.9209 0.337393 2.78757 0.511217 12238
7 1 46 24.6058 0.554265 4.54986 0.679034 18828
7 1 47 22.1484 0.462642 3.12282 0.731014 9475
7 1 48 21.3205 0.343474 2.64952 0.726795 11979
7 1 49 21.7468 0.300642 2.53245 0.649584 12904
7 1 50 22.4141 0.331569 2.76701 0.514531 9622
7 1 51 21.2553 0.329623 2.48096 1.08449 10095
7 1 52 22.5243 0.362935 2.75699 0.628803 11542
7 1 53 22.2649 0.406218 2.89342 0.826534 7288
7 1 54 21.2028 0.301 2.5694 0.769981 10733
7 1 55 22.2907 0.392539 2.85408 0.797892 9833
7 1 56 21.9334 0.437547 3.00229 0.701819 8794
7 1 57 21.1236 0.290607 2.53564 0.897084 11793
7 1 58 20.9099 0.302468 2.61224 0.679359 12204
7 1 59 17.692 0.263504 0.217974 0.228244 330
7 1 60 21.2143 0.370251 2.73775 0.63243 9453
7 1 61 22.4219 0.508223 3.44329 0.791513 11506
7 1 62 22.3272 0.347939 3.03527 0.525106 4519
7 1 63 21.0593 0.326373 2.79121 0.409057 11014
7 2 0 21.44 0.423044 3.16099 0.757954 23678
7 2 1 21.1677 0.416763 3.02592 0.819172 21148
7 2 2 21.2456 0.374773 2.90692 0.770188 22155
7 2 3 20.4026 0.302382 2.65023 0.592274 16320
7 2 4 20.2721 0.305871 2.62333 0.671705 15913
7 2 5 20.4255 0.288772 2.61628 0.562405 18974
7 2 6 20.5355 0.330448 2.80686 0.679861 20533
7 2 7 21.4912 0.36216 2.836 0.82819 12878
7 2 8 20.5869 0.312856 2.62872 0.655985 21224
7 2 9 20.8653 0.320333 2.71945 0.790911 19913
7 2 10 20.4584 0.310096 2.69855 0.711464 15527
7 2 11 20.424 0.276598 2.4895 0.700115 18721
7 2 12 20.8733 0.322808 2.60382 0.743627 19435
7 2 13 20.5196 0.249726 2.4503 0.621973 13970
7 2 14 21.6977 0.377539 2.86788 0.769176 23791
7 2 15 20.7087 0.259956 2.53518 0.769324 15242
7 2 16 21.8195 0.382228 2.72656 0.8495 13790
7 2 17 20.5801 0.320177 2.66317 0.715318 21093
7 2 18 20.5742 0.281162 2.52157 0.646216 15062
7 2 19 20.3643 0.26309 2.50628 0.61514 16400
7 2 20 20.4697 0.261535 2.46823 0.670957 17696
7 2 21 21.2496 0.3096 2.69247 0.764002 21841
7 2 22 20.6928 0.306119 2.57812 0.733985 14498
7 2 23 20.6939 0.310088 2.6045 0.650848 14150
7 2 24 20.668 0.36393 2.83924 0.666399 21944
7 2 25 20.9735 0.274481 2.54544 0.90837 13236
7 2 26 21.6507 0.364816 2.92897 0.733851 26536
7 2 27 20.9027 0.290645 2.45032 0.583765 5714
7 2 28 20.2187 0.282392 2.47443 0.714901 15298
7 2 29 21.0046 0.333632 2.76408 0.671879 18970
7 2 30 20.4396 0.265158 2.53939 0.634698 14443
7 2 31 20.7572 0.261983 2.48155 0.581814 14734
7 2 32 20.8403 0.299664 2.55466 0.586598 14719
7 2 33 20.5967 0.26121 2.44664 0.586853 17328
7 2 34 21.4374 0.38777 2.85482 0.515865 14042
7 2 35 20.4166 0.26883 2.56013 0.699831 13921
7 2 36 21.3603 0.314785 2.53667 0.745419 10428
7 2 37 20.4429 0.269204 2.13724 0.73715 6625
7 2 38 20.7615 0.300097 2.6667 0.548289 13845
7 2 39 22.0421 0.548073 3.08187 0.779486 16051
7 2 40 20.847 0.335106 2.69206 0.777332 17989
7 2 41 21.0798 0.269043 2.49443 0.597363 13486
7 2 42 21.6637 0.383254 2.86471 0.683272 16029
7 2 43 20.4906 0.280809 2.53559 0.527877 13225
7 2 44 20.0885 0.295382 2.5181 0.654792 13838
7 2 45 20.8476 0.306047 2.5911 0.647668 14265
7 2 46 21.694 0.443475 3.01682 0.721561 23423
7 2 47 21.0374 0.357111 2.82715 0.744708 11376
7 2 48 20.4493 0.299561 2.51505 0.663246 17275
7 2 49 20.3607 0.323658 2.68864 0.628549 18827
7 2 50 20.941 0.456451 2.88335 0.732853 14460
7 2 51 21.1611 0.398387 2.91403 0.658381 20756
7 2 52 20.288 0.307214 2.56684 0.587493 24959
7 2 53 21.1096 0.361744 2.80659 0.626264 14069
7 2 54 20.4274 0.376213 2.72855 0.606048 15778
7 2 55 20.3747 0.332971 2.64583 0.731043 20887
7 2 56 20.7266 0.418201 2.86749 0.771973 17390
7 2 57 21.262 0.419603 3.00559 0.615781 21887
7 2 58 20.543 0.351973 2.82573 0.495191 18135
7 2 59 20.7553 0.445424 3.1338 0.606489 24565
7 2 60 20.9464 0.459967 3.01852 0.670078 14166
7 2 61 20.7929 0.502845 3.48199 0.526734 25668
7 2 62 21.598 0.542608 3.20375 0.659146 21431
7 2 63 19.8235 0.375249 2.79159 0.827827 17378
7 3 0 24.0924 0.621075 3.67927 0.940029 21960
7 3 1 23.6047 0.403725 3.22476 0.797801 22929
7 3 2 23.2807 0.483674 3.39514 0.769358 22402
7 3 3 22.2653 0.292714 2.78804 0.571834 25440
7 3 4 22.8113 0.34846 2.8864 0.811544 6340
7 3 5 22.3858 0.29757 2.72935 0.824252 24359
7 3 6 23.2676 0.413083 3.23427 0.822187 22759
7 3 7 22.4599 0.362283 3.07815 0.772419 29134
7 3 8 26.1271 0.609718 3.7387 0.892417 15372
7 3 9 23.5479 0.414162 3.18983 0.91065 23989
7 3 10 23.3307 0.453335 3.3039 0.871309 24761
7 3 11 22.9579 0.355919 3.02876 0.888053 21669
7 3 12 22.7414 0.311265 2.86187 0.647737 22670
7 3 13 22.6183 0.330877 2.86853 0.642344 24151
7 3 14 22.7139 0.350358 3.07443 0.716336 26247
7 3 15 22.8114 0.355974 2.96831 0.644702 23271
7 3 16 24.1587 0.595896 3.54219 0.955791 26701
7 3 17 22.4078 0.296981 2.71029 0.60509 20500
7 3 18 23.9708 0.355174 2.90192 0.767958 4509
7 3 19 22.538 0.352581 3.09846 0.761696 28304
7 3 20 23.0158 0.277534 2.85153 0.608053 6530
7 3 21 23.3617 0.352379 3.05635 0.723806 27553
7 3 22 22.5766 0.338973 2.91882 0.615969 26986
7 3 23 24.0389 0.323985 3.04044 0.658065 3187
7 3 24 23.4223 0.385123 3.05046 0.662846 22347
7 3 25 23.197 0.373195 3.1825 0.713666 27087
7 3 26 24.0853 0.505134 3.51091 0.893552 15967
7 3 27 23.2165 0.367553 3.07654 0.646701 5206
7 3 28 23.0393 0.359814 2.93766 0.729263 26889
7 3 29 23.0712 0.328882 3.06334 0.714703 16644
7 3 30 22.8751 0.319486 2.96679 0.713511 3042
7 3 31 23.4278 0.410811 3.06825 0.8011 26370
7 3 32 23.1879 0.348452 2.95205 0.800084 23928
7 3 33 23.7113 0.343846 2.99364 0.768379 5160
7 3 34 23.9966 0.402094 3.20555 0.848886 20158
7 3 35 22.6107 0.310202 2.89747 0.741665 28913
7 3 36 23.2956 0.350821 2.81562 0.666849 3353
7 3 37 23.2838 0.366765 3.06775 0.701845 13654
7 3 38 23.5233 0.358302 3.07969 0.621098 26125
7 3 39 23.8661 0.460486 3.33647 0.880194 22544
7 3 40 23.3308 0.336955 2.64519 0.962318 4191
7 3 41 22.8945 0.356629 2.8562 0.690725 22790
7 3 42 22.623 0.328593 2.8637 0.764289 24515
7 3 43 22.9008 0.319052 3.1459 0.489811 10786
7 3 44 22.7407 0.350291 2.93918 0.730712 24730
7 3 45 23.1443 0.321431 2.9935 0.688959 23557
7 3 46 23.4943 0.324364 3.21331 0.516215 6180
7 3 47 23.3646 0.483259 3.34966 0.955267 28000
7 3 48 22.7944 0.292737 2.88824 0.589016 8054
7 3 49 23.0557 0.328337 2.88329 0.940653 22440
7 3 50 23.4568 0.336066 3.11494 0.531611 12633
7 3 51 23.8194 0.563131 3.43517 0.94066 20796
7 3 52 22.9165 0.408008 2.99493 0.790414 23622
7 3 53 24.1919 0.355206 3.1936 0.608476 14616
7 3 54 23.6347 0.367288 3.03524 0.81989 22305
7 3 55 23.1964 0.36871 3.08888 0.623045 21629
7 3 56 22.4891 0.387757 3.06154 0.845849 23104
7 3 57 22.3197 0.406468 3.17652 0.86594 22476
7 3 58 22.3432 0.35117 2.84639 0.723102 22864
7 3 59 22.651 0.424416 3.20977 0.886469 21385
7 3 60 22.9184 0.317085 3.34388 0.626479 7798
7 3 61 23.1429 0.574667 3.52578 1.02411 21573
7 3 62 22.5982 0.371598 2.97136 0.969796 22831
7 3 63 22.0436 0.340735 2.91755 0.754196 20524
7 4 0 23.9012 0.694599 3.68675 0.495306 23284
7 4 1 23.1103 0.704265 3.27479 0.483096 22438
7 4 2 22.4382 0.450189 3.02317 0.592177 12050
7 4 3 21.9856 0.444801 2.81217 0.455091 13166
7 4 4 22.5765 0.517362 2.351 0.432109 1856
7 4 5 21.4908 0.365767 2.65645 0.383203 8646
7 4 6 22.8063 0.56164 3.04362 0.567581 17871
7 4 7 21.8194 0.440983 2.70771 0.431285 12237
7 4 8 23.1095 0.56268 3.11248 0.4923 18672
7 4 9 22.6935 0.463592 2.99702 0.508296 15992
7 4 10 22.6373 0.558715 3.28248 0.585474 13232
7 4 11 22.7754 0.521814 2.56169 0.465421 2512
7 4 12 22.9906 0.562307 3.20099 0.442516 14442
7 4 13 22.1871 0.342606 2.68555 0.469091 11740
7 4 14 22.5176 0.474025 3.07943 0.451366 23764
7 4 15 22.3301 0.457576 2.39762 0.608516 2891
7 4 16 21.8561 0.414737 2.80324 0.5523 12705
7 4 17 22.8313 0.369039 2.80816 0.571165 3522
7 4 18 22.5758 0.401535 2.60129 0.482684 2120
7 4 19 21.8753 0.400391 2.70399 0.464693 11608
7 4 20 22.0029 0.441557 2.21439 0.450257 1098
7 4 21 22.689 0.444687 3.0706 0.377106 17070
7 4 22 22.1795 0.366615 2.54245 0.905287 12027
7 4 23 21.7862 0.389809 2.36735 0.579765 3327
7 4 24 22.1096 0.48178 3.04877 0.403332 19731
7 4 25 22.4483 0.449407 2.81648 0.535485 10203
7 4 26 23.6154 0.577363 3.28983 0.454392 12593
7 4 27 22.7517 0.430535 2.74103 0.343167 2127
7 4 28 22.5268 0.439259 2.87649 0.408018 10952
7 4 29 22.9408 0.390733 2.84944 0.388159 3933
7 4 30 22.4937 0.455051 2.23272 0.448661 1228
7 4 31 22.011 0.366818 2.73004 0.425819 9878
7 4 32 22.0207 0.379392 2.64873 0.516828 10333
7 4 33 22.4838 0.502375 2.65465 0.500074 1896
7 4 34 23.3557 0.663404 3.55305 0.512963 17268
7 4 35 21.8778 0.413857 2.79633 0.502401 10025
7 4 36 22.5132 0.419018 2.49026 0.443927 1699
7 4 37 22.9742 0.561988 3.20771 0.548308 11154
7 4 38 21.93 0.402343 2.87966 0.498263 9402
7 4 39 22.3354 0.416908 2.80693 0.772362 9986
7 4 40 22.6034 0.368161 2.41705 0.519195 2257
7 4 41 22.4438 0.398094 2.72994 0.399263 9805
7 4 42 21.893 0.35299 2.55471 0.618775 4568
7 4 43 22.9586 0.578634 3.05729 0.555414 15074
7 4 44 22.1611 0.423096 2.76839 0.436333 8216
7 4 45 21.7963 0.385921 2.64382 0.474969 10888
7 4 46 22.019 0.443575 3.01749 0.45328 18133
7 4 47 22.2708 0.479782 2.95801 0.505286 7985
7 4 48 21.8564 0.45497 2.64866 0.451455 2196
7 4 49 22.0824 0.418719 2.72432 0.474207 12717
7 4 50 21.5635 0.421191 2.68872 0.511305 9737
7 4 51 24.1637 0.912119 3.93379 0.658191 11509
7 4 52 21.523 0.407144 2.86503 0.411753 13255
7 4 53 22.1039 0.491371 2.90724 0.551017 8096
7 4 54 22.092 0.469699 2.95049 0.4313 10485
7 4 55 21.4171 0.476144 2.99082 0.583734 12129
7 4 56 21.7988 0.476764 3.03582 0.46071 11607
7 4 57 21.9372 0.434766 2.85644 0.533059 11718
7 4 58 21.1489 0.380614 2.7196 0.667574 11017
7 4 59 22.1404 0.843434 3.24765 0.544662 15349
7 4 60 21.6141 0.469202 3.14982 0.381131 9544
7 4 61 21.9987 0.555687 3.20941 0.580268 13671
7 4 62 23.0903 0.825407 3.74592 0.552958 13236
7 4 63 20.8323 0.388791 2.60723 0.412867 12555
7 5 0 21.3121 0.419878 3.00647 0.830985 13704
7 5 1 21.2142 0.34262 2.80504 0.697125 14240
7 5 2 20.7031 0.305816 2.59873 0.637916 15513
7 5 3 20.877 0.34428 2.73173 0.603788 17060
7 5 4 21.533 0.358502 2.65652 0.6626 3363
7 5 5 20.3771 0.286055 2.58431 0.575195 16789
7 5 6 20.5972 0.379172 2.90985 0.591507 18167
7 5 7 21.0993 0.334712 2.8851 0.611631 17930
7 5 8 20.8742 0.376928 2.87911 0.578399 15695
7 5 9 21.344 0.421216 3.02135 0.735411 16087
7 5 10 21.5 -2 0 0 16038
7 5 11 21.2698 0.285992 2.63489 0.587531 9811
7 5 12 20.2592 0.289183 2.71787 0.470219 15970
7 5 13 21.6379 0.325786 2.78741 0.554605 16783
7 5 14 21.5492 0.423789 3.04666 0.649656 14964
7 5 15 21.6645 0.316447 2.85418 0.612268 4998
7 5 16 21.3228 0.37892 2.92518 0.914298 17810
7 5 17 21.2173 0.312698 2.74823 0.581985 16763
7 5 18 21.2026 0.332248 2.78791 0.717758 17870
7 5 19 21.8982 0.344175 2.95396 0.683349 18417
7 5 20 21.5817 0.383052 2.32221 0.659852 2221
7 5 21 21.0313 0.358355 2.82594 0.666618 16717
7 5 22 20.2448 0.289375 2.60353 0.595651 17726
7 5 23 21.0519 0.286431 2.71451 0.568043 13314
7 5 24 20.7106 0.355724 2.82144 0.603776 14627
7 5 25 21.929 0.486659 3.15262 0.667983 19302
7 5 26 20.8258 0.335693 2.81293 0.586139 17473
7 5 27 21.6201 0.299859 2.71134 0.638739 6222
7 5 28 20.9256 0.318258 2.68388 0.64784 20598
7 5 29 21.3027 0.357927 2.74858 0.641934 17033
7 5 30 21.6779 0.519411 2.33788 0.629311 2401
7 5 31 20.7251 0.312866 2.66906 0.666222 24756
7 5 32 21.0783 0.306109 2.67393 0.51655 19234
7 5 33 21.4766 0.296682 2.76265 0.548247 12964
7 5 34 21.5138 0.371905 2.97855 0.652038 19218
7 5 35 22.2814 0.413243 3.07225 0.686289 22280
7 5 36 21.5385 0.2972 2.71007 0.659014 12993
7 5 37 21.5 -2 0 0 9571
7 5 38 22.1871 0.491807 3.29027 0.704813 24849
7 5 39 21.2683 0.375007 2.99699 0.554652 29887
7 5 40 21.4654 0.385955 3.1765 0.514053 20749
7 5 41 21.9174 0.397781 2.9951 0.653218 19206
7 5 42 21.0585 0.269716 2.67754 0.508535 10487
7 5 43 21.0037 0.37192 2.84881 0.565877 20224
7 5 44 20.9624 0.351041 2.81872 0.495033 22688
7 5 45 21.2832 0.377002 2.97167 0.604882 19620
7 5 46 21.1271 0.340165 2.76969 0.60194 20185
7 5 47 22.852 0.618096 3.52331 0.756014 28854
7 5 48 21.0225 0.336415 2.63902 0.819778 7537
7 5 49 20.753 0.316352 2.64299 0.642962 19049
7 5 50 20.965 0.351243 2.73309 0.587666 23968
7 5 51 21.5552 0.444945 3.08188 0.568261 26530
7 5 52 20.7043 0.310207 2.69167 0.581103 19475
7 5 53 21.0584 0.416821 2.97449 0.580626 27702
7 5 54 20.7951 0.356585 2.72091 0.729202 22219
7 5 55 20.4119 0.290705 2.67292 0.45448 25139
7 5 56 20.9162 0.408253 2.88778 0.599967 29712
7 5 57 21.1804 0.459646 3.18226 0.55393 25732
7 5 58 20.4326 0.373524 2.74517 0.508387 22962
7 5 59 20.8679 0.329154 2.96849 0.490129 13448
7 5 60 20.2588 0.40587 3.04737 0.549892 27444
7 5 61 22.1698 0.73962 3.57047 0.677104 24316
7 5 62 20.7724 0.429821 3.24067 0.585796 22409
7 5 63 21.3773 0.453889 3.10371 0.690581 19848
7 6 0 22.4053 0.636869 3.17786 0.395816 13589
7 6 1 22.5065 0.670064 3.34789 0.39365 11731
7 6 2 21.7929 0.603142 3.1361 0.490506 12070
7 6 3 20.6081 0.481098 2.52446 0.508643 8559
7 6 4 21.1213 0.425821 2.53482 0.407131 6975
7 6 5 20.9752 0.430793 2.66652 0.349013 9128
7 6 6 21.2571 0.41572 2.46603 0.697519 7817
7 6 7 21.2453 0.478058 2.70728 0.426063 6563
7 6 8 21.4217 0.470861 2.76039 0.346985 11064
7 6 9 22.051 0.482423 2.752 0.463686 8439
7 6 10 21.9466 0.499018 2.85782 0.426361 7937
7 6 11 21.4501 0.394024 2.56435 0.416305 3564
7 6 12 21.1258 0.387881 2.48203 0.421217 5962
7 6 13 21.5 -2 0 0 6550
7 6 14 22.6794 0.714024 3.32784 0.429296 12051
7 6 15 21.3396 0.420405 2.59747 0.407645 5832
7 6 16 21.8296 0.585145 2.91769 0.300092 7533
7 6 17 21.564 0.466803 2.527 0.46286 9804
7 6 18 21.5246 0.385465 2.55857 0.369404 5726
7 6 19 21.2853 0.46251 2.63376 0.41366 6875
7 6 20 21.4116 0.412204 2.5789 0.379719 7042
7 6 21 20.9595 0.390917 2.53855 0.630882 9981
7 6 22 20.8211 0.389097 2.37048 0.363666 7962
7 6 23 21.4174 0.497259 2.65169 0.42145 7538
7 6 24 21.7464 0.513889 2.94673 0.333357 10205
7 6 25 20.7877 0.397998 2.62601 0.371175 6687
7 6 26 21.7688 0.42076 2.63547 0.490575 10936
7 6 27 21.4931 0.386647 2.33301 0.396628 5145
7 6 28 21.5517 0.441385 2.58668 0.344591 5837
7 6 29 21.0522 0.42174 2.67575 0.327333 7125
7 6 30 21.8561 0.52554 2.55376 0.412925 5506
7 6 31 20.9844 0.417241 2.46977 0.547009 5695
7 6 32 21.4562 0.444343 2.62362 0.370541 5995
7 6 33 21.5303 0.527649 2.62989 0.449168 5203
7 6 34 21.6994 0.535411 2.84073 0.400442 10999
7 6 35 20.9037 0.371975 2.221 0.426666 5827
7 6 36 21.5951 0.529004 2.58222 0.363578 4919
7 6 37 21.1924 0.398562 2.47609 0.292836 6252
7 6 38 21.3966 0.469557 2.49521 0.405617 4716
7 6 39 21.8456 0.48815 2.63297 0.422081 5520
7 6 40 20.819 0.406074 2.37385 0.471951 5504
7 6 41 20.513 0.36784 2.3026 0.453987 5163
7 6 42 21.2186 0.425824 2.48645 0.411577 6378
7 6 43 20.5802 0.452997 2.53001 0.425045 7459
7 6 44 20.6935 0.33278 2.05682 0.526449 5709
7 6 45 21.0483 0.382939 2.29775 0.537958 6203
7 6 46 21.4592 0.469254 2.67862 0.383126 9012
7 6 47 20.3745 0.423847 2.22154 0.668393 3596
7 6 48 20.4793 0.392183 2.20286 0.463818 5043
7 6 49 21.1483 0.496728 2.67625 0.448714 5654
7 6 50 20.5958 0.346184 2.24521 0.444253 4946
7 6 51 22.0938 0.473881 2.89184 0.468003 5726
7 6 52 20.4067 0.383436 2.32348 0.685792 6770
7 6 53 20.9103 0.545775 2.70147 0.359626 4402
7 6 54 20.0017 0.370715 2.26637 0.418484 5304
7 6 55 21.1258 0.520158 2.9126 0.316463 6214
7 6 56 20.7476 0.476428 2.81139 0.365226 5096
7 6 57 20.2714 0.429105 2.49198 0.617103 5394
7 6 58 19.5745 0.414284 2.49209 0.349027 5364
7 6 59 20.4258 0.515826 2.91265 0.474464 7058
7 6 60 20.0788 0.409174 2.4923 0.433491 5554
7 6 61 20.7976 0.585033 3.04643 0.413779 6171
7 6 62 20.1646 0.532883 3.03273 0.286059 6899
7 6 63 19.9606 0.528307 2.72595 0.358836 5682
7 7 0 21.6937 0.468838 2.74238 0.607958 6628
7 7 1 21.1617 0.365859 2.5013 0.49305 7498
7 7 2 21.7042 0.379346 2.65457 0.511082 6711
7 7 3 21.31 0.382369 2.33653 0.498191 7659
7 7 4 21.5 -2 0 0 6432
7 7 5 20.958 0.320567 2.38189 0.447353 7320
7 7 6 21.4411 0.34199 2.58486 0.50652 7471
7 7 7 21.0495 0.373775 2.65157 0.470755 8370
7 7 8 22.093 0.417701 2.69447 0.473688 6576
7 7 9 21.3874 0.359307 2.57874 0.513687 6695
7 7 10 21.2763 0.415986 2.72472 0.490007 6782
7 7 11 21.5931 0.390337 2.55654 0.555901 7868
7 7 12 21.1425 0.361044 2.5549 0.39452 7222
7 7 13 21.5596 0.391931 2.70295 0.376691 8749
7 7 14 21.4519 0.319023 2.63193 0.445875 7359
7 7 15 21.0141 0.32738 2.42256 0.491571 8593
7 7 16 23.184 0.594496 3.14257 0.539327 6877
7 7 17 21.6907 0.294889 2.39879 0.628743 8412
7 7 18 20.8434 0.352989 2.55672 0.330968 6505
7 7 19 22.0692 0.397204 2.78797 0.467814 8613
7 7 20 21.4604 0.309362 2.45558 0.486574 3805
7 7 21 21.317 0.365155 2.38457 0.469814 7684
7 7 22 21.731 0.340815 2.5605 0.425628 7277
7 7 23 22.1555 0.355458 2.55766 0.433499 7552
7 7 24 21.0766 0.331408 2.4426 0.60123 7738
7 7 25 23.054 0.596068 3.02296 0.590344 9202
7 7 26 22.7113 0.640976 3.05949 0.538507 8499
7 7 27 21.2438 0.326911 2.3512 0.496923 8675
7 7 28 22.1797 0.404473 2.79167 0.444461 8721
7 7 29 22.1405 0.389258 2.67664 0.596299 8655
7 7 30 22.0887 0.431103 2.75516 0.466383 5013
7 7 31 22.3137 0.483193 2.78982 0.622976 11399
7 7 32 22.2609 0.398045 2.75362 0.333317 9780
7 7 33 22.4712 0.441887 2.92597 0.475998 8052
7 7 34 22.5152 0.363929 2.70887 0.496974 9656
7 7 35 22.21 0.433764 2.82548 0.522765 12834
7 7 36 21.7241 0.447352 2.50658 0.402803 1537
7 7 37 21.7127 0.36471 2.60019 0.57536 9002
7 7 38 22.1085 0.456069 2.90487 0.497737 15778
7 7 39 22.0927 0.401791 2.88258 0.396749 16652
7 7 40 22.0309 0.371456 2.66753 0.474759 6419
7 7 41 22.2001 0.394219 2.71233 0.483904 12144
7 7 42 21.604 0.374311 2.7036 0.443792 7628
7 7 43 21.4707 0.438703 2.6902 0.392725 10493
7 7 44 21.6412 0.356623 2.52453 0.486057 14169
7 7 45 21.5669 0.373922 2.6222 0.464164 13326
7 7 46 22.1206 0.484875 3.0357 0.454399 11748
7 7 47 22.9252 0.846423 3.56595 0.562373 18382
7 7 48 21.8399 0.382483 2.67867 0.522341 8107
7 7 49 22.2879 0.410062 2.45799 0.629575 4894
7 7 50 21.3443 0.391502 2.68115 0.408176 14422
7 7 51 22.6048 0.558696 3.19632 0.436885 15395
7 7 52 21.6561 0.433292 2.79345 0.412671 11075
7 7 53 21.878 0.487118 2.99494 0.511508 16286
7 7 54 21.2174 0.435804 2.79053 0.414574 13967
7 7 55 21.2367 0.531569 3.05056 0.450137 13077
7 7 56 21.8526 0.509866 3.2231 0.413398 16523
7 7 57 21.6728 0.452073 2.92627 0.467006 15819
7 7 58 20.6405 0.420719 2.77151 0.387813 13170
7 7 59 21.1779 0.521994 3.09519 0.457603 11689
7 7 60 21.3216 0.539475 3.13643 0.411531 17035
7 7 61 22.3348 0.724101 3.64578 0.515116 15169
7 7 62 21.3885 0.546474 3.14107 0.387369 12860
7 7 63 20.8347 0.399914 2.76054 0.323249 13870
7 8 0 22.5537 0.454741 3.09509 0.665452 9007
7 8 1 21.7301 0.361679 2.75157 0.470907 9703
7 8 2 21.3273 0.307393 2.5582 0.59117 10062
7 8 3 21.6727 0.330906 2.68327 0.434434 12556
7 8 4 21.4906 0.305088 2.61199 0.41433 12134
7 8 5 21.8316 0.315212 2.53099 0.491678 11355
7 8 6 21.1864 0.331609 2.62021 0.539122 10296
7 8 7 22.0965 0.404276 2.78607 0.667095 13599
7 8 8 21.5 -2 0 0 10014
7 8 9 21.799 0.345816 2.75678 0.59566 12126
7 8 10 19.7418 0.474006 1.02837 0.839984 247
7 8 11 21.4956 0.335419 2.62624 0.58183 11496
7 8 12 21.6268 0.293291 2.49096 0.607808 10287
7 8 13 21.6886 0.330792 2.58231 0.523786 14023
7 8 14 21.612 0.352405 2.74881 0.567764 10202
7 8 15 22.1626 0.344861 2.61238 0.757464 12718
7 8 16 21.9173 0.382019 2.89703 0.564428 13468
7 8 17 21.8347 0.345527 2.75861 0.709608 11377
7 8 18 21.7405 0.365019 2.74345 0.524942 13083
7 8 19 22.1177 0.474449 3.05372 0.589006 14705
7 8 20 22.3727 0.367834 2.66349 0.680299 9817
7 8 21 21.5735 0.386784 2.8531 0.607489 10082
7 8 22 21.6452 0.324249 2.66027 0.711977 11889
7 8 23 21.6247 0.305145 2.57743 0.630653 12537
7 8 24 22.4892 0.340432 2.8008 0.472607 10229
7 8 25 22.0507 0.395393 2.87002 0.509222 15941
7 8 26 22.6204 0.382583 2.93249 0.506398 10847
7 8 27 21.7136 0.394336 2.63851 0.534918 13510
7 8 28 22.2372 0.381346 2.74051 0.467484 14594
7 8 29 21.4467 0.301927 2.47601 0.585801 7120
7 8 30 22.3954 0.384516 2.78726 0.630267 12077
7 8 31 22.3016 0.371558 2.80774 0.691823 17453
7 8 32 22.4504 0.374654 2.78131 0.534069 16117
7 8 33 22.2692 0.379852 2.73071 0.592977 14849
7 8 34 23.1022 0.475789 3.09326 0.63891 11822
7 8 35 22.7269 0.414776 2.91346 0.57244 21574
7 8 36 21.685 0.346084 2.58183 0.596801 5354
7 8 37 22.3865 0.356442 2.75613 0.544637 11250
7 8 38 22.0301 0.369207 2.91339 0.466827 26656
7 8 39 23.1883 0.481217 3.05484 0.65426 22829
7 8 40 22.8018 0.481927 3.14034 0.722003 6308
7 8 41 21.5835 0.360573 2.74955 0.544587 19347
7 8 42 22.3114 0.374668 2.27112 0.351884 1108
7 8 43 22.3906 0.365316 2.81266 0.609563 12894
7 8 44 22.7089 0.538395 3.10527 0.595673 18850
7 8 45 21.2319 0.299586 2.52567 0.520586 14136
7 8 46 23.2067 0.572887 3.26106 0.708914 11967
7 8 47 22.7537 0.604367 3.1495 0.741066 28266
7 8 48 22.0719 0.321578 2.53926 0.391401 1464
7 8 49 22.1614 0.450519 2.94483 0.721594 14151
7 8 50 21.8155 0.46522 2.93758 0.489138 17106
7 8 51 22.5095 0.48194 2.9827 0.726031 17965
7 8 52 22.1107 0.403966 2.94406 0.59333 13091
7 8 53 23.1487 0.709273 3.48749 0.598518 20872
7 8 54 21.8197 0.488062 2.47238 0.568004 2840
7 8 55 22.3264 0.397112 2.9433 0.601262 16977
7 8 56 22.6927 0.610234 3.38537 0.665308 18427
7 8 57 21.9374 0.461673 3.02217 0.620688 19926
7 8 58 21.829 0.551363 2.30612 0.707668 2180
7 8 59 22.226 0.551819 3.42649 0.551631 13486
7 8 60 23.3921 0.793097 3.65499 0.597931 18477
7 8 61 22.6275 0.682779 3.62901 0.686064 16028
7 8 62 22.0787 0.561398 3.1035 0.765387 15825
7 8 63 21.0941 0.420599 2.2635 0.662786 3140
7 9 0 23.6869 0.666094 3.44196 0.494745 16247
7 9 1 22.2503 0.478756 3.05671 0.519533 13106
7 9 2 22.5871 0.447629 3.00131 0.614374 11197
7 9 3 22.1449 0.421354 2.79761 0.567138 7959
7 9 4 22.603 0.467463 2.74193 0.477537 1089
7 9 5 22.0443 0.473301 2.83811 0.685189 7576
7 9 6 22.6865 0.488603 3.11285 0.550698 10948
7 9 7 20.9511 0.300967 2.40321 0.534733 7428
7 9 8 22.189 0.429315 2.72777 0.518208 9259
7 9 9 22.6679 0.396582 2.97318 0.602621 7482
7 9 10 23.1118 0.813854 3.31107 0.773883 6489
7 9 11 22.0039 0.388551 2.57941 0.489599 9709
7 9 12 22.3387 0.439412 3.10666 0.527269 6752
7 9 13 21.9982 0.449695 2.71309 0.453181 6119
7 9 14 22.6559 0.489692 2.821 0.506765 13320
7 9 15 22.3684 0.357007 2.85704 0.580113 5054
7 9 16 22.312 0.474244 2.88473 0.723535 6591
7 9 17 22.4594 0.450885 2.95808 0.548805 9218
7 9 18 21.6886 0.339485 2.38998 0.480295 3177
7 9 19 22.0409 0.345886 2.48765 0.510852 5550
7 9 20 21.7974 0.382199 2.24428 0.618951 590
7 9 21 22.962 0.513982 2.82264 0.539071 4486
7 9 22 21.8813 0.342535 2.61377 0.599667 6417
7 9 23 22.4694 0.456538 2.68702 0.408015 766
7 9 24 22.0282 0.368273 2.68078 0.495481 12884
7 9 25 22.077 0.342086 2.47502 0.645031 5503
7 9 26 23.8843 0.876068 3.49748 0.551488 10591
7 9 27 22.7544 0.468344 3.00629 0.63431 3796
7 9 28 21.5 -2 0 0 5661
7 9 29 23.3151 0.550263 3.26256 0.459033 6783
7 9 30 22.9486 0.744761 2.73813 0.53839 1799
7 9 31 22.4897 0.357897 2.61269 0.585501 5928
7 9 32 21.517 0.35587 2.41315 0.780876 4803
7 9 33 23.1196 0.494825 3.02602 0.673245 691
7 9 34 22.8891 0.54658 3.22288 0.502987 10781
7 9 35 22.1439 0.375657 2.59465 0.546892 5379
7 9 36 23.0084 0.623472 2.87012 0.424798 461
7 9 37 22.8876 0.393157 2.9337 0.933831 3215
7 9 38 22.248 0.408274 2.73216 0.602338 4242
7 9 39 21.6576 0.346815 2.6053 0.608088 5237
7 9 40 23.4883 0.467918 3.1096 0.472674 2340
7 9 41 21.5 -2 0 0 4238
7 9 42 22.1847 0.441618 2.82046 0.410124 1299
7 9 43 22.3996 0.413504 2.77122 0.611049 3214
7 9 44 21.9927 0.359318 2.49846 0.595273 2936
7 9 45 21.4348 0.378299 2.55912 0.658728 4502
7 9 46 23.5147 0.585019 3.23082 0.487138 9656
7 9 47 22.4682 0.555327 3.04775 0.564826 3760
7 9 48 21.5 -2 0 0 4666
7 9 49 21.9608 0.328207 2.63477 0.587613 2813
7 9 50 21.7002 0.432442 2.74473 0.492675 4978
7 9 51 22.1683 0.414966 2.67445 0.629749 4938
7 9 52 21.6021 0.368491 2.68413 0.498465 8672
7 9 53 21.8718 0.425825 2.79387 0.657878 3693
7 9 54 21.8609 0.398731 2.65859 0.69049 3984
7 9 55 21.5 -2 0 0 7878
7 9 56 22.3756 0.453134 3.02901 0.654243 3833
7 9 57 21.3091 0.493301 2.92635 0.725422 6091
7 9 58 21.0184 0.350225 2.47402 0.691278 3953
7 9 59 21.6471 0.47406 2.96131 0.453533 9138
7 9 60 20.84 0.424179 2.5601 0.648501 3701
7 9 61 22.5807 0.75483 3.09715 0.644184 6597
7 9 62 21.3403 0.511171 3.0561 0.439183 7199
7 9 63 21.1254 0.529357 3.09642 0.531038 5372
7 10 0 25.8597 0.651067 3.99457 0.562049 13008
7 10 1 24.5768 0.698256 3.72847 0.794802 14332
7 10 2 24.8349 0.864537 3.50146 0.703937 14580
7 10 3 24.4892 0.681426 3.54026 0.546915 17030
7 10 4 24.7432 0.616337 3.69248 0.529926 15873
7 10 5 23.7984 0.573438 3.38649 0.519085 16069
7 10 6 25.1058 0.817841 3.54436 0.71077 14757
7 10 7 24.6332 0.664353 3.62371 0.539828 22198
7 10 8 24.455 0.632056 3.51023 0.528267 13055
7 10 9 24.4284 0.690996 3.65073 0.526184 17087
7 10 10 25.8106 0.743383 4.30233 0.558649 17583
7 10 11 24.1529 0.914713 3.58527 0.646876 15820
7 10 12 25.1366 0.837371 3.76218 0.617032 15207
7 10 13 24.9478 0.676417 3.54366 0.518034 13377
7 10 14 24.8145 0.738813 3.77953 0.682278 14669
7 10 15 23.9444 0.474086 3.24228 0.384426 8951
7 10 16 25.6544 1.04687 4.08797 0.661487 21842
7 10 17 23.8883 0.514168 3.30855 0.482455 14810
7 10 18 24.7369 0.611829 3.51768 0.639489 14667
7 10 19 24.4402 0.624518 3.61679 0.498051 20582
7 10 20 23.2462 0.43774 1.88106 0.619628 1512
7 10 21 25.5869 0.797585 3.81986 0.650284 15020
7 10 22 24.9668 0.583485 3.6847 0.449831 17605
7 10 23 25.1074 0.55971 3.61268 0.675149 10888
7 10 24 24.846 0.571057 3.75956 0.531476 12974
7 10 25 25.1839 0.681291 3.9767 0.546875 21460
7 10 26 25.2321 0.718208 3.93868 0.635787 15022
7 10 27 25.311 0.544267 3.42734 0.535169 10949
7 10 28 24.0009 0.438274 2.31903 0.664406 3543
7 10 29 25.1913 0.680332 3.51573 0.617837 12862
7 10 30 24.2392 0.466894 2.2875 0.412722 1614
7 10 31 25.3399 0.637545 3.74239 0.568025 22655
7 10 32 23.973 0.348146 2.70446 0.46197 4440
7 10 33 23.9392 0.560724 1.97079 0.631945 2389
7 10 34 25.6203 0.814957 3.87784 0.658651 14059
7 10 35 25.0646 0.661764 3.79091 0.540548 22179
7 10 36 23.5419 0.414753 2.06114 0.477706 1442
7 10 37 24.2947 0.431761 2.66068 0.519735 2463
7 10 38 25.0654 0.622473 3.85259 0.443915 22137
7 10 39 25.5797 0.690369 4.0455 0.528402 20150
7 10 40 22.7838 0.429166 2.22448 0.469873 1859
7 10 41 24.6525 0.736252 3.78358 0.576843 18818
7 10 42 24.9623 0.641032 3.51975 0.57953 15964
7 10 43 24.0168 0.498698 3.21064 0.648283 16790
7 10 44 25.141 0.654501 3.60248 0.521783 18910
7 10 45 0 -10 0 0 0
7 10 46 25.2753 0.920737 3.85257 0.773605 14958
7 10 47 27.3807 0.977488 4.3971 0.682489 20836
7 10 48 24.0349 0.422189 3.26389 0.492568 6889
7 10 49 25.3375 0.721115 3.79459 0.584411 14553
7 10 50 22.9925 0.380221 2.81891 0.643014 12570
7 10 51 24.7683 0.659893 3.66128 0.627448 17451
7 10 52 24.9537 0.652304 3.4723 0.542381 14442
7 10 53 25.8002 0.835008 4.0114 0.66546 20210
7 10 54 23.712 0.554626 3.16759 0.605276 18933
7 10 55 25.1119 0.602911 3.88414 0.435705 13118
7 10 56 25.1407 0.728305 4.06721 0.601647 18127
7 10 57 25.3685 0.756453 4.09638 0.550371 15584
7 10 58 23.8135 0.609718 3.48496 0.469832 15337
7 10 59 23.8676 0.429572 3.19917 0.387072 5461
7 10 60 23.9672 0.691351 3.87528 0.479785 19595
7 10 61 25.0494 0.758243 4.1971 0.574624 16407
7 10 62 25.2734 0.7432 3.96628 0.621431 14644
7 10 63 24.0307 0.615145 3.50394 0.589307 14737
7 11 0 23.0278 0.663147 3.45725 0.505402 21700
7 11 1 21.7586 0.431841 3.11068 0.395815 17613
7 11 2 23.343 0.60553 3.24494 0.527746 14933
7 11 3 21.7871 0.396715 2.86891 0.500394 11529
7 11 4 22.7787 0.503391 2.52064 0.397157 1597
7 11 5 22.2651 0.356179 2.76499 0.399597 13183
7 11 6 22.8628 0.523524 3.33004 0.463179 13684
7 11 7 21.8251 0.373452 2.74834 0.521031 8876
7 11 8 22.2814 0.48202 2.98407 0.563978 13798
7 11 9 22.7876 0.444263 3.01285 0.712181 10466
7 11 10 21.9061 0.364011 2.80474 0.684516 10490
7 11 11 22.386 0.45836 2.48058 0.462783 2037
7 11 12 22.5504 0.522286 2.94099 0.546045 10997
7 11 13 21.8674 0.35913 2.76596 0.540192 9755
7 11 14 22.8799 0.489564 2.82769 0.605609 18873
7 11 15 22.975 0.395035 2.79294 0.335776 1975
7 11 16 22.3893 0.429575 2.90702 0.645075 8976
7 11 17 22.6731 0.436223 2.90239 0.589567 16254
7 11 18 21.9996 0.40801 2.55905 0.555012 8229
7 11 19 22.1542 0.358152 2.64875 0.596768 10470
7 11 20 22.4089 0.430755 1.95386 0.57382 708
7 11 21 22.5349 0.404783 2.98928 0.502516 11937
7 11 22 21.9601 0.371513 2.67726 0.462146 10192
7 11 23 22.5702 0.381459 2.92906 0.583279 11924
7 11 24 22.768 0.395603 2.68085 0.502561 16347
7 11 25 21.915 0.338388 2.55154 0.512909 10117
7 11 26 22.6169 0.407422 2.98433 0.485587 16019
7 11 27 22.2399 0.365138 2.60878 0.669205 11651
7 11 28 22.0692 0.316412 2.40489 0.594691 7088
7 11 29 22.97 0.380439 2.84975 0.495259 15264
7 11 30 22.6203 0.415063 2.70418 0.614987 4590
7 11 31 21.5 -2 0 0 9737
7 11 32 21.7894 0.333616 2.45535 0.675795 9181
7 11 33 22.708 0.403919 2.87285 0.553444 10870
7 11 34 22.3549 0.459543 2.91356 0.524112 20144
7 11 35 21.8277 0.300209 2.38565 0.80596 8698
7 11 36 23.8887 0.555825 3.35673 0.596472 9821
7 11 37 22.3067 0.416359 2.58327 0.469622 2488
7 11 38 22.6731 0.44355 2.90701 0.5372 9226
7 11 39 22.5816 0.380867 2.89153 0.562639 5604
7 11 40 21.6498 0.37641 2.42941 0.304035 740
7 11 41 22.2063 0.296724 2.45086 0.658793 7121
7 11 42 22.8563 0.385248 2.96915 0.392143 7075
7 11 43 22.5653 0.516484 3.20164 0.520597 15931
7 11 44 22.4206 0.379912 2.6454 0.725993 8841
7 11 45 22.2019 0.380582 2.68986 0.598813 9800
7 11 46 23.0798 0.661978 3.37782 0.54975 18539
7 11 47 22.4047 0.415144 2.83408 0.681563 8716
7 11 48 21.6049 0.43965 2.80597 0.561044 11080
7 11 49 23.1699 0.452374 3.19002 0.446441 8177
7 11 50 22.6585 0.448015 2.8782 0.49488 9736
7 11 51 22.3599 0.537458 3.12611 0.563612 16012
7 11 52 22.051 0.431904 2.97981 0.428591 15500
7 11 53 23.069 0.476767 2.957 0.535947 3780
7 11 54 21.6183 0.325743 2.50379 0.544737 5078
7 11 55 22.1474 0.544213 3.06303 0.552259 16267
7 11 56 23.1859 0.825087 3.78038 0.72355 12569
7 11 57 22.1671 0.423649 2.89296 0.503269 13533
7 11 58 21.3038 0.479123 2.86963 0.53331 12281
7 11 59 22.549 0.511175 3.07401 0.494862 18680
7 11 60 22.9238 0.516583 3.12142 0.468319 7843
7 11 61 22.6646 0.673852 3.62222 0.539794 15558
7 11 62 21.9725 0.568255 3.3293 0.469768 19235
7 11 63 21.1804 0.434044 2.93748 0.505896 13943
7 12 0 21.4714 0.396323 3.15553 0.718266 24712
7 12 1 21.0366 0.34612 2.46949 0.926091 4633
7 12 2 20.6796 0.336967 2.67597 0.401816 11958
7 12 3 20.441 0.29232 2.60281 0.559695 25001
7 12 4 21.1451 0.35684 2.86082 0.573259 4361
7 12 5 20.3316 0.276073 2.54253 0.493274 22467
7 12 6 20.8504 0.341619 2.84614 0.648634 25127
7 12 7 20.7661 0.328615 2.70386 0.647612 28109
7 12 8 19.9156 0.269971 2.52938 0.472671 23113
7 12 9 20.4633 0.288868 2.59446 0.628903 29136
7 12 10 21.1845 0.347426 2.88711 0.645318 28826
7 12 11 20.8847 0.28469 2.59238 0.583504 20878
7 12 12 20.6295 0.279453 2.56009 0.64407 23171
7 12 13 20.9894 0.309283 2.59784 0.543124 20904
7 12 14 20.4733 0.278194 2.57622 0.6768 20402
7 12 15 20.2392 0.31278 2.68953 0.570178 23893
7 12 16 21.8439 0.451255 3.31037 0.672999 29813
7 12 17 21.0278 0.267028 2.59631 0.583146 20175
7 12 18 20.926 0.331381 2.78943 0.438159 9022
7 12 19 20.9455 0.365348 2.79757 0.512224 26068
7 12 20 21.4737 0.349687 2.39232 0.583427 2470
7 12 21 20.8918 0.285792 2.74414 0.477629 29050
7 12 22 20.4099 0.266894 2.57092 0.496917 23478
7 12 23 21.2488 0.36457 2.48682 0.728327 3283
7 12 24 20.4771 0.252886 2.52346 0.488743 21425
7 12 25 21.1977 0.295378 2.76617 0.599422 25292
7 12 26 21.3766 0.341195 2.84623 0.757592 18755
7 12 27 22.3252 0.408856 2.71845 0.826316 4752
7 12 28 20.3515 0.273513 2.50901 0.450337 22958
7 12 29 20.7276 0.248051 2.58261 0.79161 14424
7 12 30 21.3257 0.423622 2.30018 0.668131 2460
7 12 31 21.0395 0.352079 2.76344 0.624403 22914
7 12 32 20.5735 0.294839 2.54679 0.538888 21301
7 12 33 20.6004 0.315514 2.72404 0.393052 9014
7 12 34 21.0392 0.291642 2.73245 0.751533 6409
7 12 35 20.799 0.313326 3.06012 0.431579 21550
7 12 36 20.3785 0.305483 2.54066 0.647259 10257
7 12 37 21.6812 0.351127 2.87694 0.661957 15477
7 12 38 21.9647 0.414383 3.09315 0.677789 18280
7 12 39 20.8721 0.269731 2.6041 0.631785 15691
7 12 40 20.7105 0.303945 2.72613 0.549302 16911
7 12 41 20.4023 0.276539 2.56226 0.53441 19231
7 12 42 20.4557 0.280219 2.54392 0.583314 16338
7 12 43 20.4831 0.255265 2.47911 0.61762 15650
7 12 44 20.4615 0.303896 2.62556 0.591944 17552
7 12 45 20.9397 0.297462 2.70398 0.566162 17596
7 12 46 20.969 0.307184 2.68221 0.673845 16607
7 12 47 21.3387 0.573589 3.11219 0.873231 18428
7 12 48 20.4538 0.283675 2.46661 0.680302 18748
7 12 49 20.5427 0.255763 2.54158 0.490108 14469
7 12 50 20.8913 0.316811 2.65868 0.637675 16454
7 12 51 20.3528 0.333691 2.76196 0.694146 12348
7 12 52 19.6645 0.242565 2.31078 0.737502 15498
7 12 53 20.8075 0.349734 2.95611 0.619198 16725
7 12 54 20.722 0.272596 2.58804 0.641535 15457
7 12 55 20.6357 0.327502 2.62882 0.667534 12907
7 12 56 20.456 0.320532 2.68257 0.903951 13624
7 12 57 20.3287 0.342716 2.61093 0.734099 14330
7 12 58 20.3253 0.295512 2.57229 0.622131 13708
7 12 59 20.5962 0.360635 2.89913 0.646313 14278
7 12 60 20.48 0.370106 2.80846 0.609106 15752
7 12 61 20.6835 0.531688 3.19784 0.808878 12993
7 12 62 20.1964 0.419626 2.9907 0.695574 13640
7 12 63 19.9423 0.31192 2.6268 0.510047 13368
7 13 0 27.2158 0.936321 4.37798 0.383112 8430
7 13 1 27.4382 1.07755 4.29263 0.436302 6479
7 13 2 26.7402 1.02014 4.21541 0.426205 6484
7 13 3 25.1719 0.706231 3.32785 0.438136 4921
7 13 4 24.7936 0.637203 3.33025 0.367081 3337
7 13 5 24.8401 0.61785 3.35368 0.392087 5837
7 13 6 25.0429 0.516117 3.0879 0.620095 5192
7 13 7 26.4174 0.791571 3.88066 0.591959 3662
7 13 8 25.3229 0.710085 3.43561 0.430468 6543
7 13 9 24.8578 0.618434 3.20223 0.812728 4836
7 13 10 25.0516 0.657454 3.36618 0.447146 4597
7 13 11 24.6357 0.58784 3.11702 0.472764 3774
7 13 12 25.7165 0.587147 3.1476 0.62424 5066
7 13 13 25.4818 0.516486 3.13769 0.447137 4200
7 13 14 26.887 1.0233 3.8648 0.532212 8723
7 13 15 24.4458 0.530484 3.16897 0.39789 5470
7 13 16 25.6717 0.734803 3.47154 0.541703 4334
7 13 17 24.8841 0.665352 3.44624 0.408726 8260
7 13 18 25.1143 0.617581 3.327 0.384468 3474
7 13 19 25.6118 0.786667 3.78747 0.408394 4442
7 13 20 25.7445 0.574986 2.78452 0.409312 890
7 13 21 26.3113 0.932044 3.82739 0.459713 5379
7 13 22 25.8087 0.616961 3.40469 0.338866 4156
7 13 23 27.6692 0.79002 4.10014 0.389712 5675
7 13 24 27.4128 0.728888 4.34596 0.353205 6486
7 13 25 27.6947 0.981265 4.27337 0.505681 4327
7 13 26 26.9254 0.950809 3.94199 0.402827 9252
7 13 27 26.8431 1.10799 4.01349 0.504214 5581
7 13 28 25.6876 0.725357 3.59247 0.443093 4483
7 13 29 26.5906 0.901932 3.87669 0.386288 8043
7 13 30 25.5212 0.496738 2.98325 0.27314 1173
7 13 31 25.3688 0.658104 3.26321 0.447086 5119
7 13 32 27.573 0.877998 3.86771 0.433233 4256
7 13 33 25.5722 0.80963 3.40718 0.575885 5666
7 13 34 25.6671 0.795423 3.50605 0.40706 11233
7 13 35 25.4023 0.64674 3.44842 0.486587 4709
7 13 36 25.7047 0.632358 3.53888 0.467771 3491
7 13 37 25.627 0.572838 2.7946 0.555702 1611
7 13 38 26.1616 1.07119 3.44139 0.463704 5229
7 13 39 25.8227 0.797026 3.78296 0.371648 8871
7 13 40 25.0806 0.635919 3.10151 0.532169 4548
7 13 41 25.4083 0.642309 3.3238 0.449049 5352
7 13 42 25.8713 0.814133 3.542 0.381172 7966
7 13 43 26.5162 0.619958 3.53708 0.361468 4243
7 13 44 26.6446 0.818483 3.99672 0.395417 5608
7 13 45 25.0214 0.675898 3.31704 0.452477 6316
7 13 46 25.6108 0.734676 3.4645 0.489731 7035
7 13 47 25.9199 0.845487 3.64282 0.510487 6089
7 13 48 26.1862 0.880358 3.6323 0.401579 6644
7 13 49 25.7492 0.881305 3.46602 0.431696 8746
7 13 50 25.3883 0.786054 3.61654 0.393534 7171
7 13 51 26.1011 0.735772 3.9176 0.316868 10766
7 13 52 25.6983 0.936529 3.77695 0.364631 10955
7 13 53 27.2134 1.27847 4.21667 0.509446 6765
7 13 54 24.8319 0.680273 3.35024 0.377859 7975
7 13 55 24.8458 0.811018 3.90325 0.323876 11677
7 13 56 25.6441 0.973787 3.73648 0.401709 10069
7 13 57 26.817 0.833318 4.02227 0.348082 10028
7 13 58 24.7004 0.666283 3.08076 0.633395 7603
7 13 59 21.5 -2 0 0 11664
7 13 60 26.1275 1.0064 4.10906 0.432207 7835
7 13 61 21.5 -2 0 0 13830
7 13 62 26.6389 0.868068 4.45584 0.279856 11726
7 13 63 26.1323 0.999203 4.2516 0.316552 8921
7 14 0 20.5745 0.50118 2.92324 0.536859 12826
7 14 1 20.1825 0.442507 2.87599 0.479256 13134
7 14 2 21.5918 0.673295 3.19568 0.484768 12992
7 14 3 20.2119 0.385072 2.57966 0.462218 11670
7 14 4 19.8322 0.349773 2.44015 0.366134 11137
7 14 5 19.9306 0.348892 2.4112 0.439382 12317
7 14 6 20.4593 0.388665 2.6136 0.529337 14686
7 14 7 20.4621 0.458583 2.82537 0.441839 15446
7 14 8 20.1027 0.360656 2.42766 0.515418 10624
7 14 9 20.0545 0.365207 2.71128 0.471031 16224
7 14 10 20.8749 0.460637 2.78992 0.445081 16160
7 14 11 20.3873 0.410957 2.64747 0.466571 9733
7 14 12 19.8788 0.359426 2.56215 0.393326 12059
7 14 13 20.0621 0.323235 2.41054 0.513522 11414
7 14 14 20.6112 0.389262 2.67327 0.547455 10421
7 14 15 19.9509 0.322443 2.41966 0.479741 9945
7 14 16 20.7044 0.474484 2.93872 0.490264 17741
7 14 17 20.5379 0.325534 2.4092 0.552423 9134
7 14 18 19.8534 0.347058 2.45142 0.540263 11112
7 14 19 20.2317 0.392382 2.74197 0.335681 13321
7 14 20 20.7556 0.333552 2.59747 0.401509 6218
7 14 21 20.4038 0.417788 2.63032 0.476005 15718
7 14 22 19.9004 0.390326 2.55111 0.480795 12704
7 14 23 20.4278 0.383746 2.47696 0.417653 8123
7 14 24 20.4442 0.367908 2.5296 0.461815 10804
7 14 25 20.8029 0.362245 2.54702 0.506301 11932
7 14 26 21.5 -2 0 0 8767
7 14 27 20.4831 0.455309 2.86587 0.362484 5956
7 14 28 20.0526 0.358577 2.45428 0.4876 10404
7 14 29 19.9215 0.402326 2.52222 0.444491 8108
7 14 30 21.4828 0.413242 2.96656 0.326213 2032
7 14 31 19.9195 0.334301 2.47326 0.525756 10182
7 14 32 20.09 0.374612 2.38675 0.55662 8328
7 14 33 20.2639 0.354123 2.47078 0.372187 6930
7 14 34 19.9657 0.368569 2.43354 0.4264 8867
7 14 35 20.4956 0.376085 2.60108 0.480831 9080
7 14 36 20.8262 0.456609 2.40868 0.562292 1770
7 14 37 20.6735 0.375491 2.37414 0.698467 6943
7 14 38 20.1522 0.39396 2.66961 0.566766 8167
7 14 39 19.9743 0.321646 2.26965 0.587325 6354
7 14 40 20.6982 0.410485 2.57983 0.527043 7922
7 14 41 20.0131 0.427952 2.38967 0.576265 8112
7 14 42 19.8116 0.351053 2.29504 0.501062 7481
7 14 43 20.006 0.337986 2.39185 0.43396 7291
7 14 44 19.6455 0.303056 2.11242 0.505119 8236
7 14 45 19.9041 0.367217 2.3614 0.456821 7314
7 14 46 19.8096 0.39083 2.4753 0.536581 7608
7 14 47 22.0885 0.827256 3.5101 0.521855 5610
7 14 48 19.2828 0.310985 2.29322 0.384859 8017
7 14 49 19.6303 0.376429 2.5211 0.453406 6821
7 14 50 19.6209 0.356444 2.35087 0.44804 7258
7 14 51 19.9175 0.32195 2.25697 0.711884 4934
7 14 52 19.5194 0.324955 2.34787 0.404482 7012
7 14 53 19.2946 0.337434 2.12992 0.72764 6709
7 14 54 19.417 0.341229 2.23447 0.41291 7261
7 14 55 18.8704 0.310147 2.22128 0.409704 6317
7 14 56 19.6685 0.381591 2.42238 0.470272 6828
7 14 57 19.4187 0.371752 2.49454 0.49134 5846
7 14 58 19.2344 0.374608 2.33812 0.404017 6499
7 14 59 19.8213 0.500694 2.59895 0.484855 6533
7 14 60 19.0302 0.421715 2.53797 0.586396 6157
7 14 61 19.685 0.539363 2.82306 0.462565 5693
7 14 62 20.0744 0.414111 2.63428 0.560198 5907
7 14 63 18.5231 0.350881 2.15885 0.447099 7235
7 15 0 21.0769 0.52078 2.86238 0.451377 5193
7 15 1 20.3569 0.445434 2.45879 0.509759 4453
7 15 2 20.116 0.51181 2.55373 0.365415 4411
7 15 3 20.2705 0.426704 2.52444 0.362715 3696
7 15 4 20.9415 0.500554 2.86755 0.299584 2077
7 15 5 20.2209 0.392001 2.3844 0.333657 4588
7 15 6 19.7758 0.432193 2.5526 0.462559 4026
7 15 7 19.6703 0.395036 2.12501 0.519693 3872
7 15 8 20.5935 0.393423 2.4413 0.374646 5353
7 15 9 19.7636 0.383971 2.29854 0.455045 3833
7 15 10 20.2248 0.455969 2.41866 0.452538 3816
7 15 11 20.4021 0.497949 2.65753 0.471938 5854
7 15 12 21.5 -2 0 0 4729
7 15 13 19.671 0.356222 2.05699 0.316969 4878
7 15 14 20.5655 0.453709 2.49112 0.362011 6275
7 15 15 19.6383 0.412719 2.39708 0.30649 5683
7 15 16 20.4771 0.492799 2.63433 0.378213 3509
7 15 17 20.2537 0.459025 2.43163 0.358681 5993
7 15 18 21.0628 0.464661 2.71816 0.396748 1720
7 15 19 20.386 0.350689 1.9976 0.507422 4458
7 15 20 20.8603 0.612429 2.46367 0.336827 468
7 15 21 20.5545 0.391896 2.27918 0.522755 3937
7 15 22 20.2416 0.416931 2.31585 0.382131 4081
7 15 23 21.5629 0.466943 2.57464 0.350645 758
7 15 24 19.9237 0.357872 2.16577 0.369086 6235
7 15 25 20.0863 0.406784 2.39241 0.324021 4633
7 15 26 20.9752 0.522492 2.76427 0.464075 6079
7 15 27 20.7385 0.535285 2.34526 0.383705 1700
7 15 28 20.2906 0.534644 2.2763 0.380769 4710
7 15 29 20.5159 0.407239 2.47118 0.449489 3811
7 15 30 21.5103 0.578314 2.82035 0.290654 740
7 15 31 20.191 0.409047 2.38797 0.43678 5127
7 15 32 21.5 -2 0 0 5151
7 15 33 21.0597 0.492321 2.67151 0.219698 1466
7 15 34 20.6725 0.537803 2.77664 0.390413 7146
7 15 35 20.4748 0.354 2.19389 0.336763 5521
7 15 36 20.5388 0.37438 2.27141 0.516654 2820
7 15 37 20.6951 0.499411 2.54554 0.316306 7178
7 15 38 20.2025 0.428762 2.46155 0.489358 5115
7 15 39 20.6703 0.490411 2.68404 0.466628 7549
7 15 40 20.2256 0.420904 2.46559 0.434726 5338
7 15 41 20.4485 0.494152 2.37565 0.394999 5475
7 15 42 20.8696 0.434594 2.6609 0.3883 3511
7 15 43 20.2905 0.404112 2.31573 0.437272 6946
7 15 44 21.0077 0.47341 2.50922 0.479354 5685
7 15 45 19.993 0.382659 2.31103 0.508889 5805
7 15 46 20.3566 0.473314 2.45017 0.467699 7766
7 15 47 20.9148 0.581535 2.88919 0.354615 6692
7 15 48 21.0329 0.606319 2.84684 0.294652 1064
7 15 49 20.0872 0.441583 2.47992 0.411634 7119
7 15 50 20.1996 0.441984 2.42974 0.388184 6679
7 15 51 20.9613 0.615994 2.72712 0.384852 10886
7 15 52 20.7251 0.523716 2.53749 0.317512 7102
7 15 53 20.1621 0.536729 2.53515 0.369109 7061
7 15 54 20.379 0.404759 2.25137 0.456423 5262
7 15 55 20.0517 0.45331 2.60989 0.398779 8081
7 15 56 20.8142 0.610564 2.81585 0.472739 8124
7 15 57 20.729 0.628668 2.963 0.322999 9181
7 15 58 20.2923 0.479603 2.73107 0.368001 6012
7 15 59 19.6694 0.538421 2.58536 0.312359 8385
7 15 60 19.7583 0.537637 2.85099 0.310842 7257
7 15 61 20.8657 0.862964 2.90422 0.485557 10468
7 15 62 20.567 0.719699 3.03582 0.394708 9388
7 15 63 20.3485 0.617468 2.89467 0.340349 7354
8 0 0 23.3887 0.408178 3.10539 0.864336 9660
8 0 1 22.2246 0.307307 2.62255 0.871962 8689
8 0 2 21.636 0.296186 2.65555 0.919935 9139
8 0 3 21.5 -2 0 0 8075
8 0 4 22.1528 0.319304 2.59778 0.787451 11672
8 0 5 21.6598 0.267646 2.4678 0.770538 10251
8 0 6 22.647 0.31051 2.59446 0.954591 8722
8 0 7 21.7668 0.313599 2.62118 0.613678 12106
8 0 8 21.567 0.288788 2.59225 0.625653 12235
8 0 9 22.5062 0.293902 2.58906 0.768526 7780
8 0 10 21.9482 0.295186 2.49895 0.90068 6618
8 0 11 22.0248 0.324403 2.6839 0.665428 13407
8 0 12 21.802 0.276565 2.57643 0.673356 9712
8 0 13 22.0893 0.275744 2.52903 0.604379 11307
8 0 14 21.5 -2 0 0 12990
8 0 15 23.0037 0.379566 2.9526 0.604406 8959
8 0 16 22.2756 0.278916 2.57417 0.679732 7511
8 0 17 21.7456 0.270706 2.49428 0.5892 14327
8 0 18 21.8627 0.362312 2.63283 0.782987 8328
8 0 19 22.0335 0.272601 2.60339 0.612136 11527
8 0 20 22.5886 0.324858 2.66962 0.620738 9038
8 0 21 22.3057 0.263304 2.64285 0.640949 8489
8 0 22 21.7966 0.288223 2.53776 0.620947 8418
8 0 23 22.9003 0.344022 2.86236 0.58695 13650
8 0 24 22.173 0.293495 2.69715 0.519339 12262
8 0 25 21.7468 0.275462 2.51835 0.554826 14399
8 0 26 23.5861 0.381469 3.09198 0.657927 14424
8 0 27 22.8022 0.317763 2.7823 0.675694 9616
8 0 28 22.8664 0.312544 2.78736 0.667611 10247
8 0 29 22.8136 0.346836 2.75882 0.748861 15132
8 0 30 22.7009 0.316739 2.68023 0.800621 7628
8 0 31 21.5 -2 0 0 14771
8 0 32 22.3268 0.315976 2.62013 0.527915 11312
8 0 33 21.8154 0.270542 2.48871 0.641876 11805
8 0 34 23.5087 0.386188 3.10613 0.688941 19200
8 0 35 22.2318 0.284514 2.63175 0.636701 14660
8 0 36 22.8798 0.369939 2.91066 0.733612 9312
8 0 37 23.4735 0.352309 2.85157 0.634633 13707
8 0 38 22.608 0.356549 2.85949 0.627006 14995
8 0 39 24.2014 0.530393 3.16567 0.748095 17406
8 0 40 22.8343 0.397445 2.76663 0.786257 9083
8 0 41 22.6352 0.314101 2.67709 0.623295 11808
8 0 42 22.5139 0.442646 2.9924 0.745515 14022
8 0 43 22.4107 0.355816 2.84952 0.591617 16482
8 0 44 22.2009 0.317334 2.74813 0.631399 13962
8 0 45 22.218 0.300046 2.71307 0.562795 15184
8 0 46 22.9677 0.424617 3.04184 0.657045 19013
8 0 47 23.1126 0.374501 3.04477 0.711038 17068
8 0 48 22.2193 0.337241 2.74554 0.744763 12326
8 0 49 22.6752 0.333659 2.7717 0.724018 12012
8 0 50 22.2613 0.368831 2.71439 0.724749 12623
8 0 51 23.5348 0.453461 3.30572 0.640897 21582
8 0 52 22.2197 0.367615 2.79726 0.668484 19132
8 0 53 22.7289 0.3617 2.96277 0.687169 17421
8 0 54 21.5499 0.306465 2.64488 0.682462 13476
8 0 55 22.4066 0.380175 2.94662 0.549482 20153
8 0 56 22.6081 0.46507 3.09071 0.74035 19008
8 0 57 23.3554 0.539684 3.42693 0.781678 19277
8 0 58 22.3926 0.444687 2.93735 0.731479 15324
8 0 59 23.1281 0.507619 3.1832 0.760795 19627
8 0 60 22.5329 0.453481 3.30746 0.712293 15511
8 0 61 22.5405 0.544444 3.32813 0.729661 24259
8 0 62 22.0566 0.450452 3.24258 0.576036 22463
8 0 63 21.4684 0.379936 2.89797 0.527737 17896
8 1 0 21.4249 0.514427 3.14875 0.944951 23159
8 1 1 20.2986 0.396159 2.96501 0.73248 26530
8 1 2 20.4568 0.398969 2.89479 0.697518 23151
8 1 3 20.114 0.304404 2.58635 0.666249 23523
8 1 4 20.08 0.348569 2.71175 0.736096 15608
8 1 5 19.7048 0.272039 2.54205 0.535416 21619
8 1 6 20.6953 0.351142 2.92399 0.764658 26318
8 1 7 20.4886 0.417706 3.13979 0.562902 13224
8 1 8 19.9565 0.330178 2.70585 0.623983 19620
8 1 9 21.2104 0.34902 3.34688 0.650129 7787
8 1 10 20.3821 0.365825 2.88842 0.72006 21422
8 1 11 19.3976 0.268985 2.42379 0.689613 18746
8 1 12 20.1293 0.303993 2.64066 0.573236 17278
8 1 13 20.645 0.382347 2.64535 0.745416 18362
8 1 14 21.1538 0.367203 2.9862 0.751084 22491
8 1 15 19.8068 0.3444 2.84658 0.889756 7292
8 1 16 21.1849 0.52808 3.13039 0.925999 27564
8 1 17 20.3455 0.298859 2.62048 0.601962 20170
8 1 18 20.9953 0.393107 3.17494 0.619803 6139
8 1 19 20.9608 0.402376 3.19857 0.657594 10820
8 1 20 20.5684 0.411278 2.93533 0.803169 6381
8 1 21 20.3723 0.426908 3.17758 0.697948 16391
8 1 22 20.7722 0.379799 2.82176 0.603619 16635
8 1 23 20.4018 0.358814 2.73262 0.956904 13596
8 1 24 20.725 0.288744 2.62286 0.544008 20100
8 1 25 20.5557 0.350085 2.85758 0.526725 15456
8 1 26 20.426 0.312484 2.65017 0.747592 19160
8 1 27 19.8517 0.3309 2.63163 0.668584 13264
8 1 28 19.9802 0.286782 2.45845 0.687676 15237
8 1 29 20.3678 0.296839 2.59799 0.792873 14913
8 1 30 21.0944 0.448569 3.08565 0.816869 7067
8 1 31 20.6651 0.376243 2.99738 0.498564 9508
8 1 32 20.2023 0.374786 2.78138 0.682523 10179
8 1 33 20.4554 0.325492 2.57567 0.679164 12674
8 1 34 19.9811 0.285042 2.63443 0.712557 17695
8 1 35 20.7358 0.32176 2.82728 0.652862 11695
8 1 36 20.9502 0.332267 3.07475 0.946164 5019
8 1 37 20.399 0.307482 2.5011 0.667538 13390
8 1 38 20.8598 0.424662 2.86996 0.769998 11945
8 1 39 20.1258 0.275901 2.60945 0.749535 9694
8 1 40 20.26 0.280842 2.60085 0.762889 13000
8 1 41 20.2723 0.307969 2.62016 0.586516 12708
8 1 42 20.4443 0.259327 2.47835 0.490406 13598
8 1 43 20.7659 0.335684 2.65128 0.67182 12431
8 1 44 19.9109 0.279701 2.47391 0.65673 9536
8 1 45 19.5785 0.289328 2.6567 0.791 7446
8 1 46 21.149 0.462545 3.03161 0.864098 16103
8 1 47 21.1882 0.425789 2.95471 0.914288 8783
8 1 48 19.8458 0.258567 2.51567 0.593497 13649
8 1 49 20.0557 0.267601 2.31426 0.644458 13983
8 1 50 19.8749 0.309236 2.5476 0.710319 11194
8 1 51 19.9735 0.277513 2.56853 0.801073 8816
8 1 52 20.2753 0.301389 2.55285 0.659003 13190
8 1 53 19.7714 0.315275 2.5582 0.682914 7121
8 1 54 19.0149 0.231535 2.27327 0.539737 12165
8 1 55 19.9233 0.254939 2.43845 0.834338 10281
8 1 56 19.3514 0.261292 2.34318 0.932717 8685
8 1 57 19.1867 0.28105 2.51912 0.752336 10445
8 1 58 19.6308 0.291221 2.38892 0.688212 11347
8 1 59 19.9978 0.385474 2.74662 0.782705 13089
8 1 60 19.0998 0.293063 2.5438 0.657566 8249
8 1 61 20.7127 0.508141 3.24774 0.84312 10134
8 1 62 19.8147 0.29972 2.6027 0.788235 12758
8 1 63 18.7223 0.282078 2.36345 0.649573 12615
8 2 0 24.174 0.889159 3.94733 0.921748 21686
8 2 1 21.5 -2 0 0 21180
8 2 2 23.3251 0.54709 3.32517 0.911275 18774
8 2 3 21.906 0.396137 2.88032 0.655422 15418
8 2 4 22.3464 0.345518 2.87456 0.770122 13447
8 2 5 23.2674 0.432025 3.27076 0.647197 15569
8 2 6 22.9054 0.416897 3.18106 0.772479 17298
8 2 7 22.3185 0.380059 2.98643 0.710888 11619
8 2 8 23.1334 0.409314 3.20436 0.655209 17902
8 2 9 23.2693 0.482294 3.40561 0.757655 16553
8 2 10 22.7194 0.384917 3.03099 0.838478 12108
8 2 11 22.642 0.427997 3.01446 0.736589 17722
8 2 12 22.9412 0.42614 3.0414 0.708383 16007
8 2 13 21.9631 0.347061 2.733 0.945428 14522
8 2 14 22.9712 0.445054 3.22498 0.715651 21428
8 2 15 22.1531 0.302626 2.71452 0.695281 14279
8 2 16 22.1654 0.376602 2.82742 0.675481 15713
8 2 17 21.5 -2 0 0 16800
8 2 18 23.2783 0.560169 3.2561 0.797305 12842
8 2 19 22.7182 0.403407 2.85478 0.72038 13949
8 2 20 22.4896 0.380533 2.89663 0.723413 15802
8 2 21 23.4497 0.494931 3.35295 0.813614 16809
8 2 22 22.8097 0.306896 2.68272 0.822441 11232
8 2 23 23.0982 0.380239 3.09187 0.617882 14235
8 2 24 22.4865 0.38913 2.96935 0.746564 19012
8 2 25 21.8372 0.311908 2.79034 0.74102 13033
8 2 26 22.5471 0.411987 3.22541 0.620613 25109
8 2 27 22.9223 0.414874 2.82939 0.78854 11416
8 2 28 22.8699 0.313238 2.71573 0.639559 13336
8 2 29 23.3359 0.47267 3.2836 0.61761 16914
8 2 30 22.794 0.422382 2.94293 0.809395 13675
8 2 31 22.9382 0.424315 2.92603 0.84658 11929
8 2 32 21.9666 0.348739 2.65009 0.616746 14467
8 2 33 21.9149 0.288704 2.58385 0.680992 14323
8 2 34 24.2453 0.638595 3.64659 0.761941 20157
8 2 35 22.172 0.360558 2.90209 0.64665 12521
8 2 36 22.2211 0.357083 2.76692 0.648439 15032
8 2 37 24.5866 0.627046 3.49842 0.783374 13772
8 2 38 21.2151 0.305401 2.71668 0.534321 14530
8 2 39 23.579 0.468919 3.26482 0.739625 14634
8 2 40 22.173 0.320978 2.6839 0.65253 17016
8 2 41 22.5272 0.347924 2.73289 0.595913 12346
8 2 42 23.1637 0.37559 2.87446 0.727 14691
8 2 43 22.8451 0.411302 3.03744 0.596777 17171
8 2 44 21.8055 0.30732 2.58594 0.587819 13775
8 2 45 21.796 0.396814 2.82097 0.692734 15932
8 2 46 24.0962 0.538625 3.47222 0.641657 18935
8 2 47 23.087 0.560997 3.23012 0.799706 12360
8 2 48 21.9845 0.30606 2.60411 0.615119 16676
8 2 49 22.323 0.443411 2.946 0.586285 17593
8 2 50 21.8396 0.316967 2.62367 0.652761 14122
8 2 51 22.8648 0.489274 3.1941 0.711436 18893
8 2 52 22.1233 0.418674 2.81335 0.694281 19038
8 2 53 22.4787 0.564753 3.12982 0.837952 13536
8 2 54 21.7073 0.351596 2.67292 0.712536 15080
8 2 55 22.2451 0.504563 3.12666 0.61615 18372
8 2 56 22.9671 0.454491 3.08906 0.758946 15898
8 2 57 22.1036 0.502109 2.97781 0.702418 21016
8 2 58 21.4595 0.372917 2.85975 0.506079 16889
8 2 59 22.7024 0.730334 3.29609 0.703163 22373
8 2 60 21.933 0.430227 3.10486 0.561921 14408
8 2 61 21.5 -2 0 0 24731
8 2 62 21.7305 0.481863 3.22961 0.649788 22632
8 2 63 21.8045 0.474869 3.15489 0.5687 16552
8 3 0 25.1592 0.719499 3.856 0.938863 20027
8 3 1 26.1418 0.77371 4.14996 0.820722 18065
8 3 2 24.84 0.956922 3.47071 1.08892 19323
8 3 3 23.2856 0.420617 3.12495 0.650292 21876
8 3 4 24.1838 0.673142 3.56046 0.894551 18772
8 3 5 23.828 0.481249 3.16825 0.707263 18505
8 3 6 24.6023 0.841974 3.68006 0.925141 21103
8 3 7 24.8927 0.51422 3.49389 0.782664 21361
8 3 8 23.5863 0.492004 3.26095 0.7448 15975
8 3 9 24.6484 0.559407 3.72192 0.699106 20325
8 3 10 24.025 0.539526 3.48348 0.851691 22461
8 3 11 23.7228 0.453251 3.14552 0.737075 16688
8 3 12 23.2902 0.519049 3.18882 0.733433 18001
8 3 13 23.2735 0.403636 3.14953 0.637089 18998
8 3 14 24.3172 0.501242 3.46786 0.783955 19391
8 3 15 24.6864 0.46561 3.35341 0.718937 17213
8 3 16 21.5 -2 0 0 23113
8 3 17 24.5718 0.474475 3.347 0.684089 15090
8 3 18 24.7818 0.554333 3.16352 0.906106 14723
8 3 19 24.9846 0.526183 3.6838 0.560236 19140
8 3 20 24.0798 0.589105 3.29678 0.771701 13663
8 3 21 24.2752 0.55844 3.30566 0.895905 23950
8 3 22 23.9525 0.421099 3.11059 0.770251 22225
8 3 23 24.304 0.565003 3.37729 0.925032 13900
8 3 24 24.4664 0.570653 3.46856 0.710442 19363
8 3 25 25.5878 0.367491 3.65553 0.437241 9832
8 3 26 21.5 -2 0 0 13080
8 3 27 25.2224 0.661576 3.58768 0.804345 13633
8 3 28 23.2981 0.405625 3.0404 0.707445 22408
8 3 29 25.1524 0.620337 3.51416 0.9096 13845
8 3 30 25.9601 0.366856 3.67546 0.81942 5630
8 3 31 25.9263 0.733457 3.60239 0.883337 21171
8 3 32 24.746 0.547393 3.17003 0.842861 20529
8 3 33 25.1345 0.740704 3.45033 0.900927 15669
8 3 34 25.7274 0.718593 3.98402 0.846353 14584
8 3 35 25.0982 0.688136 3.81214 0.765629 23005
8 3 36 24.981 0.50749 3.54429 0.617188 11979
8 3 37 24.4896 0.570852 3.2784 0.834773 15868
8 3 38 25.6065 0.543838 3.7625 0.751143 16624
8 3 39 26.0408 0.677867 4.09106 0.90836 19858
8 3 40 25.2194 0.622104 3.61005 0.77547 14618
8 3 41 25.2528 0.37705 3.62742 0.495376 9759
8 3 42 26.2831 0.517839 3.93245 0.705952 10809
8 3 43 23.6496 0.536192 3.32492 0.818247 15726
8 3 44 24.8002 0.554515 3.42756 0.747247 19179
8 3 45 25.0059 0.539402 3.6761 0.675157 17724
8 3 46 25.0517 0.664783 3.8633 0.856996 15743
8 3 47 25.6503 0.573774 4.07892 0.721577 17512
8 3 48 24.6032 0.565131 3.51784 0.797222 17596
8 3 49 23.9963 0.439019 3.22765 0.63929 17755
8 3 50 24.5498 0.56713 3.58003 0.682381 17535
8 3 51 26.1919 0.691891 4.28987 0.839601 16797
8 3 52 24.335 0.539373 3.54519 0.656977 17699
8 3 53 24.907 0.671293 3.89184 0.815527 20512
8 3 54 25.1342 0.386748 3.56679 0.437196 7185
8 3 55 23.886 0.437896 3.34933 0.69593 19357
8 3 56 25.4049 0.591165 3.99961 0.680295 13881
8 3 57 25.5452 0.586507 4.05899 0.719933 16225
8 3 58 23.3385 0.489182 3.35126 0.694252 20229
8 3 59 25.1597 0.58956 3.90267 0.755556 15949
8 3 60 24.4615 0.675034 3.83184 0.824881 19409
8 3 61 25.9858 0.782127 4.55019 0.835108 17520
8 3 62 25.0484 0.66031 4.08087 0.718719 15516
8 3 63 24.6308 0.557582 3.70976 0.713365 14566
8 4 0 26.5533 0.869337 4.39508 0.421001 17203
8 4 1 25.7077 0.910473 4.07633 0.455034 14942
8 4 2 25.6375 0.850365 4.05003 0.446536 13284
8 4 3 25.1935 1.05754 3.4529 0.59732 8666
8 4 4 24.1849 0.587686 3.32445 0.438915 9973
8 4 5 25.0849 0.732221 3.68804 0.486997 11161
8 4 6 24.5686 0.754178 3.65677 0.436769 12856
8 4 7 23.505 0.619615 3.35599 0.473806 9335
8 4 8 24.134 0.64138 3.56698 0.433846 12187
8 4 9 25.1901 0.812826 4.15812 0.419064 11252
8 4 10 24.6139 0.82132 3.45329 0.663691 10004
8 4 11 25.4504 0.986918 3.61081 0.592628 10380
8 4 12 23.5795 0.65873 3.1397 0.557039 11616
8 4 13 23.7514 0.526968 3.08982 0.444237 8414
8 4 14 21.5 -2 0 0 14773
8 4 15 23.257 0.524691 3.14103 0.416949 8851
8 4 16 25.0951 0.868259 3.70872 0.526155 8088
8 4 17 21.5 -2 0 0 12282
8 4 18 24.8069 0.707784 3.52803 0.524684 8420
8 4 19 24.1607 0.643405 3.14685 0.495472 8331
8 4 20 25.1465 0.675192 3.79859 0.465771 7020
8 4 21 25.1873 0.829329 3.89523 0.492566 12427
8 4 22 24.3232 0.55033 3.32672 0.487338 8464
8 4 23 23.9905 0.762267 3.46418 0.510626 9845
8 4 24 24.4267 0.667614 3.37702 0.429616 13359
8 4 25 23.5699 0.541617 3.00659 0.622453 8138
8 4 26 25.4485 0.807989 3.92543 0.567929 13981
8 4 27 23.9357 0.691449 3.23004 0.476443 6547
8 4 28 24.2696 0.593267 3.16932 0.550283 7118
8 4 29 25.5277 0.789967 3.81181 0.445917 10975
8 4 30 25.5979 0.845275 3.70471 0.550642 6656
8 4 31 21.5 -2 0 0 7257
8 4 32 24.8835 0.791288 3.50683 0.564749 7231
8 4 33 23.928 0.56821 3.19223 0.626448 6336
8 4 34 25.0595 0.930908 3.74153 0.533825 13837
8 4 35 23.0183 0.512053 2.95842 0.598285 7388
8 4 36 26.0447 0.889979 4.18159 0.530272 5888
8 4 37 24.4568 0.667999 3.59626 0.521538 8085
8 4 38 25.0809 0.817167 3.35027 0.558548 6003
8 4 39 25.0627 0.906174 3.772 0.585884 7864
8 4 40 24.4698 0.778641 3.34661 0.550372 8421
8 4 41 23.5228 0.583195 2.89367 0.447395 7336
8 4 42 24.1308 0.941731 3.34902 0.586584 8653
8 4 43 24.5156 0.913505 3.62322 0.524866 11729
8 4 44 23.8857 0.713695 3.37005 0.423387 6755
8 4 45 23.8452 0.626061 3.46952 0.363762 7718
8 4 46 25.5136 0.890104 4.0458 0.440369 12156
8 4 47 24.6571 0.840769 3.74216 0.537495 5781
8 4 48 24.4535 0.624633 3.58032 0.486493 6361
8 4 49 23.5786 0.703234 3.32826 0.461005 9123
8 4 50 23.2349 0.649719 3.08934 0.479947 7013
8 4 51 25.755 0.791196 4.19377 0.479581 8437
8 4 52 23.5145 0.996654 3.36054 0.556869 10844
8 4 53 23.6675 0.645218 3.16703 0.579035 6072
8 4 54 24.2455 0.603576 3.54667 0.474429 6843
8 4 55 24.2292 0.735687 3.69336 0.44151 8892
8 4 56 23.4334 0.621672 3.65826 0.392219 8087
8 4 57 25.7701 0.958565 4.31304 0.576937 8021
8 4 58 23.2161 0.600374 3.0963 0.522528 8480
8 4 59 24.6778 0.747847 4.15017 0.370277 10428
8 4 60 24.6148 0.744085 3.93318 0.472596 6916
8 4 61 24.2959 0.808704 4.01025 0.677734 11546
8 4 62 23.5704 0.683779 4.00694 0.360467 10256
8 4 63 23.0609 0.713142 3.37615 0.438912 9205
8 5 0 24.1886 0.446951 3.97432 0.5056 7487
8 5 1 22.5215 0.552769 3.20468 0.702107 13919
8 5 2 22.2046 0.476134 3.07025 0.651335 15091
8 5 3 22.3686 0.495549 2.96914 0.652255 14842
8 5 4 23.9669 0.395991 3.28286 0.651373 8784
8 5 5 22.5402 0.385342 2.96456 0.563533 11753
8 5 6 22.9176 0.487641 3.10432 0.8639 14662
8 5 7 22.0934 0.394771 3.17234 0.720576 15557
8 5 8 21.7718 0.356171 2.83709 0.545782 15031
8 5 9 23.0559 0.428703 3.52427 0.519936 11466
8 5 10 23.6611 0.417821 3.47495 0.495759 8580
8 5 11 21.6892 0.341037 2.806 1.18414 12940
8 5 12 24.4753 0.470592 3.51567 0.592959 6122
8 5 13 22.3079 0.371842 2.86045 0.599502 17290
8 5 14 22.5476 0.531938 3.1337 0.696425 14136
8 5 15 22.6667 0.494547 3.12348 0.61117 14680
8 5 16 23.4975 0.69118 3.63799 0.858614 17132
8 5 17 22.4104 0.364472 2.80688 0.662509 15417
8 5 18 22.9338 0.480044 3.07517 0.66445 16784
8 5 19 23.4857 0.519731 3.39751 0.598093 18267
8 5 20 21.9803 0.382265 2.84935 0.625791 17743
8 5 21 23.1223 0.564324 3.26018 0.778964 13616
8 5 22 22.9589 0.369189 3.02303 0.552018 11924
8 5 23 23.0223 0.468314 3.1224 0.668867 17069
8 5 24 22.7533 0.371908 2.98361 0.614459 13339
8 5 25 23.2454 0.471828 3.21842 0.558321 13826
8 5 26 22.878 0.504029 3.09717 0.728259 14537
8 5 27 23.1027 0.480388 3.17342 0.657708 15908
8 5 28 22.531 0.403111 2.97449 0.671266 14999
8 5 29 22.2248 0.426392 2.97532 0.569666 16857
8 5 30 22.5957 0.422415 2.92021 0.560092 17142
8 5 31 22.6233 0.415485 3.07854 0.57112 21046
8 5 32 25.4866 0.464223 3.82853 0.438306 9015
8 5 33 23.9201 0.380968 3.35154 0.360922 6813
8 5 34 24.0565 0.600784 3.41284 0.663347 13695
8 5 35 23.2395 0.444674 3.24399 0.55685 17672
8 5 36 22.5959 0.407513 2.77279 0.648854 18518
8 5 37 21.5 -2 0 0 15128
8 5 38 23.0874 0.536566 3.26725 0.703611 21680
8 5 39 23.2298 0.575639 3.41517 0.611034 21998
8 5 40 22.1926 0.370214 2.81587 0.715359 19098
8 5 41 23.2705 0.438348 3.13884 0.552667 14330
8 5 42 22.7472 0.484333 2.96023 0.590484 17467
8 5 43 21.987 0.391606 2.65808 0.642768 18791
8 5 44 24.9879 0.540297 3.7745 0.651143 16927
8 5 45 22.5932 0.397145 2.99718 0.524379 18539
8 5 46 22.6953 0.577816 3.00868 0.840509 16407
8 5 47 23.8234 0.873877 3.59113 0.762721 26441
8 5 48 23.5038 0.661981 3.28157 0.681777 20459
8 5 49 21.4628 0.398451 2.92335 0.535365 19395
8 5 50 23.6779 0.456208 3.42991 0.473048 12901
8 5 51 23.3863 0.590895 3.26515 0.672086 22312
8 5 52 22.3903 0.452224 2.96815 0.657828 17401
8 5 53 23.6755 0.79371 3.74265 0.697343 22877
8 5 54 22.7526 0.452097 3.35364 0.498919 12778
8 5 55 22.1839 0.417092 3.07806 0.516598 21160
8 5 56 23.3959 0.574197 3.80487 0.460443 15942
8 5 57 22.8893 0.646612 3.46864 0.615212 21891
8 5 58 22.1511 0.577483 3.36948 0.508306 21769
8 5 59 23.1425 0.636036 3.41597 0.663499 18216
8 5 60 23.2322 0.515103 3.65012 0.471413 15101
8 5 61 24.4992 0.899936 4.22408 0.628932 20392
8 5 62 23.2432 0.814913 3.6218 0.647425 19011
8 5 63 21.8711 0.539738 2.94297 0.560987 19416
8 6 0 24.3442 0.908023 3.83721 0.408802 10458
8 6 1 22.8568 0.622634 3.19966 0.387295 10812
8 6 2 23.4098 0.676928 3.37027 0.422159 10517
8 6 3 22.7321 0.58878 2.81927 0.427303 7602
8 6 4 23.1178 0.753807 3.07064 0.428878 7205
8 6 5 23.341 0.6104 3.05863 0.349034 8350
8 6 6 23.854 0.740831 3.37043 0.396601 8855
8 6 7 22.3348 0.460207 2.54117 0.42026 6476
8 6 8 22.8679 0.543578 3.14445 0.448843 8428
8 6 9 23.4798 0.58896 3.07245 0.476344 7586
8 6 10 23.6912 0.680475 3.22792 0.407107 7523
8 6 11 23.3436 0.587092 2.93395 0.460411 6762
8 6 12 22.1968 0.489635 2.66615 0.415449 8026
8 6 13 23.1968 0.563987 2.95913 0.340577 5879
8 6 14 23.7906 0.779056 3.44328 0.411974 10346
8 6 15 23.142 0.557147 2.69794 0.441433 6408
8 6 16 23.0185 0.611346 3.00352 0.334941 7495
8 6 17 24.1962 0.65467 3.30581 0.370881 8350
8 6 18 22.9027 0.505981 2.83337 0.362994 6300
8 6 19 23.911 0.765418 3.38908 0.366551 4316
8 6 20 23.3101 0.632413 3.14341 0.389546 6530
8 6 21 24.0023 0.772956 3.32472 0.391201 8316
8 6 22 23.3626 0.605388 2.93541 0.425594 6436
8 6 23 22.9583 0.529737 2.96712 0.361209 6737
8 6 24 23.8118 0.634985 3.29379 0.392616 9913
8 6 25 25.3513 0.650394 3.56458 0.37597 2991
8 6 26 23.9507 0.825104 3.5632 0.378553 9759
8 6 27 23.4746 0.585614 2.80491 0.34345 5662
8 6 28 23.3562 0.450167 2.56856 0.503943 5271
8 6 29 23.4117 0.558729 3.03465 0.383863 6980
8 6 30 23.415 0.637211 3.17842 0.366636 5609
8 6 31 23.0255 0.517981 2.89241 0.362509 5383
8 6 32 22.5982 0.406989 2.58288 0.363694 5626
8 6 33 22.4795 0.489127 2.78062 0.400699 5169
8 6 34 22.4614 0.434157 2.83699 0.642001 8843
8 6 35 22.5405 0.496341 2.77276 0.513248 4129
8 6 36 23.1954 0.590903 2.80287 0.53979 4848
8 6 37 23.2849 0.586208 2.73529 0.556044 6041
8 6 38 23.8282 0.646508 2.79412 0.44388 4768
8 6 39 23.2192 0.602162 2.93493 0.514376 4744
8 6 40 23.4034 0.533466 2.97757 0.367708 5424
8 6 41 23.2463 0.477608 2.53754 0.509995 4128
8 6 42 23.3474 0.529026 3.01212 0.374911 4868
8 6 43 23.4251 0.823348 2.99947 0.445375 6795
8 6 44 22.4289 0.4481 2.5602 0.419968 4710
8 6 45 22.4593 0.504714 2.77714 0.396318 5249
8 6 46 22.7499 0.553544 2.89451 0.538033 8328
8 6 47 0 -10 0 0 0
8 6 48 23.6388 0.859819 2.96226 0.449664 4445
8 6 49 21.5 -2 0 0 5010
8 6 50 22.5549 0.474219 2.70589 0.411068 4320
8 6 51 23.2933 0.589244 2.83538 0.470027 5639
8 6 52 22.2052 0.637491 2.7923 0.384063 6917
8 6 53 23.1753 0.668039 3.36542 0.430747 4327
8 6 54 22.3031 0.472915 2.73536 0.456964 4546
8 6 55 22.1016 0.474308 2.61392 0.525331 5418
8 6 56 21.2975 0.52282 2.75198 0.375137 5494
8 6 57 22.2306 0.695045 3.05941 0.39396 5406
8 6 58 22.4052 0.581862 2.95909 0.346296 4914
8 6 59 23.1968 0.812729 3.59947 0.489863 6377
8 6 60 22.1748 0.750789 2.88322 0.416458 5200
8 6 61 23.7226 0.801925 3.4764 0.457361 5443
8 6 62 22.7191 0.648936 3.18638 0.404136 6250
8 6 63 21.1298 0.51305 2.83631 0.331955 5298
8 7 0 19.7947 0.395666 2.7432 0.434142 8116
8 7 1 21.5 -2 0 0 8101
8 7 2 19.4001 0.359122 2.36549 0.517822 8097
8 7 3 20.1457 0.383057 2.44692 0.444261 7360
8 7 4 20.9944 0.395144 2.67785 0.532967 2540
8 7 5 19.4873 0.366448 2.42213 0.452024 5709
8 7 6 19.6056 0.329099 2.46102 0.495329 7927
8 7 7 19.8892 0.364069 2.37002 0.605572 8610
8 7 8 18.819 0.305911 2.09622 0.567908 7874
8 7 9 19.7319 0.36116 2.41099 0.586474 5709
8 7 10 19.7129 0.328248 2.33307 0.341883 7787
8 7 11 19.0259 0.331624 2.26363 0.465819 8484
8 7 12 19.0042 0.293076 2.15407 0.497393 7495
8 7 13 19.5191 0.30938 2.2552 0.519123 9470
8 7 14 19.6104 0.419144 2.3897 0.607318 7674
8 7 15 20.2324 0.375501 2.3294 0.500026 7790
8 7 16 19.8093 0.487854 2.62744 0.528293 7933
8 7 17 19.3489 0.300722 2.01907 0.577581 8050
8 7 18 19.782 0.344269 2.37681 0.511292 7957
8 7 19 20.0484 0.47437 2.65561 0.515677 9997
8 7 20 19.7129 0.294147 2.23387 0.693818 8141
8 7 21 20.7419 0.406083 2.69672 0.526847 7961
8 7 22 19.435 0.332545 2.33299 0.573299 6261
8 7 23 18.8044 0.309451 2.25953 0.527604 8620
8 7 24 20.065 0.369708 2.41452 0.512123 7744
8 7 25 20.2923 0.472383 2.66903 0.511045 9616
8 7 26 20.1451 0.451654 2.65618 0.518029 9062
8 7 27 19.8935 0.357788 2.48203 0.503467 9906
8 7 28 19.5932 0.37318 2.46787 0.532518 5484
8 7 29 19.8833 0.352471 2.48213 0.381935 9472
8 7 30 20.0709 0.368959 2.46851 0.512916 8605
8 7 31 20.4277 0.362651 2.48494 0.512046 12134
8 7 32 19.9408 0.365499 2.36197 0.531371 11317
8 7 33 19.7026 0.340729 2.36682 0.515669 11553
8 7 34 20.2403 0.346638 2.31571 0.573012 10465
8 7 35 20.2833 0.432834 2.58602 0.507489 14680
8 7 36 19.3785 0.314396 2.22602 0.455246 10009
8 7 37 20.3853 0.372959 2.58371 0.478521 10440
8 7 38 20.2936 0.371525 2.67807 0.503619 13273
8 7 39 20.7965 0.663317 3.03834 0.46395 12980
8 7 40 19.8418 0.328057 2.34182 0.464959 7484
8 7 41 21.5 -2 0 0 11027
8 7 42 20.4902 0.44387 2.56722 0.440359 12494
8 7 43 20.0888 0.33103 2.44249 0.375847 9790
8 7 44 19.1361 0.353844 2.21283 0.639993 13653
8 7 45 19.7955 0.349151 2.362 0.452292 12263
8 7 46 19.8481 0.380319 2.59395 0.451777 12292
8 7 47 20.7541 0.606113 3.05646 0.410872 19496
8 7 48 20.1119 0.405738 2.50278 0.418747 11405
8 7 49 19.6666 0.298008 2.18003 0.706206 11295
8 7 50 19.2544 0.330412 2.32279 0.375079 14264
8 7 51 21.5011 0.509521 3.33345 0.436904 7662
8 7 52 19.6033 0.316136 2.35078 0.426828 12134
8 7 53 20.4109 0.613874 2.95882 0.401714 11537
8 7 54 19.3195 0.363735 2.47654 0.428105 13004
8 7 55 19.8075 0.350532 2.36637 0.379215 13898
8 7 56 20.4282 0.563201 2.73863 0.509875 17248
8 7 57 20.3778 0.564772 2.91524 0.459231 16072
8 7 58 19.2921 0.40975 2.59311 0.340564 12650
8 7 59 19.5039 0.422079 2.89477 0.347805 9583
8 7 60 20.16 0.436873 2.75117 0.445027 16059
8 7 61 20.8006 0.573562 3.2673 0.454519 10249
8 7 62 19.714 0.474173 3.51124 0.349956 8016
8 7 63 18.6715 0.421715 2.72732 0.358059 13382
8 8 0 23.8001 0.592096 3.60226 0.571698 6224
8 8 1 23.4568 0.535952 3.16348 0.645964 6528
8 8 2 22.6065 0.452081 2.68991 0.621026 7294
8 8 3 23.0331 0.58357 2.96294 0.620332 8782
8 8 4 21.7717 0.438596 2.57265 0.612598 10338
8 8 5 22.0513 0.421958 2.69846 0.413173 9389
8 8 6 23.6028 0.681219 3.57596 0.497015 7853
8 8 7 23.9251 0.67939 3.43348 0.652136 10131
8 8 8 22.5282 0.439748 2.76257 0.602499 8876
8 8 9 22.0978 0.491159 2.99723 0.646767 8261
8 8 10 23.6357 0.628279 3.56179 0.48611 6778
8 8 11 22.6301 0.445386 2.69362 0.703198 9884
8 8 12 22.9335 0.442874 2.97926 0.585714 7506
8 8 13 22.8691 0.494607 3.05372 0.509192 10464
8 8 14 23.6263 0.548502 3.1966 0.668172 8303
8 8 15 23.0461 0.397124 2.77857 0.486222 10767
8 8 16 24.0391 0.7872 3.47104 0.598265 8721
8 8 17 23.7436 0.399648 3.12201 0.582165 4545
8 8 18 23.0631 0.401754 2.79424 0.547052 10139
8 8 19 22.9987 0.559746 3.04035 0.590028 13176
8 8 20 23.7936 0.722165 3.32193 0.681245 9467
8 8 21 22.6009 0.422713 2.81137 0.674341 8475
8 8 22 22.6319 0.442102 2.7394 0.539192 9001
8 8 23 22.621 0.410522 2.92019 0.60091 9177
8 8 24 23.172 0.441002 2.72147 0.591851 8606
8 8 25 23.8272 0.607721 3.1318 0.55787 13116
8 8 26 23.1959 0.566219 2.98293 0.638688 9729
8 8 27 23.2029 0.469336 2.88846 0.5962 9784
8 8 28 23.4118 0.49922 3.04019 0.480732 11387
8 8 29 22.9242 0.435047 2.7705 0.577968 9850
8 8 30 22.9057 0.41532 2.74987 0.701468 10218
8 8 31 24.0559 0.676311 3.22277 0.606598 14761
8 8 32 24.8097 0.931979 3.54565 0.596293 12697
8 8 33 23.9593 0.637583 3.2472 0.583694 11894
8 8 34 24.2319 0.649333 3.43637 0.581456 10358
8 8 35 24.5773 0.73562 3.85282 0.492618 18510
8 8 36 22.8714 0.490551 2.79675 0.569087 11885
8 8 37 23.4496 0.581379 3.12131 0.586906 11182
8 8 38 25.0662 0.900201 3.90079 0.580381 19069
8 8 39 23.5088 0.649945 3.33691 0.543722 18452
8 8 40 23.9829 0.857777 3.25408 0.764046 7586
8 8 41 23.3201 0.551523 3.19445 0.491824 15439
8 8 42 23.7775 0.6559 3.13651 0.646677 8879
8 8 43 23.4129 0.578851 3.11965 0.682161 10399
8 8 44 23.6831 0.611931 3.4154 0.461557 12341
8 8 45 23.6119 0.643807 3.14879 0.554845 12901
8 8 46 23.7711 0.547904 3.27252 0.717366 9126
8 8 47 24.4835 1.18285 3.61598 0.726942 24086
8 8 48 22.8957 0.617698 3.04396 0.533808 10619
8 8 49 23.4916 0.597358 3.21649 0.529821 9809
8 8 50 22.8214 0.56563 3.01888 0.545917 13222
8 8 51 23.7692 0.724775 3.39593 0.639877 13967
8 8 52 24.0516 0.947411 3.82756 0.620715 9826
8 8 53 25.0762 0.947785 3.90546 0.623834 16292
8 8 54 23.7292 0.719284 3.44957 0.556112 11742
8 8 55 23.0407 0.642353 3.17646 0.71263 13075
8 8 56 23.7717 0.835153 3.40809 0.640566 15661
8 8 57 23.5554 0.749617 3.71452 0.52241 16432
8 8 58 24.64 0.9175 3.69235 0.671286 10240
8 8 59 23.2943 0.703151 3.60441 0.584572 10818
8 8 60 24.8768 0.82108 4.35539 0.539364 14911
8 8 61 25.0129 0.935751 4.2487 0.636094 12459
8 8 62 23.1279 0.634353 3.34421 0.699053 12565
8 8 63 23.6585 0.692953 3.45745 0.580452 10246
8 9 0 24.695 0.653814 3.7007 0.534403 15549
8 9 1 24.546 0.833732 3.58199 0.601055 12939
8 9 2 24.0627 0.515192 3.16991 0.619716 10884
8 9 3 24.0271 0.45927 3.01875 0.586109 6721
8 9 4 24.8225 1.23897 3.49311 0.755907 4810
8 9 5 23.4477 0.480853 3.16115 0.651179 5795
8 9 6 23.8933 0.515535 3.31624 0.530133 9804
8 9 7 23.3466 0.464191 3.12388 0.542803 6855
8 9 8 23.0537 0.361173 2.73895 0.503722 9238
8 9 9 23.6782 0.589276 3.21989 0.636546 8081
8 9 10 23.8355 0.49923 3.15545 0.689105 6098
8 9 11 23.2143 0.365742 2.78167 0.572601 8689
8 9 12 23.2373 0.468107 2.93533 0.661509 6185
8 9 13 23.3963 0.40426 2.71484 0.670186 5348
8 9 14 25.2651 0.743133 3.73593 0.551727 11131
8 9 15 23.748 0.450095 3.16298 0.582211 5228
8 9 16 24.3691 0.617411 3.10687 0.738764 6365
8 9 17 23.6314 0.455806 2.95765 0.519662 9562
8 9 18 23.833 0.681169 3.43156 0.599709 4492
8 9 19 23.8576 0.537143 3.05651 0.933385 5163
8 9 20 23.8396 0.481567 3.52904 0.554369 3501
8 9 21 25.1157 0.739238 3.47627 0.629209 8369
8 9 22 24.3223 0.42272 2.91692 0.504762 5791
8 9 23 24.2593 0.596686 2.9688 0.712089 4329
8 9 24 23.89 0.517347 3.119 0.508737 10731
8 9 25 23.6998 0.377601 2.83044 0.513493 5079
8 9 26 24.6755 0.58595 3.22168 0.537421 10176
8 9 27 24.03 0.434825 2.81068 0.671827 4140
8 9 28 23.1298 0.360601 2.70307 0.56856 4586
8 9 29 23.4923 0.516787 2.85989 0.609579 6982
8 9 30 24.9774 0.572455 3.61563 0.565676 1847
8 9 31 23.2614 0.366078 2.78595 0.482269 5554
8 9 32 21.5 -2 0 0 4135
8 9 33 25.497 0.581957 3.8689 0.623352 1330
8 9 34 24.0837 0.536984 3.05012 0.532317 11012
8 9 35 23.8838 0.431912 2.82019 0.46628 5258
8 9 36 24.3359 0.658271 3.45229 0.657005 2877
8 9 37 22.9042 0.403626 2.78423 0.642084 4337
8 9 38 23.1811 0.326923 2.51389 0.641714 4696
8 9 39 21.5 -2 0 0 3209
8 9 40 25.2664 0.665007 3.476 0.612578 1888
8 9 41 23.1877 0.344684 2.66538 0.601407 3751
8 9 42 23.9078 0.666846 3.21416 0.631851 4019
8 9 43 23.3456 0.440978 2.96359 0.527605 6695
8 9 44 24.8393 0.543797 3.60888 0.504245 1350
8 9 45 22.6797 0.538243 2.94919 0.654452 3854
8 9 46 23.638 0.465709 3.02024 0.667823 8797
8 9 47 23.0651 0.421143 2.81559 0.700885 3815
8 9 48 24.4443 0.593976 3.48919 0.537367 3184
8 9 49 23.3276 0.385124 2.85803 0.584343 4975
8 9 50 24.6587 0.455147 3.51506 0.535301 1931
8 9 51 23.353 0.434715 2.90521 0.686735 4498
8 9 52 22.7294 0.401728 2.76238 0.664204 7669
8 9 53 23.651 0.608002 2.95822 0.568185 2395
8 9 54 24.5385 0.474843 3.38433 0.522323 1859
8 9 55 22.8772 0.48104 2.83172 0.494485 7590
8 9 56 23.2144 0.404777 2.99081 0.487894 3362
8 9 57 22.8999 0.445321 2.77072 0.605159 5917
8 9 58 24.2396 0.486554 3.48114 0.63408 2161
8 9 59 23.4621 0.637707 3.31107 0.511349 8932
8 9 60 22.7233 0.572991 3.10073 0.457777 4016
8 9 61 24.5295 1.13001 3.93487 0.610786 5585
8 9 62 22.9128 0.535591 3.13076 0.50639 7243
8 9 63 22.4076 0.4897 3.16595 0.577724 2685
8 10 0 24.5003 0.549178 3.67821 0.931446 16442
8 10 1 23.6961 0.530151 3.42927 0.766157 15350
8 10 2 23.9694 0.452481 3.33169 0.842767 15037
8 10 3 22.5919 0.348269 2.89825 0.793487 19568
8 10 4 23.0132 0.42265 3.08017 0.748782 17683
8 10 5 23.2918 0.35669 3.02624 0.663478 17007
8 10 6 24.6253 0.540642 3.55935 0.840674 17592
8 10 7 24.3269 0.476235 3.54758 0.620513 23030
8 10 8 22.9611 0.384474 3.0577 0.733505 15178
8 10 9 23.4253 0.444294 3.19865 0.820645 19919
8 10 10 24.151 0.646956 3.4669 0.721479 19577
8 10 11 23.2111 0.44869 3.0372 0.71719 16416
8 10 12 23.4838 0.429797 3.32556 0.648985 16387
8 10 13 24.0074 0.452883 3.28051 0.649241 19931
8 10 14 23.6704 0.470247 3.34283 0.803539 18873
8 10 15 22.9008 0.369162 2.96228 0.598501 20580
8 10 16 24.5395 0.711007 3.68384 0.866057 27026
8 10 17 23.6561 0.413291 3.13947 0.657292 15504
8 10 18 23.1034 0.395424 3.04341 0.765577 17540
8 10 19 23.5465 0.445038 3.36152 0.611251 25751
8 10 20 23.5709 0.40714 2.97945 0.822287 16732
8 10 21 24.2845 0.593743 3.27344 0.947714 19563
8 10 22 24.6962 0.585513 3.52759 0.685972 20751
8 10 23 23.693 0.408687 3.02922 0.718118 17502
8 10 24 23.1821 0.35687 2.77211 0.748948 17727
8 10 25 23.7217 0.396501 3.06181 0.7779 26405
8 10 26 23.059 0.466591 3.24781 0.763539 17559
8 10 27 23.6689 0.451739 2.98263 0.88711 18881
8 10 28 23.5685 0.39671 3.05139 0.761611 18929
8 10 29 23.6923 0.44246 3.08466 0.734585 17637
8 10 30 23.7349 0.422039 3.15367 0.671896 16241
8 10 31 24.3364 0.521028 3.36182 0.803569 24455
8 10 32 24.3719 0.486151 3.4007 0.620553 20315
8 10 33 23.3299 0.360078 2.873 0.724103 20994
8 10 34 24.7768 0.518836 3.50718 0.687275 15077
8 10 35 24.4136 0.589922 3.41952 0.798885 26202
8 10 36 23.9453 0.405603 3.0673 0.729323 15195
8 10 37 23.7295 0.418703 3.10936 0.645637 15398
8 10 38 24.4802 0.477941 3.54142 0.618556 26785
8 10 39 24.8389 0.716412 3.60246 0.902172 24708
8 10 40 23.2061 0.486748 3.25041 0.685602 14052
8 10 41 23.4743 0.382117 2.93779 0.722041 22945
8 10 42 23.3118 0.416693 3.08549 0.715642 19728
8 10 43 23.4169 0.394917 3.01509 0.681939 19170
8 10 44 23.3482 0.40542 2.94547 0.683005 23606
8 10 45 23.9646 0.457201 3.30077 0.616347 18431
8 10 46 24.4464 0.549668 3.33211 0.996691 15189
8 10 47 25.264 0.645849 3.7752 0.823927 26327
8 10 48 23.2278 0.417297 2.917 0.880544 20031
8 10 49 25.1424 0.497318 3.55091 0.822083 14620
8 10 50 23.7516 0.390391 2.97781 0.740127 19289
8 10 51 24.6525 0.513441 3.81643 0.597562 14242
8 10 52 23.1701 0.371149 3.10396 0.658666 17667
8 10 53 23.1784 0.421387 3.15782 0.719848 26445
8 10 54 23.313 0.360103 2.99359 0.730724 17034
8 10 55 24.6047 0.379738 3.44318 0.607903 8896
8 10 56 23.6025 0.573514 3.75811 0.693279 22333
8 10 57 23.4822 0.511889 3.53026 0.823674 21202
8 10 58 23.2825 0.339304 3.28487 0.629751 7691
8 10 59 24.1883 0.549865 3.58301 0.843758 15851
8 10 60 22.8694 0.466949 3.35743 0.665783 26354
8 10 61 24.3869 0.666125 3.90853 0.784446 21023
8 10 62 24.3972 0.675701 3.99991 0.72328 13020
8 10 63 23.6021 0.506738 3.247 0.768588 18779
8 11 0 23.9139 0.608104 3.6257 0.557502 19292
8 11 1 23.3231 0.498393 3.25413 0.53186 15463
8 11 2 22.1784 0.473559 3.15193 0.486581 17089
8 11 3 21.512 0.341328 2.68359 0.563201 10591
8 11 4 22.4254 0.414199 3.08433 0.519783 10402
8 11 5 21.8726 0.474071 3.04374 0.489495 12376
8 11 6 22.5634 0.49221 2.91234 0.613296 14107
8 11 7 21.3624 0.347108 2.56998 0.600449 9694
8 11 8 22.7393 0.4319 3.19488 0.625733 6705
8 11 9 22.0734 0.387524 2.85258 0.576447 11866
8 11 10 22.3619 0.455337 3.0113 0.597077 10766
8 11 11 22.0098 0.374061 2.80278 0.450799 14327
8 11 12 22.5937 0.444704 3.30509 0.548297 6853
8 11 13 22.4645 0.382588 2.8096 0.59741 9538
8 11 14 23.0026 0.549221 3.4297 0.582879 14612
8 11 15 22.0863 0.382076 2.66979 0.651685 10540
8 11 16 23.2894 0.598323 3.15475 0.689342 8849
8 11 17 23.9512 0.602333 3.48446 0.50748 14207
8 11 18 22.8783 0.423999 3.07941 0.566017 11168
8 11 19 22.3582 0.344585 2.75162 0.478234 10040
8 11 20 22.4304 0.454309 2.65156 0.755851 10250
8 11 21 22.7704 0.454225 2.92484 0.615085 11588
8 11 22 22.4168 0.389816 2.68344 0.494883 10027
8 11 23 22.5473 0.397637 2.73291 0.620382 14259
8 11 24 23.3427 0.501904 3.18156 0.58943 13923
8 11 25 22.6805 0.370751 2.73578 0.545444 9704
8 11 26 24.4227 0.564331 3.19312 0.677573 17119
8 11 27 22.2869 0.302864 2.55796 0.570558 10353
8 11 28 22.9232 0.459984 2.80061 0.641283 8981
8 11 29 23.2529 0.506639 3.02001 0.530678 15057
8 11 30 23.0843 0.435392 2.85744 0.552708 8708
8 11 31 22.4784 0.360395 2.78628 0.620209 9310
8 11 32 22.6821 0.39571 2.86271 0.571165 9275
8 11 33 22.8039 0.41642 2.8672 0.619877 9365
8 11 34 23.1016 0.492099 3.02541 0.570484 19953
8 11 35 23.0404 0.483742 2.98351 0.648252 8820
8 11 36 23.0045 0.422707 2.9097 0.559014 9314
8 11 37 22.4743 0.423624 2.87493 0.689779 12075
8 11 38 22.7375 0.408182 2.72021 0.607548 8884
8 11 39 23.0504 0.507538 3.12379 0.661722 9317
8 11 40 23.2047 0.60162 3.08915 0.66249 9050
8 11 41 22.6188 0.39978 2.7802 0.534464 8372
8 11 42 23.6035 0.452491 3.27356 0.558572 9545
8 11 43 22.4328 0.397612 2.86731 0.615076 15196
8 11 44 21.5 -2 0 0 8399
8 11 45 21.8822 0.344581 2.62118 0.601722 9936
8 11 46 23.2543 0.563062 3.24155 0.571921 17091
8 11 47 22.5585 0.435155 3.08282 0.752576 8387
8 11 48 22.4274 0.374906 2.71545 0.509491 10290
8 11 49 21.4711 0.334808 2.66455 0.483583 12818
8 11 50 22.3659 0.337413 2.64512 0.789802 9604
8 11 51 22.9407 0.516284 3.20139 0.513304 14228
8 11 52 22.1609 0.518732 2.82242 0.66152 14632
8 11 53 22.3076 0.385752 2.97698 0.66161 6976
8 11 54 22.1784 0.379235 2.73195 0.644562 10246
8 11 55 21.8628 0.43936 2.90964 0.575395 14234
8 11 56 23.1195 0.665121 3.20861 0.684441 10161
8 11 57 22.825 0.497957 3.15674 0.64284 12667
8 11 58 22.5459 0.473693 3.11933 0.627045 10824
8 11 59 23.6369 0.754002 3.79675 0.583276 16127
8 11 60 21.3901 0.453592 2.86811 0.619074 10661
8 11 61 25.7555 1.45028 4.30439 0.865629 14511
8 11 62 22.8426 0.559946 3.37426 0.532674 17166
8 11 63 20.7292 0.407754 2.79602 0.456534 14690
8 12 0 25.0571 0.731409 3.72654 0.816478 17076
8 12 1 24.7905 0.689551 3.751 0.690843 16200
8 12 2 24.0412 0.756161 3.33898 0.729064 18209
8 12 3 23.9291 0.677256 3.38749 0.698247 17925
8 12 4 22.8727 0.502805 3.12541 0.691191 16001
8 12 5 23.7538 0.446658 3.24825 0.559687 17628
8 12 6 23.0951 0.494731 3.40679 0.701094 18296
8 12 7 24.0622 0.560449 3.45521 0.654721 21769
8 12 8 23.2679 0.423715 3.09385 0.570217 17334
8 12 9 24.1376 0.594423 3.57295 0.714612 22240
8 12 10 24.2883 0.578499 3.51237 0.647096 20205
8 12 11 23.5149 0.531805 3.08817 0.760987 15538
8 12 12 22.8206 0.417145 2.92465 0.727351 17883
8 12 13 22.9114 0.457874 3.19704 0.573559 17242
8 12 14 23.7578 0.519977 3.14315 0.843506 16833
8 12 15 23.286 0.55915 3.25945 0.686621 19774
8 12 16 25.6879 0.849769 4.38756 0.679709 21839
8 12 17 24.2687 0.576881 3.46868 0.618615 14211
8 12 18 22.9776 0.410722 3.04776 0.578878 17304
8 12 19 24.7525 0.641748 3.67308 0.664171 19605
8 12 20 23.0863 0.477202 2.89898 0.759701 14855
8 12 21 24.6255 0.797058 3.53984 0.817494 20682
8 12 22 24.2397 0.53662 3.14112 0.69407 19185
8 12 23 23.3787 0.414934 2.92195 0.649893 13933
8 12 24 23.5352 0.440702 3.03019 0.577695 16452
8 12 25 24.3711 0.558219 3.5191 0.716674 20792
8 12 26 23.6844 0.603455 3.20095 0.776804 15111
8 12 27 23.2765 0.435348 2.88511 0.619341 16400
8 12 28 23.1499 0.419081 2.97919 0.536579 16306
8 12 29 23.5404 0.421733 3.04402 0.736053 12295
8 12 30 24.0694 0.503776 2.91343 0.753591 14661
8 12 31 24.4844 0.589811 3.56774 0.557831 15936
8 12 32 24.336 0.524447 3.2036 0.707381 14778
8 12 33 24.2198 0.560323 3.41757 0.629605 13361
8 12 34 23.5333 0.548659 3.2817 0.662557 15161
8 12 35 23.6432 0.537875 3.39823 0.701363 18221
8 12 36 21.5 -2 0 0 11412
8 12 37 23.3725 0.434833 2.96014 0.653236 11632
8 12 38 24.9866 0.658117 3.74896 0.683085 14056
8 12 39 23.7219 0.470622 3.12022 0.824653 13047
8 12 40 23.4174 0.432545 2.95958 0.675501 13660
8 12 41 23.7714 0.567647 3.43849 0.583378 14798
8 12 42 23.9604 0.550578 3.35031 0.643708 11800
8 12 43 23.9901 0.479261 3.26761 0.625317 12211
8 12 44 23.2815 0.416542 3.07349 0.696249 12852
8 12 45 23.7378 0.493294 3.25768 0.652025 14501
8 12 46 24.0405 0.572945 3.33504 0.798485 13075
8 12 47 25.7771 0.743194 4.02105 0.68124 13902
8 12 48 24.7526 0.731471 3.55284 0.812339 12892
8 12 49 22.9682 0.444652 2.76971 0.722095 12588
8 12 50 23.2436 0.486613 3.31744 0.708855 14883
8 12 51 23.6542 0.606755 3.772 0.738569 9461
8 12 52 24.0561 0.522346 3.20148 0.622941 10799
8 12 53 24.9442 0.76954 3.88672 0.719434 12395
8 12 54 21.9443 0.369491 2.93078 0.561465 14146
8 12 55 23.8531 0.596379 3.404 0.644485 9436
8 12 56 23.6165 0.659623 3.46893 0.768443 11229
8 12 57 23.6604 0.60759 3.48566 0.783496 11409
8 12 58 21.96 0.444689 3.37495 0.498868 11120
8 12 59 23.1894 0.592406 3.46769 0.733182 11317
8 12 60 22.3944 0.428041 3.19029 0.656768 13928
8 12 61 25.2752 0.40985 4.80584 0.381301 8326
8 12 62 22.4668 0.646994 3.42291 0.728784 11928
8 12 63 22.3376 0.541405 3.05942 0.638501 10971
8 13 0 22.5643 0.774005 2.89545 0.474698 3147
8 13 1 22.7475 0.542323 3.06508 0.627728 8567
8 13 2 23.3953 0.713916 3.40762 0.590468 8605
8 13 3 22.3664 0.422913 2.74763 0.532529 6778
8 13 4 23.36 0.763377 3.07482 0.567798 7096
8 13 5 23.0149 0.412056 2.85492 0.605987 7434
8 13 6 23.2008 0.615194 2.99091 0.608286 8143
8 13 7 22.5562 0.546432 3.14321 0.549592 4803
8 13 8 22.057 0.365366 2.48178 0.508594 8799
8 13 9 23.6654 0.627561 3.26824 0.587302 6459
8 13 10 22.1445 0.409011 2.81978 0.607694 6259
8 13 11 22.9432 0.536978 3.18284 0.487905 8129
8 13 12 22.6662 0.431342 2.77774 0.445305 6855
8 13 13 21.9393 0.373923 2.71101 0.509707 5443
8 13 14 22.5235 0.47191 2.86917 0.51845 13153
8 13 15 22.315 0.418023 2.63986 0.505331 6543
8 13 16 23.1347 0.612194 3.24236 0.504818 5856
8 13 17 23.6943 0.544491 2.92939 0.559483 9642
8 13 18 22.7421 0.551643 2.73372 0.614156 7235
8 13 19 21.7849 0.35978 2.59516 0.594199 5936
8 13 20 22.9056 0.506031 2.95214 0.673326 7009
8 13 21 23.1031 0.482021 3.05916 0.460258 7575
8 13 22 22.8703 0.508185 2.67628 0.585746 5914
8 13 23 23.2207 0.627251 3.0141 0.661835 7193
8 13 24 22.6839 0.451609 2.84413 0.449126 8916
8 13 25 22.5672 0.390815 2.71486 0.55964 6194
8 13 26 24.0364 0.688387 3.28163 0.540795 11519
8 13 27 23.2637 0.458813 2.93808 0.520677 6670
8 13 28 22.5984 0.419772 2.84596 0.521131 5403
8 13 29 23.1598 0.532735 3.11707 0.47634 9971
8 13 30 22.6407 0.365478 2.72804 0.538843 6814
8 13 31 23.0973 0.460116 2.86406 0.521946 6421
8 13 32 23.6664 0.464037 2.91556 0.590754 5440
8 13 33 21.7505 0.354161 2.46461 0.722114 7400
8 13 34 24.1603 0.64807 3.45341 0.572125 12904
8 13 35 22.8335 0.402943 2.71136 0.561423 6723
8 13 36 23.786 0.637029 3.03107 0.529212 7441
8 13 37 22.4444 0.451563 2.67451 0.52733 9200
8 13 38 23.5476 0.493654 2.9367 0.432216 6755
8 13 39 23.2411 0.508071 3.2098 0.489922 10930
8 13 40 22.8892 0.511075 3.04168 0.443435 8810
8 13 41 21.9084 0.356799 2.40811 0.599908 8242
8 13 42 23.0622 0.405139 2.80038 0.536074 10740
8 13 43 23.4525 0.600556 3.29165 0.487297 11206
8 13 44 21.9989 0.385198 2.68847 0.533338 7731
8 13 45 22.6645 0.53948 2.89192 0.575919 8243
8 13 46 24.1908 0.963503 3.42069 0.618859 14339
8 13 47 23.2637 0.600481 2.9325 0.756283 8119
8 13 48 22.476 0.497809 2.75641 0.549516 9389
8 13 49 23.1271 0.576602 2.9261 0.572477 11705
8 13 50 22.5162 0.488413 2.90153 0.449204 9586
8 13 51 23.6945 0.609134 3.42678 0.496888 15727
8 13 52 22.5704 0.615997 3.14737 0.452163 12888
8 13 53 23.7778 0.817084 3.82693 0.585342 7822
8 13 54 22.7598 0.426346 2.82575 0.468322 10459
8 13 55 23.1104 0.614507 3.31149 0.499787 13518
8 13 56 22.6048 0.60023 3.25056 0.497253 11790
8 13 57 23.5048 0.62107 3.41123 0.495693 12924
8 13 58 21.6561 0.497648 2.94864 0.366472 11224
8 13 59 22.5102 0.65763 3.20841 0.46688 15706
8 13 60 22.9228 0.800337 3.45829 0.592283 9347
8 13 61 24.0887 1.11789 4.0567 0.512545 17884
8 13 62 23.8943 0.910288 3.88543 0.505895 14783
8 13 63 22.7884 0.62685 3.50785 0.384695 10952
8 14 0 22.7663 0.741758 3.57474 0.463135 11511
8 14 1 23.2097 0.76255 3.35867 0.566538 10532
8 14 2 22.7806 0.619706 3.11037 0.468262 11843
8 14 3 22.7082 0.481362 2.93664 0.378552 10656
8 14 4 22.1223 0.501985 2.65131 0.403633 9121
8 14 5 22.5109 0.483299 2.71777 0.427278 9410
8 14 6 23.3065 0.692383 3.32252 0.416054 12231
8 14 7 23.7896 0.8272 3.31565 0.504371 12439
8 14 8 23.4062 0.569245 3.20704 0.512918 8702
8 14 9 22.7367 0.568857 2.99262 0.47629 13655
8 14 10 23.5505 0.772929 3.41919 0.401117 14715
8 14 11 22.9747 0.571504 2.95927 0.584481 7320
8 14 12 22.3034 0.558274 2.94076 0.431598 9628
8 14 13 22.8568 0.49252 3.06082 0.413501 9409
8 14 14 24.2501 0.746565 3.43986 0.478176 8555
8 14 15 22.9311 0.553867 2.9823 0.456369 6965
8 14 16 23.9015 0.873235 3.59816 0.452605 14921
8 14 17 21.8536 0.398143 2.34805 0.598594 7883
8 14 18 23.1114 0.70993 3.18999 0.474351 8608
8 14 19 23.029 0.604914 3.06836 0.379651 11495
8 14 20 22.2027 0.416999 2.70072 0.532838 8397
8 14 21 23.1685 0.605446 3.18171 0.413595 14004
8 14 22 22.1693 0.505926 2.82769 0.451076 11603
8 14 23 22.6408 0.459641 2.71896 0.318445 6751
8 14 24 22.8465 0.530053 2.94742 0.430105 9805
8 14 25 24.5246 0.883757 3.77922 0.389761 9156
8 14 26 22.7386 0.650555 3.0473 0.626576 7932
8 14 27 22.9055 0.469846 2.7187 0.553269 7546
8 14 28 22.7087 0.581637 2.9979 0.399437 9411
8 14 29 22.7198 0.58489 3.03708 0.40724 6922
8 14 30 22.4397 0.549926 2.87915 0.41004 7083
8 14 31 23.1874 0.539855 3.08741 0.405155 8549
8 14 32 21.5 -2 0 0 6759
8 14 33 22.7899 0.714853 3.11112 0.499305 7537
8 14 34 22.3699 0.596753 2.73162 0.436105 7305
8 14 35 22.8663 0.565991 2.86791 0.40289 7646
8 14 36 22.4387 0.461526 2.77289 0.553449 5772
8 14 37 22.3587 0.59007 2.92688 0.513622 6047
8 14 38 22.7083 0.576273 2.86786 0.616798 6793
8 14 39 22.3398 0.517817 2.96346 0.443753 5551
8 14 40 22.62 0.479319 2.70685 0.406447 6698
8 14 41 22.4205 0.507226 2.95132 0.420161 7103
8 14 42 21.7717 0.436642 2.57922 0.469358 5998
8 14 43 22.7207 0.549307 2.75726 0.455465 5777
8 14 44 22.4446 0.549192 3.06134 0.323031 6682
8 14 45 22.4268 0.485219 2.88069 0.431504 5739
8 14 46 21.7484 0.465787 2.89603 0.516624 6896
8 14 47 23.263 0.901199 3.77013 0.484841 5569
8 14 48 21.7586 0.473793 2.53494 0.49521 6712
8 14 49 22.058 0.494921 2.85439 0.594582 5648
8 14 50 20.9442 0.41616 2.38104 0.538922 6459
8 14 51 21.3723 0.413135 2.55853 0.453906 5206
8 14 52 22.0865 0.538917 2.86981 0.462853 5184
8 14 53 22.3972 0.674749 2.75326 0.573236 5789
8 14 54 21.846 0.574967 2.49414 0.539179 5334
8 14 55 22.8644 0.521765 2.92233 0.518196 4459
8 14 56 22.0446 0.563355 2.76442 0.42616 6121
8 14 57 21.4942 0.51713 2.65084 0.489657 5467
8 14 58 21.361 0.50857 2.60224 0.531008 5030
8 14 59 21.7779 0.616559 3.17891 0.593306 5809
8 14 60 21.1548 0.42488 2.60586 0.552831 6203
8 14 61 21.694 0.657833 3.24708 0.508238 5252
8 14 62 22.3956 0.638515 3.04726 0.498334 4995
8 14 63 20.8246 0.572824 2.81802 0.527259 6064
8 15 0 24.1352 0.827738 3.23005 0.375221 4477
8 15 1 24.4704 0.820942 2.92316 0.451468 3754
8 15 2 23.8418 0.819599 3.11843 0.444387 4120
8 15 3 24.1991 0.887249 3.25067 0.363124 3187
8 15 4 23.1979 0.641599 2.92152 0.385948 3728
8 15 5 23.9394 0.785777 3.4257 0.340517 3656
8 15 6 24.6439 0.747959 2.97158 0.466788 3218
8 15 7 23.4998 0.518401 2.68882 0.379349 3457
8 15 8 23.6816 0.593999 2.83027 0.501595 3847
8 15 9 21.5 -2 0 0 3176
8 15 10 22.3505 0.490101 2.49604 0.699997 3423
8 15 11 24.3664 0.576464 3.03519 0.420359 4354
8 15 12 22.9886 0.466257 2.49263 0.374768 3596
8 15 13 22.9784 0.521575 2.47862 0.336724 3581
8 15 14 23.0973 0.511994 2.86148 0.440455 4868
8 15 15 22.7278 0.439765 2.36106 0.476705 4306
8 15 16 23.4199 0.660518 3.16618 0.405634 2974
8 15 17 23.1419 0.619512 2.85652 0.41489 4489
8 15 18 23.7792 0.542233 2.86856 0.569833 3462
8 15 19 23.659 0.682268 3.00668 0.354378 3570
8 15 20 23.7601 0.497194 2.84802 0.413178 3733
8 15 21 23.3184 0.650265 3.06063 0.386174 3825
8 15 22 24.2032 0.547688 2.7809 0.369053 2898
8 15 23 23.228 0.516565 2.64202 0.337607 4704
8 15 24 24.3581 0.655214 3.24648 0.358868 4813
8 15 25 24.1261 0.472479 2.82747 0.290719 3567
8 15 26 23.692 0.880805 2.97287 0.474806 5487
8 15 27 23.2577 0.539438 2.60664 0.527432 3559
8 15 28 23.0314 0.493362 2.51571 0.487438 3537
8 15 29 24.7222 0.922385 3.48324 0.338035 5413
8 15 30 23.7745 0.803052 3.19902 0.374994 4205
8 15 31 23.3729 0.550282 2.64483 0.43886 4271
8 15 32 23.515 0.604646 2.89298 0.482209 3919
8 15 33 21.5 -2 0 0 4168
8 15 34 23.8465 0.671341 3.16051 0.372154 5699
8 15 35 23.5723 0.533244 2.66543 0.57298 3884
8 15 36 23.5296 0.519147 2.81914 0.413556 3861
8 15 37 24.1428 0.688914 2.99104 0.315082 5195
8 15 38 23.3563 0.532955 2.97488 0.371314 4477
8 15 39 24.799 0.762702 3.63858 0.318387 6256
8 15 40 23.0273 0.55169 2.676 0.41807 5128
8 15 41 23.9213 0.685338 3.09524 0.333754 4549
8 15 42 23.6368 0.713142 2.73931 0.436257 4760
8 15 43 23.6995 0.519046 2.89148 0.38987 5644
8 15 44 24.0193 0.512778 2.82402 0.384874 4700
8 15 45 23.8237 0.584738 2.96537 0.43659 4667
8 15 46 25.1916 0.81385 3.57479 0.348845 5674
8 15 47 24.427 0.678141 3.45511 0.424764 5655
8 15 48 23.5734 0.883961 3.01969 0.363827 4632
8 15 49 23.4403 0.937858 3.37392 0.424597 5424
8 15 50 23.6013 0.710882 2.70075 0.518774 5252
8 15 51 25.2593 1.01549 3.95735 0.312038 8226
8 15 52 23.9522 0.778654 3.23919 0.35612 5240
8 15 53 24.2931 0.787371 3.21455 0.311463 5492
8 15 54 23.6283 0.945941 3.26398 0.38771 5179
8 15 55 23.164 0.862597 3.38441 0.340673 7300
8 15 56 24.0746 0.833973 3.51083 0.379242 7022
8 15 57 24.1406 1.00252 3.67272 0.366167 8074
8 15 58 24.4733 0.792353 3.56361 0.327352 5153
8 15 59 24.5955 1.04889 3.77986 0.373029 6399
8 15 60 21.3575 0.61304 2.87601 0.656482 6586
8 15 61 25.583 1.45501 4.40106 0.377876 8988
8 15 62 23.8337 0.775381 3.90889 0.36095 6367
8 15 63 22.9347 0.754624 3.24509 0.283439 5824
9 0 0 22.089 0.51603 3.02056 0.722127 10703
9 0 1 21.2081 0.426513 2.72917 0.704078 10490
9 0 2 20.4209 0.291614 2.45059 0.644021 10037
9 0 3 20.8762 0.252367 2.40334 0.634101 10227
9 0 4 21.5544 0.311197 2.62533 0.731575 9771
9 0 5 20.9078 0.25862 2.37061 0.700242 9782
9 0 6 21.3557 0.321653 2.58343 0.693303 10345
9 0 7 20.7586 0.273364 2.48745 0.710081 10046
9 0 8 21.0419 0.260521 2.44827 0.714429 12704
9 0 9 21.0926 0.244264 2.33777 0.590483 8815
9 0 10 20.6639 0.281413 2.44853 0.766656 7792
9 0 11 21.5 -2 0 0 14479
9 0 12 20.6258 0.241439 2.33915 0.598028 10077
9 0 13 21.6365 0.28753 2.51665 0.604392 10710
9 0 14 21.6315 0.332798 2.73635 0.697124 13037
9 0 15 21.9175 0.337039 2.4769 0.725033 10312
9 0 16 21.1609 0.269951 2.41865 0.741126 8376
9 0 17 21.972 0.349417 2.68455 0.61252 12704
9 0 18 21.4145 0.272238 2.54693 0.745327 7464
9 0 19 20.9272 0.271671 2.48826 0.630385 10979
9 0 20 21.215 0.395055 2.81259 0.930493 9582
9 0 21 21.045 0.281664 2.5408 0.605599 8470
9 0 22 21.3559 0.271226 2.54473 0.562103 9123
9 0 23 21.4998 0.339273 2.60039 0.555523 14071
9 0 24 20.8354 0.245633 2.31751 0.506363 12904
9 0 25 21.4923 0.294989 2.52079 0.651142 11252
9 0 26 21.9265 0.295831 2.6374 0.581446 15995
9 0 27 21.8139 0.32671 2.6517 0.601284 9235
9 0 28 20.904 0.247908 2.37477 0.58427 10548
9 0 29 21.6242 0.303562 2.68589 0.6372 14547
9 0 30 22.1049 0.338134 2.65961 0.614168 7781
9 0 31 21.5217 0.288703 2.51519 0.875863 14363
9 0 32 21.2821 0.270888 2.35626 0.560304 12458
9 0 33 21.2559 0.292727 2.63612 0.548097 11603
9 0 34 22.8202 0.410691 2.96905 0.695996 19214
9 0 35 21.2342 0.293472 2.54391 0.620301 14102
9 0 36 21.9015 0.350732 2.66238 0.691424 8464
9 0 37 21.9141 0.291725 2.47 0.74848 13614
9 0 38 21.5913 0.28928 2.47249 0.723483 15227
9 0 39 22.5326 0.446617 3.0583 0.732255 18899
9 0 40 21.8498 0.37355 2.72443 0.635965 9663
9 0 41 21.6327 0.270862 2.56983 0.65704 12059
9 0 42 22.111 0.383781 2.95714 0.534039 12336
9 0 43 22.36 0.356091 2.89381 0.582555 14817
9 0 44 21.5058 0.3155 2.5466 0.713005 13834
9 0 45 21.9658 0.380525 2.73944 0.779192 14431
9 0 46 21.837 0.361961 2.81947 0.618354 21151
9 0 47 21.7124 0.383274 2.83568 0.620601 17764
9 0 48 21.3862 0.285771 2.53782 0.572377 13735
9 0 49 21.845 0.376634 2.91144 0.660919 11822
9 0 50 22.04 0.333776 2.7074 0.860954 11536
9 0 51 22.34 0.512579 3.1643 0.679795 24484
9 0 52 21.778 0.346521 2.62924 0.735674 15861
9 0 53 22.2211 0.440808 3.06018 0.619703 14854
9 0 54 21.5529 0.360224 2.91503 0.634111 13651
9 0 55 21.7386 0.421038 2.80342 0.637337 21356
9 0 56 22.4573 0.471011 3.1723 0.610872 17572
9 0 57 21.8632 0.417078 2.93118 0.757527 17917
9 0 58 20.5665 0.3216 2.60223 0.619853 15702
9 0 59 21.8962 0.542747 3.22503 0.668566 19279
9 0 60 21.1846 0.503937 2.88534 0.814006 16116
9 0 61 22.8713 0.671152 3.79762 0.619476 22374
9 0 62 21.9822 0.505057 3.15621 0.803518 21719
9 0 63 20.6564 0.370673 2.82366 0.662695 19141
9 1 0 24.0749 0.629672 3.70023 0.859393 18250
9 1 1 22.655 0.521711 3.24339 0.754823 23360
9 1 2 23.0584 0.683603 3.41665 0.775324 21903
9 1 3 21.4132 0.370252 2.71972 0.562843 19740
9 1 4 22.4955 0.641425 3.19704 0.787864 12334
9 1 5 21.0545 0.323268 2.78543 0.612444 19353
9 1 6 22.7989 0.615149 3.27133 0.722568 19870
9 1 7 22.8711 0.560387 3.34865 0.672252 17979
9 1 8 22.371 0.467931 3.01351 0.677774 16778
9 1 9 24.3629 0.645405 3.94962 0.685706 16305
9 1 10 22.808 0.56371 3.14843 0.734453 19415
9 1 11 22.117 0.414951 2.93178 0.627712 15439
9 1 12 22.8551 0.538663 3.25346 0.643871 12708
9 1 13 22.4601 0.452974 2.92669 0.700193 13536
9 1 14 23.2622 0.582594 3.3981 0.820343 17964
9 1 15 22.6535 0.367211 2.95817 0.474355 12569
9 1 16 24.3862 0.902936 4.08764 0.732662 22738
9 1 17 22.6232 0.391622 2.88763 0.631898 16467
9 1 18 22.8761 0.598268 3.28249 0.694909 10180
9 1 19 22.9693 0.540926 3.22263 0.615506 14380
9 1 20 22.2683 0.431093 2.65968 0.896263 10827
9 1 21 23.1362 0.602988 3.36523 0.740392 20241
9 1 22 23.3129 0.489821 3.17922 0.601942 15665
9 1 23 22.6328 0.495872 3.01884 0.932129 11174
9 1 24 21.628 0.327442 2.66257 0.68446 18198
9 1 25 23.2164 0.430594 2.78475 0.745663 16638
9 1 26 23.3844 0.616019 3.64281 0.704806 16368
9 1 27 22.3296 0.424536 2.67001 0.657876 14672
9 1 28 23.1073 0.518176 3.20114 0.656765 12588
9 1 29 22.2054 0.357632 2.60807 0.770738 14138
9 1 30 22.45 0.360652 2.64712 0.743568 10363
9 1 31 22.7775 0.462661 3.11703 0.562263 12794
9 1 32 23.3612 0.468384 3.09278 0.71367 10215
9 1 33 21.9545 0.356664 2.64604 0.712586 13421
9 1 34 22.7684 0.419029 3.16193 0.658622 13939
9 1 35 22.8708 0.463847 3.01784 0.764032 11846
9 1 36 22.8113 0.397839 2.88455 0.712044 8814
9 1 37 22.567 0.490088 3.12241 0.672736 10984
9 1 38 22.7477 0.488858 3.12464 0.641295 11239
9 1 39 21.7342 0.312709 2.43074 0.679364 8743
9 1 40 22.7501 0.431205 2.95755 0.66036 11208
9 1 41 22.3207 0.387378 2.84321 0.817246 9258
9 1 42 21.7752 0.386574 2.47564 0.971389 10961
9 1 43 21.5 -2 0 0 10290
9 1 44 22.6925 0.425007 3.037 0.63644 7492
9 1 45 22.1639 0.430841 2.80498 0.768693 11644
9 1 46 22.8324 0.52527 3.19028 0.751338 14698
9 1 47 22.4057 0.429738 2.91213 0.841314 8467
9 1 48 22.7421 0.409382 2.82658 0.698123 9816
9 1 49 21.7824 0.374023 2.85675 0.665712 12335
9 1 50 21.889 0.393791 2.75405 0.689127 8979
9 1 51 21.791 0.446595 2.84469 0.791869 9073
9 1 52 22.3917 0.464529 2.91135 0.729208 11269
9 1 53 21.6334 0.556622 2.92292 0.791847 7555
9 1 54 21.513 0.335471 2.6254 0.534625 9639
9 1 55 21.6277 0.386056 2.77413 0.737316 8838
9 1 56 21.045 0.320355 2.66448 0.808659 7282
9 1 57 21.2117 0.346966 2.75908 0.817464 10142
9 1 58 21.2341 0.389243 2.56766 0.661358 10384
9 1 59 22.0877 0.508841 3.02315 0.894405 12047
9 1 60 21.7655 0.448637 2.89725 0.742148 7777
9 1 61 21.8857 0.519841 2.97459 0.906764 9306
9 1 62 21.6335 0.476015 3.07604 0.774681 9852
9 1 63 20.0879 0.288815 2.4748 0.686507 9913
9 2 0 22.975 0.53065 3.44964 0.781649 23490
9 2 1 23.4785 0.549704 3.49349 0.758316 18924
9 2 2 22.1954 0.447454 3.07349 0.689419 20154
9 2 3 22.0082 0.336819 2.63806 0.651381 14464
9 2 4 21.8027 0.338206 2.68608 0.790182 15852
9 2 5 21.8982 0.312467 2.75614 0.625481 17972
9 2 6 22.63 0.384929 3.06763 0.683285 18970
9 2 7 22.3846 0.380236 2.82092 0.795319 12224
9 2 8 22.3638 0.386686 2.69099 0.666036 17399
9 2 9 22.7066 0.56751 3.0828 0.91441 18942
9 2 10 22.4759 0.30536 2.54332 0.93112 15076
9 2 11 22.316 0.372528 2.82368 0.671197 18657
9 2 12 22.5574 0.371842 2.97778 0.650806 15995
9 2 13 21.6041 0.337129 2.53488 0.767812 13108
9 2 14 22.7203 0.40502 3.10618 0.626771 21077
9 2 15 22.0931 0.350006 2.70558 0.663007 15296
9 2 16 23.0196 0.414172 3.2235 0.773139 11982
9 2 17 22.8663 0.387005 2.99972 0.727308 17040
9 2 18 22.4864 0.384409 2.83832 0.631459 15171
9 2 19 22.1155 0.308509 2.77267 0.622046 14445
9 2 20 23.0937 0.498011 3.1317 0.718449 16974
9 2 21 22.9311 0.477897 3.13723 0.746175 17651
9 2 22 21.6448 0.290389 2.7567 0.588016 13589
9 2 23 22.8797 0.404433 3.01234 0.660822 15465
9 2 24 22.3695 0.353103 2.86633 0.623588 18967
9 2 25 21.3351 0.299776 2.55988 0.619888 14140
9 2 26 22.0843 0.367826 2.92175 0.681278 27100
9 2 27 22.313 0.321723 2.73111 0.492726 12978
9 2 28 21.84 0.304176 2.63747 0.681689 12824
9 2 29 23.1253 0.499183 2.95355 0.698441 18794
9 2 30 23.1128 0.442996 3.07451 0.7972 13528
9 2 31 22.3118 0.327067 2.79047 0.653435 11617
9 2 32 22.848 0.351808 2.80838 0.695722 12014
9 2 33 22.2802 0.345429 2.84492 0.617405 13956
9 2 34 23.6141 0.688633 3.44032 0.762511 21709
9 2 35 22.4507 0.327944 2.80021 0.536726 11129
9 2 36 22.4451 0.371928 2.95353 0.667863 16749
9 2 37 22.6625 0.353475 2.6734 0.677445 15961
9 2 38 22.8834 0.381248 3.04425 0.607452 12229
9 2 39 23.0222 0.388747 3.04073 0.372877 8410
9 2 40 22.1067 0.385159 2.9192 0.619361 15279
9 2 41 22.0642 0.332176 2.82528 0.628381 11504
9 2 42 22.6596 0.389021 2.89086 0.588092 17203
9 2 43 22.1968 0.342844 2.73236 0.64571 18328
9 2 44 22.1617 0.344096 2.79097 0.538629 12084
9 2 45 22.1597 0.340265 2.66946 0.664375 12298
9 2 46 23.5531 0.536937 3.25847 0.716817 20979
9 2 47 22.4282 0.427028 2.97147 0.742301 11890
9 2 48 22.2543 0.40784 2.81735 0.682156 17409
9 2 49 21.5774 0.312538 2.61499 0.601706 19369
9 2 50 22.5424 0.416098 2.94788 0.599436 12585
9 2 51 23.0776 0.460364 3.31941 0.556994 20627
9 2 52 22.0421 0.378385 2.99016 0.61036 19068
9 2 53 22.8992 0.477752 3.20018 0.602387 12232
9 2 54 22.2443 0.417272 3.28878 0.528446 8940
9 2 55 22.2123 0.407601 3.27441 0.526094 18040
9 2 56 22.1721 0.517758 3.16422 0.734124 15410
9 2 57 21.9838 0.408628 3.05143 0.523231 17585
9 2 58 21.38 0.378405 2.89967 0.59731 17081
9 2 59 22.2909 0.52932 3.2767 0.571549 21623
9 2 60 21.7002 0.39039 2.45221 0.860534 4025
9 2 61 22.4427 0.645136 3.6077 0.609354 23326
9 2 62 22.8001 0.577325 3.44576 0.538077 19593
9 2 63 21.0641 0.368025 2.84655 0.540121 16979
9 3 0 22.2024 0.39306 3.4246 0.716774 19226
9 3 1 21.9305 0.371781 3.22072 0.66451 21995
9 3 2 22.1113 0.320668 2.97552 0.789363 21469
9 3 3 21.5369 0.316488 2.93545 0.607142 21937
9 3 4 20.8311 0.247191 2.62432 0.579965 22070
9 3 5 20.1945 0.299145 2.60499 0.767625 24380
9 3 6 21.0174 0.317736 2.88105 0.739022 24338
9 3 7 21.0009 0.337205 2.91877 0.636279 29791
9 3 8 20.9018 0.306431 2.78058 0.716641 17334
9 3 9 20.8921 0.227428 2.44946 1.36136 11850
9 3 10 21.7779 0.315084 2.95824 0.88531 25207
9 3 11 21.7047 0.270779 2.84784 0.50561 17056
9 3 12 21.0354 0.258092 2.65048 0.526396 23228
9 3 13 20.4724 0.252844 2.66593 0.563175 24606
9 3 14 21.2089 0.318664 2.80183 0.73304 24779
9 3 15 20.7899 0.257462 2.65593 0.65752 24831
9 3 16 22.0547 0.333692 3.13709 0.804301 28642
9 3 17 20.9602 0.2679 2.63442 0.718546 20307
9 3 18 21.4714 0.272809 2.77235 0.629904 16266
9 3 19 21.351 0.293355 2.83073 0.578591 27747
9 3 20 21.5182 0.288826 2.6422 0.739523 17781
9 3 21 20.9447 0.287931 2.84347 0.6411 24361
9 3 22 21.6285 0.303223 2.84691 0.697746 27388
9 3 23 21.7256 0.272674 2.62263 0.958676 15924
9 3 24 22.107 0.323872 2.80486 0.768026 24123
9 3 25 21.9038 0.253365 2.67725 0.766604 28449
9 3 26 22.1337 0.414104 3.23857 0.847581 15593
9 3 27 21.6523 0.359576 2.98276 0.886853 13472
9 3 28 21.0822 0.282337 2.71281 0.776543 24028
9 3 29 21.6459 0.270152 2.74808 0.673394 18615
9 3 30 21.9463 0.308012 2.83879 0.753901 14601
9 3 31 21.7987 0.318311 2.72014 0.869904 29327
9 3 32 21.6382 0.275804 2.74082 0.6574 26552
9 3 33 22.7047 0.310596 3.00994 0.661128 4761
9 3 34 22.0547 0.327129 3.0781 0.638985 18965
9 3 35 21.8452 0.295081 2.80923 0.623769 29831
9 3 36 21.7584 0.261833 2.56866 0.803177 15854
9 3 37 21.3858 0.256693 2.58923 0.627622 18588
9 3 38 21.2309 0.301089 2.89343 0.640136 26522
9 3 39 22.3693 0.297258 2.97844 0.75642 22612
9 3 40 20.7301 0.285066 2.69486 0.79803 17952
9 3 41 21.4997 0.324848 2.783 0.691242 21049
9 3 42 21.1478 0.25636 2.6104 0.701397 23968
9 3 43 21.6708 0.321725 2.77196 0.974426 17343
9 3 44 21.6297 0.301019 2.84936 0.720379 25766
9 3 45 21.2505 0.266071 2.73537 0.562622 18503
9 3 46 21.7817 0.385729 2.98827 1.06539 18190
9 3 47 22.5106 0.425757 2.84622 1.1157 27886
9 3 48 21.5517 0.306424 2.75656 0.754353 21254
9 3 49 20.9783 0.267443 2.54197 0.685371 21964
9 3 50 21.5178 0.277175 2.70837 0.720385 21850
9 3 51 21.5268 0.33338 2.87839 0.949475 20842
9 3 52 20.9315 0.305216 2.66554 0.805361 23328
9 3 53 21.7415 0.419347 3.19221 0.878009 22560
9 3 54 21.2745 0.285246 2.71741 0.724085 22576
9 3 55 20.5493 0.255676 2.65584 0.622034 22839
9 3 56 21.5741 0.329775 2.84381 0.905748 23705
9 3 57 21.064 0.286177 2.82686 0.766581 21091
9 3 58 20.9605 0.298406 2.78505 0.540274 20571
9 3 59 21.4497 0.347182 3.09245 0.913261 20379
9 3 60 21.4455 0.392559 3.20978 0.850481 21488
9 3 61 22.2281 0.522568 3.47276 1.13035 22402
9 3 62 20.85 0.345623 3.07875 0.804812 20964
9 3 63 20.6675 0.294483 2.74016 0.64318 20014
9 4 0 24.1354 1.04946 4.04746 0.558653 19645
9 4 1 22.8557 0.660371 3.47074 0.457398 19033
9 4 2 22.4026 0.580524 3.22204 0.498805 14909
9 4 3 22.0334 0.40417 2.73681 0.540785 9538
9 4 4 21.659 0.378474 2.76655 0.58068 6161
9 4 5 21.896 0.54076 3.04467 0.376814 13486
9 4 6 22.1989 0.590417 3.12674 0.498392 15847
9 4 7 21.1253 0.362616 2.54531 0.57768 11594
9 4 8 22.5579 0.637108 3.09559 0.446916 14326
9 4 9 21.9207 0.515772 2.94926 0.503175 13828
9 4 10 22.5009 0.574035 3.075 0.47507 11296
9 4 11 22.0175 0.593088 2.9415 0.530567 12589
9 4 12 22.4641 0.545662 3.05582 0.433113 11677
9 4 13 22.3435 0.533525 2.68196 0.516315 9288
9 4 14 22.7982 0.661242 3.13031 0.566977 21200
9 4 15 21.8626 0.409183 2.48433 0.572829 11356
9 4 16 22.6391 0.716546 3.5072 0.474606 10464
9 4 17 21.8741 0.476732 2.80768 0.457033 16451
9 4 18 0 -10 0 0 0
9 4 19 21.2031 0.398241 2.59287 0.621498 9581
9 4 20 22.661 0.47897 2.96171 0.662893 7469
9 4 21 23.0549 0.741924 3.26639 0.469992 14174
9 4 22 21.2538 0.388882 2.59597 0.475764 12641
9 4 23 22.4849 0.545897 2.956 0.577105 12137
9 4 24 22.4151 0.449578 2.91699 0.427386 16009
9 4 25 21.5634 0.387957 2.41903 0.503572 9946
9 4 26 21.8842 0.521479 2.85309 0.527654 20539
9 4 27 22.7961 0.516183 3.10216 0.55579 4528
9 4 28 21.7305 0.503225 2.92438 0.35392 9675
9 4 29 22.5352 0.524474 2.84717 0.47728 15357
9 4 30 22.4422 0.422284 2.80824 0.587713 3675
9 4 31 22.0241 0.399646 2.66237 0.524016 8561
9 4 32 21.8079 0.403388 2.6956 0.487268 10065
9 4 33 22.0793 0.344247 2.45604 0.698848 5027
9 4 34 22.8696 0.554868 3.09155 0.510291 16189
9 4 35 20.9645 0.336921 2.38222 0.673918 8906
9 4 36 0 -10 0 0 0
9 4 37 0 -10 0 0 0
9 4 38 21.0377 0.409365 2.6519 0.496694 7661
9 4 39 22.1135 0.593777 2.95293 0.533706 9126
9 4 40 22.1913 0.435807 2.76385 0.578238 10556
9 4 41 21.5089 0.358083 2.57592 0.528902 8296
9 4 42 21.2935 0.362467 2.56031 0.430016 9549
9 4 43 22.4344 0.574649 2.9696 0.507963 12944
9 4 44 21.1286 0.368435 2.51582 0.555683 7705
9 4 45 21.6605 0.423571 2.63502 0.544248 8953
9 4 46 22.1205 0.50075 3.01551 0.42821 17913
9 4 47 21.8059 0.48582 2.99518 0.672483 6736
9 4 48 21.4251 0.400628 2.71011 0.609514 7274
9 4 49 21.7529 0.58372 2.91637 0.575358 12465
9 4 50 20.8482 0.381226 2.46478 0.537721 3993
9 4 51 23.2775 0.840398 3.43733 0.55618 11403
9 4 52 21.0486 0.474197 2.9474 0.458555 9857
9 4 53 21.1489 0.546608 2.77562 0.598393 8601
9 4 54 21.6598 0.445446 2.88157 0.507285 8987
9 4 55 21.9109 0.503225 2.98052 0.444008 9675
9 4 56 21.0486 0.37198 2.59821 0.706501 6016
9 4 57 21.5862 0.542335 3.13525 0.495495 10433
9 4 58 22.9479 0.781735 3.41867 0.532587 8852
9 4 59 22.4036 0.525256 3.22804 0.464668 11258
9 4 60 21.0824 0.470851 2.95678 0.512564 9269
9 4 61 22.8986 1.03893 3.58321 0.559532 13619
9 4 62 21.826 0.476544 3.04501 0.619892 11776
9 4 63 21.3937 0.509016 3.16582 0.367243 11050
9 5 0 25.1227 0.716254 3.89033 0.652758 10275
9 5 1 24.7574 0.733926 3.81423 0.62997 11064
9 5 2 24.671 0.825491 4.01098 0.651408 11683
9 5 3 22.7765 0.408504 3.04908 0.538386 12423
9 5 4 23.2109 0.500488 3.12189 0.569411 13047
9 5 5 23.4662 0.552508 3.19621 0.609719 14157
9 5 6 24.4095 0.625146 3.63282 0.651575 13966
9 5 7 23.7562 0.548957 3.55002 0.62508 17102
9 5 8 24.5746 0.477282 3.46784 0.493035 7990
9 5 9 22.8322 0.412708 3.06438 0.711089 11971
9 5 10 23.9608 0.674496 3.51681 0.633957 14210
9 5 11 22.4376 0.416854 2.96138 0.535388 16002
9 5 12 23.8289 0.552355 3.25394 0.609078 11423
9 5 13 24.0914 0.546956 3.43546 0.620598 13326
9 5 14 23.4633 0.419126 3.20758 0.591091 10021
9 5 15 23.2818 0.485026 3.04825 0.619965 14870
9 5 16 24.9318 0.85867 3.84305 0.792326 16414
9 5 17 23.156 0.439904 3.04376 0.573028 11207
9 5 18 23.1973 0.478642 3.0861 0.754149 15216
9 5 19 23.8208 0.501624 3.28475 0.596578 16561
9 5 20 24.2056 0.608185 3.43809 0.575685 14100
9 5 21 25.0052 0.765415 3.69074 0.719573 14115
9 5 22 23.2308 0.390064 2.96631 0.62426 14586
9 5 23 23.0534 0.433642 2.82107 0.596479 17093
9 5 24 23.9968 0.474751 3.40895 0.484772 9994
9 5 25 24.5208 0.585283 3.54549 0.655897 16795
9 5 26 23.9639 0.597294 3.28789 0.652862 14239
9 5 27 23.4003 0.413903 2.79005 0.422713 2285
9 5 28 24.6151 0.621828 3.51914 0.633073 15507
9 5 29 24.3919 0.432504 3.41419 0.492649 8882
9 5 30 23.8473 0.62565 3.03801 0.692845 14332
9 5 31 24.6429 0.631724 3.57545 0.60483 19532
9 5 32 23.7711 0.423332 2.9889 0.490744 9793
9 5 33 23.409 0.489991 2.10043 0.462494 1733
9 5 34 24.9617 0.524566 3.20492 0.675782 10473
9 5 35 23.6505 0.538093 3.50598 0.50906 20602
9 5 36 24.194 0.59831 3.48091 0.591181 16077
9 5 37 24.1746 0.532604 3.4054 0.570063 13780
9 5 38 25.4346 0.762815 3.64861 0.691105 20050
9 5 39 24.56 0.640681 3.49693 0.546282 24218
9 5 40 23.771 0.374315 2.74472 0.751296 8434
9 5 41 23.6432 0.571227 3.1956 0.623033 18190
9 5 42 22.8282 0.398915 2.87012 0.572607 5840
9 5 43 23.415 0.54278 3.01493 0.640955 17784
9 5 44 23.3217 0.53928 3.04576 0.556576 20381
9 5 45 24.0515 0.621831 3.46324 0.567824 17579
9 5 46 23.7726 0.612697 3.27673 0.629359 17538
9 5 47 26.0357 0.774 4.22862 0.675599 24923
9 5 48 23.7084 0.564547 3.13666 0.606471 17602
9 5 49 23.0421 0.451986 2.87527 0.657187 15225
9 5 50 23.4361 0.54197 3.27092 0.511684 17954
9 5 51 24.4111 0.696909 3.68819 0.575967 22095
9 5 52 23.1701 0.372107 3.01242 0.540983 9916
9 5 53 24.3684 0.665666 3.31891 0.70477 22772
9 5 54 23.457 0.590194 3.54392 0.5474 17079
9 5 55 21.5 -2 0 0 21835
9 5 56 24.2282 0.782987 3.80011 0.565039 19753
9 5 57 23.8283 0.749354 3.6441 0.557734 20012
9 5 58 23.4863 0.555963 3.34262 0.551304 17746
9 5 59 23.5813 0.426878 3.20595 0.669203 10823
9 5 60 24.2386 0.656645 3.7073 0.527316 22191
9 5 61 22.9044 0.675829 3.74135 0.595287 23061
9 5 62 24.2944 0.759353 3.60117 0.606707 16875
9 5 63 23.1076 0.551932 3.58421 0.443008 16100
9 6 0 21.5 -2 0 0 9186
9 6 1 26.1179 0.890253 3.92609 0.291241 8370
9 6 2 27.1098 1.14892 4.33937 0.329149 8616
9 6 3 24.1477 0.668416 3.11158 0.425443 5998
9 6 4 25.9551 0.975902 3.47904 0.374483 6106
9 6 5 24.9925 0.646176 3.26946 0.515825 5151
9 6 6 23.7156 0.495649 3.05475 0.403165 5412
9 6 7 23.9372 0.585964 3.08076 0.441576 5213
9 6 8 24.4245 0.713042 3.47236 0.295508 7804
9 6 9 21.5 -2 0 0 6148
9 6 10 24.4427 0.482494 2.81094 0.78497 5557
9 6 11 25.71 0.68088 3.81813 0.309502 5308
9 6 12 23.2249 0.636564 2.62717 0.478601 7218
9 6 13 23.9493 0.602992 3.02464 0.325422 4875
9 6 14 25.9259 0.839402 3.96303 0.28127 8289
9 6 15 24.872 0.658854 2.96112 0.388148 5121
9 6 16 24.2887 0.69689 3.24451 0.39963 6143
9 6 17 26.0584 0.740058 3.79556 0.376322 6016
9 6 18 25.2107 0.704285 3.10161 0.336361 4800
9 6 19 25.0201 0.780253 3.38365 0.260735 4411
9 6 20 26.6344 1.07985 3.88375 0.397218 5629
9 6 21 27.4422 1.18838 4.14519 0.392963 6414
9 6 22 25.0807 0.704324 3.56474 0.309522 5130
9 6 23 25.7402 0.947206 3.41535 0.319445 5563
9 6 24 27.0147 0.955491 3.76783 0.309406 6555
9 6 25 23.8139 0.741175 3.258 0.374378 4184
9 6 26 25.0687 0.927458 3.34583 0.387154 8845
9 6 27 24.7349 0.628419 3.12494 0.430809 4117
9 6 28 24.8555 0.752451 3.07563 0.401024 3783
9 6 29 25.1329 0.681233 3.304 0.2267 5751
9 6 30 25.1507 1.36582 3.01928 0.444436 4831
9 6 31 25.2121 0.810924 3.42388 0.316118 3547
9 6 32 24.4393 0.617346 2.95604 0.372052 4495
9 6 33 25.5 -2 0 0 3762
9 6 34 25.5035 0.74787 3.59356 0.277944 7640
9 6 35 23.8766 0.742048 2.49354 0.515747 3954
9 6 36 24.8547 0.678403 3.20015 0.4423 3782
9 6 37 24.9992 0.693205 3.55991 0.379279 4448
9 6 38 24.5844 0.805414 3.2053 0.423221 3131
9 6 39 25.2741 0.789669 3.10991 0.528119 3384
9 6 40 25.4766 1.08771 3.32065 0.422012 4174
9 6 41 24.8784 0.626707 3.01696 0.423287 3164
9 6 42 24.2914 0.733856 2.99494 0.342836 3920
9 6 43 25.4614 0.773287 3.70836 0.322122 4981
9 6 44 24.7282 0.667703 3.15864 0.35269 3274
9 6 45 24.1849 0.607334 2.8733 0.36571 4575
9 6 46 27.0713 0.888645 4.11644 0.300442 5668
9 6 47 26.4597 0.907784 4.01341 0.432492 2153
9 6 48 24.4713 0.68652 3.11667 0.2961 3602
9 6 49 24.7216 0.742787 2.82286 0.462101 4192
9 6 50 24.3098 0.566223 2.87726 0.505399 3543
9 6 51 25.1753 0.812645 3.39006 0.355033 4034
9 6 52 23.7948 0.630178 3.09549 0.515229 4661
9 6 53 24.0781 0.622583 3.07878 0.328351 3420
9 6 54 25.0319 0.612199 3.42484 0.394953 3408
9 6 55 24.384 0.754786 3.57567 0.316986 4826
9 6 56 24.007 0.67935 3.00178 0.580976 3224
9 6 57 24.8855 0.839279 3.6303 0.38552 3704
9 6 58 24.1844 0.674098 3.413 0.337331 3462
9 6 59 24.6224 0.882852 3.51289 0.378986 5781
9 6 60 23.3479 0.590897 3.01371 0.450121 3536
9 6 61 25.1175 0.942079 3.80263 0.338926 4349
9 6 62 23.2646 0.686433 3.11606 0.374084 4573
9 6 63 24.303 0.831361 3.36375 0.348385 3844
9 7 0 21.3693 0.382204 2.75054 0.649375 6785
9 7 1 21.0249 0.406662 2.57657 0.418295 7007
9 7 2 21.5369 0.360275 2.60247 0.484465 7222
9 7 3 21.5 -2 0 0 7199
9 7 4 21.6152 0.448163 2.68756 0.615618 5774
9 7 5 20.8954 0.38823 2.41505 0.549737 7039
9 7 6 21.2579 0.370567 2.44785 0.419519 7122
9 7 7 21.466 0.43279 2.59636 0.548531 7534
9 7 8 20.506 0.311499 2.34404 0.41589 7229
9 7 9 20.6692 0.346363 2.33063 0.443997 7003
9 7 10 21.8148 0.42825 2.67272 0.469288 6770
9 7 11 20.553 0.437961 2.47397 0.482774 8404
9 7 12 20.8279 0.333442 2.27959 0.628222 6482
9 7 13 21.1756 0.356155 2.4598 0.511354 7400
9 7 14 21.8254 0.386954 2.68874 0.446544 7164
9 7 15 21.4633 0.340698 2.48145 0.409685 8304
9 7 16 22.1242 0.58716 3.10461 0.424796 6624
9 7 17 22.3599 0.454447 2.9938 0.40217 6788
9 7 18 21.4308 0.38075 2.60656 0.400975 7658
9 7 19 22.1037 0.423033 2.70794 0.630236 8593
9 7 20 21.7635 0.392637 2.64537 0.48749 8276
9 7 21 21.7716 0.402423 2.57589 0.465673 6815
9 7 22 21.91 0.378216 2.59093 0.487479 7340
9 7 23 22.1658 0.439156 2.86898 0.402552 8548
9 7 24 21.0283 0.35261 2.43404 0.378779 7663
9 7 25 22.6887 0.45918 2.78877 0.610199 9332
9 7 26 21.8111 0.380571 2.73654 0.554122 7677
9 7 27 21.8397 0.381356 2.3274 0.454224 9159
9 7 28 22.9263 0.507203 3.04935 0.383699 7142
9 7 29 22.2241 0.451545 2.78935 0.445819 7782
9 7 30 22.4234 0.372516 2.53878 0.472369 7916
9 7 31 22.5772 0.521736 2.9743 0.41587 10440
9 7 32 21.8956 0.446951 2.82516 0.391026 9575
9 7 33 21.1919 0.413065 2.69879 0.417769 10224
9 7 34 21.7694 0.452002 2.73587 0.418919 8999
9 7 35 22.5367 0.465268 2.89275 0.426 12238
9 7 36 22.2473 0.39258 2.6497 0.652939 9163
9 7 37 22.1273 0.474767 2.68179 0.483515 8345
9 7 38 21.8937 0.435031 2.65207 0.473658 15600
9 7 39 22.1691 0.584554 2.88642 0.520029 17047
9 7 40 21.6964 0.408535 2.67884 0.509508 9192
9 7 41 21.5 -2 0 0 9060
9 7 42 21.6705 0.396885 2.87415 0.377656 10417
9 7 43 22.3065 0.504482 2.82903 0.502063 9015
9 7 44 21.5 -2 0 0 6279
9 7 45 21.341 0.37242 2.55935 0.45441 12691
9 7 46 21.9542 0.411 2.55169 0.532018 10565
9 7 47 22.6612 0.559665 3.21956 0.397593 17877
9 7 48 21.6658 0.433129 2.47412 0.503799 10442
9 7 49 21.6715 0.455145 2.61465 0.48366 9614
9 7 50 21.8879 0.437286 2.77852 0.428055 12345
9 7 51 22.1323 0.751834 3.1587 0.544748 13903
9 7 52 21.1921 0.444705 2.71007 0.551977 10270
9 7 53 22.328 0.650491 3.11549 0.436501 14075
9 7 54 20.9112 0.370089 2.62231 0.397769 13743
9 7 55 21.1434 0.463469 2.62799 0.476362 13296
9 7 56 22.1346 0.529539 3.0596 0.393641 15284
9 7 57 21.5178 0.652293 3.11612 0.46307 14537
9 7 58 21.2348 0.397431 2.64062 0.64517 12148
9 7 59 21.1107 0.557703 2.82812 0.414415 11934
9 7 60 22.4593 0.790309 3.33513 0.470349 15068
9 7 61 22.0113 0.836266 3.15128 0.581202 13201
9 7 62 21.0016 0.61135 2.97786 0.383445 11179
9 7 63 21.6799 0.558735 3.09865 0.451666 11175
9 8 0 23.2144 0.481043 3.09484 0.675481 7867
9 8 1 21.4896 0.350566 2.68809 0.563798 7713
9 8 2 22.9263 0.449555 2.96185 0.602505 8745
9 8 3 23.1411 0.451025 2.92884 0.415225 9147
9 8 4 22.4115 0.395172 2.69789 0.569692 11683
9 8 5 22.2432 0.362634 2.65499 0.439066 10159
9 8 6 22.1685 0.370036 2.57739 0.440401 9932
9 8 7 24.1146 0.622584 3.20601 0.537617 11522
9 8 8 22.6721 0.356048 2.55229 0.763814 10077
9 8 9 22.1945 0.384673 2.77942 0.499534 10317
9 8 10 21.8291 0.384264 2.66079 0.714529 8511
9 8 11 21.9765 0.341012 2.59653 0.484635 11432
9 8 12 22.7548 0.44742 2.88835 0.399827 8137
9 8 13 22.0469 0.391236 2.80622 0.481323 12662
9 8 14 22.2222 0.395784 2.77645 0.521248 8138
9 8 15 23.0572 0.415688 2.83044 0.478139 11624
9 8 16 22.8676 0.534127 3.13566 0.597184 10630
9 8 17 22.8 0.43753 2.70815 0.623247 10039
9 8 18 23.0642 0.46278 2.94097 0.486982 9614
9 8 19 22.6052 0.429386 2.85086 0.588932 14591
9 8 20 22.9662 0.389373 2.21801 0.482339 671
9 8 21 21.9592 0.366194 2.42137 0.617039 9902
9 8 22 22.484 0.42798 2.79189 0.436749 9755
9 8 23 23.1425 0.519711 3.01861 0.601958 11738
9 8 24 22.3712 0.359846 2.66591 0.46385 10101
9 8 25 22.687 0.452852 2.9833 0.417276 15403
9 8 26 23.5443 0.520093 3.03917 0.619575 8077
9 8 27 22.2014 0.382124 2.77123 0.595244 8443
9 8 28 23.4092 0.537265 2.98637 0.447325 12790
9 8 29 22.5768 0.399166 2.78445 0.485053 13154
9 8 30 23.3633 0.639825 3.10028 0.553574 12320
9 8 31 23.204 0.503976 2.95351 0.54965 16621
9 8 32 23.369 0.563773 2.98249 0.510907 15996
9 8 33 24.9588 0.685833 3.52538 0.500751 11334
9 8 34 23.1683 0.45084 2.97349 0.874332 11437
9 8 35 24.3803 0.622869 3.54375 0.432726 16462
9 8 36 23.2137 0.467075 3.05973 0.57445 14415
9 8 37 21.5 -2 0 0 11854
9 8 38 23.1217 0.503099 3.08344 0.447917 18046
9 8 39 23.9885 0.623874 3.3471 0.630223 22282
9 8 40 22.0167 0.441919 1.56751 0.467882 367
9 8 41 23.1364 0.553829 3.07097 0.433419 13632
9 8 42 23.515 0.492246 3.05781 0.498107 6833
9 8 43 23.2719 0.425556 3.05552 0.532948 9116
9 8 44 23.498 0.585807 3.26225 0.648246 17894
9 8 45 23.0915 0.59196 3.32814 0.501444 15231
9 8 46 24.1389 0.539325 3.44341 0.460958 8052
9 8 47 24.7492 1.01429 3.9716 0.52783 26294
9 8 48 22.546 0.419532 2.63696 0.507968 7534
9 8 49 23.5082 0.402373 2.86087 0.514593 2620
9 8 50 22.1134 0.411333 2.71649 0.60821 7787
9 8 51 23.2368 0.562936 3.25152 0.490707 17846
9 8 52 24.3604 0.513384 3.83155 0.360781 6201
9 8 53 22.3516 0.414389 1.92148 0.343289 1168
9 8 54 22.6137 0.413538 2.18589 0.27482 1350
9 8 55 22.6681 0.734494 3.12621 0.583798 14021
9 8 56 24.5381 0.419142 3.65479 0.406303 6193
9 8 57 24.2291 0.926763 3.68548 0.526077 17933
9 8 58 23.0937 0.645469 3.41404 0.552482 14602
9 8 59 23.5707 0.653842 3.51072 0.517032 11009
9 8 60 22.1392 0.70147 1.56834 0.525375 1220
9 8 61 24.1677 0.849546 3.78419 0.580918 13701
9 8 62 23.1025 0.659626 3.53404 0.576093 14293
9 8 63 22.4231 0.507222 3.25963 0.524454 12397
9 9 0 21.1274 0.47304 3.09035 0.4889 16568
9 9 1 21.2417 0.535746 3.11984 0.521157 12741
9 9 2 21.4555 0.480494 2.91581 0.699003 11508
9 9 3 20.6121 0.362088 2.54532 0.75466 7214
9 9 4 20.4437 0.357808 2.48197 0.624864 4866
9 9 5 21.1316 0.420031 2.71039 0.610334 6980
9 9 6 20.8056 0.347465 2.61028 0.65603 10701
9 9 7 20.3901 0.288954 2.47574 0.444865 7368
9 9 8 20.5839 0.349732 2.41313 0.544156 9225
9 9 9 21.3604 0.512565 2.74905 0.708752 8433
9 9 10 21.4244 0.464969 2.89636 0.573589 6509
9 9 11 20.8063 0.391303 2.71928 0.521881 9205
9 9 12 21.7718 0.418844 2.63845 0.750081 6543
9 9 13 20.417 0.279192 2.30721 0.449299 6448
9 9 14 21.1248 0.425186 2.83882 0.557803 13545
9 9 15 20.3753 0.336451 2.27537 0.656264 5608
9 9 16 21.7947 0.444914 3.01836 0.541196 6588
9 9 17 20.8373 0.347035 2.63407 0.483289 9286
9 9 18 20.2395 0.328654 2.29967 0.809063 5851
9 9 19 20.4241 0.320538 2.49357 0.584108 5386
9 9 20 21.7053 0.501184 2.80642 0.760608 3874
9 9 21 20.6967 0.385404 2.66001 0.613582 9957
9 9 22 20.6607 0.290661 2.24896 0.59685 6824
9 9 23 20.8257 0.476611 2.67556 0.786388 4392
9 9 24 20.5624 0.368919 2.54187 0.570672 13216
9 9 25 20.4715 0.300619 2.4426 0.616986 5493
9 9 26 22.2699 0.658491 3.19765 0.570952 9646
9 9 27 21.5421 0.360758 2.50881 0.587016 3848
9 9 28 20.7973 0.330791 2.41638 0.612367 5080
9 9 29 21.7907 0.505656 2.91503 0.598392 7149
9 9 30 21.4185 0.490447 2.57233 0.677448 3455
9 9 31 20.6353 0.324148 2.42281 0.64727 5845
9 9 32 20.5693 0.321176 2.28188 0.526704 4826
9 9 33 20.5467 0.331176 2.26396 0.650883 2531
9 9 34 22.4027 0.60181 3.00081 0.581884 10880
9 9 35 20.9715 0.326887 2.55787 0.555947 4298
9 9 36 20.6434 0.395294 2.5515 0.654643 2918
9 9 37 21.4771 0.47769 2.84207 0.780437 4294
9 9 38 21.4217 0.301737 2.53245 0.600628 4122
9 9 39 21.5 -2 0 0 4734
9 9 40 21.5131 0.418496 2.83801 0.682083 3407
9 9 41 20.546 0.310662 2.38528 0.700724 3944
9 9 42 20.9555 0.369763 2.46289 0.635568 3989
9 9 43 21.0615 0.387169 2.51988 0.604093 7098
9 9 44 21.1026 0.392578 2.57607 0.719109 2489
9 9 45 20.1866 0.28583 2.29141 0.540824 4454
9 9 46 21.0357 0.374322 2.57578 0.492842 9848
9 9 47 20.5483 0.359032 2.46651 0.583041 4083
9 9 48 20.48 0.343656 2.47556 0.589159 4679
9 9 49 20.196 0.32963 2.39997 0.568617 5200
9 9 50 19.8596 0.308576 2.15316 0.516576 4399
9 9 51 21.5853 0.51026 3.0987 0.545635 3252
9 9 52 20.8237 0.361294 2.56019 0.457173 7838
9 9 53 20.1842 0.373372 2.4618 0.550373 3498
9 9 54 20.2978 0.38487 2.48273 0.575314 3903
9 9 55 20.0934 0.410796 2.69374 0.397879 8302
9 9 56 20.6825 0.348255 2.38923 0.565539 3641
9 9 57 19.9299 0.345235 2.31427 0.691616 6538
9 9 58 20.4829 0.389294 2.58815 0.609641 3697
9 9 59 20.8553 0.48729 3.07861 0.405563 5442
9 9 60 20.1517 0.394414 2.4768 0.622806 3970
9 9 61 21.0292 0.525977 3.23703 0.630641 5401
9 9 62 20.2421 0.490854 2.96051 0.398309 7654
9 9 63 20.3949 0.401273 2.56711 0.463331 5181
9 10 0 25.5807 0.686602 4.03719 0.842869 12892
9 10 1 23.2068 0.479528 3.24715 0.686964 15198
9 10 2 22.6362 0.45084 3.0448 0.853975 18257
9 10 3 22.9285 0.308691 2.68161 0.634484 11808
9 10 4 23.5656 0.522763 3.2281 0.698919 14664
9 10 5 22.4571 0.354218 2.83262 0.656717 18846
9 10 6 24.7384 0.534434 3.72836 0.641184 12760
9 10 7 23.2103 0.47218 3.31858 0.562459 22248
9 10 8 23.0917 0.477419 3.13956 0.646999 15947
9 10 9 22.977 0.486661 3.01675 0.595844 13847
9 10 10 23.115 0.583487 3.37682 0.718792 16807
9 10 11 23.2147 0.434503 3.07079 0.674154 15182
9 10 12 23.9697 0.483395 3.58374 0.609545 12621
9 10 13 23.1145 0.47376 3.06321 0.715732 22007
9 10 14 23.3443 0.493937 2.99375 0.848538 17140
9 10 15 23.1492 0.503172 3.15257 0.769498 20519
9 10 16 23.5524 0.655848 3.27503 0.917213 25697
9 10 17 22.2606 0.35242 2.85178 0.647417 17472
9 10 18 22.4998 0.333504 2.64094 0.669678 18834
9 10 19 22.9651 0.459256 3.1877 0.689655 23098
9 10 20 23.4374 0.440283 3.12901 0.698188 14223
9 10 21 24.2965 0.532036 3.73677 0.601041 14728
9 10 22 22.733 0.381125 2.76754 0.845377 20721
9 10 23 23.1562 0.459126 3.05825 0.663175 15270
9 10 24 22.8007 0.452769 2.8913 0.726194 18222
9 10 25 23.6601 0.511287 3.1733 0.614959 22014
9 10 26 23.8895 0.492906 3.08284 0.790377 16336
9 10 27 23.9964 0.383904 3.28487 0.568253 9244
9 10 28 22.7181 0.421224 2.82214 0.705888 22161
9 10 29 23.3967 0.422082 3.15099 0.583399 14732
9 10 30 23.3345 0.499716 3.00654 0.882965 15227
9 10 31 22.8445 0.467945 3.05103 0.737643 27983
9 10 32 22.8887 0.468938 3.15347 0.609936 19099
9 10 33 24.2367 0.744096 3.33033 0.778009 20554
9 10 34 22.7619 0.41142 2.84894 0.938024 17477
9 10 35 23.6291 0.506748 3.37999 0.578189 23507
9 10 36 23.6196 0.46922 3.23106 0.642617 15709
9 10 37 23.1717 0.415938 2.91303 0.614191 14384
9 10 38 23.8512 0.447108 3.38297 0.620919 25811
9 10 39 23.2762 0.463065 3.14934 0.770254 21404
9 10 40 23.1461 0.437523 3.18984 0.68874 13168
9 10 41 22.6715 0.448844 2.90722 0.643661 21736
9 10 42 22.6223 0.403526 2.82388 0.669532 19463
9 10 43 22.03 0.355095 2.67312 0.719534 19795
9 10 44 23.266 0.465214 2.98762 0.691743 19348
9 10 45 22.9335 0.421099 3.03251 0.551005 20715
9 10 46 23.1808 0.424905 3.14869 0.697876 15890
9 10 47 25.4952 0.71122 4.04934 0.69423 24159
9 10 48 22.7009 0.362353 2.93459 0.658799 17928
9 10 49 22.9111 0.422877 2.98916 0.721359 16779
9 10 50 23.2663 0.475273 3.15892 0.659131 22660
9 10 51 23.7105 0.575269 3.45476 0.701298 17074
9 10 52 22.7364 0.44244 3.08719 0.689895 17710
9 10 53 24.1301 0.746786 3.52426 0.769515 21638
9 10 54 23.7325 0.484101 3.33186 0.733613 16590
9 10 55 22.5593 0.361353 2.85228 0.601855 17734
9 10 56 23.3447 0.635402 3.24952 0.824427 18927
9 10 57 23.7218 0.539561 3.56238 0.618016 17471
9 10 58 22.8894 0.455055 3.17761 0.680614 16045
9 10 59 23.9862 0.680556 3.83145 0.709749 13522
9 10 60 23.1127 0.510171 3.4243 0.725731 23147
9 10 61 24.1518 0.626571 3.80717 0.647125 17605
9 10 62 22.7882 0.474042 3.34058 0.753415 17482
9 10 63 22.0642 0.408155 3.11208 0.400521 18273
9 11 0 23.8835 0.513252 3.55758 0.552906 19122
9 11 1 24.3268 0.556324 3.29313 0.647008 17383
9 11 2 23.5046 0.428428 3.01713 0.581414 13807
9 11 3 22.8408 0.368178 2.85565 0.444659 11064
9 11 4 23.7484 0.424493 3.09207 0.572672 9760
9 11 5 22.7496 0.440051 2.88265 0.570997 12965
9 11 6 23.4187 0.496605 3.35399 0.438953 12761
9 11 7 22.5075 0.30283 2.63522 0.573625 8896
9 11 8 22.4988 0.422876 3.11037 0.46898 14171
9 11 9 23.3455 0.446476 3.0987 0.557673 10504
9 11 10 22.8257 0.399311 3.12759 0.602568 9460
9 11 11 23.039 0.354058 2.8336 0.445614 13470
9 11 12 22.7233 0.333787 2.74625 0.493791 12295
9 11 13 22.0172 0.284199 2.4697 0.789611 10355
9 11 14 23.8948 0.538396 3.46595 0.554294 17668
9 11 15 23.1111 0.323401 2.70765 0.532129 10860
9 11 16 23.906 0.493068 3.21939 0.636003 8157
9 11 17 23.2159 0.384854 2.81749 0.519162 16505
9 11 18 23.4179 0.410456 2.99387 0.549623 10182
9 11 19 22.4626 0.347779 2.65653 0.549322 9316
9 11 20 24.0154 0.425401 3.11224 0.555301 9938
9 11 21 23.9752 0.579262 3.1691 0.572994 10960
9 11 22 22.9745 0.373597 2.69454 0.718415 10203
9 11 23 22.6916 0.327574 2.72033 0.493437 13320
9 11 24 23.0108 0.392983 2.80105 0.491988 15804
9 11 25 23.2453 0.354494 2.61234 0.555036 9470
9 11 26 24.1272 0.421476 3.09849 0.594678 17449
9 11 27 23.9612 0.391711 2.80892 0.590453 10056
9 11 28 23.4953 0.357305 2.71856 0.548893 9273
9 11 29 23.2489 0.437803 2.98788 0.550674 16166
9 11 30 23.5456 0.401109 2.84564 0.621844 9502
9 11 31 23.3246 0.400714 2.84222 0.674234 8722
9 11 32 23.1492 0.331758 2.69375 0.743564 9435
9 11 33 23.4313 0.357545 2.7383 0.558867 10119
9 11 34 24.1017 0.538683 3.27151 0.566076 20343
9 11 35 23.326 0.33021 2.72509 0.565403 8591
9 11 36 23.773 0.442495 2.93906 0.65841 9326
9 11 37 23.6618 0.453458 2.93827 0.678272 11379
9 11 38 23.4535 0.360261 2.88382 0.608657 8196
9 11 39 24.3085 0.448595 3.18368 0.736392 9659
9 11 40 23.6325 0.334405 2.61757 0.734565 9362
9 11 41 23.5867 0.36355 2.79167 0.555787 9105
9 11 42 22.9252 0.349381 2.78995 0.532444 10952
9 11 43 24.3259 0.448098 3.10288 0.436442 14227
9 11 44 23.6454 0.379915 2.73318 0.61039 7478
9 11 45 23.3211 0.432728 2.78953 0.658303 10382
9 11 46 23.8798 0.414685 2.74897 0.739655 17830
9 11 47 23.0118 0.321747 2.50746 0.645032 8262
9 11 48 22.8569 0.469453 2.84324 0.499144 10096
9 11 49 23.9646 0.40067 3.02508 0.57447 10690
9 11 50 23.0392 0.322453 2.53869 0.645911 9308
9 11 51 25.9788 0.940227 4.00842 0.80914 14319
9 11 52 24.3227 0.514391 3.30015 0.535595 12664
9 11 53 22.5771 0.401962 2.84832 0.716052 8083
9 11 54 22.9555 0.40498 2.81097 0.59407 9995
9 11 55 23.3513 0.423437 2.83227 0.514417 15091
9 11 56 22.8044 0.481713 2.98259 0.584234 11533
9 11 57 23.9726 0.659944 3.54267 0.606326 11427
9 11 58 23.0969 0.444275 3.04093 0.565978 10552
9 11 59 24.1928 0.717128 3.41645 0.634971 17260
9 11 60 22.8318 0.446531 3.26172 0.75688 9620
9 11 61 24.525 0.750165 4.09638 0.623743 15516
9 11 62 23.0315 0.616405 3.30607 0.603267 18762
9 11 63 22.8097 0.501776 3.14873 0.412994 11861
9 12 0 24.8821 0.864711 3.98125 0.741636 18612
9 12 1 22.8146 0.475015 3.19305 0.613262 18752
9 12 2 24.0525 0.565606 3.55314 0.518817 16447
9 12 3 22.8117 0.410334 3.00447 0.528958 20426
9 12 4 22.6327 0.419839 3.1384 0.573973 14400
9 12 5 22.8585 0.408431 2.95052 0.602737 19121
9 12 6 23.5007 0.57574 3.51376 0.706903 18389
9 12 7 23.4915 0.667578 3.41441 0.677146 21206
9 12 8 24.02 0.552767 3.41394 0.631131 14555
9 12 9 23.0405 0.470846 3.33798 0.573351 22477
9 12 10 23.528 0.566997 3.36073 0.666995 23088
9 12 11 22.9196 0.519536 3.0382 0.759362 16645
9 12 12 22.8476 0.402104 3.05372 0.55752 18995
9 12 13 23.0492 0.437443 3.04818 0.649846 14244
9 12 14 23.6541 0.548388 3.32235 0.595809 15149
9 12 15 22.5737 0.437434 2.95777 0.591723 20820
9 12 16 24.1942 0.649004 3.68166 0.656235 23725
9 12 17 24.1653 0.533746 3.47142 0.650189 12896
9 12 18 22.4101 0.474704 3.00762 0.659927 16829
9 12 19 23.7793 0.467725 3.23537 0.637653 17149
9 12 20 24.116 0.593127 3.22285 0.725198 12521
9 12 21 23.3286 0.512366 3.13782 0.64812 19725
9 12 22 23.4223 0.344588 3.16579 0.566334 10465
9 12 23 22.4013 0.402686 2.80605 0.629059 14538
9 12 24 22.7964 0.3621 2.90481 0.497453 15706
9 12 25 24.6665 0.607401 3.56221 0.612689 20118
9 12 26 23.0585 0.444464 2.91992 0.751658 16343
9 12 27 22.7035 0.420972 2.93029 0.605332 15408
9 12 28 23.4474 0.458455 2.92073 0.651018 17858
9 12 29 22.541 0.410726 2.94968 0.698246 13895
9 12 30 23.2932 0.446137 2.92444 0.791603 14638
9 12 31 22.7912 0.523128 3.12955 0.585827 19724
9 12 32 23.3153 0.435349 3.14041 0.593992 16897
9 12 33 24.6154 0.619441 3.41279 0.792562 14396
9 12 34 23.9971 0.579577 3.33022 0.734344 12676
9 12 35 23.2505 0.420452 3.0832 0.634513 18410
9 12 36 23.7593 0.610113 3.09799 0.681571 11355
9 12 37 23.058 0.406371 3.04223 0.703174 11572
9 12 38 23.3376 0.557877 3.09736 0.819963 15321
9 12 39 23.275 0.534637 3.03102 0.720871 13617
9 12 40 23.0048 0.366625 2.9015 0.634805 14268
9 12 41 22.8838 0.444313 3.08776 0.538696 16101
9 12 42 22.5865 0.440725 2.99766 0.622836 12014
9 12 43 22.4672 0.379764 2.69459 0.61094 13504
9 12 44 23.4236 0.503712 3.21539 0.587744 12750
9 12 45 23.0367 0.438869 2.93616 0.60268 13038
9 12 46 23.8922 0.480634 3.38376 0.602346 12790
9 12 47 25.1728 0.925007 4.16711 0.819873 15883
9 12 48 23.3489 0.438248 3.08683 0.711181 12639
9 12 49 22.979 0.443074 2.81271 0.799845 11097
9 12 50 22.5662 0.346031 2.63976 0.884101 13830
9 12 51 24.308 0.705761 3.77072 0.783742 9331
9 12 52 21.9932 0.44097 2.93194 0.574415 13145
9 12 53 23.4639 0.679059 3.60641 0.61002 13154
9 12 54 22.5089 0.391363 2.90806 0.518825 13294
9 12 55 22.1398 0.428078 3.10993 0.607595 10518
9 12 56 22.7563 0.546933 3.19849 0.613272 10516
9 12 57 23.1482 0.482949 3.21014 0.63935 10352
9 12 58 22.349 0.47212 3.11752 0.665558 12011
9 12 59 23.4171 0.60583 3.58896 0.625933 11527
9 12 60 22.2446 0.55896 3.36701 0.558923 13628
9 12 61 23.0225 0.669352 3.45634 0.780806 10469
9 12 62 22.4735 0.528892 3.25243 0.699567 11090
9 12 63 21.7661 0.445853 2.99663 0.533521 11632
9 13 0 23.3242 0.700841 3.36797 0.545626 10260
9 13 1 23.9901 0.973632 3.42636 0.564707 7065
9 13 2 21.3634 0.511017 2.93733 0.629264 7994
9 13 3 21.6239 0.419283 2.69342 0.490044 6369
9 13 4 21.801 0.466374 2.74388 0.472854 7126
9 13 5 21.0569 0.406585 2.6844 0.603016 7452
9 13 6 21.9674 0.520627 2.93939 0.456447 7827
9 13 7 21.3462 0.453814 2.64043 0.524749 4731
9 13 8 21.2125 0.39639 2.65999 0.563519 7795
9 13 9 21.1037 0.387399 2.46022 0.625486 6916
9 13 10 21.3825 0.378876 2.60429 0.541238 5325
9 13 11 21.7648 0.447747 2.66573 0.454658 7626
9 13 12 21.7216 0.420881 2.71943 0.617306 5667
9 13 13 21.3981 0.385463 2.52344 0.488072 5853
9 13 14 22.4769 0.678774 3.19075 0.553068 11660
9 13 15 21.0039 0.342164 2.24556 0.493714 7086
9 13 16 22.3743 0.499722 2.77837 0.583821 5112
9 13 17 22.4909 0.611673 3.04994 0.469946 9908
9 13 18 22.1273 0.556415 2.78762 0.663494 6986
9 13 19 21.3832 0.41258 2.66749 0.470752 5335
9 13 20 21.7087 0.478896 2.84463 0.654444 6354
9 13 21 22.7779 0.496998 2.90706 0.682543 6647
9 13 22 21.5 -2 0 0 4919
9 13 23 22.585 0.689348 3.17226 0.52889 6983
9 13 24 23.118 0.589795 3.12279 0.58132 7539
9 13 25 22.1866 0.443336 2.61332 0.457279 5277
9 13 26 22.6029 0.501275 2.91896 0.5974 10873
9 13 27 22.0434 0.420246 2.69687 0.448409 5981
9 13 28 21.5243 0.398017 2.51015 0.469384 5930
9 13 29 23.177 0.705817 3.08019 0.636835 9267
9 13 30 22.7062 0.541126 2.86364 0.557854 5924
9 13 31 22.1292 0.501089 2.79847 0.468239 6441
9 13 32 22.1652 0.413733 2.691 0.51805 5450
9 13 33 22.7997 0.479108 2.53502 0.729945 6106
9 13 34 23.734 0.783205 3.40176 0.554492 11874
9 13 35 21.8636 0.349305 2.45491 0.600462 6230
9 13 36 23.2571 0.683366 2.99608 0.543357 6585
9 13 37 22.7221 0.466599 2.95822 0.502228 7007
9 13 38 22.7548 0.546065 2.74835 0.525812 6608
9 13 39 23.8455 0.68406 3.35957 0.528709 9542
9 13 40 21.5 -2 0 0 6997
9 13 41 22.3639 0.489395 2.77029 0.483619 6457
9 13 42 21.5925 0.465327 2.78058 0.652083 9193
9 13 43 22.7553 0.732929 3.03699 0.475764 10808
9 13 44 21.4429 0.457506 2.61689 0.633432 7417
9 13 45 21.9386 0.480348 2.5619 0.661656 7530
9 13 46 21.8965 0.512853 2.85628 0.562159 14446
9 13 47 21.6699 0.540533 2.68438 0.641658 7745
9 13 48 22.6383 0.643493 3.16889 0.505807 7904
9 13 49 21.8163 0.477124 2.75445 0.483076 10682
9 13 50 21.693 0.479634 2.66902 0.55109 7863
9 13 51 23.3725 0.788484 3.59882 0.540511 15674
9 13 52 21.388 0.47197 2.66216 0.453172 13923
9 13 53 21.7125 0.572063 3.00991 0.418168 9110
9 13 54 20.8031 0.402683 2.56444 0.489941 11058
9 13 55 22.2206 0.558937 3.07757 0.407219 14195
9 13 56 22.7918 0.728578 3.58157 0.450445 11303
9 13 57 22.6154 0.847349 3.54094 0.487651 13902
9 13 58 22.5036 0.648036 3.09946 0.461371 9932
9 13 59 23.1451 0.822457 3.65176 0.503945 13762
9 13 60 22.6322 0.622949 3.28686 0.642923 8078
9 13 61 23.813 0.892385 4.03414 0.405985 16692
9 13 62 22.5809 0.929582 3.6767 0.470576 16341
9 13 63 21.7963 0.582993 3.11823 0.419814 10999
9 14 0 23.2412 0.855432 3.38475 0.462499 10092
9 14 1 23.0307 0.946504 3.31823 0.412405 9938
9 14 2 22.4386 1.3409 3.23507 0.46757 11461
9 14 3 22.0056 0.524493 2.89723 0.532565 7755
9 14 4 21.568 0.495488 2.68372 0.420218 8310
9 14 5 21.9474 0.581587 2.92208 0.367719 10417
9 14 6 22.7203 0.909987 3.33968 0.454122 12673
9 14 7 21.1078 0.443187 2.6938 0.528806 11154
9 14 8 21.394 0.566668 2.94663 0.378177 9497
9 14 9 23.1084 0.749642 3.26947 0.414558 11872
9 14 10 23.2105 0.768083 3.37365 0.40719 14551
9 14 11 22.0627 0.573079 2.91506 0.39536 7224
9 14 12 21.0239 0.339834 2.34508 0.382694 11229
9 14 13 21.8054 0.443425 2.36266 0.583756 1963
9 14 14 22.2962 0.501597 2.65969 0.496786 8672
9 14 15 22.7651 0.456713 3.00723 0.341211 2759
9 14 16 23.3282 0.942254 3.53296 0.461557 16083
9 14 17 21.9715 0.559898 2.79392 0.368854 8162
9 14 18 21.6999 0.473353 2.80425 0.364786 7394
9 14 19 23.0283 0.745218 3.26783 0.43782 10409
9 14 20 21.6626 0.475642 2.67027 0.479866 8369
9 14 21 23.3615 1.13607 3.66789 0.408787 13706
9 14 22 23.0073 0.563139 2.59621 0.422232 2483
9 14 23 22.1257 0.639643 3.01433 0.397214 7047
9 14 24 21.7594 0.479686 2.68184 0.525328 9333
9 14 25 22.7211 0.65329 3.25515 0.392462 9098
9 14 26 22.4691 0.705269 3.16367 0.452459 7728
9 14 27 21.6799 0.608633 2.66655 0.445733 8821
9 14 28 22.6098 0.458514 2.81891 0.64108 6540
9 14 29 22.3269 0.714713 2.76304 0.400862 6103
9 14 30 22.5687 0.688603 2.98151 0.488372 7560
9 14 31 23.0665 0.750456 3.2587 0.412589 7343
9 14 32 20.621 0.369184 2.29731 0.370678 3707
9 14 33 22.1248 0.451467 2.68143 0.3679 1633
9 14 34 21.5036 0.520357 2.75642 0.48976 6738
9 14 35 22.184 0.497324 2.59633 0.418327 8023
9 14 36 21.8734 0.516442 2.49389 0.289526 796
9 14 37 21.3445 0.448475 2.49009 0.447109 5312
9 14 38 22.0588 0.601188 2.84602 0.383399 7144
9 14 39 22.184 0.572128 2.85376 0.3474 4994
9 14 40 21.0677 0.46271 2.4462 0.504133 7372
9 14 41 21.1604 0.475199 2.45939 0.366719 6965
9 14 42 21.9015 0.523835 2.63553 0.388735 6270
9 14 43 21.6744 0.526584 2.63124 0.462203 5700
9 14 44 21.1173 0.403869 2.36503 0.555201 6425
9 14 45 21.7014 0.482361 2.39752 0.423442 6331
9 14 46 21.533 0.489048 2.48155 0.468096 6022
9 14 47 22.6055 0.716433 3.37705 0.449509 4971
9 14 48 21.8459 0.519018 2.64529 0.433759 6012
9 14 49 21.0734 0.466171 2.47997 0.578108 5934
9 14 50 21.5 -2 0 0 5392
9 14 51 22.0295 0.457462 2.49749 0.375977 4313
9 14 52 21.5093 0.468841 2.49578 0.41727 5385
9 14 53 21.9259 0.525422 2.92891 0.396636 5032
9 14 54 20.5147 0.460642 2.32712 0.60451 4545
9 14 55 20.8661 0.406859 2.35638 0.525191 5217
9 14 56 20.354 0.445654 2.40648 0.526544 6133
9 14 57 19.9807 0.426894 2.37065 0.384175 5793
9 14 58 21.5184 0.555755 2.74149 0.532888 3225
9 14 59 21.11 0.592423 2.74671 0.380815 6160
9 14 60 21.1418 0.593065 2.68515 0.424629 5736
9 14 61 21.9923 0.569874 2.87246 0.438967 4789
9 14 62 21.2579 0.55662 2.8129 0.430046 5136
9 14 63 20.3475 0.483831 2.52858 0.400379 5216
9 15 0 24.7828 0.729693 3.41693 0.329828 3517
9 15 1 23.6724 1.1628 3.14377 0.406671 3771
9 15 2 22.3424 0.600632 2.90424 0.456065 3721
9 15 3 23.3397 0.578415 2.82507 0.258152 2727
9 15 4 22.8969 0.508406 2.4915 0.382145 3501
9 15 5 22.7477 0.816917 2.85542 0.369673 3549
9 15 6 22.6429 0.716852 2.8349 0.349335 3156
9 15 7 23.0755 0.51171 2.55174 0.427059 3026
9 15 8 23.5322 0.675956 3.09512 0.335796 3962
9 15 9 23.5354 0.547021 2.83444 0.422159 2437
9 15 10 22.5625 0.430421 2.51831 0.471333 2990
9 15 11 23.2991 0.535222 2.90297 0.270844 3788
9 15 12 23.3218 0.677844 2.97654 0.361441 3038
9 15 13 22.5868 0.51536 2.68918 0.28983 3531
9 15 14 22.4239 0.490335 2.54193 0.493282 4858
9 15 15 23.1143 0.556906 2.63942 0.412221 3401
9 15 16 23.3376 0.704458 3.13064 0.370632 2738
9 15 17 25.0537 0.724505 2.98492 0.390442 3463
9 15 18 23.8485 0.594558 2.92232 0.429825 3231
9 15 19 22.9361 0.636024 2.66372 0.433675 3090
9 15 20 24.9794 1.09833 3.66578 0.390869 3655
9 15 21 23.6034 0.614035 2.81841 0.35675 2978
9 15 22 22.6923 0.456084 2.41565 0.393878 3187
9 15 23 23.5508 0.732633 2.85463 0.454291 4160
9 15 24 23.4466 0.54055 2.73091 0.466427 4214
9 15 25 24.4013 0.776014 3.23417 0.376446 3309
9 15 26 24.6653 0.837676 3.3075 0.392093 4758
9 15 27 24.1981 0.665906 3.10224 0.31439 2877
9 15 28 23.1251 0.46942 2.40592 0.550518 3373
9 15 29 24.2208 0.711474 3.37074 0.339636 4560
9 15 30 24.5628 0.947683 3.39216 0.353631 3356
9 15 31 24.0152 0.711653 3.05391 0.271272 3421
9 15 32 24.1331 0.650323 2.97429 0.334899 3205
9 15 33 22.6459 0.487234 2.42744 0.504484 3922
9 15 34 24.8482 0.961402 3.36364 0.333976 5271
9 15 35 23.5166 0.711673 2.87874 0.370666 3515
9 15 36 22.5277 0.468874 2.4982 0.571461 3767
9 15 37 24.9745 0.851705 3.64028 0.32989 4717
9 15 38 23.889 0.69543 2.65245 0.480823 3891
9 15 39 24.1185 0.906527 3.20228 0.358235 5929
9 15 40 21.5 -2 0 0 4449
9 15 41 25.3951 1.40782 3.34328 0.451646 3581
9 15 42 23.4586 0.584883 2.84225 0.458384 4176
9 15 43 23.392 0.937453 2.64231 0.428514 5315
9 15 44 24.6105 0.82059 3.22006 0.382781 3772
9 15 45 22.9868 0.596211 2.81227 0.345773 3895
9 15 46 24.5853 1.09025 3.51878 0.307693 5624
9 15 47 24.0325 0.726649 3.29376 0.390716 4293
9 15 48 23.6401 0.77582 3.12781 0.345382 3798
9 15 49 23.622 0.744031 2.73064 0.431324 5014
9 15 50 23.1039 0.803517 2.9363 0.250941 4324
9 15 51 26.5537 1.31165 4.15083 0.389121 7251
9 15 52 24.2191 0.800762 3.38871 0.291083 4633
9 15 53 24.5057 0.974362 3.56506 0.343642 5079
9 15 54 23.2138 0.729185 2.92343 0.300105 4976
9 15 55 25.1035 0.991205 3.99503 0.275356 6420
9 15 56 24.6373 0.902606 3.73026 0.279252 6190
9 15 57 24.3716 0.892763 3.68632 0.299622 6781
9 15 58 21.5 -2 0 0 4911
9 15 59 24.0339 0.933459 3.69482 0.340761 6178
9 15 60 23.7581 0.843811 3.5877 0.312428 5077
9 15 61 26.8393 1.42969 4.40247 0.375283 7893
9 15 62 25.0363 1.01651 3.84996 0.271506 6159
9 15 63 22.1794 0.6942 2.87495 0.417477 5666
10 0 0 22.6743 0.51474 3.19404 0.667528 13392
10 0 1 20.7874 0.361839 2.69744 0.535365 13009
10 0 2 20.9418 0.435765 2.87416 0.608612 10098
10 0 3 26.0013 0.421773 3.66968 0.393733 3699
10 0 4 23.4257 0.547596 3.28485 0.606467 8094
10 0 5 21.8232 0.476439 3.01629 0.640794 7841
10 0 6 21.731 0.378411 2.677 0.734657 11309
10 0 7 21.653 0.354824 2.76367 0.646914 11131
10 0 8 21.2475 0.388123 2.92068 0.552781 10468
10 0 9 24.7194 0.346496 3.17 0.547959 2489
10 0 10 24.7182 0.400877 2.40352 0.456929 1197
10 0 11 21.1824 0.408587 2.67546 0.685173 12167
10 0 12 22.2082 0.437911 3.02337 0.542699 7536
10 0 13 23.6651 0.400957 3.20228 0.801307 6115
10 0 14 21.9431 0.493128 3.12768 0.674177 11393
10 0 15 22.3255 0.42584 2.97022 0.762847 7871
10 0 16 24.3342 0.387631 3.2212 0.638772 3004
10 0 17 22.4159 0.444488 3.04568 0.48926 13263
10 0 18 25.1117 0.493125 3.80885 0.493866 4415
10 0 19 24.3403 0.314819 3.03802 0.423275 2599
10 0 20 21.5 -2 0 0 6575
10 0 21 22.5873 0.463526 3.05966 0.814666 7447
10 0 22 24.624 0.351501 3.30376 0.699958 3592
10 0 23 22.3213 0.43292 2.88906 0.684282 11330
10 0 24 22.1571 0.479601 3.01393 0.536532 10174
10 0 25 22.104 0.334532 2.72698 0.731339 12933
10 0 26 22.2108 0.551257 3.23781 0.660144 13637
10 0 27 22.5293 0.485182 3.30794 0.709885 8434
10 0 28 21.2423 0.356011 2.68445 0.690398 12308
10 0 29 23.2532 0.548951 3.19284 0.7807 12873
10 0 30 25.9921 0.40167 3.81264 0.454943 3154
10 0 31 21.1788 0.302904 2.56001 0.502154 14893
10 0 32 24.843 0.439055 2.96848 0.657597 3042
10 0 33 22.3988 0.417501 2.69019 0.902078 13160
10 0 34 22.864 0.623917 3.30443 0.62377 16611
10 0 35 22.2453 0.44983 2.87745 0.675842 14247
10 0 36 26.4698 0.421266 3.66621 0.530577 3937
10 0 37 26.1044 0.52842 3.77887 0.508036 6961
10 0 38 21.8529 0.395637 2.80264 0.556105 15708
10 0 39 22.0684 0.498853 3.04039 0.795202 21113
10 0 40 26.081 0.507823 3.77463 0.490395 5772
10 0 41 22.2271 0.434919 2.80915 0.652102 9762
10 0 42 22.2628 0.513972 3.14402 0.610872 14342
10 0 43 22.8436 0.520732 3.22315 0.592287 13073
10 0 44 21.5401 0.347878 2.55583 0.584278 13254
10 0 45 22.2662 0.46032 3.04918 0.543846 13381
10 0 46 21.5 -2 0 0 16154
10 0 47 22.3019 0.688915 3.29371 0.711472 16881
10 0 48 21.4672 0.437799 2.76351 0.583486 12006
10 0 49 22.5772 0.437307 2.82311 0.651853 13203
10 0 50 22.6586 0.606735 3.16582 0.729602 13249
10 0 51 22.2868 0.48175 3.06585 0.699073 24015
10 0 52 21.9017 0.803206 3.12704 0.734844 17147
10 0 53 21.9629 0.569768 3.10502 0.75036 18020
10 0 54 22.2444 0.541576 3.35914 0.546807 11456
10 0 55 22.4758 0.48976 3.22886 0.518075 15109
10 0 56 22.3882 0.76315 3.56588 0.699423 18746
10 0 57 23.2459 1.04144 3.76719 0.816411 15998
10 0 58 21.7807 0.528617 2.91778 0.678887 16134
10 0 59 22.0094 0.62517 3.24465 0.660857 20405
10 0 60 23.3258 0.663471 3.88324 0.538391 11858
10 0 61 24.1647 1.21848 4.62241 0.757376 26488
10 0 62 22.5588 0.677845 3.83731 0.569107 18276
10 0 63 21.2049 0.479802 3.23853 0.607257 13352
10 1 0 26.1082 1.0612 4.39751 0.916458 17401
10 1 1 24.2171 0.593731 3.74968 0.708622 17913
10 1 2 25.5428 0.855965 4.14673 0.731901 18245
10 1 3 22.3812 0.389095 2.89891 0.674206 18078
10 1 4 23.0737 0.534353 3.14491 0.793485 14717
10 1 5 23.6444 0.607634 3.50832 0.585936 13724
10 1 6 23.5841 0.764589 3.64617 0.723857 22622
10 1 7 24.8119 0.632323 4.07089 0.524326 13057
10 1 8 24.443 0.585461 3.57827 0.688798 12712
10 1 9 25.4833 1.21183 4.32437 0.848151 19033
10 1 10 21.5 -2 0 0 14465
10 1 11 24.4321 0.797364 3.61338 0.775266 16120
10 1 12 23.6564 0.744995 3.29802 0.74077 14196
10 1 13 24.0093 0.636279 3.60139 0.655278 13311
10 1 14 23.9201 0.626233 3.33052 0.76162 18030
10 1 15 23.1409 0.491386 3.11548 0.660721 15279
10 1 16 26.1777 1.27825 4.51965 0.83007 24757
10 1 17 22.7415 0.513237 3.24009 0.606196 18592
10 1 18 23.2437 0.471873 3.14593 0.761522 12274
10 1 19 22.393 0.461959 2.88276 0.77079 16477
10 1 20 26.122 0.585969 3.94783 0.681509 7009
10 1 21 24.8956 0.615854 3.81987 0.575534 15444
10 1 22 23.7299 0.590223 3.23349 0.72981 15784
10 1 23 25.4489 0.676235 3.97164 0.64449 10482
10 1 24 24.6297 0.528535 3.31445 0.706573 17122
10 1 25 24.5105 0.687503 3.49799 0.612292 11945
10 1 26 23.09 0.485429 3.11365 0.748431 17535
10 1 27 22.9302 0.387791 2.69002 0.67096 13973
10 1 28 22.8043 0.424175 2.66592 0.894506 14710
10 1 29 24.8375 0.629302 3.5595 0.746492 10550
10 1 30 24.7103 0.723343 3.56889 0.809968 7943
10 1 31 24.6053 0.621182 3.62517 0.587162 10977
10 1 32 23.6696 0.640798 3.186 0.638361 10670
10 1 33 23.0805 0.547269 3.0279 0.744668 12595
10 1 34 26.0409 0.722927 4.54326 0.6447 11665
10 1 35 24.0502 0.604112 3.2871 0.692699 13004
10 1 36 21.5 -2 0 0 7153
10 1 37 25.1685 0.651671 3.81061 0.662024 8526
10 1 38 25.5379 0.563078 4.045 0.710148 7340
10 1 39 23.2132 0.489991 3.09956 0.748807 10458
10 1 40 24.7367 0.51313 3.8024 0.628291 7868
10 1 41 23.8414 0.513733 3.33834 0.594881 7821
10 1 42 23.2291 0.59964 2.93146 0.788676 11312
10 1 43 23.9628 0.56544 3.55348 0.625036 8561
10 1 44 23.8624 0.555188 3.50905 0.689397 7199
10 1 45 23.9789 0.84863 3.27386 0.784083 9108
10 1 46 25.1717 0.678784 4.26248 0.666668 12135
10 1 47 24.527 0.571363 3.89299 0.627046 7672
10 1 48 23.5079 0.869022 3.07707 0.81535 9046
10 1 49 23.3998 0.640123 2.9881 0.772594 12516
10 1 50 24.2599 0.495966 3.5652 0.448053 7019
10 1 51 23.9186 0.695598 3.52542 0.896472 10211
10 1 52 22.1711 0.474815 2.98334 0.617522 11843
10 1 53 23.4897 0.441212 3.4353 0.686272 5537
10 1 54 23.5213 0.438036 3.03197 0.771687 7656
10 1 55 23.2681 0.474503 3.33408 0.765752 7268
10 1 56 22.7347 0.478563 3.37371 0.606777 7107
10 1 57 23.3561 0.581816 3.59802 0.617403 8476
10 1 58 21.8097 0.428521 2.76708 0.64599 11887
10 1 59 24.5078 0.697576 4.07168 0.644616 10173
10 1 60 22.1063 0.67197 2.88513 0.801476 9346
10 1 61 24.0866 0.737125 3.87136 0.714473 8272
10 1 62 22.9803 0.794122 3.64165 0.766123 9338
10 1 63 23.7614 0.512474 3.49827 0.539022 7273
10 2 0 23.2261 0.641857 3.67298 0.790839 19551
10 2 1 22.1945 0.478292 3.16957 0.873276 23401
10 2 2 22.2117 0.482784 3.0849 0.758007 22801
10 2 3 21.6193 0.387911 2.84029 0.768527 17659
10 2 4 22.9172 0.510587 3.24564 0.668601 11883
10 2 5 21.688 0.502629 2.91036 0.83245 18976
10 2 6 21.3786 0.454324 2.99562 0.764324 19793
10 2 7 22.7429 0.378307 3.22537 0.949012 7053
10 2 8 22.0464 0.426725 3.12777 0.598303 16894
10 2 9 22.6362 0.454166 3.38853 0.848952 14676
10 2 10 22.991 0.606738 3.38488 0.889961 16264
10 2 11 23.5066 0.545992 3.52432 0.681292 13257
10 2 12 21.681 0.367199 2.87979 0.63473 16121
10 2 13 21.6839 0.381091 2.98912 0.645455 12701
10 2 14 22.2538 0.484724 3.27249 0.723588 22186
10 2 15 23.9773 0.425988 3.62845 0.64568 7683
10 2 16 24.1366 0.600253 3.63856 0.743217 9116
10 2 17 21.7364 0.360938 2.61829 0.855072 17525
10 2 18 22.8233 0.536401 3.25387 0.772824 16258
10 2 19 23.5852 0.494104 3.11455 0.7473 12530
10 2 20 25.9973 0.45115 3.77099 0.580495 7392
10 2 21 22.5838 0.576972 3.16263 0.847555 21789
10 2 22 22.3695 0.414265 3.16416 0.75261 12548
10 2 23 24.1931 0.638461 3.81562 0.70149 11178
10 2 24 23.5834 0.481434 3.29722 0.663799 14761
10 2 25 21.8745 0.40976 2.85854 0.695152 14672
10 2 26 22.965 0.508584 3.214 0.820905 20794
10 2 27 22.7566 0.490499 3.10404 0.864884 11876
10 2 28 24.0726 0.392809 3.32269 0.570888 5710
10 2 29 23.5756 0.555252 3.49738 0.760973 17726
10 2 30 25.7376 0.448906 3.75137 0.495995 6364
10 2 31 22.9839 0.362124 2.84796 0.706364 10335
10 2 32 22.0713 0.348952 2.74062 0.739055 14814
10 2 33 22.0277 0.306316 2.64884 0.612946 16793
10 2 34 22.8059 0.516057 3.37752 0.741921 23000
10 2 35 21.5775 0.363415 2.61203 0.767434 14705
10 2 36 22.3011 0.411593 2.82044 0.706889 18141
10 2 37 22.1805 0.471583 2.96362 0.730436 17925
10 2 38 23.1876 0.451485 3.10757 0.691383 12702
10 2 39 21.8872 0.448506 2.98021 0.788119 18147
10 2 40 24.5262 0.474668 3.63122 0.516217 10450
10 2 41 21.4789 0.314599 2.65893 0.730774 14029
10 2 42 23.9098 0.477234 3.3842 0.605989 10922
10 2 43 22.5239 0.399484 2.8242 0.674259 20251
10 2 44 21.9536 0.380692 2.90212 0.56876 13306
10 2 45 23.1081 0.470211 3.17969 0.839916 8980
10 2 46 22.7441 0.752825 3.19492 0.731856 23868
10 2 47 21.5 -2 0 0 8701
10 2 48 23.2532 0.48742 3.46626 0.624284 11052
10 2 49 22.2983 0.425031 2.90559 0.745641 19304
10 2 50 22.3037 0.539398 3.26614 0.763024 10909
10 2 51 22.1029 0.646491 3.27476 0.714585 20020
10 2 52 21.5875 0.355279 2.83122 0.608778 21639
10 2 53 22.5774 0.665443 3.32285 0.640827 10753
10 2 54 22.6462 0.631212 3.3545 0.673649 11785
10 2 55 21.5 -2 0 0 20524
10 2 56 23.7028 0.683453 4.03836 0.715159 12622
10 2 57 20.7489 0.364112 2.9715 0.595825 22263
10 2 58 21.4777 0.352789 2.76189 0.757 18729
10 2 59 21.9189 0.506923 3.36028 0.579542 23887
10 2 60 22.3443 0.501182 3.64246 0.635833 9824
10 2 61 23.6278 0.899922 4.19157 0.673663 19834
10 2 62 21.6152 0.530056 3.20793 0.690226 22910
10 2 63 21.1708 0.439978 3.02673 0.602627 17715
10 3 0 0 -10 0 0 0
10 3 1 23.6541 0.582229 3.61077 0.993615 21515
10 3 2 22.0593 0.471584 3.33736 0.755707 19580
10 3 3 21.4607 0.310982 2.81083 0.685399 27579
10 3 4 21.35 0.30406 2.78165 0.810412 24873
10 3 5 21.9918 0.326788 2.95054 0.688789 23509
10 3 6 21.6923 0.408349 2.99484 1.05645 24399
10 3 7 23.3255 0.659266 3.68651 0.876891 25375
10 3 8 20.9836 0.338757 2.88411 0.665738 19140
10 3 9 22.5921 0.450771 3.30409 0.942026 23012
10 3 10 23.5158 0.657885 3.86539 0.983074 20446
10 3 11 22.3053 0.509796 3.1812 0.869773 16923
10 3 12 21.4853 0.368709 2.96083 0.677434 21565
10 3 13 21.8961 0.32835 2.86244 0.792464 25524
10 3 14 22.4455 0.420445 3.08443 1.05318 29496
10 3 15 21.7199 0.325282 2.7339 0.750291 25564
10 3 16 0 -10 0 0 0
10 3 17 22.3907 0.372465 2.93989 0.905998 22625
10 3 18 21.6541 0.328834 2.76595 0.792368 19861
10 3 19 22.6075 0.562071 3.27343 0.864091 22376
10 3 20 28.8827 0.339732 3.44967 0.503992 3535
10 3 21 22.3372 0.388936 3.06204 0.885732 25956
10 3 22 22.3635 0.304763 2.80022 0.744967 26798
10 3 23 25.5461 0.693181 4.02219 0.914431 12711
10 3 24 22.0284 0.308295 2.84082 0.795757 23980
10 3 25 22.4665 0.46629 3.15383 0.814601 25110
10 3 26 0 -10 0 0 0
10 3 27 23.8313 0.397348 3.61887 0.555697 9652
10 3 28 22.6619 0.352823 2.85088 0.820289 25461
10 3 29 22.3531 0.401593 3.07226 0.844035 16292
10 3 30 21.5 -2 0 0 16535
10 3 31 22.9863 0.370233 2.96731 0.914522 26987
10 3 32 22.7652 0.315126 2.80606 0.864359 24468
10 3 33 22.174 0.290617 2.70318 0.821275 18662
10 3 34 22.8728 0.491072 3.18103 1.10443 21276
10 3 35 23.0742 0.39291 3.08838 0.795113 28460
10 3 36 0 -10 0 0 0
10 3 37 22.3899 0.378774 3.05359 0.781182 13452
10 3 38 22.5347 0.343445 2.98801 0.932733 26770
10 3 39 22.5247 0.529422 3.22987 1.03748 21538
10 3 40 23.4107 0.465816 3.43922 0.719161 14907
10 3 41 22.7184 0.409464 3.05215 0.878073 19585
10 3 42 22.6588 0.516844 3.2772 0.871603 19646
10 3 43 22.3942 0.374357 2.99137 0.975378 17291
10 3 44 22.0169 0.30864 2.75397 0.757209 25207
10 3 45 22.0157 0.386983 3.07372 0.80881 20480
10 3 46 22.5333 0.509672 3.06165 1.12616 19341
10 3 47 23.2349 0.553565 3.4606 1.07054 26654
10 3 48 25.0062 1.13796 1.36466 2.23332 12254
10 3 49 21.2749 0.363012 2.93199 0.673525 21445
10 3 50 21.5 -2 0 0 18182
10 3 51 23.2935 0.588721 3.46596 1.06122 18038
10 3 52 21.5559 0.332609 2.64137 0.973595 19815
10 3 53 22.6855 0.65872 3.23558 0.977637 26149
10 3 54 21.3683 0.409387 2.98969 0.840317 21051
10 3 55 21.2726 0.291702 2.65632 0.74469 25711
10 3 56 22.1019 0.414687 3.18126 0.802839 22040
10 3 57 22.6745 0.660377 3.31561 1.08963 19586
10 3 58 21.8965 0.324545 2.80565 0.756676 19469
10 3 59 21.4655 0.371653 2.8971 0.877962 19001
10 3 60 21.537 0.347179 2.89327 0.879813 23337
10 3 61 22.7981 0.835558 3.76736 1.08351 20337
10 3 62 21.42 0.401882 3.21147 0.796719 20173
10 3 63 20.7024 0.317275 2.68205 0.673824 21781
10 4 0 26.4472 0.874271 4.53512 0.403282 15708
10 4 1 25.2463 0.758502 4.04631 0.416407 14226
10 4 2 26.7363 1.1224 4.34295 0.501402 16216
10 4 3 24.0701 0.565266 3.30781 0.495721 7808
10 4 4 25.7686 0.607304 4.04569 0.491118 7122
10 4 5 24.2261 0.816214 3.44168 0.532704 11439
10 4 6 25.7064 0.846486 3.88835 0.478705 10822
10 4 7 24.0924 0.6301 3.38882 0.44221 9352
10 4 8 25.2304 0.63421 3.77958 0.520429 9358
10 4 9 24.0153 0.791535 3.24472 0.620501 13253
10 4 10 25.257 0.718287 3.70354 0.472625 8070
10 4 11 24.0355 0.638707 3.37148 0.389393 12426
10 4 12 24.7774 0.805507 3.40606 0.440517 11001
10 4 13 23.8285 0.507123 2.95881 0.592612 7988
10 4 14 27.1402 0.775704 4.14141 0.446849 12405
10 4 15 24.0263 0.598679 3.04925 0.704577 9188
10 4 16 26.5068 1.3063 4.09816 0.621752 9814
10 4 17 27.1685 0.877333 4.11896 0.436437 8517
10 4 18 25.8813 0.68929 3.97718 0.386117 6529
10 4 19 24.8408 0.971577 3.45177 0.595969 8578
10 4 20 27.2271 0.626643 3.9426 0.391532 4769
10 4 21 26.0744 1.27455 3.86294 0.585681 14156
10 4 22 24.9156 0.635609 3.47909 0.409319 9329
10 4 23 26.6093 0.986636 4.40855 0.576269 9322
10 4 24 24.6492 0.854846 3.72235 0.433898 15767
10 4 25 24.6454 0.586657 3.61088 0.490228 6269
10 4 26 26.3835 1.22264 4.23734 0.614786 16238
10 4 27 26.4863 1.03185 4.12303 0.568669 6549
10 4 28 24.7174 0.601753 3.22857 0.538432 8066
10 4 29 26.5152 0.79047 4.31025 0.393221 10073
10 4 30 25.6922 0.956407 3.84274 0.577895 7258
10 4 31 23.1168 0.483318 2.79051 0.581124 7982
10 4 32 24.3134 0.566889 3.39358 0.530735 6297
10 4 33 24.1152 0.555109 3.47149 0.443434 5654
10 4 34 25.869 1.83177 3.92082 0.66674 14042
10 4 35 24.6353 0.77176 3.53923 0.553694 5670
10 4 36 25.4205 0.77227 3.85012 0.542863 6775
10 4 37 26.4616 0.995113 4.15914 0.601131 8860
10 4 38 23.8669 0.499908 3.31866 0.557939 5221
10 4 39 24.4398 0.860925 3.54094 0.550378 8473
10 4 40 25.3066 1.22032 3.84144 0.518755 10037
10 4 41 23.3438 0.457982 2.85598 0.536998 8010
10 4 42 25.2729 1.02329 3.53989 0.533513 7345
10 4 43 25.785 0.717014 4.05038 0.348377 8979
10 4 44 23.91 0.855393 2.84427 0.659775 7001
10 4 45 24.5793 0.55972 3.50298 0.531487 6103
10 4 46 23.7469 0.757235 3.22147 0.651289 14452
10 4 47 25.516 0.734426 4.04801 0.60141 4486
10 4 48 25.0063 0.691143 3.48526 0.518615 5459
10 4 49 22.8672 0.661082 3.07276 0.483598 10545
10 4 50 23.8123 0.612937 3.35369 0.528145 7625
10 4 51 25.1679 0.742313 3.94066 0.511872 8041
10 4 52 24.0093 0.653768 3.22212 0.639885 9048
10 4 53 26.1029 0.944853 4.2416 0.544732 4958
10 4 54 24.429 0.689241 3.47885 0.492855 7519
10 4 55 25.2458 0.708861 3.78885 0.43747 7785
10 4 56 23.6975 0.713283 3.6395 0.531234 9194
10 4 57 25.3801 1.02264 3.8344 0.594537 8462
10 4 58 22.3384 0.566062 3.08346 0.645023 9170
10 4 59 25.3613 1.00004 4.26155 0.483477 11711
10 4 60 24.6524 0.79554 3.90664 0.550621 5513
10 4 61 25.5734 0.874002 4.1702 0.586802 9240
10 4 62 24.2311 0.873153 4.04773 0.403829 9983
10 4 63 24.6639 1.01041 3.96646 0.508981 9142
10 5 0 25.8849 0.625137 4.33722 0.62406 9095
10 5 1 25.0796 0.769123 3.92021 0.695902 9720
10 5 2 23.4443 0.506606 3.36891 0.735481 13913
10 5 3 23.8334 0.594244 3.28159 0.670641 13322
10 5 4 24.2232 0.519421 3.50294 0.667556 10682
10 5 5 24.9498 0.590941 3.61323 0.732939 9961
10 5 6 24.1524 0.588921 3.33024 0.781288 13620
10 5 7 24.2739 0.615505 3.80193 0.644262 12943
10 5 8 23.125 0.499863 3.23528 0.489502 13689
10 5 9 24.3935 0.731844 3.67927 0.732779 11155
10 5 10 25.6038 0.815054 4.07865 0.856857 13604
10 5 11 24.0391 0.643779 3.4076 0.700613 13940
10 5 12 23.0899 0.525917 2.96512 1.01257 13791
10 5 13 25.3942 0.567211 3.65054 0.564748 12307
10 5 14 24.9976 0.64282 3.79422 0.676821 12007
10 5 15 24.0603 0.715518 3.46782 0.739173 15469
10 5 16 26.2854 1.29372 4.3142 0.985654 16275
10 5 17 23.7137 0.609265 3.20527 0.713317 14884
10 5 18 23.0106 0.522777 2.97332 0.652095 15248
10 5 19 25.1196 0.57884 3.5831 0.600268 16198
10 5 20 24.7273 0.646241 3.6443 0.613199 12929
10 5 21 23.6212 0.519655 3.32517 0.714368 14118
10 5 22 24.0513 0.610229 3.2068 0.702965 14717
10 5 23 23.2986 0.467653 2.944 0.662546 13379
10 5 24 24.2268 0.619654 3.24622 0.666019 11689
10 5 25 25.4806 0.876455 4.00913 0.776339 17502
10 5 26 24.1963 0.580874 3.21726 0.807386 14377
10 5 27 25.2223 0.670352 3.86252 0.656835 13748
10 5 28 24.7132 0.508432 3.60573 0.638963 12730
10 5 29 25.0447 0.722197 3.36314 0.676764 13086
10 5 30 24.1329 0.788354 3.1828 0.877389 15188
10 5 31 25.6758 0.601299 3.96869 0.478679 15334
10 5 32 24.6222 0.608008 3.48985 0.571132 16237
10 5 33 24.5386 0.622299 3.48465 0.630551 12722
10 5 34 24.7199 0.833239 3.61759 0.695999 15644
10 5 35 26.1119 0.619952 4.21824 0.564141 16265
10 5 36 25.5152 0.620352 3.73492 0.545539 12447
10 5 37 24.4769 0.513733 3.36062 0.603675 11949
10 5 38 25.2267 0.726634 3.87222 0.664831 17316
10 5 39 25.4639 0.823998 3.62289 0.681218 22973
10 5 40 23.2179 0.635036 3.15495 0.64388 19961
10 5 41 24.9326 0.563187 3.48182 0.586851 12949
10 5 42 25.0387 0.609188 3.58476 0.570436 11246
10 5 43 24.0888 0.524104 3.57502 0.596134 13828
10 5 44 24.697 0.881966 3.4486 0.760437 19558
10 5 45 23.9231 0.552351 3.46653 0.573447 14348
10 5 46 24.7856 0.631083 3.69261 0.587133 13236
10 5 47 26.1491 0.986991 4.19366 0.770477 26876
10 5 48 23.9965 0.549502 3.49607 0.499097 18598
10 5 49 21.5 -2 0 0 12588
10 5 50 24.7979 0.741427 3.58181 0.643153 14790
10 5 51 24.9557 0.646129 3.66822 0.593531 22833
10 5 52 24.0932 0.66422 3.31601 0.604311 12921
10 5 53 26.1571 0.680201 4.19409 0.598856 17684
10 5 54 24.3796 0.651074 3.64105 0.542459 14025
10 5 55 23.8702 0.626693 3.48348 0.606949 14726
10 5 56 25.2151 0.910094 4.01946 0.643671 24668
10 5 57 23.5399 0.730888 3.48828 0.576453 24117
10 5 58 23.9818 0.598339 3.63211 0.586375 13815
10 5 59 24.7909 1.00471 4.04408 0.750135 19088
10 5 60 23.3053 0.653351 3.66877 0.494748 25422
10 5 61 24.7757 0.837631 4.07276 0.59664 22083
10 5 62 24.8029 0.715956 3.82667 0.553602 14219
10 5 63 24.8706 0.715406 3.91446 0.565654 15189
10 6 0 23.0332 0.822769 3.52503 0.44494 14367
10 6 1 22.4099 0.647939 3.34186 0.418214 12354
10 6 2 21.1786 0.506572 2.9234 0.378446 12598
10 6 3 20.9179 0.400357 2.594 0.394582 8950
10 6 4 20.5205 0.361451 2.46481 0.31041 9227
10 6 5 21.2215 0.400355 2.51663 0.387171 9613
10 6 6 21.5688 0.526209 2.99504 0.472457 11452
10 6 7 21.0353 0.447851 2.9384 0.447439 6671
10 6 8 21.1794 0.491093 2.75013 0.404689 10149
10 6 9 21.5755 0.597048 2.88659 0.475001 9423
10 6 10 21.962 0.561748 2.92545 0.369948 8735
10 6 11 20.9616 0.43288 2.7015 0.566041 6715
10 6 12 20.9229 0.484863 2.79472 0.420711 7237
10 6 13 21.1015 0.334189 2.4985 0.428843 7036
10 6 14 21.9953 0.501078 3.12161 0.416717 10382
10 6 15 22.1759 0.766635 3.01734 0.402406 5421
10 6 16 22.1596 0.639132 3.23462 0.525278 6574
10 6 17 21.6633 0.540489 2.87036 0.401915 9660
10 6 18 20.8531 0.414631 2.60498 0.47528 5523
10 6 19 21.4541 0.402097 2.53189 0.428032 6165
10 6 20 21.3913 0.412668 2.41112 0.377036 7581
10 6 21 22.5697 0.676305 3.33145 0.425612 9879
10 6 22 19.9399 0.379356 2.52915 0.463828 6884
10 6 23 21.3269 0.397951 2.566 0.339751 8939
10 6 24 22.459 0.476567 2.87727 0.394995 10246
10 6 25 20.8135 0.39198 2.59004 0.444368 6601
10 6 26 22.4921 0.680306 3.08898 0.502224 11306
10 6 27 21.5033 0.444423 2.87629 0.416834 5740
10 6 28 20.9083 0.35807 2.41804 0.44343 6536
10 6 29 21.4124 0.470598 2.51277 0.62671 7058
10 6 30 21.4805 0.444637 2.7686 0.372076 6274
10 6 31 21.0383 0.490519 2.83403 0.3968 3900
10 6 32 21.5 -2 0 0 6274
10 6 33 21.2991 0.465959 2.38579 0.579318 4889
10 6 34 22.0707 0.507694 2.82718 0.447525 10686
10 6 35 22.3823 0.390307 2.56792 0.519876 4741
10 6 36 21.1382 0.543997 2.71672 0.399512 5655
10 6 37 22.5734 0.555779 2.87173 0.558318 5499
10 6 38 21.3054 0.658341 2.82831 0.514173 3816
10 6 39 21.6798 0.420382 2.67292 0.427612 4718
10 6 40 21.6762 0.54353 2.77202 0.503103 5689
10 6 41 21.5 -2 0 0 5594
10 6 42 21.5448 0.493887 2.72086 0.552694 5620
10 6 43 22.0014 0.500272 2.74592 0.404614 7221
10 6 44 21.7439 0.377445 2.28715 0.490156 4883
10 6 45 21.4856 0.42357 2.5724 0.440608 6171
10 6 46 21.4445 0.564253 2.75554 0.610449 8053
10 6 47 22.2477 0.840726 3.14649 0.457652 2375
10 6 48 20.9725 0.35383 2.38255 0.515687 5696
10 6 49 20.4117 0.352668 2.27115 0.556056 6158
10 6 50 20.5347 0.360187 1.92769 0.72433 5267
10 6 51 20.7533 0.444513 2.61813 0.481282 5796
10 6 52 20.9599 0.441759 2.37639 0.529473 7266
10 6 53 20.8186 0.523509 2.76309 0.394382 2869
10 6 54 20.6562 0.419507 2.43158 0.441417 5673
10 6 55 20.6724 0.514739 2.75043 0.466514 5276
10 6 56 20.8286 0.541316 2.71842 0.413215 4327
10 6 57 20.4553 0.590081 2.72618 0.525478 4878
10 6 58 19.9243 0.426833 2.34095 0.413095 5499
10 6 59 20.6797 0.64144 3.08406 0.394606 6195
10 6 60 20.7359 0.552043 2.4808 0.590859 4801
10 6 61 20.5315 0.576142 2.99179 0.479792 5832
10 6 62 20.8224 0.56102 3.01265 0.353161 6703
10 6 63 20.358 0.485063 2.57768 0.388237 6310
10 7 0 19.4362 0.407576 2.63798 0.643468 4761
10 7 1 19.9643 0.34347 2.42455 0.555604 6388
10 7 2 19.7558 0.322584 2.34899 0.56893 6609
10 7 3 19.199 0.366082 2.31687 0.688767 7152
10 7 4 21.5 -2 0 0 6735
10 7 5 20.1952 0.333006 2.36832 0.589391 7233
10 7 6 19.2231 0.320972 2.34547 0.521396 6483
10 7 7 19.4365 0.473353 2.59333 0.551241 7530
10 7 8 19.8078 0.298296 2.23637 0.524649 7147
10 7 9 20.0305 0.321262 2.29798 0.719517 5987
10 7 10 19.4403 0.399875 2.57266 0.55199 4935
10 7 11 19.7729 0.38005 2.42611 0.545636 6763
10 7 12 19.7761 0.325475 2.44427 0.465634 7500
10 7 13 19.5838 0.395215 2.49883 0.450938 8062
10 7 14 20.121 0.334256 2.50267 0.479959 7597
10 7 15 20.6889 0.360434 2.58012 0.421767 7731
10 7 16 20.9167 0.495859 2.90099 0.545275 5043
10 7 17 19.9146 0.331156 2.51112 0.48111 8335
10 7 18 20.0613 0.365767 2.43284 0.433126 8106
10 7 19 20.3968 0.448642 2.53106 0.672399 9553
10 7 20 20.2535 0.351051 2.44511 0.497706 8744
10 7 21 20.0187 0.33861 2.20779 0.64398 6351
10 7 22 20.2247 0.283692 2.20839 0.631685 7893
10 7 23 20.0369 0.357422 2.39894 0.422835 7883
10 7 24 19.9027 0.310467 2.19253 0.501838 7670
10 7 25 20.6341 0.43244 2.67587 0.490687 10368
10 7 26 21.1281 0.436126 2.7271 0.468488 8962
10 7 27 20.167 0.30586 2.36492 0.512768 9908
10 7 28 21.0576 0.451747 2.73327 0.453636 7532
10 7 29 19.8248 0.409773 2.59076 0.489993 8244
10 7 30 19.8073 0.318996 2.15678 0.549055 8402
10 7 31 20.6917 0.46173 2.84014 0.442173 10443
10 7 32 19.9724 0.374945 2.40534 0.704252 9216
10 7 33 19.7477 0.428341 2.57654 0.580564 10056
10 7 34 20.7469 0.500625 2.75377 0.482687 10065
10 7 35 21.5277 0.666783 2.98976 0.56071 13699
10 7 36 20.0679 0.328735 2.21899 0.522914 10177
10 7 37 19.6848 0.38211 2.34543 0.86087 8909
10 7 38 20.7592 0.378696 2.53218 1.01976 14917
10 7 39 20.5324 0.394439 2.54985 0.495407 18225
10 7 40 20.3682 0.351686 2.45419 0.518612 9224
10 7 41 19.612 0.414885 2.49981 0.679588 10814
10 7 42 20.5975 0.565863 2.70861 0.608568 8943
10 7 43 19.7131 0.34784 2.47529 0.57734 10741
10 7 44 20.7012 0.485672 2.67991 0.48086 11130
10 7 45 20.5056 0.392616 2.61015 0.446618 12723
10 7 46 20.932 0.638165 2.97051 0.58662 9626
10 7 47 21.2878 0.746937 3.32574 0.523098 19827
10 7 48 20.8924 0.577249 2.92676 0.419787 8994
10 7 49 20.0014 0.373022 2.4868 0.523417 11334
10 7 50 19.9 0.360701 2.42325 0.400215 14489
10 7 51 20.9019 0.506621 2.89295 0.547046 14889
10 7 52 20.2009 0.562057 2.70519 0.499012 9145
10 7 53 19.7199 0.549162 3.02707 0.464927 14630
10 7 54 20.2969 0.441691 2.6609 0.417178 14066
10 7 55 20.4419 0.434889 2.62216 0.440491 13082
10 7 56 20.0494 0.502261 2.80277 0.42198 13407
10 7 57 20.2893 0.493454 2.93613 0.43641 16784
10 7 58 18.9736 0.406046 2.42467 0.745677 11368
10 7 59 19.8997 0.4832 2.79089 0.560897 11850
10 7 60 19.402 0.501551 2.81191 0.454572 18603
10 7 61 20.514 0.768959 3.10202 0.577476 15036
10 7 62 19.8034 0.694849 3.26709 0.485542 11192
10 7 63 19.2683 0.544593 2.63 0.506509 13974
10 8 0 20.9657 0.386131 2.85442 0.756462 11287
10 8 1 20.5403 0.371808 2.74706 0.714503 11561
10 8 2 20.1834 0.36458 2.70587 0.560472 9900
10 8 3 19.1334 0.327622 2.35732 0.626703 12157
10 8 4 21.5 -2 0 0 9107
10 8 5 19.8669 0.330046 2.71907 0.506995 9156
10 8 6 19.641 0.281525 2.50851 0.473164 13627
10 8 7 20.4793 0.502296 2.90002 0.575673 10894
10 8 8 20.0453 0.337951 2.5657 0.73927 9524
10 8 9 21.4113 0.375349 2.85582 0.486276 11616
10 8 10 20.4416 0.456024 2.79918 0.651165 12404
10 8 11 20.7781 0.391866 2.82418 0.696872 9783
10 8 12 20.3957 0.303478 2.56521 0.483821 11846
10 8 13 20.1045 0.277154 2.40898 0.524544 16768
10 8 14 0 -10 0 0 0
10 8 15 19.8116 0.336223 2.52652 0.420966 12037
10 8 16 21.239 0.494281 3.07404 0.676473 14851
10 8 17 20.621 0.32882 2.53235 0.602155 13460
10 8 18 20.7283 0.398562 2.65761 0.680414 9846
10 8 19 21.032 0.470845 3.03129 0.606598 12979
10 8 20 20.5296 0.370046 2.56089 0.853716 9043
10 8 21 21.8487 0.462137 2.88555 0.601632 7419
10 8 22 21.0126 0.446564 2.80745 0.591304 9135
10 8 23 21.3589 0.403351 2.76707 0.638069 8285
10 8 24 20.1734 0.33163 2.57733 0.537721 9913
10 8 25 20.376 0.455431 2.90677 0.510813 13762
10 8 26 21.1447 0.502327 2.82628 0.798015 10971
10 8 27 20.1839 0.330826 2.48905 0.661712 11471
10 8 28 20.5141 0.405889 2.70993 0.623208 13886
10 8 29 20.8887 0.37428 2.6926 0.643819 14182
10 8 30 20.7006 0.479505 2.75485 0.60986 11730
10 8 31 21.0641 0.481263 3.15067 0.497759 14917
10 8 32 20.8458 0.342879 2.60812 0.455249 19094
10 8 33 21.2589 0.349434 2.68909 0.55877 16036
10 8 34 21.4107 0.468747 2.90297 0.86588 10603
10 8 35 21.0602 0.394177 2.74976 0.644008 24377
10 8 36 19.8972 0.339645 2.55822 0.835733 14129
10 8 37 20.9842 0.430777 2.70685 0.689351 9361
10 8 38 21.337 0.379252 2.76444 0.528903 25424
10 8 39 21.8832 0.56633 3.02623 0.681891 23468
10 8 40 20.4005 0.43766 2.76843 0.59631 8489
10 8 41 20.4479 0.4168 2.79089 0.594409 16077
10 8 42 21.401 0.478746 2.92816 0.798075 9959
10 8 43 20.8444 0.329321 2.52497 0.725167 13951
10 8 44 20.9478 0.418499 2.75769 0.595895 21079
10 8 45 20.6141 0.400083 2.68821 0.6098 19530
10 8 46 21.2012 0.522836 3.00831 0.681248 11000
10 8 47 21.8381 0.739534 3.46517 0.617564 24381
10 8 48 21.1175 0.718637 3.36941 0.60733 12184
10 8 49 22.4849 0.489488 3.1662 0.610023 8413
10 8 50 20.4329 0.538438 2.7713 0.646619 13990
10 8 51 23.0853 0.816328 4.06745 0.664935 16702
10 8 52 20.908 0.493362 2.81105 0.629261 12187
10 8 53 21.5416 0.812212 3.40025 0.672849 19918
10 8 54 20.3026 0.417716 2.87956 0.602218 13782
10 8 55 21.2316 0.469005 2.90632 0.677704 17015
10 8 56 21.6914 0.765715 3.56747 0.566322 17319
10 8 57 21.3552 0.778331 3.23215 0.678892 17567
10 8 58 20.7737 0.536499 2.87861 0.628356 11114
10 8 59 20.8644 0.532211 3.18098 0.749302 12743
10 8 60 20.2178 0.442176 2.82284 0.662614 23038
10 8 61 0 -10 0 0 0
10 8 62 21.263 0.676205 3.55847 0.683773 14987
10 8 63 19.9077 0.454782 3.04701 0.518997 12589
10 9 0 29.2874 1.075 4.69318 0.29573 9121
10 9 1 27.3168 0.957664 4.13658 0.391955 8667
10 9 2 28.0224 0.961589 4.62961 0.266059 7039
10 9 3 28.3579 0.65449 3.90036 0.367211 3238
10 9 4 29.5445 0.843495 4.6035 0.372477 2479
10 9 5 27.6656 0.622663 3.98092 0.388279 3601
10 9 6 27.5246 0.791327 4.5269 0.329174 5986
10 9 7 27.3822 0.686935 3.65913 0.424766 2830
10 9 8 26.7996 0.744867 4.39242 0.28544 5018
10 9 9 29.6036 0.821832 4.43722 0.282869 3823
10 9 10 27.757 0.648109 3.96507 0.473145 3620
10 9 11 27.0766 1.01949 4.12497 0.370666 7162
10 9 12 26.9391 0.964758 3.88341 0.414224 5162
10 9 13 27.5378 0.531427 3.28683 0.387755 2075
10 9 14 29.1025 0.932381 4.69663 0.319163 7577
10 9 15 28.4247 0.605842 3.85769 0.619148 2788
10 9 16 28.3687 0.690399 4.21301 0.490436 3227
10 9 17 25.7031 0.737172 3.87673 0.375635 5852
10 9 18 28.0466 0.673499 3.90874 0.441421 3086
10 9 19 28.7463 0.887288 4.13992 0.364281 3660
10 9 20 30.4777 0.761733 4.25596 0.475325 2030
10 9 21 27.6877 1.14037 4.31518 0.443892 7413
10 9 22 27.7661 1.04773 4.38836 0.42355 5193
10 9 23 28.1075 0.623395 4.11129 0.364506 2807
10 9 24 28.0208 0.905659 4.24774 0.329872 6846
10 9 25 27.451 0.571918 3.57615 0.516158 2247
10 9 26 28.9017 0.876489 4.95481 0.267016 6451
10 9 27 30.088 0.648651 4.15811 0.394809 1792
10 9 28 28.27 0.563083 3.31285 0.326111 1507
10 9 29 27.3399 0.687632 3.84188 0.446428 4077
10 9 30 29.453 0.693551 3.90732 0.343696 1457
10 9 31 27.1113 0.529148 3.41469 0.327106 1572
10 9 32 28.1783 0.549659 3.69981 0.259982 1817
10 9 33 27.6249 0.611756 3.82693 0.492036 1552
10 9 34 26.7093 1.03483 3.84442 0.379698 8938
10 9 35 29.8128 0.724967 4.21872 0.420691 2531
10 9 36 29.1873 0.645949 3.68021 0.407825 1385
10 9 37 29.2399 0.610538 3.77565 0.430958 1821
10 9 38 26.5603 0.62115 3.71664 0.548054 2526
10 9 39 26.5498 0.621061 3.70382 0.523868 2430
10 9 40 30.8058 0.775762 4.76425 0.300468 1821
10 9 41 27.9494 0.732324 3.56199 0.386337 1945
10 9 42 29.4637 0.636984 3.65087 0.485444 1178
10 9 43 28.9002 1.06586 4.26191 0.482593 3621
10 9 44 27.2648 0.537262 3.19338 0.333155 804
10 9 45 26.6869 0.746734 3.86968 0.548824 2188
10 9 46 27.6341 0.792686 4.0249 0.478754 5147
10 9 47 27.9988 0.678715 4.22455 0.365822 1960
10 9 48 27.3922 0.580784 3.53483 0.445385 2054
10 9 49 27.838 0.804417 4.13172 0.53293 3396
10 9 50 27.5039 0.560441 3.04763 0.34679 941
10 9 51 27.9094 0.759862 4.26398 0.338011 3166
10 9 52 26.4988 0.675553 3.9059 0.476833 3805
10 9 53 26.9794 0.57125 3.37779 0.383133 1066
10 9 54 28.4165 0.694672 4.35472 0.366999 2124
10 9 55 25.8676 0.671914 3.69595 0.319813 3853
10 9 56 27.4261 1.02386 4.4717 0.446823 3122
10 9 57 26.163 0.574907 3.73429 0.497675 3244
10 9 58 27.0915 0.708715 3.85812 0.501492 2118
10 9 59 26.6308 0.739596 4.47762 0.271524 4705
10 9 60 25.6348 1.23368 4.06124 0.360049 3907
10 9 61 26.0091 0.770219 4.10066 0.400839 4353
10 9 62 26.4149 1.07976 4.55124 0.334821 5755
10 9 63 26.8509 0.623175 3.85195 0.31198 2083
10 10 0 20.9904 0.558838 3.39984 0.91888 17467
10 10 1 19.8663 0.366247 2.81955 0.791553 18878
10 10 2 19.9112 0.407992 2.90864 0.759907 20464
10 10 3 18.8089 0.272277 2.57438 0.643433 23130
10 10 4 19.3843 0.249727 2.49283 0.610332 18866
10 10 5 19.4243 0.263625 2.5473 0.639011 22252
10 10 6 20.2357 0.280745 2.60249 0.625477 23235
10 10 7 19.8246 0.3038 2.66531 0.657757 32019
10 10 8 19.5866 0.263338 2.51605 0.789348 19209
10 10 9 19.9344 0.299106 2.74191 0.68193 26043
10 10 10 20.1534 0.362529 2.85165 0.735482 23659
10 10 11 19.4566 0.280722 2.67186 0.606673 18963
10 10 12 19.4207 0.259736 2.43387 0.818063 21208
10 10 13 20.0438 0.300009 2.58124 0.61957 28844
10 10 14 20.0499 0.288355 2.71194 0.718192 22767
10 10 15 20.2696 0.279682 2.588 0.689813 26208
10 10 16 21.1158 0.458439 3.05282 0.903871 32180
10 10 17 19.9659 0.280782 2.62885 0.723289 18568
10 10 18 19.5998 0.266264 2.51125 0.789797 19136
10 10 19 19.912 0.353097 2.88793 0.583267 23663
10 10 20 22.5027 0.395213 3.28727 0.625995 11574
10 10 21 20.0943 0.291745 2.70067 0.781079 24414
10 10 22 19.7739 0.312972 2.57763 0.612662 23402
10 10 23 21.2773 0.448138 3.0026 0.811728 15505
10 10 24 20.3127 0.277097 2.64412 0.735059 21931
10 10 25 20.9275 0.364675 2.86361 0.763881 29448
10 10 26 20.4593 0.285429 2.64324 0.67906 22122
10 10 27 20.5435 0.323164 2.9482 0.605327 17829
10 10 28 20.346 0.292262 2.70041 0.61605 27588
10 10 29 19.6127 0.25638 2.45182 0.628608 19613
10 10 30 22.9895 0.429879 3.4028 0.608047 9432
10 10 31 20.5791 0.2835 2.66569 0.664136 35065
10 10 32 19.7431 0.298349 2.60292 0.710643 23140
10 10 33 21.1133 0.555929 3.15834 0.783283 19144
10 10 34 20.5236 0.35598 2.84386 0.797711 18598
10 10 35 20.6071 0.458776 3.02905 0.776132 26542
10 10 36 22.3599 0.341175 3.29163 0.515896 10606
10 10 37 21.4752 0.333388 2.94418 0.59144 11651
10 10 38 20.3916 0.38625 2.99627 0.767953 31218
10 10 39 20.6582 0.435572 3.16192 0.668173 23456
10 10 40 24.0094 0.364016 3.55679 0.743849 7849
10 10 41 19.301 0.277117 2.60443 0.629614 24013
10 10 42 20.1459 0.298845 2.83349 0.679198 16341
10 10 43 20.2349 0.261043 2.56071 0.655364 24922
10 10 44 19.9258 0.348717 2.72554 0.774786 26791
10 10 45 20.0698 0.268931 2.58173 0.719216 29181
10 10 46 20.5999 0.303344 2.67165 0.864667 19621
10 10 47 0 -10 0 0 0
10 10 48 20.183 0.351175 2.83676 0.692456 16895
10 10 49 19.6455 0.312039 2.55409 0.942578 17103
10 10 50 19.4449 0.277074 2.55815 0.570232 29536
10 10 51 19.9228 0.353926 2.96361 0.677327 19834
10 10 52 19.1102 0.247728 2.42174 0.989403 19645
10 10 53 17.5 -2 0 0 24972
10 10 54 19.6145 0.290558 2.68133 0.547864 22083
10 10 55 18.8608 0.283084 2.49146 0.674298 20665
10 10 56 20.2835 0.385038 2.9576 0.833981 23996
10 10 57 19.839 0.377013 2.89317 0.997997 19907
10 10 58 19.05 0.277071 2.59067 0.652511 21900
10 10 59 19.9995 0.421396 3.04937 0.815316 17088
10 10 60 20.0301 0.406675 3.10326 0.677514 28466
10 10 61 20.5009 0.567604 3.2709 0.804157 20165
10 10 62 18.9478 0.349551 2.89298 0.781608 20980
10 10 63 18.7819 0.325296 2.76333 0.657946 20808
10 11 0 24.032 0.789423 4.01207 0.515918 15104
10 11 1 23.7422 0.521595 3.59265 0.410084 9096
10 11 2 23.4677 0.829545 3.63368 0.616706 10137
10 11 3 21.1803 0.392462 2.75927 0.531749 12007
10 11 4 23.3943 0.549447 3.31797 0.476198 7007
10 11 5 22.5431 0.492876 2.97056 0.465605 9102
10 11 6 22.2111 0.714358 3.09817 0.699666 13472
10 11 7 20.8868 0.399279 2.60758 0.583556 9754
10 11 8 22.8786 0.560404 3.1488 0.479888 9247
10 11 9 23.2461 0.446137 3.37633 0.523365 5090
10 11 10 22.4077 0.357546 3.04921 0.840408 4301
10 11 11 22.6797 0.453229 3.01623 0.466118 10407
10 11 12 21.3824 0.459543 2.77793 0.684264 12918
10 11 13 20.975 0.435838 2.61 0.501154 10447
10 11 14 22.3177 0.576973 3.29001 0.48195 17303
10 11 15 20.7687 0.340304 2.46593 0.770045 11062
10 11 16 21.8651 0.514534 2.97854 0.910993 9003
10 11 17 21.5875 0.468742 2.86577 0.556372 14033
10 11 18 21.3406 0.346276 2.47256 0.594001 12671
10 11 19 20.9154 0.345163 2.48747 0.738511 10161
10 11 20 22.0739 0.509496 2.9203 0.561903 8886
10 11 21 23.8741 0.395712 3.32735 0.659237 4815
10 11 22 22.6256 0.454331 3.22269 0.399221 5734
10 11 23 24.6822 0.596064 3.30564 0.549056 9226
10 11 24 23.3483 0.507009 3.53044 0.403831 10894
10 11 25 21.5 -2 0 0 7916
10 11 26 22.6932 0.544462 3.13583 0.524152 20144
10 11 27 21.7109 0.336861 2.42979 0.707827 11011
10 11 28 20.8876 0.309771 2.44127 0.520426 10063
10 11 29 21.9164 0.556258 2.91465 0.541536 17802
10 11 30 23.8814 0.562583 3.25068 0.523967 6410
10 11 31 21.5 -2 0 0 10217
10 11 32 21.4194 0.348368 2.41544 0.827658 9853
10 11 33 24.2962 0.472907 3.25397 0.630538 5834
10 11 34 23.3653 0.587517 3.29902 0.544764 17787
10 11 35 21.2357 0.447943 2.55521 0.526256 10460
10 11 36 24.7499 0.484051 3.42525 0.63462 5701
10 11 37 25.3631 0.494574 3.42384 0.594475 5767
10 11 38 21.875 0.464106 2.90841 0.717139 6816
10 11 39 24.0294 0.653069 3.64607 0.619694 7931
10 11 40 24.1755 0.470945 3.51242 0.462102 6337
10 11 41 21.3961 0.381482 2.51605 0.776471 10659
10 11 42 21.6237 0.47232 2.90317 0.533481 11364
10 11 43 22.243 0.47129 2.93512 0.559651 12356
10 11 44 21.5785 0.384261 2.71015 0.519613 9575
10 11 45 22.851 0.743594 3.08148 0.630301 7709
10 11 46 22.519 0.671714 3.35824 0.590209 16985
10 11 47 23.2378 0.575122 3.16815 0.764484 5391
10 11 48 21.5627 0.418601 2.66241 0.679777 11591
10 11 49 22.4582 0.608935 3.21813 0.541947 9377
10 11 50 21.4178 0.463837 2.95812 0.571655 8276
10 11 51 23.2639 0.721373 3.70983 0.540759 11693
10 11 52 21.7681 0.575356 3.08195 0.496273 12952
10 11 53 22.4427 0.589246 3.57878 0.619982 6487
10 11 54 22.1781 0.484355 2.9661 0.562164 8039
10 11 55 22.0572 0.587178 3.14908 0.437656 11798
10 11 56 23.8387 0.743167 3.98589 0.588578 9507
10 11 57 23.0091 0.567747 3.57093 0.602857 10061
10 11 58 21.3849 0.454361 2.87874 0.769406 9143
10 11 59 22.1162 0.69842 3.29655 0.533416 15586
10 11 60 23.0602 0.57655 3.42005 0.562378 7035
10 11 61 24.0833 0.901227 3.99992 0.614568 13434
10 11 62 22.2061 0.679882 3.23197 0.564697 18595
10 11 63 21.8525 0.558557 3.36126 0.444247 10428
10 12 0 24.9114 0.785938 3.76379 0.83271 21067
10 12 1 25.053 0.668833 3.77272 0.672561 16442
10 12 2 23.5865 0.423491 3.04232 0.785793 22028
10 12 3 22.1039 0.374707 2.84153 0.690085 20106
10 12 4 23.8028 0.563425 3.46986 0.680677 13338
10 12 5 22.9035 0.391222 3.1765 0.553942 16230
10 12 6 24.4757 0.649102 3.6127 0.801871 23389
10 12 7 24.4669 0.577644 3.72642 0.555724 17986
10 12 8 23.2139 0.420204 3.24968 0.692444 15348
10 12 9 23.5349 0.400396 3.15278 0.719689 26488
10 12 10 24.5516 0.753747 3.63216 0.702675 22313
10 12 11 24.5485 0.536472 3.58931 0.683565 12225
10 12 12 24.083 0.671213 3.48726 0.720714 16118
10 12 13 23.4189 0.466624 3.02941 0.639704 15251
10 12 14 23.8981 0.547943 3.3779 0.680756 15310
10 12 15 23.7349 0.477692 3.03283 0.776694 15496
10 12 16 26.2062 0.998568 4.10203 0.872978 25893
10 12 17 23.1457 0.406729 3.0751 0.624331 14055
10 12 18 23.0825 0.406132 2.92869 0.664581 19828
10 12 19 22.9873 0.447289 3.02489 0.776356 23489
10 12 20 23.5618 0.370819 2.88838 0.718373 15637
10 12 21 22.7756 0.393166 2.88247 0.780975 28006
10 12 22 23.9485 0.451818 3.4124 0.592117 16628
10 12 23 24.747 0.551469 3.79818 0.607334 10480
10 12 24 23.4693 0.379379 2.91952 0.821296 15328
10 12 25 23.7962 0.582672 3.17104 0.826385 21915
10 12 26 24.0799 0.527104 3.33103 0.782107 17843
10 12 27 23.8751 0.638552 3.37652 0.752012 15005
10 12 28 23.2895 0.381645 2.9808 0.624898 20682
10 12 29 24.3241 0.440208 3.25966 0.656727 11929
10 12 30 22.7727 0.31887 2.6145 0.872439 16353
10 12 31 24.1702 0.532115 3.42591 0.692582 16528
10 12 32 24.0214 0.471867 3.08891 0.77372 16569
10 12 33 23.9641 0.567447 3.17699 0.693585 16825
10 12 34 23.9576 0.668479 3.18112 0.928752 13009
10 12 35 23.3247 0.509955 3.54802 0.632925 19549
10 12 36 24.2635 0.440799 3.17949 0.685447 12143
10 12 37 23.0567 0.345097 2.82723 0.636433 14156
10 12 38 24.206 0.669591 3.45028 0.846662 16464
10 12 39 24.4664 0.541442 3.25928 0.746785 11913
10 12 40 22.9259 0.40823 2.71869 0.872806 13743
10 12 41 22.3606 0.331631 2.52453 0.752698 17999
10 12 42 23.1313 0.372941 2.87286 0.634491 12374
10 12 43 23.1237 0.431716 2.85552 0.696493 14191
10 12 44 23.488 0.502362 3.18097 0.615808 14923
10 12 45 22.8844 0.42266 2.77731 0.761288 13901
10 12 46 23.6969 0.463008 2.91532 0.796852 14147
10 12 47 25.3248 0.697605 4.23573 0.745881 14039
10 12 48 22.8228 0.371658 2.84536 0.612606 16456
10 12 49 23.1046 0.362109 3.02062 0.562182 11898
10 12 50 24.3293 0.591917 3.28966 0.671902 11881
10 12 51 25.6365 1.57678 3.66516 1.05647 10455
10 12 52 23.4889 0.410336 3.38048 0.551414 11014
10 12 53 24.028 0.734008 3.99205 0.742406 13369
10 12 54 22.9915 0.413906 3.10732 0.557648 14323
10 12 55 23.1059 0.484549 3.14229 0.656214 9814
10 12 56 24.3479 0.677658 3.58887 0.732533 10629
10 12 57 23.853 0.64867 3.34498 0.782375 12046
10 12 58 23.2422 0.470383 3.1208 0.725755 12379
10 12 59 24.0566 0.60523 3.45054 0.932665 11659
10 12 60 23.735 0.684028 3.84381 0.809946 12445
10 12 61 24.1748 0.679975 3.91041 0.757618 9834
10 12 62 23.6218 0.561971 3.46158 0.747583 11274
10 12 63 22.9443 0.455653 3.21843 0.581433 11126
10 13 0 22.0244 0.446975 2.7988 0.763223 10405
10 13 1 21.5025 0.466554 2.8784 0.507203 9081
10 13 2 22.2665 0.572595 3.28844 0.606624 9351
10 13 3 21.7433 0.413701 2.83939 0.527496 7118
10 13 4 21.246 0.379644 2.59811 0.469416 8753
10 13 5 21.2034 0.328582 2.61495 0.604909 8952
10 13 6 22.4071 0.623969 2.98041 0.592398 8053
10 13 7 21.2392 0.419728 2.74287 0.53364 6121
10 13 8 21.5734 0.394592 2.70135 0.54977 8500
10 13 9 21.6688 0.378886 2.53461 0.601125 7749
10 13 10 21.8178 0.343663 2.36304 0.571641 7000
10 13 11 21.4171 0.368431 2.78981 0.545378 8683
10 13 12 21.8869 0.448802 2.79814 0.514144 7435
10 13 13 21.383 0.378469 2.63147 0.546959 6255
10 13 14 22.4213 0.525028 3.17642 0.503073 12444
10 13 15 21.5879 0.410298 2.67411 0.693263 7571
10 13 16 21.8729 0.419506 2.69531 0.748623 6974
10 13 17 21.1074 0.317014 2.48409 0.790818 11359
10 13 18 21.3498 0.426761 2.51699 0.528429 8071
10 13 19 21.636 0.36056 2.43553 0.589011 6880
10 13 20 21.458 0.338244 2.55945 0.666855 8010
10 13 21 22.4807 0.504043 2.69187 0.730136 8143
10 13 22 21.4832 0.380817 2.73012 0.508451 6197
10 13 23 22.0659 0.521017 2.63571 0.669226 8224
10 13 24 21.3629 0.348206 2.54333 0.695666 10027
10 13 25 23.0017 0.465233 3.01375 0.596781 6002
10 13 26 22.5766 0.45357 2.91135 0.546854 14078
10 13 27 21.5807 0.32281 2.55911 0.448485 8480
10 13 28 21.2366 0.362409 2.51911 0.548411 6692
10 13 29 22.1311 0.40469 2.70881 0.521779 10687
10 13 30 21.8289 0.443664 2.8545 0.503313 6931
10 13 31 21.7256 0.331808 2.49492 0.757612 7832
10 13 32 21.8809 0.355368 2.44544 0.647684 6822
10 13 33 21.4747 0.396834 2.58196 0.469248 7659
10 13 34 22.5215 0.512008 2.94091 0.682996 13166
10 13 35 22.0782 0.334197 2.55637 0.648109 7754
10 13 36 22.5247 0.488242 2.98298 0.540955 9081
10 13 37 22.4355 0.442018 3.0177 0.738562 7766
10 13 38 22.2491 0.383103 2.50791 0.551263 8482
10 13 39 22.4963 0.488237 3.06298 0.928757 8892
10 13 40 22.1091 0.491674 2.79405 0.457341 7811
10 13 41 21.8885 0.37321 2.58154 0.625914 8941
10 13 42 21.7772 0.360351 2.66508 0.460881 12133
10 13 43 21.7924 0.426836 2.79821 0.709133 10839
10 13 44 21.7724 0.44256 2.74795 0.447665 7583
10 13 45 21.6233 0.462348 2.78521 0.560507 7953
10 13 46 23.0804 0.812868 3.37474 0.537768 13399
10 13 47 22.0825 0.665522 3.07855 0.607765 9110
10 13 48 22.0225 0.422755 2.69797 0.716007 6958
10 13 49 22.2159 0.450323 2.83837 0.512726 13054
10 13 50 22.42 0.535728 2.97535 0.525154 8535
10 13 51 21.4224 0.588411 3.21235 0.466143 16683
10 13 52 22.8072 0.426451 2.99491 0.470617 14148
10 13 53 21.9926 0.583069 3.36256 0.46815 7243
10 13 54 20.0719 0.385406 2.69212 0.374872 10886
10 13 55 21.757 0.496261 3.05944 0.368992 13893
10 13 56 22.2212 0.558793 3.19849 0.48052 14350
10 13 57 23.0414 0.489665 3.80628 0.340515 8487
10 13 58 22.2459 0.662725 3.04576 0.605463 9490
10 13 59 22.9477 1.02225 3.49544 0.530706 14920
10 13 60 21.6144 0.683856 3.31747 0.442822 8650
10 13 61 22.5505 0.882201 4.05777 0.468693 19878
10 13 62 22.4482 0.760341 3.82261 0.398527 15437
10 13 63 21.4253 0.715205 3.18956 0.511157 13161
10 14 0 21.5 -2 0 0 8447
10 14 1 23.929 0.906667 3.15154 0.55628 10150
10 14 2 24.2923 0.924953 3.56527 0.453561 11047
10 14 3 23.473 0.63975 2.98285 0.376381 9981
10 14 4 24.9087 1.46709 3.6971 0.57626 8686
10 14 5 23.8242 0.850451 3.59977 0.376003 8180
10 14 6 25.3296 0.797943 3.87714 0.472479 9881
10 14 7 23.0579 0.671644 3.10448 0.443446 11314
10 14 8 22.8788 0.490539 2.75417 0.627076 8067
10 14 9 23.7491 0.850572 3.21321 0.464683 12474
10 14 10 25.1593 1.42843 3.98375 0.482787 12999
10 14 11 23.4382 0.707768 2.99817 0.628321 6771
10 14 12 23.2856 0.495351 2.88514 0.399938 9775
10 14 13 24.0507 0.75661 3.25309 0.463572 7936
10 14 14 24.0429 0.876158 3.20492 0.508151 8113
10 14 15 22.7253 0.456229 2.91359 0.713271 7244
10 14 16 25.8708 1.01859 4.39939 0.44085 12425
10 14 17 24.1429 0.909772 3.15045 0.546677 6921
10 14 18 23.6698 0.665632 3.08747 0.380943 7010
10 14 19 24.6754 0.892146 3.4563 0.440046 8694
10 14 20 24.3667 0.979957 3.50255 0.446486 6987
10 14 21 25.3427 0.831819 3.74996 0.498614 10624
10 14 22 25.2498 0.87821 3.72157 0.400779 9187
10 14 23 23.2447 0.806271 2.98995 0.506418 6402
10 14 24 25.0103 0.662757 3.54472 0.37295 7736
10 14 25 24.6112 0.802086 3.55357 0.543897 9069
10 14 26 26.0303 0.849975 4.00631 0.435751 6270
10 14 27 24.0001 0.574061 2.81753 0.431658 7108
10 14 28 23.6867 0.732224 3.35443 0.404452 7434
10 14 29 23.4476 0.558675 2.86612 0.529891 6714
10 14 30 25.0859 1.09065 3.78145 0.489225 6389
10 14 31 23.8579 0.765645 3.17915 0.45179 6768
10 14 32 23.0118 0.74545 3.24088 0.351522 7066
10 14 33 23.933 0.686638 3.10003 0.56481 6243
10 14 34 22.3416 0.552956 2.86887 0.559468 7325
10 14 35 23.755 0.71712 3.11222 0.421109 7365
10 14 36 24.1941 0.637553 3.33968 0.446991 5061
10 14 37 24.0714 0.813316 3.07575 0.526374 5035
10 14 38 25.4302 1.31829 3.84198 0.392474 5978
10 14 39 23.7398 0.52837 3.01086 0.515401 3652
10 14 40 23.1302 0.520858 2.84148 0.475772 6142
10 14 41 24.1675 0.775533 3.19998 0.451501 6108
10 14 42 24.4302 0.729606 3.57491 0.393648 5500
10 14 43 23.3253 0.635049 2.93771 0.558558 5355
10 14 44 22.8987 0.46066 2.71761 0.476196 6626
10 14 45 0 -10 0 0 0
10 14 46 23.2686 0.588336 3.23715 0.536623 5733
10 14 47 26.2436 1.31449 4.50216 0.545779 3272
10 14 48 22.559 0.635871 2.77043 0.49306 5976
10 14 49 23.4654 0.627925 3.04812 0.444601 5101
10 14 50 22.6834 0.556624 2.77478 0.482083 5531
10 14 51 24.2233 0.733774 3.63759 0.457436 3106
10 14 52 23.0329 0.652426 3.05687 0.404135 5678
10 14 53 22.0804 0.540343 2.61836 0.444236 4505
10 14 54 22.252 0.429929 2.70016 0.713626 5123
10 14 55 22.427 0.524435 2.79787 0.565265 4602
10 14 56 23.2604 0.959681 3.293 0.45052 4779
10 14 57 23.4165 0.878858 3.11967 0.465099 4134
10 14 58 22.2766 0.570421 2.96342 0.539089 4467
10 14 59 22.8504 0.691791 2.99658 0.500261 5755
10 14 60 24.2137 0.78149 3.69822 0.514726 3234
10 14 61 23.5999 0.736354 3.4885 0.463767 3717
10 14 62 22.9496 0.85643 3.04332 0.769902 4549
10 14 63 22.2441 0.710352 3.00941 0.406546 4983
10 15 0 23.199 0.732869 3.36605 0.460864 3704
10 15 1 23.4183 0.710306 3.45244 0.449601 2260
10 15 2 21.6455 0.903715 2.43164 0.504154 3222
10 15 3 21.5 -2 0 0 3236
10 15 4 22.4438 0.707803 3.15793 0.374884 3826
10 15 5 22.3437 0.647163 3.17271 0.291102 3241
10 15 6 21.8598 0.509507 2.77409 0.393881 2661
10 15 7 21.7745 0.464009 2.56135 0.417714 3733
10 15 8 22.154 0.606573 2.84421 0.329845 4019
10 15 9 21.2693 0.539062 2.6138 0.402495 2560
10 15 10 23.0639 0.737211 3.37184 0.483087 2487
10 15 11 21.3541 0.551617 2.67151 0.328791 5032
10 15 12 21.439 0.49219 2.46568 0.529313 3561
10 15 13 21.6799 0.55849 2.69129 0.340101 3360
10 15 14 21.9142 0.551463 2.9806 0.488068 5363
10 15 15 20.7302 0.448803 2.30389 0.340576 4779
10 15 16 21.8015 0.556568 2.51235 0.447659 2569
10 15 17 21.772 0.50126 2.49645 0.353463 5176
10 15 18 22.7261 0.617263 2.89561 0.396196 3822
10 15 19 21.7704 0.515601 2.49541 0.435704 4023
10 15 20 22.1977 0.579351 2.65107 0.466809 4143
10 15 21 21.8053 0.581448 2.89133 0.435758 2812
10 15 22 22.1957 0.696588 2.61273 0.502067 2716
10 15 23 21.1185 0.517389 2.46186 0.534055 4773
10 15 24 22.4404 0.681281 2.85931 0.389913 4806
10 15 25 24.5086 0.649302 3.23314 0.548863 2072
10 15 26 23.5346 0.747439 3.29599 0.306539 4844
10 15 27 21.8929 0.506292 2.56347 0.463033 4208
10 15 28 22.409 0.606463 2.7452 0.402854 3267
10 15 29 22.6295 0.763975 3.08365 0.387209 4784
10 15 30 21.7332 0.522533 2.65651 0.399454 4023
10 15 31 23.2869 0.651557 3.34019 0.371257 3427
10 15 32 22.8878 0.612565 2.69019 0.439746 3809
10 15 33 22.5884 0.613052 2.96352 0.357905 3671
10 15 34 23.1675 0.664474 3.05835 0.406913 5823
10 15 35 22.1408 0.526812 2.57871 0.47642 4778
10 15 36 22.5216 0.611781 2.71479 0.445254 4039
10 15 37 22.7024 0.662431 3.06389 0.335894 5160
10 15 38 22.646 0.526994 2.70591 0.348671 4397
10 15 39 24.2309 0.795481 3.61819 0.457595 6699
10 15 40 21.1138 0.531477 2.41909 0.44925 5290
10 15 41 22.3443 0.659158 2.74373 0.429404 4510
10 15 42 23.1468 0.805488 3.27761 0.256666 3889
10 15 43 21.8781 0.597572 2.48024 0.453552 6348
10 15 44 21.561 0.514173 2.60614 0.335338 5104
10 15 45 21.515 0.561602 2.65117 0.487048 4267
10 15 46 23.6965 0.925154 3.67864 0.405599 5719
10 15 47 23.1363 1.13406 3.51612 0.349575 5733
10 15 48 22.6853 0.992316 3.16112 0.445942 3790
10 15 49 22.5506 0.999914 2.90291 0.418636 5291
10 15 50 21.388 0.482884 2.4693 0.452999 5885
10 15 51 23.9551 1.11386 4.03556 0.336334 8524
10 15 52 22.2735 0.533266 2.78431 0.413615 5707
10 15 53 21.7449 0.571562 2.7302 0.452936 6024
10 15 54 22.1653 0.703249 3.08339 0.416849 4895
10 15 55 21.0292 0.665142 2.78821 0.497842 6722
10 15 56 21.9446 0.73845 3.17568 0.359632 6761
10 15 57 23.3247 1.02474 3.72377 0.399608 7243
10 15 58 22.2717 0.832611 3.03981 0.432708 5885
10 15 59 22.0442 0.76702 3.38773 0.393362 6170
10 15 60 22.7416 0.955155 3.34463 0.447407 5366
10 15 61 24.1821 1.06747 4.49286 0.323428 8092
10 15 62 22.3383 1.2569 3.38224 0.405816 6850
10 15 63 21.9257 1.01946 3.24154 0.395339 6501
11 0 0 20.1485 0.297296 2.68186 0.663316 12658
11 0 1 19.888 0.314265 2.73563 0.487654 7402
11 0 2 19.7145 0.309173 2.49901 0.832527 7131
11 0 3 19.6973 0.249958 2.33824 0.588041 10671
11 0 4 20.5228 0.292214 2.53871 0.742004 8004
11 0 5 20.2267 0.304095 2.62919 0.544155 5769
11 0 6 19.993 0.276397 2.50964 0.628816 10728
11 0 7 19.5512 0.235237 2.14162 0.833313 11230
11 0 8 19.9596 0.228039 2.27021 0.645147 13722
11 0 9 19.8079 0.250473 2.32631 0.644016 8958
11 0 10 19.7165 0.24434 2.21019 0.695182 8626
11 0 11 19.6576 0.24747 2.2013 0.765923 16184
11 0 12 21.5 -2 0 0 9981
11 0 13 19.6047 0.238057 2.15855 0.653265 12732
11 0 14 19.9519 0.315206 2.61464 0.53589 10812
11 0 15 19.2975 0.233639 2.24864 0.782169 8957
11 0 16 19.9816 0.287096 2.31152 0.645579 8550
11 0 17 20.1876 0.282348 2.55957 0.582049 11776
11 0 18 20.2818 0.269804 2.35212 0.974494 6181
11 0 19 20.012 0.248988 2.29912 0.493631 11262
11 0 20 20.5253 0.29212 2.43932 0.736192 10195
11 0 21 19.9319 0.285372 2.39734 0.825028 6541
11 0 22 20.3654 0.279365 2.44656 0.649466 5552
11 0 23 20.3782 0.249802 2.42432 0.396546 16071
11 0 24 20.2985 0.254458 2.33148 0.430394 14923
11 0 25 20.1537 0.24462 2.32265 0.593361 13634
11 0 26 20.8905 0.31107 2.69251 0.531279 17576
11 0 27 21.078 0.250358 2.35292 0.65937 10464
11 0 28 19.713 0.766445 2.31253 0.610139 9686
11 0 29 20.3893 0.280192 2.466 0.609708 18133
11 0 30 20.5693 0.290085 2.54799 0.616002 8137
11 0 31 19.9148 0.280853 2.50501 0.597707 9851
11 0 32 20.2888 0.263014 2.29979 0.535234 13088
11 0 33 20.9481 0.2736 2.39094 0.523373 13181
11 0 34 20.37 0.306133 2.68763 0.46076 21846
11 0 35 20.5297 0.291664 2.53 0.797803 9915
11 0 36 20.8247 0.337724 2.76936 0.765172 8086
11 0 37 20.7923 0.32426 2.52206 0.631332 14654
11 0 38 20.7673 0.266277 2.41845 0.507821 15908
11 0 39 20.4305 0.311245 2.63217 0.541571 23070
11 0 40 20.6322 0.393703 2.70195 0.726477 8985
11 0 41 20.0157 0.273219 2.36691 0.991499 8214
11 0 42 20.0477 0.280064 2.49305 0.586893 15539
11 0 43 21.5 -2 0 0 12169
11 0 44 21.5136 0.347311 3.00112 0.389012 7408
11 0 45 19.8557 0.231945 2.18821 0.684682 16568
11 0 46 20.2329 0.304203 2.58304 0.58078 22743
11 0 47 19.9629 0.277843 2.53558 0.472692 19275
11 0 48 21.5 -2 0 0 9820
11 0 49 20.2343 0.325262 2.75041 0.841495 9089
11 0 50 20.3244 0.327904 2.66934 0.6374 11246
11 0 51 20.7611 0.329687 2.71727 0.529473 25692
11 0 52 20.8599 0.385889 3.02151 0.505227 12470
11 0 53 19.8412 0.30228 2.62911 0.541671 18977
11 0 54 20.0124 0.335824 2.64543 0.522653 12833
11 0 55 20.3348 0.357652 2.68548 0.557002 18588
11 0 56 21.2489 0.417155 3.02849 0.632341 11723
11 0 57 20.6902 0.422804 2.98053 0.568875 21489
11 0 58 20.4734 0.346567 2.95512 0.562296 12459
11 0 59 20.0486 0.389683 2.77098 0.618786 24478
11 0 60 21.0237 0.417622 3.16235 0.541212 10162
11 0 61 20.5409 0.542942 3.33906 0.533695 21230
11 0 62 20.2968 0.381196 2.78424 0.579137 25347
11 0 63 19.4172 0.360129 2.72062 0.481333 21284
11 1 0 27.735 0.620562 4.19471 0.431467 12582
11 1 1 26.8447 0.700808 3.88787 0.599921 13700
11 1 2 26.7928 0.780626 4.15431 0.564789 16984
11 1 3 27.196 0.798716 3.98046 0.623783 15215
11 1 4 25.9504 0.625755 3.6081 0.535261 11706
11 1 5 26.6374 0.628343 3.80621 0.584177 15188
11 1 6 26.3945 0.650081 3.8525 0.556386 17493
11 1 7 27.5607 0.732805 4.09826 0.57313 16149
11 1 8 27.2141 0.62614 3.80506 0.698561 9880
11 1 9 27.4443 0.724082 4.11616 0.611877 14986
11 1 10 27.3642 0.689014 4.18236 0.479788 11152
11 1 11 26.3155 0.670718 3.84583 0.515106 14301
11 1 12 27.1972 0.609365 4.01008 0.433946 8508
11 1 13 27.571 0.594069 4.32366 0.343318 8517
11 1 14 26.9976 0.717583 3.82446 0.611297 15838
11 1 15 26.6455 0.583367 3.66585 0.533135 11634
11 1 16 28.3892 0.949047 4.57109 0.581711 19247
11 1 17 26.6254 0.678075 3.82449 0.516588 13742
11 1 18 28.2275 0.963835 4.09325 0.637417 9400
11 1 19 27.0061 0.55099 3.80766 0.578586 9340
11 1 20 25.8719 0.742866 3.53374 0.672185 9454
11 1 21 27.0019 0.816929 3.95687 0.580748 16853
11 1 22 27.9175 0.591627 4.12448 0.366217 9320
11 1 23 26.8691 0.466291 3.49979 0.837638 6765
11 1 24 26.6841 0.565026 3.67112 0.495743 14816
11 1 25 27.0281 0.44563 3.73475 0.639836 8844
11 1 26 27.2004 0.69252 3.94292 0.535185 14096
11 1 27 27.0054 0.63841 3.5534 0.553235 10921
11 1 28 26.6896 0.749712 3.65337 0.568553 12601
11 1 29 26.5221 0.700952 3.50274 0.715854 11557
11 1 30 26.1929 0.991728 3.34751 0.725737 9139
11 1 31 27.3515 0.568501 3.7895 0.437902 8002
11 1 32 26.2927 0.680478 3.58923 0.526821 10448
11 1 33 26.6966 0.529039 3.62555 0.454788 7431
11 1 34 28.8235 0.686735 4.21783 0.583993 10821
11 1 35 27.303 0.584988 4.04564 0.45298 6737
11 1 36 27.0371 0.954648 3.55391 0.71196 8908
11 1 37 26.4286 0.702538 3.50613 0.671226 9849
11 1 38 27.1832 0.485812 3.84912 0.451021 5140
11 1 39 26.1317 0.53639 3.27281 0.62562 7030
11 1 40 26.7704 0.451413 3.73729 0.600572 5657
11 1 41 25.9231 0.634912 3.4964 0.611883 8727
11 1 42 25.219 0.469852 3.23893 0.481323 9561
11 1 43 25.6779 0.623873 3.35349 0.723034 9744
11 1 44 25.7679 0.502157 3.55561 0.643262 7864
11 1 45 26.0177 0.652254 3.21532 0.592003 9522
11 1 46 26.4719 0.66891 3.62847 0.641133 12413
11 1 47 27.6444 0.73254 4.35977 0.611263 7238
11 1 48 27.2845 0.637334 3.56057 0.523954 8228
11 1 49 26.6506 0.567397 3.41205 0.529606 9292
11 1 50 26.5694 0.553493 3.82741 0.589498 5589
11 1 51 27.367 0.538001 3.76055 0.722281 4804
11 1 52 27.4003 0.583502 3.76396 0.590582 6615
11 1 53 26.3083 0.476932 3.67053 0.5596 4340
11 1 54 26.1931 0.619815 3.70405 0.442975 6433
11 1 55 25.5 -2 0 0 7982
11 1 56 26.0084 0.695459 3.69392 0.566996 6497
11 1 57 25.3259 0.696806 3.77475 0.611812 8040
11 1 58 25.7017 0.611915 3.57432 0.558396 8705
11 1 59 27.4917 0.660709 4.0972 0.521064 7513
11 1 60 24.2889 0.555221 3.31184 0.514366 7118
11 1 61 25.4977 0.592099 3.67831 0.528535 7859
11 1 62 26.8691 0.523168 4.10342 0.459447 6484
11 1 63 24.2418 0.578212 3.38829 0.567093 9141
11 2 0 24.8766 0.591251 3.98572 0.557592 16041
11 2 1 24.6355 0.566762 3.84267 0.550878 14199
11 2 2 23.3077 0.524099 3.08088 0.784646 19651
11 2 3 21.5 -2 0 0 16777
11 2 4 22.3591 0.405739 2.88255 0.71368 11679
11 2 5 22.3883 0.36162 2.89794 0.565763 17979
11 2 6 22.7486 0.413616 3.06775 0.69594 18093
11 2 7 24.6131 0.473014 3.32966 0.656424 5575
11 2 8 22.3951 0.36071 2.81721 0.606398 20166
11 2 9 22.4995 0.36296 2.85453 0.645937 16894
11 2 10 23.3174 0.409913 3.23398 0.695258 10207
11 2 11 23.834 0.450277 3.41509 0.683543 12751
11 2 12 22.4678 0.357826 2.78225 0.53638 17607
11 2 13 22.575 0.393163 3.04992 0.618929 9307
11 2 14 22.7609 0.391622 2.9887 0.659927 23588
11 2 15 21.4883 0.312835 2.61915 0.616004 15328
11 2 16 23.0699 0.432168 2.92961 0.851348 12749
11 2 17 22.9793 0.391658 3.05118 0.606615 18998
11 2 18 22.0486 0.348765 2.72593 0.549272 15195
11 2 19 22.735 0.340007 3.16941 0.586989 8691
11 2 20 23.4713 0.420628 3.07409 0.528842 14527
11 2 21 22.2403 0.407693 2.7375 0.707121 19713
11 2 22 22.2752 0.381559 2.7953 0.51856 14534
11 2 23 22.4907 0.398566 3.05019 0.544727 12441
11 2 24 22.5224 0.349424 2.83233 0.580715 20489
11 2 25 25.8102 0.325361 3.21459 0.478172 3808
11 2 26 22.4786 0.428644 2.99529 0.566109 25537
11 2 27 22.7328 0.353157 2.76002 0.654166 13869
11 2 28 22.9189 0.372424 2.93456 0.610885 10147
11 2 29 24.7821 0.545373 3.68731 0.561066 13512
11 2 30 22.2438 0.399176 2.68477 0.608927 13893
11 2 31 22.5544 0.36991 2.80692 0.737848 12585
11 2 32 22.1837 0.294576 2.61657 0.535461 13838
11 2 33 24.4657 0.443219 3.15461 0.50959 7768
11 2 34 22.6421 0.413593 2.85439 0.552917 22743
11 2 35 22.133 0.342494 2.65089 0.511999 12716
11 2 36 22.1813 0.326934 2.6596 0.539735 16960
11 2 37 23.916 0.591043 3.49576 0.629159 12264
11 2 38 22.6461 0.317325 2.59282 0.606673 12192
11 2 39 24.5012 0.55206 3.58336 0.615959 16105
11 2 40 23.4982 0.507404 3.02044 0.591322 14926
11 2 41 23.8434 0.391385 3.09345 0.480361 7939
11 2 42 22.6486 0.402543 2.93522 0.559158 16805
11 2 43 23.1253 0.446687 2.96769 0.524374 18980
11 2 44 22.1134 0.307784 2.70942 0.548943 13156
11 2 45 22.355 0.361046 2.69153 0.58794 14767
11 2 46 23.51 0.460193 3.57802 0.471095 15978
11 2 47 23.2723 0.561434 3.32772 0.538707 11175
11 2 48 22.1414 0.356003 2.8014 0.435757 15974
11 2 49 22.981 0.443235 2.96241 0.591482 17588
11 2 50 22.8457 0.411921 2.94073 0.723647 8343
11 2 51 0 -10 0 0 0
11 2 52 22.8642 0.394447 2.97056 0.46214 19622
11 2 53 22.7043 0.399428 2.93629 0.566498 13207
11 2 54 23.5367 0.49002 3.22392 0.555928 13969
11 2 55 22.4076 0.42402 2.82165 0.605496 21341
11 2 56 0 -10 0 0 0
11 2 57 22.2315 0.562627 3.39379 0.553321 23028
11 2 58 22.6222 0.584913 3.16994 0.535046 17250
11 2 59 23.1272 0.584388 3.16645 0.589852 22204
11 2 60 22.2111 0.482688 3.22145 0.526264 14628
11 2 61 0 -10 0 0 0
11 2 62 23.8312 0.576335 3.87144 0.434642 16617
11 2 63 21.6656 0.4652 3.11473 0.491226 17790
11 3 0 22.5501 0.388625 3.04919 0.827957 21607
11 3 1 22.1168 0.368039 2.95824 0.74282 24586
11 3 2 21.9525 0.431129 3.06642 0.739384 17581
11 3 3 21.3065 0.286143 2.71853 0.58712 25655
11 3 4 21.2932 0.329802 2.67406 0.733317 21239
11 3 5 21.5283 0.319343 2.68042 0.676665 23540
11 3 6 22.1302 0.397973 3.23451 0.693121 16522
11 3 7 22.2756 0.335022 2.75565 0.791919 27041
11 3 8 21.4268 0.323322 2.95469 0.688911 13193
11 3 9 21.7746 0.320588 2.85645 0.574833 25248
11 3 10 22.66 0.441436 3.17491 0.64848 18217
11 3 11 21.5351 0.305896 2.68388 0.752411 18654
11 3 12 21.7504 0.34216 2.94023 0.728396 16146
11 3 13 22.1513 0.410788 3.10007 0.589125 18131
11 3 14 21.3647 0.330295 2.85341 0.646736 25889
11 3 15 21.763 0.304858 2.65437 0.629441 21715
11 3 16 22.6173 0.414953 3.24629 0.71182 28269
11 3 17 22.1792 0.353592 2.78552 0.786314 20241
11 3 18 22.4037 0.325439 2.86196 0.594229 17509
11 3 19 21.5872 0.304642 2.72749 0.56909 28072
11 3 20 22.3395 0.426181 2.95145 0.92401 17393
11 3 21 22.1245 0.36912 2.8969 0.774964 27425
11 3 22 21.8693 0.383187 2.90141 0.716319 19400
11 3 23 22.2699 0.327809 2.75081 0.804415 15560
11 3 24 21.6394 0.318232 2.77435 0.572892 23880
11 3 25 22.465 0.432729 3.06865 0.809098 28439
11 3 26 22.7905 0.374474 3.06022 0.724272 12962
11 3 27 22.2301 0.411919 2.87038 0.829163 16765
11 3 28 22.6841 0.352537 3.14665 0.524984 12785
11 3 29 23.0764 0.401404 2.99303 0.750689 16909
11 3 30 22.2407 0.391898 2.93469 0.706634 10922
11 3 31 21.8666 0.292911 2.75594 0.623256 27617
11 3 32 22.3421 0.32775 2.81803 0.698794 24004
11 3 33 22.2347 0.300433 2.75286 0.805638 16851
11 3 34 22.3087 0.311043 2.80913 0.75973 19181
11 3 35 23.1114 0.379735 2.98379 0.653851 26205
11 3 36 21.7698 0.331355 2.72485 0.82694 15787
11 3 37 22.4768 0.362012 3.01099 0.792239 18018
11 3 38 22.6485 0.384828 3.31872 0.546868 17851
11 3 39 22.5291 0.398053 2.85119 0.791008 21924
11 3 40 22.9492 0.372242 3.11018 0.668734 12383
11 3 41 22.0741 0.333052 2.85664 0.790321 22940
11 3 42 21.8342 0.316359 2.722 0.608177 22225
11 3 43 23.5907 0.484802 3.44072 0.671654 11598
11 3 44 21.857 0.352636 2.89241 0.593198 16822
11 3 45 21.8944 0.392629 2.7616 0.779195 23012
11 3 46 22.8687 0.456514 3.151 0.845644 17187
11 3 47 22.9667 0.486585 3.52165 0.699993 19204
11 3 48 21.2355 0.344599 2.61465 0.720125 21026
11 3 49 21.5542 0.286636 2.63518 0.545604 22414
11 3 50 21.5944 0.290047 2.70516 0.784398 20382
11 3 51 23.5297 0.532558 3.41457 0.893334 19080
11 3 52 22.5895 0.372901 2.88948 0.670829 19076
11 3 53 22.5364 0.447709 3.08873 0.839375 22894
11 3 54 21.7576 0.341131 3.01227 0.722915 15212
11 3 55 21.3131 0.301262 2.6308 0.657416 23330
11 3 56 21.4197 0.363046 2.77404 0.871214 23849
11 3 57 23.6191 0.59231 3.53043 0.851725 15012
11 3 58 21.6208 0.308267 2.78136 0.677067 21614
11 3 59 22.4071 0.482563 3.17696 0.829065 20619
11 3 60 21.7534 0.411589 2.78781 0.839334 21578
11 3 61 22.2553 0.51059 3.26418 1.02512 21904
11 3 62 22.9676 0.411647 3.58225 0.592437 13369
11 3 63 21.2805 0.340295 2.93487 0.572868 19768
11 4 0 22.4104 0.481932 3.15222 0.491324 23399
11 4 1 21.3279 0.42387 3.00257 0.439129 21377
11 4 2 22.3225 0.572425 3.3819 0.450528 13184
11 4 3 20.8663 0.382499 2.83265 0.469917 10081
11 4 4 21.1998 0.389718 2.69986 0.535798 13505
11 4 5 21.7645 0.492047 3.12713 0.438057 10945
11 4 6 22.2736 0.544982 3.13686 0.49696 16761
11 4 7 21.3701 0.474415 2.93955 0.420086 7643
11 4 8 20.909 0.341514 2.6712 0.44365 19371
11 4 9 21.3544 0.426504 2.89639 0.384135 15238
11 4 10 21.9674 0.486154 3.10738 0.482953 13171
11 4 11 21.1399 0.386544 2.72409 0.475868 15415
11 4 12 21.8779 0.408879 2.88856 0.460068 14719
11 4 13 21.8738 0.429082 2.86742 0.561738 6660
11 4 14 21.6386 0.472671 2.96476 0.472335 23938
11 4 15 20.972 0.348092 2.52595 0.54166 12424
11 4 16 22.6863 0.463912 3.16698 0.77192 7607
11 4 17 21.1961 0.36259 2.81661 0.364861 17141
11 4 18 21.1909 0.367519 2.64481 0.606699 12126
11 4 19 20.9507 0.356853 2.58155 0.499144 11634
11 4 20 22.2313 0.442753 2.89428 0.554072 9218
11 4 21 21.4997 0.471006 3.03001 0.44383 17259
11 4 22 22.2542 0.489143 3.1943 0.47338 8805
11 4 23 20.7814 0.407779 2.85459 0.465695 10123
11 4 24 21.881 0.44407 3.0425 0.515909 13287
11 4 25 21.4264 0.384141 2.90738 0.58086 6483
11 4 26 22.7412 0.561022 3.15344 0.526788 20891
11 4 27 22.2466 0.448316 3.18648 0.528925 6026
11 4 28 22.6025 0.449823 3.09539 0.591345 4762
11 4 29 20.8028 0.337961 2.61085 0.574331 17024
11 4 30 23.0476 0.594158 3.44391 0.646969 6109
11 4 31 20.8529 0.286238 2.3338 0.558318 9724
11 4 32 21.1076 0.352093 2.59044 0.478592 10727
11 4 33 21.6767 0.342024 2.68049 0.530748 8481
11 4 34 23.083 0.553726 3.46911 0.501519 13142
11 4 35 20.8175 0.308704 2.52058 0.545713 9125
11 4 36 20.8848 0.315825 2.48091 0.571373 8851
11 4 37 21.1249 0.383513 2.79886 0.45183 11288
11 4 38 21.1441 0.381504 2.71484 0.550545 5626
11 4 39 21.2588 0.382212 2.8509 0.479729 10679
11 4 40 21.1372 0.343693 2.70335 0.480899 11367
11 4 41 21.352 0.300133 2.48443 0.464626 9929
11 4 42 21.3901 0.379668 2.74793 0.605071 11530
11 4 43 21.3232 0.379143 2.63002 0.584952 14872
11 4 44 21.302 0.345582 2.56236 0.587431 8782
11 4 45 20.9289 0.299788 2.46004 0.437556 10683
11 4 46 21.7441 0.489268 3.06088 0.472152 18158
11 4 47 21.1106 0.439727 2.91368 0.62166 8067
11 4 48 21.1637 0.391332 2.6955 0.640786 9413
11 4 49 21.152 0.41328 2.7588 0.476241 9847
11 4 50 20.6377 0.328733 2.36874 0.598939 9729
11 4 51 23.0989 0.59025 3.42105 0.496376 8596
11 4 52 22.0447 0.452033 2.93446 0.480485 14184
11 4 53 21.399 0.386554 2.77965 0.588011 8500
11 4 54 20.8557 0.325603 2.62109 0.48874 10082
11 4 55 21.9261 0.513821 3.20751 0.469764 9837
11 4 56 21.4101 0.423956 2.85649 0.462962 11133
11 4 57 21.5767 0.482276 3.05176 0.573995 11883
11 4 58 20.4574 0.404115 2.75942 0.485413 11284
11 4 59 21.0598 0.520544 3.33658 0.419427 12033
11 4 60 20.8937 0.432518 2.97308 0.443656 9655
11 4 61 22.6336 0.602634 3.65006 0.500028 10559
11 4 62 22.2656 0.617642 3.79312 0.514157 9133
11 4 63 20.599 0.416369 2.89338 0.429394 12547
11 5 0 22.6473 0.439774 3.49924 0.687462 10684
11 5 1 23.1477 0.416741 3.32849 0.705566 10461
11 5 2 21.6762 0.328077 2.91709 0.684161 16623
11 5 3 21.8845 0.371572 3.01787 0.546778 12646
11 5 4 21.805 0.344345 2.85139 0.619954 12625
11 5 5 21.6709 0.28207 2.68013 0.576245 16309
11 5 6 21.2757 0.317003 2.80062 0.624587 18234
11 5 7 21.8243 0.314946 2.92564 0.516092 20357
11 5 8 21.9257 0.337836 2.92249 0.859041 11751
11 5 9 22.0072 0.323362 2.82526 0.589054 16541
11 5 10 22.7385 0.475699 3.33183 0.763789 17722
11 5 11 21.2634 0.280546 2.73122 0.618857 18589
11 5 12 21.3558 0.305041 2.71524 0.685851 17045
11 5 13 20.8777 0.269845 2.64327 0.444642 19874
11 5 14 21.5 -2 0 0 12251
11 5 15 21.707 0.285615 2.76243 0.521057 18576
11 5 16 23.3974 0.47621 3.88338 0.566816 11780
11 5 17 21.5308 0.29395 2.74419 0.541977 18736
11 5 18 21.6814 0.256163 2.58339 0.497304 18164
11 5 19 22.269 0.351436 2.89574 0.610366 22218
11 5 20 21.1743 0.281978 2.67747 0.586315 19694
11 5 21 21.4843 0.28216 2.67398 0.579375 18907
11 5 22 21.9095 0.315276 2.82425 0.534457 13189
11 5 23 21.846 0.363011 3.11196 0.489777 13268
11 5 24 21.686 0.30224 2.79807 0.519545 16317
11 5 25 23.0488 0.33688 3.05147 0.685196 19445
11 5 26 22.2926 0.352313 2.97292 0.602261 14296
11 5 27 22.0268 0.335279 2.96025 0.434678 12907
11 5 28 21.5202 0.304245 2.77775 0.540159 15461
11 5 29 22.9642 0.390437 3.04728 0.602349 15711
11 5 30 22.1457 0.344586 2.81482 0.543699 18673
11 5 31 22.2564 0.335808 2.89748 0.570472 26126
11 5 32 21.6899 0.284866 2.68824 0.485972 20640
11 5 33 22.0377 0.317367 2.91801 0.572544 19435
11 5 34 21.9853 0.306568 2.90327 0.583058 20070
11 5 35 23.2539 0.412955 3.46568 0.523639 16070
11 5 36 21.6108 0.307038 3.00119 0.586256 15933
11 5 37 22.0442 0.297745 2.76923 0.557457 18623
11 5 38 23.8063 0.43176 3.18519 0.590586 26734
11 5 39 22.1821 0.359296 2.91363 0.614354 28869
11 5 40 21.9991 0.283095 2.7916 0.451189 21491
11 5 41 22.8175 0.410611 3.14139 0.634243 15239
11 5 42 22.6484 0.385903 3.19304 0.563786 11991
11 5 43 21.926 0.342703 2.81343 0.600571 21859
11 5 44 23.1114 0.409802 3.37704 0.511144 13900
11 5 45 23.0259 0.428669 3.29121 0.663484 13158
11 5 46 21.915 0.334213 2.89714 0.574986 20817
11 5 47 22.4846 0.386074 3.00013 0.709296 30847
11 5 48 21.3092 0.274889 2.53776 0.546871 24844
11 5 49 22.7403 0.401713 3.29495 0.570994 12926
11 5 50 21.5507 0.306013 2.65839 0.477908 25124
11 5 51 21.9681 0.358385 2.99411 0.647955 27285
11 5 52 22.1765 0.381175 3.25935 0.608949 14323
11 5 53 22.0841 0.351523 2.89951 0.703465 27153
11 5 54 21.8483 0.391554 3.00794 0.575497 16233
11 5 55 21.4231 0.364906 2.87724 0.523062 20346
11 5 56 22.4436 0.43228 3.18739 0.570668 26548
11 5 57 21.2748 0.330484 2.91227 0.552441 26616
11 5 58 21.52 0.317088 2.73155 0.512635 24624
11 5 59 21.3272 0.387194 3.01116 0.552041 22721
11 5 60 21.7541 0.340785 2.89038 0.638901 26680
11 5 61 22.0767 0.48031 3.56646 0.498872 20185
11 5 62 21.6064 0.464871 3.20592 0.595312 16624
11 5 63 20.9735 0.325503 2.83437 0.52561 24076
11 6 0 22.3809 0.655762 3.78187 0.267357 11467
11 6 1 22.4106 0.692774 3.17736 0.336211 11814
11 6 2 21.9115 0.54168 2.94776 0.345567 11910
11 6 3 20.6878 0.344844 2.33796 0.474621 8373
11 6 4 20.8191 0.382294 2.34534 0.548154 8505
11 6 5 21.5484 0.392056 2.69538 0.30046 8646
11 6 6 21.7377 0.536502 3.01796 0.324159 10867
11 6 7 23.4046 0.454414 3.02498 0.288463 2244
11 6 8 21.1776 0.524891 2.82979 0.300358 10648
11 6 9 20.7907 0.376795 2.61502 0.617466 9716
11 6 10 22.7616 0.502985 3.16216 0.406091 4393
11 6 11 21.4672 0.476229 2.57265 0.605211 7756
11 6 12 21.5054 0.565256 2.81704 0.411324 8880
11 6 13 22.2341 0.464513 2.76167 0.427062 3745
11 6 14 22.345 0.548869 3.17333 0.289741 11688
11 6 15 21.7546 0.504295 2.74617 0.43404 4693
11 6 16 22.1516 0.616379 2.79107 0.542829 7028
11 6 17 21.3821 0.368401 2.51069 0.419246 9307
11 6 18 22.6267 0.525594 2.96101 0.524211 4192
11 6 19 21.404 0.450704 2.64342 0.285389 6366
11 6 20 21.772 0.536523 2.67782 0.368409 7134
11 6 21 22.3257 0.540531 3.13563 0.300403 7326
11 6 22 21.696 0.473928 2.50188 0.338199 7259
11 6 23 22.1961 0.426662 2.82508 0.387789 5307
11 6 24 21.3858 0.402103 2.61572 0.260928 10556
11 6 25 22.7736 0.550668 3.04266 0.376245 3125
11 6 26 22.7376 0.617252 3.3175 0.338247 8010
11 6 27 21.5061 0.452594 2.4842 0.33899 6663
11 6 28 23.0762 0.458064 2.82817 0.40402 3264
11 6 29 20.9843 0.474116 2.63109 0.318088 8882
11 6 30 22.0179 0.472817 2.79662 0.471172 3979
11 6 31 21.9768 0.505455 2.67091 0.463748 3524
11 6 32 21.5717 0.402509 2.4143 0.343558 6143
11 6 33 22.5195 0.622633 3.19669 0.344636 3801
11 6 34 22.1348 0.519997 2.80117 0.338059 9559
11 6 35 21.1113 0.428996 2.21767 0.566913 4888
11 6 36 21.7015 0.546002 2.86413 0.310056 4464
11 6 37 21.881 0.445731 2.59871 0.40002 6216
11 6 38 21.8422 0.473642 2.6046 0.461425 2702
11 6 39 21.0813 0.460517 2.58869 0.40354 5659
11 6 40 21.1939 0.441198 2.48733 0.486474 6282
11 6 41 22.5468 0.434497 2.74373 0.339684 2647
11 6 42 21.0533 0.463757 2.46713 0.414522 5823
11 6 43 21.7312 0.569853 2.70112 0.341248 7251
11 6 44 20.4846 0.361408 2.25377 0.381886 5609
11 6 45 21.0468 0.478362 2.54016 0.402634 5644
11 6 46 21.5386 0.517335 2.74875 0.334976 8804
11 6 47 21.3484 0.440424 2.59566 0.469931 3545
11 6 48 21.4952 0.414355 2.32047 0.493001 4950
11 6 49 21.1644 0.544325 2.55207 0.396326 4439
11 6 50 20.9122 0.406614 2.39851 0.608671 3331
11 6 51 21.2034 0.416533 2.48653 0.397041 6143
11 6 52 21.2456 0.475921 2.55134 0.327559 7011
11 6 53 21.4073 0.472829 2.96414 0.294775 3075
11 6 54 19.8956 0.38821 2.33722 0.452283 3949
11 6 55 21.1106 0.444852 2.49302 0.491026 5893
11 6 56 20.5062 0.454624 2.26958 0.581554 5118
11 6 57 20.9199 0.541773 2.72152 0.415793 3832
11 6 58 20.3821 0.516555 2.58866 0.30118 5634
11 6 59 21.5068 0.516609 2.95323 0.410621 7224
11 6 60 20.4106 0.587 2.49021 0.38974 5300
11 6 61 20.9724 0.55562 2.96853 0.474209 6331
11 6 62 21.7357 0.664531 3.2264 0.47264 4168
11 6 63 21.5 -2 0 0 5706
11 7 0 21.4961 0.421905 2.63112 0.460393 6985
11 7 1 21.6151 0.458599 2.80625 0.532571 7162
11 7 2 20.7591 0.351447 2.63253 0.366798 7405
11 7 3 20.6286 0.381674 2.33234 0.597187 8505
11 7 4 20.8352 0.383349 2.46398 0.368338 6915
11 7 5 20.5392 0.358289 2.39975 0.344758 7215
11 7 6 21.1176 0.376644 2.64377 0.515843 5075
11 7 7 22.4 0.460198 3.09574 0.456708 5234
11 7 8 21.842 0.445032 2.82751 0.391053 6866
11 7 9 21.0795 0.35598 2.47836 0.411619 7214
11 7 10 21.5 -2 0 0 4683
11 7 11 21.1024 0.459048 2.67908 0.601156 5191
11 7 12 22.0552 0.453079 3.13248 0.44213 4174
11 7 13 21.7249 0.409255 2.77629 0.430775 5187
11 7 14 21.3485 0.444921 2.81421 0.557257 5353
11 7 15 21.4421 0.434915 2.91832 0.40991 5794
11 7 16 22.4875 0.527013 3.05261 0.494775 4423
11 7 17 21.4851 0.376122 2.78269 0.489606 5223
11 7 18 21.5 -2 0 0 5429
11 7 19 22.3996 0.568151 3.5644 0.332599 5281
11 7 20 22.1194 0.481508 2.79499 0.443321 8038
11 7 21 21.6186 0.402761 2.67159 0.248404 7146
11 7 22 22.1211 0.464084 3.05953 0.4328 3936
11 7 23 21.3858 0.370788 2.6442 0.395702 9060
11 7 24 22.1938 0.452125 2.90279 0.32193 4940
11 7 25 22.6095 0.509918 3.2931 0.339032 7014
11 7 26 21.1638 0.390996 2.49385 0.528949 8708
11 7 27 22.2004 0.39133 2.52018 0.621561 7908
11 7 28 22.3524 0.468455 2.79918 0.479834 6124
11 7 29 21.816 0.41162 2.67524 0.485458 9020
11 7 30 22.0125 0.53972 2.67569 0.483881 8535
11 7 31 22.15 0.538278 2.98586 0.425527 12041
11 7 32 22.0126 0.406718 2.72804 0.73802 6224
11 7 33 22.2727 0.478086 2.86585 0.473259 10297
11 7 34 21.8775 0.4203 2.77859 0.407522 9390
11 7 35 21.5209 0.51669 2.96805 0.408182 14598
11 7 36 21.305 0.378762 2.48843 0.486205 10166
11 7 37 20.9525 0.383007 2.51753 0.395903 9860
11 7 38 22.3048 0.492481 3.01581 0.467977 11265
11 7 39 22.1003 0.430614 2.72504 0.458326 16159
11 7 40 21.8418 0.53695 2.92581 0.442644 6823
11 7 41 22.6697 0.543809 3.21118 0.402028 7559
11 7 42 21.5493 0.397599 2.56769 0.363392 11404
11 7 43 20.8205 0.329291 2.47552 0.361091 10604
11 7 44 21.1807 0.424262 2.64603 0.504416 14347
11 7 45 21.1394 0.389246 2.65784 0.435175 13140
11 7 46 21.2014 0.409743 2.65394 0.461204 10955
11 7 47 22.1831 0.562672 3.08007 0.399558 19773
11 7 48 21.5281 0.460574 2.81178 0.383766 11936
11 7 49 20.9489 0.405461 2.46487 0.451077 11490
11 7 50 22.0673 0.549838 3.04939 0.365328 8480
11 7 51 23.0762 0.593221 3.49741 0.387364 10965
11 7 52 20.972 0.459493 2.71738 0.461486 8413
11 7 53 21.6954 0.477059 2.96062 0.547543 15455
11 7 54 21.9527 0.504491 3.34183 0.358761 8710
11 7 55 21.1659 0.481 2.86635 0.360973 10607
11 7 56 21.329 0.531776 2.80295 0.474983 16132
11 7 57 21.3759 0.539686 3.04354 0.361835 15688
11 7 58 20.6355 0.439171 2.76102 0.355064 13323
11 7 59 20.9372 0.523941 3.0935 0.411222 8438
11 7 60 21.9416 0.677222 3.57865 0.340762 12734
11 7 61 21.5709 0.502979 3.17564 0.773468 10461
11 7 62 21.8904 0.679087 3.41447 0.430208 9130
11 7 63 20.4498 0.433862 2.76311 0.29451 13711
11 8 0 24.0171 0.566914 3.40938 0.515266 7284
11 8 1 24.0241 0.514563 3.3019 0.535148 7563
11 8 2 23.4127 0.443144 2.98988 0.443179 8174
11 8 3 25.5 -2 0 0 5681
11 8 4 24.8732 0.453107 3.30324 0.738945 6075
11 8 5 25.1863 0.622849 3.19879 0.504916 7926
11 8 6 23.349 0.466984 3.09743 0.470446 8695
11 8 7 23.1276 0.494849 3.06586 0.570071 12087
11 8 8 24.2649 0.514964 3.06251 0.533449 8578
11 8 9 23.9443 0.666731 3.3867 0.444028 9375
11 8 10 25.1612 0.625654 3.54208 0.411019 7029
11 8 11 23.8287 0.573699 3.15784 0.495938 10030
11 8 12 24.1831 0.397944 3.07506 0.616771 5317
11 8 13 24.4263 0.54193 3.30585 0.413557 10704
11 8 14 25.471 0.541302 3.56567 0.440351 5485
11 8 15 23.0382 0.466002 2.96192 0.462242 11628
11 8 16 24.756 0.579374 3.54215 0.458815 9541
11 8 17 25.0928 0.461164 3.56813 0.335077 5822
11 8 18 25.1968 0.509661 3.46495 0.435551 6600
11 8 19 25.3495 0.425524 3.46624 0.615067 5920
11 8 20 23.3084 0.548499 2.98259 0.527858 10380
11 8 21 23.9026 0.589828 2.98071 0.595671 8957
11 8 22 23.6961 0.413829 2.7324 0.438616 10106
11 8 23 24.5651 0.527946 3.22282 0.442451 9851
11 8 24 23.3688 0.468548 2.93325 0.501174 9550
11 8 25 26.1937 0.57525 4.07661 0.414462 8218
11 8 26 23.7393 0.452698 2.99735 0.443268 10396
11 8 27 24.4245 0.605877 3.09476 0.623357 11360
11 8 28 25.3572 0.584595 3.52862 0.368809 9187
11 8 29 23.5402 0.47125 3.08794 0.456034 11772
11 8 30 23.9814 0.53212 2.96199 0.456397 10889
11 8 31 26.9129 0.567425 3.92654 0.392399 9026
11 8 32 25.4228 0.693681 3.6213 0.390977 10283
11 8 33 27.9304 0.646913 3.98873 0.473958 6779
11 8 34 24.6239 0.579801 3.02365 0.553841 10979
11 8 35 27.0051 0.447343 3.44952 0.660765 7625
11 8 36 26.4356 0.565465 3.67749 0.437867 7950
11 8 37 28.0513 0.534798 4.13804 0.398234 5421
11 8 38 24.5639 0.63549 3.43472 0.452713 20538
11 8 39 26.3931 0.751413 3.9131 0.45309 12288
11 8 40 25.933 0.619029 3.95294 0.389868 5965
11 8 41 26.2104 0.461277 3.60112 0.619493 8010
11 8 42 28.4789 0.621851 3.96663 0.389929 4816
11 8 43 26.2285 0.528238 3.68001 0.441826 6399
11 8 44 26.6308 0.593093 3.71882 0.366423 9742
11 8 45 25.2358 0.67775 3.46344 0.464152 14436
11 8 46 24.5844 0.56655 3.46605 0.514178 10721
11 8 47 25.9293 1.1854 4.31216 0.52422 23644
11 8 48 27.145 0.587774 3.7301 0.449164 6405
11 8 49 24.9812 0.831611 3.18577 0.641557 11320
11 8 50 23.7432 0.601624 3.27531 0.427048 15495
11 8 51 25.6295 0.705796 4.05366 0.440875 11776
11 8 52 26.648 0.484673 3.61742 0.642111 5977
11 8 53 27.3419 0.468886 3.56552 0.415414 7057
11 8 54 24.4768 0.743532 3.4026 0.527708 14482
11 8 55 25.8683 0.610128 3.88088 0.455783 8956
11 8 56 24.7525 0.659778 3.89145 0.388017 12729
11 8 57 25.8104 0.711353 3.9554 0.435348 12584
11 8 58 26.9734 0.598662 4.01455 0.287678 7318
11 8 59 24.0912 0.781632 3.47007 0.495912 12316
11 8 60 24.3528 0.91478 3.58474 0.524297 18701
11 8 61 27.0042 0.701896 4.34126 0.413788 8743
11 8 62 25.2577 0.685527 3.83351 0.486618 9451
11 8 63 24.7531 0.86347 3.52227 0.57197 10049
11 9 0 20.8706 0.412953 2.74965 0.528271 18949
11 9 1 21.1279 0.479351 2.98019 0.530545 11203
11 9 2 21.9376 0.487567 3.41016 0.442305 8719
11 9 3 19.7965 0.287092 2.36843 0.46275 8896
11 9 4 20.6466 0.48814 3.03531 0.530885 4797
11 9 5 19.7702 0.334162 2.31863 0.797486 7009
11 9 6 21.429 0.418972 2.75791 0.482881 12103
11 9 7 20.2545 0.276166 2.34967 0.467683 8732
11 9 8 21.657 0.406566 2.90777 0.429598 10387
11 9 9 22.1946 0.521385 2.95775 0.593104 9099
11 9 10 22.7205 0.512653 3.35582 0.474544 4535
11 9 11 20.2909 0.381687 2.50106 0.559231 7725
11 9 12 20.2092 0.417149 2.68957 0.597437 5767
11 9 13 20.3946 0.304872 2.50685 0.418001 6912
11 9 14 20.7022 0.436016 2.97404 0.414806 12640
11 9 15 20.5702 0.346826 2.54825 0.834696 3960
11 9 16 22.2434 0.403839 3.20705 0.42914 3457
11 9 17 20.9312 0.327711 2.55688 0.727458 11088
11 9 18 20.8145 0.336604 2.58676 0.481789 7041
11 9 19 20.6425 0.39648 2.77051 0.475834 3495
11 9 20 21.3188 0.459285 2.88465 0.693988 5000
11 9 21 21.7792 0.522748 3.27232 0.513056 7668
11 9 22 20.3994 0.297093 2.40388 0.619299 7759
11 9 23 21.5547 0.568507 3.17709 0.596029 4262
11 9 24 20.984 0.381212 2.85686 0.530963 10126
11 9 25 20.4836 0.27981 2.34448 0.600171 6802
11 9 26 20.5114 0.41076 2.8592 0.493908 10209
11 9 27 21.2103 0.33562 2.63826 0.489711 2948
11 9 28 20.0402 0.273769 2.28447 0.641743 6672
11 9 29 21.1985 0.494942 3.00563 0.453312 7029
11 9 30 21.1124 0.42397 2.6808 0.641645 3227
11 9 31 20.4733 0.27143 2.30689 0.477624 6912
11 9 32 20.448 0.344994 2.67364 0.488467 2855
11 9 33 22.2421 0.529774 3.16044 0.662464 1946
11 9 34 20.5863 0.387501 2.85729 0.473814 10842
11 9 35 20.6776 0.30226 2.16376 0.562662 6188
11 9 36 21.9286 0.581193 2.84617 0.645572 2604
11 9 37 22.4918 0.525618 3.22045 0.498582 3297
11 9 38 19.756 0.359193 2.57252 0.613067 3841
11 9 39 20.4867 0.299434 2.408 0.457718 5573
11 9 40 20.715 0.480637 2.89886 0.568118 3148
11 9 41 20.5973 0.295342 2.14724 0.597298 4730
11 9 42 20.5146 0.354008 2.57265 0.521317 3601
11 9 43 21.1317 0.436666 2.78901 0.741608 6480
11 9 44 21.1484 0.610713 2.92862 0.669027 2045
11 9 45 19.477 0.321398 2.37765 0.594781 3865
11 9 46 21.9704 0.414082 3.00152 0.427706 8082
11 9 47 19.7019 0.313671 2.42791 0.53391 4546
11 9 48 19.8528 0.306267 2.30576 0.548122 5631
11 9 49 20.225 0.412536 2.71749 0.610848 4472
11 9 50 19.0695 0.332385 2.32896 0.52206 4291
11 9 51 20.6758 0.372726 2.60362 0.585362 5428
11 9 52 20.5678 0.462416 2.84061 0.50722 6150
11 9 53 20.4372 0.407577 2.85015 0.473135 2586
11 9 54 20.0624 0.37866 2.74836 0.447265 3245
11 9 55 19.6294 0.316004 2.3272 0.57022 9498
11 9 56 19.7878 0.356437 2.44898 0.706566 4228
11 9 57 20.3209 0.340591 2.5554 0.432975 6958
11 9 58 20.3789 0.433279 2.6105 0.632971 4198
11 9 59 19.4267 0.475467 2.97986 0.451281 8876
11 9 60 20.9595 0.434657 3.02215 0.561959 2348
11 9 61 20.4122 0.460203 2.92451 0.535541 7131
11 9 62 19.531 0.37913 2.63004 0.552026 7050
11 9 63 19.4431 0.332098 2.19649 0.466876 6415
11 10 0 20.5506 0.404921 3.12017 0.611261 14307
11 10 1 21.8574 0.406789 3.29578 0.642888 12059
11 10 2 21.7498 0.341448 3.17857 0.541163 10671
11 10 3 20.7039 0.335779 2.84387 0.463189 19251
11 10 4 19.4604 0.245184 2.35953 0.568205 22582
11 10 5 19.7361 0.276381 2.51969 0.491846 22732
11 10 6 21.5226 0.463403 3.25085 0.692522 14063
11 10 7 20.0706 0.319193 2.72445 0.580395 30532
11 10 8 20.7736 0.279384 2.8324 0.792959 10985
11 10 9 20.5718 0.426203 3.07741 0.596721 16018
11 10 10 21.9084 0.430093 3.3158 0.565645 14836
11 10 11 20.3796 0.284818 2.51687 0.652491 18458
11 10 12 20.2639 0.411057 2.82836 0.582504 16494
11 10 13 20.4971 0.303091 2.67007 0.570988 25646
11 10 14 20.0471 0.345799 2.84799 0.56926 16941
11 10 15 21.0594 0.338311 2.8642 0.497004 14006
11 10 16 22.5899 0.315846 3.3248 0.407584 10662
11 10 17 20.0006 0.269799 2.48746 0.566043 19743
11 10 18 19.7211 0.242231 2.35157 0.634742 23882
11 10 19 21.1779 0.360979 3.15407 0.477493 16278
11 10 20 20.1021 0.280018 2.44258 0.757702 19090
11 10 21 21.0398 0.374787 2.87967 0.733974 15663
11 10 22 20.1161 0.287722 2.54998 0.654881 26315
11 10 23 20.1523 0.312685 2.57105 0.622637 20055
11 10 24 20.6125 0.38331 2.9401 0.813464 14877
11 10 25 20.3394 0.330557 2.77893 0.629319 20102
11 10 26 20.289 0.276 2.55516 0.531515 20445
11 10 27 21.3028 0.392202 2.88054 0.648021 19059
11 10 28 20.4033 0.326691 2.74798 0.648152 17334
11 10 29 20.174 0.271914 2.45551 0.677613 20891
11 10 30 20.5343 0.290703 2.53265 0.650024 17562
11 10 31 20.1494 0.293834 2.54871 0.555384 30606
11 10 32 20.3621 0.283926 2.51944 0.523771 27071
11 10 33 20.6619 0.279933 2.58514 0.538774 23253
11 10 34 20.3252 0.289963 2.52036 0.739627 19867
11 10 35 20.0766 0.283949 2.56823 0.68575 31649
11 10 36 20.1262 0.302959 2.49194 0.714146 21179
11 10 37 19.5465 0.280994 2.52076 0.677034 17557
11 10 38 20.0727 0.305711 2.63239 0.524034 30280
11 10 39 20.421 0.297515 2.70439 0.62427 27829
11 10 40 20.0382 0.315902 2.5444 0.633745 14124
11 10 41 19.8233 0.272515 2.57126 0.668247 18698
11 10 42 19.511 0.247591 2.49454 0.525336 23103
11 10 43 20.0214 0.258386 2.45493 0.703088 21880
11 10 44 19.8217 0.259871 2.50493 0.514527 29550
11 10 45 19.9891 0.304793 2.57322 0.61285 26337
11 10 46 17.5 -2 0 0 16293
11 10 47 20.4656 0.341002 3.03254 0.598026 29853
11 10 48 19.7219 0.300373 2.75624 0.450391 15527
11 10 49 20.0956 0.31383 2.65838 0.69479 15346
11 10 50 20.1408 0.297226 2.53063 0.681856 27130
11 10 51 20.4428 0.303601 2.69157 0.754868 22994
11 10 52 19.5964 0.281207 2.60972 0.567107 22063
11 10 53 21.5 -2 0 0 29486
11 10 54 19.8846 0.263885 2.4264 0.669789 23647
11 10 55 20.068 0.285503 2.68671 0.575761 21111
11 10 56 20.1854 0.299513 2.64718 0.612352 23824
11 10 57 19.9621 0.297545 2.62369 0.694444 22390
11 10 58 20.0901 0.304159 2.59577 0.625432 21332
11 10 59 19.9742 0.372196 3.05711 0.72211 13983
11 10 60 19.5264 0.361656 2.87307 0.474488 23051
11 10 61 19.5943 0.387788 2.85953 0.589461 24529
11 10 62 19.9433 0.342754 2.7966 0.649404 20653
11 10 63 20.3115 0.345633 2.90665 0.601284 13108
11 11 0 21.5439 0.428098 2.88008 0.489533 22958
11 11 1 21.2735 0.530563 3.13479 0.456803 15158
11 11 2 21.4817 0.4037 3.06972 0.466542 12543
11 11 3 21.0696 0.358845 2.77353 0.617161 8658
11 11 4 22.6161 0.467638 3.17688 0.412958 6928
11 11 5 20.7151 0.29159 2.47732 0.405885 14614
11 11 6 21.6444 0.332867 2.72994 0.426458 15606
11 11 7 20.7358 0.322293 2.64993 0.675145 6178
11 11 8 21.9089 0.419178 3.00445 0.668333 8387
11 11 9 20.7129 0.340245 2.60232 0.70919 9581
11 11 10 20.871 0.336773 2.60994 0.620045 11641
11 11 11 20.8257 0.401261 2.72966 0.582932 11600
11 11 12 20.3377 0.295548 2.31419 0.422594 14442
11 11 13 20.3908 0.275423 2.41189 0.498731 11190
11 11 14 21.4287 0.470017 2.82159 0.536311 22211
11 11 15 20.386 0.26866 2.35307 0.386778 12499
11 11 16 21.7447 0.412297 3.09231 0.464824 6457
11 11 17 21.4025 0.399851 3.04525 0.519655 12738
11 11 18 20.2144 0.316378 2.56616 0.510819 9888
11 11 19 20.9998 0.335124 2.43992 0.440965 11088
11 11 20 21.0444 0.307448 2.41236 0.452772 11865
11 11 21 21.352 0.408689 2.77855 0.482601 9998
11 11 22 21.5464 0.337188 2.71605 0.613849 5803
11 11 23 21.0816 0.374227 2.4775 0.486134 15444
11 11 24 21.0199 0.38527 2.66709 0.420043 19376
11 11 25 20.7527 0.292223 2.28097 0.54056 11007
11 11 26 21.2555 0.323777 2.68116 0.43909 21137
11 11 27 20.6956 0.283356 2.31741 0.588934 11417
11 11 28 21.4407 0.315642 2.65085 0.402829 6667
11 11 29 21.0075 0.330948 2.61969 0.429361 18628
11 11 30 20.4115 0.322415 2.49337 0.631236 8942
11 11 31 20.825 0.287907 2.42374 0.546661 10873
11 11 32 21.5 -2 0 0 7345
11 11 33 21.0862 0.367781 2.52139 0.528166 11227
11 11 34 21.7986 0.397687 2.77732 0.541765 20680
11 11 35 21.4785 0.338611 2.67162 0.589718 5577
11 11 36 20.9228 0.302257 2.36588 0.733794 10361
11 11 37 21.4981 0.401083 2.87492 0.510387 9946
11 11 38 20.6518 0.306917 2.21566 0.674052 10763
11 11 39 22.6251 0.486395 3.12501 0.53828 6865
11 11 40 20.8242 0.300634 2.46281 0.557726 11006
11 11 41 20.2399 0.268531 2.26145 0.515833 11172
11 11 42 21.5 -2 0 0 8292
11 11 43 20.8772 0.364627 2.62992 0.473196 15147
11 11 44 20.7132 0.302037 2.40603 0.484361 10276
11 11 45 20.8671 0.303265 2.42925 0.478007 11181
11 11 46 21.2311 0.389794 2.82221 0.442892 20878
11 11 47 21.3119 0.340531 2.68897 0.501464 8972
11 11 48 21.1358 0.342918 2.67774 0.904435 8391
11 11 49 21.0166 0.393467 2.72027 0.461334 10816
11 11 50 21.1375 0.367277 2.64637 0.878085 6232
11 11 51 21.6125 0.626414 2.95034 0.694706 16588
11 11 52 21.1364 0.404222 2.90291 0.365391 12145
11 11 53 22.6896 0.438249 3.16853 0.597541 4297
11 11 54 20.1593 0.280436 2.33794 0.686656 11992
11 11 55 20.605 0.331436 2.6404 0.474595 17217
11 11 56 22.6348 0.451847 3.11205 0.71072 6525
11 11 57 22.0642 0.52207 3.51185 0.482621 9205
11 11 58 20.27 0.365995 2.65858 0.552571 13715
11 11 59 21.5 -2 0 0 21527
11 11 60 24.8083 0.414202 3.30125 0.61054 3770
11 11 61 22.3565 0.598453 3.84449 0.45846 11010
11 11 62 20.1828 0.428364 2.83888 0.508647 21320
11 11 63 21.4824 0.45072 3.29353 0.372832 8999
11 12 0 20.9536 0.294494 2.71898 0.688609 22233
11 12 1 20.776 0.306511 2.73944 0.596697 21514
11 12 2 20.0879 0.292227 2.76514 0.514662 24269
11 12 3 20.0729 0.249343 2.52331 0.394395 25391
11 12 4 21.2822 0.398026 2.97109 0.629699 13711
11 12 5 20.4252 0.261695 2.61258 0.596903 21090
11 12 6 21.4823 0.36766 2.9223 0.697608 19953
11 12 7 21.2253 0.335526 2.8884 0.565133 26604
11 12 8 20.4178 0.256572 2.50518 0.569889 22225
11 12 9 20.5217 0.303338 2.75038 0.506203 28220
11 12 10 20.8226 0.309347 2.72924 0.548144 28021
11 12 11 19.8318 0.239316 2.41989 0.505391 20133
11 12 12 20.2486 0.294688 2.50858 0.693583 19434
11 12 13 20.1443 0.277288 2.56244 0.493052 17234
11 12 14 20.754 0.276968 2.61204 0.573667 21422
11 12 15 20.208 0.260164 2.50404 0.517863 24701
11 12 16 21.5 -2 0 0 28018
11 12 17 20.4908 0.27313 2.54836 0.549399 20087
11 12 18 20.6498 0.331911 2.72532 0.6125 14394
11 12 19 21.5334 0.400293 3.03944 0.547189 18224
11 12 20 20.6628 0.29793 2.55287 0.566783 17925
11 12 21 21.3028 0.3254 2.77917 0.593381 26151
11 12 22 20.687 0.254336 2.58152 0.421772 24311
11 12 23 20.6712 0.283779 2.59679 0.519289 16856
11 12 24 20.331 0.25396 2.44012 0.726755 16243
11 12 25 20.7545 0.2482 2.52135 0.604728 25782
11 12 26 21.4511 0.327451 2.69795 0.603257 19048
11 12 27 20.4072 0.328808 2.6331 0.678984 15936
11 12 28 20.4232 0.280605 2.50806 0.777628 16923
11 12 29 20.6416 0.283952 2.52466 0.748535 13490
11 12 30 20.3372 0.251429 2.40822 0.843062 19341
11 12 31 20.7715 0.366931 2.8943 0.608423 16126
11 12 32 20.8495 0.293026 2.56134 0.570929 20934
11 12 33 20.727 0.273149 2.49121 0.614735 18807
11 12 34 20.5999 0.267289 2.53543 0.606954 17590
11 12 35 21.1586 0.3509 2.75166 0.623831 20766
11 12 36 20.9924 0.28889 2.55299 0.474394 15382
11 12 37 20.5767 0.25405 2.56375 0.561559 15269
11 12 38 21.6299 0.344147 2.82298 0.667169 14680
11 12 39 20.6633 0.278074 2.58323 0.660507 16241
11 12 40 20.5575 0.260063 2.56334 0.513141 17328
11 12 41 21.0536 0.293955 2.55397 0.540772 18663
11 12 42 20.7752 0.251524 2.44296 0.648689 15261
11 12 43 20.9653 0.295158 2.52728 0.741849 15615
11 12 44 20.4907 0.26621 2.42512 0.669921 18182
11 12 45 19.9455 0.222582 2.31036 0.426651 18624
11 12 46 21.0161 0.320737 2.66812 0.638134 16031
11 12 47 21.7329 0.497597 3.30992 0.608162 13251
11 12 48 21.5 -2 0 0 18372
11 12 49 20.3768 0.274078 2.48514 0.562031 15379
11 12 50 20.3002 0.264082 2.496 0.569372 17807
11 12 51 20.0688 0.307713 2.6867 1.02841 10162
11 12 52 20.5408 0.320247 2.56142 0.653818 14557
11 12 53 21.2254 0.360402 2.89894 0.617797 16088
11 12 54 19.9498 0.250864 2.34164 0.55447 16602
11 12 55 20.2745 0.309837 2.68717 0.513233 9932
11 12 56 20.338 0.317395 2.74744 0.593412 14009
11 12 57 20.1223 0.282924 2.60391 0.528054 14042
11 12 58 19.7021 0.268188 2.52515 0.483555 15278
11 12 59 19.6777 0.285626 2.57203 0.560081 15240
11 12 60 20.1217 0.302773 2.6568 0.528272 16274
11 12 61 20.1513 0.377462 3.15355 0.624709 9802
11 12 62 19.5224 0.312821 2.68729 0.668431 12137
11 12 63 19.4166 0.312126 2.60857 0.479617 10770
11 13 0 23.8933 0.534645 3.19236 0.502669 10369
11 13 1 24.2945 0.882181 3.65522 0.532296 8953
11 13 2 23.2518 0.608008 3.33578 0.467031 6482
11 13 3 22.8718 0.500933 2.99403 0.44234 4739
11 13 4 23.2776 0.540329 2.96924 0.403675 7167
11 13 5 21.8953 0.380052 2.57321 0.613021 8487
11 13 6 22.6603 0.455154 2.77399 0.650834 7945
11 13 7 22.6229 0.52603 2.78093 0.535465 5513
11 13 8 22.3223 0.490582 2.96177 0.480137 9224
11 13 9 23.3349 0.501052 3.00566 0.466865 6497
11 13 10 24.8574 0.727588 3.43275 0.455904 4885
11 13 11 24.1258 0.576354 3.47612 0.423519 5621
11 13 12 22.1179 0.438636 2.46372 0.566431 7291
11 13 13 22.3581 0.449121 2.71131 0.518144 5967
11 13 14 23.8072 0.505272 3.24298 0.55283 8329
11 13 15 22.1511 0.392497 2.51929 0.452138 7113
11 13 16 23.0621 0.533827 3.09138 0.458782 5901
11 13 17 23.8975 0.563917 3.07014 0.476067 9559
11 13 18 22.781 0.408123 2.65499 0.689543 5067
11 13 19 22.3122 0.467279 2.86917 0.44884 4372
11 13 20 24.6069 0.564948 3.41484 0.436582 4305
11 13 21 24.0828 0.566276 3.3577 0.474773 4872
11 13 22 23.5501 0.548549 2.70689 0.52195 5411
11 13 23 23.3623 0.63956 3.0388 0.521892 8005
11 13 24 24.0436 0.551101 3.13566 0.400015 7102
11 13 25 24.5483 0.453734 3.46182 0.328792 3106
11 13 26 23.4457 0.638498 3.12551 0.435484 13022
11 13 27 23.5299 0.535303 2.92787 0.550459 6727
11 13 28 23.1336 0.45102 2.87109 0.514108 4718
11 13 29 23.788 0.564243 3.12813 0.39238 10021
11 13 30 23.1809 0.453447 2.81635 0.496065 7040
11 13 31 24.3546 0.615831 3.1438 0.51729 3946
11 13 32 22.6777 0.464309 2.74545 0.485003 6387
11 13 33 23.5813 0.567055 3.1621 0.418498 5355
11 13 34 23.6369 0.561217 3.30516 0.46065 9624
11 13 35 22.8561 0.476858 2.899 0.546133 7105
11 13 36 24.0215 0.527656 3.14679 0.508339 4885
11 13 37 23.1797 0.578094 3.04424 0.459786 8700
11 13 38 22.6518 0.435561 3.09069 0.365855 5140
11 13 39 24.0452 0.430579 3.03828 0.708182 5693
11 13 40 23.2529 0.436048 2.80443 0.366232 8256
11 13 41 23.1909 0.503799 3.0695 0.434992 7833
11 13 42 23.2891 0.503562 3.00085 0.588551 7461
11 13 43 23.0002 0.553964 3.09596 0.38907 11353
11 13 44 22.9075 0.50956 3.03433 0.597976 6121
11 13 45 23.0681 0.389452 2.81716 0.817267 5536
11 13 46 22.9845 0.515602 3.202 0.434656 14440
11 13 47 23.0356 0.459521 2.89723 0.405788 8445
11 13 48 23.8204 0.554547 3.07479 0.40573 8608
11 13 49 23.5341 0.537469 3.24489 0.391447 7819
11 13 50 23.8957 0.546019 3.18543 0.396364 8552
11 13 51 22.919 0.567271 3.08291 0.486203 15793
11 13 52 22.9447 0.58114 3.07712 0.359866 13320
11 13 53 23.2046 0.56477 3.40014 0.351396 8545
11 13 54 22.6732 0.509319 2.96036 0.487796 10286
11 13 55 22.9848 0.535057 3.05427 0.410525 14204
11 13 56 23.7138 0.614712 3.64338 0.407956 8454
11 13 57 23.4103 0.585087 3.28237 0.3917 11790
11 13 58 23.2488 0.55117 3.36457 0.336144 7616
11 13 59 21.9859 0.50504 2.84701 0.405684 16929
11 13 60 23.3542 0.544638 3.35671 0.439608 6929
11 13 61 24.533 0.774374 4.09016 0.327655 13058
11 13 62 23.7978 0.645079 3.88757 0.292809 12424
11 13 63 22.8524 0.605753 3.21879 0.349809 11976
11 14 0 20.937 0.49618 2.99437 0.432942 14484
11 14 1 20.7566 0.351263 2.5668 0.397533 14036
11 14 2 20.9213 0.362516 2.70832 0.422375 15062
11 14 3 21.4544 0.380936 2.8154 0.337682 12910
11 14 4 20.3611 0.353212 2.57655 0.391002 11926
11 14 5 20.5011 0.355309 2.44882 0.41219 13326
11 14 6 20.936 0.454595 2.84874 0.49916 12232
11 14 7 21.3993 0.457698 2.7781 0.478392 15032
11 14 8 20.4137 0.324318 2.48761 0.405213 12593
11 14 9 21.0732 0.414432 2.71785 0.473744 17596
11 14 10 21.2164 0.429276 2.98172 0.346288 17960
11 14 11 20.3564 0.341269 2.39041 0.4644 10945
11 14 12 20.5333 0.364733 2.70145 0.331461 10416
11 14 13 21.0152 0.419317 2.67013 0.37915 12786
11 14 14 21.2775 0.410807 2.69185 0.46848 11313
11 14 15 19.9158 0.391164 2.57467 0.535731 8952
11 14 16 21.0728 0.572974 3.2594 0.416206 16621
11 14 17 20.7726 0.310351 2.50009 0.378158 9537
11 14 18 20.4896 0.353536 2.44049 0.462443 12068
11 14 19 21.1362 0.352521 2.77254 0.322316 13733
11 14 20 20.5133 0.282519 2.21713 0.688524 9505
11 14 21 20.99 0.33044 2.62511 0.372239 17184
11 14 22 21.1495 0.411681 2.6875 0.426832 13740
11 14 23 21.045 0.454017 2.77428 0.400072 6574
11 14 24 20.8605 0.346167 2.54589 0.329625 12360
11 14 25 21.228 0.392367 2.69619 0.403991 12374
11 14 26 21.4039 0.355714 2.54956 0.435816 9520
11 14 27 20.9863 0.338916 2.57433 0.420335 10249
11 14 28 20.8036 0.349789 2.38174 0.557496 11616
11 14 29 19.9612 0.332879 2.40952 0.490208 7658
11 14 30 20.8428 0.370708 2.44447 0.47101 8744
11 14 31 0 -10 0 0 0
11 14 32 20.708 0.404963 2.6908 0.482073 7013
11 14 33 20.8615 0.310893 2.38407 0.371018 9081
11 14 34 20.6955 0.354051 2.48413 0.469307 9596
11 14 35 21.1526 0.369725 2.67619 0.422332 9859
11 14 36 20.2947 0.321789 2.32214 0.450487 8031
11 14 37 20.7386 0.329384 2.39683 0.603169 7934
11 14 38 20.5589 0.450557 2.63154 0.424933 6379
11 14 39 20.031 0.294754 2.18807 0.591536 7440
11 14 40 20.4894 0.305903 2.26044 0.475066 8640
11 14 41 20.6657 0.342836 2.41785 0.259059 9361
11 14 42 19.9928 0.342287 2.38042 0.48914 6456
11 14 43 20.2144 0.312002 2.26345 0.452579 8432
11 14 44 20.5328 0.309614 2.30267 0.467557 8953
11 14 45 19.8247 0.373119 2.49869 0.464961 6304
11 14 46 20.1285 0.348024 2.43227 0.45636 8345
11 14 47 20.0427 0.492158 2.93412 0.441237 5259
11 14 48 19.7965 0.3576 2.32987 0.564516 5795
11 14 49 19.6315 0.320268 2.10947 0.4981 7809
11 14 50 20.2262 0.356336 2.33412 0.521695 7596
11 14 51 19.3884 0.371166 2.46556 0.556817 4472
11 14 52 19.6327 0.339001 2.19015 0.557334 5946
11 14 53 20.6869 0.362874 2.60445 0.40806 6971
11 14 54 20.2723 0.325151 2.14731 0.645026 7386
11 14 55 19.8945 0.409468 2.54348 0.48551 4765
11 14 56 19.9579 0.346715 2.40953 0.47993 7544
11 14 57 19.3076 0.388717 2.4508 0.42324 5490
11 14 58 19.1555 0.369057 2.32528 0.467965 5472
11 14 59 19.8339 0.431418 2.69821 0.522777 5689
11 14 60 20.0357 0.342517 2.43241 0.410248 6892
11 14 61 19.9224 0.525308 2.85174 0.446267 4848
11 14 62 19.5222 0.431211 2.69256 0.529419 5703
11 14 63 17.5 -2 0 0 6032
11 15 0 22.3939 0.725893 3.03512 0.329828 4959
11 15 1 22.4315 0.536484 2.80467 0.316127 4217
11 15 2 22.6505 0.563094 2.98062 0.281322 4153
11 15 3 22.2975 0.497121 2.61681 0.388597 2801
11 15 4 22.0195 0.5583 2.65491 0.344484 4073
11 15 5 21.7273 0.558933 2.88093 0.319596 3963
11 15 6 22.6811 0.598422 2.90933 0.455799 2264
11 15 7 21.9534 0.520342 2.53807 0.269072 3641
11 15 8 22.8218 0.710886 2.88405 0.354287 4589
11 15 9 21.5709 0.487451 2.44547 0.407706 3467
11 15 10 21.3862 0.474544 2.57139 0.299506 3495
11 15 11 21.2994 0.480069 2.39125 0.473116 5458
11 15 12 22.3293 0.454692 2.63697 0.403479 3618
11 15 13 21.3353 0.433177 2.37233 0.407481 2783
11 15 14 21.6608 0.471877 2.67011 0.484579 4023
11 15 15 21.4287 0.440507 2.4281 0.4243 4396
11 15 16 22.2246 0.616486 2.79322 0.41726 3298
11 15 17 23.5471 0.764507 3.29123 0.363709 3506
11 15 18 23.1937 0.632937 2.88396 0.3042 2572
11 15 19 22.9876 0.608447 2.88833 0.359597 3733
11 15 20 23.4345 0.563943 3.23352 0.305611 2790
11 15 21 22.2613 0.433297 2.54848 0.360171 3780
11 15 22 21.4386 0.457909 2.53305 0.496274 3722
11 15 23 22.014 0.487775 2.62111 0.451 4825
11 15 24 23.4504 0.635479 3.32526 0.298594 3434
11 15 25 22.4151 0.539782 2.84075 0.295016 3876
11 15 26 24.0438 0.665196 3.17096 0.348147 3791
11 15 27 22.3626 0.483058 2.6332 0.334692 3989
11 15 28 21.7207 0.413987 2.27716 0.582377 3044
11 15 29 22.5214 0.626203 2.58808 0.341815 5370
11 15 30 21.5 -2 0 0 3180
11 15 31 22.0426 0.465137 2.5069 0.433561 4076
11 15 32 21.5 -2 0 0 2888
11 15 33 22.2787 0.658111 2.94059 0.408614 3270
11 15 34 24.8277 0.735509 3.53828 0.342613 4357
11 15 35 21.5 -2 0 0 3099
11 15 36 22.5542 0.548113 2.78993 0.305821 4299
11 15 37 22.0072 0.498973 2.61154 0.2499 6254
11 15 38 21.3449 0.474542 2.56849 0.561628 5366
11 15 39 22.7566 0.566828 2.94038 0.495106 5702
11 15 40 22.6169 0.492187 2.79924 0.365502 4865
11 15 41 22.0891 0.398599 2.42632 0.428688 5036
11 15 42 22.9615 0.631644 3.17663 0.353953 3345
11 15 43 22.4467 0.587117 2.89635 0.245452 6536
11 15 44 23.4349 0.615186 2.95674 0.28134 4241
11 15 45 22.0061 0.561348 2.77198 0.35612 4763
11 15 46 22.806 0.727773 3.35157 0.392344 5286
11 15 47 23.4951 0.786701 3.20435 0.401589 3403
11 15 48 22.2271 0.578666 2.84254 0.411594 4707
11 15 49 22.549 0.543743 2.87435 0.347992 5488
11 15 50 22.5134 0.567212 2.67351 0.379766 5494
11 15 51 22.8754 0.836262 3.48826 0.284314 8913
11 15 52 22.613 0.832242 3.14481 0.324829 6396
11 15 53 21.9126 0.57429 2.99055 0.313825 5143
11 15 54 22.4174 0.680875 2.77462 0.383429 4155
11 15 55 21.9397 0.595084 2.78393 0.281232 7867
11 15 56 21.9523 0.756098 3.1286 0.255636 7815
11 15 57 22.483 0.756079 3.24254 0.274912 8495
11 15 58 21.9169 0.595309 3.04073 0.390324 4148
11 15 59 22.6226 0.92611 3.02568 0.351063 7292
11 15 60 22.174 0.699468 3.27831 0.320243 4561
11 15 61 23.8544 1.0315 4.12619 0.288968 7643
11 15 62 22.4919 0.898049 3.44896 0.392315 8181
11 15 63 21.1685 0.57821 2.80732 0.413958 6791
12 0 0 36.8065 0.675894 4.70761 0.308794 3451
12 0 1 39.3962 0.831218 5.05018 0.223745 3872
12 0 2 37.8673 0.812972 5.35109 0.285705 3595
12 0 3 39.4928 0.819126 5.22838 0.351723 3193
12 0 4 38.2034 0.748739 4.94684 0.247406 3176
12 0 5 38.7928 0.818194 4.66018 0.382812 3417
12 0 6 38.2684 0.836164 4.83492 0.30808 3664
12 0 7 39.0724 0.86097 5.49116 0.212365 2639
12 0 8 36.9192 0.711792 4.63743 0.308459 3191
12 0 9 39.3162 0.87478 5.71664 0.230496 3092
12 0 10 32.8587 0.749618 3.49713 0.465122 259
12 0 11 38.8962 0.826525 5.51691 0.21804 4548
12 0 12 37.7047 0.867719 5.2409 0.357083 4093
12 0 13 0 -10 0 0 0
12 0 14 0 -10 0 0 0
12 0 15 48.196 3.24299 8.57124 0.579646 328
12 0 16 0 -10 0 0 0
12 0 17 0 -10 0 0 0
12 0 18 40.2644 0.951598 5.69057 0.280885 4571
12 0 19 37.7995 0.80864 5.07571 0.219196 3890
12 0 20 0 -10 0 0 0
12 0 21 38.1177 0.77065 5.03444 0.209353 3971
12 0 22 39.2763 0.986105 5.76516 0.270142 4165
12 0 23 38.3605 0.79584 4.92849 0.243613 4071
12 0 24 0 -10 0 0 0
12 0 25 36.8807 0.749533 4.828 0.211194 4247
12 0 26 39.7184 0.897687 5.30403 0.226674 4830
12 0 27 38.9832 0.723501 5.11203 0.194157 4063
12 0 28 37.8427 0.947092 5.05469 0.308817 3807
12 0 29 35.5675 0.76558 5.23036 0.181927 4816
12 0 30 39.6169 0.789986 5.1642 0.165976 4295
12 0 31 40.4477 1.07598 5.51857 0.353257 4663
12 0 32 38.7934 0.751675 5.35004 0.297886 4971
12 0 33 40.0112 0.827001 5.37597 0.183975 4801
12 0 34 39.8908 0.910219 5.28227 0.247714 4886
12 0 35 36.9678 0.848734 4.9224 0.25605 5835
12 0 36 39.5307 0.894511 5.41845 0.248446 4673
12 0 37 40.9825 1.02972 5.66676 0.233272 5965
12 0 38 39.8817 0.807408 5.35173 0.166386 5023
12 0 39 37.8433 0.754375 4.8853 0.290918 4673
12 0 40 37.7393 0.900244 4.91726 0.308397 4939
12 0 41 40.224 1.05458 5.62342 0.283559 4677
12 0 42 39.5536 0.912498 5.43935 0.216776 5146
12 0 43 38.4678 0.792694 5.35276 0.185859 6379
12 0 44 39.7097 0.823478 5.19326 0.355539 5507
12 0 45 38.0938 0.883914 4.99608 0.27386 4793
12 0 46 37.5893 0.880109 5.33118 0.202837 7447
12 0 47 36.8281 0.932713 5.00015 0.341449 7300
12 0 48 38.6472 0.844517 5.24499 0.1926 4101
12 0 49 38.8197 0.854589 5.55812 0.153477 8717
12 0 50 40.5042 0.851529 5.73624 0.200534 5784
12 0 51 39.126 0.898341 5.40493 0.234145 5839
12 0 52 38.3009 0.87792 5.23602 0.22394 7852
12 0 53 38.1922 0.999942 5.30864 0.243595 8119
12 0 54 36.6308 0.837188 5.33147 0.155479 5669
12 0 55 38.9849 0.913047 5.54395 0.188163 6738
12 0 56 39.5009 0.912071 5.4363 0.190875 5262
12 0 57 39.0962 0.827752 5.35373 0.197996 7416
12 0 58 37.5315 0.934909 5.0741 0.231476 6545
12 0 59 38.2526 1.00089 5.30644 0.24672 6008
12 0 60 0 -10 0 0 0
12 0 61 39.4349 1.10365 5.33564 0.275338 9790
12 0 62 38.3312 1.08337 6.03726 0.191527 8429
12 0 63 36.1416 0.900497 5.61729 0.123961 9164
12 1 0 34.3601 0.703965 5.10657 0.233196 9072
12 1 1 33.2146 0.762267 5.09716 0.295733 10878
12 1 2 34.7424 0.808503 4.94182 0.297463 9177
12 1 3 35.6459 0.844648 5.42575 0.328056 10854
12 1 4 32.6932 0.807359 4.7102 0.314386 9071
12 1 5 33.6851 0.986739 5.1123 0.394876 9607
12 1 6 35.6433 0.868625 5.26865 0.314512 9736
12 1 7 35.4391 0.867084 4.7683 0.382374 9392
12 1 8 34.039 0.790678 4.92239 0.283615 10718
12 1 9 35.1233 0.792651 4.78697 0.289355 6708
12 1 10 35.1681 0.797796 5.21973 0.305094 10033
12 1 11 0 -10 0 0 0
12 1 12 35.3314 0.859451 5.23173 0.26299 10360
12 1 13 0 -10 0 0 0
12 1 14 35.4744 0.73904 5.12352 0.247157 9929
12 1 15 34.9797 0.896129 5.00558 0.364176 8892
12 1 16 33.5777 0.823532 5.13976 0.27048 12511
12 1 17 35.0682 0.691559 5.72205 0.178213 8432
12 1 18 34.4019 0.775859 4.80072 0.384226 7787
12 1 19 34.3274 0.623352 5.00813 0.246465 6887
12 1 20 0 -10 0 0 0
12 1 21 34.7885 0.802983 4.85528 0.313507 6135
12 1 22 34.5631 0.783678 4.6768 0.334372 8129
12 1 23 34.726 0.709251 4.75977 0.313164 6619
12 1 24 34.8139 1.09347 4.93295 0.520814 6478
12 1 25 32.9353 0.673553 4.9888 0.258836 6143
12 1 26 34.0291 0.733343 4.82958 0.328217 7041
12 1 27 34.1806 0.679025 4.74854 0.31751 6179
12 1 28 34.5833 0.81501 4.7202 0.320022 7068
12 1 29 29.5 -2 0 0 4440
12 1 30 35.9085 0.696592 5.35766 0.329046 3920
12 1 31 33.707 0.660555 4.718 0.335549 5573
12 1 32 32.0624 0.668328 4.6262 0.250678 6790
12 1 33 33.8725 0.74954 4.52223 0.388102 5408
12 1 34 36.533 0.904347 5.00523 0.359922 7304
12 1 35 35.1847 0.721466 4.55209 0.346766 6021
12 1 36 35.2121 0.791591 4.97119 0.346514 5156
12 1 37 34.4058 0.767273 4.52295 0.352436 6884
12 1 38 33.6575 0.958546 5.02425 0.336939 9412
12 1 39 34.7398 0.721948 4.56736 0.442819 5423
12 1 40 34.373 0.761384 4.89625 0.348309 5172
12 1 41 35.2257 0.749062 4.95613 0.344669 6059
12 1 42 35.6068 0.750469 5.06936 0.369297 4092
12 1 43 34.537 0.781074 4.58869 0.367628 5824
12 1 44 33.3332 0.811231 4.85796 0.3681 5356
12 1 45 34.41 0.842259 4.92315 0.300878 6581
12 1 46 34.0981 0.709116 4.55192 0.324326 5603
12 1 47 33.6782 0.873662 5.02812 0.309436 6931
12 1 48 34.6457 0.847237 5.12843 0.312562 4990
12 1 49 34.4165 0.898425 5.07069 0.481658 4252
12 1 50 33.8396 0.690847 5.0523 0.358803 2927
12 1 51 34.0465 0.779849 4.76328 0.33764 4362
12 1 52 33.3025 0.672772 4.59375 0.291312 4876
12 1 53 32.4965 0.796851 4.46828 0.498832 4064
12 1 54 32.9034 0.704505 4.24525 0.467858 3648
12 1 55 33.4924 0.749319 4.4071 0.358907 4214
12 1 56 32.6492 0.765075 4.88155 0.370454 4323
12 1 57 32.6332 0.730789 4.67036 0.280588 5035
12 1 58 32.5061 0.682738 4.74861 0.278241 3981
12 1 59 32.3741 0.724775 4.63788 0.351968 5198
12 1 60 36.2268 0.841484 4.75219 0.43047 4369
12 1 61 33.2678 0.760652 4.94014 0.399524 4302
12 1 62 33.5436 0.778123 4.64971 0.349713 5421
12 1 63 0 -10 0 0 0
12 2 0 38.5082 0.841157 5.53224 0.253909 9644
12 2 1 37.5676 0.774818 5.04559 0.240291 8413
12 2 2 40.5089 0.74736 5.20126 0.232524 7460
12 2 3 36.6461 0.790671 5.17545 0.2579 8531
12 2 4 38.2952 0.748426 5.1299 0.231401 6781
12 2 5 39.032 0.794485 5.52875 0.277078 9944
12 2 6 37.6726 0.776106 5.20577 0.243274 6203
12 2 7 39.0488 0.779474 5.36804 0.253434 8748
12 2 8 38.6235 0.781628 5.19427 0.24915 8095
12 2 9 39.1278 0.661339 4.91696 0.25499 7165
12 2 10 38.2389 0.715272 5.26202 0.233784 7529
12 2 11 39.4716 0.787669 4.81318 0.378706 5069
12 2 12 37.1028 0.711895 4.89041 0.27982 5707
12 2 13 38.8677 0.795287 5.03516 0.357134 6975
12 2 14 38.8824 0.749278 5.46374 0.239372 5888
12 2 15 40.0772 0.810472 5.34451 0.268012 4942
12 2 16 36.1584 0.735073 4.76695 0.342524 5952
12 2 17 36.1812 0.541737 4.1951 0.608368 5182
12 2 18 38.5259 0.756963 4.72641 0.312756 6511
12 2 19 37.4427 0.808792 4.93734 0.310755 6157
12 2 20 36.5737 0.789087 4.96643 0.284626 6639
12 2 21 38.8023 0.740364 5.20212 0.214823 7750
12 2 22 39.0559 0.85419 5.31627 0.270401 11225
12 2 23 39.73 0.716052 4.97382 0.256217 6525
12 2 24 39.0762 0.800915 5.16891 0.342358 5396
12 2 25 36.2597 0.647088 4.55115 0.313955 5638
12 2 26 0 -10 0 0 0
12 2 27 38.5147 0.682348 4.87422 0.263458 6303
12 2 28 37.8569 0.718778 5.10946 0.200564 8032
12 2 29 38.2938 0.695335 4.97361 0.323156 5497
12 2 30 37.6342 0.789301 5.00925 0.242722 10136
12 2 31 39.679 0.697669 5.19808 0.199165 6307
12 2 32 38.3147 0.826944 5.11976 0.299966 5942
12 2 33 39.7331 0.718363 5.20187 0.268312 7297
12 2 34 37.3734 0.864153 5.61541 0.291695 5964
12 2 35 39.4013 0.78587 5.1621 0.252728 6007
12 2 36 36.0074 0.820023 4.82787 0.37926 7970
12 2 37 37.9743 0.702485 4.71303 0.353463 5129
12 2 38 37.4857 0.820198 5.23712 0.274049 7033
12 2 39 39.7266 0.965522 5.37416 0.338892 6878
12 2 40 40.07 0.957589 5.48128 0.285159 8988
12 2 41 37.9262 0.808433 4.92952 0.270771 8367
12 2 42 37.1902 0.727892 5.14616 0.203792 7353
12 2 43 38.555 0.843882 5.3145 0.235183 7481
12 2 44 0 -10 0 0 0
12 2 45 0 -10 0 0 0
12 2 46 38.158 0.808749 4.81826 0.367485 5417
12 2 47 38.2283 0.848948 5.30073 0.292419 5607
12 2 48 37.299 0.862407 4.89147 0.426858 5629
12 2 49 38.5326 0.761889 5.43771 0.216821 4929
12 2 50 41.2104 0.907177 5.42586 0.328485 5255
12 2 51 39.3968 0.778713 5.10724 0.245187 6183
12 2 52 36.9457 0.851125 4.91111 0.316628 6192
12 2 53 37.6531 0.962523 5.12396 0.306396 7751
12 2 54 40.154 0.839775 5.49737 0.188359 6601
12 2 55 37.4922 0.765312 5.08732 0.228565 8546
12 2 56 38.1948 0.919816 5.47896 0.221803 8784
12 2 57 39.9098 0.926728 5.32815 0.238688 9473
12 2 58 38.8084 0.853996 5.37747 0.178157 8971
12 2 59 37.6411 1.0024 5.19942 0.316066 5742
12 2 60 37.3612 0.754471 5.09285 0.19199 7951
12 2 61 39.8466 0.860272 5.23342 0.237871 6354
12 2 62 35.6351 0.881436 5.12405 0.284273 7008
12 2 63 38.0517 0.830236 5.36451 0.231762 6924
12 3 0 30.7831 0.651517 4.86519 0.502701 13030
12 3 1 29.173 0.59352 4.38057 0.414466 13987
12 3 2 28.9152 0.614903 4.45128 0.475112 12110
12 3 3 28.3153 0.617961 3.99517 0.449453 14288
12 3 4 26.3943 0.499734 3.59235 0.471187 18182
12 3 5 28.5634 0.54231 4.08637 0.413434 13330
12 3 6 30.1381 0.651607 4.95636 0.390795 14731
12 3 7 31.1501 0.75705 5.08989 0.511576 13046
12 3 8 28.3305 0.662847 4.29171 0.48585 15099
12 3 9 29.8226 0.711949 4.40239 0.530161 14236
12 3 10 26.3991 0.542495 3.67936 0.424873 18828
12 3 11 28.2431 0.70456 4.12653 0.576082 19269
12 3 12 30.0844 0.691805 4.69458 0.46883 14976
12 3 13 31.5519 0.755678 4.91277 0.51643 15587
12 3 14 0 -10 0 0 0
12 3 15 29.4322 0.618626 4.56659 0.413908 16187
12 3 16 27.9351 0.851617 4.00512 0.671261 22381
12 3 17 28.3393 0.574949 3.91657 0.498194 14562
12 3 18 28.5915 0.707723 4.14004 0.51846 13459
12 3 19 28.2495 0.54776 4.05252 0.432942 12529
12 3 20 27.8345 0.586925 3.87388 0.489241 11931
12 3 21 28.9611 0.672997 4.6632 0.617645 14137
12 3 22 30.7788 0.59784 4.48188 0.413392 10720
12 3 23 32.58 0.625604 4.69819 0.505333 7396
12 3 24 0 -10 0 0 0
12 3 25 28.2244 0.650187 4.12044 0.478355 14776
12 3 26 30.7582 0.764776 4.33126 0.521605 9659
12 3 27 28.8112 0.633583 4.49604 0.442386 11110
12 3 28 28.4956 0.738835 4.14058 0.577904 11324
12 3 29 0 -10 0 0 0
12 3 30 0 -10 0 0 0
12 3 31 29.1476 0.743868 4.2771 0.555669 11353
12 3 32 31.7267 0.65368 4.86211 0.396584 13403
12 3 33 29.3794 0.586639 4.22078 0.435361 9905
12 3 34 28.8105 0.656994 3.95929 0.702019 11648
12 3 35 28.0487 0.607027 3.94259 0.515951 13288
12 3 36 0 -10 0 0 0
12 3 37 28.5408 0.75736 4.10305 0.504576 15340
12 3 38 0 -10 0 0 0
12 3 39 36.1476 0.720525 6.05771 0.465957 9923
12 3 40 29.6411 0.729731 4.30004 0.576382 15181
12 3 41 29.3471 0.619955 4.42654 0.446356 14037
12 3 42 30.8668 0.621163 4.43393 0.517002 11415
12 3 43 28.715 0.602357 4.0687 0.438077 12213
12 3 44 30.1757 0.782161 4.36729 0.63008 14972
12 3 45 27.7216 0.567806 3.90861 0.447002 13303
12 3 46 28.8415 0.618077 4.34422 0.40085 16572
12 3 47 31.2005 0.768684 4.81575 0.57497 14430
12 3 48 28.7543 0.693595 4.39545 0.533788 15230
12 3 49 29.8755 0.599706 4.46978 0.471084 12380
12 3 50 28.4646 0.704493 4.09303 0.661043 15211
12 3 51 27.8575 0.613886 4.16298 0.483732 13975
12 3 52 28.4323 0.640747 3.97505 0.46076 12681
12 3 53 27.1913 0.572804 3.8891 0.399546 15423
12 3 54 30.971 0.916597 4.76551 0.672878 13610
12 3 55 29.5422 0.625558 4.65362 0.457533 12711
12 3 56 29.079 0.688531 4.57662 0.536282 13993
12 3 57 32.898 0.668011 5.24698 0.419595 11520
12 3 58 29.5933 0.740133 4.87316 0.500116 13840
12 3 59 29.8063 0.677556 4.39679 0.463939 11040
12 3 60 28.3789 0.696104 4.42653 0.444783 12981
12 3 61 29.7955 0.746253 4.64895 0.475689 11749
12 3 62 26.4292 0.561878 3.97506 0.461805 13724
12 3 63 28.3671 0.606266 4.45191 0.344244 11543
12 4 0 34.9593 0.908474 5.24422 0.184809 10004
12 4 1 34.8363 0.858679 4.97276 0.169741 8539
12 4 2 35.9911 0.826553 5.02288 0.201382 6817
12 4 3 35.4939 0.829554 5.08182 0.17716 6536
12 4 4 36.0902 0.973966 4.79043 0.284397 6026
12 4 5 38.8451 0.984326 5.42889 0.207749 9303
12 4 6 35.1675 0.747295 4.79592 0.167177 4557
12 4 7 37.1627 1.07872 5.48957 0.230232 8479
12 4 8 38.4456 1.10973 5.59509 0.257509 7310
12 4 9 37.0636 0.863901 5.0375 0.219543 6857
12 4 10 36.5327 0.965479 5.0737 0.258454 7187
12 4 11 35.6655 0.948753 4.97493 0.217634 5110
12 4 12 35.5961 0.738019 4.48926 0.30324 4885
12 4 13 36.3039 1.01044 5.20418 0.263389 6339
12 4 14 37.15 1.02699 5.2169 0.347003 5807
12 4 15 35.1168 0.884498 4.80552 0.189525 4650
12 4 16 36.3459 0.985744 5.16033 0.297237 5152
12 4 17 34.171 0.722172 4.69367 0.200338 4141
12 4 18 35.5745 0.837389 4.92211 0.217671 6035
12 4 19 34.8666 0.739666 4.55675 0.314047 4800
12 4 20 36.2815 0.832621 4.9102 0.192283 4639
12 4 21 37.5668 0.882099 5.2635 0.205664 7241
12 4 22 37.0695 0.877557 5.18391 0.196754 8433
12 4 23 0 -10 0 0 0
12 4 24 34.4651 0.811405 4.64127 0.267856 4690
12 4 25 34.5936 1.03638 4.66448 0.324668 4883
12 4 26 0 -10 0 0 0
12 4 27 36.2748 0.901529 4.95591 0.232091 5606
12 4 28 36.8575 0.934317 4.97949 0.311074 7087
12 4 29 35.9904 0.88372 4.67759 0.427468 3834
12 4 30 36.2489 0.869823 5.50483 0.196939 7558
12 4 31 37.5482 0.88698 4.82379 0.22467 4247
12 4 32 36.4133 0.803015 4.72686 0.208927 3598
12 4 33 36.5771 0.835245 5.01025 0.28535 6080
12 4 34 36.669 0.784551 4.89623 0.257229 3390
12 4 35 0 -10 0 0 0
12 4 36 33.6539 0.854648 5.07204 0.210752 5239
12 4 37 34.6441 0.900419 4.42338 0.231674 4545
12 4 38 37.345 1.01221 4.87144 0.376878 3602
12 4 39 36.8835 0.929559 4.67252 0.376352 3528
12 4 40 38.8888 0.950699 5.66022 0.210283 6463
12 4 41 34.9936 0.774549 4.85412 0.207775 5598
12 4 42 35.7724 0.849385 5.3115 0.199355 5270
12 4 43 36.899 0.85092 4.76985 0.335438 4401
12 4 44 35.553 0.874895 4.79795 0.211796 4608
12 4 45 34.5213 0.782875 4.44194 0.43731 4401
12 4 46 34.824 0.831961 4.66431 0.249354 4107
12 4 47 35.1032 0.805876 5.0549 0.272047 3450
12 4 48 36.4423 0.954711 5.08239 0.275796 3582
12 4 49 35.0393 0.946463 4.76574 0.259625 3037
12 4 50 36.4348 0.906189 5.35917 0.230977 3606
12 4 51 36.61 1.08292 5.21635 0.314051 3855
12 4 52 37.1713 0.975716 5.11025 0.273105 3406
12 4 53 36.232 1.0131 5.30989 0.258932 4433
12 4 54 35.5044 0.903974 5.46058 0.215807 4541
12 4 55 37.4735 0.944276 5.26478 0.260876 4547
12 4 56 36.4747 0.981057 5.43779 0.201313 5501
12 4 57 38.1562 1.07984 5.97247 0.210466 5536
12 4 58 37.1374 1.11631 5.86337 0.260459 6582
12 4 59 35.7209 0.788901 4.50192 0.215377 3594
12 4 60 35.2046 0.977723 5.23943 0.180252 5073
12 4 61 35.7974 0.924297 5.62339 0.174786 4001
12 4 62 35.5746 1.01862 5.15416 0.25324 3872
12 4 63 36.228 0.89278 5.20842 0.171868 4550
12 5 0 40.6547 0.923962 5.64724 0.227914 5471
12 5 1 38.3738 0.760054 5.46017 0.184082 5548
12 5 2 41.1852 0.986051 5.43545 0.316668 5696
12 5 3 39.2218 0.853739 5.53187 0.270457 5410
12 5 4 37.5112 0.867531 5.07082 0.266632 6682
12 5 5 37.1805 0.74959 5.03646 0.245633 5917
12 5 6 39.3652 0.979636 5.51366 0.262385 5670
12 5 7 39.6159 0.821477 5.37704 0.23544 5315
12 5 8 41.2956 0.899573 5.86536 0.217201 5544
12 5 9 39.4058 0.789477 4.87338 0.309121 5837
12 5 10 39.6164 0.777316 5.26247 0.23098 5584
12 5 11 39.6895 0.809302 5.73592 0.168233 5659
12 5 12 40.6213 0.962602 5.41088 0.281221 5845
12 5 13 39.2591 0.808066 5.05751 0.31936 5945
12 5 14 38.0551 0.812386 5.46493 0.219129 7195
12 5 15 38.534 0.822176 5.60536 0.186392 7480
12 5 16 40.3819 0.844984 5.55045 0.287908 6720
12 5 17 39.7568 0.777782 5.47541 0.200984 6358
12 5 18 37.1537 0.826853 4.99186 0.304055 6250
12 5 19 39.2788 0.884499 5.32049 0.289747 6152
12 5 20 37.3434 0.79447 5.1872 0.211297 6545
12 5 21 40.6471 0.772951 5.17924 0.264428 6140
12 5 22 0 -10 0 0 0
12 5 23 36.9168 0.741938 5.04308 0.221074 6931
12 5 24 40.9916 0.861882 5.56839 0.282281 6104
12 5 25 38.026 0.808742 5.18096 0.213207 7784
12 5 26 37.9504 0.77018 4.8864 0.282791 6176
12 5 27 40.4793 0.861655 5.29132 0.251089 6402
12 5 28 39.5181 0.962748 5.11147 0.336459 7209
12 5 29 0 -10 0 0 0
12 5 30 0 -10 0 0 0
12 5 31 39.1842 0.838742 5.04341 0.245896 7467
12 5 32 37.6206 0.860243 5.35861 0.284115 9004
12 5 33 38.8332 0.808677 4.929 0.239976 6539
12 5 34 40.1918 0.900127 5.27867 0.254787 6840
12 5 35 39.9789 0.826483 5.42578 0.21063 6907
12 5 36 0 -10 0 0 0
12 5 37 38.6345 0.829085 5.06189 0.254591 7071
12 5 38 0 -10 0 0 0
12 5 39 0 -10 0 0 0
12 5 40 0 -10 0 0 0
12 5 41 40.4773 0.90859 5.99658 0.188174 7921
12 5 42 0 -10 0 0 0
12 5 43 37.8577 0.791701 4.95255 0.243905 7643
12 5 44 39.292 0.780875 5.36456 0.163925 7893
12 5 45 38.4974 0.883438 5.4292 0.226504 7002
12 5 46 39.9114 0.885247 5.67354 0.213505 9845
12 5 47 40.1984 0.970545 6.24711 0.202495 11249
12 5 48 37.1166 0.901447 5.57538 0.211852 10877
12 5 49 39.6855 0.915729 5.66265 0.191116 8962
12 5 50 38.5044 0.903084 5.30441 0.229442 10434
12 5 51 38.7943 0.958455 5.52082 0.225608 9296
12 5 52 38.4531 0.91969 5.14338 0.25868 7690
12 5 53 38.6482 0.77465 5.25734 0.159342 7755
12 5 54 38.9941 0.929483 5.69308 0.174065 10191
12 5 55 38.7161 0.925021 5.37022 0.194348 8800
12 5 56 38.7886 0.981265 5.48044 0.22237 8868
12 5 57 41.124 1.05002 5.771 0.231612 8573
12 5 58 39.14 0.936302 5.85437 0.192356 8853
12 5 59 38.3171 0.794227 5.29045 0.182709 8343
12 5 60 39.1351 0.943434 5.34841 0.246076 7055
12 5 61 37.6892 0.933518 5.32664 0.203491 8617
12 5 62 36.8253 0.823049 5.62707 0.153113 8605
12 5 63 37.8525 0.860966 5.12172 0.308374 8784
12 6 0 38.6014 1.02346 5.0316 0.169798 3412
12 6 1 37.5687 1.10708 5.68113 0.201047 4296
12 6 2 34.6992 0.950951 5.14276 0.121607 4203
12 6 3 36.5378 1.00554 4.82887 0.159388 3156
12 6 4 36.4806 1.07486 5.03325 0.202038 3152
12 6 5 38.2627 1.19816 5.55789 0.197994 5072
12 6 6 37.8146 1.33782 5.3173 0.185674 3579
12 6 7 0 -10 0 0 0
12 6 8 37.658 1.11536 5.22654 0.120363 3807
12 6 9 0 -10 0 0 0
12 6 10 36.8493 1.35078 5.20254 0.258403 3543
12 6 11 36.9959 0.981376 4.52777 0.253476 2543
12 6 12 37.3704 1.07037 5.15679 0.173403 3941
12 6 13 35.5175 1.06691 5.05693 0.16727 4822
12 6 14 36.4943 1.07795 4.98911 0.207843 4672
12 6 15 39.0119 1.08279 5.12881 0.218514 5296
12 6 16 34.6089 1.15918 4.86639 0.227446 3781
12 6 17 37.4887 1.01309 5.56517 0.111841 2492
12 6 18 0 -10 0 0 0
12 6 19 37.2463 0.991664 4.88055 0.155207 3032
12 6 20 39.6097 1.01123 5.6913 0.18768 2998
12 6 21 36.8297 0.856994 4.92819 0.201141 2996
12 6 22 37.0379 0.849288 4.64971 0.253089 2818
12 6 23 36.2893 1.11459 5.11664 0.200913 2923
12 6 24 36.6582 1.16729 5.32108 0.184893 4257
12 6 25 36.2186 0.875208 4.40802 0.280829 2431
12 6 26 36.3468 0.897983 4.93808 0.173845 1964
12 6 27 35.6843 0.9291 4.62309 0.244209 3381
12 6 28 36.8451 1.00395 5.3128 0.198828 2990
12 6 29 38.4799 1.0397 5.63227 0.151472 2619
12 6 30 36.8129 0.869469 4.65559 0.258323 2575
12 6 31 38.7896 1.0818 4.91838 0.205569 2736
12 6 32 33.8176 0.885141 4.36159 0.274457 2559
12 6 33 35.829 0.908076 4.26659 0.40538 2580
12 6 34 36.9613 1.02175 4.94531 0.224492 2598
12 6 35 37.6618 1.13625 5.06614 0.20689 2203
12 6 36 0 -10 0 0 0
12 6 37 33.6218 0.912445 4.4233 0.378863 2645
12 6 38 37.0702 0.807439 4.3427 0.332295 2140
12 6 39 36.1987 1.02026 5.3097 0.146395 2659
12 6 40 0 -10 0 0 0
12 6 41 33.7887 0.805097 4.24474 0.291557 2576
12 6 42 37.6483 1.00191 5.21869 0.22684 2390
12 6 43 32.6508 0.837336 3.91766 0.42212 2551
12 6 44 35.2187 0.902489 4.07974 0.332041 2026
12 6 45 35.8358 0.896129 3.88499 0.364742 2096
12 6 46 37.0769 1.05873 4.89704 0.209318 2182
12 6 47 37.4561 1.08244 4.90501 0.280408 1826
12 6 48 35.2622 0.966008 4.70105 0.194577 2163
12 6 49 36.0776 0.902204 4.62579 0.272025 1571
12 6 50 34.3119 1.02876 4.45074 0.185874 2167
12 6 51 36.4107 0.972185 5.01042 0.238168 2201
12 6 52 36.7037 1.20394 4.83239 0.211794 1675
12 6 53 34.3095 0.785252 4.3397 0.271056 1794
12 6 54 37.144 1.04492 4.87483 0.289507 2054
12 6 55 35.768 1.07059 4.9738 0.21288 2370
12 6 56 34.3003 0.995787 4.7549 0.215294 2297
12 6 57 37.8328 1.08377 5.38365 0.154552 2069
12 6 58 35.6104 0.979398 4.66792 0.220786 1827
12 6 59 35.7345 1.08425 4.77883 0.263863 1937
12 6 60 33.3999 0.954357 4.36979 0.406831 2125
12 6 61 33.7767 1.3792 4.48555 0.330723 2027
12 6 62 33.7798 1.11005 4.08505 0.492714 2586
12 6 63 35.0148 0.935984 4.69321 0.29089 2234
12 7 0 37.0195 0.932616 5.30934 0.279209 2411
12 7 1 35.5453 0.861296 4.80344 0.348252 2804
12 7 2 36.0015 0.836099 4.5704 0.283779 2477
12 7 3 34.3209 0.816504 4.6222 0.167884 3116
12 7 4 0 -10 0 0 0
12 7 5 37.4802 0.862973 4.98196 0.209333 2681
12 7 6 37.1295 1.0041 5.06843 0.190724 2967
12 7 7 35.9781 0.788035 4.52702 0.271477 2431
12 7 8 32.5724 0.797349 4.60985 0.157402 2973
12 7 9 35.2649 0.854439 5.10251 0.193629 2893
12 7 10 36.7827 0.737001 4.63869 0.272729 2806
12 7 11 36.7548 0.837158 4.6441 0.219441 2480
12 7 12 34.525 0.788202 4.40103 0.364074 2631
12 7 13 34.339 0.923475 4.6771 0.270436 3229
12 7 14 36.0883 0.875784 4.82841 0.22541 2529
12 7 15 38.1178 1.20445 5.70506 0.255515 3323
12 7 16 35.6868 0.876606 4.66137 0.24515 2958
12 7 17 35.7273 0.80941 4.48405 0.274576 3194
12 7 18 37.7479 1.183 5.27792 0.259589 3849
12 7 19 35.5851 0.816759 4.99102 0.206883 3535
12 7 20 36.0401 0.88139 5.30063 0.217646 3496
12 7 21 34.0759 0.998496 4.84812 0.236031 3894
12 7 22 36.3745 0.92525 5.44066 0.179141 2919
12 7 23 36.5125 0.893877 5.16292 0.219762 2612
12 7 24 36.9332 0.97028 5.58671 0.228006 2989
12 7 25 34.5938 1.0581 4.86327 0.23379 4459
12 7 26 34.0331 0.879692 4.64268 0.280379 3604
12 7 27 33.5131 0.742301 4.16398 0.552485 4125
12 7 28 36.7398 0.940899 5.35258 0.192414 3040
12 7 29 0 -10 0 0 0
12 7 30 37.0971 0.925928 5.44094 0.221328 2896
12 7 31 35.0381 0.932221 4.93198 0.209617 3823
12 7 32 34.1759 0.913804 4.81642 0.211576 4070
12 7 33 37.7966 1.16036 5.45273 0.207717 3664
12 7 34 34.7468 0.866273 4.83173 0.194275 4526
12 7 35 38.2277 0.899666 5.14208 0.171288 3635
12 7 36 36.4611 1.01198 5.57633 0.216509 3632
12 7 37 33.6064 1.0642 5.24404 0.210274 6107
12 7 38 36.8055 1.07126 5.28674 0.148702 5122
12 7 39 0 -10 0 0 0
12 7 40 35.3255 0.923139 5.24191 0.147484 4392
12 7 41 35.7315 0.913935 4.88932 0.178215 4373
12 7 42 36.6129 0.894144 4.79618 0.275164 4268
12 7 43 35.3007 0.993991 4.91293 0.25864 4902
12 7 44 0 -10 0 0 0
12 7 45 0 -10 0 0 0
12 7 46 37.554 1.08967 5.602 0.134936 6297
12 7 47 36.9797 1.10109 5.62564 0.188137 7985
12 7 48 37.0305 1.1407 5.7549 0.191178 7028
12 7 49 38.1649 1.07624 5.30047 0.177226 5625
12 7 50 35.8006 0.986107 5.41947 0.120768 6518
12 7 51 36.1516 1.24372 5.201 0.209287 7241
12 7 52 35.8572 1.08586 4.88876 0.228223 5291
12 7 53 35.172 1.19916 5.17179 0.246407 7425
12 7 54 0 -10 0 0 0
12 7 55 36.3677 0.953523 5.06296 0.168072 6111
12 7 56 0 -10 0 0 0
12 7 57 35.6347 0.954051 5.27287 0.169615 6442
12 7 58 34.9064 1.02217 4.98652 0.202394 5983
12 7 59 0 -10 0 0 0
12 7 60 33.1993 0.991847 4.88777 0.189032 6497
12 7 61 33.4215 0.909793 4.64555 0.482997 4877
12 7 62 35.2613 0.959155 5.11473 0.167438 5564
12 7 63 35.6768 1.10744 5.42685 0.161462 5921
12 8 0 35.6462 0.608029 4.22671 0.460578 3300
12 8 1 35.4175 0.748771 4.79298 0.247069 4332
12 8 2 37.6775 0.696387 5.01493 0.272556 3078
12 8 3 34.3602 0.761144 5.27462 0.30569 3136
12 8 4 34.2107 0.845035 4.5937 0.308633 4299
12 8 5 35.4347 0.755753 4.87431 0.234789 4776
12 8 6 35.1517 0.828854 5.06813 0.23792 4834
12 8 7 0 -10 0 0 0
12 8 8 35.3026 0.965901 5.00195 0.287741 3741
12 8 9 34.4274 0.871699 5.16739 0.276573 3956
12 8 10 35.0877 0.808018 4.96446 0.208609 4839
12 8 11 35.8357 0.764754 4.86179 0.227125 4044
12 8 12 35.7965 0.93683 5.04836 0.312346 3460
12 8 13 34.0926 0.906261 4.93507 0.271253 5288
12 8 14 34.1577 0.757057 4.8417 0.211269 3792
12 8 15 37.1003 0.916567 5.15192 0.240975 5595
12 8 16 35.5762 0.866749 4.97132 0.383256 3319
12 8 17 36.5262 0.893545 4.80175 0.245242 5821
12 8 18 34.5464 0.84102 4.94701 0.228572 6882
12 8 19 35.355 0.88016 4.73836 0.267162 5290
12 8 20 35.5816 0.915914 5.07569 0.20971 5669
12 8 21 33.9518 0.818924 4.91184 0.234698 5630
12 8 22 37.408 0.891179 5.59535 0.288167 2956
12 8 23 34.3756 0.737055 4.79487 0.292294 4093
12 8 24 36.769 1.04121 5.37385 0.300445 4679
12 8 25 0 -10 0 0 0
12 8 26 36.0435 0.805083 5.04482 0.271676 4429
12 8 27 37.4867 0.80331 4.76434 0.3106 5312
12 8 28 36.1951 0.629348 5.11926 0.219441 3469
12 8 29 35.7229 0.816912 4.85322 0.257033 5020
12 8 30 36.6859 0.806337 5.25376 0.246517 3756
12 8 31 0 -10 0 0 0
12 8 32 34.2792 0.736419 4.5744 0.250709 5563
12 8 33 35.305 0.815288 4.78187 0.274862 4879
12 8 34 35.174 0.852949 5.21467 0.202752 8448
12 8 35 35.5548 0.746175 4.74555 0.289799 4933
12 8 36 37.5325 0.798617 5.07245 0.24203 3772
12 8 37 35.996 0.979303 5.03324 0.297652 7430
12 8 38 35.1366 0.954855 5.0293 0.24331 9430
12 8 39 37.7534 0.849182 5.01095 0.215196 6187
12 8 40 35.5071 0.676507 4.63337 0.347534 4779
12 8 41 34.3449 0.757444 4.67415 0.34797 5009
12 8 42 34.4478 0.851238 4.66124 0.282829 5806
12 8 43 35.0015 0.893695 4.97501 0.26383 5399
12 8 44 36.3989 0.807213 5.0923 0.233148 4547
12 8 45 36.1576 0.685877 5.10004 0.230384 4723
12 8 46 35.1326 0.880667 5.33127 0.174496 9582
12 8 47 35.7294 0.932835 5.56396 0.164282 11900
12 8 48 38.2019 0.938689 5.5769 0.304053 6746
12 8 49 38.5522 0.950322 5.16242 0.307875 6587
12 8 50 37.0403 0.859092 5.53249 0.212412 7518
12 8 51 37.1236 0.938938 5.46845 0.211147 7357
12 8 52 37.1596 0.922099 4.88953 0.223619 7299
12 8 53 35.2605 0.894605 5.15523 0.218374 9283
12 8 54 37.3487 0.837853 5.07175 0.298629 4655
12 8 55 35.059 0.877792 5.03749 0.178077 8321
12 8 56 36.2456 0.82862 5.27444 0.268363 5271
12 8 57 35.0507 0.981821 5.22789 0.205469 8978
12 8 58 34.6164 0.823138 4.97412 0.220777 7239
12 8 59 35.1778 0.862941 5.31887 0.251751 5986
12 8 60 33.3538 0.847191 4.69823 0.290261 6887
12 8 61 34.4794 0.921003 5.2178 0.270182 6169
12 8 62 36.0453 0.889422 5.35595 0.21768 5674
12 8 63 33.3037 0.783286 5.06599 0.172194 6745
12 9 0 0 -10 0 0 0
12 9 1 34.0811 0.917962 5.54961 0.198991 6495
12 9 2 34.8529 1.02633 4.84523 0.320062 3681
12 9 3 35.3598 1.16751 5.05362 0.320289 3837
12 9 4 33.8674 1.05566 5.04399 0.317013 3994
12 9 5 35.6262 1.39429 5.32322 0.321678 7833
12 9 6 34.7726 1.14099 4.98107 0.324717 4372
12 9 7 0 -10 0 0 0
12 9 8 33.167 0.983418 5.24936 0.234394 4879
12 9 9 0 -10 0 0 0
12 9 10 0 -10 0 0 0
12 9 11 34.8795 1.0774 5.07462 0.32078 3283
12 9 12 33.609 0.935156 4.9489 0.224785 5451
12 9 13 36.7236 1.11112 5.5654 0.248523 5689
12 9 14 36.9747 0.993805 5.50322 0.199371 5864
12 9 15 29.5 -2 0 0 7639
12 9 16 33.0704 1.02304 4.71729 0.312714 4033
12 9 17 34.0165 0.928214 5.06609 0.255523 3558
12 9 18 29.5 -2 0 0 5490
12 9 19 36.5283 0.906646 5.30713 0.23113 3826
12 9 20 0 -10 0 0 0
12 9 21 33.4819 1.06801 5.24382 0.254766 2940
12 9 22 34.8687 0.812819 4.92158 0.251967 2578
12 9 23 33.8501 0.933127 4.72105 0.337718 2747
12 9 24 37.3078 0.958354 6.09708 0.168452 4259
12 9 25 33.8145 0.961237 4.69955 0.337745 2801
12 9 26 33.3031 0.843675 5.19874 0.325742 2938
12 9 27 35.6259 0.928637 5.0705 0.248128 2569
12 9 28 37.1252 0.893292 5.61088 0.283748 3553
12 9 29 34.1712 0.969929 5.42805 0.277455 4570
12 9 30 0 -10 0 0 0
12 9 31 36.2042 0.908527 4.83377 0.398476 2189
12 9 32 33.4361 0.849703 4.40831 0.379684 2777
12 9 33 0 -10 0 0 0
12 9 34 32.2022 0.996497 4.55439 0.456757 2078
12 9 35 31.3575 0.831245 4.21442 0.330304 2558
12 9 36 33.5811 0.897195 5.31927 0.256361 3131
12 9 37 32.3866 0.709402 4.11015 0.402025 2584
12 9 38 34.7041 1.01968 5.10787 0.287475 2094
12 9 39 34.2641 1.04815 5.13126 0.26098 3878
12 9 40 0 -10 0 0 0
12 9 41 32.418 0.708261 4.27542 0.466836 1829
12 9 42 35.1284 0.997949 5.14334 0.278228 2723
12 9 43 32.2966 0.825164 4.18062 0.463375 1525
12 9 44 32.338 0.709185 4.24596 0.556226 2345
12 9 45 33.9329 0.930485 4.71333 0.29768 2974
12 9 46 0 -10 0 0 0
12 9 47 33.2301 1.04757 4.59922 0.426906 1788
12 9 48 31.4656 0.752561 4.27676 0.453274 2691
12 9 49 32.6721 0.728462 4.17174 0.575284 1795
12 9 50 0 -10 0 0 0
12 9 51 31.5806 0.748117 4.13338 0.371145 1988
12 9 52 32.4103 0.942469 4.6477 0.358138 1983
12 9 53 32.1114 0.697787 4.1833 0.520907 2155
12 9 54 33.8356 0.916821 5.16797 0.359634 1727
12 9 55 32.0547 0.838511 4.60043 0.264883 2567
12 9 56 34.0193 0.728858 4.60011 0.316258 1969
12 9 57 34.19 1.07853 4.96764 0.349981 2158
12 9 58 32.4067 0.805103 4.48071 0.374909 2232
12 9 59 0 -10 0 0 0
12 9 60 33.3478 0.84498 4.82519 0.322013 2159
12 9 61 32.9764 0.912165 4.71357 0.270602 2634
12 9 62 32.421 0.916939 5.27164 0.241073 3435
12 9 63 35.0785 0.849085 4.83246 0.310631 1841
12 10 0 39.262 0.767343 5.91692 0.213821 7302
12 10 1 38.5482 0.729689 5.64892 0.273255 6724
12 10 2 39.1825 0.797905 5.56319 0.273767 6448
12 10 3 40.2223 0.739268 5.39277 0.218145 6430
12 10 4 38.5159 0.749184 5.57876 0.224583 7910
12 10 5 38.4213 0.823211 5.37368 0.277165 7804
12 10 6 42.0916 0.921794 6.22373 0.308388 6285
12 10 7 40.4824 0.837294 5.86294 0.257177 6754
12 10 8 40.0233 0.779942 5.66428 0.279446 6637
12 10 9 40.0518 0.836454 5.75072 0.279116 7370
12 10 10 40.7969 0.841861 5.66226 0.282517 7602
12 10 11 40.395 0.741307 5.56127 0.205514 7562
12 10 12 41.8698 0.926664 6.18774 0.261585 7284
12 10 13 42.1426 0.893482 6.0075 0.222268 8003
12 10 14 39.7155 0.826086 5.61718 0.22267 10527
12 10 15 41.0004 0.843209 5.89697 0.255614 9102
12 10 16 41.387 0.901068 6.00267 0.216284 10215
12 10 17 38.8569 0.795498 5.68537 0.245575 8522
12 10 18 38.9001 0.768006 5.7132 0.229049 8137
12 10 19 40.8238 0.813738 5.5038 0.256422 6736
12 10 20 40.1847 0.773237 5.58066 0.270883 7403
12 10 21 41.1081 0.848622 5.91213 0.294571 6284
12 10 22 41.135 0.696899 5.52028 0.273587 5658
12 10 23 39.3445 0.864145 5.81349 0.282173 6869
12 10 24 41.0736 0.800466 5.96539 0.223029 6938
12 10 25 40.7086 0.783886 5.44866 0.260858 7792
12 10 26 40.4911 0.882622 6.19558 0.272445 7796
12 10 27 41.6071 0.782333 5.49321 0.298902 6151
12 10 28 39.0866 0.695017 5.43414 0.240526 6605
12 10 29 40.4706 0.813914 5.60832 0.27666 7107
12 10 30 0 -10 0 0 0
12 10 31 38.9388 0.853621 5.62493 0.261405 6829
12 10 32 41.5611 0.813749 5.85281 0.179976 9518
12 10 33 39.9093 0.815187 5.44379 0.279176 6570
12 10 34 41.0062 0.756621 5.66822 0.216131 7555
12 10 35 0 -10 0 0 0
12 10 36 40.1787 0.734568 5.852 0.299151 7248
12 10 37 39.4874 0.708887 5.60746 0.174162 8351
12 10 38 41.1722 0.779716 6.13727 0.220488 6583
12 10 39 41.2677 0.88684 6.73291 0.222924 6833
12 10 40 39.7385 0.840624 6.40396 0.186509 10878
12 10 41 40.1286 0.714857 5.81745 0.199811 6800
12 10 42 40.4647 0.746346 5.77553 0.274465 6539
12 10 43 40.7932 0.855922 5.76978 0.248481 7509
12 10 44 40.18 0.793475 6.03396 0.178413 7421
12 10 45 39.8181 0.819665 5.83849 0.251867 7184
12 10 46 40.7923 0.93144 6.25068 0.2516 10412
12 10 47 41.0165 0.853258 6.64439 0.164304 11066
12 10 48 39.8405 0.849688 6.22553 0.169922 10873
12 10 49 38.9761 0.802513 6.34315 0.168291 10476
12 10 50 39.2422 0.83655 6.29215 0.211008 10751
12 10 51 39.6986 0.796691 6.26953 0.181042 9614
12 10 52 39.9115 0.814184 5.86232 0.229718 8273
12 10 53 38.6014 0.737664 5.92509 0.228143 9075
12 10 54 39.4223 0.768839 6.21149 0.174902 8346
12 10 55 39.5202 0.774931 6.08461 0.19293 8468
12 10 56 39.9819 0.801753 6.29388 0.160187 8164
12 10 57 39.8234 0.924307 6.52546 0.208918 8125
12 10 58 39.09 0.736679 6.11294 0.207207 7124
12 10 59 38.9654 0.807769 6.07208 0.160288 8922
12 10 60 40.3819 0.792172 5.67332 0.257837 6672
12 10 61 37.7692 0.860777 6.05064 0.186972 7997
12 10 62 39.3753 0.796841 6.29152 0.194947 7137
12 10 63 37.7349 0.708216 5.60727 0.196853 6836
12 11 0 34.5713 0.869351 5.37228 0.166511 8446
12 11 1 33.6249 0.852456 4.90747 0.203905 7590
12 11 2 34.4953 0.860361 4.69882 0.234396 6015
12 11 3 32.955 0.824011 4.85046 0.194253 5419
12 11 4 33.8405 0.745965 4.79945 0.279256 4771
12 11 5 35.9936 1.09667 5.18934 0.280389 9631
12 11 6 33.4107 0.782029 4.72972 0.251134 4409
12 11 7 33.6974 0.943229 5.0532 0.229764 8481
12 11 8 32.4183 0.717376 4.7653 0.180189 7535
12 11 9 32.9501 0.873249 5.27867 0.21285 6912
12 11 10 34.0568 0.880134 4.774 0.291724 5499
12 11 11 32.3372 0.833235 4.97661 0.222959 4403
12 11 12 33.0104 0.700293 4.87394 0.322522 3567
12 11 13 33.9162 0.741353 4.66735 0.358737 4770
12 11 14 34.1296 0.778882 4.92183 0.212296 4693
12 11 15 31.1585 0.79892 4.47082 0.318459 4670
12 11 16 31.8089 0.688625 4.69009 0.267932 3277
12 11 17 32.3634 0.804031 4.43427 0.42725 4242
12 11 18 32.0679 0.859585 4.70867 0.263011 5282
12 11 19 32.8405 0.647091 4.31086 0.48549 4395
12 11 20 32.7206 0.758615 4.8383 0.210008 5204
12 11 21 32.9901 0.862034 4.44994 0.31407 7801
12 11 22 35.8429 0.89807 5.08125 0.263476 8798
12 11 23 34.0969 0.757903 4.70902 0.238252 5924
12 11 24 31.9916 0.82871 4.535 0.325644 4560
12 11 25 31.3159 0.679444 4.45166 0.305904 4007
12 11 26 0 -10 0 0 0
12 11 27 32.7494 0.905814 4.64033 0.275587 7057
12 11 28 0 -10 0 0 0
12 11 29 33.7025 0.77332 4.60338 0.298106 4320
12 11 30 0 -10 0 0 0
12 11 31 34.427 0.790961 4.80419 0.219091 4527
12 11 32 32.8623 0.706621 4.33338 0.297562 4482
12 11 33 0 -10 0 0 0
12 11 34 33.147 0.76737 4.95607 0.300699 3921
12 11 35 34.3008 0.875696 5.05544 0.211639 5332
12 11 36 33.5042 0.764555 5.0282 0.205558 4441
12 11 37 33.4699 0.75409 4.40573 0.288548 3852
12 11 38 34.5303 0.816282 4.46064 0.320345 3944
12 11 39 33.2054 0.71767 4.56157 0.214516 4495
12 11 40 0 -10 0 0 0
12 11 41 35.5901 0.992797 4.98183 0.273097 6979
12 11 42 32.8066 0.790836 4.42736 0.259115 5754
12 11 43 32.959 1.04566 4.60175 0.416659 5303
12 11 44 32.3938 0.665664 4.53179 0.349925 4383
12 11 45 34.0121 0.817821 4.60303 0.281798 3999
12 11 46 34.2993 0.724966 4.56486 0.301194 3414
12 11 47 34.1832 0.83843 4.95606 0.291542 3838
12 11 48 32.4641 0.868883 4.73069 0.279663 4108
12 11 49 33.9021 0.836687 4.88685 0.280312 3125
12 11 50 34.0403 0.857023 5.10425 0.298344 3374
12 11 51 33.7903 0.915953 4.87783 0.368144 4524
12 11 52 34.0436 0.738284 4.78439 0.261961 3260
12 11 53 34.4869 0.778146 4.89625 0.245592 4295
12 11 54 35.6716 0.860858 5.15966 0.226787 4632
12 11 55 35.9453 0.906256 5.22648 0.306762 5204
12 11 56 34.7673 0.883608 5.53254 0.218441 6889
12 11 57 35.7085 0.959428 5.7072 0.227579 7263
12 11 58 35.2253 1.01025 5.60528 0.220048 8150
12 11 59 32.1099 0.779186 4.88805 0.185277 4284
12 11 60 33.372 0.965203 4.93034 0.254566 6642
12 11 61 32.0362 0.781809 4.7444 0.302084 5175
12 11 62 32.9735 0.836188 4.58665 0.276893 4505
12 11 63 31.9422 0.826983 5.00524 0.190304 5955
12 12 0 37.9993 0.827748 5.46799 0.226646 7545
12 12 1 37.8073 0.84631 5.09896 0.253044 7282
12 12 2 36.5388 0.764425 5.05581 0.241874 7128
12 12 3 38.512 0.885176 5.14679 0.251637 7752
12 12 4 36.0965 0.837794 5.06602 0.256532 9386
12 12 5 37.1076 0.848139 4.89648 0.308911 7944
12 12 6 39.8073 1.05087 6.04928 0.277708 8133
12 12 7 38.6828 0.891365 5.73721 0.224834 7604
12 12 8 37.3512 0.821565 5.35922 0.236857 8102
12 12 9 37.6469 0.726033 5.35544 0.251121 8139
12 12 10 0 -10 0 0 0
12 12 11 38.8011 0.875828 5.36047 0.260351 9152
12 12 12 37.6686 0.832591 5.73963 0.191652 10041
12 12 13 39.0412 0.969247 5.32275 0.285211 10381
12 12 14 41.2469 0.922294 5.51897 0.265811 10582
12 12 15 39.0409 0.980953 5.4532 0.274909 9469
12 12 16 37.9868 0.872378 5.38366 0.257195 10935
12 12 17 37.5305 0.833018 4.97126 0.299095 8600
12 12 18 37.9634 0.777805 5.08752 0.25258 7275
12 12 19 38.0007 0.709876 4.96537 0.250144 5920
12 12 20 36.4525 0.797567 4.78364 0.249922 7774
12 12 21 37.1751 0.771344 5.3709 0.20996 7031
12 12 22 36.5544 0.723882 4.99148 0.168309 6435
12 12 23 35.5415 0.679613 4.56345 0.228075 6794
12 12 24 0 -10 0 0 0
12 12 25 36.7562 0.803583 4.8445 0.249743 8285
12 12 26 38.3857 0.776431 4.96909 0.260474 6721
12 12 27 39.843 0.676379 4.80971 0.26081 4739
12 12 28 37.6916 0.803165 4.79278 0.292392 6416
12 12 29 36.5772 0.751589 4.86546 0.232705 6238
12 12 30 0 -10 0 0 0
12 12 31 36.0618 0.757564 5.20323 0.217256 6284
12 12 32 38.0421 0.831096 5.43755 0.233103 8649
12 12 33 37.8434 0.872815 4.89928 0.292467 5633
12 12 34 0 -10 0 0 0
12 12 35 38.092 0.762845 5.17913 0.230856 4986
12 12 36 37.6945 0.726904 4.82755 0.269038 5194
12 12 37 37.7099 0.898848 5.12663 0.264464 6967
12 12 38 39.9853 0.886088 5.50102 0.276703 5911
12 12 39 37.7214 0.858079 5.28037 0.246108 5305
12 12 40 39.9383 0.929435 5.2216 0.321019 7224
12 12 41 38.1388 0.761957 5.07095 0.27211 5288
12 12 42 37.0591 0.707682 4.88478 0.247667 4902
12 12 43 37.9243 0.805295 4.8853 0.335911 6102
12 12 44 36.7376 0.748383 4.99056 0.230414 6605
12 12 45 37.0129 0.72263 4.82611 0.286998 5270
12 12 46 39.5356 0.76652 5.28183 0.192003 7145
12 12 47 38.5846 0.866094 5.57703 0.233112 7137
12 12 48 37.6262 0.742513 5.00294 0.219911 6491
12 12 49 38.0206 0.760002 5.07896 0.287513 5765
12 12 50 37.0858 0.779745 5.24544 0.252378 5751
12 12 51 38.1327 0.80141 5.27975 0.307024 5462
12 12 52 37.4088 0.923627 4.80048 0.290668 6621
12 12 53 35.5277 0.755496 4.97917 0.210468 6613
12 12 54 36.9191 0.763783 5.08999 0.273998 5095
12 12 55 37.0384 0.780977 4.76635 0.329364 4896
12 12 56 38.123 0.8259 5.28518 0.249751 4593
12 12 57 38.474 1.08798 5.26286 0.409097 4884
12 12 58 37.3218 0.797193 5.4539 0.202775 5045
12 12 59 38.8453 0.898967 5.36401 0.276252 5214
12 12 60 38.3539 0.870086 5.35371 0.24418 5274
12 12 61 37.0751 0.750987 5.06004 0.218122 5122
12 12 62 36.7185 0.709728 4.62581 0.535807 5070
12 12 63 0 -10 0 0 0
12 13 0 39.689 1.11999 5.44375 0.204503 5281
12 13 1 40.0114 1.0715 5.30027 0.203671 3624
12 13 2 39.1519 0.977044 5.41067 0.215349 3362
12 13 3 36.6988 0.890997 4.55343 0.346473 3171
12 13 4 39.8966 0.989059 5.38018 0.251562 2677
12 13 5 40.1633 1.20994 5.71939 0.223936 4591
12 13 6 37.9933 0.864629 4.36402 0.358986 2465
12 13 7 39.9163 0.930112 5.29224 0.16152 3663
12 13 8 37.7553 1.08573 5.55449 0.201561 4000
12 13 9 39.1423 0.893859 4.93723 0.237953 2941
12 13 10 38.266 0.982096 4.92882 0.381739 3025
12 13 11 37.8965 0.829574 4.97746 0.213573 2254
12 13 12 39.1786 0.889375 5.21921 0.227294 2244
12 13 13 38.2234 0.990989 5.0124 0.262459 2688
12 13 14 36.6736 0.928465 4.94497 0.201947 2737
12 13 15 38.3593 1.14888 5.42076 0.250449 2271
12 13 16 37.8239 1.02731 5.15014 0.278333 2521
12 13 17 37.7038 1.008 4.76701 0.331745 2314
12 13 18 38.4662 0.994861 5.04517 0.218394 3335
12 13 19 37.5684 0.931349 5.12255 0.235357 2670
12 13 20 37.7578 1.10571 5.23348 0.27557 3014
12 13 21 39.8969 1.07124 5.41051 0.20544 4393
12 13 22 39.414 0.939896 5.34609 0.179081 5531
12 13 23 0 -10 0 0 0
12 13 24 0 -10 0 0 0
12 13 25 36.0963 1.10468 4.97749 0.21833 3162
12 13 26 0 -10 0 0 0
12 13 27 39.0873 1.02997 5.68722 0.19406 3704
12 13 28 0 -10 0 0 0
12 13 29 38.6635 1.21786 5.04392 0.284882 3069
12 13 30 0 -10 0 0 0
12 13 31 38.8786 0.983354 5.39551 0.197148 3389
12 13 32 39.2867 0.950332 4.72284 0.254585 2615
12 13 33 0 -10 0 0 0
12 13 34 39.373 0.990869 5.42126 0.222773 2920
12 13 35 39.7814 1.13033 5.30208 0.219928 4083
12 13 36 38.3341 0.936281 4.76265 0.253939 3489
12 13 37 0 -10 0 0 0
12 13 38 38.2174 1.02952 4.73719 0.284928 3209
12 13 39 38.3486 0.972498 5.0698 0.186133 3357
12 13 40 41.4176 1.03245 6.98088 0.0802592 6501
12 13 41 37.533 0.933868 5.24994 0.165207 6369
12 13 42 0 -10 0 0 0
12 13 43 37.8876 1.05773 5.54023 0.166399 4723
12 13 44 38.6459 0.993526 5.08806 0.200445 4010
12 13 45 38.3164 0.973637 4.64166 0.316007 3329
12 13 46 38.4948 1.03096 5.17456 0.282419 3087
12 13 47 36.8162 0.860419 4.23443 0.301633 1719
12 13 48 37.5359 1.04365 5.15297 0.215157 2963
12 13 49 36.7806 0.813653 4.76844 0.236904 2504
12 13 50 39.7505 1.05669 5.68902 0.20195 2930
12 13 51 38.6888 1.10106 5.17946 0.24667 3928
12 13 52 39.1345 0.915203 4.66148 0.244477 3019
12 13 53 38.2268 1.07937 5.37701 0.19093 4752
12 13 54 41.1499 1.36422 5.94021 0.257483 4745
12 13 55 39.9304 1.0507 5.80578 0.146389 5466
12 13 56 40.8836 1.14438 5.72283 0.17961 6260
12 13 57 40.1923 1.1737 5.97363 0.146894 7604
12 13 58 40.1422 1.19698 5.49431 0.197158 6849
12 13 59 38.329 1.06147 5.23419 0.212414 3492
12 13 60 39.121 1.12893 5.59633 0.168016 5885
12 13 61 37.1839 0.932627 4.99339 0.153741 4426
12 13 62 37.5971 0.993014 5.22638 0.195075 3928
12 13 63 38.3823 1.09619 5.36798 0.173418 5158
12 14 0 36.3224 0.981602 4.98215 0.286674 4303
12 14 1 37.4184 0.994559 5.23186 0.23796 4117
12 14 2 37.3514 1.07437 5.5035 0.161846 4130
12 14 3 38.2975 1.08223 5.90434 0.223695 5067
12 14 4 37.208 1.07645 5.0507 0.186399 4278
12 14 5 37.2071 1.09196 5.50817 0.15851 6023
12 14 6 35.2905 1.11981 5.14875 0.162075 6760
12 14 7 36.3707 1.0044 5.11622 0.225262 4796
12 14 8 38.0276 1.11671 5.49212 0.180189 5179
12 14 9 35.7271 1.09329 5.18864 0.194262 4528
12 14 10 37.6014 0.992295 5.23804 0.217588 4758
12 14 11 0 -10 0 0 0
12 14 12 37.3185 1.17893 5.59799 0.186173 6639
12 14 13 0 -10 0 0 0
12 14 14 36.8404 1.07908 5.09863 0.206364 4977
12 14 15 37.4302 1.14151 5.30965 0.210742 6105
12 14 16 37.8966 1.13623 5.2453 0.234169 6786
12 14 17 0 -10 0 0 0
12 14 18 38.3625 0.976025 5.25641 0.195525 4842
12 14 19 38.2948 1.09316 5.52621 0.189219 2875
12 14 20 38.1509 0.882774 5.30405 0.216457 2865
12 14 21 37.6186 1.06243 4.7843 0.269212 4013
12 14 22 35.5634 0.922851 4.8087 0.193226 3720
12 14 23 35.8176 1.02628 5.12307 0.154871 4266
12 14 24 35.554 0.906399 4.77399 0.183841 3971
12 14 25 38.1838 1.02925 5.35122 0.222809 2584
12 14 26 36.3569 0.852274 5.08543 0.182595 2543
12 14 27 36.3806 0.868683 4.85514 0.213674 3196
12 14 28 35.3689 0.946763 4.97578 0.193866 4402
12 14 29 38.5861 0.99669 5.16976 0.220007 2321
12 14 30 0 -10 0 0 0
12 14 31 37.5118 0.979202 5.36871 0.175156 2415
12 14 32 35.4111 0.71711 4.34965 0.321465 2562
12 14 33 36.1041 0.856227 4.46368 0.304842 3106
12 14 34 36.8725 1.08086 5.31639 0.162059 4946
12 14 35 34.6019 0.926354 4.67868 0.249595 4061
12 14 36 36.2 0.970513 4.77181 0.208292 3001
12 14 37 36.3746 1.13971 4.77227 0.242894 4172
12 14 38 38.7755 0.945308 5.09349 0.209471 4048
12 14 39 37.084 1.00153 4.90373 0.275462 2806
12 14 40 34.712 0.773213 4.89373 0.197624 2437
12 14 41 37.4876 0.935106 5.35731 0.216717 2298
12 14 42 36.841 1.11241 5.69783 0.218553 2424
12 14 43 34.6194 0.826038 4.32701 0.336982 2923
12 14 44 39.0055 0.919562 5.3346 0.238755 2064
12 14 45 36.8596 1.16435 5.00324 0.25059 4100
12 14 46 36.5424 0.966908 4.52995 0.203838 2963
12 14 47 35.6359 0.786751 4.41266 0.514828 3320
12 14 48 37.9424 1.0179 5.32323 0.251983 2942
12 14 49 36.7309 0.990838 4.91732 0.246377 2747
12 14 50 37.7202 0.975008 5.23883 0.167573 2414
12 14 51 35.369 0.891387 4.68741 0.232001 2987
12 14 52 36.9297 1.1458 5.1319 0.247253 3130
12 14 53 0 -10 0 0 0
12 14 54 35.4925 1.04686 4.9148 0.215212 2755
12 14 55 35.1536 0.934346 4.69103 0.219868 2572
12 14 56 34.4474 0.818048 4.37786 0.362892 2374
12 14 57 36.2794 0.897916 4.89946 0.290834 2248
12 14 58 33.9836 0.920035 4.5633 0.220875 2656
12 14 59 33.3633 0.817048 4.19442 0.357326 2773
12 14 60 35.9016 1.12381 5.2865 0.182986 2582
12 14 61 32.7957 0.891552 4.80554 0.33272 2585
12 14 62 36.0917 1.04338 4.99007 0.191332 2698
12 14 63 0 -10 0 0 0
12 15 0 29.546 0.967562 4.1115 0.273687 2038
12 15 1 0 -10 0 0 0
12 15 2 29.6392 0.976974 4.17598 0.310147 2234
12 15 3 29.0099 0.785995 3.90405 0.375374 2356
12 15 4 27.7432 0.966082 3.32628 0.393935 2847
12 15 5 29.8129 0.764309 3.6355 0.303535 1796
12 15 6 27.9583 0.811349 3.66528 0.300116 2209
12 15 7 27.4581 0.788005 3.84881 0.231973 2215
12 15 8 27.9685 0.961462 4.21121 0.23601 2175
12 15 9 28.2721 0.798427 3.80522 0.311384 2091
12 15 10 30.7806 0.890117 4.31331 0.234191 1625
12 15 11 28.1962 0.756668 3.57977 0.284218 2327
12 15 12 0 -10 0 0 0
12 15 13 27.5234 1.09258 3.93609 0.19971 2480
12 15 14 27.6491 0.827045 3.7003 0.276219 2071
12 15 15 30.189 1.08405 3.72426 0.470539 1762
12 15 16 30.0406 1.22095 4.40703 0.25032 2260
12 15 17 27.2019 0.677865 3.2514 0.355348 2062
12 15 18 27.6354 0.86104 3.67812 0.245268 2513
12 15 19 28.3507 0.848505 3.86257 0.261672 2210
12 15 20 28.8006 0.780517 3.9309 0.335764 2763
12 15 21 28.4635 1.01168 3.69662 0.280094 2512
12 15 22 28.9595 0.753603 3.90973 0.391147 2774
12 15 23 29.889 0.977919 4.31773 0.277809 2419
12 15 24 29.0088 0.812414 4.30171 0.313716 3036
12 15 25 29.0856 0.985549 3.84146 0.299147 2258
12 15 26 28.9708 0.895399 4.06072 0.278865 2423
12 15 27 29.899 0.899148 3.89684 0.227985 2185
12 15 28 29.2394 0.95402 3.75661 0.306592 2332
12 15 29 28.5608 0.861858 3.69652 0.241702 3188
12 15 30 30.1883 0.965759 4.81237 0.161891 2600
12 15 31 32.5458 1.04064 4.90095 0.199031 2955
12 15 32 30.0018 0.965978 4.23612 0.236496 2529
12 15 33 0 -10 0 0 0
12 15 34 0 -10 0 0 0
12 15 35 30.3728 0.907443 4.24178 0.196195 3347
12 15 36 28.8076 0.886742 3.83181 0.29013 2525
12 15 37 0 -10 0 0 0
12 15 38 31.1123 1.09517 4.63891 0.248602 3409
12 15 39 28.0752 0.740685 3.45729 0.342735 2571
12 15 40 28.3217 1.03982 3.59685 0.261148 2606
12 15 41 31.6334 0.853086 4.467 0.154565 2747
12 15 42 30.3919 1.13164 4.57399 0.216789 3861
12 15 43 29.6129 0.946884 5.04814 0.209663 4246
12 15 44 0 -10 0 0 0
12 15 45 28.0633 1.06521 3.89084 0.305955 2815
12 15 46 0 -10 0 0 0
12 15 47 30.8937 1.07305 4.44018 0.284064 3058
12 15 48 28.2197 1.02003 3.90682 0.314851 2815
12 15 49 29.9142 1.01745 4.71495 0.177943 4939
12 15 50 0 -10 0 0 0
12 15 51 28.5132 1.05146 4.22807 0.21887 3425
12 15 52 0 -10 0 0 0
12 15 53 28.5504 1.08295 4.53371 0.191942 5420
12 15 54 29.0214 0.998134 4.11999 0.24708 3356
12 15 55 28.904 0.969317 4.4086 0.204966 4237
12 15 56 28.048 1.03917 3.77037 0.273686 3274
12 15 57 28.472 1.11635 4.56507 0.160153 4072
12 15 58 28.5322 1.0373 4.01604 0.309978 3520
12 15 59 29.0202 1.09225 4.72094 0.182255 3649
12 15 60 0 -10 0 0 0
12 15 61 30.768 1.20961 5.10806 0.124437 5745
12 15 62 26.411 0.845304 3.76783 0.509825 4960
12 15 63 31.7372 1.11393 5.99044 0.180809 4364
13 0 0 24.9121 0.661033 3.73459 0.571488 6795
13 0 1 25.5149 0.764376 3.79779 0.691902 4973
13 0 2 24.5731 0.479249 3.43794 0.669676 5028
13 0 3 24.6937 0.48587 3.12478 0.652613 6783
13 0 4 24.1646 0.464498 3.0322 0.659196 7874
13 0 5 25.3858 0.585742 3.56095 0.551516 8147
13 0 6 24.3139 0.645495 3.29107 0.70008 5297
13 0 7 23.5399 0.402347 2.86063 0.577291 7906
13 0 8 24.8761 0.640897 3.20855 0.683728 8446
13 0 9 24.4818 0.55847 3.37466 0.708636 5043
13 0 10 23.9082 0.423773 2.99242 0.505143 4066
13 0 11 25.0739 0.569577 3.39629 0.493304 9117
13 0 12 23.9536 0.445163 3.29416 0.552618 7426
13 0 13 24.2354 0.500244 3.24503 0.545557 8193
13 0 14 25.1954 0.5576 3.84753 0.471201 9240
13 0 15 25.7129 0.728688 3.82609 0.647383 7391
13 0 16 24.8988 0.56946 3.58319 0.670826 3918
13 0 17 24.4419 0.436477 2.95415 0.80114 9712
13 0 18 25.0616 0.627114 3.61323 0.558083 6922
13 0 19 23.5169 0.445512 3.20492 0.6623 7360
13 0 20 25.8885 0.711167 3.69064 0.632166 7420
13 0 21 23.9709 0.403796 3.08327 0.489335 2786
13 0 22 24.1422 0.479185 3.23719 0.601713 6863
13 0 23 25.3589 0.612331 3.54305 0.708768 9867
13 0 24 24.6716 0.542718 3.43184 0.538661 8902
13 0 25 25.3417 0.844909 3.42018 0.775543 8363
13 0 26 26.6059 0.750782 3.92245 0.624791 11121
13 0 27 25.3511 0.616937 3.4296 0.566876 7463
13 0 28 25.4237 0.563236 3.19931 0.495637 7513
13 0 29 25.9857 0.617271 3.56912 0.505607 10372
13 0 30 27.0404 0.649133 4.02369 0.59501 6023
13 0 31 24.4648 0.582633 3.39983 0.597358 9659
13 0 32 24.9804 0.507132 3.16565 0.66835 9109
13 0 33 25.113 0.625233 3.47108 0.629192 9507
13 0 34 26.3768 0.707185 3.78891 0.575466 12148
13 0 35 25.4309 0.546326 3.2984 0.694506 9255
13 0 36 25.5 -2 0 0 6286
13 0 37 25.8713 0.654918 3.61096 0.739807 9443
13 0 38 25.6881 0.808694 3.47618 0.639425 10863
13 0 39 25.7181 0.744281 3.70811 0.617278 14023
13 0 40 25.4378 0.583467 3.58721 0.623202 7321
13 0 41 24.7382 0.449241 3.22111 0.913827 8457
13 0 42 25.424 0.620198 3.60996 0.519046 9463
13 0 43 25.5354 0.680477 3.59781 0.560841 11882
13 0 44 21.5 -2 0 0 9639
13 0 45 25.7058 0.520585 3.42958 0.561833 9199
13 0 46 25.4104 0.671697 3.64289 0.586327 15730
13 0 47 25.7136 0.729114 3.69052 0.673735 12330
13 0 48 24.7743 0.60884 3.485 0.632709 9559
13 0 49 23.9647 0.517594 3.14148 0.757778 10311
13 0 50 25.0343 0.60452 3.8857 0.438462 10467
13 0 51 27.4815 0.785718 4.41228 0.573768 15112
13 0 52 25.1952 0.615236 3.62716 0.545233 12857
13 0 53 25.295 0.65042 3.68517 0.55271 11330
13 0 54 26.3042 0.769787 3.70441 0.639262 9959
13 0 55 24.8527 0.677641 3.85218 0.556227 16008
13 0 56 26.1606 0.651674 4.11866 0.512821 13053
13 0 57 26.7644 0.811372 4.48713 0.581159 13458
13 0 58 26.4868 0.731046 4.03031 0.521963 11494
13 0 59 25.6261 0.6337 4.08561 0.443322 14035
13 0 60 26.0557 0.745283 4.11717 0.559429 11677
13 0 61 26.3711 0.761603 4.63422 0.493965 17886
13 0 62 25.1936 0.83226 3.95771 0.525024 15449
13 0 63 25.0971 0.628436 3.65587 0.444052 12715
13 1 0 28.8295 0.754942 4.83198 0.479242 15145
13 1 1 29.177 1.01167 4.53311 0.644365 15968
13 1 2 29.4849 0.934837 4.69849 0.662737 14146
13 1 3 27.6311 0.692856 4.13195 0.440834 11228
13 1 4 28.3459 0.642466 4.21729 0.591829 7703
13 1 5 28.0279 0.688514 4.07204 0.510022 11399
13 1 6 29.3652 0.75278 4.63063 0.483519 13866
13 1 7 28.8634 0.873471 4.70035 0.543171 13844
13 1 8 26.9541 0.666085 3.85555 0.57705 13729
13 1 9 29.5214 0.967908 4.51704 0.604056 14145
13 1 10 28.6705 0.769469 4.56551 0.467248 12470
13 1 11 27.0676 0.737213 4.2095 0.479759 11433
13 1 12 27.9605 0.765439 4.23007 0.590208 9825
13 1 13 28.8536 0.643825 4.32501 0.46373 9049
13 1 14 28.6655 0.702411 4.63909 0.487642 13494
13 1 15 28.0748 0.746472 4.26445 0.507519 9496
13 1 16 28.8471 0.964084 5.00157 0.549422 18666
13 1 17 26.4448 0.582372 3.60226 0.729233 11965
13 1 18 28.3688 0.671104 4.04183 0.560218 8298
13 1 19 29.2943 0.744556 4.63879 0.495114 9667
13 1 20 27.8228 0.746979 4.22827 0.518116 8986
13 1 21 29.1774 0.919594 4.52869 0.6066 14715
13 1 22 29.5896 0.83954 4.67748 0.49561 10753
13 1 23 29.3781 0.943297 4.31392 0.740557 7685
13 1 24 28.2265 0.768299 4.27867 0.542888 12345
13 1 25 28.0805 0.777076 4.35829 0.436353 13128
13 1 26 29.2614 1.13095 4.60274 0.71569 12725
13 1 27 29.5017 0.815043 4.14001 0.636845 9734
13 1 28 28.9098 0.875119 4.40801 0.583729 10367
13 1 29 27.9426 0.64668 4.0845 0.480252 8733
13 1 30 28.4139 0.633757 4.27436 0.556013 6549
13 1 31 28.6457 1.1995 4.31874 0.711788 10873
13 1 32 28.7144 0.800308 4.47415 0.518183 8493
13 1 33 28.4823 0.884358 3.86598 0.678658 9391
13 1 34 28.656 0.68748 4.50621 0.492516 10691
13 1 35 29.6268 0.824538 4.54119 0.547685 8700
13 1 36 28.3927 0.795515 4.24089 0.61017 7212
13 1 37 28.223 0.594023 4.26742 0.599606 7256
13 1 38 28.523 0.725903 4.23379 0.474725 7687
13 1 39 28.2915 0.800417 4.31124 0.635915 4734
13 1 40 28.6021 0.63649 4.00808 0.560722 5814
13 1 41 27.7868 0.747271 3.69043 0.593593 7586
13 1 42 27.2062 0.662689 3.85411 0.487262 8097
13 1 43 26.8662 0.694007 3.78409 0.692154 9609
13 1 44 27.574 0.869027 4.31566 0.582152 6603
13 1 45 26.5868 0.842167 3.59503 0.527987 8874
13 1 46 28.8863 0.732022 4.66218 0.557045 10705
13 1 47 29.0501 0.78434 4.69261 0.568843 3959
13 1 48 25.5 -2 0 0 8270
13 1 49 29.3166 0.811701 4.51225 0.52065 7150
13 1 50 27.6729 0.601471 3.95008 0.496898 7011
13 1 51 28.2243 0.708189 4.30631 0.620186 4285
13 1 52 27.1583 0.770764 4.12214 0.484321 7771
13 1 53 27.6409 0.689268 4.0816 0.731373 3738
13 1 54 26.2101 0.797653 3.3835 0.636969 7554
13 1 55 27.3553 0.86959 4.15374 0.577596 8070
13 1 56 26.1016 0.561273 3.60194 0.763622 4678
13 1 57 26.719 0.794575 4.2699 0.608333 4779
13 1 58 26.8746 0.56038 3.82331 0.429828 6220
13 1 59 28.0062 0.87922 4.39413 0.585554 8716
13 1 60 26.4837 0.723559 3.90057 0.565713 4528
13 1 61 28.2098 0.733857 4.82908 0.541841 4765
13 1 62 27.6608 0.77699 4.78768 0.44089 7501
13 1 63 26.1813 0.735494 3.7269 0.465823 7436
13 2 0 27.7944 0.710262 4.48032 0.558266 15421
13 2 1 26.0666 0.691074 4.00207 0.600779 16770
13 2 2 27.4198 0.638145 4.40468 0.518969 13515
13 2 3 25.5732 0.686482 3.51261 0.690102 11578
13 2 4 25.4302 0.512008 3.57394 0.777794 10838
13 2 5 26.6117 0.620032 3.92579 0.553172 11290
13 2 6 27.5601 0.966933 4.24209 0.752681 12675
13 2 7 25.6998 0.724765 3.77603 0.697242 8643
13 2 8 25.5826 0.622915 3.60912 0.598906 15329
13 2 9 27.0857 0.557958 4.14151 0.704525 11008
13 2 10 27.3882 0.819072 4.2149 0.737242 10852
13 2 11 25.9314 0.63233 3.75649 0.549123 13299
13 2 12 25.4919 0.554437 3.65541 0.516028 12689
13 2 13 26.3427 0.548928 3.71287 0.57351 8962
13 2 14 26.6157 0.825561 3.88312 0.711205 17045
13 2 15 25.2397 0.589212 3.24944 0.682017 11815
13 2 16 27.9209 0.756296 4.45669 0.637327 9158
13 2 17 25.5831 0.630802 3.6473 0.439178 14250
13 2 18 26.7882 0.675194 3.79573 0.652788 10098
13 2 19 25.1806 0.551982 3.39062 0.615048 10002
13 2 20 26.9879 0.661352 3.91476 0.604314 11705
13 2 21 26.9611 0.732854 3.9643 0.734833 13456
13 2 22 25.7208 0.589479 3.4201 0.655641 9613
13 2 23 27.4297 0.727489 4.16734 0.562196 10597
13 2 24 27.4104 0.70634 3.96489 0.684239 12491
13 2 25 25.567 0.61768 3.56155 0.523873 9118
13 2 26 27.3115 0.73551 3.98421 0.655275 16714
13 2 27 25.013 0.471698 3.34608 0.663727 10435
13 2 28 25.5256 0.484464 3.39708 0.440816 9819
13 2 29 25.7031 0.594334 3.40193 0.539482 14511
13 2 30 26.8184 0.834691 3.61601 0.697686 9039
13 2 31 25.2437 0.49709 3.62524 0.569295 8273
13 2 32 26.8442 0.572686 3.61685 0.464803 8590
13 2 33 24.9775 0.576931 3.18742 0.689789 10223
13 2 34 26.8877 0.720498 4.07584 0.566717 16152
13 2 35 25.6419 0.599316 3.45849 0.622837 8914
13 2 36 25.8255 0.664945 3.67934 0.541637 11186
13 2 37 26.9806 0.653073 4.02792 0.561817 11445
13 2 38 25.9387 0.692986 3.56333 0.66849 9557
13 2 39 27.0822 0.677576 3.98915 0.55029 11874
13 2 40 26.3781 0.670233 3.69503 0.654427 12059
13 2 41 25.4222 0.54321 3.45003 0.516686 9429
13 2 42 26.87 0.529641 3.73346 0.399966 10447
13 2 43 26.099 0.534895 3.49329 0.467068 13326
13 2 44 25.6817 0.571809 3.46959 0.634278 9342
13 2 45 25.9014 0.525051 3.54975 0.466367 9842
13 2 46 27.8404 0.856769 4.10277 0.6453 14498
13 2 47 26.5996 0.740473 3.86321 0.642641 8876
13 2 48 24.0633 0.412978 3.59881 0.397364 12401
13 2 49 25.2097 0.616638 3.61702 0.600264 12717
13 2 50 26.6094 0.733966 3.84422 0.561325 9226
13 2 51 26.6359 0.738156 4.34167 0.466202 14803
13 2 52 26.2515 0.668889 3.72756 0.564783 13231
13 2 53 26.6947 0.727434 4.29416 0.612287 9987
13 2 54 24.5725 0.650391 3.52588 0.54457 12291
13 2 55 25.6785 0.636105 3.77276 0.452328 14571
13 2 56 25.8375 0.679173 3.85007 0.502942 12606
13 2 57 25.5 -2 0 0 13187
13 2 58 25.1827 0.565599 3.57554 0.491725 11380
13 2 59 26.4321 0.772352 4.05033 0.5339 15624
13 2 60 26.8043 0.689548 4.21834 0.529846 9919
13 2 61 27.3407 0.810729 4.57718 0.464646 16474
13 2 62 25.9841 0.722226 4.18153 0.412144 15442
13 2 63 25.7885 0.733936 3.79998 0.509862 12145
13 3 0 23.4164 0.587067 3.66039 0.853764 23837
13 3 1 22.6041 0.438811 3.31837 0.778814 22805
13 3 2 23.2893 0.500522 3.55985 0.678903 19355
13 3 3 22.2072 0.419886 3.09089 0.73082 23833
13 3 4 22.8588 0.449167 3.16118 0.691324 15600
13 3 5 22.7606 0.438353 3.33765 0.574111 19996
13 3 6 23.1901 0.524408 3.49968 0.755962 20430
13 3 7 22.8178 0.36102 3.16738 0.568554 15936
13 3 8 23.0376 0.493955 3.5085 0.778073 15889
13 3 9 22.9244 0.440621 3.30588 0.668864 21451
13 3 10 23.7511 0.57287 3.62781 0.77476 22150
13 3 11 22.4742 0.37273 3.15264 0.676246 16371
13 3 12 23.1454 0.483683 3.44969 0.71441 15890
13 3 13 23.0272 0.422527 2.95216 0.892031 20854
13 3 14 23.7707 0.618566 3.69112 0.824859 18871
13 3 15 23.7424 0.494613 3.51487 0.652274 15926
13 3 16 25.3166 0.748352 4.16302 0.848627 26260
13 3 17 24.6609 0.580401 3.61088 0.778564 14057
13 3 18 23.3786 0.513933 3.27886 0.862518 14279
13 3 19 23.5534 0.423696 3.24649 0.806017 25154
13 3 20 23.2279 0.477111 3.16532 0.838338 13977
13 3 21 23.3579 0.510566 3.35146 0.751993 25980
13 3 22 23.4967 0.389441 3.16719 0.639803 21905
13 3 23 23.4811 0.446095 3.03125 0.8018 13238
13 3 24 23.1068 0.340642 3.07483 0.711101 20447
13 3 25 24.5942 0.345706 3.30676 0.572549 10137
13 3 26 25.6639 0.861147 4.07717 0.999424 14418
13 3 27 23.1219 0.489984 3.11042 0.799581 13950
13 3 28 22.2471 0.332368 2.89138 0.623064 23514
13 3 29 23.1375 0.417023 3.15331 0.7487 14646
13 3 30 24.9288 0.754151 3.94972 0.847901 11183
13 3 31 24.2067 0.74649 3.50055 0.92764 25552
13 3 32 23.066 0.401066 2.98553 0.742843 21165
13 3 33 23.0604 0.380109 3.01358 0.689182 16509
13 3 34 24.6555 0.640594 3.75635 0.825117 15552
13 3 35 23.6149 0.565454 3.17671 0.884944 24810
13 3 36 24.7462 0.547421 3.54409 0.768585 12432
13 3 37 23.3519 0.446526 3.17752 0.848758 18452
13 3 38 24.3943 0.512603 3.79576 0.61577 18288
13 3 39 24.424 0.617697 3.73662 0.86345 19484
13 3 40 23.3416 0.526013 3.19353 0.764627 14744
13 3 41 24.1706 0.49605 3.5827 0.73942 16720
13 3 42 22.927 0.428934 2.96565 0.791835 17567
13 3 43 23.3369 0.480961 3.2644 0.76287 14838
13 3 44 23.3963 0.472621 3.25714 0.723903 17882
13 3 45 22.5075 0.394435 3.04938 0.806149 18742
13 3 46 24.6685 0.597997 3.61417 0.856781 14383
13 3 47 24.2726 0.694921 3.66338 0.979369 23840
13 3 48 22.729 0.420758 3.15447 0.700599 19105
13 3 49 23.4096 0.452829 3.20276 0.7716 16531
13 3 50 22.1619 0.414104 3.15514 0.650742 17374
13 3 51 24.4243 0.868536 3.82386 1.02426 18073
13 3 52 24.1441 0.545661 3.51511 0.794888 16955
13 3 53 25.9591 1.00637 4.38788 1.07959 16280
13 3 54 23.1044 0.511235 3.11272 0.802233 18471
13 3 55 23.5238 0.56061 3.40521 0.87587 16830
13 3 56 23.7733 0.496814 3.73358 0.775798 17282
13 3 57 23.9987 0.576024 3.78116 0.806335 17322
13 3 58 23.4416 0.468271 3.38405 0.640584 16813
13 3 59 22.9915 0.611429 3.61665 0.869643 20335
13 3 60 23.1527 0.521479 3.64002 0.887223 16593
13 3 61 21.5 -2 0 0 20684
13 3 62 22.4452 0.619008 3.61717 0.860066 17461
13 3 63 22.5691 0.508018 3.3185 0.769249 16233
13 4 0 26.4229 0.824684 4.39453 0.479837 17337
13 4 1 26.182 0.797989 4.18151 0.498093 14508
13 4 2 25.3473 0.637768 3.63351 0.567506 15150
13 4 3 24.4733 0.575467 3.36784 0.463256 10735
13 4 4 23.125 0.44022 2.99111 0.453013 12147
13 4 5 24.0957 0.404023 2.93475 0.813576 11591
13 4 6 25.5475 0.686221 3.7357 0.527668 12413
13 4 7 24.7557 0.568215 3.61518 0.435131 9187
13 4 8 24.462 0.530952 3.29898 0.478773 13939
13 4 9 24.3927 0.524714 3.26692 0.527534 12480
13 4 10 25.3525 0.547858 3.63614 0.512521 10385
13 4 11 24.8513 0.691351 3.50187 0.520044 11850
13 4 12 24.0813 0.486622 3.14862 0.433234 12348
13 4 13 24.1422 0.434144 3.01714 0.479059 10259
13 4 14 27.1827 0.912801 4.36904 0.549472 17106
13 4 15 23.9159 0.418558 2.80178 0.79742 10026
13 4 16 25.6044 0.706966 3.72161 0.714098 8191
13 4 17 24.6886 0.600816 3.26787 0.50433 15365
13 4 18 24.1428 0.474774 3.18365 0.500834 10610
13 4 19 24.3236 0.413129 2.9778 0.773177 8488
13 4 20 25.2736 0.590764 3.39143 0.482666 7759
13 4 21 25.2349 0.626352 3.66424 0.496487 14036
13 4 22 25.2039 0.459528 3.1778 0.425692 8852
13 4 23 23.7939 0.524318 3.18376 0.487033 12486
13 4 24 25.6287 0.752781 3.54784 0.518649 15998
13 4 25 24.5551 0.490985 3.12251 0.522278 8214
13 4 26 26.5878 0.743522 4.05593 0.486647 16021
13 4 27 24.0418 0.404819 2.85491 0.635005 7962
13 4 28 24.4939 0.505068 3.11631 0.446196 8683
13 4 29 25.0155 0.666453 3.62607 0.457474 12127
13 4 30 24.5718 0.503203 3.18348 0.625125 7621
13 4 31 24.1796 0.512936 3.14167 0.48908 7538
13 4 32 24.0824 0.429988 2.93694 0.563878 8532
13 4 33 24.3193 0.453544 3.03545 0.647448 7308
13 4 34 25.2715 0.781479 3.77439 0.556846 14707
13 4 35 24.0498 0.465883 2.84836 0.558411 7560
13 4 36 25.5219 0.491125 3.36239 0.570326 6588
13 4 37 24.1539 0.504061 3.28511 0.447536 9125
13 4 38 23.803 0.487081 3.05459 0.5735 7384
13 4 39 25.1622 0.499457 3.84138 0.425395 8423
13 4 40 25.0343 0.712322 3.45931 0.579667 8738
13 4 41 24.1804 0.428934 3.07715 0.561559 7457
13 4 42 24.5777 0.588736 3.2483 0.445883 9206
13 4 43 24.2577 0.603582 3.32611 0.467511 13914
13 4 44 23.9545 0.445497 2.97264 0.447463 7329
13 4 45 24.5766 0.533399 3.18944 0.494864 7838
13 4 46 25.002 0.769958 3.71588 0.48351 15070
13 4 47 25.0897 0.657205 3.72727 0.632935 6740
13 4 48 24.6592 0.529456 3.11323 0.556968 7384
13 4 49 24.1574 0.549499 3.11958 0.474475 10380
13 4 50 23.8087 0.401999 2.97489 0.461078 8767
13 4 51 25.8021 0.623014 3.86655 0.702139 9699
13 4 52 25.1042 0.685203 3.49445 0.498137 10876
13 4 53 24.8779 0.62353 3.59614 0.451353 6428
13 4 54 23.868 0.504234 3.14822 0.461935 7662
13 4 55 24.4957 0.566966 3.31757 0.451725 10705
13 4 56 24.7023 0.723523 3.84423 0.521964 9082
13 4 57 24.8164 0.662853 3.70101 0.455902 9954
13 4 58 21.5 -2 0 0 8768
13 4 59 23.9833 0.711614 3.73257 0.491768 13149
13 4 60 24.6356 0.694043 3.76145 0.550551 7502
13 4 61 25.8115 0.889788 4.35594 0.607226 11732
13 4 62 24.2007 0.739569 3.76507 0.467464 12788
13 4 63 24.1208 0.625918 3.21611 0.599961 9886
13 5 0 20.7509 0.344675 2.88493 0.882601 16409
13 5 1 20.7133 0.32614 2.93677 0.868622 15143
13 5 2 20.4524 0.307934 2.80448 0.762918 16199
13 5 3 20.0883 0.216449 2.31288 0.773805 18589
13 5 4 20.417 0.280814 2.64993 0.551828 16086
13 5 5 19.5428 0.255467 2.57236 0.63765 16916
13 5 6 20.9071 0.343334 2.90905 0.732653 18360
13 5 7 20.3611 0.268807 2.76167 0.645006 20485
13 5 8 19.8703 0.237119 2.55101 0.717306 18146
13 5 9 19.838 0.242496 2.66378 0.582179 17151
13 5 10 20.6972 0.383917 2.9312 0.767014 18384
13 5 11 20.153 0.256115 2.64205 0.570512 18378
13 5 12 21.0959 0.310979 2.73315 0.810645 16113
13 5 13 20.2691 0.272112 2.60849 0.596376 19855
13 5 14 21.2135 0.345145 2.94804 0.764698 15402
13 5 15 20.326 0.263887 2.60437 0.605587 18557
13 5 16 20.9524 0.372378 3.22241 0.710564 19611
13 5 17 20.6165 0.278305 2.6735 0.615839 18225
13 5 18 19.9566 0.248095 2.52584 0.556914 19079
13 5 19 21.1853 0.333626 2.8243 0.651958 21454
13 5 20 20.465 0.269038 2.6619 0.532571 21323
13 5 21 20.5024 0.261268 2.65551 0.635679 17558
13 5 22 20.4098 0.257936 2.59162 0.573833 17397
13 5 23 20.8052 0.250855 2.50792 0.732831 17877
13 5 24 20.6443 0.245413 2.51334 0.68021 15480
13 5 25 20.9163 0.261499 2.62837 0.578738 23674
13 5 26 20.9788 0.302915 2.79793 0.6626 18965
13 5 27 20.8412 0.333163 2.73403 0.899994 17525
13 5 28 20.1257 0.243083 2.55619 0.589976 20405
13 5 29 20.7197 0.266564 2.78258 0.568206 18185
13 5 30 20.8383 0.31258 2.74676 0.726984 20311
13 5 31 21.5925 0.390737 2.97293 0.796091 24676
13 5 32 20.4046 0.275153 2.62775 0.626573 19860
13 5 33 21.1193 0.319859 2.6771 0.657815 19694
13 5 34 21.1745 0.300186 2.7933 0.681858 20795
13 5 35 19.3719 0.357212 2.91161 0.720842 32946
13 5 36 21.5933 0.299425 2.80538 0.651757 18439
13 5 37 20.8812 0.280532 2.58908 0.93046 18862
13 5 38 21.0392 0.284359 2.70848 0.646357 29250
13 5 39 21.0923 0.315597 2.89795 0.677541 26666
13 5 40 20.5875 0.296594 2.63711 0.657402 21144
13 5 41 21.1811 0.306711 2.68651 0.621097 20990
13 5 42 20.6307 0.255615 2.50876 0.680339 20457
13 5 43 20.6037 0.285509 2.73391 0.575855 20518
13 5 44 20.4803 0.293168 2.7387 0.517009 24054
13 5 45 20.7111 0.291371 2.61256 0.577035 22771
13 5 46 21.2587 0.323548 2.78601 0.615058 19646
13 5 47 21.6951 0.49754 3.34686 0.83968 28330
13 5 48 21.2346 0.336828 2.85042 0.608667 19926
13 5 49 20.1153 0.257834 2.49522 0.590461 21017
13 5 50 20.7054 0.264194 2.62739 0.601911 26092
13 5 51 21.2438 0.342635 2.90408 0.834828 24386
13 5 52 21.2218 0.323919 2.65859 0.744235 19044
13 5 53 21.0934 0.413131 3.08879 0.717495 23463
13 5 54 20.2469 0.259764 2.55114 0.516612 24814
13 5 55 20.0988 0.271713 2.63747 0.52567 24996
13 5 56 20.5523 0.398993 3.0455 0.652535 25263
13 5 57 20.2798 0.391544 2.87904 0.776256 23452
13 5 58 19.55 0.241103 2.48632 0.645725 26558
13 5 59 20.4704 0.436338 3.01678 0.745962 22365
13 5 60 20.5806 0.368377 2.91269 0.716624 25309
13 5 61 21.4254 0.657776 3.39738 0.845976 20816
13 5 62 19.9306 0.339741 2.89878 0.682157 25561
13 5 63 19.7275 0.287618 2.62447 0.538365 25224
13 6 0 26.7818 1.14412 4.56682 0.353646 10985
13 6 1 26.1145 1.00339 4.0471 0.371567 9239
13 6 2 24.6384 0.705857 3.51465 0.383721 9103
13 6 3 22.8584 0.41963 2.72428 0.486443 6151
13 6 4 23.8656 0.570153 3.13936 0.322983 7049
13 6 5 24.4014 0.563738 3.10387 0.573627 6720
13 6 6 25.8416 1.0315 4.04474 0.379418 8188
13 6 7 23.8186 0.603725 3.23405 0.432244 4804
13 6 8 23.2483 0.522642 3.06079 0.432974 7964
13 6 9 25.0519 0.981788 3.70401 0.377586 7084
13 6 10 24.5821 0.604627 3.3997 0.458865 6077
13 6 11 24.1218 0.735997 3.35249 0.267711 6670
13 6 12 23.5925 0.583352 2.95049 0.395551 6624
13 6 13 23.7457 0.584719 3.10992 0.31912 5328
13 6 14 25.1633 0.933615 3.79955 0.307956 9850
13 6 15 23.4557 0.544798 3.00843 0.47878 5627
13 6 16 24.4918 0.716798 3.76333 0.323393 5684
13 6 17 23.8541 0.61303 3.29763 0.276598 8518
13 6 18 23.8162 0.729388 3.17567 0.489024 6177
13 6 19 24.2185 0.614766 3.27474 0.415329 4758
13 6 20 23.5384 0.566541 3.04092 0.501028 5912
13 6 21 24.6054 0.784028 3.47486 0.305896 8096
13 6 22 23.6169 0.517633 3.00968 0.410012 5875
13 6 23 24.234 0.58972 3.1713 0.434423 6085
13 6 24 25.1544 0.87769 3.59304 0.386034 8042
13 6 25 23.4123 0.542422 3.05865 0.391113 4939
13 6 26 24.171 0.812706 3.35633 0.396805 9167
13 6 27 23.7507 0.555558 2.86521 0.306729 5383
13 6 28 24.3134 0.70766 3.1376 0.345759 4562
13 6 29 24.3318 0.76016 3.25739 0.41098 6580
13 6 30 25.1954 0.773526 3.15883 0.487869 4534
13 6 31 24.3299 0.718298 3.05957 0.386096 4499
13 6 32 22.1495 0.513997 2.52088 0.413656 5202
13 6 33 23.5083 0.496836 2.7855 0.454572 4563
13 6 34 24.0235 0.718727 3.26832 0.35435 9696
13 6 35 24.3589 0.553598 2.91793 0.296772 3653
13 6 36 23.6543 0.583673 3.08613 0.299723 4525
13 6 37 24.6794 0.591352 3.10021 0.415834 5227
13 6 38 23.0457 0.481067 2.70983 0.35477 3858
13 6 39 25.1243 0.828579 3.38729 0.492605 4314
13 6 40 23.7829 0.616874 3.00809 0.309386 5626
13 6 41 22.9968 0.50837 2.79634 0.367875 4280
13 6 42 23.1789 0.502637 2.7022 0.471118 4722
13 6 43 23.8378 0.643591 3.17221 0.383952 5751
13 6 44 23.1446 0.45701 2.62952 0.481927 3755
13 6 45 24.1263 0.626071 2.95916 0.414703 4455
13 6 46 24.9716 0.721562 3.49414 0.522069 6855
13 6 47 23.2619 0.641487 2.65769 0.502637 3532
13 6 48 23.7171 0.707549 2.99206 0.380553 4156
13 6 49 23.4753 0.624669 2.92044 0.464325 4229
13 6 50 23.3144 0.60388 2.9405 0.440476 4117
13 6 51 23.9656 0.563969 3.20314 0.468453 4852
13 6 52 23.6492 0.699486 2.84668 0.43099 5519
13 6 53 23.314 0.813615 3.36033 0.39279 4384
13 6 54 23.243 0.566462 2.98963 0.414614 4176
13 6 55 23.6498 0.770904 3.42185 0.382942 5030
13 6 56 24.2718 0.676885 3.13732 0.367004 4458
13 6 57 23.4628 0.63752 3.06435 0.548753 4582
13 6 58 22.5925 0.618426 2.72578 0.456298 4321
13 6 59 22.8708 0.939541 3.56319 0.394833 6678
13 6 60 24.1125 0.896727 3.42104 0.464686 3810
13 6 61 24.6522 1.11348 3.91898 0.482946 5717
13 6 62 24.4762 1.13276 3.89675 0.355277 5290
13 6 63 22.5123 0.574388 2.68651 0.452622 4623
13 7 0 25.3926 0.688055 3.84071 0.417685 4755
13 7 1 24.8646 0.654473 3.37887 0.358018 4827
13 7 2 23.3488 0.59143 3.33283 0.502656 5505
13 7 3 24.5507 0.595064 3.3643 0.44166 5107
13 7 4 24.6014 0.735561 3.32025 0.405349 5332
13 7 5 24.3988 0.657105 3.07682 0.543616 4670
13 7 6 24.5084 0.595399 3.50461 0.495229 4784
13 7 7 25.4212 0.710031 3.712 0.377154 5220
13 7 8 24.965 0.681962 3.68296 0.346099 4441
13 7 9 24.3973 0.798416 3.45724 0.390032 5064
13 7 10 24.3654 0.74268 3.29803 0.366306 5670
13 7 11 26.2872 0.854313 3.9251 0.413114 4942
13 7 12 24.4342 0.592704 3.34999 0.506123 4615
13 7 13 24.8626 0.591308 3.56109 0.268905 5488
13 7 14 25.8175 0.835369 3.72991 0.471146 4999
13 7 15 24.8151 0.644122 3.30901 0.399715 5582
13 7 16 25.4473 0.796509 4.04006 0.346187 5820
13 7 17 25.0428 0.811706 3.36508 0.381029 4980
13 7 18 26.2637 0.832627 3.97025 0.324352 4695
13 7 19 23.3793 0.542762 3.13639 0.524284 6385
13 7 20 24.9457 0.681093 3.3799 0.357003 5323
13 7 21 25.6476 0.755785 3.88016 0.377063 5216
13 7 22 25.418 0.755251 3.47393 0.382053 4716
13 7 23 24.824 0.707739 3.53851 0.386694 5959
13 7 24 25.0224 0.702551 3.33205 0.415055 4650
13 7 25 25.6679 1.04577 3.72149 0.364361 8030
13 7 26 25.6179 0.660898 3.81967 0.391055 5379
13 7 27 25.0394 0.773691 3.36255 0.454159 6534
13 7 28 25.7313 0.728648 3.39503 0.436312 5215
13 7 29 25.1216 0.640671 3.65563 0.507847 5895
13 7 30 25.1537 0.669728 3.66198 0.465771 5383
13 7 31 25.6745 0.642017 3.61193 0.319821 8439
13 7 32 26.2042 0.780746 3.66608 0.469721 6256
13 7 33 25.5573 0.854632 3.71582 0.383344 6995
13 7 34 25.7363 0.750126 3.58129 0.404776 5937
13 7 35 25.51 0.854374 3.75953 0.3699 9870
13 7 36 25.5435 0.863943 3.58651 0.441434 6435
13 7 37 26.9849 1.07772 3.89701 0.464391 5974
13 7 38 26.9365 1.15612 4.11893 0.417729 10541
13 7 39 26.5546 0.828369 3.97403 0.370496 10600
13 7 40 25.5248 0.704258 3.46008 0.383983 6302
13 7 41 26.303 0.800083 3.81844 0.33685 7483
13 7 42 25.3349 0.763898 3.49091 0.38807 7605
13 7 43 25.9944 0.824079 3.76487 0.441686 6235
13 7 44 0 -10 0 0 0
13 7 45 25.0116 0.688641 3.79505 0.319065 8185
13 7 46 24.8723 0.907801 3.62037 0.400423 7449
13 7 47 26.7302 1.05992 4.49092 0.368837 13499
13 7 48 26.469 0.854203 3.83924 0.3055 6793
13 7 49 24.9834 0.744038 3.65384 0.320649 7220
13 7 50 25.5177 0.925189 3.97635 0.379773 9398
13 7 51 27.3148 0.980001 4.57606 0.353197 9595
13 7 52 21.5 -2 0 0 6860
13 7 53 26.2467 0.908184 4.30805 0.337874 11850
13 7 54 25.0023 0.672661 3.42664 0.336247 8679
13 7 55 23.9825 0.857002 3.19171 0.398532 9239
13 7 56 25.6874 0.914218 3.81976 0.381071 10550
13 7 57 26.3549 1.17223 4.13555 0.451368 10186
13 7 58 24.5346 0.73779 3.52883 0.402731 8428
13 7 59 25.5861 0.921833 4.25019 0.35198 7876
13 7 60 26.4838 0.850414 4.30641 0.370275 10239
13 7 61 26.632 1.10347 4.48136 0.434551 9797
13 7 62 25.7987 0.888453 4.35663 0.389767 8348
13 7 63 24.5346 0.869558 3.96931 0.292738 8729
13 8 0 22.269 0.519938 3.10977 0.55287 5733
13 8 1 21.7972 0.395416 2.7649 0.685222 5817
13 8 2 21.8548 0.457172 3.07815 0.649865 4555
13 8 3 23.1648 0.530669 2.90672 0.523257 7906
13 8 4 21.9615 0.461308 2.94326 0.503426 8842
13 8 5 21.1851 0.370749 2.6235 0.645242 9138
13 8 6 23.1132 0.427592 3.1441 0.635533 3928
13 8 7 24.262 0.477014 3.69336 0.31387 4750
13 8 8 21.9872 0.431763 2.47663 0.608026 9938
13 8 9 22.8125 0.501279 3.16551 0.625417 5126
13 8 10 21.6047 0.418201 2.78208 0.750236 6874
13 8 11 22.2622 0.475854 3.0112 0.585244 8241
13 8 12 22.2132 0.437251 3.0554 0.565962 7738
13 8 13 22.9331 0.536702 3.01727 0.514149 9649
13 8 14 21.2458 0.402652 2.86426 0.509887 9922
13 8 15 22.9095 0.593728 3.16877 0.425517 9982
13 8 16 24.5382 0.532382 4.00295 0.471359 3835
13 8 17 22.9053 0.432986 3.06033 0.61722 7524
13 8 18 22.4496 0.461415 3.12864 0.490043 8784
13 8 19 24.1553 0.707977 3.92419 0.579211 10787
13 8 20 23.0899 0.491161 3.13138 0.522729 7097
13 8 21 22.4271 0.42262 2.77644 0.598087 6950
13 8 22 22.4211 0.371725 2.83058 0.95153 7129
13 8 23 22.1029 0.437971 2.81848 0.623968 9269
13 8 24 22.2235 0.382808 2.74643 0.444051 9486
13 8 25 23.4554 0.739397 3.50218 0.546039 10005
13 8 26 22.2773 0.441095 2.7513 0.783434 10265
13 8 27 22.9341 0.502238 3.13454 0.538058 9744
13 8 28 23.3139 0.526659 3.45945 0.318028 9918
13 8 29 22.9106 0.504186 3.05253 0.697991 9671
13 8 30 23.8974 0.649946 3.22667 0.569243 7687
13 8 31 24.1135 0.704011 3.87327 0.457348 11543
13 8 32 22.6492 0.454357 2.90495 0.505497 15486
13 8 33 23.3432 0.568431 3.26162 0.659611 11351
13 8 34 22.3315 0.467835 3.03068 0.571309 10631
13 8 35 23.8546 0.558678 3.36127 0.481403 16939
13 8 36 23.0955 0.569875 3.10282 0.589272 9127
13 8 37 22.1178 0.397549 2.70962 0.671681 12011
13 8 38 23.7807 0.583677 3.52552 0.482205 15188
13 8 39 24.1935 0.798777 3.75286 0.525638 15626
13 8 40 21.5 -2 0 0 6080
13 8 41 22.6465 0.487941 2.93365 0.559203 14334
13 8 42 24.0769 0.861912 3.71513 0.62739 7295
13 8 43 22.2218 0.418825 2.91709 0.853284 9692
13 8 44 24.0463 0.724915 3.4786 0.557393 13139
13 8 45 23.3496 0.560251 3.2292 0.477144 13396
13 8 46 23.8023 0.566631 3.59733 0.494496 8936
13 8 47 23.8364 0.802547 3.68294 0.568669 24858
13 8 48 22.6006 0.625551 3.26168 0.505747 11021
13 8 49 22.6583 0.53965 2.87529 0.648878 11676
13 8 50 21.9693 0.470325 3.0261 0.562826 13991
13 8 51 23.4278 0.590862 3.7363 0.559181 13329
13 8 52 22.7301 0.601128 3.24118 0.53969 10057
13 8 53 25.074 0.925752 4.27937 0.530711 16347
13 8 54 23.5282 0.651382 3.53039 0.482659 11452
13 8 55 22.8955 0.674493 3.39622 0.542535 11327
13 8 56 24.1735 0.978117 3.77293 0.658117 13226
13 8 57 23.9741 0.711762 3.91539 0.501807 14198
13 8 58 22.2523 0.612428 3.11219 0.535046 11002
13 8 59 21.5 -2 0 0 12631
13 8 60 24.4693 0.828113 4.0444 0.494922 14158
13 8 61 25.4367 1.02965 4.88854 0.695023 14614
13 8 62 22.9137 0.532188 3.74119 0.461452 11008
13 8 63 21.9698 0.598416 3.42277 0.416374 10611
13 9 0 0 -10 0 0 0
13 9 1 0 -10 0 0 0
13 9 2 0 -10 0 0 0
13 9 3 0 -10 0 0 0
13 9 4 0 -10 0 0 0
13 9 5 0 -10 0 0 0
13 9 6 0 -10 0 0 0
13 9 7 0 -10 0 0 0
13 9 8 0 -10 0 0 0
13 9 9 0 -10 0 0 0
13 9 10 0 -10 0 0 0
13 9 11 0 -10 0 0 0
13 9 12 0 -10 0 0 0
13 9 13 0 -10 0 0 0
13 9 14 0 -10 0 0 0
13 9 15 0 -10 0 0 0
13 9 16 0 -10 0 0 0
13 9 17 0 -10 0 0 0
13 9 18 0 -10 0 0 0
13 9 19 0 -10 0 0 0
13 9 20 0 -10 0 0 0
13 9 21 0 -10 0 0 0
13 9 22 0 -10 0 0 0
13 9 23 0 -10 0 0 0
13 9 24 0 -10 0 0 0
13 9 25 0 -10 0 0 0
13 9 26 0 -10 0 0 0
13 9 27 0 -10 0 0 0
13 9 28 0 -10 0 0 0
13 9 29 0 -10 0 0 0
13 9 30 0 -10 0 0 0
13 9 31 0 -10 0 0 0
13 9 32 0 -10 0 0 0
13 9 33 0 -10 0 0 0
13 9 34 0 -10 0 0 0
13 9 35 0 -10 0 0 0
13 9 36 0 -10 0 0 0
13 9 37 0 -10 0 0 0
13 9 38 0 -10 0 0 0
13 9 39 0 -10 0 0 0
13 9 40 0 -10 0 0 0
13 9 41 0 -10 0 0 0
13 9 42 0 -10 0 0 0
13 9 43 0 -10 0 0 0
13 9 44 0 -10 0 0 0
13 9 45 0 -10 0 0 0
13 9 46 0 -10 0 0 0
13 9 47 0 -10 0 0 0
13 9 48 0 -10 0 0 0
13 9 49 0 -10 0 0 0
13 9 50 0 -10 0 0 0
13 9 51 0 -10 0 0 0
13 9 52 0 -10 0 0 0
13 9 53 0 -10 0 0 0
13 9 54 0 -10 0 0 0
13 9 55 0 -10 0 0 0
13 9 56 0 -10 0 0 0
13 9 57 0 -10 0 0 0
13 9 58 0 -10 0 0 0
13 9 59 0 -10 0 0 0
13 9 60 0 -10 0 0 0
13 9 61 0 -10 0 0 0
13 9 62 0 -10 0 0 0
13 9 63 0 -10 0 0 0
13 10 0 28.1762 0.672635 4.66342 0.678953 10951
13 10 1 27.0939 0.745498 4.07042 0.742144 11415
13 10 2 28.1996 0.762355 4.41324 0.674516 11405
13 10 3 26.4083 0.695085 3.7807 0.638708 15499
13 10 4 26.9623 0.644279 4.23847 0.51993 12899
13 10 5 26.3628 0.57023 3.81208 0.556325 11992
13 10 6 27.8442 0.684398 4.24976 0.632109 11987
13 10 7 27.4628 0.707951 4.23682 0.534446 14836
13 10 8 26.8961 0.535194 4.01042 0.443692 10833
13 10 9 26.1666 0.625582 3.93377 0.630004 16441
13 10 10 27.9555 0.745602 4.49272 0.561601 13742
13 10 11 26.5926 0.688601 4.00069 0.615325 12806
13 10 12 26.6539 1.22624 3.94743 0.841194 15751
13 10 13 25.7301 0.621498 3.80449 0.522096 15656
13 10 14 26.351 0.654027 3.74264 0.799126 12239
13 10 15 24.7034 0.611409 3.44383 0.637667 17500
13 10 16 28.2335 0.871712 4.73113 0.637769 19704
13 10 17 26.7953 0.624649 4.00335 0.644977 11634
13 10 18 25.7164 0.610122 3.61247 0.607106 15230
13 10 19 27.517 0.716452 4.24208 0.566585 16427
13 10 20 27.1324 0.635516 3.94717 0.698347 10513
13 10 21 27.9004 0.697592 4.48953 0.559271 13452
13 10 22 26.5399 0.77912 3.85711 0.610106 16388
13 10 23 27.0161 0.651567 4.07122 0.570943 11727
13 10 24 26.2375 0.574583 3.7413 0.538581 12053
13 10 25 27.564 0.844955 3.93139 0.856559 18070
13 10 26 27.1936 0.585904 4.57712 0.537894 14146
13 10 27 27.588 0.773373 3.94935 0.629357 15256
13 10 28 26.908 0.648534 3.89378 0.570693 16647
13 10 29 27.2814 0.576689 4.0066 0.577398 11095
13 10 30 26.4886 0.662166 3.79299 0.636207 13685
13 10 31 26.3584 0.57239 3.91988 0.520315 20897
13 10 32 26.8712 0.647727 4.14655 0.521727 17023
13 10 33 25.6573 0.57859 3.3418 0.703617 17643
13 10 34 27.104 0.709179 4.04189 0.675727 12196
13 10 35 26.8271 0.61078 4.0238 0.553663 21177
13 10 36 27.4376 0.71151 3.96617 0.628452 11226
13 10 37 27.1373 0.599977 4.04606 0.53691 10298
13 10 38 27.6213 0.680887 4.11678 0.54651 17312
13 10 39 27.779 0.679531 4.3161 0.533001 18019
13 10 40 28.101 0.691678 4.3352 0.662992 11090
13 10 41 26.9645 0.614413 4.03732 0.526973 15892
13 10 42 27.0007 0.59552 3.85764 0.565489 12358
13 10 43 26.0182 0.541202 3.7885 0.537805 12892
13 10 44 27.3259 0.63889 4.22856 0.511911 15772
13 10 45 26.2985 0.69548 3.8028 0.580177 15831
13 10 46 26.9684 0.656227 4.09314 0.641929 13631
13 10 47 29.0406 0.959209 4.65159 0.75714 21289
13 10 48 26.3896 0.577351 3.78533 0.542238 13355
13 10 49 25.8827 0.603921 3.59802 0.578839 12904
13 10 50 27.0583 0.715748 3.98172 0.565224 17177
13 10 51 26.4567 0.632684 4.10105 0.653482 16586
13 10 52 27.2324 0.623582 4.03293 0.545406 12511
13 10 53 26.8491 0.686388 4.18568 0.556614 20668
13 10 54 26.0813 0.568944 3.71022 0.497369 15286
13 10 55 25.5172 0.616261 3.6623 0.54932 14768
13 10 56 26.5085 0.673842 4.17371 0.578391 18681
13 10 57 27.1878 0.571173 4.45731 0.410795 13512
13 10 58 26.9926 0.915928 4.06087 0.684738 14303
13 10 59 25.4954 0.642328 3.72434 0.675622 13177
13 10 60 26.0252 0.682034 4.22709 0.498665 20212
13 10 61 26.9607 0.742889 4.60494 0.662094 16868
13 10 62 26.3758 0.746153 4.06819 0.575151 14133
13 10 63 25.9414 0.669602 4.13179 0.557633 14866
13 11 0 22.5665 0.539564 3.33403 0.536525 22198
13 11 1 22.6076 0.609971 3.22091 0.527137 18227
13 11 2 23.566 0.633173 3.79006 0.494421 11354
13 11 3 21.5775 0.395525 2.83618 0.607026 9071
13 11 4 22.2832 0.496411 3.06885 0.529284 10766
13 11 5 22.1063 0.533191 3.14124 0.549404 12507
13 11 6 22.1931 0.577672 3.24464 0.548815 12319
13 11 7 22.0331 0.449912 3.16674 0.624794 7736
13 11 8 21.7353 0.444968 2.95687 0.457884 13378
13 11 9 22.2848 0.442477 3.05926 0.579844 11173
13 11 10 23.2221 0.482646 3.38164 0.589732 7607
13 11 11 21.9925 0.376549 2.92729 0.510644 11664
13 11 12 22.6005 0.450431 3.00517 0.508644 11187
13 11 13 21.6532 0.342642 2.6635 0.691142 9098
13 11 14 23.1241 0.593687 3.37668 0.536863 18301
13 11 15 21.9683 0.41239 2.8621 0.463161 10489
13 11 16 22.8533 0.538958 3.30029 0.572704 8124
13 11 17 22.9006 0.544741 3.32584 0.473159 14155
13 11 18 23.3035 0.455315 3.0572 0.515318 10369
13 11 19 21.7511 0.365023 2.72116 0.656354 9696
13 11 20 23.6931 0.617711 3.34091 0.565906 7520
13 11 21 22.7702 0.480195 3.54853 0.398127 9132
13 11 22 22.4342 0.424639 2.85792 0.617924 9919
13 11 23 22.217 0.451415 2.9487 0.492155 13078
13 11 24 23.0554 0.532423 3.22604 0.535802 16086
13 11 25 21.9289 0.33208 2.72202 0.510474 9564
13 11 26 22.6534 0.506982 3.73389 0.511091 18731
13 11 27 22.4531 0.393734 2.82363 0.57018 10771
13 11 28 22.7084 0.416057 2.73357 0.520532 8992
13 11 29 22.9792 0.520667 3.23826 0.494139 12985
13 11 30 21.8829 0.347556 2.72291 0.939124 7876
13 11 31 21.9529 0.344874 2.69708 0.565459 9727
13 11 32 22.4622 0.36792 2.75831 0.805192 7667
13 11 33 23.0716 0.524181 3.2886 0.624851 8170
13 11 34 24.5328 0.65306 3.60749 0.546578 16174
13 11 35 22.0358 0.320542 2.69686 0.980854 7289
13 11 36 22.7249 0.390545 2.98726 0.745034 7728
13 11 37 23.8115 0.569221 3.32657 0.51774 8781
13 11 38 21.9636 0.365809 2.85177 0.526266 9063
13 11 39 23.7038 0.592195 3.47264 0.668496 7996
13 11 40 23.5451 0.515895 3.43608 0.408189 7480
13 11 41 22.4559 0.384694 2.88311 0.487134 7305
13 11 42 22.3731 0.549415 2.82167 0.600091 9998
13 11 43 22.7624 0.425599 3.02545 0.486505 13006
13 11 44 22.0319 0.463502 2.97428 0.6922 7592
13 11 45 22.2984 0.390362 2.90076 0.557928 8932
13 11 46 22.8789 0.514168 3.39795 0.535794 14677
13 11 47 22.8126 0.467951 3.22749 0.660295 5744
13 11 48 21.8126 0.422494 2.77472 0.642262 11330
13 11 49 22.6957 0.503892 3.23165 0.484732 10693
13 11 50 22.1426 0.440652 2.87799 0.512351 8156
13 11 51 22.2897 0.517882 2.9473 0.684546 14006
13 11 52 22.2098 0.553881 3.1361 0.604985 12879
13 11 53 23.7539 0.642359 3.65286 0.702505 5606
13 11 54 21.3257 0.402629 2.82464 0.675214 9729
13 11 55 22.275 0.557841 3.2368 0.573968 14042
13 11 56 22.7163 0.53229 3.19667 0.58983 10785
13 11 57 23.7271 0.751819 3.8779 0.62408 10392
13 11 58 22.0887 0.461719 3.03314 0.574294 10886
13 11 59 22.3681 0.729885 3.36622 0.559015 15451
13 11 60 22.0247 0.538486 3.34364 0.518647 9377
13 11 61 22.9359 0.704896 4.02769 0.467721 13809
13 11 62 22.5234 0.607536 3.53994 0.498988 15239
13 11 63 21.3305 0.506163 3.02631 0.480501 12732
13 12 0 26.3081 0.846092 4.29247 0.742209 16139
13 12 1 26.065 0.750775 3.97445 0.724146 15208
13 12 2 26.2887 0.703614 4.08019 0.604579 15455
13 12 3 24.5065 0.533224 3.52319 0.594988 18280
13 12 4 23.8289 0.525486 3.2827 0.679945 15383
13 12 5 24.2987 0.45406 3.15601 0.685316 17124
13 12 6 24.7941 0.636726 3.68711 0.675801 17588
13 12 7 25.0386 0.558047 3.79865 0.561052 19572
13 12 8 24.7025 0.580316 3.52658 0.580219 16162
13 12 9 25.0298 0.635021 3.48444 0.760306 19490
13 12 10 24.9263 0.571589 3.62599 0.630815 20567
13 12 11 23.8938 0.450588 3.10174 0.699709 15891
13 12 12 23.6111 0.47783 3.29899 0.614987 19270
13 12 13 24.1306 0.448022 3.27208 0.542057 16581
13 12 14 24.7528 0.598861 3.42955 0.759765 16113
13 12 15 24.0474 0.4436 3.35734 0.514142 18030
13 12 16 26.1862 1.00222 4.2982 0.752526 20792
13 12 17 24.3048 0.467271 3.35694 0.607477 15158
13 12 18 24.3935 0.455235 3.25802 0.63474 13878
13 12 19 25.5932 0.683935 4.10043 0.602109 16566
13 12 20 24.1378 0.419956 2.82141 0.800731 13781
13 12 21 25.707 0.604804 4.12346 0.532353 15911
13 12 22 24.9681 0.547182 3.36352 0.620054 18416
13 12 23 25.0717 0.832045 3.52916 0.808777 13535
13 12 24 23.944 0.430241 3.17029 0.638264 16677
13 12 25 25.0843 0.564995 3.58662 0.666769 17477
13 12 26 25.5528 0.536226 3.61468 0.634164 14494
13 12 27 23.0177 0.42624 3.10236 0.564189 16461
13 12 28 23.4742 0.411115 3.14077 0.594882 17968
13 12 29 23.99 0.522936 3.23444 0.686486 13120
13 12 30 24.9497 0.658741 3.35785 0.747181 15249
13 12 31 25.0984 0.522625 3.83517 0.553697 15554
13 12 32 25.4244 0.583804 3.51234 0.840624 14201
13 12 33 24.183 0.429758 3.27158 0.631122 14942
13 12 34 25.0178 0.667523 3.586 0.69382 11891
13 12 35 25.7549 0.587242 3.87611 0.630934 14040
13 12 36 24.4626 0.455847 3.12753 0.686124 12638
13 12 37 24.8087 0.584592 3.3461 0.702902 11448
13 12 38 26.7046 0.644397 4.58672 0.632516 12519
13 12 39 24.3623 0.557286 3.61116 0.766639 11551
13 12 40 24.6054 0.538731 3.59404 0.570289 11062
13 12 41 24.9324 0.534735 3.65252 0.541561 12351
13 12 42 24.6424 0.469012 3.16356 0.721904 12082
13 12 43 25.9085 0.50727 3.75966 0.674856 10794
13 12 44 25.3729 0.52715 3.64198 0.541891 12950
13 12 45 25.6393 0.858893 3.75357 0.769203 13272
13 12 46 24.6248 0.572042 3.78523 0.547294 11215
13 12 47 25.6274 0.736506 4.18101 0.671084 13239
13 12 48 24.8935 0.57378 3.51849 0.600306 12423
13 12 49 24.6255 0.557621 3.75859 0.569541 10462
13 12 50 24.411 0.557495 3.78239 0.585104 11940
13 12 51 26.6762 0.774876 4.37814 0.667303 9016
13 12 52 24.1549 0.572954 3.28419 0.699975 9778
13 12 53 24.6757 0.505862 3.75768 0.56888 12725
13 12 54 24.3599 0.432368 3.46442 0.579555 10330
13 12 55 24.0531 0.51683 3.56846 0.74423 9013
13 12 56 25.5149 0.731743 3.69044 0.735994 10078
13 12 57 25.779 0.684217 4.12062 0.637588 9142
13 12 58 24.0049 0.547629 3.77485 0.639969 11452
13 12 59 24.59 0.629298 3.97621 0.603755 10406
13 12 60 25.7178 0.814256 4.22933 0.705492 11818
13 12 61 26.1451 0.610799 4.29333 0.64915 8177
13 12 62 24.2827 0.542392 3.94328 0.525247 10813
13 12 63 24.3843 0.631602 3.85054 0.590905 10970
13 13 0 24.1611 0.729373 3.70014 0.552889 9916
13 13 1 23.1932 0.516455 3.43207 0.523352 8331
13 13 2 23.2462 0.709726 3.33243 0.547623 7830
13 13 3 22.488 0.478566 3.04459 0.591923 5492
13 13 4 22.1944 0.468402 3.13617 0.443017 6691
13 13 5 22.8953 0.429374 2.87112 0.598464 6426
13 13 6 23.2451 0.495315 3.03772 0.516703 7603
13 13 7 22.7221 0.452797 2.92971 0.462627 5490
13 13 8 22.7331 0.470984 3.02279 0.477959 8400
13 13 9 23.3752 0.574494 3.12501 0.436793 5859
13 13 10 24.0055 0.615742 3.37289 0.583704 5500
13 13 11 22.933 0.595559 3.01071 0.517928 7257
13 13 12 21.7769 0.364251 2.68193 0.601576 6346
13 13 13 22.9998 0.424977 2.68089 0.629902 5803
13 13 14 22.9277 0.525982 3.33541 0.47308 11151
13 13 15 22.1186 0.385889 2.65774 0.449328 6546
13 13 16 24.0427 0.704566 3.48944 0.541968 5356
13 13 17 23.5563 0.448814 3.22128 0.34661 7963
13 13 18 22.8826 0.501645 3.08554 0.400267 5956
13 13 19 22.2254 0.392105 2.71272 0.493087 5912
13 13 20 22.8328 0.54676 3.22028 0.570768 6979
13 13 21 23.7049 0.688301 3.3038 0.462017 6398
13 13 22 22.7079 0.446752 2.79892 0.472951 5475
13 13 23 24.2618 0.556309 3.30067 0.46254 6085
13 13 24 23.3748 0.531213 3.10967 0.556449 9322
13 13 25 22.8201 0.419427 2.84833 0.658641 5864
13 13 26 21.5 -2 0 0 11907
13 13 27 23.2564 0.469062 2.87221 0.435667 6722
13 13 28 23.221 0.423305 2.94684 0.406534 5436
13 13 29 23.7149 0.531171 3.21802 0.454476 9750
13 13 30 22.7623 0.433883 2.96477 0.681784 6623
13 13 31 22.7697 0.506106 3.13361 0.560616 6734
13 13 32 22.5209 0.383013 2.62172 0.58444 6687
13 13 33 23.3299 0.461711 3.0698 0.418679 7413
13 13 34 23.7755 0.571354 3.36962 0.402798 11922
13 13 35 23.6277 0.506927 3.30156 0.506518 5801
13 13 36 22.7211 0.467812 2.80115 0.481994 7418
13 13 37 23.2616 0.631592 3.23481 0.52779 8252
13 13 38 23.2693 0.678669 3.03687 0.478363 7880
13 13 39 23.9406 0.606408 3.44839 0.444983 9491
13 13 40 23.2283 0.501537 2.98765 0.537196 7588
13 13 41 23.1179 0.50095 2.98044 0.533546 7387
13 13 42 23.9219 0.535705 3.20138 0.483706 8661
13 13 43 22.9496 0.47221 2.89128 0.470745 10705
13 13 44 23.403 0.530752 3.18847 0.529777 7590
13 13 45 23.1826 0.498054 3.10615 0.48389 7732
13 13 46 24.0391 0.609049 3.3489 0.461668 12634
13 13 47 23.7075 0.753676 3.68618 0.519741 8216
13 13 48 22.7263 0.509245 3.0874 0.432752 8433
13 13 49 23.2621 0.529673 3.02609 0.43568 10177
13 13 50 23.5515 0.581879 3.19447 0.444428 8039
13 13 51 24.6559 0.844798 3.75561 0.466801 14694
13 13 52 22.6616 0.5624 2.97862 0.577157 11958
13 13 53 23.4973 0.621294 3.61758 0.488404 6962
13 13 54 22.3487 0.500576 3.06175 0.501436 9389
13 13 55 22.9328 0.542552 3.08614 0.393614 12779
13 13 56 24.2012 0.712841 3.76021 0.501423 9444
13 13 57 23.7543 0.699651 4.04434 0.350078 10921
13 13 58 21.5 -2 0 0 8973
13 13 59 23.3356 0.667638 3.46088 0.436761 14554
13 13 60 22.4155 0.707413 3.27647 0.495704 9392
13 13 61 24.0958 0.870977 4.24437 0.401298 15172
13 13 62 23.1243 0.702638 3.6589 0.389443 15838
13 13 63 21.7232 0.525175 3.13701 0.398843 12868
13 14 0 23.5652 1.21529 3.72614 0.521976 11770
13 14 1 21.9839 0.498533 3.09378 0.367607 10164
13 14 2 22.3852 0.628875 3.38457 0.362443 10107
13 14 3 21.3178 0.462261 2.66148 0.414769 10566
13 14 4 21.7514 0.662237 3.10217 0.380441 8855
13 14 5 21.7326 0.54659 3.07006 0.357148 11105
13 14 6 22.8287 0.759529 3.44576 0.410634 11648
13 14 7 22.6164 0.627061 3.39241 0.447684 10979
13 14 8 22.2012 0.662419 3.23917 0.385558 8360
13 14 9 23.3187 0.845998 3.35156 0.495512 12219
13 14 10 22.8858 0.878743 3.60112 0.421031 12989
13 14 11 21.2469 0.507429 2.81701 0.522019 8185
13 14 12 22.6095 0.642277 3.18835 0.363008 9279
13 14 13 22.1439 0.628737 3.1487 0.329234 8871
13 14 14 22.5061 0.59632 3.25042 0.406538 8318
13 14 15 22.5779 0.520215 3.00414 0.454162 7760
13 14 16 23.3518 0.977325 3.54961 0.496537 14738
13 14 17 22.5774 0.616899 2.85161 0.475073 7092
13 14 18 22.4264 0.486433 2.92389 0.47594 8204
13 14 19 22.9098 0.681577 3.09556 0.662403 10213
13 14 20 21.4991 0.451697 2.75398 0.360165 7893
13 14 21 23.9968 0.970594 3.7549 0.452559 11872
13 14 22 22.2955 0.571706 3.22068 0.359164 9974
13 14 23 21.5554 0.493235 2.59886 0.666305 7038
13 14 24 22.2517 0.549515 2.94314 0.529512 8624
13 14 25 23.0661 0.781924 3.49345 0.421874 8677
13 14 26 23.1145 0.868693 3.3639 0.538377 7280
13 14 27 22.9597 0.587355 3.113 0.353758 6777
13 14 28 23.3849 0.651916 3.46894 0.333011 7086
13 14 29 21.7611 0.5146 2.73219 0.723813 6555
13 14 30 22.3463 0.450894 2.98366 0.413554 6872
13 14 31 22.4788 0.641773 3.29266 0.326191 7919
13 14 32 22.5648 0.582169 3.04209 0.377497 6548
13 14 33 21.8275 0.523624 2.84325 0.362872 6617
13 14 34 22.2067 0.52228 2.90661 0.404097 6986
13 14 35 22.2758 0.602038 3.25815 0.376716 7203
13 14 36 21.6026 0.636103 2.92453 0.466177 6269
13 14 37 21.7442 0.524347 2.8859 0.518499 5780
13 14 38 23.4273 0.764013 3.32178 0.412449 5849
13 14 39 21.6384 0.498513 2.82189 0.462477 6079
13 14 40 21.8927 0.546517 2.74833 0.458727 6039
13 14 41 22.1277 0.5523 3.19015 0.314522 6196
13 14 42 21.6938 0.516642 2.93503 0.396526 5664
13 14 43 22.4542 0.757805 3.36358 0.38665 5947
13 14 44 22.0035 0.546336 3.09071 0.42632 5965
13 14 45 21.9546 0.636827 2.87981 0.417541 5712
13 14 46 21.0832 0.426714 2.64461 0.692953 6758
13 14 47 23.9728 0.89651 4.12825 0.476542 5471
13 14 48 21.2619 0.436673 2.5374 0.425932 6070
13 14 49 21.5 -2 0 0 5580
13 14 50 21.8593 0.518117 2.93148 0.442766 5962
13 14 51 21.5379 0.565084 2.8415 0.502929 5022
13 14 52 21.79 0.441868 2.73178 0.516362 5006
13 14 53 20.1906 0.431487 2.48071 0.57547 5966
13 14 54 21.9947 0.550254 3.03865 0.405901 5075
13 14 55 20.666 0.486405 2.8612 0.473335 5191
13 14 56 20.889 0.559028 2.85413 0.367102 6180
13 14 57 20.6715 0.436714 2.62769 0.467862 5615
13 14 58 20.4317 0.501134 2.79319 0.454472 5258
13 14 59 21.5 -2 0 0 5952
13 14 60 19.8866 0.511646 2.77562 0.497745 6337
13 14 61 21.2329 0.549202 3.14163 0.505836 4932
13 14 62 22.1337 0.697312 3.63573 0.393082 5145
13 14 63 20.5614 0.528783 2.83709 0.486415 4989
13 15 0 22.0381 0.546783 2.9956 0.316541 5864
13 15 1 21.2884 0.424428 2.51514 0.43021 5377
13 15 2 21.4742 0.422476 2.51784 0.344766 5326
13 15 3 21.5 -2 0 0 3543
13 15 4 21.0736 0.478519 2.13504 0.620422 3998
13 15 5 21.2582 0.410289 2.51899 0.400729 4069
13 15 6 21.7548 0.530567 2.74498 0.420096 3978
13 15 7 21.0882 0.421728 2.48735 0.521275 4135
13 15 8 19.9252 0.479059 2.19981 0.502042 5516
13 15 9 21.9277 0.540952 2.83705 0.43182 4135
13 15 10 21.5469 0.408338 2.49326 0.520167 3957
13 15 11 21.8541 0.456732 2.60576 0.438025 4854
13 15 12 21.0972 0.563543 2.47249 0.435663 4128
13 15 13 21.2061 0.451211 2.37003 0.461892 4213
13 15 14 22.4432 0.696 3.0824 0.347122 5590
13 15 15 21.1056 0.38489 2.28712 0.537513 4519
13 15 16 21.3795 0.474731 2.48811 0.495099 3946
13 15 17 21.1302 0.376416 2.44087 0.410377 5469
13 15 18 21.2899 0.405328 2.41223 0.338301 4411
13 15 19 21.6541 0.520608 2.6795 0.350772 4384
13 15 20 21.6945 0.546346 2.71627 0.385026 4870
13 15 21 21.2114 0.476981 2.7168 0.465126 4694
13 15 22 21.3167 0.405085 2.53342 0.425785 3885
13 15 23 21.5 -2 0 0 5192
13 15 24 22.242 0.445882 2.53439 0.447771 4898
13 15 25 21.0698 0.440514 2.59179 0.450919 4506
13 15 26 22.7101 0.752684 3.09632 0.355461 5174
13 15 27 22.1539 0.513105 2.68415 0.403655 3942
13 15 28 20.7073 0.378985 2.20048 0.485133 4535
13 15 29 21.2521 0.402166 2.56808 0.393383 6061
13 15 30 21.5 -2 0 0 4517
13 15 31 21.4058 0.424574 2.4209 0.54566 4521
13 15 32 21.9161 0.493086 2.6223 0.558012 4527
13 15 33 21.6495 0.420735 2.34165 0.451623 4791
13 15 34 21.8182 0.46375 2.79924 0.485581 6885
13 15 35 22.1938 0.556537 2.57258 0.369908 4792
13 15 36 22.0088 0.436781 2.51235 0.332668 4771
13 15 37 22.2626 0.492898 2.88606 0.406193 5690
13 15 38 21.552 0.403664 2.58173 0.475539 5415
13 15 39 23.2226 0.670885 3.14026 0.340601 7920
13 15 40 21.4331 0.416299 2.70536 0.415964 5151
13 15 41 21.4578 0.383804 2.41457 0.332846 5377
13 15 42 21.36 0.519831 2.47596 0.439032 5488
13 15 43 21.4341 0.402254 2.54175 0.291111 6766
13 15 44 21.7489 0.536933 2.68864 0.35119 5248
13 15 45 22.4239 0.531313 2.73669 0.56918 4466
13 15 46 22.5786 0.608917 3.25177 0.406678 6687
13 15 47 21.9878 0.610205 3.03904 0.33411 6068
13 15 48 21.5309 0.535083 2.35637 0.599095 5501
13 15 49 21.9885 0.466267 2.90511 0.276984 6707
13 15 50 21.344 0.558037 2.62052 0.353 5673
13 15 51 23.8455 0.78052 3.80216 0.392373 8374
13 15 52 21.5304 0.434761 2.5859 0.373791 6739
13 15 53 21.5225 0.526328 2.59789 0.428022 6435
13 15 54 21.3915 0.522116 2.6374 0.45685 5639
13 15 55 21.5177 0.537954 2.77731 0.552865 7893
13 15 56 21.1427 0.522491 3.1 0.364446 7588
13 15 57 21.9316 0.665632 3.16428 0.304565 9880
13 15 58 20.7945 0.498396 2.7801 0.419552 6923
13 15 59 21.1575 0.689045 3.0378 0.332117 7939
13 15 60 20.6699 0.513851 2.74509 0.387317 7293
13 15 61 22.3388 0.737933 3.55055 0.353556 9140
13 15 62 20.9525 0.814881 3.15386 0.41775 8922
13 15 63 20.1624 0.470836 2.40447 0.445699 7269
14 0 0 27.0806 0.636123 4.16645 0.49284 9658
14 0 1 24.5996 0.597474 3.30986 0.606801 6224
14 0 2 27.1358 0.623141 3.62626 0.503192 8363
14 0 3 24.7333 0.633191 3.08995 0.509158 9873
14 0 4 26.8094 0.654925 3.45751 0.461128 13215
14 0 5 24.2963 0.589427 3.1553 0.463307 10002
14 0 6 23.5994 0.598333 3.31743 0.514758 5213
14 0 7 26.9775 0.638453 3.00208 0.512894 12657
14 0 8 24.5018 0.606014 3.33878 0.419392 13544
14 0 9 26.535 0.672059 3.21167 0.52973 6669
14 0 10 24.8098 0.653172 3.47994 0.482071 4326
14 0 11 26.9276 0.631701 3.3029 0.510077 16555
14 0 12 24.3035 0.611906 3.20374 0.481519 10054
14 0 13 26.4439 0.608674 3.37937 0.481002 12393
14 0 14 22.7537 0.603414 3.40512 0.369119 13495
14 0 15 23.7595 0.588149 3.14082 0.500324 10022
14 0 16 26.6383 0.79817 4.04506 0.652457 1556
14 0 17 23.9176 0.599433 3.27757 0.417489 14018
14 0 18 24.4268 0.618669 3.18102 0.602357 8358
14 0 19 23.7198 0.589002 2.84705 0.545746 10177
14 0 20 24.8412 0.614754 3.5436 0.529824 9972
14 0 21 24.5972 0.633903 3.56581 0.513467 6265
14 0 22 26.7259 0.62536 2.99535 0.520906 11144
14 0 23 25.6965 0.623925 3.3973 0.482359 17818
14 0 24 24.1763 0.5872 3.09072 0.536253 13496
14 0 25 27.02 0.628163 3.38666 0.497232 14332
14 0 26 24.346 0.613666 3.9259 0.434836 15028
14 0 27 26.9143 0.618221 3.16195 0.562446 12770
14 0 28 27.0354 0.674562 3.30366 0.509011 12701
14 0 29 24.4856 0.613906 3.38514 0.411323 14935
14 0 30 28.9625 0.706412 3.91828 0.506689 3981
14 0 31 27.2356 0.6184 3.44387 0.585097 16054
14 0 32 26.9625 0.646516 3.37961 0.542927 14019
14 0 33 24.3314 0.608857 3.01968 0.569003 11878
14 0 34 23.969 0.602262 3.84838 0.460576 17752
14 0 35 29.5 -2 0 0 13341
14 0 36 29.8331 0.637779 4.36125 0.577241 3459
14 0 37 24.7922 0.598157 3.97921 0.529728 11756
14 0 38 26.3928 0.591485 3.37378 0.506655 17171
14 0 39 24.6711 0.595372 3.90777 0.403562 20369
14 0 40 23.8618 0.584462 3.71725 0.470439 8671
14 0 41 27.136 0.62523 3.51285 0.492822 13891
14 0 42 29.5 -2 0 0 11667
14 0 43 26.4702 0.630869 3.50227 0.440157 19927
14 0 44 26.8842 0.631045 3.39453 0.444919 15588
14 0 45 26.4055 0.610089 3.60943 0.479821 16760
14 0 46 24.6916 0.603822 3.64296 0.426276 20807
14 0 47 26.621 0.627797 3.51357 0.599106 20311
14 0 48 24.036 0.593326 3.67128 0.453221 11365
14 0 49 24.0303 0.601548 3.76678 0.449692 11715
14 0 50 26.3379 0.637121 3.53543 0.44101 16305
14 0 51 25.1092 0.601113 4.28 0.400127 25792
14 0 52 25.5136 0.63127 3.54601 0.487504 21325
14 0 53 23.6471 0.591108 3.64112 0.405557 17407
14 0 54 23.6787 0.611539 3.39721 0.45605 14932
14 0 55 26.3865 0.620405 3.47114 0.436799 24479
14 0 56 23.9975 0.594241 4.33575 0.354094 18988
14 0 57 0 -10 0 0 0
14 0 58 23.5859 0.575576 3.70544 0.413646 15958
14 0 59 25.2229 0.621877 3.67255 0.40933 24904
14 0 60 23.6356 0.594661 3.73262 0.386732 17405
14 0 61 24.0456 0.613828 4.14939 0.390028 27328
14 0 62 24.0168 0.60389 4.02684 0.384486 24567
14 0 63 23.3942 0.5898 3.32544 0.448846 16646
14 1 0 28.4829 0.527718 3.71113 0.695133 22394
14 1 1 27.4049 0.785617 3.83088 0.737133 18993
14 1 2 26.954 0.747931 3.73169 0.767201 20285
14 1 3 27.3081 0.544195 3.83598 0.45426 13167
14 1 4 31.1093 0.43567 3.86465 0.526799 4215
14 1 5 26.3 0.466412 3.31984 0.642901 14366
14 1 6 26.298 0.517225 3.29128 0.696584 24065
14 1 7 27.6625 0.658742 3.69259 0.621773 15218
14 1 8 28.2363 0.544961 4.0834 0.499119 9710
14 1 9 28.0942 0.748568 4.00115 0.634911 16141
14 1 10 27.4666 0.675799 3.64867 0.727172 17763
14 1 11 25.7805 0.339251 2.89188 0.508711 19602
14 1 12 27.304 0.598991 3.63507 0.584794 11730
14 1 13 26.7985 0.428716 3.03597 0.628609 13563
14 1 14 26.8923 0.470758 3.4283 0.619381 15786
14 1 15 28.046 0.619011 3.66547 0.725702 11441
14 1 16 29.6432 0.934156 4.58524 0.698865 18995
14 1 17 27.8051 0.474152 3.51191 0.676831 10471
14 1 18 28.0685 0.493549 3.91252 0.492216 7515
14 1 19 27.2604 0.487625 3.58641 0.492741 12416
14 1 20 30.3687 0.384132 3.523 0.646734 3056
14 1 21 27.5573 0.546514 3.76454 0.649042 15301
14 1 22 27.0019 0.610846 3.44444 0.614605 13765
14 1 23 28.2342 0.575131 3.67905 0.700692 9216
14 1 24 27.6917 0.610729 3.78936 0.600669 12347
14 1 25 27.186 0.357976 2.95229 0.542977 20181
14 1 26 27.4237 0.56125 3.64107 0.712018 14934
14 1 27 28.2902 0.592611 3.75679 0.683598 10285
14 1 28 26.2468 0.458587 3.09017 0.595746 13044
14 1 29 26.9062 0.370909 3.01605 0.61736 14608
14 1 30 29.4072 0.368791 3.38254 0.483268 3082
14 1 31 27.4877 0.442959 3.1472 0.620496 16770
14 1 32 27.0966 0.49323 3.24305 0.550237 10327
14 1 33 27.7466 0.455547 3.36097 0.57471 11612
14 1 34 28.5258 0.531974 3.88568 0.6003 10387
14 1 35 26.6409 0.489389 3.15472 0.645433 10125
14 1 36 29.5675 0.657937 3.90262 0.620473 6416
14 1 37 27.2904 0.361378 2.83116 0.634296 14804
14 1 38 27.319 0.364245 2.97292 0.598024 12945
14 1 39 27.1031 0.473003 3.15418 0.79686 4863
14 1 40 26.9936 0.35781 2.97357 0.60065 14535
14 1 41 26.5629 0.491465 3.35331 0.478713 8010
14 1 42 26.763 0.388877 2.84992 0.688815 13205
14 1 43 26.4657 0.447927 3.13932 0.542288 9314
14 1 44 25.8447 0.430671 3.05684 0.727913 6897
14 1 45 27.0823 0.520645 3.28512 0.641569 9240
14 1 46 28.4769 0.711702 3.87296 0.769376 9964
14 1 47 26.5012 0.49446 3.40578 0.702809 5552
14 1 48 27.2729 -3 0 0 101
14 1 49 26.5234 0.496491 3.36521 0.594229 8731
14 1 50 25.8148 0.544311 3.18851 0.690442 8708
14 1 51 27.0109 0.339701 2.93154 0.696614 7299
14 1 52 27.3597 0.440158 3.62634 0.413257 7874
14 1 53 26.7229 0.386966 3.05546 0.626638 6565
14 1 54 25.5 -2 0 0 13375
14 1 55 26.3323 0.537914 3.17104 0.608856 8530
14 1 56 26.2908 0.315379 2.5519 0.685925 7228
14 1 57 26.5786 0.333728 2.99695 0.514323 8320
14 1 58 25.862 0.406552 2.90203 0.711024 7683
14 1 59 27.0915 0.484087 3.78604 0.573649 8577
14 1 60 26.3002 0.485779 3.32395 0.627004 4582
14 1 61 26.6624 0.503991 3.65162 0.733788 5473
14 1 62 26.9442 0.403814 3.21103 0.644919 13403
14 1 63 24.6803 0.392202 2.8503 0.703522 9435
14 2 0 24.25 0.433007 3.26897 0.719242 23534
14 2 1 24.9135 0.3045 3.11532 0.798308 27062
14 2 2 24.1046 0.263213 2.80909 0.666058 25144
14 2 3 23.0501 0.258407 2.41718 0.757958 17361
14 2 4 22.7925 0.249697 2.56335 0.600537 15204
14 2 5 24.2237 0.253436 2.65949 0.619149 22942
14 2 6 24.2898 0.275419 2.98526 0.608424 22551
14 2 7 22.8766 0.242375 2.4675 0.739586 12224
14 2 8 23.7125 0.302764 2.71127 0.686704 19732
14 2 9 25.6495 0.269984 2.98814 0.702155 21779
14 2 10 25.5796 0.271577 2.94067 0.623347 19092
14 2 11 24.0912 0.357441 3.08639 0.660153 16735
14 2 12 24.92 0.226894 2.57199 0.570441 23391
14 2 13 24.9232 0.254407 2.60538 0.611522 18265
14 2 14 26.5205 0.53391 0.877811 3.33456 34002
14 2 15 22.7265 0.251596 2.53569 0.77851 13549
14 2 16 25.2161 0.249168 2.89365 0.583961 17967
14 2 17 23.4779 0.26582 2.69895 0.604742 19393
14 2 18 23.7483 0.314874 2.91628 0.568734 11470
14 2 19 25.4315 0.240902 2.66549 0.730102 16295
14 2 20 25.4086 0.282515 2.88533 0.706809 22763
14 2 21 23.339 0.250723 2.60975 0.659741 19168
14 2 22 23.0793 0.211862 2.36435 0.502161 15984
14 2 23 26.4742 0.310659 3.27866 0.909428 6609
14 2 24 0 -10 0 0 0
14 2 25 23.3972 0.280056 2.66593 0.681783 12553
14 2 26 25.2967 0.290703 3.00503 0.721912 31537
14 2 27 22.8497 0.273947 2.53656 0.673655 14203
14 2 28 25.9466 0.277296 1.78537 0.978583 27394
14 2 29 23.7954 0.298571 2.9002 0.626854 16889
14 2 30 25.0046 0.374362 2.87414 0.619355 3596
14 2 31 23.4691 0.281221 2.60445 0.656728 12323
14 2 32 24.3217 -3 0 0 87
14 2 33 23.1846 0.289802 2.53636 0.600357 14441
14 2 34 25.0382 0.323936 2.87124 0.673871 28816
14 2 35 24.3217 -3 0 0 181
14 2 36 25.7615 0.259693 2.7284 0.659607 20274
14 2 37 23.4244 0.320957 2.70333 0.636685 15283
14 2 38 25.7092 0.227183 2.59931 0.605628 11966
14 2 39 25.9407 0.283273 3.0164 0.546111 21029
14 2 40 25.9697 0.399803 2.74673 0.819841 3886
14 2 41 25.449 0.258194 2.76218 0.539234 18270
14 2 42 23.8069 0.326308 2.81276 0.652922 13313
14 2 43 23.6282 0.294844 2.74134 0.573863 20194
14 2 44 25.4678 0.255383 2.78376 0.573135 17405
14 2 45 25.3294 0.235548 2.62073 0.484254 19749
14 2 46 24.3217 -3 0 0 2
14 2 47 25.6759 0.294995 3.08234 0.701284 16625
14 2 48 25.2745 0.250317 2.71208 0.534034 21624
14 2 49 23.2004 0.334434 2.68692 0.573783 18045
14 2 50 25.3996 0.263071 2.68043 0.537 17230
14 2 51 25.8726 0.348646 3.18987 0.55113 23737
14 2 52 23.1712 0.301295 2.73319 0.734843 20654
14 2 53 25.4213 0.261816 2.87491 0.825225 18204
14 2 54 24.7774 0.249988 2.5942 0.536857 18917
14 2 55 22.9854 0.306834 2.65302 0.547965 23204
14 2 56 25.354 0.290187 2.97227 0.614658 22627
14 2 57 25.3844 0.326426 3.15106 0.573227 25919
14 2 58 24.8872 0.265937 2.84589 0.510985 23298
14 2 59 25.5436 0.357988 3.57879 0.554936 47639
14 2 60 22.4475 0.324606 2.75523 0.568949 14509
14 2 61 25.8297 0.373565 3.33085 0.699283 30596
14 2 62 25.167 0.311475 3.06809 0.576816 29015
14 2 63 22.6218 0.276254 2.6233 0.502449 20663
14 3 0 28.6648 0.510906 3.60997 0.918155 28171
14 3 1 29.2812 0.54155 4.07196 0.58741 16260
14 3 2 28.8744 0.490234 3.90589 0.705656 16840
14 3 3 28.1587 0.385871 3.15817 0.801909 26230
14 3 4 28.8349 0.481269 3.88283 0.64551 12752
14 3 5 28.1027 0.355285 3.2636 0.720409 26312
14 3 6 28.9192 0.49555 3.97862 0.711397 15494
14 3 7 28.0846 0.49758 3.58656 0.723338 22549
14 3 8 28.7653 0.479575 3.68529 0.689243 13244
14 3 9 27.7584 0.350579 3.03977 0.718928 29007
14 3 10 27.9437 0.357592 3.24569 0.697203 30826
14 3 11 29.8497 0.55427 4.28114 0.629149 11742
14 3 12 28.3447 0.44349 3.43461 0.681146 15173
14 3 13 28.1425 0.509528 3.49939 0.762083 17572
14 3 14 28.5107 0.382806 3.19894 0.899121 24237
14 3 15 28.4959 0.35517 3.04018 0.648472 21782
14 3 16 28.6655 0.409469 3.57419 0.902392 33833
14 3 17 28.8581 0.500767 3.51777 0.813351 13317
14 3 18 30.0883 0.557347 4.02936 0.718029 10826
14 3 19 28.2152 0.359265 3.04874 0.798308 30754
14 3 20 30.9702 0.366007 3.41267 0.61563 3681
14 3 21 27.742 0.383584 3.15305 0.743651 30414
14 3 22 28.0391 0.297922 2.98857 0.623129 28333
14 3 23 32.0248 0.416949 4.30201 0.45778 5386
14 3 24 28.6042 0.353983 3.17986 0.690717 24813
14 3 25 28.2406 0.347089 3.26674 0.651086 27719
14 3 26 29.4981 0.667574 3.8202 0.961774 12417
14 3 27 30.2177 0.635875 3.98351 0.841826 10403
14 3 28 27.6694 0.274366 2.82309 0.637295 28099
14 3 29 30.8467 0.600067 4.40882 0.757895 9564
14 3 30 31.9567 0.405571 4.23288 0.288103 5364
14 3 31 28.5717 0.492909 3.65851 0.732381 19140
14 3 32 28.6492 0.496382 3.5779 0.826975 17137
14 3 33 29.3511 0.362547 3.14642 0.904586 19595
14 3 34 29.6157 0.603944 4.10994 0.771772 13467
14 3 35 29.3844 0.510129 3.50792 0.876061 28244
14 3 36 32.0977 0.544901 4.05255 0.809312 10180
14 3 37 30.4381 0.522478 4.24033 0.677662 9951
14 3 38 28.1814 0.322804 3.02294 0.769685 26536
14 3 39 29.2992 0.490565 4.0372 0.678615 13408
14 3 40 31.8778 0.363539 3.69263 0.580052 5114
14 3 41 28.4698 0.322142 3.0949 0.691207 24427
14 3 42 27.5395 0.35026 2.88325 0.93899 21736
14 3 43 28.6987 0.603134 3.82739 0.800041 12596
14 3 44 28.7695 0.378583 3.2288 0.715266 23497
14 3 45 29.169 0.500723 3.80691 0.696478 12784
14 3 46 30.4377 0.681085 4.41807 0.759303 11921
14 3 47 28.9645 0.527076 3.49957 0.910971 29062
14 3 48 29.8082 0.497937 4.1231 0.694432 10948
14 3 49 27.9202 0.35287 3.24689 0.656122 21934
14 3 50 28.3884 0.33161 3.04455 0.734714 21378
14 3 51 29.8963 0.569206 4.75281 0.637162 12618
14 3 52 27.7518 0.381388 2.96217 0.860892 23227
14 3 53 28.9454 0.690987 3.80121 0.923223 16309
14 3 54 27.7989 0.356943 3.13257 0.701285 21838
14 3 55 29.2218 0.537993 4.16114 0.615963 12444
14 3 56 29.268 0.532768 4.22791 0.679894 12976
14 3 57 29.7148 0.612686 4.49363 0.702392 13882
14 3 58 26.612 0.367677 3.1482 0.675399 22355
14 3 59 28.4686 0.48982 3.32103 0.958348 20324
14 3 60 27.7711 0.365862 3.30193 0.865839 22292
14 3 61 30.5463 0.607329 4.80085 0.75574 13523
14 3 62 29.1086 0.59406 4.2435 0.785904 13226
14 3 63 29.1132 0.682946 4.05838 0.822505 11822
14 4 0 25.0865 0.423297 3.43445 0.618502 21117
14 4 1 24.7807 0.429525 3.23621 0.566052 20028
14 4 2 26.2902 0.364523 3.27264 0.496277 20029
14 4 3 25.8081 0.307023 2.84822 0.487067 17287
14 4 4 25.9952 0.330653 3.07336 0.503076 17562
14 4 5 25.9376 0.343881 2.95641 0.55502 19240
14 4 6 26.1146 0.365062 3.1941 0.512731 17762
14 4 7 25.4796 0.285349 2.81887 0.637267 15002
14 4 8 26.0476 0.310866 2.90552 0.516319 21740
14 4 9 26.0703 0.336984 3.21861 0.489724 16071
14 4 10 24.2819 0.428659 3.21578 0.550243 9852
14 4 11 24.6448 0.375997 2.94406 0.650304 13092
14 4 12 25.8668 0.266035 2.75073 0.323973 18487
14 4 13 24.0418 0.285614 2.59649 0.451846 11517
14 4 14 24.9317 0.450809 3.15211 0.600363 20391
14 4 15 25.0337 0.353915 2.71394 0.646208 11452
14 4 16 24.378 0.334898 2.89278 0.563121 10337
14 4 17 26.0492 0.309857 3.01016 0.585498 21904
14 4 18 25.6598 0.282726 2.80872 0.485275 15183
14 4 19 23.8394 0.289594 2.4916 0.582845 12154
14 4 20 28.1158 0.411155 3.86618 0.427726 3777
14 4 21 26.4804 0.364031 3.23785 0.512368 18328
14 4 22 23.7986 0.299883 2.68908 0.411081 12963
14 4 23 25.5915 0.307483 2.8548 0.550791 16813
14 4 24 24.9857 0.358452 3.0801 0.489539 17495
14 4 25 25.9725 0.286803 2.5594 0.423888 12694
14 4 26 26.0926 0.296564 2.97376 0.575303 25308
14 4 27 24.6316 0.273308 2.63257 0.574098 10445
14 4 28 25.8269 0.282358 2.55331 0.355189 13144
14 4 29 25.4046 0.309131 2.84864 0.44521 17839
14 4 30 24.9509 0.338188 2.7087 0.621057 9270
14 4 31 25.4578 0.292695 2.52592 0.492758 11989
14 4 32 25.3371 0.271824 2.59522 0.454008 12880
14 4 33 26.0578 0.281911 2.7425 0.425063 10113
14 4 34 24.8806 0.461376 3.33913 0.570012 15629
14 4 35 24.5028 0.29288 2.61077 0.58281 10096
14 4 36 25.8129 0.299717 2.70723 0.520131 9840
14 4 37 25.7864 0.329773 2.9785 0.549284 12935
14 4 38 26.0163 0.283961 2.79785 0.440593 10641
14 4 39 25.3389 0.327368 2.99611 0.589467 12497
14 4 40 28.1926 0.427143 3.91586 0.411589 4779
14 4 41 25.7951 0.267063 2.54981 0.452106 12295
14 4 42 25.4956 0.279345 2.66662 0.48676 13027
14 4 43 25.9038 0.306194 2.84197 0.568041 18253
14 4 44 24.4683 0.2993 2.68312 0.424693 9421
14 4 45 24.2946 0.26346 2.4741 0.441669 11048
14 4 46 26.3854 0.373217 3.1791 0.52065 21484
14 4 47 25.822 0.327262 2.84786 0.472515 9969
14 4 48 25.3415 0.285799 2.73639 0.532826 11126
14 4 49 25.8664 0.319927 2.93615 0.523506 13307
14 4 50 25.4831 0.277481 2.29948 0.997844 12232
14 4 51 25.8057 0.369832 3.02412 0.598729 15012
14 4 52 24.9129 0.308715 2.86345 0.473276 16865
14 4 53 25.704 0.321598 2.89788 0.678066 11123
14 4 54 24.1406 0.357111 2.81237 0.588849 8541
14 4 55 25.1353 0.299431 2.79887 0.495114 15318
14 4 56 24.8779 0.322461 2.88055 0.52649 12957
14 4 57 25.3967 0.326623 3.13096 0.585114 14918
14 4 58 25.5578 0.336683 2.96584 0.556555 13038
14 4 59 25.4352 0.354697 3.0852 0.533327 19056
14 4 60 23.8615 0.351728 2.84109 0.802315 9125
14 4 61 25.5935 0.467596 3.42912 0.76031 16538
14 4 62 24.6962 0.393036 3.28162 0.583899 17604
14 4 63 24.5741 0.298087 2.77197 0.512644 15524
14 5 0 28.7032 0.587968 3.93856 0.759684 13417
14 5 1 28.1288 0.478706 3.39957 0.821315 13952
14 5 2 28.3278 0.490099 3.82478 0.587997 11122
14 5 3 26.951 0.323218 3.05622 0.689029 17430
14 5 4 28.0802 0.469485 3.38059 0.738087 14307
14 5 5 27.198 0.418092 3.23012 0.637862 14927
14 5 6 27.1394 0.444531 3.27555 0.764673 16708
14 5 7 27.1719 0.350709 3.34261 0.577098 19899
14 5 8 26.5927 0.431374 3.10995 0.70029 15420
14 5 9 27.6474 0.475236 3.58234 0.668423 10669
14 5 10 28.0585 0.45298 3.26083 0.81057 17265
14 5 11 26.5847 0.320314 3.06593 0.550296 16995
14 5 12 27.1771 0.386438 3.14769 0.653582 17227
14 5 13 27.1764 0.329238 2.98536 0.630377 19382
14 5 14 27.8349 0.457852 3.35348 0.840271 14765
14 5 15 27.521 0.364286 3.14728 0.637319 17751
14 5 16 27.8565 0.392638 3.42681 0.780917 19131
14 5 17 27.3198 0.488684 3.47244 0.686987 13419
14 5 18 28.0363 0.456528 3.6415 0.585555 10553
14 5 19 27.5844 0.391418 3.05896 0.699766 20836
14 5 20 26.8217 0.430231 3.05128 0.71846 21397
14 5 21 27.773 0.43784 3.41128 0.874546 16407
14 5 22 27.1615 0.315745 2.91551 0.672141 17896
14 5 23 27.5769 0.428703 3.25324 0.733967 16335
14 5 24 27.7679 0.418689 3.26591 0.615603 14305
14 5 25 27.9571 0.460781 3.23319 0.775635 21837
14 5 26 27.7171 0.535597 3.37536 0.893563 16182
14 5 27 30.2554 0.612907 4.05535 0.632165 8652
14 5 28 28.5487 0.388287 3.19699 0.692259 17359
14 5 29 27.3159 0.372546 3.27361 0.543654 18410
14 5 30 28.3124 0.415886 3.24922 0.684768 18592
14 5 31 29.8351 0.660947 4.01223 0.717197 14325
14 5 32 27.6331 0.406776 3.08202 0.68789 19510
14 5 33 28.1618 0.372128 3.10592 0.670765 19344
14 5 34 27.058 0.354098 3.24524 0.614207 19143
14 5 35 28.0703 0.378755 3.31464 0.685122 25730
14 5 36 30.9074 0.409858 4.22089 0.4472 6563
14 5 37 29.7883 0.51265 4.05573 0.593356 9008
14 5 38 27.7765 0.499057 3.73975 0.66351 19752
14 5 39 28.3283 0.524213 3.56673 0.748052 23344
14 5 40 27.6694 0.386922 3.10302 0.678361 18648
14 5 41 27.5927 0.385982 3.28004 0.709103 21515
14 5 42 27.4627 0.334857 3.1052 0.544264 19230
14 5 43 27.0608 0.351963 3.03645 0.683401 19030
14 5 44 28.1898 0.390512 3.10592 0.780725 23240
14 5 45 27.8009 0.350773 3.14444 0.536058 21367
14 5 46 27.1085 0.419597 3.24738 0.677914 20446
14 5 47 28.6234 0.614301 4.32639 0.610858 19060
14 5 48 27.7859 0.453799 3.0752 0.747427 21561
14 5 49 27.5674 0.379987 3.1177 0.757764 20561
14 5 50 27.1337 0.375713 3.15898 0.604793 25192
14 5 51 28.4039 0.614918 3.70738 0.709648 21795
14 5 52 27.2776 0.370291 3.17277 0.589486 20469
14 5 53 28.9677 0.716606 4.22062 0.731316 16283
14 5 54 28.4461 0.501594 3.64072 0.580718 13128
14 5 55 28.1991 0.509674 3.60935 0.716513 14644
14 5 56 27.8167 0.450835 3.53319 0.607684 22730
14 5 57 28.023 0.536421 3.56605 0.681796 22244
14 5 58 26.9256 0.413111 3.22677 0.573359 24767
14 5 59 27.6553 0.450973 3.28671 0.752879 20518
14 5 60 29.048 0.54851 4.2815 0.471481 13581
14 5 61 27.7274 0.727217 4.12932 0.656348 20842
14 5 62 28.5151 0.564649 4.03826 0.568692 14049
14 5 63 28.6174 0.525989 4.08886 0.523721 11269
14 6 0 25.0632 0.558803 3.35474 0.466083 16073
14 6 1 23.9278 0.583315 3.15895 0.372906 11380
14 6 2 25.7479 0.561325 3.22298 0.41758 14426
14 6 3 25.3181 0.380207 2.84869 0.288664 10187
14 6 4 23.6794 0.347282 2.59081 0.362537 10475
14 6 5 24.2433 0.414978 2.60435 0.333656 11776
14 6 6 24.3918 0.419922 2.95882 0.342261 12350
14 6 7 24.1314 0.359807 2.63711 0.354682 7866
14 6 8 24.3698 0.504489 3.03752 0.567988 9364
14 6 9 24.3019 0.591368 2.95018 0.532965 9269
14 6 10 24.3454 0.345516 2.48285 0.472388 9898
14 6 11 24.0417 0.367714 2.67939 0.367064 10607
14 6 12 24.1115 0.407098 2.7964 0.436764 6731
14 6 13 23.5538 0.323445 2.26629 0.546441 7051
14 6 14 24.5974 0.580365 3.13784 0.404192 11864
14 6 15 24.5086 0.353508 2.40948 0.414425 9083
14 6 16 24.1197 0.409003 2.59259 0.518553 7679
14 6 17 23.6781 0.439783 2.93981 0.417481 8756
14 6 18 23.8614 0.406791 2.47139 0.532939 5843
14 6 19 23.6523 0.37296 2.45966 0.568946 6908
14 6 20 24.0526 0.349891 2.38413 0.460985 9125
14 6 21 24.1551 0.466804 2.8295 0.487269 11656
14 6 22 25.0658 0.381314 2.46748 0.310682 9543
14 6 23 25.0795 0.480707 3.10059 0.474971 4879
14 6 24 24.5056 0.463212 2.93786 0.383212 8232
14 6 25 24.661 0.330528 2.42276 0.359613 7523
14 6 26 24.1061 0.455386 2.86411 0.416525 11579
14 6 27 25.2126 0.361688 2.6695 0.366131 8142
14 6 28 24.4783 0.305549 2.13771 0.697954 7829
14 6 29 24.7383 0.532857 3.06774 0.497631 5786
14 6 30 27.2313 0.659581 2.98494 0.506559 2021
14 6 31 24.96 0.366093 2.61244 0.393917 7032
14 6 32 23.4106 0.308103 2.22666 0.502545 6418
14 6 33 23.8744 0.342118 2.29126 0.369107 7378
14 6 34 24.9511 0.386736 2.70046 0.556455 12366
14 6 35 25.1732 0.379088 2.18726 0.604145 6182
14 6 36 26.4042 0.593912 3.19892 0.382021 1696
14 6 37 23.9643 0.40323 2.62465 0.381812 8037
14 6 38 24.6488 0.376992 2.27933 0.523464 6023
14 6 39 25.1519 0.396146 2.32035 0.462877 7067
14 6 40 24.3983 0.329752 2.41831 0.398242 8500
14 6 41 25.0486 0.332692 2.4792 0.379776 6537
14 6 42 23.9813 0.37966 2.64211 0.406535 6861
14 6 43 24.3467 0.445374 2.76 0.39324 7423
14 6 44 24.9622 0.425984 2.50355 0.353179 6610
14 6 45 24.7894 0.331795 2.35877 0.335454 7227
14 6 46 24.6246 0.424029 2.91786 0.42709 11122
14 6 47 24.6238 0.373091 2.57313 0.421752 5282
14 6 48 24.2225 0.440027 2.67914 0.5477 3941
14 6 49 23.5965 0.377744 2.48757 0.420648 5209
14 6 50 24.276 0.393307 2.19912 0.401872 6528
14 6 51 23.6644 0.495856 2.68957 0.531994 5934
14 6 52 24.993 0.374721 2.65951 0.267331 8520
14 6 53 24.3634 0.368264 2.29717 0.524334 6240
14 6 54 23.4386 0.397424 2.57722 0.370563 4661
14 6 55 23.6592 0.383562 2.69973 0.35754 6355
14 6 56 23.8892 0.352797 2.36606 0.467337 6800
14 6 57 23.8238 0.390272 2.62405 0.408089 7460
14 6 58 24.3052 0.372553 2.52429 0.390838 7186
14 6 59 23.9706 0.432216 2.72386 0.341856 9411
14 6 60 23.8368 0.388202 2.46977 0.413751 6588
14 6 61 23.2863 0.48118 2.8246 0.600831 6837
14 6 62 23.1206 0.475254 2.89545 0.335661 6529
14 6 63 22.7176 0.44464 2.38873 0.450782 5773
14 7 0 25.4435 0.345202 2.99006 0.389125 8902
14 7 1 25.367 0.353931 2.8483 0.360874 9181
14 7 2 23.5428 0.336128 2.64743 0.577965 6808
14 7 3 24.4284 0.339132 2.57132 0.434293 9586
14 7 4 23.3841 0.345229 2.5913 0.614779 7531
14 7 5 23.4735 0.32282 2.64657 0.470851 6103
14 7 6 24.9335 0.287382 2.71084 0.39371 9319
14 7 7 23.1682 0.403911 2.87644 0.553183 7026
14 7 8 25.1452 0.303584 2.66498 0.405491 9320
14 7 9 22.7405 0.330349 2.58491 0.405961 7367
14 7 10 25.4694 0.334595 3.05965 0.371627 9560
14 7 11 23.7779 0.366195 2.81854 0.3794 6803
14 7 12 24.1485 0.364687 2.70831 0.52049 6365
14 7 13 25.3918 0.313323 2.73821 0.428152 10559
14 7 14 23.8522 0.392016 2.8708 0.468554 6854
14 7 15 25.2524 0.305011 2.62182 0.273668 10473
14 7 16 25.6082 0.443035 3.17164 0.506649 9059
14 7 17 23.9528 0.316972 2.64813 0.617609 7247
14 7 18 23.3199 0.375274 2.68677 0.544734 7799
14 7 19 23.4777 0.3874 2.78952 0.618399 9618
14 7 20 26.6193 0.40209 3.34991 0.420097 2363
14 7 21 25.2366 0.30458 2.69873 0.461752 9268
14 7 22 25.5598 0.327414 2.67114 0.568386 9843
14 7 23 25.728 0.321246 2.83225 0.364663 11313
14 7 24 23.756 0.327372 2.59159 0.441789 7018
14 7 25 25.9572 0.36567 3.06733 0.421607 12515
14 7 26 23.7063 0.396604 2.849 0.533016 9063
14 7 27 25.8632 0.34595 2.85563 0.40918 11692
14 7 28 23.6896 0.348977 2.7726 0.423844 8520
14 7 29 24.7523 0.375934 2.80295 0.55845 8668
14 7 30 24.4749 0.347019 2.72612 0.441853 9735
14 7 31 23.8461 0.386315 2.81058 0.448214 12121
14 7 32 24.1751 0.367178 2.73021 0.549287 9752
14 7 33 25.648 0.307427 2.69973 0.496165 13609
14 7 34 24.6866 0.346636 2.77445 0.494329 11521
14 7 35 26.0254 0.371946 3.17422 0.441754 17300
14 7 36 25.5 -2 0 0 8857
14 7 37 23.9312 0.331407 2.6622 0.849747 8001
14 7 38 25.7624 0.345566 3.13681 0.317533 18859
14 7 39 25.2533 0.353067 3.13197 0.381837 20804
14 7 40 24.0193 0.315344 2.68321 0.43186 11017
14 7 41 25.5382 0.319552 2.88723 0.345231 14590
14 7 42 25.0058 0.301525 2.62652 0.519589 14308
14 7 43 23.9648 0.431069 2.71209 0.485786 8647
14 7 44 23.6733 0.364155 2.81194 0.441318 13283
14 7 45 25.5251 0.303206 2.75729 0.483736 15571
14 7 46 25.5009 0.353397 3.00817 0.452053 13309
14 7 47 24.7283 0.57799 3.34856 0.619304 19573
14 7 48 24.6561 0.309982 2.55503 0.546878 14247
14 7 49 24.6925 0.331927 2.86174 0.452108 14409
14 7 50 25.8217 0.396461 2.84953 0.417687 17624
14 7 51 25.2793 0.402891 3.11394 0.470972 15625
14 7 52 25.0848 0.348741 2.81127 0.419692 13443
14 7 53 24.9092 0.458972 3.27614 0.465659 16337
14 7 54 24.6055 0.336215 2.87332 0.485602 17160
14 7 55 23.9632 0.391217 2.96277 0.552974 11419
14 7 56 25.1783 0.414453 3.19923 0.378759 20160
14 7 57 24.848 0.397161 3.14682 0.472654 19060
14 7 58 23.6982 0.448199 2.99728 0.446456 13241
14 7 59 24.9589 0.371173 3.08927 0.43117 13777
14 7 60 25.3355 0.396312 3.15773 0.448453 20634
14 7 61 25.0202 0.650614 3.64683 0.5874 12788
14 7 62 23.5504 0.581198 3.22247 0.482981 12374
14 7 63 23.0948 0.476348 3.1221 0.465089 10308
14 8 0 24.6223 0.355763 2.83093 0.610522 5241
14 8 1 24.9217 0.354274 2.83623 0.542738 5003
14 8 2 25.8323 0.273028 2.59178 0.624475 7886
14 8 3 26.2133 0.480028 3.40554 0.446505 6791
14 8 4 25.887 0.306787 2.78237 0.535264 14993
14 8 5 25.1976 0.381129 3.21065 0.424385 6396
14 8 6 25.1575 0.276458 2.42424 0.618903 8973
14 8 7 24.7445 0.449928 3.01917 0.555936 9690
14 8 8 25.5435 0.299217 2.64451 0.471861 13736
14 8 9 25.6157 0.33768 2.7033 0.595142 9050
14 8 10 25.6986 0.32665 2.79837 0.478629 7753
14 8 11 25.8934 0.491456 3.25262 0.567986 6987
14 8 12 25.6189 0.453337 3.15263 0.557429 6284
14 8 13 26.135 0.328497 2.73027 0.432025 16194
14 8 14 26.7071 0.528966 3.48433 0.624822 6998
14 8 15 25.5768 0.448229 3.11463 0.469661 9443
14 8 16 26.1944 0.424985 3.23007 0.696571 9465
14 8 17 26.9661 0.545121 3.23558 0.573585 6413
14 8 18 26.3029 0.448463 3.19581 0.549821 8367
14 8 19 25.959 0.444928 3.13623 0.70202 10140
14 8 20 28.7381 0.402612 3.358 0.443116 2819
14 8 21 26.3998 0.317351 2.74769 0.465378 8589
14 8 22 25.9606 0.292635 2.64468 0.501235 13727
14 8 23 26.0622 0.30698 2.62333 0.596954 14618
14 8 24 25.2903 0.348644 2.74146 0.584726 7441
14 8 25 26.8098 0.531082 3.52272 0.592984 9312
14 8 26 26.8824 0.31898 2.79616 0.569659 12956
14 8 27 26.4205 0.516485 3.2029 0.527937 9421
14 8 28 25.7159 0.40293 2.94651 0.521894 11253
14 8 29 26.1043 0.297486 2.66495 0.437948 14802
14 8 30 28.8874 0.371985 3.47342 0.661468 3237
14 8 31 26.4802 0.35834 3.1791 0.492812 19319
14 8 32 26.3003 0.361897 2.86461 0.492099 20094
14 8 33 26.5269 0.363444 2.84185 0.572405 17644
14 8 34 27.3176 0.517172 3.60461 0.581467 8679
14 8 35 26.8178 0.37721 3.11551 0.486409 22498
14 8 36 28.6989 0.423396 3.10729 0.637784 2225
14 8 37 26.3343 0.330519 2.76844 0.58002 14545
14 8 38 26.306 0.348053 2.8739 0.47986 25925
14 8 39 27.534 0.822393 3.81424 0.63661 15919
14 8 40 27.9014 0.372569 3.29497 0.576455 2425
14 8 41 25.0454 0.442936 2.98135 0.519848 15838
14 8 42 27.2239 0.49425 3.53355 0.567542 5583
14 8 43 25.7205 0.349394 2.75109 0.723847 15313
14 8 44 26.5954 0.535277 3.28651 0.516591 13763
14 8 45 26.432 0.57062 3.44268 0.548051 11744
14 8 46 27.4529 0.55641 3.89932 0.561792 7524
14 8 47 26.8171 0.436714 3.33105 0.560202 30982
14 8 48 25.9265 0.308247 2.76406 0.476146 17365
14 8 49 26.3771 0.374029 2.78537 0.606019 13651
14 8 50 26.9829 0.550202 3.61157 0.470997 10226
14 8 51 26.7906 0.540427 3.44958 0.699286 13405
14 8 52 25.7597 0.327808 2.84113 0.459561 14936
14 8 53 26.376 0.629614 3.64782 0.539073 16267
14 8 54 25.6369 0.379037 2.8179 0.503076 18152
14 8 55 25.4362 0.445209 3.01356 0.589142 11495
14 8 56 27.2037 0.654937 3.86747 0.545742 11029
14 8 57 25.8579 0.436949 3.04707 0.658841 21269
14 8 58 24.9601 0.369098 2.85424 0.4921 16031
14 8 59 26.0232 0.335758 2.94307 0.443059 15653
14 8 60 25.8814 0.744823 3.62534 0.568714 15288
14 8 61 26.9345 0.637812 4.10719 0.497913 11583
14 8 62 25.656 0.520912 3.11659 0.694001 17117
14 8 63 25.4335 0.378283 3.06747 0.442593 16208
14 9 0 26.5225 0.621028 3.74653 0.476745 13269
14 9 1 26.3373 0.487207 3.26336 0.555641 15498
14 9 2 26.5364 0.406413 3.25713 0.543797 12586
14 9 3 25.5 -2 0 0 8246
14 9 4 25.4653 0.345202 2.80053 0.591758 5957
14 9 5 24.643 0.360245 2.95307 0.60597 5166
14 9 6 25.6747 0.375636 3.03843 0.576662 11513
14 9 7 26.8925 0.413452 3.28584 0.604623 2135
14 9 8 24.9921 0.350444 2.67874 0.512048 11229
14 9 9 25.8771 0.36881 3.0504 0.497628 9895
14 9 10 26.055 0.34802 3.00878 0.477322 8583
14 9 11 25.9154 0.356064 2.73214 0.524179 9503
14 9 12 25.6009 0.341092 2.73115 0.434054 7950
14 9 13 23.9236 0.38413 2.80767 0.522042 5467
14 9 14 26.4599 0.705731 3.72131 0.441859 9738
14 9 15 24.7387 0.346569 2.72508 0.586341 5557
14 9 16 27.0064 0.426413 3.38513 0.637574 3108
14 9 17 25.2337 0.36079 2.80954 0.457903 10694
14 9 18 25.8121 0.404054 3.08604 0.516222 6352
14 9 19 27.0671 0.408351 3.31588 0.505241 1572
14 9 20 25.7659 0.594696 3.33503 0.582097 3790
14 9 21 27.294 0.733586 4.04216 0.526513 6005
14 9 22 25.7329 0.405674 2.96195 0.557869 5048
14 9 23 29.4285 0.496881 3.57569 0.503117 1515
14 9 24 25.9528 0.423074 2.90384 0.442529 13018
14 9 25 24.53 0.448674 2.94117 0.564815 5168
14 9 26 25.1665 0.387332 2.89896 0.449562 13300
14 9 27 26.8958 0.557103 3.1448 0.639691 1895
14 9 28 23.9676 0.338572 2.55595 0.644849 4795
14 9 29 25.9388 0.339458 2.80633 0.387665 8820
14 9 30 28.3054 0.59182 3.57731 0.451447 959
14 9 31 24.174 0.363252 2.66318 0.612277 5218
14 9 32 25.3123 0.456411 3.01929 0.622354 2850
14 9 33 26.0048 0.394112 3.11659 0.469801 1980
14 9 34 25.4564 0.587843 3.27641 0.486383 7607
14 9 35 25.5867 0.305921 2.63293 0.429118 6530
14 9 36 28.371 0.609017 3.61045 0.434634 783
14 9 37 28.4103 0.459249 3.20852 0.380403 1414
14 9 38 23.832 0.310573 2.38188 0.678692 4307
14 9 39 25.4323 0.35055 2.44336 0.630728 4372
14 9 40 27.789 0.485861 3.55611 0.537223 1344
14 9 41 25.1557 0.357153 2.73453 0.450737 4386
14 9 42 26.3664 0.545462 3.52313 0.474314 2501
14 9 43 26.0012 0.333112 2.73524 0.603836 9014
14 9 44 24.6132 0.355911 2.68551 0.496228 2848
14 9 45 23.9397 0.345059 2.57099 0.741717 4255
14 9 46 25.7498 0.437471 3.0953 0.361011 12329
14 9 47 23.6279 0.365119 2.54549 0.55391 3062
14 9 48 24.7127 0.375763 2.84182 0.633306 3432
14 9 49 23.557 0.341155 2.38394 0.651492 4603
14 9 50 24.1876 0.442355 2.78997 0.567013 3784
14 9 51 25.9627 0.364738 2.96901 0.410672 4056
14 9 52 25.1431 0.325763 2.65606 0.325122 9649
14 9 53 23.2758 0.382246 2.76738 0.48873 2109
14 9 54 23.7555 0.39684 2.83704 0.505616 3198
14 9 55 25.6991 0.478954 2.90104 0.450799 8478
14 9 56 25.0055 0.343214 2.41195 0.604567 3440
14 9 57 24.7206 0.346726 2.627 0.549529 5314
14 9 58 23.777 0.614229 2.72209 0.572502 3314
14 9 59 24.979 0.615089 3.21507 0.484477 7204
14 9 60 23.2005 0.432048 2.85345 0.483845 2372
14 9 61 25.5 -2 0 0 5466
14 9 62 23.3305 0.413904 2.91681 0.76306 5627
14 9 63 24.0596 0.374726 2.49438 0.361082 7352
14 10 0 24.7665 0.569214 4.81255 0.468099 15584
14 10 1 29.5 -2 0 0 16701
14 10 2 25.5651 0.588106 4.00386 0.465153 23521
14 10 3 26.2463 0.580728 3.66274 0.440813 26908
14 10 4 25.7137 0.578862 3.72079 0.468826 25383
14 10 5 23.8359 0.567162 3.76612 0.405475 17640
14 10 6 26.4381 0.585978 4.01244 0.509189 23528
14 10 7 27.109 0.591562 3.95606 0.450426 31296
14 10 8 25.2249 0.57592 3.60378 0.458574 22276
14 10 9 26.5712 0.604177 4.33175 0.510608 25347
14 10 10 27.1003 0.587435 4.26839 0.484325 26753
14 10 11 29.5 -2 0 0 22610
14 10 12 25.4864 0.566697 3.65579 0.528458 23929
14 10 13 24.3463 0.582418 3.8874 0.465426 24220
14 10 14 24.8232 0.55587 4.09621 0.538126 19041
14 10 15 26.1873 0.604371 3.63869 0.471145 27827
14 10 16 27.5332 0.582159 4.35864 0.45309 30706
14 10 17 25.1271 0.588994 3.56982 0.475954 22836
14 10 18 25.6275 0.606849 4.35796 0.414779 14147
14 10 19 24.5657 0.594069 3.86963 0.416358 23559
14 10 20 26.9017 0.570097 4.6477 0.467797 9193
14 10 21 26.4807 0.589099 4.18932 0.513008 24701
14 10 22 25.4398 0.580521 4.24613 0.468035 20937
14 10 23 25.9051 0.594842 3.98332 0.514196 24165
14 10 24 29.5 -2 0 0 18047
14 10 25 24.4731 0.593472 4.16944 0.448934 23279
14 10 26 25.5893 0.583646 4.32331 0.509547 24045
14 10 27 24.9812 0.591985 4.11265 0.512344 19721
14 10 28 29.5 -2 0 0 24307
14 10 29 24.0016 0.592151 4.06338 0.525131 15846
14 10 30 27.7717 0.558676 4.26975 0.448166 8104
14 10 31 26.2123 0.562124 4.34903 0.459768 26922
14 10 32 24.606 0.582947 3.82651 0.535795 23613
14 10 33 26.2177 0.589157 3.90949 0.44829 28922
14 10 34 25.4619 0.595041 4.51271 0.454673 14552
14 10 35 26.9405 0.576641 4.29896 0.433867 35102
14 10 36 29.4644 0.550238 4.93015 0.412965 7999
14 10 37 26.986 0.575004 4.42684 0.585756 8643
14 10 38 26.7811 0.59517 4.37988 0.439381 33589
14 10 39 23.7234 0.600972 4.15593 0.511801 25019
14 10 40 29.621 0.573709 4.85543 0.438834 6534
14 10 41 29.5 -2 0 0 25222
14 10 42 24.6978 0.606414 4.16639 0.462391 16607
14 10 43 22.8644 0.590721 4.11962 0.430771 15449
14 10 44 25.5585 0.577264 3.80848 0.45369 29207
14 10 45 29.5 -2 0 0 23425
14 10 46 23.8572 0.558211 4.89198 0.443307 14276
14 10 47 23.9807 0.600732 4.57289 0.380202 29772
14 10 48 24.7661 0.576658 3.70869 0.486899 24456
14 10 49 29.5 -2 0 0 18300
14 10 50 26.0434 0.588944 3.93157 0.453184 31688
14 10 51 23.0902 0.579668 4.57795 0.405519 21253
14 10 52 25.2795 0.597316 4.22467 0.545902 26603
14 10 53 24.0786 0.576179 4.3114 0.445343 28237
14 10 54 21.5742 0.582429 3.54346 0.412858 22168
14 10 55 22.8455 0.579162 4.03859 0.447538 17505
14 10 56 29.5 -2 0 0 29134
14 10 57 24.5544 0.604548 4.69265 0.546255 22095
14 10 58 23.3491 0.580831 3.72428 0.510839 22202
14 10 59 23.7133 0.569898 4.53886 0.49184 15315
14 10 60 23.1787 0.573704 4.57173 0.423818 26019
14 10 61 29.5 -2 0 0 27709
14 10 62 23.6828 0.575888 4.17899 0.470136 17420
14 10 63 24.2643 0.620722 3.9855 0.526334 17171
14 11 0 25.5122 0.359275 3.40316 0.582393 28673
14 11 1 24.9735 0.316323 3.16647 0.477308 24164
14 11 2 24.9355 0.323144 3.18557 0.566874 19799
14 11 3 24.9708 0.253254 2.61627 0.438496 14137
14 11 4 25.0037 0.244443 2.70768 0.499429 14970
14 11 5 24.9271 0.291904 2.8127 0.61726 16445
14 11 6 22.9071 0.311286 2.65895 0.577623 16736
14 11 7 25.4044 0.286726 2.67347 0.484146 12577
14 11 8 25.4142 0.26316 2.6624 0.491054 18071
14 11 9 25.2662 0.281593 2.8207 0.558357 15349
14 11 10 25.3282 0.268401 2.79538 0.496582 13776
14 11 11 24.82 0.264481 2.63803 0.435875 18133
14 11 12 25.2418 0.268425 2.70032 0.639446 15970
14 11 13 22.1414 0.22647 2.14793 0.57487 11417
14 11 14 22.836 0.351657 2.83677 0.57895 21089
14 11 15 22.674 0.229284 2.52915 0.540607 13094
14 11 16 24.1822 0.278855 2.80573 0.562759 12247
14 11 17 22.4349 0.259628 2.42371 0.440821 18266
14 11 18 25.5538 0.248846 2.8153 0.504004 14947
14 11 19 24.9623 0.271243 2.78324 0.608833 13214
14 11 20 25.6017 0.419578 2.91637 0.693788 3564
14 11 21 22.7849 0.301959 2.6311 0.586645 13917
14 11 22 25.4022 0.270447 2.55451 0.553133 12742
14 11 23 24.2323 0.284068 2.74971 0.622144 17610
14 11 24 22.9046 0.343105 2.74371 0.584928 18630
14 11 25 25.3472 0.245751 2.68218 0.442292 12642
14 11 26 24.4946 0.333017 2.89196 0.49271 23340
14 11 27 22.5555 0.240578 2.35746 0.447843 12326
14 11 28 25.2998 0.23781 2.44347 0.548903 12539
14 11 29 22.8916 0.283025 2.52637 0.489835 16055
14 11 30 24.8956 0.376355 2.88653 0.817393 4675
14 11 31 25.6252 0.26395 2.78221 0.540084 12645
14 11 32 22.712 0.227929 2.23088 0.555066 11332
14 11 33 22.5465 0.275716 2.36971 0.759768 11648
14 11 34 25.1704 0.28118 2.85641 0.46885 25030
14 11 35 25.1415 0.244075 2.55194 0.503733 11631
14 11 36 25.2438 0.334912 3.24023 0.531087 3586
14 11 37 25.0939 0.260557 2.75602 0.512233 15045
14 11 38 24.8731 0.268627 2.70078 0.550828 12104
14 11 39 22.3211 0.255131 2.38833 0.857302 10051
14 11 40 25.3527 0.38003 3.20788 0.577 3439
14 11 41 21.5 -2 0 0 9730
14 11 42 22.1544 0.269721 2.49361 0.581027 11637
14 11 43 25.0769 0.251096 2.67127 0.344535 19804
14 11 44 25.0819 0.252575 2.48485 0.530431 11230
14 11 45 24.4136 0.238724 2.31889 0.742709 13412
14 11 46 24.9858 0.313823 2.89944 0.608654 23684
14 11 47 23.6689 0.364879 3.05054 0.71557 5486
14 11 48 21.9503 0.252116 2.30949 0.875782 9870
14 11 49 24.3336 0.272071 2.65139 0.568195 17161
14 11 50 23.9239 0.239245 2.42682 0.530787 12242
14 11 51 25.3569 0.363801 3.08424 0.617931 18688
14 11 52 25.0959 0.274296 2.76855 0.469622 19722
14 11 53 22.5354 0.358614 2.67574 0.857208 7076
14 11 54 21.9772 0.297681 2.46291 0.540538 9371
14 11 55 24.3215 0.282262 2.68279 0.620422 19437
14 11 56 24.4367 0.365613 2.92512 0.73607 14297
14 11 57 24.6889 0.31969 3.0392 0.608074 15216
14 11 58 21.7939 0.274005 2.5143 0.573478 11158
14 11 59 25.1006 0.332582 3.12769 0.530254 24124
14 11 60 23.8489 0.274773 2.74104 0.587199 11905
14 11 61 23.3208 0.564413 3.24052 0.678042 17277
14 11 62 22.792 0.390941 2.85208 0.541686 18787
14 11 63 23.4485 0.276494 2.51965 0.618923 17292
14 12 0 26.9819 0.348657 3.55496 0.767757 22036
14 12 1 24.8116 0.303768 3.28903 0.499945 19008
14 12 2 25.8296 0.24909 3.05616 0.655331 21773
14 12 3 23.9677 0.251464 2.68598 0.455212 24845
14 12 4 25.8856 0.234251 2.7728 0.533102 21534
14 12 5 25.1786 0.24003 2.62435 0.619357 23490
14 12 6 26.1965 0.270668 3.18213 0.590753 23221
14 12 7 26.8127 0.285304 3.22728 0.543252 29114
14 12 8 26.2812 0.232823 2.69928 0.507469 24518
14 12 9 25.606 0.278229 3.11407 0.559318 25479
14 12 10 26.2582 0.317834 3.42202 0.657375 27289
14 12 11 25.4578 0.228658 2.59042 0.533289 21658
14 12 12 26.0427 0.240653 2.73708 0.658051 27178
14 12 13 24.0249 0.246971 2.63167 0.451919 20115
14 12 14 24.3501 0.274437 2.90019 0.679687 22125
14 12 15 24.4781 0.23516 2.62661 0.547882 24149
14 12 16 25.1937 0.352362 3.27297 0.768441 25120
14 12 17 26.2 0.240017 2.91624 0.540253 21164
14 12 18 26.1388 0.24082 2.73268 0.612493 23335
14 12 19 26.584 0.287095 3.14993 0.585421 26914
14 12 20 26.1044 0.238429 2.66844 0.530618 19105
14 12 21 26.4974 0.297651 3.11742 0.739568 25776
14 12 22 26.5832 0.266109 2.82537 0.572569 28198
14 12 23 25.3773 0.241286 2.65665 0.548043 18350
14 12 24 26.5889 0.24319 2.91986 0.505401 22845
14 12 25 26.8963 0.279211 3.11441 0.610073 25815
14 12 26 24.6338 0.267645 2.86525 0.678151 18072
14 12 27 26.5529 0.234056 2.77172 0.540836 22208
14 12 28 26.1294 0.269235 2.91038 0.518347 24074
14 12 29 24.6053 0.2587 2.68506 0.62378 14669
14 12 30 26.6507 0.230386 2.71707 0.5229 21065
14 12 31 25.6806 0.299942 3.05624 0.624963 23475
14 12 32 26.5807 0.260082 2.82677 0.53795 23310
14 12 33 25.5 -2 0 0 20792
14 12 34 24.5683 0.26506 2.83236 0.637697 17635
14 12 35 26.5828 0.288006 3.02977 0.658826 22785
14 12 36 24.0519 0.252718 2.60154 0.629434 14347
14 12 37 24.9708 0.230715 2.47924 0.811395 17012
14 12 38 26.7917 0.282246 3.15253 0.782929 20339
14 12 39 25.3855 0.248378 2.80378 0.625989 17737
14 12 40 26.7522 0.227795 2.7413 0.624888 18428
14 12 41 24.6152 0.253033 2.61669 0.443031 19715
14 12 42 23.9704 0.269381 2.54165 0.668503 16845
14 12 43 24.5983 0.230306 2.64173 0.662139 17250
14 12 44 26.5577 0.246245 2.79165 0.519155 20182
14 12 45 23.8029 0.237533 2.54516 0.634753 17059
14 12 46 24.3992 0.275316 2.83757 0.645188 17105
14 12 47 26.8127 0.326894 3.3075 0.730609 19347
14 12 48 25.7033 0.230844 2.59034 0.492179 18434
14 12 49 25.0157 0.234524 2.64931 0.661441 15943
14 12 50 25.6248 0.247506 2.68154 0.476042 18779
14 12 51 25.0773 0.25155 2.91509 0.766602 13511
14 12 52 24.2557 0.257715 2.73742 0.623017 15794
14 12 53 26.5598 0.272681 3.20077 0.639335 19280
14 12 54 25.9641 0.24469 2.64644 0.539733 17951
14 12 55 25.4122 0.231952 2.59787 0.702909 14738
14 12 56 25.8109 0.254619 2.95003 0.610617 15109
14 12 57 23.9398 0.273757 2.79564 0.658277 14492
14 12 58 24.9823 0.247766 2.77415 0.732424 16144
14 12 59 23.393 0.251139 2.70771 0.556308 15918
14 12 60 25.3822 0.286878 3.04337 0.809 18038
14 12 61 24.0752 0.298995 3.03009 0.643533 13248
14 12 62 25.2486 0.263501 2.9899 0.589503 15021
14 12 63 24.6257 0.243229 2.76415 0.538557 15636
14 13 0 24.6446 0.386215 3.1261 0.579867 15244
14 13 1 25.3498 0.282657 2.77403 0.60599 12223
14 13 2 24.6747 0.288669 2.53167 0.719051 11477
14 13 3 25.0906 0.31984 2.46792 0.61597 8917
14 13 4 24.964 0.285121 2.63563 0.524285 9758
14 13 5 24.031 0.280585 2.61946 0.485846 10231
14 13 6 24.124 0.277296 2.66263 0.598049 11038
14 13 7 24.7726 0.294336 2.44955 0.608345 7574
14 13 8 23.4875 0.274215 2.49615 0.504823 10807
14 13 9 25.1937 0.303073 2.87742 0.552552 9191
14 13 10 25.4297 0.324369 2.86602 0.495344 8257
14 13 11 23.6107 0.258504 2.45091 0.568135 10609
14 13 12 24.1028 0.275021 2.6207 0.481341 9489
14 13 13 25.0088 0.270394 2.40044 0.530431 7810
14 13 14 25.254 0.324432 3.13199 0.481091 16324
14 13 15 25.1121 0.278574 2.55929 0.463853 9500
14 13 16 24.9886 0.301955 2.81513 0.616946 7979
14 13 17 24.0428 0.263882 2.694 0.421501 12975
14 13 18 23.1559 0.264478 2.39886 0.432561 8573
14 13 19 23.2724 0.271764 2.36655 0.513106 7492
14 13 20 23.8523 0.383121 2.70468 0.60015 7437
14 13 21 22.8234 0.297068 2.57509 0.538629 9104
14 13 22 25.0291 0.270569 2.33542 0.626608 7975
14 13 23 23.6367 0.316401 2.65326 0.728971 6900
14 13 24 24.8407 0.309547 2.95672 0.463815 13264
14 13 25 25.1276 0.297092 2.70504 0.421022 8550
14 13 26 24.3453 0.318672 2.85123 0.541734 16447
14 13 27 25.4222 0.303998 2.30407 0.81252 9407
14 13 28 25.6925 0.268643 2.50118 0.639278 8218
14 13 29 24.699 0.295926 2.84116 0.449254 13919
14 13 30 23.2068 0.281808 2.2235 0.522187 8700
14 13 31 25.5 -2 0 0 9227
14 13 32 23.0872 0.28918 2.19431 0.585971 8068
14 13 33 25.2756 0.296131 2.61271 0.532982 10786
14 13 34 24.6187 0.347598 3.07196 0.442083 16925
14 13 35 22.7016 0.268708 2.23172 0.558575 9171
14 13 36 22.8951 0.295351 2.52438 0.735569 6448
14 13 37 24.5324 0.278417 2.59162 0.445791 12762
14 13 38 23.1918 0.275838 2.42311 0.42739 9795
14 13 39 25.4781 0.324352 3.1453 0.526128 12980
14 13 40 25.1531 0.261898 2.55718 0.555771 12291
14 13 41 23.0984 0.260567 2.30158 0.556499 9802
14 13 42 24.979 0.266612 2.57866 0.504431 14441
14 13 43 24.4961 0.296634 2.82771 0.427236 16240
14 13 44 23.0784 0.288975 2.48361 0.497754 11008
14 13 45 23.111 0.25683 2.32576 0.507159 11099
14 13 46 23.6602 0.340607 2.81883 0.509081 16496
14 13 47 25.1769 0.324986 2.90884 0.525269 9974
14 13 48 23.0226 0.289336 2.39771 0.510105 11760
14 13 49 25.5 -2 0 0 15980
14 13 50 22.4664 0.29994 2.19643 0.774182 11684
14 13 51 25.8177 0.33239 3.20759 0.400716 19411
14 13 52 23.2491 0.284203 2.50718 0.645921 16895
14 13 53 25.263 0.293812 2.71936 0.608156 10629
14 13 54 24.8092 0.281468 2.62073 0.44201 14485
14 13 55 23.3238 0.3043 2.70653 0.456276 18708
14 13 56 23.5854 0.337776 2.85654 0.481575 13125
14 13 57 24.9051 0.319965 3.06219 0.540924 16068
14 13 58 24.8541 0.324204 2.7279 0.362127 15420
14 13 59 23.2699 0.37281 2.88354 0.522785 19684
14 13 60 24.7403 0.328168 3.02949 0.49432 11342
14 13 61 24.0473 0.522619 3.27326 0.679105 19656
14 13 62 22.984 0.347013 2.91562 0.487456 21765
14 13 63 24.22 0.331502 2.86002 0.500799 17263
14 14 0 26.0215 0.428437 3.05895 0.500729 14284
14 14 1 26.1463 0.451724 3.26428 0.528991 14242
14 14 2 25.2716 0.403491 3.13015 0.506391 15248
14 14 3 26.6887 0.321158 2.95261 0.407139 14870
14 14 4 25.8904 0.326972 2.88271 0.411843 12571
14 14 5 26.268 0.333043 2.90714 0.469817 14266
14 14 6 26.9467 0.405623 3.00934 0.511581 16665
14 14 7 27.088 0.39279 3.17532 0.422051 15622
14 14 8 25.6077 0.307204 2.77982 0.441102 12822
14 14 9 26.6445 0.415207 3.10668 0.543404 16921
14 14 10 27.3318 0.37632 3.26489 0.454336 20364
14 14 11 26.2468 0.319069 2.78632 0.420174 11603
14 14 12 25.1622 0.358151 2.73158 0.591172 11762
14 14 13 25.5 -2 0 0 12874
14 14 14 25.0387 0.452345 3.1093 0.51039 9606
14 14 15 26.4114 0.334659 2.76818 0.492099 12052
14 14 16 28.1157 0.555389 3.79135 0.556633 19937
14 14 17 25.0809 0.314457 2.68605 0.410754 10616
14 14 18 26.8112 0.282898 2.64759 0.476572 12606
14 14 19 27.2283 0.371111 3.22259 0.419071 14837
14 14 20 26.3921 0.316005 2.81873 0.437495 11009
14 14 21 26.6194 0.383536 3.07833 0.452072 18010
14 14 22 27.1915 0.313967 3.00123 0.371131 16096
14 14 23 25.9727 0.300673 2.55943 0.454917 9991
14 14 24 24.8721 0.39089 2.86526 0.471635 11093
14 14 25 25.5234 0.411733 2.99256 0.514162 12368
14 14 26 24.7019 0.419758 2.99857 0.462563 8810
14 14 27 26.5635 0.329283 2.85637 0.410614 11042
14 14 28 26.3196 0.333367 2.93192 0.371549 12398
14 14 29 25.8407 0.35117 2.71749 0.539214 9448
14 14 30 27.3293 0.308545 2.70197 0.396197 10303
14 14 31 27.194 0.387298 3.20614 0.445667 11444
14 14 32 27.0469 0.313539 2.77299 0.448785 10322
14 14 33 26.697 0.320322 2.76918 0.375018 9807
14 14 34 26.3549 0.3819 2.92498 0.519054 10090
14 14 35 25.527 0.353091 2.80411 0.512589 9518
14 14 36 27.0918 0.335316 2.62103 0.417354 8767
14 14 37 25.7237 0.321381 2.59699 0.438795 8400
14 14 38 27.3075 0.410047 3.09029 0.476608 9355
14 14 39 25.6832 0.313669 2.64468 0.588882 8133
14 14 40 26.4615 0.304702 2.75554 0.366018 9017
14 14 41 26.6421 0.316507 2.60449 0.484712 9700
14 14 42 26.2877 0.313635 2.49524 0.478119 8459
14 14 43 26.1885 0.355048 2.76606 0.513134 8536
14 14 44 26.7838 0.328661 2.65899 0.316738 9326
14 14 45 26.4152 0.304539 2.72881 0.378391 8590
14 14 46 26.0996 0.366759 2.85226 0.492373 9202
14 14 47 24.9687 0.388697 2.79668 0.587469 6854
14 14 48 26.9467 0.316996 2.61049 0.399464 8178
14 14 49 26.0152 0.287257 2.51024 0.510985 7906
14 14 50 26.8471 0.339402 2.65696 0.406868 8362
14 14 51 26.3424 0.344777 2.60213 0.6529 7172
14 14 52 25.8772 0.321679 2.52356 0.537662 7704
14 14 53 26.0579 0.372029 2.73949 0.439179 8613
14 14 54 26.0927 0.35973 2.52068 0.406099 8080
14 14 55 25.1907 0.334895 2.48776 0.492816 6670
14 14 56 26.5543 0.362495 2.70961 0.34033 8243
14 14 57 25.6584 0.34728 2.66546 0.418022 8023
14 14 58 24.1557 0.363742 2.53902 0.488213 7034
14 14 59 25.6264 0.358741 2.78399 0.517647 8013
14 14 60 25.4916 0.388905 2.71523 0.345387 8357
14 14 61 25.239 0.41911 2.92114 0.623204 6247
14 14 62 26.3744 0.362116 3.00108 0.537399 7761
14 14 63 23.9292 0.356928 2.48553 0.373241 6591
14 15 0 27.8976 0.552492 3.26419 0.44375 6346
14 15 1 26.8903 0.422457 2.56949 0.403658 6044
14 15 2 27.4936 0.549626 2.98821 0.362552 4828
14 15 3 27.1688 0.444463 2.86636 0.406715 3694
14 15 4 28.2411 0.442669 2.96248 0.359309 4798
14 15 5 27.2905 0.403692 2.6618 0.298119 4331
14 15 6 27.7852 0.450909 3.0007 0.395298 4905
14 15 7 26.0263 0.413303 2.51038 0.596996 3930
14 15 8 27.2965 0.433132 2.46521 0.550949 6165
14 15 9 27.0877 0.411908 2.62825 0.5233 4250
14 15 10 27.0438 0.435045 2.85793 0.393236 4243
14 15 11 27.28 0.429346 2.87714 0.405775 5423
14 15 12 27.6477 0.380135 2.65327 0.351612 4288
14 15 13 26.9521 0.369995 2.49457 0.418059 5036
14 15 14 27.8105 0.424865 3.01671 0.327084 7010
14 15 15 27.6715 0.394149 2.59344 0.529673 5426
14 15 16 27.8507 0.409478 2.80147 0.42455 4744
14 15 17 28.8035 0.664746 3.04947 0.40678 6018
14 15 18 27.5144 0.42767 2.63164 0.370009 4949
14 15 19 26.2727 0.402558 2.42318 0.579467 4652
14 15 20 28.1076 0.442628 2.90658 0.351624 5639
14 15 21 27.0294 0.397241 2.65841 0.423355 4836
14 15 22 27.045 0.403266 2.61605 0.301195 4664
14 15 23 27.755 0.406129 2.79003 0.32292 6112
14 15 24 27.2619 0.432547 2.77719 0.332264 6020
14 15 25 26.6899 0.422751 2.65327 0.427775 4146
14 15 26 27.6117 0.547665 3.09562 0.408027 6439
14 15 27 28.3327 0.396647 2.70637 0.366258 4986
14 15 28 27.3779 0.395028 2.72602 0.450651 5024
14 15 29 27.3423 0.428938 2.7082 0.41571 6954
14 15 30 27.6533 0.386229 2.68202 0.354497 5239
14 15 31 27.9891 0.531769 2.9162 0.425831 4523
14 15 32 27.5142 0.470593 2.7189 0.38892 4717
14 15 33 27.5595 0.529726 2.81572 0.491261 4350
14 15 34 28.9768 0.738317 3.46276 0.366333 5413
14 15 35 28.2117 0.474693 2.94879 0.356223 5705
14 15 36 28.2155 0.69326 3.07072 0.453895 4466
14 15 37 27.8877 0.458533 3.069 0.385445 6303
14 15 38 28.1935 0.455472 2.93232 0.325403 5723
14 15 39 27.5191 0.500233 3.14789 0.400204 7735
14 15 40 28.0888 0.459085 2.90641 0.333958 6056
14 15 41 26.8708 0.384269 2.39809 0.770968 5132
14 15 42 27.21 0.510765 2.85989 0.426331 5501
14 15 43 27.4554 0.519139 2.97795 0.356892 6507
14 15 44 28.044 0.57809 3.25081 0.330407 4926
14 15 45 27.9652 0.531293 2.97745 0.328275 4888
14 15 46 27.5129 0.576465 2.9931 0.348021 7884
14 15 47 27.9335 0.412178 2.75865 0.363173 7305
14 15 48 27.1538 0.391304 2.26055 0.62237 6315
14 15 49 27.4826 0.50159 2.98112 0.341857 6290
14 15 50 27.6232 0.517934 2.94473 0.322887 5254
14 15 51 27.8755 0.584015 3.3279 0.349132 10882
14 15 52 27.5514 0.501796 3.07775 0.307656 7211
14 15 53 27.317 0.500363 2.97126 0.382193 7817
14 15 54 26.8765 0.545527 2.89536 0.362324 6935
14 15 55 27.3247 0.592158 3.10626 0.295728 9348
14 15 56 26.8755 0.607575 3.24615 0.415159 8642
14 15 57 27.8718 0.527364 3.15589 0.373056 10255
14 15 58 26.1777 0.457368 2.79152 0.598746 6615
14 15 59 26.717 0.5841 3.22347 0.375599 8974
14 15 60 27.5938 0.521582 2.98378 0.319992 7806
14 15 61 29.2316 1.20843 4.46394 0.394242 8559
14 15 62 26.5141 0.692987 3.38155 0.396542 7605
14 15 63 26.5484 0.511566 2.97889 0.34016 8718
