#mip results PROTO15-TB2022-03
#layer chip channel mpv empv widthmpv chi2ndf nentries
0 0 0 0 -10 0 0 0
0 0 1 0 -10 0 0 0
0 0 2 0 -10 0 0 0
0 0 3 0 -10 0 0 0
0 0 4 0 -10 0 0 0
0 0 5 0 -10 0 0 0
0 0 6 0 -10 0 0 0
0 0 7 0 -10 0 0 0
0 0 8 0 -10 0 0 0
0 0 9 0 -10 0 0 0
0 0 10 0 -10 0 0 0
0 0 11 0 -10 0 0 0
0 0 12 0 -10 0 0 0
0 0 13 0 -10 0 0 0
0 0 14 0 -10 0 0 0
0 0 15 0 -10 0 0 0
0 0 16 0 -10 0 0 0
0 0 17 0 -10 0 0 0
0 0 18 0 -10 0 0 0
0 0 19 0 -10 0 0 0
0 0 20 0 -10 0 0 0
0 0 21 0 -10 0 0 0
0 0 22 0 -10 0 0 0
0 0 23 0 -10 0 0 0
0 0 24 0 -10 0 0 0
0 0 25 0 -10 0 0 0
0 0 26 0 -10 0 0 0
0 0 27 0 -10 0 0 0
0 0 28 0 -10 0 0 0
0 0 29 0 -10 0 0 0
0 0 30 0 -10 0 0 0
0 0 31 0 -10 0 0 0
0 0 32 0 -10 0 0 0
0 0 33 0 -10 0 0 0
0 0 34 0 -10 0 0 0
0 0 35 0 -10 0 0 0
0 0 36 0 -10 0 0 0
0 0 37 0 -10 0 0 0
0 0 38 0 -10 0 0 0
0 0 39 0 -10 0 0 0
0 0 40 0 -10 0 0 0
0 0 41 0 -10 0 0 0
0 0 42 0 -10 0 0 0
0 0 43 0 -10 0 0 0
0 0 44 0 -10 0 0 0
0 0 45 0 -10 0 0 0
0 0 46 0 -10 0 0 0
0 0 47 0 -10 0 0 0
0 0 48 0 -10 0 0 0
0 0 49 0 -10 0 0 0
0 0 50 0 -10 0 0 0
0 0 51 0 -10 0 0 0
0 0 52 0 -10 0 0 0
0 0 53 0 -10 0 0 0
0 0 54 0 -10 0 0 0
0 0 55 0 -10 0 0 0
0 0 56 0 -10 0 0 0
0 0 57 0 -10 0 0 0
0 0 58 0 -10 0 0 0
0 0 59 0 -10 0 0 0
0 0 60 0 -10 0 0 0
0 0 61 0 -10 0 0 0
0 0 62 0 -10 0 0 0
0 0 63 0 -10 0 0 0
0 1 0 0 -10 0 0 0
0 1 1 0 -10 0 0 0
0 1 2 0 -10 0 0 0
0 1 3 0 -10 0 0 0
0 1 4 0 -10 0 0 0
0 1 5 0 -10 0 0 0
0 1 6 0 -10 0 0 0
0 1 7 0 -10 0 0 0
0 1 8 0 -10 0 0 0
0 1 9 0 -10 0 0 0
0 1 10 0 -10 0 0 0
0 1 11 0 -10 0 0 0
0 1 12 0 -10 0 0 0
0 1 13 0 -10 0 0 0
0 1 14 0 -10 0 0 0
0 1 15 0 -10 0 0 0
0 1 16 0 -10 0 0 0
0 1 17 0 -10 0 0 0
0 1 18 0 -10 0 0 0
0 1 19 0 -10 0 0 0
0 1 20 0 -10 0 0 0
0 1 21 0 -10 0 0 0
0 1 22 0 -10 0 0 0
0 1 23 0 -10 0 0 0
0 1 24 0 -10 0 0 0
0 1 25 0 -10 0 0 0
0 1 26 0 -10 0 0 0
0 1 27 0 -10 0 0 0
0 1 28 0 -10 0 0 0
0 1 29 0 -10 0 0 0
0 1 30 0 -10 0 0 0
0 1 31 0 -10 0 0 0
0 1 32 0 -10 0 0 0
0 1 33 0 -10 0 0 0
0 1 34 0 -10 0 0 0
0 1 35 0 -10 0 0 0
0 1 36 0 -10 0 0 0
0 1 37 0 -10 0 0 0
0 1 38 0 -10 0 0 0
0 1 39 0 -10 0 0 0
0 1 40 0 -10 0 0 0
0 1 41 0 -10 0 0 0
0 1 42 0 -10 0 0 0
0 1 43 0 -10 0 0 0
0 1 44 0 -10 0 0 0
0 1 45 0 -10 0 0 0
0 1 46 0 -10 0 0 0
0 1 47 0 -10 0 0 0
0 1 48 0 -10 0 0 0
0 1 49 0 -10 0 0 0
0 1 50 0 -10 0 0 0
0 1 51 0 -10 0 0 0
0 1 52 0 -10 0 0 0
0 1 53 0 -10 0 0 0
0 1 54 0 -10 0 0 0
0 1 55 0 -10 0 0 0
0 1 56 0 -10 0 0 0
0 1 57 0 -10 0 0 0
0 1 58 0 -10 0 0 0
0 1 59 0 -10 0 0 0
0 1 60 0 -10 0 0 0
0 1 61 0 -10 0 0 0
0 1 62 0 -10 0 0 0
0 1 63 0 -10 0 0 0
0 2 0 0 -10 0 0 0
0 2 1 0 -10 0 0 0
0 2 2 0 -10 0 0 0
0 2 3 0 -10 0 0 0
0 2 4 0 -10 0 0 0
0 2 5 0 -10 0 0 0
0 2 6 0 -10 0 0 0
0 2 7 0 -10 0 0 0
0 2 8 0 -10 0 0 0
0 2 9 0 -10 0 0 0
0 2 10 0 -10 0 0 0
0 2 11 0 -10 0 0 0
0 2 12 0 -10 0 0 0
0 2 13 0 -10 0 0 0
0 2 14 0 -10 0 0 0
0 2 15 0 -10 0 0 0
0 2 16 0 -10 0 0 0
0 2 17 0 -10 0 0 0
0 2 18 0 -10 0 0 0
0 2 19 0 -10 0 0 0
0 2 20 0 -10 0 0 0
0 2 21 0 -10 0 0 0
0 2 22 0 -10 0 0 0
0 2 23 0 -10 0 0 0
0 2 24 0 -10 0 0 0
0 2 25 0 -10 0 0 0
0 2 26 0 -10 0 0 0
0 2 27 0 -10 0 0 0
0 2 28 0 -10 0 0 0
0 2 29 0 -10 0 0 0
0 2 30 0 -10 0 0 0
0 2 31 0 -10 0 0 0
0 2 32 0 -10 0 0 0
0 2 33 0 -10 0 0 0
0 2 34 0 -10 0 0 0
0 2 35 0 -10 0 0 0
0 2 36 0 -10 0 0 0
0 2 37 0 -10 0 0 0
0 2 38 0 -10 0 0 0
0 2 39 0 -10 0 0 0
0 2 40 0 -10 0 0 0
0 2 41 0 -10 0 0 0
0 2 42 0 -10 0 0 0
0 2 43 0 -10 0 0 0
0 2 44 0 -10 0 0 0
0 2 45 0 -10 0 0 0
0 2 46 0 -10 0 0 0
0 2 47 0 -10 0 0 0
0 2 48 0 -10 0 0 0
0 2 49 0 -10 0 0 0
0 2 50 0 -10 0 0 0
0 2 51 0 -10 0 0 0
0 2 52 0 -10 0 0 0
0 2 53 0 -10 0 0 0
0 2 54 0 -10 0 0 0
0 2 55 0 -10 0 0 0
0 2 56 0 -10 0 0 0
0 2 57 0 -10 0 0 0
0 2 58 0 -10 0 0 0
0 2 59 0 -10 0 0 0
0 2 60 0 -10 0 0 0
0 2 61 0 -10 0 0 0
0 2 62 0 -10 0 0 0
0 2 63 0 -10 0 0 0
0 3 0 0 -10 0 0 0
0 3 1 0 -10 0 0 0
0 3 2 0 -10 0 0 0
0 3 3 0 -10 0 0 0
0 3 4 0 -10 0 0 0
0 3 5 0 -10 0 0 0
0 3 6 0 -10 0 0 0
0 3 7 0 -10 0 0 0
0 3 8 0 -10 0 0 0
0 3 9 0 -10 0 0 0
0 3 10 0 -10 0 0 0
0 3 11 0 -10 0 0 0
0 3 12 0 -10 0 0 0
0 3 13 0 -10 0 0 0
0 3 14 0 -10 0 0 0
0 3 15 0 -10 0 0 0
0 3 16 0 -10 0 0 0
0 3 17 0 -10 0 0 0
0 3 18 0 -10 0 0 0
0 3 19 0 -10 0 0 0
0 3 20 0 -10 0 0 0
0 3 21 0 -10 0 0 0
0 3 22 0 -10 0 0 0
0 3 23 0 -10 0 0 0
0 3 24 0 -10 0 0 0
0 3 25 0 -10 0 0 0
0 3 26 0 -10 0 0 0
0 3 27 0 -10 0 0 0
0 3 28 0 -10 0 0 0
0 3 29 0 -10 0 0 0
0 3 30 0 -10 0 0 0
0 3 31 0 -10 0 0 0
0 3 32 0 -10 0 0 0
0 3 33 0 -10 0 0 0
0 3 34 0 -10 0 0 0
0 3 35 0 -10 0 0 0
0 3 36 0 -10 0 0 0
0 3 37 0 -10 0 0 0
0 3 38 0 -10 0 0 0
0 3 39 0 -10 0 0 0
0 3 40 0 -10 0 0 0
0 3 41 0 -10 0 0 0
0 3 42 0 -10 0 0 0
0 3 43 0 -10 0 0 0
0 3 44 0 -10 0 0 0
0 3 45 0 -10 0 0 0
0 3 46 0 -10 0 0 0
0 3 47 0 -10 0 0 0
0 3 48 0 -10 0 0 0
0 3 49 0 -10 0 0 0
0 3 50 0 -10 0 0 0
0 3 51 0 -10 0 0 0
0 3 52 0 -10 0 0 0
0 3 53 0 -10 0 0 0
0 3 54 0 -10 0 0 0
0 3 55 0 -10 0 0 0
0 3 56 0 -10 0 0 0
0 3 57 0 -10 0 0 0
0 3 58 0 -10 0 0 0
0 3 59 0 -10 0 0 0
0 3 60 0 -10 0 0 0
0 3 61 0 -10 0 0 0
0 3 62 0 -10 0 0 0
0 3 63 0 -10 0 0 0
0 4 0 1.5 -2 0 0 21558
0 4 1 1.5 -2 0 0 19687
0 4 2 1.5 -2 0 0 17375
0 4 3 1.5 -2 0 0 13887
0 4 4 1.5 -2 0 0 12617
0 4 5 1.5 -2 0 0 14649
0 4 6 1.5 -2 0 0 17672
0 4 7 1.5 -2 0 0 12200
0 4 8 1.5 -2 0 0 16805
0 4 9 1.5 -2 0 0 15617
0 4 10 1.5 -2 0 0 11697
0 4 11 1.5 -2 0 0 14873
0 4 12 1.5 -2 0 0 12927
0 4 13 1.5 -2 0 0 10412
0 4 14 1.5 -2 0 0 19663
0 4 15 5.5 -2 0 0 11096
0 4 16 5.5 -2 0 0 11987
0 4 17 1.5 -2 0 0 13644
0 4 18 5.5 -2 0 0 10693
0 4 19 5.5 -2 0 0 10952
0 4 20 5.5 -2 0 0 9172
0 4 21 5.5 -2 0 0 16997
0 4 22 5.5 -2 0 0 11389
0 4 23 0 -10 0 0 46
0 4 24 5.5 -2 0 0 16945
0 4 25 5.5 -2 0 0 9668
0 4 26 5.5 -2 0 0 18093
0 4 27 5.5 -2 0 0 7554
0 4 28 5.5 -2 0 0 10334
0 4 29 5.5 -2 0 0 14957
0 4 30 5.5 -2 0 0 8261
0 4 31 5.5 -2 0 0 9682
0 4 32 5.5 -2 0 0 9764
0 4 33 5.5 -2 0 0 8927
0 4 34 5.5 -2 0 0 14265
0 4 35 5.5 -2 0 0 9407
0 4 36 5.5 -2 0 0 8341
0 4 37 5.5 -2 0 0 9934
0 4 38 5.5 -2 0 0 8306
0 4 39 5.5 -2 0 0 10218
0 4 40 5.5 -2 0 0 10989
0 4 41 5.5 -2 0 0 9522
0 4 42 5.5 -2 0 0 11375
0 4 43 1.5 -2 0 0 15138
0 4 44 5.5 -2 0 0 7769
0 4 45 5.5 -2 0 0 9496
0 4 46 5.5 -2 0 0 15345
0 4 47 5.5 -2 0 0 6453
0 4 48 5.5 -2 0 0 7935
0 4 49 1.5 -2 0 0 11738
0 4 50 1.5 -2 0 0 9309
0 4 51 1.5 -2 0 0 11823
0 4 52 5.5 -2 0 0 12927
0 4 53 1.5 -2 0 0 7393
0 4 54 1.5 -2 0 0 10035
0 4 55 1.5 -2 0 0 12218
0 4 56 1.5 -2 0 0 10188
0 4 57 1.5 -2 0 0 10389
0 4 58 1.5 -2 0 0 11672
0 4 59 1.5 -2 0 0 12477
0 4 60 1.5 -2 0 0 8279
0 4 61 1.5 -2 0 0 12324
0 4 62 1.5 -2 0 0 12113
0 4 63 1.5 -2 0 0 12618
0 5 0 1.5 -2 0 0 13538
0 5 1 1.5 -2 0 0 14035
0 5 2 1.5 -2 0 0 14650
0 5 3 1.5 -2 0 0 17133
0 5 4 1.5 -2 0 0 15991
0 5 5 1.5 -2 0 0 16346
0 5 6 1.5 -2 0 0 16380
0 5 7 1.5 -2 0 0 14933
0 5 8 1.5 -2 0 0 16596
0 5 9 1.5 -2 0 0 15287
0 5 10 1.5 -2 0 0 16518
0 5 11 1.5 -2 0 0 17426
0 5 12 1.5 -2 0 0 16083
0 5 13 1.5 -2 0 0 18467
0 5 14 1.5 -2 0 0 15137
0 5 15 1.5 -2 0 0 18428
0 5 16 1.5 -2 0 0 15324
0 5 17 1.5 -2 0 0 16910
0 5 18 1.5 -2 0 0 18637
0 5 19 1.5 -2 0 0 18487
0 5 20 5.5 -2 0 0 17924
0 5 21 5.5 -2 0 0 16977
0 5 22 1.5 -2 0 0 17327
0 5 23 1.5 -2 0 0 19661
0 5 24 1.5 -2 0 0 14072
0 5 25 1.5 -2 0 0 17708
0 5 26 5.5 -2 0 0 14984
0 5 27 1.5 -2 0 0 18297
0 5 28 1.5 -2 0 0 21063
0 5 29 5.5 -2 0 0 16815
0 5 30 5.5 -2 0 0 17431
0 5 31 5.5 -2 0 0 21837
0 5 32 5.5 -2 0 0 19020
0 5 33 5.5 -2 0 0 19357
0 5 34 5.5 -2 0 0 17973
0 5 35 1.5 -2 0 0 24646
0 5 36 5.5 -2 0 0 19833
0 5 37 1.5 -2 0 0 20230
0 5 38 1.5 -2 0 0 23036
0 5 39 5.5 -2 0 0 27521
0 5 40 5.5 -2 0 0 18975
0 5 41 5.5 -2 0 0 18748
0 5 42 5.5 -2 0 0 18028
0 5 43 5.5 -2 0 0 21633
0 5 44 5.5 -2 0 0 21840
0 5 45 5.5 -2 0 0 9621
0 5 46 5.5 -2 0 0 17757
0 5 47 1.5 -2 0 0 26878
0 5 48 1.5 -2 0 0 22115
0 5 49 5.5 -2 0 0 20581
0 5 50 1.5 -2 0 0 22587
0 5 51 1.5 -2 0 0 25674
0 5 52 1.5 -2 0 0 19542
0 5 53 1.5 -2 0 0 24468
0 5 54 1.5 -2 0 0 20456
0 5 55 1.5 -2 0 0 23408
0 5 56 1.5 -2 0 0 28380
0 5 57 1.5 -2 0 0 26538
0 5 58 1.5 -2 0 0 20375
0 5 59 1.5 -2 0 0 20071
0 5 60 1.5 -2 0 0 26169
0 5 61 1.5 -2 0 0 24887
0 5 62 1.5 -2 0 0 19230
0 5 63 1.5 -2 0 0 20000
0 6 0 5.5 -2 0 0 12489
0 6 1 5.5 -2 0 0 10639
0 6 2 5.5 -2 0 0 11700
0 6 3 5.5 -2 0 0 8020
0 6 4 5.5 -2 0 0 7573
0 6 5 1.5 -2 0 0 8957
0 6 6 5.5 -2 0 0 10505
0 6 7 5.5 -2 0 0 6767
0 6 8 5.5 -2 0 0 9113
0 6 9 1.5 -2 0 0 8696
0 6 10 5.5 -2 0 0 7812
0 6 11 1.5 -2 0 0 8331
0 6 12 5.5 -2 0 0 8631
0 6 13 5.5 -2 0 0 6160
0 6 14 5.5 -2 0 0 11125
0 6 15 5.5 -2 0 0 7254
0 6 16 5.5 -2 0 0 7704
0 6 17 5.5 -2 0 0 9337
0 6 18 5.5 -2 0 0 6745
0 6 19 5.5 -2 0 0 5569
0 6 20 5.5 -2 0 0 7901
0 6 21 5.5 -2 0 0 9666
0 6 22 5.5 -2 0 0 7445
0 6 23 5.5 -2 0 0 8276
0 6 24 5.5 -2 0 0 9324
0 6 25 5.5 -2 0 0 6744
0 6 26 5.5 -2 0 0 11351
0 6 27 5.5 -2 0 0 5754
0 6 28 5.5 -2 0 0 6228
0 6 29 5.5 -2 0 0 7716
0 6 30 5.5 -2 0 0 6450
0 6 31 5.5 -2 0 0 5811
0 6 32 5.5 -2 0 0 5807
0 6 33 5.5 -2 0 0 5257
0 6 34 5.5 -2 0 0 9232
0 6 35 5.5 -2 0 0 5017
0 6 36 5.5 -2 0 0 6426
0 6 37 5.5 -2 0 0 6511
0 6 38 5.5 -2 0 0 4673
0 6 39 5.5 -2 0 0 4823
0 6 40 5.5 -2 0 0 5568
0 6 41 5.5 -2 0 0 4935
0 6 42 5.5 -2 0 0 5597
0 6 43 5.5 -2 0 0 7465
0 6 44 5.5 -2 0 0 4771
0 6 45 5.5 -2 0 0 5735
0 6 46 5.5 -2 0 0 8838
0 6 47 5.5 -2 0 0 3099
0 6 48 5.5 -2 0 0 5291
0 6 49 5.5 -2 0 0 5493
0 6 50 5.5 -2 0 0 4314
0 6 51 5.5 -2 0 0 5745
0 6 52 5.5 -2 0 0 6819
0 6 53 5.5 -2 0 0 3521
0 6 54 5.5 -2 0 0 5195
0 6 55 5.5 -2 0 0 5536
0 6 56 5.5 -2 0 0 4285
0 6 57 5.5 -2 0 0 5009
0 6 58 1.5 -2 0 0 4910
0 6 59 5.5 -2 0 0 6733
0 6 60 1.5 -2 0 0 4720
0 6 61 1.5 -2 0 0 5802
0 6 62 1.5 -2 0 0 6284
0 6 63 1.5 -2 0 0 5612
0 7 0 1.5 -2 0 0 6061
0 7 1 1.5 -2 0 0 6174
0 7 2 1.5 -2 0 0 6182
0 7 3 1.5 -2 0 0 6735
0 7 4 1.5 -2 0 0 5875
0 7 5 1.5 -2 0 0 7054
0 7 6 1.5 -2 0 0 6189
0 7 7 1.5 -2 0 0 7032
0 7 8 1.5 -2 0 0 6602
0 7 9 1.5 -2 0 0 5676
0 7 10 1.5 -2 0 0 5386
0 7 11 1.5 -2 0 0 7142
0 7 12 1.5 -2 0 0 7229
0 7 13 1.5 -2 0 0 7583
0 7 14 1.5 -2 0 0 6204
0 7 15 1.5 -2 0 0 8176
0 7 16 1.5 -2 0 0 5000
0 7 17 1.5 -2 0 0 7042
0 7 18 1.5 -2 0 0 7565
0 7 19 1.5 -2 0 0 7621
0 7 20 5.5 -2 0 0 7833
0 7 21 1.5 -2 0 0 6452
0 7 22 5.5 -2 0 0 6828
0 7 23 1.5 -2 0 0 8498
0 7 24 5.5 -2 0 0 6617
0 7 25 5.5 -2 0 0 8040
0 7 26 5.5 -2 0 0 7743
0 7 27 5.5 -2 0 0 8648
0 7 28 1.5 -2 0 0 7942
0 7 29 5.5 -2 0 0 8550
0 7 30 5.5 -2 0 0 8325
0 7 31 5.5 -2 0 0 8933
0 7 32 5.5 -2 0 0 9253
0 7 33 5.5 -2 0 0 8444
0 7 34 1.5 -2 0 0 8886
0 7 35 5.5 -2 0 0 10649
0 7 36 1.5 -2 0 0 9380
0 7 37 5.5 -2 0 0 10064
0 7 38 1.5 -2 0 0 11338
0 7 39 1.5 -2 0 0 14252
0 7 40 5.5 -2 0 0 8628
0 7 41 5.5 -2 0 0 11093
0 7 42 5.5 -2 0 0 11209
0 7 43 5.5 -2 0 0 9364
0 7 44 1.5 -2 0 0 12222
0 7 45 1.5 -2 0 0 12245
0 7 46 5.5 -2 0 0 9300
0 7 47 1.5 -2 0 0 13459
0 7 48 1.5 -2 0 0 11287
0 7 49 1.5 -2 0 0 9032
0 7 50 1.5 -2 0 0 13135
0 7 51 1.5 -2 0 0 14064
0 7 52 1.5 -2 0 0 8934
0 7 53 1.5 -2 0 0 14292
0 7 54 1.5 -2 0 0 11862
0 7 55 1.5 -2 0 0 13302
0 7 56 1.5 -2 0 0 14478
0 7 57 1.5 -2 0 0 14002
0 7 58 1.5 -2 0 0 11727
0 7 59 1.5 -2 0 0 10290
0 7 60 1.5 -2 0 0 14812
0 7 61 1.5 -2 0 0 12749
0 7 62 1.5 -2 0 0 11036
0 7 63 1.5 -2 0 0 12143
0 8 0 1.5 -2 0 0 9208
0 8 1 1.5 -2 0 0 10387
0 8 2 1.5 -2 0 0 9754
0 8 3 1.5 -2 0 0 13406
0 8 4 1.5 -2 0 0 13291
0 8 5 1.5 -2 0 0 11421
0 8 6 1.5 -2 0 0 11515
0 8 7 1.5 -2 0 0 13093
0 8 8 5.5 -2 0 0 6847
0 8 9 1.5 -2 0 0 13114
0 8 10 1.5 -2 0 0 3648
0 8 11 1.5 -2 0 0 12265
0 8 12 5.5 -2 0 0 800
0 8 13 1.5 -2 0 0 15544
0 8 14 1.5 -2 0 0 10591
0 8 15 1.5 -2 0 0 13638
0 8 16 5.5 -2 0 0 12372
0 8 17 1.5 -2 0 0 12142
0 8 18 1.5 -2 0 0 14201
0 8 19 1.5 -2 0 0 15279
0 8 20 1.5 -2 0 0 11843
0 8 21 5.5 -2 0 0 12450
0 8 22 5.5 -2 0 0 11045
0 8 23 5.5 -2 0 0 12895
0 8 24 5.5 -2 0 0 11623
0 8 25 5.5 -2 0 0 17704
0 8 26 5.5 -2 0 0 11531
0 8 27 5.5 -2 0 0 13810
0 8 28 5.5 -2 0 0 16456
0 8 29 5.5 -2 0 0 13145
0 8 30 5.5 -2 0 0 12883
0 8 31 5.5 -2 0 0 17455
0 8 32 5.5 -2 0 0 18443
0 8 33 5.5 -2 0 0 15451
0 8 34 5.5 -2 0 0 13881
0 8 35 5.5 -2 0 0 22663
0 8 36 5.5 -2 0 0 14953
0 8 37 5.5 -2 0 0 13361
0 8 38 5.5 -2 0 0 24293
0 8 39 5.5 -2 0 0 21076
0 8 40 5.5 -2 0 0 8751
0 8 41 5.5 -2 0 0 18184
0 8 42 5.5 -2 0 0 12204
0 8 43 5.5 -2 0 0 13234
0 8 44 5.5 -2 0 0 19591
0 8 45 5.5 -2 0 0 18691
0 8 46 5.5 -2 0 0 11883
0 8 47 1.5 -2 0 0 28731
0 8 48 5.5 -2 0 0 12766
0 8 49 5.5 -2 0 0 13213
0 8 50 5.5 -2 0 0 17266
0 8 51 5.5 -2 0 0 17441
0 8 52 5.5 -2 0 0 12904
0 8 53 5.5 -2 0 0 20656
0 8 54 1.5 -2 0 0 17649
0 8 55 1.5 -2 0 0 16977
0 8 56 1.5 -2 0 0 19748
0 8 57 1.5 -2 0 0 19716
0 8 58 1.5 -2 0 0 13520
0 8 59 1.5 -2 0 0 13076
0 8 60 1.5 -2 0 0 19761
0 8 61 1.5 -2 0 0 14505
0 8 62 1.5 -2 0 0 14228
0 8 63 1.5 -2 0 0 14542
0 9 0 1.5 -2 0 0 9695
0 9 1 1.5 -2 0 0 9618
0 9 2 5.5 -2 0 0 7970
0 9 3 5.5 -2 0 0 6028
0 9 4 1.5 -2 0 0 4263
0 9 5 5.5 -2 0 0 5894
0 9 6 5.5 -2 0 0 8279
0 9 7 5.5 -2 0 0 5357
0 9 8 1.5 -2 0 0 7408
0 9 9 5.5 -2 0 0 6449
0 9 10 1.5 -2 0 0 5088
0 9 11 5.5 -2 0 0 6915
0 9 12 1.5 -2 0 0 5459
0 9 13 1.5 -2 0 0 5168
0 9 14 5.5 -2 0 0 10243
0 9 15 1.5 -2 0 0 4761
0 9 16 5.5 -2 0 0 4757
0 9 17 5.5 -2 0 0 7851
0 9 18 5.5 -2 0 0 5109
0 9 19 5.5 -2 0 0 4512
0 9 20 5.5 -2 0 0 3305
0 9 21 5.5 -2 0 0 7279
0 9 22 5.5 -2 0 0 5528
0 9 23 5.5 -2 0 0 3995
0 9 24 5.5 -2 0 0 9177
0 9 25 5.5 -2 0 0 4204
0 9 26 5.5 -2 0 0 7825
0 9 27 5.5 -2 0 0 3671
0 9 28 5.5 -2 0 0 4719
0 9 29 5.5 -2 0 0 5731
0 9 30 5.5 -2 0 0 3261
0 9 31 5.5 -2 0 0 4640
0 9 32 5.5 -2 0 0 4384
0 9 33 5.5 -2 0 0 2337
0 9 34 5.5 -2 0 0 7999
0 9 35 5.5 -2 0 0 4362
0 9 36 5.5 -2 0 0 2542
0 9 37 5.5 -2 0 0 3586
0 9 38 5.5 -2 0 0 3951
0 9 39 5.5 -2 0 0 3904
0 9 40 5.5 -2 0 0 2991
0 9 41 5.5 -2 0 0 3371
0 9 42 5.5 -2 0 0 3276
0 9 43 5.5 -2 0 0 5560
0 9 44 5.5 -2 0 0 2518
0 9 45 5.5 -2 0 0 3530
0 9 46 5.5 -2 0 0 6775
0 9 47 5.5 -2 0 0 2978
0 9 48 5.5 -2 0 0 4281
0 9 49 5.5 -2 0 0 3840
0 9 50 5.5 -2 0 0 4185
0 9 51 1.5 -2 0 0 4604
0 9 52 5.5 -2 0 0 5391
0 9 53 5.5 -2 0 0 2983
0 9 54 5.5 -2 0 0 4007
0 9 55 1.5 -2 0 0 5339
0 9 56 5.5 -2 0 0 3494
0 9 57 1.5 -2 0 0 4720
0 9 58 1.5 -2 0 0 2984
0 9 59 1.5 -2 0 0 6658
0 9 60 1.5 -2 0 0 3904
0 9 61 1.5 -2 0 0 5184
0 9 62 1.5 -2 0 0 5679
0 9 63 1.5 -2 0 0 4392
0 10 0 1.5 -2 0 0 12772
0 10 1 5.5 -2 0 0 12753
0 10 2 5.5 -2 0 0 14316
0 10 3 5.5 -2 0 0 18315
0 10 4 1.5 -2 0 0 15209
0 10 5 5.5 -2 0 0 14612
0 10 6 5.5 -2 0 0 14281
0 10 7 5.5 -2 0 0 21303
0 10 8 5.5 -2 0 0 12471
0 10 9 5.5 -2 0 0 14687
0 10 10 5.5 -2 0 0 17110
0 10 11 5.5 -2 0 0 15477
0 10 12 5.5 -2 0 0 16251
0 10 13 1.5 -2 0 0 19634
0 10 14 5.5 -2 0 0 13224
0 10 15 5.5 -2 0 0 15778
0 10 16 5.5 -2 0 0 17128
0 10 17 5.5 -2 0 0 12783
0 10 18 5.5 -2 0 0 14770
0 10 19 5.5 -2 0 0 18646
0 10 20 5.5 -2 0 0 12744
0 10 21 5.5 -2 0 0 14591
0 10 22 5.5 -2 0 0 15571
0 10 23 5.5 -2 0 0 13611
0 10 24 5.5 -2 0 0 13405
0 10 25 5.5 -2 0 0 20804
0 10 26 5.5 -2 0 0 12777
0 10 27 5.5 -2 0 0 14975
0 10 28 5.5 -2 0 0 17053
0 10 29 5.5 -2 0 0 13228
0 10 30 5.5 -2 0 0 12316
0 10 31 5.5 -2 0 0 20677
0 10 32 5.5 -2 0 0 16677
0 10 33 5.5 -2 0 0 15356
0 10 34 5.5 -2 0 0 14258
0 10 35 5.5 -2 0 0 21605
0 10 36 5.5 -2 0 0 14995
0 10 37 5.5 -2 0 0 13008
0 10 38 5.5 -2 0 0 22640
0 10 39 5.5 -2 0 0 15910
0 10 40 5.5 -2 0 0 13220
0 10 41 5.5 -2 0 0 16405
0 10 42 5.5 -2 0 0 17686
0 10 43 5.5 -2 0 0 14883
0 10 44 5.5 -2 0 0 19042
0 10 45 5.5 -2 0 0 17617
0 10 46 5.5 -2 0 0 13036
0 10 47 5.5 -2 0 0 20359
0 10 48 5.5 -2 0 0 13733
0 10 49 5.5 -2 0 0 14473
0 10 50 5.5 -2 0 0 19137
0 10 51 5.5 -2 0 0 13141
0 10 52 5.5 -2 0 0 15462
0 10 53 5.5 -2 0 0 18012
0 10 54 1.5 -2 0 0 18541
0 10 55 5.5 -2 0 0 13562
0 10 56 5.5 -2 0 0 16678
0 10 57 5.5 -2 0 0 15109
0 10 58 1.5 -2 0 0 15106
0 10 59 5.5 -2 0 0 12066
0 10 60 5.5 -2 0 0 16915
0 10 61 5.5 -2 0 0 15790
0 10 62 1.5 -2 0 0 15030
0 10 63 1.5 -2 0 0 14579
0 11 0 1.5 -2 0 0 17654
0 11 1 1.5 -2 0 0 16114
0 11 2 1.5 -2 0 0 14990
0 11 3 1.5 -2 0 0 10282
0 11 4 1.5 -2 0 0 10573
0 11 5 1.5 -2 0 0 12982
0 11 6 1.5 -2 0 0 12097
0 11 7 1.5 -2 0 0 8067
0 11 8 1.5 -2 0 0 12559
0 11 9 1.5 -2 0 0 9461
0 11 10 1.5 -2 0 0 9289
0 11 11 1.5 -2 0 0 13891
0 11 12 1.5 -2 0 0 12216
0 11 13 1.5 -2 0 0 10425
0 11 14 1.5 -2 0 0 17123
0 11 15 1.5 -2 0 0 10722
0 11 16 1.5 -2 0 0 7377
0 11 17 1.5 -2 0 0 14565
0 11 18 1.5 -2 0 0 11594
0 11 19 1.5 -2 0 0 9106
0 11 20 5.5 -2 0 0 10310
0 11 21 5.5 -2 0 0 10960
0 11 22 1.5 -2 0 0 9123
0 11 23 5.5 -2 0 0 13655
0 11 24 1.5 -2 0 0 15853
0 11 25 1.5 -2 0 0 8790
0 11 26 5.5 -2 0 0 18888
0 11 27 5.5 -2 0 0 9852
0 11 28 5.5 -2 0 0 9665
0 11 29 1.5 -2 0 0 13986
0 11 30 5.5 -2 0 0 8975
0 11 31 1.5 -2 0 0 8830
0 11 32 1.5 -2 0 0 9358
0 11 33 5.5 -2 0 0 8779
0 11 34 1.5 -2 0 0 17633
0 11 35 5.5 -2 0 0 7832
0 11 36 1.5 -2 0 0 9693
0 11 37 5.5 -2 0 0 11314
0 11 38 5.5 -2 0 0 7537
0 11 39 5.5 -2 0 0 9228
0 11 40 5.5 -2 0 0 9676
0 11 41 5.5 -2 0 0 9262
0 11 42 5.5 -2 0 0 10221
0 11 43 5.5 -2 0 0 13935
0 11 44 5.5 -2 0 0 7689
0 11 45 5.5 -2 0 0 10139
0 11 46 1.5 -2 0 0 17940
0 11 47 1.5 -2 0 0 7963
0 11 48 1.5 -2 0 0 11102
0 11 49 5.5 -2 0 0 11915
0 11 50 1.5 -2 0 0 9699
0 11 51 1.5 -2 0 0 13783
0 11 52 1.5 -2 0 0 13139
0 11 53 1.5 -2 0 0 7764
0 11 54 1.5 -2 0 0 10236
0 11 55 1.5 -2 0 0 14165
0 11 56 1.5 -2 0 0 11674
0 11 57 1.5 -2 0 0 11662
0 11 58 1.5 -2 0 0 11098
0 11 59 1.5 -2 0 0 15352
0 11 60 1.5 -2 0 0 9086
0 11 61 1.5 -2 0 0 13786
0 11 62 1.5 -2 0 0 16472
0 11 63 1.5 -2 0 0 13142
0 12 0 1.5 -2 0 0 22104
0 12 1 1.5 -2 0 0 23077
0 12 2 1.5 -2 0 0 23684
0 12 3 5.5 -2 0 0 24236
0 12 4 1.5 -2 0 0 19125
0 12 5 1.5 -2 0 0 22957
0 12 6 5.5 -2 0 0 24489
0 12 7 1.5 -2 0 0 27879
0 12 8 5.5 -2 0 0 21419
0 12 9 1.5 -2 0 0 28288
0 12 10 5.5 -2 0 0 27096
0 12 11 5.5 -2 0 0 18742
0 12 12 5.5 -2 0 0 22757
0 12 13 5.5 -2 0 0 20067
0 12 14 5.5 -2 0 0 17873
0 12 15 5.5 -2 0 0 22929
0 12 16 5.5 -2 0 0 29308
0 12 17 5.5 -2 0 0 17586
0 12 18 5.5 -2 0 0 21170
0 12 19 5.5 -2 0 0 24932
0 12 20 5.5 -2 0 0 17176
0 12 21 5.5 -2 0 0 26632
0 12 22 5.5 -2 0 0 22966
0 12 23 5.5 -2 0 0 16983
0 12 24 5.5 -2 0 0 20779
0 12 25 5.5 -2 0 0 26004
0 12 26 5.5 -2 0 0 19676
0 12 27 5.5 -2 0 0 19253
0 12 28 5.5 -2 0 0 22052
0 12 29 5.5 -2 0 0 15639
0 12 30 5.5 -2 0 0 18692
0 12 31 5.5 -2 0 0 22290
0 12 32 5.5 -2 0 0 20405
0 12 33 5.5 -2 0 0 17708
0 12 34 5.5 -2 0 0 15889
0 12 35 5.5 -2 0 0 20372
0 12 36 5.5 -2 0 0 15783
0 12 37 5.5 -2 0 0 15420
0 12 38 5.5 -2 0 0 19939
0 12 39 5.5 -2 0 0 14674
0 12 40 5.5 -2 0 0 18401
0 12 41 5.5 -2 0 0 19182
0 12 42 5.5 -2 0 0 14718
0 12 43 5.5 -2 0 0 14823
0 12 44 5.5 -2 0 0 17617
0 12 45 5.5 -2 0 0 17675
0 12 46 5.5 -2 0 0 15506
0 12 47 5.5 -2 0 0 17202
0 12 48 5.5 -2 0 0 17403
0 12 49 5.5 -2 0 0 14697
0 12 50 5.5 -2 0 0 17447
0 12 51 5.5 -2 0 0 10954
0 12 52 5.5 -2 0 0 15100
0 12 53 5.5 -2 0 0 17018
0 12 54 1.5 -2 0 0 16155
0 12 55 5.5 -2 0 0 12787
0 12 56 1.5 -2 0 0 13293
0 12 57 5.5 -2 0 0 13265
0 12 58 5.5 -2 0 0 14280
0 12 59 1.5 -2 0 0 14180
0 12 60 1.5 -2 0 0 15391
0 12 61 1.5 -2 0 0 11509
0 12 62 1.5 -2 0 0 12802
0 12 63 1.5 -2 0 0 14076
0 13 0 1.5 -2 0 0 8648
0 13 1 1.5 -2 0 0 6834
0 13 2 1.5 -2 0 0 6868
0 13 3 1.5 -2 0 0 5560
0 13 4 5.5 -2 0 0 6066
0 13 5 1.5 -2 0 0 7121
0 13 6 1.5 -2 0 0 5969
0 13 7 1.5 -2 0 0 4115
0 13 8 1.5 -2 0 0 7311
0 13 9 1.5 -2 0 0 5433
0 13 10 1.5 -2 0 0 5358
0 13 11 1.5 -2 0 0 7467
0 13 12 1.5 -2 0 0 5892
0 13 13 1.5 -2 0 0 5261
0 13 14 1.5 -2 0 0 9790
0 13 15 1.5 -2 0 0 6256
0 13 16 1.5 -2 0 0 4894
0 13 17 1.5 -2 0 0 8187
0 13 18 5.5 -2 0 0 5684
0 13 19 1.5 -2 0 0 4613
0 13 20 1.5 -2 0 0 6423
0 13 21 1.5 -2 0 0 6103
0 13 22 5.5 -2 0 0 5314
0 13 23 5.5 -2 0 0 6794
0 13 24 5.5 -2 0 0 7191
0 13 25 1.5 -2 0 0 5418
0 13 26 5.5 -2 0 0 9466
0 13 27 5.5 -2 0 0 6897
0 13 28 5.5 -2 0 0 5623
0 13 29 5.5 -2 0 0 8553
0 13 30 5.5 -2 0 0 5912
0 13 31 5.5 -2 0 0 5196
0 13 32 5.5 -2 0 0 5100
0 13 33 5.5 -2 0 0 6423
0 13 34 5.5 -2 0 0 10304
0 13 35 5.5 -2 0 0 5147
0 13 36 5.5 -2 0 0 6790
0 13 37 5.5 -2 0 0 7132
0 13 38 5.5 -2 0 0 5983
0 13 39 5.5 -2 0 0 10701
0 13 40 1.5 -2 0 0 6646
0 13 41 5.5 -2 0 0 6385
0 13 42 5.5 -2 0 0 9198
0 13 43 5.5 -2 0 0 9659
0 13 44 1.5 -2 0 0 7204
0 13 45 5.5 -2 0 0 7272
0 13 46 1.5 -2 0 0 12459
0 13 47 5.5 -2 0 0 6201
0 13 48 1.5 -2 0 0 7705
0 13 49 5.5 -2 0 0 9842
0 13 50 1.5 -2 0 0 8645
0 13 51 5.5 -2 0 0 13642
0 13 52 5.5 -2 0 0 11186
0 13 53 5.5 -2 0 0 7484
0 13 54 1.5 -2 0 0 9116
0 13 55 1.5 -2 0 0 12662
0 13 56 1.5 -2 0 0 10970
0 13 57 1.5 -2 0 0 12167
0 13 58 1.5 -2 0 0 8962
0 13 59 1.5 -2 0 0 13235
0 13 60 1.5 -2 0 0 7596
0 13 61 1.5 -2 0 0 14218
0 13 62 1.5 -2 0 0 13625
0 13 63 1.5 -2 0 0 10136
0 14 0 1.5 -2 0 0 10647
0 14 1 1.5 -2 0 0 10945
0 14 2 1.5 -2 0 0 11960
0 14 3 1.5 -2 0 0 11051
0 14 4 1.5 -2 0 0 9217
0 14 5 1.5 -2 0 0 11200
0 14 6 1.5 -2 0 0 12459
0 14 7 1.5 -2 0 0 13149
0 14 8 1.5 -2 0 0 10435
0 14 9 1.5 -2 0 0 13825
0 14 10 1.5 -2 0 0 14434
0 14 11 1.5 -2 0 0 8822
0 14 12 1.5 -2 0 0 10351
0 14 13 5.5 -2 0 0 10822
0 14 14 1.5 -2 0 0 9246
0 14 15 1.5 -2 0 0 9740
0 14 16 1.5 -2 0 0 15545
0 14 17 1.5 -2 0 0 7848
0 14 18 1.5 -2 0 0 10463
0 14 19 1.5 -2 0 0 12615
0 14 20 5.5 -2 0 0 8463
0 14 21 1.5 -2 0 0 13673
0 14 22 5.5 -2 0 0 11469
0 14 23 1.5 -2 0 0 8001
0 14 24 5.5 -2 0 0 9780
0 14 25 1.5 -2 0 0 11898
0 14 26 1.5 -2 0 0 8338
0 14 27 5.5 -2 0 0 8238
0 14 28 5.5 -2 0 0 9268
0 14 29 1.5 -2 0 0 7511
0 14 30 1.5 -2 0 0 8144
0 14 31 1.5 -2 0 0 9348
0 14 32 5.5 -2 0 0 7583
0 14 33 5.5 -2 0 0 7766
0 14 34 1.5 -2 0 0 7871
0 14 35 1.5 -2 0 0 8239
0 14 36 5.5 -2 0 0 6861
0 14 37 5.5 -2 0 0 6856
0 14 38 1.5 -2 0 0 7174
0 14 39 1.5 -2 0 0 6153
0 14 40 1.5 -2 0 0 7395
0 14 41 5.5 -2 0 0 7536
0 14 42 1.5 -2 0 0 6619
0 14 43 5.5 -2 0 0 5270
0 14 44 1.5 -2 0 0 7496
0 14 45 1.5 -2 0 0 6873
0 14 46 5.5 -2 0 0 3474
0 14 47 5.5 -2 0 0 4532
0 14 48 5.5 -2 0 0 6633
0 14 49 1.5 -2 0 0 6363
0 14 50 5.5 -2 0 0 6511
0 14 51 1.5 -2 0 0 4152
0 14 52 1.5 -2 0 0 6104
0 14 53 1.5 -2 0 0 5405
0 14 54 1.5 -2 0 0 6159
0 14 55 1.5 -2 0 0 4983
0 14 56 1.5 -2 0 0 5965
0 14 57 1.5 -2 0 0 5696
0 14 58 1.5 -2 0 0 5856
0 14 59 1.5 -2 0 0 6151
0 14 60 1.5 -2 0 0 5646
0 14 61 1.5 -2 0 0 4711
0 14 62 1.5 -2 0 0 9083
0 14 63 1.5 -2 0 0 6085
0 15 0 1.5 -2 0 0 4802
0 15 1 1.5 -2 0 0 3217
0 15 2 1.5 -2 0 0 1903
0 15 3 5.5 -2 0 0 982
0 15 4 1.5 -2 0 0 8554
0 15 5 1.5 -2 0 0 4008
0 15 6 5.5 -2 0 0 1712
0 15 7 1.5 -2 0 0 3646
0 15 8 1.5 -2 0 0 4577
0 15 9 0 -10 0 0 0
0 15 10 5.5 -2 0 0 5138
0 15 11 0 -10 0 0 0
0 15 12 5.5 -2 0 0 2280
0 15 13 1.5 -2 0 0 4934
0 15 14 0 -10 0 0 0
0 15 15 1.5 -2 0 0 5396
0 15 16 5.5 -2 0 0 2916
0 15 17 5.5 -2 0 0 4065
0 15 18 1.5 -2 0 0 4776
0 15 19 5.5 -2 0 0 4040
0 15 20 5.5 -2 0 0 4376
0 15 21 1.5 -2 0 0 3904
0 15 22 5.5 -2 0 0 2357
0 15 23 5.5 -2 0 0 4865
0 15 24 5.5 -2 0 0 6297
0 15 25 5.5 -2 0 0 4211
0 15 26 5.5 -2 0 0 4880
0 15 27 5.5 -2 0 0 2591
0 15 28 5.5 -2 0 0 4574
0 15 29 3 -2 0 0 1180
0 15 30 5.5 -2 0 0 5361
0 15 31 5.5 -2 0 0 4328
0 15 32 5.5 -2 0 0 5379
0 15 33 5.5 -2 0 0 4582
0 15 34 1.5 -2 0 0 886
0 15 35 5.5 -2 0 0 4983
0 15 36 5.5 -2 0 0 4378
0 15 37 5.5 -2 0 0 6543
0 15 38 5.5 -2 0 0 4706
0 15 39 5.5 -2 0 0 7164
0 15 40 5.5 -2 0 0 5339
0 15 41 5.5 -2 0 0 5682
0 15 42 5.5 -2 0 0 4185
0 15 43 5.5 -2 0 0 6175
0 15 44 1.5 -2 0 0 5877
0 15 45 5.5 -2 0 0 5592
0 15 46 5.5 -2 0 0 6547
0 15 47 5.5 -2 0 0 5699
0 15 48 0 -10 0 0 0
0 15 49 5.5 -2 0 0 1919
0 15 50 1.5 -2 0 0 6577
0 15 51 5.5 -2 0 0 9922
0 15 52 1.5 -2 0 0 7594
0 15 53 1.5 -2 0 0 6305
0 15 54 1.5 -2 0 0 6808
0 15 55 1.5 -2 0 0 8103
0 15 56 1.5 -2 0 0 8325
0 15 57 1.5 -2 0 0 9204
0 15 58 1.5 -2 0 0 6446
0 15 59 1.5 -2 0 0 8100
0 15 60 1.5 -2 0 0 6487
0 15 61 1.5 -2 0 0 9507
0 15 62 1.5 -2 0 0 8271
0 15 63 1.5 -2 0 0 7003
1 0 0 1.5 -2 0 0 22465
1 0 1 1.5 -2 0 0 12240
1 0 2 5.5 -2 0 0 11087
1 0 3 1.5 -2 0 0 10117
1 0 4 1.5 -2 0 0 11448
1 0 5 1.5 -2 0 0 10182
1 0 6 5.5 -2 0 0 12056
1 0 7 5.5 -2 0 0 10139
1 0 8 5.5 -2 0 0 13438
1 0 9 1.5 -2 0 0 10274
1 0 10 5.5 -2 0 0 9564
1 0 11 5.5 -2 0 0 14965
1 0 12 5.5 -2 0 0 9831
1 0 13 5.5 -2 0 0 10219
1 0 14 5.5 -2 0 0 15478
1 0 15 5.5 -2 0 0 11193
1 0 16 5.5 -2 0 0 10547
1 0 17 5.5 -2 0 0 16358
1 0 18 5.5 -2 0 0 9317
1 0 19 5.5 -2 0 0 13016
1 0 20 5.5 -2 0 0 9622
1 0 21 5.5 -2 0 0 11140
1 0 22 5.5 -2 0 0 10883
1 0 23 5.5 -2 0 0 14308
1 0 24 5.5 -2 0 0 13214
1 0 25 5.5 -2 0 0 13481
1 0 26 5.5 -2 0 0 16517
1 0 27 5.5 -2 0 0 11256
1 0 28 5.5 -2 0 0 10263
1 0 29 5.5 -2 0 0 16228
1 0 30 5.5 -2 0 0 8898
1 0 31 5.5 -2 0 0 13112
1 0 32 5.5 -2 0 0 11633
1 0 33 5.5 -2 0 0 14209
1 0 34 5.5 -2 0 0 22114
1 0 35 5.5 -2 0 0 13586
1 0 36 5.5 -2 0 0 10111
1 0 37 0 -10 0 0 0
1 0 38 5.5 -2 0 0 16303
1 0 39 5.5 -2 0 0 18701
1 0 40 5.5 -2 0 0 11154
1 0 41 5.5 -2 0 0 13138
1 0 42 5.5 -2 0 0 14528
1 0 43 5.5 -2 0 0 18977
1 0 44 5.5 -2 0 0 12782
1 0 45 5.5 -2 0 0 10864
1 0 46 5.5 -2 0 0 19131
1 0 47 5.5 -2 0 0 16956
1 0 48 5.5 -2 0 0 12942
1 0 49 5.5 -2 0 0 17125
1 0 50 5.5 -2 0 0 13103
1 0 51 5.5 -2 0 0 23847
1 0 52 1.5 -2 0 0 20017
1 0 53 5.5 -2 0 0 16854
1 0 54 1.5 -2 0 0 17276
1 0 55 5.5 -2 0 0 20398
1 0 56 1.5 -2 0 0 17602
1 0 57 5.5 -2 0 0 19343
1 0 58 1.5 -2 0 0 17812
1 0 59 1.5 -2 0 0 20401
1 0 60 1.5 -2 0 0 16817
1 0 61 1.5 -2 0 0 21496
1 0 62 1.5 -2 0 0 23774
1 0 63 1.5 -2 0 0 18718
1 1 0 5.5 -2 0 0 24955
1 1 1 5.5 -2 0 0 24992
1 1 2 5.5 -2 0 0 24306
1 1 3 5.5 -2 0 0 19338
1 1 4 5.5 -2 0 0 19083
1 1 5 5.5 -2 0 0 16919
1 1 6 5.5 -2 0 0 23568
1 1 7 5.5 -2 0 0 20340
1 1 8 5.5 -2 0 0 18019
1 1 9 5.5 -2 0 0 22089
1 1 10 5.5 -2 0 0 22908
1 1 11 5.5 -2 0 0 18640
1 1 12 5.5 -2 0 0 18288
1 1 13 5.5 -2 0 0 15233
1 1 14 5.5 -2 0 0 18801
1 1 15 5.5 -2 0 0 19924
1 1 16 5.5 -2 0 0 23307
1 1 17 5.5 -2 0 0 21040
1 1 18 5.5 -2 0 0 14709
1 1 19 5.5 -2 0 0 15426
1 1 20 5.5 -2 0 0 2009
1 1 21 5.5 -2 0 0 21651
1 1 22 5.5 -2 0 0 18363
1 1 23 5.5 -2 0 0 16138
1 1 24 5.5 -2 0 0 20410
1 1 25 5.5 -2 0 0 14972
1 1 26 5.5 -2 0 0 19648
1 1 27 5.5 -2 0 0 16205
1 1 28 5.5 -2 0 0 14421
1 1 29 5.5 -2 0 0 16494
1 1 30 5.5 -2 0 0 1182
1 1 31 5.5 -2 0 0 16460
1 1 32 5.5 -2 0 0 16261
1 1 33 5.5 -2 0 0 14600
1 1 34 5.5 -2 0 0 14313
1 1 35 0 -10 0 0 0
1 1 36 5.5 -2 0 0 12169
1 1 37 0 -10 0 0 0
1 1 38 0 -10 0 0 1
1 1 39 5.5 -2 0 0 3269
1 1 40 5.5 -2 0 0 13898
1 1 41 0 -10 0 0 0
1 1 42 0 -10 0 0 0
1 1 43 5.5 -2 0 0 14237
1 1 44 0 -10 0 0 0
1 1 45 5.5 -2 0 0 15535
1 1 46 5.5 -2 0 0 19108
1 1 47 0 -10 0 0 0
1 1 48 5.5 -2 0 0 13605
1 1 49 5.5 -2 0 0 14661
1 1 50 0 -10 0 0 0
1 1 51 0 -10 0 0 0
1 1 52 5.5 -2 0 0 12205
1 1 53 0 -10 0 0 0
1 1 54 5.5 -2 0 0 13776
1 1 55 5.5 -2 0 0 11921
1 1 56 1.5 -2 0 0 1418
1 1 57 5.5 -2 0 0 13877
1 1 58 5.5 -2 0 0 15015
1 1 59 5.5 -2 0 0 14319
1 1 60 0 -10 0 0 0
1 1 61 5.5 -2 0 0 13301
1 1 62 5.5 -2 0 0 11109
1 1 63 5.5 -2 0 0 12655
1 2 0 1.5 -2 0 0 33591
1 2 1 5.5 -2 0 0 22869
1 2 2 1.5 -2 0 0 24755
1 2 3 5.5 -2 0 0 19299
1 2 4 5.5 -2 0 0 17890
1 2 5 5.5 -2 0 0 17828
1 2 6 5.5 -2 0 0 19011
1 2 7 5.5 -2 0 0 14235
1 2 8 5.5 -2 0 0 18750
1 2 9 5.5 -2 0 0 20733
1 2 10 5.5 -2 0 0 14633
1 2 11 1.5 -2 0 0 18839
1 2 12 5.5 -2 0 0 18453
1 2 13 5.5 -2 0 0 15044
1 2 14 5.5 -2 0 0 26600
1 2 15 5.5 -2 0 0 15207
1 2 16 5.5 -2 0 0 14056
1 2 17 5.5 -2 0 0 22955
1 2 18 5.5 -2 0 0 16701
1 2 19 5.5 -2 0 0 16536
1 2 20 5.5 -2 0 0 17374
1 2 21 5.5 -2 0 0 19622
1 2 22 5.5 -2 0 0 14862
1 2 23 5.5 -2 0 0 19331
1 2 24 5.5 -2 0 0 21139
1 2 25 5.5 -2 0 0 13594
1 2 26 5.5 -2 0 0 24435
1 2 27 5.5 -2 0 0 14777
1 2 28 5.5 -2 0 0 13696
1 2 29 5.5 -2 0 0 20243
1 2 30 5.5 -2 0 0 13963
1 2 31 5.5 -2 0 0 11788
1 2 32 5.5 -2 0 0 14492
1 2 33 5.5 -2 0 0 16223
1 2 34 5.5 -2 0 0 22327
1 2 35 5.5 -2 0 0 13733
1 2 36 5.5 -2 0 0 16529
1 2 37 0 -10 0 0 0
1 2 38 5.5 -2 0 0 14609
1 2 39 5.5 -2 0 0 14849
1 2 40 5.5 -2 0 0 17895
1 2 41 5.5 -2 0 0 13430
1 2 42 5.5 -2 0 0 17413
1 2 43 5.5 -2 0 0 23023
1 2 44 5.5 -2 0 0 13797
1 2 45 5.5 -2 0 0 14662
1 2 46 5.5 -2 0 0 21594
1 2 47 5.5 -2 0 0 8138
1 2 48 5.5 -2 0 0 15689
1 2 49 5.5 -2 0 0 18128
1 2 50 5.5 -2 0 0 14994
1 2 51 5.5 -2 0 0 18856
1 2 52 5.5 -2 0 0 24917
1 2 53 5.5 -2 0 0 11665
1 2 54 5.5 -2 0 0 16562
1 2 55 5.5 -2 0 0 21139
1 2 56 5.5 -2 0 0 13297
1 2 57 5.5 -2 0 0 18539
1 2 58 5.5 -2 0 0 17630
1 2 59 1.5 -2 0 0 23275
1 2 60 1.5 -2 0 0 12701
1 2 61 1.5 -2 0 0 20651
1 2 62 1.5 -2 0 0 22817
1 2 63 1.5 -2 0 0 18456
1 3 0 1.5 -2 0 0 22274
1 3 1 1.5 -2 0 0 21399
1 3 2 1.5 -2 0 0 20092
1 3 3 1.5 -2 0 0 23809
1 3 4 1.5 -2 0 0 24187
1 3 5 1.5 -2 0 0 24012
1 3 6 1.5 -2 0 0 21140
1 3 7 1.5 -2 0 0 26191
1 3 8 1.5 -2 0 0 23295
1 3 9 1.5 -2 0 0 19654
1 3 10 1.5 -2 0 0 18573
1 3 11 5.5 -2 0 0 20579
1 3 12 1.5 -2 0 0 27024
1 3 13 1.5 -2 0 0 26021
1 3 14 5.5 -2 0 0 27518
1 3 15 1.5 -2 0 0 27149
1 3 16 5.5 -2 0 0 18555
1 3 17 5.5 -2 0 0 23608
1 3 18 5.5 -2 0 0 20912
1 3 19 5.5 -2 0 0 26623
1 3 20 5.5 -2 0 0 19096
1 3 21 5.5 -2 0 0 20812
1 3 22 5.5 -2 0 0 24500
1 3 23 5.5 -2 0 0 20325
1 3 24 5.5 -2 0 0 23457
1 3 25 5.5 -2 0 0 25933
1 3 26 5.5 -2 0 0 20218
1 3 27 5.5 -2 0 0 20183
1 3 28 5.5 -2 0 0 25853
1 3 29 5.5 -2 0 0 20712
1 3 30 5.5 -2 0 0 15500
1 3 31 5.5 -2 0 0 22820
1 3 32 5.5 -2 0 0 28517
1 3 33 5.5 -2 0 0 18723
1 3 34 5.5 -2 0 0 17693
1 3 35 5.5 -2 0 0 26237
1 3 36 5.5 -2 0 0 14886
1 3 37 0 -10 0 0 0
1 3 38 5.5 -2 0 0 25433
1 3 39 5.5 -2 0 0 24764
1 3 40 5.5 -2 0 0 19803
1 3 41 5.5 -2 0 0 23213
1 3 42 5.5 -2 0 0 22308
1 3 43 5.5 -2 0 0 18516
1 3 44 5.5 -2 0 0 26060
1 3 45 5.5 -2 0 0 24657
1 3 46 5.5 -2 0 0 19966
1 3 47 5.5 -2 0 0 25791
1 3 48 5.5 -2 0 0 19166
1 3 49 5.5 -2 0 0 25971
1 3 50 5.5 -2 0 0 22676
1 3 51 5.5 -2 0 0 23058
1 3 52 5.5 -2 0 0 24222
1 3 53 5.5 -2 0 0 25862
1 3 54 5.5 -2 0 0 23234
1 3 55 1.5 -2 0 0 25379
1 3 56 1.5 -2 0 0 25233
1 3 57 1.5 -2 0 0 23195
1 3 58 1.5 -2 0 0 22338
1 3 59 1.5 -2 0 0 21244
1 3 60 1.5 -2 0 0 24654
1 3 61 1.5 -2 0 0 20998
1 3 62 1.5 -2 0 0 21635
1 3 63 1.5 -2 0 0 25586
1 4 0 1.5 -2 0 0 29073
1 4 1 5.5 -2 0 0 18420
1 4 2 1.5 -2 0 0 14702
1 4 3 1.5 -2 0 0 10592
1 4 4 1.5 -2 0 0 9298
1 4 5 5.5 -2 0 0 13275
1 4 6 1.5 -2 0 0 15631
1 4 7 1.5 -2 0 0 9169
1 4 8 1.5 -2 0 0 13955
1 4 9 1.5 -2 0 0 12943
1 4 10 1.5 -2 0 0 11104
1 4 11 1.5 -2 0 0 12306
1 4 12 5.5 -2 0 0 10966
1 4 13 1.5 -2 0 0 9326
1 4 14 5.5 -2 0 0 17408
1 4 15 5.5 -2 0 0 9234
1 4 16 5.5 -2 0 0 10242
1 4 17 5.5 -2 0 0 12503
1 4 18 5.5 -2 0 0 8489
1 4 19 5.5 -2 0 0 7896
1 4 20 5.5 -2 0 0 8742
1 4 21 5.5 -2 0 0 14174
1 4 22 5.5 -2 0 0 9627
1 4 23 5.5 -2 0 0 10532
1 4 24 5.5 -2 0 0 16701
1 4 25 5.5 -2 0 0 7629
1 4 26 5.5 -2 0 0 14388
1 4 27 5.5 -2 0 0 6579
1 4 28 5.5 -2 0 0 7777
1 4 29 5.5 -2 0 0 13964
1 4 30 5.5 -2 0 0 7319
1 4 31 5.5 -2 0 0 6879
1 4 32 5.5 -2 0 0 7853
1 4 33 5.5 -2 0 0 7830
1 4 34 5.5 -2 0 0 14876
1 4 35 5.5 -2 0 0 8789
1 4 36 5.5 -2 0 0 8594
1 4 37 0 -10 0 0 0
1 4 38 5.5 -2 0 0 6738
1 4 39 5.5 -2 0 0 9925
1 4 40 5.5 -2 0 0 10381
1 4 41 5.5 -2 0 0 7384
1 4 42 5.5 -2 0 0 7768
1 4 43 5.5 -2 0 0 11454
1 4 44 5.5 -2 0 0 6444
1 4 45 5.5 -2 0 0 9445
1 4 46 5.5 -2 0 0 16142
1 4 47 5.5 -2 0 0 7320
1 4 48 5.5 -2 0 0 6848
1 4 49 5.5 -2 0 0 11438
1 4 50 5.5 -2 0 0 7392
1 4 51 5.5 -2 0 0 10118
1 4 52 1.5 -2 0 0 10763
1 4 53 5.5 -2 0 0 5572
1 4 54 1.5 -2 0 0 9358
1 4 55 5.5 -2 0 0 10483
1 4 56 1.5 -2 0 0 8938
1 4 57 1.5 -2 0 0 9698
1 4 58 5.5 -2 0 0 8757
1 4 59 1.5 -2 0 0 10732
1 4 60 1.5 -2 0 0 6893
1 4 61 1.5 -2 0 0 10831
1 4 62 1.5 -2 0 0 10341
1 4 63 1.5 -2 0 0 9832
1 5 0 1.5 -2 0 0 23993
1 5 1 1.5 -2 0 0 16332
1 5 2 5.5 -2 0 0 14171
1 5 3 5.5 -2 0 0 15706
1 5 4 1.5 -2 0 0 16932
1 5 5 5.5 -2 0 0 13849
1 5 6 5.5 -2 0 0 14498
1 5 7 5.5 -2 0 0 14414
1 5 8 5.5 -2 0 0 16498
1 5 9 1.5 -2 0 0 13579
1 5 10 5.5 -2 0 0 13600
1 5 11 5.5 -2 0 0 14435
1 5 12 5.5 -2 0 0 13779
1 5 13 5.5 -2 0 0 16584
1 5 14 5.5 -2 0 0 12864
1 5 15 5.5 -2 0 0 17758
1 5 16 5.5 -2 0 0 14433
1 5 17 5.5 -2 0 0 16171
1 5 18 5.5 -2 0 0 16831
1 5 19 5.5 -2 0 0 18854
1 5 20 5.5 -2 0 0 14637
1 5 21 5.5 -2 0 0 17020
1 5 22 5.5 -2 0 0 15138
1 5 23 5.5 -2 0 0 14801
1 5 24 5.5 -2 0 0 12731
1 5 25 5.5 -2 0 0 16325
1 5 26 5.5 -2 0 0 15722
1 5 27 5.5 -2 0 0 15551
1 5 28 5.5 -2 0 0 16684
1 5 29 5.5 -2 0 0 16318
1 5 30 5.5 -2 0 0 16070
1 5 31 5.5 -2 0 0 18236
1 5 32 5.5 -2 0 0 18627
1 5 33 5.5 -2 0 0 18217
1 5 34 5.5 -2 0 0 16192
1 5 35 5.5 -2 0 0 16544
1 5 36 5.5 -2 0 0 16683
1 5 37 0 -10 0 0 0
1 5 38 5.5 -2 0 0 23765
1 5 39 5.5 -2 0 0 20817
1 5 40 5.5 -2 0 0 18626
1 5 41 5.5 -2 0 0 17985
1 5 42 5.5 -2 0 0 19794
1 5 43 5.5 -2 0 0 19179
1 5 44 5.5 -2 0 0 16599
1 5 45 5.5 -2 0 0 16472
1 5 46 5.5 -2 0 0 17694
1 5 47 5.5 -2 0 0 25675
1 5 48 5.5 -2 0 0 19372
1 5 49 5.5 -2 0 0 16758
1 5 50 5.5 -2 0 0 24818
1 5 51 5.5 -2 0 0 23911
1 5 52 1.5 -2 0 0 17359
1 5 53 5.5 -2 0 0 20396
1 5 54 1.5 -2 0 0 21734
1 5 55 1.5 -2 0 0 21850
1 5 56 1.5 -2 0 0 25289
1 5 57 1.5 -2 0 0 24207
1 5 58 1.5 -2 0 0 19336
1 5 59 1.5 -2 0 0 20070
1 5 60 5.5 -2 0 0 21952
1 5 61 1.5 -2 0 0 25013
1 5 62 1.5 -2 0 0 21894
1 5 63 1.5 -2 0 0 19074
1 6 0 1.5 -2 0 0 21042
1 6 1 5.5 -2 0 0 10319
1 6 2 5.5 -2 0 0 10739
1 6 3 5.5 -2 0 0 5515
1 6 4 5.5 -2 0 0 6378
1 6 5 5.5 -2 0 0 6404
1 6 6 5.5 -2 0 0 8471
1 6 7 5.5 -2 0 0 5644
1 6 8 5.5 -2 0 0 7596
1 6 9 5.5 -2 0 0 7177
1 6 10 5.5 -2 0 0 5696
1 6 11 5.5 -2 0 0 5404
1 6 12 5.5 -2 0 0 6414
1 6 13 5.5 -2 0 0 5210
1 6 14 5.5 -2 0 0 9082
1 6 15 5.5 -2 0 0 5363
1 6 16 5.5 -2 0 0 8171
1 6 17 5.5 -2 0 0 6153
1 6 18 5.5 -2 0 0 4984
1 6 19 5.5 -2 0 0 7290
1 6 20 5.5 -2 0 0 6181
1 6 21 5.5 -2 0 0 7800
1 6 22 5.5 -2 0 0 6020
1 6 23 5.5 -2 0 0 7103
1 6 24 5.5 -2 0 0 8685
1 6 25 5.5 -2 0 0 6641
1 6 26 5.5 -2 0 0 8564
1 6 27 5.5 -2 0 0 3852
1 6 28 5.5 -2 0 0 4947
1 6 29 5.5 -2 0 0 6776
1 6 30 5.5 -2 0 0 5214
1 6 31 5.5 -2 0 0 3236
1 6 32 4.66009 0.339878 0.413948 0.00870351 4152
1 6 33 5.5 -2 0 0 4292
1 6 34 5.5 -2 0 0 7676
1 6 35 5.5 -2 0 0 5273
1 6 36 5.5 -2 0 0 5041
1 6 37 0 -10 0 0 0
1 6 38 5.5 -2 0 0 4238
1 6 39 5.5 -2 0 0 2957
1 6 40 5.5 -2 0 0 4894
1 6 41 5.5 -2 0 0 4697
1 6 42 5.5 -2 0 0 4497
1 6 43 5.5 -2 0 0 6455
1 6 44 5.5 -2 0 0 4458
1 6 45 5.5 -2 0 0 4400
1 6 46 5.5 -2 0 0 7206
1 6 47 5.5 -2 0 0 1842
1 6 48 5.5 -2 0 0 5040
1 6 49 5.5 -2 0 0 4760
1 6 50 5.5 -2 0 0 5034
1 6 51 5.5 -2 0 0 2898
1 6 52 5.5 -2 0 0 7351
1 6 53 5.5 -2 0 0 2577
1 6 54 5.5 -2 0 0 5254
1 6 55 5.5 -2 0 0 6234
1 6 56 5.5 -2 0 0 2822
1 6 57 5.5 -2 0 0 2904
1 6 58 5.5 -2 0 0 4891
1 6 59 5.5 -2 0 0 6139
1 6 60 5.5 -2 0 0 3069
1 6 61 5.5 -2 0 0 3851
1 6 62 1.5 -2 0 0 6691
1 6 63 5.5 -2 0 0 4915
1 7 0 1.5 -2 0 0 5640
1 7 1 5.5 -2 0 0 3097
1 7 2 5.5 -2 0 0 2595
1 7 3 5.5 -2 0 0 4737
1 7 4 5.5 -2 0 0 4103
1 7 5 5.5 -2 0 0 5069
1 7 6 5.5 -2 0 0 2626
1 7 7 5.5 -2 0 0 3832
1 7 8 5.5 -2 0 0 4668
1 7 9 5.5 -2 0 0 2518
1 7 10 5.5 -2 0 0 2680
1 7 11 5.5 -2 0 0 4630
1 7 12 5.5 -2 0 0 4313
1 7 13 5.5 -2 0 0 5333
1 7 14 5.5 -2 0 0 4758
1 7 15 5.5 -2 0 0 5017
1 7 16 5.5 -2 0 0 3102
1 7 17 5.5 -2 0 0 6125
1 7 18 5.5 -2 0 0 5176
1 7 19 5.5 -2 0 0 6167
1 7 20 5.5 -2 0 0 4770
1 7 21 5.5 -2 0 0 2248
1 7 22 5.5 -2 0 0 4923
1 7 23 5.5 -2 0 0 5333
1 7 24 5.5 -2 0 0 4659
1 7 25 5.5 -2 0 0 5177
1 7 26 5.5 -2 0 0 5037
1 7 27 5.5 -2 0 0 5544
1 7 28 5.5 -2 0 0 4760
1 7 29 5.5 -2 0 0 5069
1 7 30 5.5 -2 0 0 4911
1 7 31 5.5 -2 0 0 5395
1 7 32 5.5 -2 0 0 5379
1 7 33 5.5 -2 0 0 5003
1 7 34 5.5 -2 0 0 4835
1 7 35 5.5 -2 0 0 5486
1 7 36 5.5 -2 0 0 7441
1 7 37 0 -10 0 0 0
1 7 38 5.5 -2 0 0 8007
1 7 39 5.5 -2 0 0 11102
1 7 40 5.5 -2 0 0 3275
1 7 41 5.5 -2 0 0 8056
1 7 42 5.5 -2 0 0 5491
1 7 43 5.5 -2 0 0 6012
1 7 44 5.5 -2 0 0 7565
1 7 45 5.5 -2 0 0 5620
1 7 46 5.5 -2 0 0 5701
1 7 47 5.5 -2 0 0 8349
1 7 48 5.5 -2 0 0 6370
1 7 49 5.5 -2 0 0 6729
1 7 50 5.5 -2 0 0 7848
1 7 51 5.5 -2 0 0 9798
1 7 52 5.5 -2 0 0 6565
1 7 53 5.5 -2 0 0 8665
1 7 54 5.5 -2 0 0 7323
1 7 55 5.5 -2 0 0 7684
1 7 56 5.5 -2 0 0 10041
1 7 57 5.5 -2 0 0 10832
1 7 58 5.5 -2 0 0 7806
1 7 59 5.5 -2 0 0 7465
1 7 60 5.5 -2 0 0 10451
1 7 61 5.5 -2 0 0 9309
1 7 62 5.5 -2 0 0 7557
1 7 63 5.5 -2 0 0 6051
1 8 0 1.5 -2 0 0 14354
1 8 1 5.5 -2 0 0 6272
1 8 2 5.5 -2 0 0 7143
1 8 3 5.5 -2 0 0 8852
1 8 4 5.5 -2 0 0 9398
1 8 5 5.5 -2 0 0 6995
1 8 6 5.5 -2 0 0 7874
1 8 7 5.5 -2 0 0 9531
1 8 8 5.5 -2 0 0 6160
1 8 9 5.5 -2 0 0 8015
1 8 10 5.5 -2 0 0 6709
1 8 11 5.5 -2 0 0 6699
1 8 12 5.5 -2 0 0 7051
1 8 13 5.5 -2 0 0 9696
1 8 14 5.5 -2 0 0 6265
1 8 15 5.5 -2 0 0 8078
1 8 16 5.5 -2 0 0 8476
1 8 17 5.5 -2 0 0 7712
1 8 18 5.5 -2 0 0 7046
1 8 19 5.5 -2 0 0 10415
1 8 20 5.5 -2 0 0 6832
1 8 21 5.5 -2 0 0 7012
1 8 22 5.5 -2 0 0 7471
1 8 23 5.5 -2 0 0 7722
1 8 24 5.5 -2 0 0 5568
1 8 25 5.5 -2 0 0 9812
1 8 26 5.5 -2 0 0 8145
1 8 27 4.74303 0.228628 0.452261 0.0160239 7847
1 8 28 4.64176 0.265298 0.511986 0.00277964 8172
1 8 29 5.5 -2 0 0 7787
1 8 30 5.5 -2 0 0 7929
1 8 31 5.5 -2 0 0 12799
1 8 32 5.5 -2 0 0 10811
1 8 33 5.5 -2 0 0 12203
1 8 34 5.5 -2 0 0 8658
1 8 35 5.5 -2 0 0 11825
1 8 36 5.5 -2 0 0 8547
1 8 37 0 -10 0 0 0
1 8 38 5.5 -2 0 0 12737
1 8 39 4.61533 0.277133 0.482643 0.00465415 11940
1 8 40 0 -10 0 0 64
1 8 41 5.5 -2 0 0 9567
1 8 42 5.5 -2 0 0 6786
1 8 43 5.5 -2 0 0 7551
1 8 44 5.5 -2 0 0 9914
1 8 45 5.5 -2 0 0 9422
1 8 46 5.5 -2 0 0 6894
1 8 47 5.5 -2 0 0 16115
1 8 48 5.5 -2 0 0 7210
1 8 49 5.5 -2 0 0 10923
1 8 50 5.5 -2 0 0 10124
1 8 51 5.5 -2 0 0 7211
1 8 52 5.5 -2 0 0 10493
1 8 53 5.5 -2 0 0 10845
1 8 54 5.5 -2 0 0 9965
1 8 55 5.5 -2 0 0 8942
1 8 56 5.5 -2 0 0 10659
1 8 57 5.5 -2 0 0 9972
1 8 58 5.5 -2 0 0 8145
1 8 59 5.5 -2 0 0 6653
1 8 60 5.5 -2 0 0 12057
1 8 61 5.5 -2 0 0 9891
1 8 62 5.5 -2 0 0 10319
1 8 63 5.5 -2 0 0 8706
1 9 0 1.5 -2 0 0 18514
1 9 1 1.5 -2 0 0 12892
1 9 2 1.5 -2 0 0 9911
1 9 3 1.5 -2 0 0 5570
1 9 4 5.5 -2 0 0 4029
1 9 5 1.5 -2 0 0 5387
1 9 6 1.5 -2 0 0 7397
1 9 7 1.5 -2 0 0 5799
1 9 8 5.5 -2 0 0 6097
1 9 9 1.5 -2 0 0 7655
1 9 10 5.5 -2 0 0 4800
1 9 11 5.5 -2 0 0 5063
1 9 12 5.5 -2 0 0 5275
1 9 13 5.5 -2 0 0 6329
1 9 14 5.5 -2 0 0 13526
1 9 15 5.5 -2 0 0 4115
1 9 16 1.5 -2 0 0 6164
1 9 17 5.5 -2 0 0 6790
1 9 18 5.5 -2 0 0 5063
1 9 19 5.5 -2 0 0 4065
1 9 20 5.5 -2 0 0 3022
1 9 21 5.5 -2 0 0 5323
1 9 22 5.5 -2 0 0 3166
1 9 23 5.5 -2 0 0 6346
1 9 24 5.5 -2 0 0 8997
1 9 25 5.5 -2 0 0 3087
1 9 26 5.5 -2 0 0 7488
1 9 27 5.5 -2 0 0 3811
1 9 28 5.5 -2 0 0 4538
1 9 29 5.5 -2 0 0 5992
1 9 30 0 -10 0 0 37
1 9 31 5.5 -2 0 0 3304
1 9 32 1.5 -2 0 0 3448
1 9 33 5.5 -2 0 0 2345
1 9 34 5.5 -2 0 0 7869
1 9 35 5.5 -2 0 0 3567
1 9 36 5.5 -2 0 0 2621
1 9 37 0 -10 0 0 0
1 9 38 1.5 -2 0 0 4504
1 9 39 0 -10 0 0 1
1 9 40 5.5 -2 0 0 2815
1 9 41 5.5 -2 0 0 3137
1 9 42 5.5 -2 0 0 3183
1 9 43 5.5 -2 0 0 6134
1 9 44 5.5 -2 0 0 2446
1 9 45 5.5 -2 0 0 3091
1 9 46 5.5 -2 0 0 6474
1 9 47 1.5 -2 0 0 3542
1 9 48 5.5 -2 0 0 3268
1 9 49 1.5 -2 0 0 4531
1 9 50 5.5 -2 0 0 3397
1 9 51 5.5 -2 0 0 4963
1 9 52 5.5 -2 0 0 6018
1 9 53 1.5 -2 0 0 4376
1 9 54 1.5 -2 0 0 3705
1 9 55 1.5 -2 0 0 6987
1 9 56 5.5 -2 0 0 3307
1 9 57 1.5 -2 0 0 4789
1 9 58 1.5 -2 0 0 3249
1 9 59 1.5 -2 0 0 6948
1 9 60 1.5 -2 0 0 4959
1 9 61 1.5 -2 0 0 5394
1 9 62 1.5 -2 0 0 7098
1 9 63 1.5 -2 0 0 3861
1 10 0 1.5 -2 0 0 29744
1 10 1 1.5 -2 0 0 18897
1 10 2 1.5 -2 0 0 18098
1 10 3 1.5 -2 0 0 19703
1 10 4 1.5 -2 0 0 19581
1 10 5 1.5 -2 0 0 17416
1 10 6 1.5 -2 0 0 20746
1 10 7 1.5 -2 0 0 28324
1 10 8 1.5 -2 0 0 15709
1 10 9 1.5 -2 0 0 20219
1 10 10 1.5 -2 0 0 23123
1 10 11 1.5 -2 0 0 16968
1 10 12 1.5 -2 0 0 19382
1 10 13 1.5 -2 0 0 28003
1 10 14 1.5 -2 0 0 20456
1 10 15 1.5 -2 0 0 21394
1 10 16 1.5 -2 0 0 28731
1 10 17 1.5 -2 0 0 17970
1 10 18 1.5 -2 0 0 19444
1 10 19 1.5 -2 0 0 27189
1 10 20 1.5 -2 0 0 19405
1 10 21 1.5 -2 0 0 19525
1 10 22 1.5 -2 0 0 22086
1 10 23 1.5 -2 0 0 16002
1 10 24 1.5 -2 0 0 16687
1 10 25 1.5 -2 0 0 26105
1 10 26 5.5 -2 0 0 19641
1 10 27 1.5 -2 0 0 21236
1 10 28 1.5 -2 0 0 20343
1 10 29 5.5 -2 0 0 14048
1 10 30 5.5 -2 0 0 13196
1 10 31 1.5 -2 0 0 26966
1 10 32 1.5 -2 0 0 19785
1 10 33 1.5 -2 0 0 17114
1 10 34 1.5 -2 0 0 16626
1 10 35 5.5 -2 0 0 33666
1 10 36 5.5 -2 0 0 18365
1 10 37 0 -10 0 0 0
1 10 38 1.5 -2 0 0 32923
1 10 39 1.5 -2 0 0 19395
1 10 40 5.5 -2 0 0 15566
1 10 41 1.5 -2 0 0 20068
1 10 42 5.5 -2 0 0 17026
1 10 43 1.5 -2 0 0 18839
1 10 44 1.5 -2 0 0 19213
1 10 45 1.5 -2 0 0 17090
1 10 46 1.5 -2 0 0 15878
1 10 47 5.5 -2 0 0 21702
1 10 48 1.5 -2 0 0 14486
1 10 49 1.5 -2 0 0 25794
1 10 50 1.5 -2 0 0 30069
1 10 51 1.5 -2 0 0 17135
1 10 52 1.5 -2 0 0 17076
1 10 53 1.5 -2 0 0 17653
1 10 54 1.5 -2 0 0 20787
1 10 55 1.5 -2 0 0 20148
1 10 56 1.5 -2 0 0 17428
1 10 57 1.5 -2 0 0 15965
1 10 58 1.5 -2 0 0 16956
1 10 59 1.5 -2 0 0 15928
1 10 60 1.5 -2 0 0 24401
1 10 61 1.5 -2 0 0 16988
1 10 62 1.5 -2 0 0 18625
1 10 63 1.5 -2 0 0 18368
1 11 0 1.5 -2 0 0 27459
1 11 1 5.5 -2 0 0 13210
1 11 2 5.5 -2 0 0 11515
1 11 3 5.5 -2 0 0 8965
1 11 4 5.5 -2 0 0 7858
1 11 5 5.5 -2 0 0 9716
1 11 6 5.5 -2 0 0 9693
1 11 7 5.5 -2 0 0 4673
1 11 8 5.5 -2 0 0 10526
1 11 9 5.5 -2 0 0 7031
1 11 10 5.5 -2 0 0 8919
1 11 11 5.5 -2 0 0 10391
1 11 12 5.5 -2 0 0 10550
1 11 13 5.5 -2 0 0 5398
1 11 14 5.5 -2 0 0 18352
1 11 15 5.5 -2 0 0 6942
1 11 16 5.5 -2 0 0 5937
1 11 17 5.5 -2 0 0 12558
1 11 18 5.5 -2 0 0 8087
1 11 19 5.5 -2 0 0 4191
1 11 20 5.5 -2 0 0 10005
1 11 21 5.5 -2 0 0 7585
1 11 22 5.5 -2 0 0 10393
1 11 23 5.5 -2 0 0 10063
1 11 24 5.5 -2 0 0 13154
1 11 25 5.5 -2 0 0 9295
1 11 26 5.5 -2 0 0 13458
1 11 27 5.5 -2 0 0 8138
1 11 28 5.5 -2 0 0 6337
1 11 29 5.5 -2 0 0 13112
1 11 30 5.5 -2 0 0 7106
1 11 31 5.5 -2 0 0 9747
1 11 32 5.5 -2 0 0 7602
1 11 33 5.5 -2 0 0 8273
1 11 34 5.5 -2 0 0 14861
1 11 35 5.5 -2 0 0 8172
1 11 36 5.5 -2 0 0 8116
1 11 37 0 -10 0 0 0
1 11 38 5.5 -2 0 0 8220
1 11 39 5.5 -2 0 0 8645
1 11 40 5.5 -2 0 0 10627
1 11 41 5.5 -2 0 0 6281
1 11 42 5.5 -2 0 0 8968
1 11 43 5.5 -2 0 0 12397
1 11 44 5.5 -2 0 0 6081
1 11 45 5.5 -2 0 0 8158
1 11 46 5.5 -2 0 0 13298
1 11 47 5.5 -2 0 0 5840
1 11 48 5.5 -2 0 0 7538
1 11 49 5.5 -2 0 0 9824
1 11 50 5.5 -2 0 0 8392
1 11 51 5.5 -2 0 0 12417
1 11 52 5.5 -2 0 0 16292
1 11 53 5.5 -2 0 0 6767
1 11 54 5.5 -2 0 0 8561
1 11 55 5.5 -2 0 0 14160
1 11 56 5.5 -2 0 0 8997
1 11 57 5.5 -2 0 0 9994
1 11 58 5.5 -2 0 0 8976
1 11 59 5.5 -2 0 0 14961
1 11 60 5.5 -2 0 0 7299
1 11 61 5.5 -2 0 0 15010
1 11 62 5.5 -2 0 0 18188
1 11 63 5.5 -2 0 0 16125
1 12 0 1.5 -2 0 0 31200
1 12 1 1.5 -2 0 0 21156
1 12 2 1.5 -2 0 0 19791
1 12 3 1.5 -2 0 0 15251
1 12 4 1.5 -2 0 0 17690
1 12 5 1.5 -2 0 0 16220
1 12 6 1.5 -2 0 0 16125
1 12 7 1.5 -2 0 0 18600
1 12 8 1.5 -2 0 0 14698
1 12 9 5.5 -2 0 0 22642
1 12 10 1.5 -2 0 0 26140
1 12 11 1.5 -2 0 0 14075
1 12 12 5.5 -2 0 0 19165
1 12 13 1.5 -2 0 0 17754
1 12 14 1.5 -2 0 0 18650
1 12 15 1.5 -2 0 0 14859
1 12 16 5.5 -2 0 0 21539
1 12 17 5.5 -2 0 0 12921
1 12 18 1.5 -2 0 0 18324
1 12 19 5.5 -2 0 0 21826
1 12 20 5.5 -2 0 0 12418
1 12 21 1.5 -2 0 0 28898
1 12 22 5.5 -2 0 0 14819
1 12 23 5.5 -2 0 0 13492
1 12 24 5.5 -2 0 0 16292
1 12 25 5.5 -2 0 0 13799
1 12 26 5.5 -2 0 0 17357
1 12 27 5.5 -2 0 0 12489
1 12 28 5.5 -2 0 0 23349
1 12 29 5.5 -2 0 0 12609
1 12 30 5.5 -2 0 0 12161
1 12 31 5.5 -2 0 0 22138
1 12 32 5.5 -2 0 0 17437
1 12 33 5.5 -2 0 0 13971
1 12 34 5.5 -2 0 0 12038
1 12 35 5.5 -2 0 0 12992
1 12 36 5.5 -2 0 0 14518
1 12 37 0 -10 0 0 0
1 12 38 5.5 -2 0 0 18539
1 12 39 5.5 -2 0 0 12736
1 12 40 1.5 -2 0 0 15348
1 12 41 1.5 -2 0 0 15357
1 12 42 5.5 -2 0 0 12894
1 12 43 5.5 -2 0 0 12231
1 12 44 5.5 -2 0 0 13119
1 12 45 5.5 -2 0 0 13941
1 12 46 5.5 -2 0 0 11412
1 12 47 5.5 -2 0 0 14575
1 12 48 1.5 -2 0 0 15176
1 12 49 1.5 -2 0 0 13536
1 12 50 5.5 -2 0 0 12636
1 12 51 1.5 -2 0 0 10906
1 12 52 1.5 -2 0 0 14158
1 12 53 1.5 -2 0 0 12974
1 12 54 1.5 -2 0 0 13361
1 12 55 1.5 -2 0 0 10878
1 12 56 1.5 -2 0 0 10785
1 12 57 1.5 -2 0 0 11275
1 12 58 0 -10 0 0 0
1 12 59 1.5 -2 0 0 10696
1 12 60 1.5 -2 0 0 14404
1 12 61 1.5 -2 0 0 9687
1 12 62 1.5 -2 0 0 9893
1 12 63 1.5 -2 0 0 10736
1 13 0 1.5 -2 0 0 16782
1 13 1 1.5 -2 0 0 8253
1 13 2 1.5 -2 0 0 6644
1 13 3 1.5 -2 0 0 5834
1 13 4 1.5 -2 0 0 4441
1 13 5 1.5 -2 0 0 8430
1 13 6 1.5 -2 0 0 5578
1 13 7 1.5 -2 0 0 3431
1 13 8 1.5 -2 0 0 5206
1 13 9 1.5 -2 0 0 4762
1 13 10 1.5 -2 0 0 4868
1 13 11 1.5 -2 0 0 6746
1 13 12 1.5 -2 0 0 5301
1 13 13 1.5 -2 0 0 3205
1 13 14 1.5 -2 0 0 11463
1 13 15 1.5 -2 0 0 4387
1 13 16 5.5 -2 0 0 3889
1 13 17 1.5 -2 0 0 7447
1 13 18 1.5 -2 0 0 6155
1 13 19 1.5 -2 0 0 3575
1 13 20 1.5 -2 0 0 6191
1 13 21 1.5 -2 0 0 5129
1 13 22 5.5 -2 0 0 3922
1 13 23 1.5 -2 0 0 5783
1 13 24 1.5 -2 0 0 7191
1 13 25 5.5 -2 0 0 3916
1 13 26 5.5 -2 0 0 8478
1 13 27 1.5 -2 0 0 4141
1 13 28 1.5 -2 0 0 4808
1 13 29 5.5 -2 0 0 7077
1 13 30 5.5 -2 0 0 4334
1 13 31 1.5 -2 0 0 3843
1 13 32 1.5 -2 0 0 4706
1 13 33 5.5 -2 0 0 4863
1 13 34 1.5 -2 0 0 10194
1 13 35 1.5 -2 0 0 4549
1 13 36 1.5 -2 0 0 5242
1 13 37 0 -10 0 0 0
1 13 38 1.5 -2 0 0 4889
1 13 39 1.5 -2 0 0 12047
1 13 40 1.5 -2 0 0 8499
1 13 41 1.5 -2 0 0 4142
1 13 42 5.5 -2 0 0 6398
1 13 43 1.5 -2 0 0 10656
1 13 44 1.5 -2 0 0 5822
1 13 45 1.5 -2 0 0 6514
1 13 46 1.5 -2 0 0 9801
1 13 47 1.5 -2 0 0 5960
1 13 48 1.5 -2 0 0 5515
1 13 49 1.5 -2 0 0 6966
1 13 50 1.5 -2 0 0 7022
1 13 51 1.5 -2 0 0 10552
1 13 52 1.5 -2 0 0 9282
1 13 53 1.5 -2 0 0 10412
1 13 54 1.5 -2 0 0 10119
1 13 55 1.5 -2 0 0 13176
1 13 56 1.5 -2 0 0 11042
1 13 57 1.5 -2 0 0 12627
1 13 58 1.5 -2 0 0 11705
1 13 59 1.5 -2 0 0 11056
1 13 60 1.5 -2 0 0 5748
1 13 61 1.5 -2 0 0 14440
1 13 62 1.5 -2 0 0 15134
1 13 63 1.5 -2 0 0 9701
1 14 0 1.5 -2 0 0 17189
1 14 1 5.5 -2 0 0 6879
1 14 2 5.5 -2 0 0 7139
1 14 3 5.5 -2 0 0 4365
1 14 4 5.5 -2 0 0 5866
1 14 5 5.5 -2 0 0 5798
1 14 6 5.5 -2 0 0 7859
1 14 7 5.5 -2 0 0 4734
1 14 8 5.5 -2 0 0 5071
1 14 9 5.5 -2 0 0 8208
1 14 10 5.5 -2 0 0 9612
1 14 11 5.5 -2 0 0 4818
1 14 12 5.5 -2 0 0 6342
1 14 13 5.5 -2 0 0 5092
1 14 14 5.5 -2 0 0 4577
1 14 15 5.5 -2 0 0 3205
1 14 16 5.5 -2 0 0 9030
1 14 17 5.5 -2 0 0 4273
1 14 18 5.5 -2 0 0 3701
1 14 19 5.5 -2 0 0 4504
1 14 20 5.5 -2 0 0 4100
1 14 21 5.5 -2 0 0 7488
1 14 22 5.5 -2 0 0 6757
1 14 23 5.5 -2 0 0 2937
1 14 24 5.5 -2 0 0 4979
1 14 25 5.5 -2 0 0 5869
1 14 26 5.5 -2 0 0 3540
1 14 27 5.5 -2 0 0 5228
1 14 28 5.5 -2 0 0 4100
1 14 29 5.5 -2 0 0 5379
1 14 30 5.5 -2 0 0 5006
1 14 31 5.5 -2 0 0 3492
1 14 32 5.5 -2 0 0 3829
1 14 33 5.5 -2 0 0 3562
1 14 34 5.5 -2 0 0 3840
1 14 35 5.5 -2 0 0 5042
1 14 36 5.5 -2 0 0 2715
1 14 37 0 -10 0 0 0
1 14 38 5.5 -2 0 0 3782
1 14 39 4.61083 0.308021 0.50041 0.0258817 1900
1 14 40 5.5 -2 0 0 4380
1 14 41 5.5 -2 0 0 4586
1 14 42 5.5 -2 0 0 4188
1 14 43 5.5 -2 0 0 3258
1 14 44 5.5 -2 0 0 4789
1 14 45 5.5 -2 0 0 4432
1 14 46 5.5 -2 0 0 3393
1 14 47 5.5 -2 0 0 1557
1 14 48 5.5 -2 0 0 3342
1 14 49 5.5 -2 0 0 3706
1 14 50 5.5 -2 0 0 4144
1 14 51 5.5 -2 0 0 2152
1 14 52 5.5 -2 0 0 3872
1 14 53 5.5 -2 0 0 2818
1 14 54 5.5 -2 0 0 3595
1 14 55 5.5 -2 0 0 3856
1 14 56 5.5 -2 0 0 2897
1 14 57 5.5 -2 0 0 1652
1 14 58 5.5 -2 0 0 3834
1 14 59 5.5 -2 0 0 4139
1 14 60 5.5 -2 0 0 2436
1 14 61 5.5 -2 0 0 1711
1 14 62 5.5 -2 0 0 3578
1 14 63 5.5 -2 0 0 3741
1 15 0 1.5 -2 0 0 9650
1 15 1 5.5 -2 0 0 1653
1 15 2 5.5 -2 0 0 1484
1 15 3 5.5 -2 0 0 2090
1 15 4 5.5 -2 0 0 2394
1 15 5 5.5 -2 0 0 2869
1 15 6 5.5 -2 0 0 1434
1 15 7 5.5 -2 0 0 2202
1 15 8 5.5 -2 0 0 2598
1 15 9 5.5 -2 0 0 1924
1 15 10 5.5 -2 0 0 1135
1 15 11 5.5 -2 0 0 2853
1 15 12 5.5 -2 0 0 4430
1 15 13 5.5 -2 0 0 2974
1 15 14 5.5 -2 0 0 3798
1 15 15 5.5 -2 0 0 3258
1 15 16 5.5 -2 0 0 1057
1 15 17 5.5 -2 0 0 4131
1 15 18 5.5 -2 0 0 2732
1 15 19 5.5 -2 0 0 2074
1 15 20 5.5 -2 0 0 2409
1 15 21 5.5 -2 0 0 1410
1 15 22 5.5 -2 0 0 2395
1 15 23 5.5 -2 0 0 3157
1 15 24 5.5 -2 0 0 3001
1 15 25 5.5 -2 0 0 2998
1 15 26 5.5 -2 0 0 4472
1 15 27 5.5 -2 0 0 2587
1 15 28 5.5 -2 0 0 2791
1 15 29 5.5 -2 0 0 3311
1 15 30 5.5 -2 0 0 3000
1 15 31 5.5 -2 0 0 3771
1 15 32 5.5 -2 0 0 3971
1 15 33 5.5 -2 0 0 3140
1 15 34 5.5 -2 0 0 3259
1 15 35 5.5 -2 0 0 3848
1 15 36 5.5 -2 0 0 2429
1 15 37 0 -10 0 0 0
1 15 38 5.5 -2 0 0 2898
1 15 39 5.5 -2 0 0 5103
1 15 40 5.5 -2 0 0 5184
1 15 41 5.5 -2 0 0 4692
1 15 42 5.5 -2 0 0 2821
1 15 43 5.5 -2 0 0 3352
1 15 44 5.5 -2 0 0 4761
1 15 45 5.5 -2 0 0 2270
1 15 46 5.5 -2 0 0 3851
1 15 47 5.5 -2 0 0 4444
1 15 48 5.5 -2 0 0 3629
1 15 49 5.5 -2 0 0 3340
1 15 50 5.5 -2 0 0 2937
1 15 51 5.5 -2 0 0 6863
1 15 52 5.5 -2 0 0 5057
1 15 53 5.5 -2 0 0 3997
1 15 54 5.5 -2 0 0 3075
1 15 55 5.5 -2 0 0 4652
1 15 56 5.5 -2 0 0 5215
1 15 57 5.5 -2 0 0 6400
1 15 58 5.5 -2 0 0 3568
1 15 59 5.5 -2 0 0 4013
1 15 60 5.5 -2 0 0 4437
1 15 61 5.5 -2 0 0 6922
1 15 62 5.5 -2 0 0 7377
1 15 63 1.5 -2 0 0 3989
2 0 0 1.5 -2 0 0 14984
2 0 1 1.5 -2 0 0 13558
2 0 2 1.5 -2 0 0 14015
2 0 3 1.5 -2 0 0 10622
2 0 4 1.5 -2 0 0 12292
2 0 5 1.5 -2 0 0 12299
2 0 6 1.5 -2 0 0 13430
2 0 7 1.5 -2 0 0 13039
2 0 8 1.5 -2 0 0 14414
2 0 9 1.5 -2 0 0 12187
2 0 10 1.5 -2 0 0 11558
2 0 11 1.5 -2 0 0 16139
2 0 12 1.5 -2 0 0 11110
2 0 13 1.5 -2 0 0 12324
2 0 14 1.5 -2 0 0 16036
2 0 15 1.5 -2 0 0 12542
2 0 16 1.5 -2 0 0 9614
2 0 17 1.5 -2 0 0 16985
2 0 18 1.5 -2 0 0 8999
2 0 19 1.5 -2 0 0 13181
2 0 20 1.5 -2 0 0 10445
2 0 21 1.5 -2 0 0 12554
2 0 22 1.5 -2 0 0 8300
2 0 23 1.5 -2 0 0 16594
2 0 24 1.5 -2 0 0 15968
2 0 25 1.5 -2 0 0 14855
2 0 26 1.5 -2 0 0 17330
2 0 27 1.5 -2 0 0 11547
2 0 28 1.5 -2 0 0 12962
2 0 29 1.5 -2 0 0 18795
2 0 30 1.5 -2 0 0 9013
2 0 31 1.5 -2 0 0 16606
2 0 32 1.5 -2 0 0 13203
2 0 33 5.5 -2 0 0 14710
2 0 34 5.5 -2 0 0 22402
2 0 35 1.5 -2 0 0 15208
2 0 36 1.5 -2 0 0 11103
2 0 37 1.5 -2 0 0 15391
2 0 38 1.5 -2 0 0 18711
2 0 39 5.5 -2 0 0 23200
2 0 40 5.5 -2 0 0 11531
2 0 41 1.5 -2 0 0 13768
2 0 42 1.5 -2 0 0 15846
2 0 43 1.5 -2 0 0 18095
2 0 44 1.5 -2 0 0 15356
2 0 45 1.5 -2 0 0 15137
2 0 46 1.5 -2 0 0 21147
2 0 47 1.5 -2 0 0 19435
2 0 48 1.5 -2 0 0 15448
2 0 49 1.5 -2 0 0 15223
2 0 50 1.5 -2 0 0 15292
2 0 51 1.5 -2 0 0 26316
2 0 52 1.5 -2 0 0 18680
2 0 53 1.5 -2 0 0 17326
2 0 54 1.5 -2 0 0 17571
2 0 55 1.5 -2 0 0 23174
2 0 56 1.5 -2 0 0 20006
2 0 57 1.5 -2 0 0 22453
2 0 58 1.5 -2 0 0 17269
2 0 59 1.5 -2 0 0 21948
2 0 60 1.5 -2 0 0 20118
2 0 61 1.5 -2 0 0 25352
2 0 62 1.5 -2 0 0 25030
2 0 63 1.5 -2 0 0 17750
2 1 0 1.5 -2 0 0 23657
2 1 1 1.5 -2 0 0 26128
2 1 2 5.5 -2 0 0 23522
2 1 3 1.5 -2 0 0 22058
2 1 4 1.5 -2 0 0 17743
2 1 5 1.5 -2 0 0 22716
2 1 6 1.5 -2 0 0 25251
2 1 7 1.5 -2 0 0 21369
2 1 8 5.5 -2 0 0 19579
2 1 9 1.5 -2 0 0 22844
2 1 10 5.5 -2 0 0 21399
2 1 11 5.5 -2 0 0 21455
2 1 12 5.5 -2 0 0 17173
2 1 13 5.5 -2 0 0 17808
2 1 14 5.5 -2 0 0 22298
2 1 15 5.5 -2 0 0 19439
2 1 16 5.5 -2 0 0 27822
2 1 17 1.5 -2 0 0 21180
2 1 18 5.5 -2 0 0 14010
2 1 19 5.5 -2 0 0 17097
2 1 20 5.5 -2 0 0 10695
2 1 21 5.5 -2 0 0 24432
2 1 22 5.5 -2 0 0 19378
2 1 23 5.5 -2 0 0 15316
2 1 24 5.5 -2 0 0 21490
2 1 25 5.5 -2 0 0 18777
2 1 26 5.5 -2 0 0 20341
2 1 27 5.5 -2 0 0 17912
2 1 28 5.5 -2 0 0 17134
2 1 29 5.5 -2 0 0 15376
2 1 30 5.5 -2 0 0 11826
2 1 31 5.5 -2 0 0 16195
2 1 32 5.5 -2 0 0 15170
2 1 33 5.5 -2 0 0 13578
2 1 34 5.5 -2 0 0 18006
2 1 35 5.5 -2 0 0 14630
2 1 36 5.5 -2 0 0 12665
2 1 37 5.5 -2 0 0 12679
2 1 38 5.5 -2 0 0 11011
2 1 39 5.5 -2 0 0 12719
2 1 40 5.5 -2 0 0 13464
2 1 41 5.5 -2 0 0 12429
2 1 42 5.5 -2 0 0 12779
2 1 43 5.5 -2 0 0 13575
2 1 44 5.5 -2 0 0 11412
2 1 45 5.5 -2 0 0 14894
2 1 46 5.5 -2 0 0 17140
2 1 47 5.5 -2 0 0 11943
2 1 48 5.5 -2 0 0 12402
2 1 49 5.5 -2 0 0 14437
2 1 50 5.5 -2 0 0 11585
2 1 51 5.5 -2 0 0 11651
2 1 52 5.5 -2 0 0 12735
2 1 53 5.5 -2 0 0 8335
2 1 54 5.5 -2 0 0 12508
2 1 55 1.5 -2 0 0 11809
2 1 56 5.5 -2 0 0 10985
2 1 57 5.5 -2 0 0 13916
2 1 58 1.5 -2 0 0 14784
2 1 59 1.5 -2 0 0 14467
2 1 60 1.5 -2 0 0 11725
2 1 61 1.5 -2 0 0 12689
2 1 62 1.5 -2 0 0 11556
2 1 63 1.5 -2 0 0 12989
2 2 0 1.5 -2 0 0 18714
2 2 1 1.5 -2 0 0 20137
2 2 2 1.5 -2 0 0 19114
2 2 3 1.5 -2 0 0 15108
2 2 4 1.5 -2 0 0 16640
2 2 5 1.5 -2 0 0 16545
2 2 6 1.5 -2 0 0 18276
2 2 7 1.5 -2 0 0 10323
2 2 8 5.5 -2 0 0 16992
2 2 9 1.5 -2 0 0 13238
2 2 10 1.5 -2 0 0 14315
2 2 11 1.5 -2 0 0 15691
2 2 12 5.5 -2 0 0 14254
2 2 13 1.5 -2 0 0 12269
2 2 14 1.5 -2 0 0 21404
2 2 15 1.5 -2 0 0 12038
2 2 16 0 -10 0 0 0
2 2 17 5.5 -2 0 0 18237
2 2 18 1.5 -2 0 0 14388
2 2 19 5.5 -2 0 0 14873
2 2 20 5.5 -2 0 0 16552
2 2 21 5.5 -2 0 0 18093
2 2 22 1.5 -2 0 0 13230
2 2 23 5.5 -2 0 0 14322
2 2 24 5.5 -2 0 0 15780
2 2 25 5.5 -2 0 0 11867
2 2 26 5.5 -2 0 0 21032
2 2 27 5.5 -2 0 0 11740
2 2 28 5.5 -2 0 0 14068
2 2 29 1.5 -2 0 0 18770
2 2 30 5.5 -2 0 0 12601
2 2 31 5.5 -2 0 0 13010
2 2 32 5.5 -2 0 0 10665
2 2 33 5.5 -2 0 0 14472
2 2 34 5.5 -2 0 0 17417
2 2 35 5.5 -2 0 0 12501
2 2 36 1.5 -2 0 0 17380
2 2 37 5.5 -2 0 0 15563
2 2 38 5.5 -2 0 0 13574
2 2 39 5.5 -2 0 0 14780
2 2 40 5.5 -2 0 0 14895
2 2 41 5.5 -2 0 0 13983
2 2 42 1.5 -2 0 0 15869
2 2 43 5.5 -2 0 0 19017
2 2 44 5.5 -2 0 0 13675
2 2 45 5.5 -2 0 0 12432
2 2 46 5.5 -2 0 0 22564
2 2 47 5.5 -2 0 0 7081
2 2 48 1.5 -2 0 0 14621
2 2 49 5.5 -2 0 0 18453
2 2 50 1.5 -2 0 0 11318
2 2 51 1.5 -2 0 0 18559
2 2 52 1.5 -2 0 0 21705
2 2 53 1.5 -2 0 0 12536
2 2 54 1.5 -2 0 0 14442
2 2 55 1.5 -2 0 0 17341
2 2 56 1.5 -2 0 0 12760
2 2 57 1.5 -2 0 0 18167
2 2 58 1.5 -2 0 0 18031
2 2 59 1.5 -2 0 0 23115
2 2 60 1.5 -2 0 0 10224
2 2 61 1.5 -2 0 0 22228
2 2 62 1.5 -2 0 0 18273
2 2 63 1.5 -2 0 0 15582
2 3 0 5.5 -2 0 0 17008
2 3 1 5.5 -2 0 0 17338
2 3 2 5.5 -2 0 0 20682
2 3 3 5.5 -2 0 0 25343
2 3 4 5.5 -2 0 0 19673
2 3 5 5.5 -2 0 0 23754
2 3 6 5.5 -2 0 0 20211
2 3 7 5.5 -2 0 0 24664
2 3 8 5.5 -2 0 0 18503
2 3 9 5.5 -2 0 0 18869
2 3 10 5.5 -2 0 0 20326
2 3 11 5.5 -2 0 0 17422
2 3 12 5.5 -2 0 0 24049
2 3 13 5.5 -2 0 0 25295
2 3 14 5.5 -2 0 0 22430
2 3 15 5.5 -2 0 0 23668
2 3 16 5.5 -2 0 0 20062
2 3 17 5.5 -2 0 0 17826
2 3 18 5.5 -2 0 0 17186
2 3 19 5.5 -2 0 0 21979
2 3 20 5.5 -2 0 0 17509
2 3 21 5.5 -2 0 0 22503
2 3 22 5.5 -2 0 0 25870
2 3 23 5.5 -2 0 0 17763
2 3 24 5.5 -2 0 0 19879
2 3 25 5.5 -2 0 0 25444
2 3 26 5.5 -2 0 0 16418
2 3 27 5.5 -2 0 0 18020
2 3 28 5.5 -2 0 0 24036
2 3 29 5.5 -2 0 0 17179
2 3 30 5.5 -2 0 0 14878
2 3 31 5.5 -2 0 0 23204
2 3 32 5.5 -2 0 0 23662
2 3 33 5.5 -2 0 0 16330
2 3 34 5.5 -2 0 0 17535
2 3 35 5.5 -2 0 0 24811
2 3 36 5.5 -2 0 0 14443
2 3 37 5.5 -2 0 0 14387
2 3 38 5.5 -2 0 0 23585
2 3 39 5.5 -2 0 0 18045
2 3 40 5.5 -2 0 0 14923
2 3 41 5.5 -2 0 0 23021
2 3 42 5.5 -2 0 0 20394
2 3 43 5.5 -2 0 0 16003
2 3 44 5.5 -2 0 0 21747
2 3 45 5.5 -2 0 0 21288
2 3 46 5.5 -2 0 0 15863
2 3 47 5.5 -2 0 0 21789
2 3 48 5.5 -2 0 0 17620
2 3 49 5.5 -2 0 0 19638
2 3 50 5.5 -2 0 0 20399
2 3 51 5.5 -2 0 0 17692
2 3 52 5.5 -2 0 0 19251
2 3 53 5.5 -2 0 0 22003
2 3 54 5.5 -2 0 0 16079
2 3 55 5.5 -2 0 0 21754
2 3 56 5.5 -2 0 0 19421
2 3 57 5.5 -2 0 0 20090
2 3 58 5.5 -2 0 0 22485
2 3 59 5.5 -2 0 0 18398
2 3 60 5.5 -2 0 0 21266
2 3 61 5.5 -2 0 0 17052
2 3 62 5.5 -2 0 0 17494
2 3 63 5.5 -2 0 0 21760
2 4 0 5.5 -2 0 0 24288
2 4 1 5.5 -2 0 0 18387
2 4 2 5.5 -2 0 0 13791
2 4 3 5.5 -2 0 0 10255
2 4 4 1.5 -2 0 0 11892
2 4 5 5.5 -2 0 0 13889
2 4 6 5.5 -2 0 0 18515
2 4 7 5.5 -2 0 0 9969
2 4 8 5.5 -2 0 0 16002
2 4 9 5.5 -2 0 0 14289
2 4 10 5.5 -2 0 0 11365
2 4 11 5.5 -2 0 0 12455
2 4 12 5.5 -2 0 0 12507
2 4 13 5.5 -2 0 0 9626
2 4 14 5.5 -2 0 0 18714
2 4 15 5.5 -2 0 0 9581
2 4 16 5.5 -2 0 0 11928
2 4 17 5.5 -2 0 0 13621
2 4 18 5.5 -2 0 0 10868
2 4 19 5.5 -2 0 0 8370
2 4 20 5.5 -2 0 0 8098
2 4 21 5.5 -2 0 0 18946
2 4 22 5.5 -2 0 0 10023
2 4 23 5.5 -2 0 0 11793
2 4 24 5.5 -2 0 0 17590
2 4 25 5.5 -2 0 0 10628
2 4 26 5.5 -2 0 0 16994
2 4 27 5.5 -2 0 0 8073
2 4 28 5.5 -2 0 0 9019
2 4 29 5.5 -2 0 0 17038
2 4 30 5.5 -2 0 0 7246
2 4 31 5.5 -2 0 0 9340
2 4 32 5.5 -2 0 0 8866
2 4 33 5.5 -2 0 0 8879
2 4 34 5.5 -2 0 0 15033
2 4 35 5.5 -2 0 0 9006
2 4 36 5.5 -2 0 0 8266
2 4 37 5.5 -2 0 0 8750
2 4 38 5.5 -2 0 0 9036
2 4 39 5.5 -2 0 0 8620
2 4 40 5.5 -2 0 0 13370
2 4 41 5.5 -2 0 0 9686
2 4 42 5.5 -2 0 0 9202
2 4 43 5.5 -2 0 0 11435
2 4 44 5.5 -2 0 0 8549
2 4 45 5.5 -2 0 0 9312
2 4 46 5.5 -2 0 0 15499
2 4 47 5.5 -2 0 0 8134
2 4 48 5.5 -2 0 0 7565
2 4 49 5.5 -2 0 0 11751
2 4 50 5.5 -2 0 0 8040
2 4 51 5.5 -2 0 0 9318
2 4 52 5.5 -2 0 0 12160
2 4 53 5.5 -2 0 0 7377
2 4 54 5.5 -2 0 0 8973
2 4 55 5.5 -2 0 0 11537
2 4 56 5.5 -2 0 0 11010
2 4 57 1.5 -2 0 0 10398
2 4 58 5.5 -2 0 0 8359
2 4 59 5.5 -2 0 0 11708
2 4 60 1.5 -2 0 0 8272
2 4 61 5.5 -2 0 0 12538
2 4 62 5.5 -2 0 0 10648
2 4 63 1.5 -2 0 0 9606
2 5 0 1.5 -2 0 0 14303
2 5 1 5.5 -2 0 0 15860
2 5 2 5.5 -2 0 0 18171
2 5 3 5.5 -2 0 0 18736
2 5 4 5.5 -2 0 0 18171
2 5 5 5.5 -2 0 0 16751
2 5 6 5.5 -2 0 0 18212
2 5 7 5.5 -2 0 0 17795
2 5 8 5.5 -2 0 0 18878
2 5 9 5.5 -2 0 0 17255
2 5 10 5.5 -2 0 0 19728
2 5 11 5.5 -2 0 0 18945
2 5 12 5.5 -2 0 0 17408
2 5 13 5.5 -2 0 0 17962
2 5 14 5.5 -2 0 0 14948
2 5 15 5.5 -2 0 0 20320
2 5 16 5.5 -2 0 0 18967
2 5 17 5.5 -2 0 0 16448
2 5 18 5.5 -2 0 0 18653
2 5 19 5.5 -2 0 0 21863
2 5 20 5.5 -2 0 0 17700
2 5 21 5.5 -2 0 0 19079
2 5 22 5.5 -2 0 0 18716
2 5 23 5.5 -2 0 0 19231
2 5 24 5.5 -2 0 0 15625
2 5 25 5.5 -2 0 0 19568
2 5 26 5.5 -2 0 0 18412
2 5 27 5.5 -2 0 0 18464
2 5 28 5.5 -2 0 0 21617
2 5 29 5.5 -2 0 0 19023
2 5 30 5.5 -2 0 0 18804
2 5 31 5.5 -2 0 0 25634
2 5 32 5.5 -2 0 0 19460
2 5 33 5.5 -2 0 0 20418
2 5 34 5.5 -2 0 0 20840
2 5 35 5.5 -2 0 0 24297
2 5 36 5.5 -2 0 0 20628
2 5 37 5.5 -2 0 0 19991
2 5 38 5.5 -2 0 0 25277
2 5 39 5.5 -2 0 0 33427
2 5 40 5.5 -2 0 0 24082
2 5 41 5.5 -2 0 0 19879
2 5 42 5.5 -2 0 0 19588
2 5 43 5.5 -2 0 0 20195
2 5 44 5.5 -2 0 0 22930
2 5 45 5.5 -2 0 0 22475
2 5 46 5.5 -2 0 0 20175
2 5 47 5.5 -2 0 0 31366
2 5 48 5.5 -2 0 0 23468
2 5 49 5.5 -2 0 0 20649
2 5 50 5.5 -2 0 0 24291
2 5 51 5.5 -2 0 0 32415
2 5 52 5.5 -2 0 0 21811
2 5 53 5.5 -2 0 0 28962
2 5 54 5.5 -2 0 0 21756
2 5 55 5.5 -2 0 0 25429
2 5 56 5.5 -2 0 0 33747
2 5 57 5.5 -2 0 0 28941
2 5 58 1.5 -2 0 0 23158
2 5 59 5.5 -2 0 0 22501
2 5 60 5.5 -2 0 0 33591
2 5 61 5.5 -2 0 0 24892
2 5 62 5.5 -2 0 0 23914
2 5 63 1.5 -2 0 0 21471
2 6 0 5.5 -2 0 0 10598
2 6 1 5.5 -2 0 0 9691
2 6 2 5.5 -2 0 0 9754
2 6 3 5.5 -2 0 0 7023
2 6 4 5.5 -2 0 0 5831
2 6 5 5.5 -2 0 0 7082
2 6 6 5.5 -2 0 0 8643
2 6 7 5.5 -2 0 0 6848
2 6 8 5.5 -2 0 0 7346
2 6 9 5.5 -2 0 0 7313
2 6 10 5.5 -2 0 0 6620
2 6 11 5.5 -2 0 0 7029
2 6 12 5.5 -2 0 0 6572
2 6 13 5.5 -2 0 0 5595
2 6 14 5.5 -2 0 0 10601
2 6 15 5.5 -2 0 0 6177
2 6 16 5.5 -2 0 0 7301
2 6 17 5.5 -2 0 0 7317
2 6 18 5.5 -2 0 0 5197
2 6 19 5.5 -2 0 0 5158
2 6 20 5.5 -2 0 0 6136
2 6 21 5.5 -2 0 0 7864
2 6 22 5.5 -2 0 0 5468
2 6 23 5.5 -2 0 0 6231
2 6 24 5.5 -2 0 0 8114
2 6 25 5.5 -2 0 0 5890
2 6 26 5.5 -2 0 0 8362
2 6 27 5.5 -2 0 0 4825
2 6 28 5.5 -2 0 0 4812
2 6 29 5.5 -2 0 0 6079
2 6 30 5.5 -2 0 0 4737
2 6 31 5.5 -2 0 0 4570
2 6 32 5.5 -2 0 0 4702
2 6 33 5.5 -2 0 0 5070
2 6 34 5.5 -2 0 0 7888
2 6 35 5.5 -2 0 0 4298
2 6 36 5.5 -2 0 0 5283
2 6 37 5.5 -2 0 0 4418
2 6 38 5.5 -2 0 0 4841
2 6 39 5.5 -2 0 0 3881
2 6 40 5.5 -2 0 0 4970
2 6 41 5.5 -2 0 0 4499
2 6 42 5.5 -2 0 0 5778
2 6 43 5.5 -2 0 0 6766
2 6 44 5.5 -2 0 0 3926
2 6 45 5.5 -2 0 0 5180
2 6 46 5.5 -2 0 0 6787
2 6 47 5.5 -2 0 0 2419
2 6 48 5.5 -2 0 0 4794
2 6 49 5.5 -2 0 0 5584
2 6 50 5.5 -2 0 0 4456
2 6 51 5.5 -2 0 0 3829
2 6 52 5.5 -2 0 0 5261
2 6 53 5.5 -2 0 0 3468
2 6 54 5.5 -2 0 0 4511
2 6 55 5.5 -2 0 0 5134
2 6 56 5.5 -2 0 0 3644
2 6 57 5.5 -2 0 0 3466
2 6 58 5.5 -2 0 0 4831
2 6 59 5.5 -2 0 0 5327
2 6 60 5.5 -2 0 0 3074
2 6 61 5.5 -2 0 0 4404
2 6 62 5.5 -2 0 0 5257
2 6 63 5.5 -2 0 0 4529
2 7 0 5.5 -2 0 0 4874
2 7 1 5.5 -2 0 0 4935
2 7 2 5.5 -2 0 0 5052
2 7 3 5.5 -2 0 0 6193
2 7 4 5.5 -2 0 0 5410
2 7 5 5.5 -2 0 0 6052
2 7 6 5.5 -2 0 0 4708
2 7 7 5.5 -2 0 0 7029
2 7 8 5.5 -2 0 0 6567
2 7 9 5.5 -2 0 0 5042
2 7 10 5.5 -2 0 0 5469
2 7 11 5.5 -2 0 0 6213
2 7 12 5.5 -2 0 0 7027
2 7 13 5.5 -2 0 0 7334
2 7 14 5.5 -2 0 0 6034
2 7 15 5.5 -2 0 0 7419
2 7 16 5.5 -2 0 0 5072
2 7 17 5.5 -2 0 0 7193
2 7 18 5.5 -2 0 0 6732
2 7 19 5.5 -2 0 0 7924
2 7 20 5.5 -2 0 0 7960
2 7 21 5.5 -2 0 0 5358
2 7 22 5.5 -2 0 0 5767
2 7 23 5.5 -2 0 0 8415
2 7 24 5.5 -2 0 0 6550
2 7 25 5.5 -2 0 0 6826
2 7 26 5.5 -2 0 0 6704
2 7 27 5.5 -2 0 0 8988
2 7 28 5.5 -2 0 0 7458
2 7 29 5.5 -2 0 0 7580
2 7 30 5.5 -2 0 0 8226
2 7 31 5.5 -2 0 0 8221
2 7 32 5.5 -2 0 0 8070
2 7 33 5.5 -2 0 0 9852
2 7 34 5.5 -2 0 0 7947
2 7 35 5.5 -2 0 0 10823
2 7 36 5.5 -2 0 0 8605
2 7 37 5.5 -2 0 0 8191
2 7 38 5.5 -2 0 0 11300
2 7 39 5.5 -2 0 0 12074
2 7 40 5.5 -2 0 0 7057
2 7 41 5.5 -2 0 0 10215
2 7 42 5.5 -2 0 0 8009
2 7 43 5.5 -2 0 0 7157
2 7 44 5.5 -2 0 0 9635
2 7 45 5.5 -2 0 0 9584
2 7 46 5.5 -2 0 0 8649
2 7 47 5.5 -2 0 0 11837
2 7 48 5.5 -2 0 0 10245
2 7 49 5.5 -2 0 0 8104
2 7 50 5.5 -2 0 0 11220
2 7 51 5.5 -2 0 0 9815
2 7 52 5.5 -2 0 0 8248
2 7 53 5.5 -2 0 0 14141
2 7 54 5.5 -2 0 0 13287
2 7 55 5.5 -2 0 0 10131
2 7 56 5.5 -2 0 0 11542
2 7 57 5.5 -2 0 0 15628
2 7 58 5.5 -2 0 0 10785
2 7 59 5.5 -2 0 0 9699
2 7 60 5.5 -2 0 0 15108
2 7 61 5.5 -2 0 0 11408
2 7 62 5.5 -2 0 0 11952
2 7 63 1.5 -2 0 0 9701
2 8 0 1.5 -2 0 0 10427
2 8 1 1.5 -2 0 0 10439
2 8 2 1.5 -2 0 0 11368
2 8 3 1.5 -2 0 0 12780
2 8 4 5.5 -2 0 0 12307
2 8 5 1.5 -2 0 0 12038
2 8 6 1.5 -2 0 0 12754
2 8 7 1.5 -2 0 0 14803
2 8 8 5.5 -2 0 0 12320
2 8 9 1.5 -2 0 0 13077
2 8 10 1.5 -2 0 0 10948
2 8 11 5.5 -2 0 0 12588
2 8 12 1.5 -2 0 0 11791
2 8 13 5.5 -2 0 0 15721
2 8 14 5.5 -2 0 0 11570
2 8 15 1.5 -2 0 0 14494
2 8 16 5.5 -2 0 0 15411
2 8 17 5.5 -2 0 0 11422
2 8 18 5.5 -2 0 0 13503
2 8 19 5.5 -2 0 0 16861
2 8 20 5.5 -2 0 0 11344
2 8 21 5.5 -2 0 0 12180
2 8 22 5.5 -2 0 0 12157
2 8 23 5.5 -2 0 0 12074
2 8 24 5.5 -2 0 0 12361
2 8 25 0 -10 0 0 175
2 8 26 5.5 -2 0 0 12134
2 8 27 5.5 -2 0 0 13728
2 8 28 5.5 -2 0 0 18080
2 8 29 5.5 -2 0 0 15016
2 8 30 5.5 -2 0 0 12838
2 8 31 5.5 -2 0 0 18390
2 8 32 5.5 -2 0 0 17999
2 8 33 5.5 -2 0 0 16394
2 8 34 5.5 -2 0 0 13974
2 8 35 5.5 -2 0 0 20450
2 8 36 5.5 -2 0 0 14661
2 8 37 5.5 -2 0 0 12526
2 8 38 5.5 -2 0 0 25306
2 8 39 5.5 -2 0 0 23871
2 8 40 5.5 -2 0 0 8829
2 8 41 5.5 -2 0 0 17711
2 8 42 5.5 -2 0 0 11745
2 8 43 5.5 -2 0 0 14432
2 8 44 5.5 -2 0 0 17912
2 8 45 5.5 -2 0 0 19360
2 8 46 5.5 -2 0 0 11853
2 8 47 5.5 -2 0 0 28154
2 8 48 5.5 -2 0 0 12573
2 8 49 5.5 -2 0 0 13605
2 8 50 5.5 -2 0 0 14824
2 8 51 5.5 -2 0 0 17671
2 8 52 5.5 -2 0 0 13745
2 8 53 5.5 -2 0 0 21739
2 8 54 5.5 -2 0 0 18072
2 8 55 5.5 -2 0 0 15609
2 8 56 1.5 -2 0 0 19242
2 8 57 1.5 -2 0 0 22243
2 8 58 1.5 -2 0 0 14314
2 8 59 1.5 -2 0 0 14138
2 8 60 1.5 -2 0 0 19634
2 8 61 1.5 -2 0 0 14879
2 8 62 1.5 -2 0 0 16139
2 8 63 1.5 -2 0 0 15111
2 9 0 5.5 -2 0 0 12349
2 9 1 5.5 -2 0 0 10544
2 9 2 5.5 -2 0 0 8907
2 9 3 5.5 -2 0 0 6142
2 9 4 5.5 -2 0 0 4072
2 9 5 5.5 -2 0 0 5663
2 9 6 5.5 -2 0 0 9205
2 9 7 5.5 -2 0 0 6871
2 9 8 5.5 -2 0 0 7456
2 9 9 5.5 -2 0 0 6924
2 9 10 5.5 -2 0 0 5475
2 9 11 5.5 -2 0 0 7683
2 9 12 5.5 -2 0 0 5345
2 9 13 5.5 -2 0 0 5002
2 9 14 5.5 -2 0 0 10780
2 9 15 5.5 -2 0 0 4858
2 9 16 5.5 -2 0 0 1865
2 9 17 5.5 -2 0 0 7366
2 9 18 5.5 -2 0 0 6004
2 9 19 5.5 -2 0 0 4848
2 9 20 5.5 -2 0 0 3241
2 9 21 5.5 -2 0 0 7345
2 9 22 5.5 -2 0 0 5327
2 9 23 5.5 -2 0 0 4549
2 9 24 5.5 -2 0 0 8844
2 9 25 5.5 -2 0 0 4785
2 9 26 5.5 -2 0 0 8648
2 9 27 5.5 -2 0 0 3686
2 9 28 5.5 -2 0 0 4957
2 9 29 5.5 -2 0 0 6088
2 9 30 5.5 -2 0 0 3513
2 9 31 5.5 -2 0 0 4038
2 9 32 5.5 -2 0 0 4034
2 9 33 5.5 -2 0 0 2322
2 9 34 5.5 -2 0 0 8512
2 9 35 5.5 -2 0 0 4330
2 9 36 5.5 -2 0 0 2531
2 9 37 5.5 -2 0 0 3114
2 9 38 5.5 -2 0 0 4208
2 9 39 5.5 -2 0 0 4510
2 9 40 5.5 -2 0 0 3041
2 9 41 5.5 -2 0 0 3870
2 9 42 5.5 -2 0 0 3607
2 9 43 5.5 -2 0 0 5711
2 9 44 5.5 -2 0 0 2733
2 9 45 5.5 -2 0 0 3736
2 9 46 5.5 -2 0 0 7100
2 9 47 5.5 -2 0 0 4329
2 9 48 5.5 -2 0 0 3775
2 9 49 5.5 -2 0 0 3579
2 9 50 5.5 -2 0 0 4198
2 9 51 5.5 -2 0 0 4469
2 9 52 5.5 -2 0 0 6783
2 9 53 5.5 -2 0 0 3253
2 9 54 5.5 -2 0 0 3547
2 9 55 1.5 -2 0 0 6977
2 9 56 5.5 -2 0 0 3308
2 9 57 5.5 -2 0 0 4704
2 9 58 5.5 -2 0 0 3633
2 9 59 1.5 -2 0 0 8954
2 9 60 1.5 -2 0 0 4318
2 9 61 5.5 -2 0 0 5577
2 9 62 1.5 -2 0 0 5898
2 9 63 1.5 -2 0 0 5055
2 10 0 5.5 -2 0 0 15923
2 10 1 1.5 -2 0 0 18801
2 10 2 5.5 -2 0 0 20502
2 10 3 5.5 -2 0 0 22317
2 10 4 5.5 -2 0 0 16499
2 10 5 5.5 -2 0 0 24229
2 10 6 5.5 -2 0 0 20541
2 10 7 5.5 -2 0 0 29456
2 10 8 5.5 -2 0 0 17526
2 10 9 5.5 -2 0 0 22513
2 10 10 5.5 -2 0 0 20452
2 10 11 5.5 -2 0 0 20637
2 10 12 5.5 -2 0 0 21844
2 10 13 5.5 -2 0 0 25354
2 10 14 5.5 -2 0 0 16917
2 10 15 5.5 -2 0 0 23024
2 10 16 5.5 -2 0 0 29985
2 10 17 5.5 -2 0 0 18524
2 10 18 5.5 -2 0 0 20056
2 10 19 5.5 -2 0 0 25657
2 10 20 5.5 -2 0 0 18963
2 10 21 5.5 -2 0 0 21632
2 10 22 5.5 -2 0 0 22397
2 10 23 5.5 -2 0 0 20377
2 10 24 5.5 -2 0 0 19802
2 10 25 5.5 -2 0 0 29202
2 10 26 5.5 -2 0 0 18436
2 10 27 5.5 -2 0 0 22610
2 10 28 5.5 -2 0 0 23614
2 10 29 5.5 -2 0 0 20623
2 10 30 5.5 -2 0 0 15800
2 10 31 5.5 -2 0 0 28711
2 10 32 5.5 -2 0 0 24419
2 10 33 5.5 -2 0 0 20846
2 10 34 5.5 -2 0 0 2239
2 10 35 5.5 -2 0 0 33941
2 10 36 5.5 -2 0 0 18790
2 10 37 5.5 -2 0 0 16529
2 10 38 5.5 -2 0 0 29264
2 10 39 5.5 -2 0 0 23080
2 10 40 5.5 -2 0 0 17282
2 10 41 5.5 -2 0 0 21970
2 10 42 5.5 -2 0 0 23175
2 10 43 5.5 -2 0 0 20883
2 10 44 5.5 -2 0 0 26541
2 10 45 5.5 -2 0 0 24156
2 10 46 1.5 -2 0 0 2246
2 10 47 5.5 -2 0 0 24850
2 10 48 5.5 -2 0 0 20805
2 10 49 5.5 -2 0 0 19362
2 10 50 5.5 -2 0 0 24886
2 10 51 5.5 -2 0 0 16894
2 10 52 5.5 -2 0 0 18758
2 10 53 5.5 -2 0 0 12097
2 10 54 5.5 -2 0 0 23343
2 10 55 5.5 -2 0 0 19439
2 10 56 5.5 -2 0 0 6243
2 10 57 5.5 -2 0 0 14938
2 10 58 5.5 -2 0 0 19034
2 10 59 5.5 -2 0 0 17864
2 10 60 5.5 -2 0 0 20934
2 10 61 5.5 -2 0 0 18068
2 10 62 1.5 -2 0 0 19957
2 10 63 1.5 -2 0 0 21772
2 11 0 5.5 -2 0 0 19943
2 11 1 5.5 -2 0 0 20728
2 11 2 5.5 -2 0 0 16155
2 11 3 5.5 -2 0 0 13458
2 11 4 5.5 -2 0 0 13645
2 11 5 5.5 -2 0 0 15707
2 11 6 5.5 -2 0 0 15214
2 11 7 5.5 -2 0 0 9710
2 11 8 5.5 -2 0 0 15430
2 11 9 5.5 -2 0 0 11561
2 11 10 5.5 -2 0 0 11074
2 11 11 5.5 -2 0 0 16695
2 11 12 5.5 -2 0 0 14802
2 11 13 5.5 -2 0 0 11479
2 11 14 5.5 -2 0 0 23148
2 11 15 5.5 -2 0 0 13246
2 11 16 5.5 -2 0 0 8848
2 11 17 5.5 -2 0 0 19374
2 11 18 5.5 -2 0 0 14407
2 11 19 5.5 -2 0 0 12043
2 11 20 5.5 -2 0 0 13254
2 11 21 5.5 -2 0 0 11536
2 11 22 5.5 -2 0 0 11372
2 11 23 5.5 -2 0 0 17662
2 11 24 5.5 -2 0 0 19529
2 11 25 5.5 -2 0 0 11652
2 11 26 5.5 -2 0 0 22132
2 11 27 5.5 -2 0 0 14200
2 11 28 5.5 -2 0 0 11895
2 11 29 5.5 -2 0 0 19868
2 11 30 5.5 -2 0 0 11459
2 11 31 5.5 -2 0 0 11671
2 11 32 5.5 -2 0 0 10908
2 11 33 5.5 -2 0 0 12117
2 11 34 5.5 -2 0 0 23227
2 11 35 5.5 -2 0 0 10800
2 11 36 5.5 -2 0 0 11762
2 11 37 5.5 -2 0 0 11850
2 11 38 5.5 -2 0 0 10663
2 11 39 5.5 -2 0 0 13000
2 11 40 5.5 -2 0 0 11394
2 11 41 5.5 -2 0 0 11587
2 11 42 5.5 -2 0 0 13265
2 11 43 5.5 -2 0 0 18175
2 11 44 5.5 -2 0 0 11335
2 11 45 5.5 -2 0 0 13076
2 11 46 5.5 -2 0 0 22721
2 11 47 5.5 -2 0 0 10224
2 11 48 5.5 -2 0 0 13482
2 11 49 5.5 -2 0 0 14826
2 11 50 5.5 -2 0 0 12189
2 11 51 5.5 -2 0 0 18481
2 11 52 5.5 -2 0 0 18678
2 11 53 5.5 -2 0 0 9689
2 11 54 5.5 -2 0 0 12944
2 11 55 5.5 -2 0 0 18008
2 11 56 5.5 -2 0 0 14482
2 11 57 5.5 -2 0 0 16263
2 11 58 5.5 -2 0 0 14664
2 11 59 5.5 -2 0 0 21932
2 11 60 5.5 -2 0 0 12007
2 11 61 5.5 -2 0 0 20003
2 11 62 5.5 -2 0 0 22590
2 11 63 5.5 -2 0 0 17116
2 12 0 5.5 -2 0 0 20950
2 12 1 5.5 -2 0 0 21961
2 12 2 5.5 -2 0 0 25847
2 12 3 5.5 -2 0 0 25536
2 12 4 5.5 -2 0 0 19489
2 12 5 5.5 -2 0 0 20831
2 12 6 5.5 -2 0 0 22090
2 12 7 5.5 -2 0 0 27152
2 12 8 5.5 -2 0 0 19717
2 12 9 5.5 -2 0 0 24965
2 12 10 5.5 -2 0 0 25122
2 12 11 5.5 -2 0 0 17194
2 12 12 5.5 -2 0 0 18681
2 12 13 5.5 -2 0 0 19308
2 12 14 5.5 -2 0 0 19589
2 12 15 5.5 -2 0 0 21933
2 12 16 0 -10 0 0 0
2 12 17 5.5 -2 0 0 17269
2 12 18 5.5 -2 0 0 19602
2 12 19 5.5 -2 0 0 25555
2 12 20 5.5 -2 0 0 16774
2 12 21 5.5 -2 0 0 28698
2 12 22 5.5 -2 0 0 20901
2 12 23 5.5 -2 0 0 13512
2 12 24 5.5 -2 0 0 19850
2 12 25 5.5 -2 0 0 21908
2 12 26 5.5 -2 0 0 17878
2 12 27 5.5 -2 0 0 17322
2 12 28 5.5 -2 0 0 21266
2 12 29 5.5 -2 0 0 13430
2 12 30 5.5 -2 0 0 16690
2 12 31 5.5 -2 0 0 21427
2 12 32 5.5 -2 0 0 18668
2 12 33 5.5 -2 0 0 17504
2 12 34 5.5 -2 0 0 12810
2 12 35 5.5 -2 0 0 21634
2 12 36 5.5 -2 0 0 16227
2 12 37 5.5 -2 0 0 11694
2 12 38 5.5 -2 0 0 15816
2 12 39 5.5 -2 0 0 12677
2 12 40 5.5 -2 0 0 13698
2 12 41 5.5 -2 0 0 17854
2 12 42 5.5 -2 0 0 12210
2 12 43 5.5 -2 0 0 14081
2 12 44 5.5 -2 0 0 16712
2 12 45 5.5 -2 0 0 17528
2 12 46 5.5 -2 0 0 12365
2 12 47 5.5 -2 0 0 18172
2 12 48 5.5 -2 0 0 17124
2 12 49 5.5 -2 0 0 12964
2 12 50 5.5 -2 0 0 16025
2 12 51 5.5 -2 0 0 8844
2 12 52 5.5 -2 0 0 11341
2 12 53 5.5 -2 0 0 14060
2 12 54 5.5 -2 0 0 11567
2 12 55 5.5 -2 0 0 10950
2 12 56 5.5 -2 0 0 13023
2 12 57 5.5 -2 0 0 10550
2 12 58 5.5 -2 0 0 13165
2 12 59 5.5 -2 0 0 10520
2 12 60 5.5 -2 0 0 14682
2 12 61 5.5 -2 0 0 10038
2 12 62 1.5 -2 0 0 10338
2 12 63 1.5 -2 0 0 10965
2 13 0 5.5 -2 0 0 9260
2 13 1 5.5 -2 0 0 8113
2 13 2 5.5 -2 0 0 9185
2 13 3 5.5 -2 0 0 7343
2 13 4 1.5 -2 0 0 7710
2 13 5 5.5 -2 0 0 8232
2 13 6 5.5 -2 0 0 7295
2 13 7 5.5 -2 0 0 4281
2 13 8 1.5 -2 0 0 8444
2 13 9 5.5 -2 0 0 6476
2 13 10 1.5 -2 0 0 6398
2 13 11 5.5 -2 0 0 9743
2 13 12 5.5 -2 0 0 6812
2 13 13 5.5 -2 0 0 6170
2 13 14 5.5 -2 0 0 13260
2 13 15 1.5 -2 0 0 7449
2 13 16 1.5 -2 0 0 6833
2 13 17 5.5 -2 0 0 9888
2 13 18 5.5 -2 0 0 6825
2 13 19 5.5 -2 0 0 5788
2 13 20 5.5 -2 0 0 7619
2 13 21 5.5 -2 0 0 7032
2 13 22 5.5 -2 0 0 5935
2 13 23 5.5 -2 0 0 8538
2 13 24 5.5 -2 0 0 8484
2 13 25 5.5 -2 0 0 5414
2 13 26 5.5 -2 0 0 11939
2 13 27 5.5 -2 0 0 7840
2 13 28 5.5 -2 0 0 6588
2 13 29 5.5 -2 0 0 10144
2 13 30 5.5 -2 0 0 6633
2 13 31 5.5 -2 0 0 7078
2 13 32 5.5 -2 0 0 6460
2 13 33 5.5 -2 0 0 8265
2 13 34 5.5 -2 0 0 12002
2 13 35 5.5 -2 0 0 7229
2 13 36 5.5 -2 0 0 9296
2 13 37 5.5 -2 0 0 7456
2 13 38 5.5 -2 0 0 6696
2 13 39 5.5 -2 0 0 9551
2 13 40 5.5 -2 0 0 8032
2 13 41 5.5 -2 0 0 7223
2 13 42 5.5 -2 0 0 11940
2 13 43 5.5 -2 0 0 11887
2 13 44 5.5 -2 0 0 8521
2 13 45 5.5 -2 0 0 8619
2 13 46 5.5 -2 0 0 13242
2 13 47 5.5 -2 0 0 9388
2 13 48 5.5 -2 0 0 8205
2 13 49 5.5 -2 0 0 12871
2 13 50 1.5 -2 0 0 10101
2 13 51 1.5 -2 0 0 17699
2 13 52 1.5 -2 0 0 14140
2 13 53 5.5 -2 0 0 12086
2 13 54 1.5 -2 0 0 12961
2 13 55 1.5 -2 0 0 16400
2 13 56 1.5 -2 0 0 15283
2 13 57 5.5 -2 0 0 15163
2 13 58 1.5 -2 0 0 10694
2 13 59 1.5 -2 0 0 17325
2 13 60 1.5 -2 0 0 10472
2 13 61 1.5 -2 0 0 21044
2 13 62 1.5 -2 0 0 16823
2 13 63 1.5 -2 0 0 11734
2 14 0 5.5 -2 0 0 11035
2 14 1 5.5 -2 0 0 12307
2 14 2 1.5 -2 0 0 13216
2 14 3 1.5 -2 0 0 11731
2 14 4 1.5 -2 0 0 9855
2 14 5 1.5 -2 0 0 11867
2 14 6 1.5 -2 0 0 14498
2 14 7 5.5 -2 0 0 14999
2 14 8 1.5 -2 0 0 11288
2 14 9 5.5 -2 0 0 15270
2 14 10 1.5 -2 0 0 17582
2 14 11 5.5 -2 0 0 9414
2 14 12 5.5 -2 0 0 11973
2 14 13 1.5 -2 0 0 12872
2 14 14 1.5 -2 0 0 9641
2 14 15 1.5 -2 0 0 10131
2 14 16 5.5 -2 0 0 17742
2 14 17 5.5 -2 0 0 9557
2 14 18 5.5 -2 0 0 10381
2 14 19 1.5 -2 0 0 13877
2 14 20 5.5 -2 0 0 8822
2 14 21 5.5 -2 0 0 15151
2 14 22 5.5 -2 0 0 12855
2 14 23 5.5 -2 0 0 7460
2 14 24 5.5 -2 0 0 10437
2 14 25 1.5 -2 0 0 13034
2 14 26 5.5 -2 0 0 9424
2 14 27 5.5 -2 0 0 9424
2 14 28 5.5 -2 0 0 10049
2 14 29 5.5 -2 0 0 8032
2 14 30 5.5 -2 0 0 8551
2 14 31 5.5 -2 0 0 10401
2 14 32 5.5 -2 0 0 8302
2 14 33 5.5 -2 0 0 9030
2 14 34 5.5 -2 0 0 8391
2 14 35 5.5 -2 0 0 9746
2 14 36 5.5 -2 0 0 6806
2 14 37 5.5 -2 0 0 7090
2 14 38 5.5 -2 0 0 9120
2 14 39 5.5 -2 0 0 5425
2 14 40 5.5 -2 0 0 7294
2 14 41 5.5 -2 0 0 8971
2 14 42 5.5 -2 0 0 6660
2 14 43 5.5 -2 0 0 8103
2 14 44 5.5 -2 0 0 7441
2 14 45 5.5 -2 0 0 7589
2 14 46 5.5 -2 0 0 7204
2 14 47 5.5 -2 0 0 1074
2 14 48 5.5 -2 0 0 7437
2 14 49 5.5 -2 0 0 7005
2 14 50 5.5 -2 0 0 8075
2 14 51 5.5 -2 0 0 3792
2 14 52 5.5 -2 0 0 6425
2 14 53 1.5 -2 0 0 5205
2 14 54 1.5 -2 0 0 7457
2 14 55 1.5 -2 0 0 6051
2 14 56 1.5 -2 0 0 5743
2 14 57 1.5 -2 0 0 5125
2 14 58 1.5 -2 0 0 6516
2 14 59 1.5 -2 0 0 6348
2 14 60 1.5 -2 0 0 5542
2 14 61 1.5 -2 0 0 4943
2 14 62 1.5 -2 0 0 5997
2 14 63 1.5 -2 0 0 7163
2 15 0 1.5 -2 0 0 4738
2 15 1 1.5 -2 0 0 3708
2 15 2 1.5 -2 0 0 3667
2 15 3 1.5 -2 0 0 4266
2 15 4 1.5 -2 0 0 5109
2 15 5 5.5 -2 0 0 4834
2 15 6 1.5 -2 0 0 3369
2 15 7 5.5 -2 0 0 3807
2 15 8 1.5 -2 0 0 5934
2 15 9 1.5 -2 0 0 2995
2 15 10 1.5 -2 0 0 3658
2 15 11 1.5 -2 0 0 6450
2 15 12 1.5 -2 0 0 5208
2 15 13 5.5 -2 0 0 5511
2 15 14 5.5 -2 0 0 6745
2 15 15 1.5 -2 0 0 5934
2 15 16 1.5 -2 0 0 2853
2 15 17 1.5 -2 0 0 6533
2 15 18 1.5 -2 0 0 5221
2 15 19 5.5 -2 0 0 4658
2 15 20 5.5 -2 0 0 4837
2 15 21 5.5 -2 0 0 3695
2 15 22 5.5 -2 0 0 4379
2 15 23 1.5 -2 0 0 5900
2 15 24 5.5 -2 0 0 6654
2 15 25 1.5 -2 0 0 4719
2 15 26 1.5 -2 0 0 6828
2 15 27 1.5 -2 0 0 4904
2 15 28 5.5 -2 0 0 5150
2 15 29 5.5 -2 0 0 6160
2 15 30 5.5 -2 0 0 5289
2 15 31 5.5 -2 0 0 5469
2 15 32 1.5 -2 0 0 5464
2 15 33 5.5 -2 0 0 5466
2 15 34 5.5 -2 0 0 7451
2 15 35 5.5 -2 0 0 5114
2 15 36 5.5 -2 0 0 5289
2 15 37 5.5 -2 0 0 6718
2 15 38 5.5 -2 0 0 5157
2 15 39 5.5 -2 0 0 8077
2 15 40 5.5 -2 0 0 5932
2 15 41 1.5 -2 0 0 6016
2 15 42 5.5 -2 0 0 5675
2 15 43 5.5 -2 0 0 7573
2 15 44 1.5 -2 0 0 6651
2 15 45 5.5 -2 0 0 6167
2 15 46 5.5 -2 0 0 7923
2 15 47 1.5 -2 0 0 6320
2 15 48 5.5 -2 0 0 5750
2 15 49 5.5 -2 0 0 7507
2 15 50 1.5 -2 0 0 6929
2 15 51 1.5 -2 0 0 10731
2 15 52 5.5 -2 0 0 7711
2 15 53 1.5 -2 0 0 7478
2 15 54 1.5 -2 0 0 6949
2 15 55 1.5 -2 0 0 8715
2 15 56 1.5 -2 0 0 8849
2 15 57 1.5 -2 0 0 9853
2 15 58 1.5 -2 0 0 7392
2 15 59 1.5 -2 0 0 8419
2 15 60 1.5 -2 0 0 7797
2 15 61 1.5 -2 0 0 10777
2 15 62 1.5 -2 0 0 9743
2 15 63 1.5 -2 0 0 7878
3 0 0 1.5 -2 0 0 9438
3 0 1 5.5 -2 0 0 8456
3 0 2 1.5 -2 0 0 8809
3 0 3 5.5 -2 0 0 7594
3 0 4 1.5 -2 0 0 8746
3 0 5 5.5 -2 0 0 8513
3 0 6 5.5 -2 0 0 12123
3 0 7 5.5 -2 0 0 11655
3 0 8 5.5 -2 0 0 9630
3 0 9 5.5 -2 0 0 8094
3 0 10 1.5 -2 0 0 10222
3 0 11 5.5 -2 0 0 11202
3 0 12 5.5 -2 0 0 8112
3 0 13 5.5 -2 0 0 8151
3 0 14 5.5 -2 0 0 10518
3 0 15 5.5 -2 0 0 8972
3 0 16 5.5 -2 0 0 9670
3 0 17 5.5 -2 0 0 14964
3 0 18 5.5 -2 0 0 6601
3 0 19 5.5 -2 0 0 11717
3 0 20 5.5 -2 0 0 7630
3 0 21 5.5 -2 0 0 11304
3 0 22 5.5 -2 0 0 9160
3 0 23 5.5 -2 0 0 12769
3 0 24 5.5 -2 0 0 10968
3 0 25 5.5 -2 0 0 13695
3 0 26 5.5 -2 0 0 12620
3 0 27 5.5 -2 0 0 8583
3 0 28 5.5 -2 0 0 8167
3 0 29 5.5 -2 0 0 11851
3 0 30 5.5 -2 0 0 6194
3 0 31 5.5 -2 0 0 9633
3 0 32 5.5 -2 0 0 13004
3 0 33 5.5 -2 0 0 9693
3 0 34 5.5 -2 0 0 21762
3 0 35 5.5 -2 0 0 9942
3 0 36 5.5 -2 0 0 10599
3 0 37 5.5 -2 0 0 13169
3 0 38 5.5 -2 0 0 17149
3 0 39 5.5 -2 0 0 16253
3 0 40 5.5 -2 0 0 8250
3 0 41 5.5 -2 0 0 9313
3 0 42 5.5 -2 0 0 14543
3 0 43 5.5 -2 0 0 17911
3 0 44 5.5 -2 0 0 10105
3 0 45 5.5 -2 0 0 10155
3 0 46 5.5 -2 0 0 15604
3 0 47 5.5 -2 0 0 17497
3 0 48 5.5 -2 0 0 9962
3 0 49 5.5 -2 0 0 11795
3 0 50 5.5 -2 0 0 9810
3 0 51 5.5 -2 0 0 18610
3 0 52 5.5 -2 0 0 18693
3 0 53 5.5 -2 0 0 13741
3 0 54 5.5 -2 0 0 17353
3 0 55 5.5 -2 0 0 21422
3 0 56 5.5 -2 0 0 13905
3 0 57 5.5 -2 0 0 15957
3 0 58 5.5 -2 0 0 13642
3 0 59 5.5 -2 0 0 15222
3 0 60 1.5 -2 0 0 18936
3 0 61 1.5 -2 0 0 19392
3 0 62 1.5 -2 0 0 17993
3 0 63 1.5 -2 0 0 19551
3 1 0 1.5 -2 0 0 18736
3 1 1 1.5 -2 0 0 26282
3 1 2 1.5 -2 0 0 25238
3 1 3 1.5 -2 0 0 22181
3 1 4 1.5 -2 0 0 14446
3 1 5 1.5 -2 0 0 17460
3 1 6 1.5 -2 0 0 25820
3 1 7 1.5 -2 0 0 21424
3 1 8 1.5 -2 0 0 20128
3 1 9 1.5 -2 0 0 16378
3 1 10 1.5 -2 0 0 17599
3 1 11 1.5 -2 0 0 20742
3 1 12 1.5 -2 0 0 14153
3 1 13 1.5 -2 0 0 17441
3 1 14 5.5 -2 0 0 17778
3 1 15 5.5 -2 0 0 17264
3 1 16 1.5 -2 0 0 27827
3 1 17 5.5 -2 0 0 21442
3 1 18 5.5 -2 0 0 11612
3 1 19 1.5 -2 0 0 17456
3 1 20 5.5 -2 0 0 11598
3 1 21 5.5 -2 0 0 20433
3 1 22 1.5 -2 0 0 15154
3 1 23 5.5 -2 0 0 15585
3 1 24 5.5 -2 0 0 22382
3 1 25 5.5 -2 0 0 19384
3 1 26 5.5 -2 0 0 20032
3 1 27 5.5 -2 0 0 13552
3 1 28 5.5 -2 0 0 17494
3 1 29 5.5 -2 0 0 12710
3 1 30 5.5 -2 0 0 12211
3 1 31 5.5 -2 0 0 13155
3 1 32 5.5 -2 0 0 12720
3 1 33 5.5 -2 0 0 13690
3 1 34 5.5 -2 0 0 17656
3 1 35 5.5 -2 0 0 12830
3 1 36 5.5 -2 0 0 9530
3 1 37 5.5 -2 0 0 11181
3 1 38 5.5 -2 0 0 10059
3 1 39 5.5 -2 0 0 9367
3 1 40 5.5 -2 0 0 13947
3 1 41 5.5 -2 0 0 10052
3 1 42 5.5 -2 0 0 10926
3 1 43 5.5 -2 0 0 11102
3 1 44 5.5 -2 0 0 8692
3 1 45 5.5 -2 0 0 14980
3 1 46 5.5 -2 0 0 17915
3 1 47 5.5 -2 0 0 10376
3 1 48 1.5 -2 0 0 13577
3 1 49 5.5 -2 0 0 11343
3 1 50 5.5 -2 0 0 12041
3 1 51 5.5 -2 0 0 11710
3 1 52 5.5 -2 0 0 10051
3 1 53 1.5 -2 0 0 7667
3 1 54 1.5 -2 0 0 9768
3 1 55 1.5 -2 0 0 8966
3 1 56 1.5 -2 0 0 7910
3 1 57 1.5 -2 0 0 13929
3 1 58 1.5 -2 0 0 11224
3 1 59 1.5 -2 0 0 11153
3 1 60 1.5 -2 0 0 10581
3 1 61 1.5 -2 0 0 9358
3 1 62 1.5 -2 0 0 9820
3 1 63 1.5 -2 0 0 10365
3 2 0 1.5 -2 0 0 20082
3 2 1 1.5 -2 0 0 17445
3 2 2 1.5 -2 0 0 20420
3 2 3 1.5 -2 0 0 14794
3 2 4 1.5 -2 0 0 19020
3 2 5 1.5 -2 0 0 16380
3 2 6 1.5 -2 0 0 17694
3 2 7 1.5 -2 0 0 10117
3 2 8 1.5 -2 0 0 15633
3 2 9 1.5 -2 0 0 15941
3 2 10 1.5 -2 0 0 13660
3 2 11 1.5 -2 0 0 20735
3 2 12 1.5 -2 0 0 20461
3 2 13 1.5 -2 0 0 13058
3 2 14 1.5 -2 0 0 22438
3 2 15 1.5 -2 0 0 13602
3 2 16 1.5 -2 0 0 15290
3 2 17 1.5 -2 0 0 20453
3 2 18 1.5 -2 0 0 13722
3 2 19 1.5 -2 0 0 17534
3 2 20 1.5 -2 0 0 15903
3 2 21 5.5 -2 0 0 22703
3 2 22 5.5 -2 0 0 11572
3 2 23 5.5 -2 0 0 14487
3 2 24 5.5 -2 0 0 18282
3 2 25 5.5 -2 0 0 12791
3 2 26 5.5 -2 0 0 27099
3 2 27 1.5 -2 0 0 14955
3 2 28 5.5 -2 0 0 17192
3 2 29 5.5 -2 0 0 21630
3 2 30 5.5 -2 0 0 12273
3 2 31 5.5 -2 0 0 15622
3 2 32 5.5 -2 0 0 12140
3 2 33 5.5 -2 0 0 20276
3 2 34 5.5 -2 0 0 17867
3 2 35 5.5 -2 0 0 16260
3 2 36 5.5 -2 0 0 13277
3 2 37 5.5 -2 0 0 20267
3 2 38 1.5 -2 0 0 16471
3 2 39 5.5 -2 0 0 13329
3 2 40 5.5 -2 0 0 13854
3 2 41 5.5 -2 0 0 12212
3 2 42 5.5 -2 0 0 19508
3 2 43 5.5 -2 0 0 21905
3 2 44 5.5 -2 0 0 10773
3 2 45 5.5 -2 0 0 11379
3 2 46 5.5 -2 0 0 24925
3 2 47 5.5 -2 0 0 10980
3 2 48 1.5 -2 0 0 19722
3 2 49 5.5 -2 0 0 21786
3 2 50 5.5 -2 0 0 13120
3 2 51 1.5 -2 0 0 21352
3 2 52 1.5 -2 0 0 18779
3 2 53 1.5 -2 0 0 10463
3 2 54 1.5 -2 0 0 12195
3 2 55 1.5 -2 0 0 22278
3 2 56 1.5 -2 0 0 17086
3 2 57 1.5 -2 0 0 22603
3 2 58 1.5 -2 0 0 15908
3 2 59 1.5 -2 0 0 22574
3 2 60 1.5 -2 0 0 10745
3 2 61 1.5 -2 0 0 25715
3 2 62 1.5 -2 0 0 17642
3 2 63 1.5 -2 0 0 14582
3 3 0 5.5 -2 0 0 11720
3 3 1 5.5 -2 0 0 19730
3 3 2 5.5 -2 0 0 13948
3 3 3 5.5 -2 0 0 23005
3 3 4 5.5 -2 0 0 13237
3 3 5 5.5 -2 0 0 14136
3 3 6 5.5 -2 0 0 14257
3 3 7 5.5 -2 0 0 22668
3 3 8 5.5 -2 0 0 12285
3 3 9 5.5 -2 0 0 13248
3 3 10 5.5 -2 0 0 21100
3 3 11 5.5 -2 0 0 12770
3 3 12 5.5 -2 0 0 14020
3 3 13 5.5 -2 0 0 22532
3 3 14 5.5 -2 0 0 15652
3 3 15 5.5 -2 0 0 14651
3 3 16 5.5 -2 0 0 17236
3 3 17 5.5 -2 0 0 13035
3 3 18 5.5 -2 0 0 11591
3 3 19 5.5 -2 0 0 15124
3 3 20 5.5 -2 0 0 10270
3 3 21 5.5 -2 0 0 22841
3 3 22 5.5 -2 0 0 14902
3 3 23 5.5 -2 0 0 15008
3 3 24 5.5 -2 0 0 13392
3 3 25 5.5 -2 0 0 16315
3 3 26 5.5 -2 0 0 11311
3 3 27 5.5 -2 0 0 11318
3 3 28 5.5 -2 0 0 14589
3 3 29 5.5 -2 0 0 17061
3 3 30 5.5 -2 0 0 9775
3 3 31 5.5 -2 0 0 21126
3 3 32 4.66206 0.191923 0.431472 0.0819739 14529
3 3 33 5.5 -2 0 0 16662
3 3 34 5.5 -2 0 0 12032
3 3 35 5.5 -2 0 0 15680
3 3 36 5.5 -2 0 0 13318
3 3 37 5.5 -2 0 0 12330
3 3 38 5.5 -2 0 0 21357
3 3 39 5.5 -2 0 0 13001
3 3 40 5.5 -2 0 0 12370
3 3 41 5.5 -2 0 0 15208
3 3 42 5.5 -2 0 0 12573
3 3 43 4.62531 0.189085 0.536548 0.0594672 9806
3 3 44 5.5 -2 0 0 20115
3 3 45 5.5 -2 0 0 14721
3 3 46 5.5 -2 0 0 12361
3 3 47 5.5 -2 0 0 15881
3 3 48 5.5 -2 0 0 11837
3 3 49 5.5 -2 0 0 19635
3 3 50 5.5 -2 0 0 12216
3 3 51 5.5 -2 0 0 13979
3 3 52 5.5 -2 0 0 20055
3 3 53 5.5 -2 0 0 15193
3 3 54 5.5 -2 0 0 19675
3 3 55 5.5 -2 0 0 20000
3 3 56 5.5 -2 0 0 13155
3 3 57 5.5 -2 0 0 20437
3 3 58 5.5 -2 0 0 20626
3 3 59 5.5 -2 0 0 17827
3 3 60 5.5 -2 0 0 19537
3 3 61 5.5 -2 0 0 13740
3 3 62 5.5 -2 0 0 18514
3 3 63 5.5 -2 0 0 13307
3 4 0 1.5 -2 0 0 23017
3 4 1 1.5 -2 0 0 22432
3 4 2 1.5 -2 0 0 18404
3 4 3 1.5 -2 0 0 8393
3 4 4 1.5 -2 0 0 12211
3 4 5 1.5 -2 0 0 15218
3 4 6 1.5 -2 0 0 10993
3 4 7 1.5 -2 0 0 7199
3 4 8 1.5 -2 0 0 17257
3 4 9 1.5 -2 0 0 15483
3 4 10 1.5 -2 0 0 14011
3 4 11 1.5 -2 0 0 14425
3 4 12 1.5 -2 0 0 9358
3 4 13 1.5 -2 0 0 11631
3 4 14 1.5 -2 0 0 19647
3 4 15 1.5 -2 0 0 7544
3 4 16 1.5 -2 0 0 7993
3 4 17 1.5 -2 0 0 14843
3 4 18 1.5 -2 0 0 10884
3 4 19 1.5 -2 0 0 10904
3 4 20 1.5 -2 0 0 7541
3 4 21 5.5 -2 0 0 9697
3 4 22 1.5 -2 0 0 12540
3 4 23 1.5 -2 0 0 10783
3 4 24 5.5 -2 0 0 18441
3 4 25 1.5 -2 0 0 10673
3 4 26 1.5 -2 0 0 18545
3 4 27 1.5 -2 0 0 8125
3 4 28 5.5 -2 0 0 6935
3 4 29 1.5 -2 0 0 15073
3 4 30 5.5 -2 0 0 5952
3 4 31 5.5 -2 0 0 6341
3 4 32 5.5 -2 0 0 7208
3 4 33 5.5 -2 0 0 8572
3 4 34 1.5 -2 0 0 12787
3 4 35 1.5 -2 0 0 6601
3 4 36 1.5 -2 0 0 6836
3 4 37 1.5 -2 0 0 10921
3 4 38 1.5 -2 0 0 8532
3 4 39 1.5 -2 0 0 7656
3 4 40 1.5 -2 0 0 8762
3 4 41 1.5 -2 0 0 6838
3 4 42 1.5 -2 0 0 7803
3 4 43 1.5 -2 0 0 13717
3 4 44 5.5 -2 0 0 8489
3 4 45 1.5 -2 0 0 6799
3 4 46 1.5 -2 0 0 17513
3 4 47 1.5 -2 0 0 5359
3 4 48 1.5 -2 0 0 6014
3 4 49 1.5 -2 0 0 12041
3 4 50 1.5 -2 0 0 8937
3 4 51 1.5 -2 0 0 8442
3 4 52 1.5 -2 0 0 8830
3 4 53 1.5 -2 0 0 5671
3 4 54 1.5 -2 0 0 6856
3 4 55 1.5 -2 0 0 8385
3 4 56 1.5 -2 0 0 10618
3 4 57 1.5 -2 0 0 12137
3 4 58 1.5 -2 0 0 10223
3 4 59 1.5 -2 0 0 10240
3 4 60 1.5 -2 0 0 6517
3 4 61 1.5 -2 0 0 12575
3 4 62 1.5 -2 0 0 9145
3 4 63 1.5 -2 0 0 8408
3 5 0 1.5 -2 0 0 13918
3 5 1 1.5 -2 0 0 10016
3 5 2 1.5 -2 0 0 14118
3 5 3 1.5 -2 0 0 12693
3 5 4 1.5 -2 0 0 15451
3 5 5 1.5 -2 0 0 11972
3 5 6 1.5 -2 0 0 15620
3 5 7 1.5 -2 0 0 10503
3 5 8 1.5 -2 0 0 14493
3 5 9 1.5 -2 0 0 12458
3 5 10 1.5 -2 0 0 15398
3 5 11 1.5 -2 0 0 12682
3 5 12 1.5 -2 0 0 10969
3 5 13 1.5 -2 0 0 12271
3 5 14 5.5 -2 0 0 10583
3 5 15 1.5 -2 0 0 12153
3 5 16 5.5 -2 0 0 16642
3 5 17 5.5 -2 0 0 11924
3 5 18 5.5 -2 0 0 11326
3 5 19 5.5 -2 0 0 18044
3 5 20 5.5 -2 0 0 18738
3 5 21 5.5 -2 0 0 15334
3 5 22 5.5 -2 0 0 16825
3 5 23 5.5 -2 0 0 12834
3 5 24 5.5 -2 0 0 14214
3 5 25 5.5 -2 0 0 12534
3 5 26 5.5 -2 0 0 12840
3 5 27 5.5 -2 0 0 18480
3 5 28 5.5 -2 0 0 13270
3 5 29 5.5 -2 0 0 16280
3 5 30 5.5 -2 0 0 13625
3 5 31 5.5 -2 0 0 21731
3 5 32 5.5 -2 0 0 13405
3 5 33 5.5 -2 0 0 17343
3 5 34 5.5 -2 0 0 16933
3 5 35 5.5 -2 0 0 23108
3 5 36 5.5 -2 0 0 19878
3 5 37 5.5 -2 0 0 14541
3 5 38 5.5 -2 0 0 14095
3 5 39 5.5 -2 0 0 29021
3 5 40 5.5 -2 0 0 20144
3 5 41 5.5 -2 0 0 11858
3 5 42 5.5 -2 0 0 18478
3 5 43 5.5 -2 0 0 18965
3 5 44 5.5 -2 0 0 21610
3 5 45 5.5 -2 0 0 12404
3 5 46 5.5 -2 0 0 18511
3 5 47 5.5 -2 0 0 28300
3 5 48 5.5 -2 0 0 18808
3 5 49 5.5 -2 0 0 14301
3 5 50 1.5 -2 0 0 23586
3 5 51 1.5 -2 0 0 27159
3 5 52 1.5 -2 0 0 12265
3 5 53 1.5 -2 0 0 16458
3 5 54 1.5 -2 0 0 13115
3 5 55 5.5 -2 0 0 15133
3 5 56 1.5 -2 0 0 27853
3 5 57 1.5 -2 0 0 27346
3 5 58 1.5 -2 0 0 12998
3 5 59 1.5 -2 0 0 16595
3 5 60 1.5 -2 0 0 16234
3 5 61 1.5 -2 0 0 24861
3 5 62 1.5 -2 0 0 20541
3 5 63 1.5 -2 0 0 15190
3 6 0 1.5 -2 0 0 11449
3 6 1 5.5 -2 0 0 9717
3 6 2 1.5 -2 0 0 9591
3 6 3 1.5 -2 0 0 6694
3 6 4 1.5 -2 0 0 9061
3 6 5 1.5 -2 0 0 8185
3 6 6 5.5 -2 0 0 11156
3 6 7 1.5 -2 0 0 7482
3 6 8 1.5 -2 0 0 8637
3 6 9 5.5 -2 0 0 7047
3 6 10 1.5 -2 0 0 8970
3 6 11 1.5 -2 0 0 6504
3 6 12 1.5 -2 0 0 9441
3 6 13 1.5 -2 0 0 5083
3 6 14 1.5 -2 0 0 13130
3 6 15 1.5 -2 0 0 5254
3 6 16 5.5 -2 0 0 8945
3 6 17 5.5 -2 0 0 9491
3 6 18 5.5 -2 0 0 4985
3 6 19 1.5 -2 0 0 7600
3 6 20 1.5 -2 0 0 6043
3 6 21 1.5 -2 0 0 7605
3 6 22 1.5 -2 0 0 7944
3 6 23 5.5 -2 0 0 8444
3 6 24 5.5 -2 0 0 9458
3 6 25 5.5 -2 0 0 7205
3 6 26 5.5 -2 0 0 7841
3 6 27 5.5 -2 0 0 4726
3 6 28 5.5 -2 0 0 4916
3 6 29 5.5 -2 0 0 6745
3 6 30 5.5 -2 0 0 5129
3 6 31 5.5 -2 0 0 6384
3 6 32 5.5 -2 0 0 4003
3 6 33 5.5 -2 0 0 3711
3 6 34 5.5 -2 0 0 8450
3 6 35 5.5 -2 0 0 3218
3 6 36 5.5 -2 0 0 3996
3 6 37 5.5 -2 0 0 4189
3 6 38 5.5 -2 0 0 5250
3 6 39 1.5 -2 0 0 3577
3 6 40 5.5 -2 0 0 3775
3 6 41 5.5 -2 0 0 3089
3 6 42 5.5 -2 0 0 6826
3 6 43 1.5 -2 0 0 8628
3 6 44 5.5 -2 0 0 5664
3 6 45 5.5 -2 0 0 6881
3 6 46 5.5 -2 0 0 9592
3 6 47 5.5 -2 0 0 3292
3 6 48 5.5 -2 0 0 5791
3 6 49 1.5 -2 0 0 6356
3 6 50 1.5 -2 0 0 3596
3 6 51 5.5 -2 0 0 5820
3 6 52 1.5 -2 0 0 4961
3 6 53 1.5 -2 0 0 2833
3 6 54 1.5 -2 0 0 4081
3 6 55 1.5 -2 0 0 6662
3 6 56 1.5 -2 0 0 3022
3 6 57 1.5 -2 0 0 3668
3 6 58 1.5 -2 0 0 4005
3 6 59 1.5 -2 0 0 7491
3 6 60 1.5 -2 0 0 4957
3 6 61 1.5 -2 0 0 5447
3 6 62 1.5 -2 0 0 4867
3 6 63 1.5 -2 0 0 4697
3 7 0 1.5 -2 0 0 3329
3 7 1 1.5 -2 0 0 5604
3 7 2 5.5 -2 0 0 3241
3 7 3 5.5 -2 0 0 7354
3 7 4 5.5 -2 0 0 3664
3 7 5 1.5 -2 0 0 3928
3 7 6 1.5 -2 0 0 5735
3 7 7 5.5 -2 0 0 3799
3 7 8 1.5 -2 0 0 4106
3 7 9 1.5 -2 0 0 3395
3 7 10 1.5 -2 0 0 3297
3 7 11 5.5 -2 0 0 3980
3 7 12 1.5 -2 0 0 4127
3 7 13 5.5 -2 0 0 4396
3 7 14 5.5 -2 0 0 4385
3 7 15 5.5 -2 0 0 3986
3 7 16 5.5 -2 0 0 5457
3 7 17 5.5 -2 0 0 4294
3 7 18 5.5 -2 0 0 4263
3 7 19 5.5 -2 0 0 7370
3 7 20 5.5 -2 0 0 8057
3 7 21 1.5 -2 0 0 5500
3 7 22 5.5 -2 0 0 4166
3 7 23 5.5 -2 0 0 4718
3 7 24 5.5 -2 0 0 6880
3 7 25 5.5 -2 0 0 4885
3 7 26 5.5 -2 0 0 7508
3 7 27 5.5 -2 0 0 5733
3 7 28 5.5 -2 0 0 5391
3 7 29 5.5 -2 0 0 4970
3 7 30 5.5 -2 0 0 4652
3 7 31 5.5 -2 0 0 6245
3 7 32 5.5 -2 0 0 5840
3 7 33 5.5 -2 0 0 6083
3 7 34 5.5 -2 0 0 9058
3 7 35 5.5 -2 0 0 7260
3 7 36 5.5 -2 0 0 5675
3 7 37 5.5 -2 0 0 5861
3 7 38 5.5 -2 0 0 7838
3 7 39 5.5 -2 0 0 15777
3 7 40 5.5 -2 0 0 5253
3 7 41 5.5 -2 0 0 6951
3 7 42 5.5 -2 0 0 9304
3 7 43 5.5 -2 0 0 5547
3 7 44 5.5 -2 0 0 8532
3 7 45 5.5 -2 0 0 7816
3 7 46 5.5 -2 0 0 6293
3 7 47 5.5 -2 0 0 12000
3 7 48 5.5 -2 0 0 6925
3 7 49 5.5 -2 0 0 5967
3 7 50 5.5 -2 0 0 8072
3 7 51 5.5 -2 0 0 13483
3 7 52 5.5 -2 0 0 6550
3 7 53 1.5 -2 0 0 13526
3 7 54 5.5 -2 0 0 8234
3 7 55 5.5 -2 0 0 7522
3 7 56 5.5 -2 0 0 9491
3 7 57 1.5 -2 0 0 10303
3 7 58 1.5 -2 0 0 7725
3 7 59 1.5 -2 0 0 10424
3 7 60 1.5 -2 0 0 14453
3 7 61 1.5 -2 0 0 9781
3 7 62 1.5 -2 0 0 8742
3 7 63 1.5 -2 0 0 11745
3 8 0 1.5 -2 0 0 6545
3 8 1 1.5 -2 0 0 7824
3 8 2 1.5 -2 0 0 8460
3 8 3 1.5 -2 0 0 9252
3 8 4 1.5 -2 0 0 9119
3 8 5 1.5 -2 0 0 11372
3 8 6 1.5 -2 0 0 8232
3 8 7 1.5 -2 0 0 10520
3 8 8 5.5 -2 0 0 8618
3 8 9 5.5 -2 0 0 12709
3 8 10 5.5 -2 0 0 7815
3 8 11 1.5 -2 0 0 9702
3 8 12 5.5 -2 0 0 10425
3 8 13 5.5 -2 0 0 10789
3 8 14 5.5 -2 0 0 7945
3 8 15 5.5 -2 0 0 10443
3 8 16 5.5 -2 0 0 9864
3 8 17 5.5 -2 0 0 9567
3 8 18 5.5 -2 0 0 9754
3 8 19 5.5 -2 0 0 12792
3 8 20 5.5 -2 0 0 9011
3 8 21 5.5 -2 0 0 8049
3 8 22 5.5 -2 0 0 8496
3 8 23 5.5 -2 0 0 9503
3 8 24 5.5 -2 0 0 8323
3 8 25 5.5 -2 0 0 13556
3 8 26 5.5 -2 0 0 8902
3 8 27 5.5 -2 0 0 9715
3 8 28 5.5 -2 0 0 12851
3 8 29 5.5 -2 0 0 10421
3 8 30 5.5 -2 0 0 9437
3 8 31 5.5 -2 0 0 13576
3 8 32 5.5 -2 0 0 12252
3 8 33 5.5 -2 0 0 12410
3 8 34 5.5 -2 0 0 12999
3 8 35 5.5 -2 0 0 16078
3 8 36 5.5 -2 0 0 10800
3 8 37 5.5 -2 0 0 10097
3 8 38 5.5 -2 0 0 25177
3 8 39 5.5 -2 0 0 16527
3 8 40 5.5 -2 0 0 6760
3 8 41 5.5 -2 0 0 19607
3 8 42 5.5 -2 0 0 9113
3 8 43 5.5 -2 0 0 13154
3 8 44 5.5 -2 0 0 13851
3 8 45 5.5 -2 0 0 11924
3 8 46 5.5 -2 0 0 9385
3 8 47 5.5 -2 0 0 19899
3 8 48 5.5 -2 0 0 13141
3 8 49 5.5 -2 0 0 12620
3 8 50 5.5 -2 0 0 12435
3 8 51 5.5 -2 0 0 13716
3 8 52 5.5 -2 0 0 10576
3 8 53 5.5 -2 0 0 16477
3 8 54 1.5 -2 0 0 17341
3 8 55 1.5 -2 0 0 15928
3 8 56 5.5 -2 0 0 19753
3 8 57 1.5 -2 0 0 15901
3 8 58 1.5 -2 0 0 9725
3 8 59 5.5 -2 0 0 10806
3 8 60 1.5 -2 0 0 14130
3 8 61 1.5 -2 0 0 11565
3 8 62 1.5 -2 0 0 11696
3 8 63 1.5 -2 0 0 14872
3 9 0 5.5 -2 0 0 9764
3 9 1 1.5 -2 0 0 7706
3 9 2 5.5 -2 0 0 9333
3 9 3 1.5 -2 0 0 6967
3 9 4 5.5 -2 0 0 2972
3 9 5 1.5 -2 0 0 4874
3 9 6 5.5 -2 0 0 6725
3 9 7 1.5 -2 0 0 3816
3 9 8 5.5 -2 0 0 7458
3 9 9 1.5 -2 0 0 7426
3 9 10 5.5 -2 0 0 4141
3 9 11 1.5 -2 0 0 7440
3 9 12 5.5 -2 0 0 4104
3 9 13 5.5 -2 0 0 5190
3 9 14 5.5 -2 0 0 8311
3 9 15 5.5 -2 0 0 3710
3 9 16 5.5 -2 0 0 4034
3 9 17 5.5 -2 0 0 7019
3 9 18 5.5 -2 0 0 5489
3 9 19 5.5 -2 0 0 4467
3 9 20 5.5 -2 0 0 2638
3 9 21 5.5 -2 0 0 6368
3 9 22 5.5 -2 0 0 4227
3 9 23 5.5 -2 0 0 3111
3 9 24 5.5 -2 0 0 10341
3 9 25 5.5 -2 0 0 4148
3 9 26 5.5 -2 0 0 7102
3 9 27 5.5 -2 0 0 2943
3 9 28 5.5 -2 0 0 3714
3 9 29 5.5 -2 0 0 4749
3 9 30 5.5 -2 0 0 2598
3 9 31 5.5 -2 0 0 3275
3 9 32 5.5 -2 0 0 3112
3 9 33 5.5 -2 0 0 1808
3 9 34 5.5 -2 0 0 7277
3 9 35 5.5 -2 0 0 4020
3 9 36 5.5 -2 0 0 2054
3 9 37 5.5 -2 0 0 2503
3 9 38 5.5 -2 0 0 2532
3 9 39 5.5 -2 0 0 4273
3 9 40 5.5 -2 0 0 3262
3 9 41 5.5 -2 0 0 2492
3 9 42 5.5 -2 0 0 2674
3 9 43 5.5 -2 0 0 5330
3 9 44 5.5 -2 0 0 1880
3 9 45 5.5 -2 0 0 3583
3 9 46 5.5 -2 0 0 5748
3 9 47 5.5 -2 0 0 2777
3 9 48 5.5 -2 0 0 3089
3 9 49 5.5 -2 0 0 4019
3 9 50 5.5 -2 0 0 3005
3 9 51 5.5 -2 0 0 4560
3 9 52 5.5 -2 0 0 4848
3 9 53 5.5 -2 0 0 3245
3 9 54 5.5 -2 0 0 2750
3 9 55 5.5 -2 0 0 6522
3 9 56 1.5 -2 0 0 2558
3 9 57 1.5 -2 0 0 4153
3 9 58 1.5 -2 0 0 2782
3 9 59 1.5 -2 0 0 6112
3 9 60 1.5 -2 0 0 3818
3 9 61 1.5 -2 0 0 3627
3 9 62 1.5 -2 0 0 5231
3 9 63 1.5 -2 0 0 3217
3 10 0 1.5 -2 0 0 15916
3 10 1 1.5 -2 0 0 15234
3 10 2 1.5 -2 0 0 17532
3 10 3 1.5 -2 0 0 21364
3 10 4 1.5 -2 0 0 11341
3 10 5 1.5 -2 0 0 12324
3 10 6 1.5 -2 0 0 12388
3 10 7 1.5 -2 0 0 22728
3 10 8 1.5 -2 0 0 11477
3 10 9 1.5 -2 0 0 13180
3 10 10 1.5 -2 0 0 14451
3 10 11 1.5 -2 0 0 12417
3 10 12 1.5 -2 0 0 11631
3 10 13 1.5 -2 0 0 15558
3 10 14 1.5 -2 0 0 17419
3 10 15 1.5 -2 0 0 13640
3 10 16 1.5 -2 0 0 16939
3 10 17 1.5 -2 0 0 12269
3 10 18 1.5 -2 0 0 13470
3 10 19 1.5 -2 0 0 23104
3 10 20 1.5 -2 0 0 16055
3 10 21 1.5 -2 0 0 12904
3 10 22 1.5 -2 0 0 13387
3 10 23 1.5 -2 0 0 12304
3 10 24 1.5 -2 0 0 12321
3 10 25 1.5 -2 0 0 16212
3 10 26 1.5 -2 0 0 11523
3 10 27 5.5 -2 0 0 11980
3 10 28 5.5 -2 0 0 13012
3 10 29 1.5 -2 0 0 15626
3 10 30 5.5 -2 0 0 9078
3 10 31 1.5 -2 0 0 25264
3 10 32 1.5 -2 0 0 21867
3 10 33 5.5 -2 0 0 11634
3 10 34 1.5 -2 0 0 16725
3 10 35 1.5 -2 0 0 26748
3 10 36 1.5 -2 0 0 17376
3 10 37 5.5 -2 0 0 15060
3 10 38 5.5 -2 0 0 15995
3 10 39 5.5 -2 0 0 21836
3 10 40 1.5 -2 0 0 10553
3 10 41 5.5 -2 0 0 11907
3 10 42 1.5 -2 0 0 18343
3 10 43 1.5 -2 0 0 12141
3 10 44 1.5 -2 0 0 14658
3 10 45 1.5 -2 0 0 21635
3 10 46 1.5 -2 0 0 11471
3 10 47 5.5 -2 0 0 15590
3 10 48 1.5 -2 0 0 10826
3 10 49 1.5 -2 0 0 17651
3 10 50 1.5 -2 0 0 22264
3 10 51 1.5 -2 0 0 12101
3 10 52 1.5 -2 0 0 12468
3 10 53 5.5 -2 0 0 13816
3 10 54 1.5 -2 0 0 12384
3 10 55 1.5 -2 0 0 11888
3 10 56 1.5 -2 0 0 12756
3 10 57 1.5 -2 0 0 12689
3 10 58 1.5 -2 0 0 12344
3 10 59 1.5 -2 0 0 11256
3 10 60 1.5 -2 0 0 18585
3 10 61 1.5 -2 0 0 16698
3 10 62 1.5 -2 0 0 17675
3 10 63 1.5 -2 0 0 12137
3 11 0 5.5 -2 0 0 11493
3 11 1 5.5 -2 0 0 14352
3 11 2 5.5 -2 0 0 8610
3 11 3 5.5 -2 0 0 6215
3 11 4 5.5 -2 0 0 6874
3 11 5 5.5 -2 0 0 7487
3 11 6 5.5 -2 0 0 7887
3 11 7 5.5 -2 0 0 5223
3 11 8 5.5 -2 0 0 8321
3 11 9 5.5 -2 0 0 5868
3 11 10 1.5 -2 0 0 5473
3 11 11 5.5 -2 0 0 8130
3 11 12 5.5 -2 0 0 8957
3 11 13 5.5 -2 0 0 7635
3 11 14 5.5 -2 0 0 10907
3 11 15 5.5 -2 0 0 6139
3 11 16 5.5 -2 0 0 4912
3 11 17 5.5 -2 0 0 10203
3 11 18 5.5 -2 0 0 7138
3 11 19 5.5 -2 0 0 7499
3 11 20 5.5 -2 0 0 9652
3 11 21 5.5 -2 0 0 9688
3 11 22 5.5 -2 0 0 9075
3 11 23 5.5 -2 0 0 12184
3 11 24 5.5 -2 0 0 9733
3 11 25 5.5 -2 0 0 7466
3 11 26 5.5 -2 0 0 15240
3 11 27 5.5 -2 0 0 7532
3 11 28 5.5 -2 0 0 5461
3 11 29 5.5 -2 0 0 10316
3 11 30 5.5 -2 0 0 8558
3 11 31 5.5 -2 0 0 7746
3 11 32 5.5 -2 0 0 5859
3 11 33 5.5 -2 0 0 5930
3 11 34 5.5 -2 0 0 17519
3 11 35 5.5 -2 0 0 4609
3 11 36 5.5 -2 0 0 5740
3 11 37 5.5 -2 0 0 7022
3 11 38 5.5 -2 0 0 6848
3 11 39 5.5 -2 0 0 6590
3 11 40 5.5 -2 0 0 6210
3 11 41 5.5 -2 0 0 6056
3 11 42 5.5 -2 0 0 6995
3 11 43 5.5 -2 0 0 9425
3 11 44 5.5 -2 0 0 5465
3 11 45 5.5 -2 0 0 9059
3 11 46 5.5 -2 0 0 14887
3 11 47 5.5 -2 0 0 4601
3 11 48 5.5 -2 0 0 6791
3 11 49 5.5 -2 0 0 7524
3 11 50 5.5 -2 0 0 8518
3 11 51 5.5 -2 0 0 9862
3 11 52 5.5 -2 0 0 9866
3 11 53 5.5 -2 0 0 5244
3 11 54 5.5 -2 0 0 6810
3 11 55 5.5 -2 0 0 9802
3 11 56 5.5 -2 0 0 8033
3 11 57 1.5 -2 0 0 9082
3 11 58 5.5 -2 0 0 7446
3 11 59 5.5 -2 0 0 11197
3 11 60 1.5 -2 0 0 5852
3 11 61 1.5 -2 0 0 10427
3 11 62 1.5 -2 0 0 11791
3 11 63 1.5 -2 0 0 9037
3 12 0 1.5 -2 0 0 21652
3 12 1 5.5 -2 0 0 21254
3 12 2 5.5 -2 0 0 22956
3 12 3 5.5 -2 0 0 24197
3 12 4 5.5 -2 0 0 17590
3 12 5 5.5 -2 0 0 20419
3 12 6 5.5 -2 0 0 24178
3 12 7 5.5 -2 0 0 27664
3 12 8 1.5 -2 0 0 20844
3 12 9 1.5 -2 0 0 28082
3 12 10 5.5 -2 0 0 28658
3 12 11 5.5 -2 0 0 13995
3 12 12 5.5 -2 0 0 12582
3 12 13 5.5 -2 0 0 13623
3 12 14 5.5 -2 0 0 18401
3 12 15 5.5 -2 0 0 21325
3 12 16 5.5 -2 0 0 31381
3 12 17 5.5 -2 0 0 17904
3 12 18 5.5 -2 0 0 20889
3 12 19 5.5 -2 0 0 16453
3 12 20 5.5 -2 0 0 11858
3 12 21 5.5 -2 0 0 27437
3 12 22 5.5 -2 0 0 12209
3 12 23 5.5 -2 0 0 15835
3 12 24 5.5 -2 0 0 17694
3 12 25 5.5 -2 0 0 24321
3 12 26 5.5 -2 0 0 18555
3 12 27 5.5 -2 0 0 12578
3 12 28 5.5 -2 0 0 13526
3 12 29 5.5 -2 0 0 11358
3 12 30 5.5 -2 0 0 17509
3 12 31 5.5 -2 0 0 20523
3 12 32 5.5 -2 0 0 12984
3 12 33 5.5 -2 0 0 18971
3 12 34 5.5 -2 0 0 15221
3 12 35 5.5 -2 0 0 21015
3 12 36 5.5 -2 0 0 11305
3 12 37 5.5 -2 0 0 11048
3 12 38 5.5 -2 0 0 13106
3 12 39 5.5 -2 0 0 9854
3 12 40 5.5 -2 0 0 12751
3 12 41 5.5 -2 0 0 12696
3 12 42 5.5 -2 0 0 10567
3 12 43 5.5 -2 0 0 14854
3 12 44 5.5 -2 0 0 16910
3 12 45 5.5 -2 0 0 11855
3 12 46 5.5 -2 0 0 14933
3 12 47 5.5 -2 0 0 18617
3 12 48 5.5 -2 0 0 12139
3 12 49 5.5 -2 0 0 10052
3 12 50 5.5 -2 0 0 15711
3 12 51 5.5 -2 0 0 7314
3 12 52 5.5 -2 0 0 10485
3 12 53 5.5 -2 0 0 16551
3 12 54 5.5 -2 0 0 15737
3 12 55 5.5 -2 0 0 8307
3 12 56 5.5 -2 0 0 13020
3 12 57 5.5 -2 0 0 13138
3 12 58 5.5 -2 0 0 9166
3 12 59 5.5 -2 0 0 10651
3 12 60 5.5 -2 0 0 11393
3 12 61 1.5 -2 0 0 11762
3 12 62 1.5 -2 0 0 9239
3 12 63 1.5 -2 0 0 13371
3 13 0 1.5 -2 0 0 12022
3 13 1 1.5 -2 0 0 6175
3 13 2 1.5 -2 0 0 10377
3 13 3 1.5 -2 0 0 5931
3 13 4 1.5 -2 0 0 5521
3 13 5 1.5 -2 0 0 8320
3 13 6 1.5 -2 0 0 6196
3 13 7 1.5 -2 0 0 4021
3 13 8 1.5 -2 0 0 7498
3 13 9 5.5 -2 0 0 7483
3 13 10 1.5 -2 0 0 7130
3 13 11 1.5 -2 0 0 6857
3 13 12 1.5 -2 0 0 7578
3 13 13 1.5 -2 0 0 4668
3 13 14 1.5 -2 0 0 10261
3 13 15 1.5 -2 0 0 8436
3 13 16 5.5 -2 0 0 6134
3 13 17 5.5 -2 0 0 9267
3 13 18 1.5 -2 0 0 8408
3 13 19 1.5 -2 0 0 6318
3 13 20 5.5 -2 0 0 7284
3 13 21 5.5 -2 0 0 8358
3 13 22 5.5 -2 0 0 5236
3 13 23 5.5 -2 0 0 9067
3 13 24 5.5 -2 0 0 7763
3 13 25 1.5 -2 0 0 5175
3 13 26 5.5 -2 0 0 14238
3 13 27 5.5 -2 0 0 8153
3 13 28 5.5 -2 0 0 5275
3 13 29 5.5 -2 0 0 8658
3 13 30 5.5 -2 0 0 6354
3 13 31 5.5 -2 0 0 5501
3 13 32 5.5 -2 0 0 5352
3 13 33 5.5 -2 0 0 8492
3 13 34 5.5 -2 0 0 10402
3 13 35 5.5 -2 0 0 4856
3 13 36 5.5 -2 0 0 9308
3 13 37 5.5 -2 0 0 7834
3 13 38 5.5 -2 0 0 5550
3 13 39 5.5 -2 0 0 13885
3 13 40 5.5 -2 0 0 9445
3 13 41 5.5 -2 0 0 6555
3 13 42 5.5 -2 0 0 12110
3 13 43 5.5 -2 0 0 12440
3 13 44 5.5 -2 0 0 9594
3 13 45 5.5 -2 0 0 10184
3 13 46 5.5 -2 0 0 11717
3 13 47 5.5 -2 0 0 8811
3 13 48 5.5 -2 0 0 9770
3 13 49 1.5 -2 0 0 13837
3 13 50 5.5 -2 0 0 8290
3 13 51 5.5 -2 0 0 13341
3 13 52 1.5 -2 0 0 11618
3 13 53 5.5 -2 0 0 11817
3 13 54 1.5 -2 0 0 9389
3 13 55 1.5 -2 0 0 10602
3 13 56 1.5 -2 0 0 10327
3 13 57 1.5 -2 0 0 16537
3 13 58 1.5 -2 0 0 8733
3 13 59 1.5 -2 0 0 17691
3 13 60 1.5 -2 0 0 7883
3 13 61 1.5 -2 0 0 14184
3 13 62 1.5 -2 0 0 14740
3 13 63 1.5 -2 0 0 9761
3 14 0 5.5 -2 0 0 6049
3 14 1 5.5 -2 0 0 9908
3 14 2 1.5 -2 0 0 6003
3 14 3 1.5 -2 0 0 8590
3 14 4 5.5 -2 0 0 3944
3 14 5 5.5 -2 0 0 5208
3 14 6 1.5 -2 0 0 9393
3 14 7 5.5 -2 0 0 6082
3 14 8 5.5 -2 0 0 5098
3 14 9 5.5 -2 0 0 11405
3 14 10 5.5 -2 0 0 6371
3 14 11 1.5 -2 0 0 6958
3 14 12 5.5 -2 0 0 7886
3 14 13 5.5 -2 0 0 7994
3 14 14 5.5 -2 0 0 7287
3 14 15 5.5 -2 0 0 4088
3 14 16 5.5 -2 0 0 8268
3 14 17 5.5 -2 0 0 3433
3 14 18 5.5 -2 0 0 7721
3 14 19 5.5 -2 0 0 4751
3 14 20 5.5 -2 0 0 6100
3 14 21 5.5 -2 0 0 10527
3 14 22 5.5 -2 0 0 5186
3 14 23 5.5 -2 0 0 5747
3 14 24 5.5 -2 0 0 4439
3 14 25 5.5 -2 0 0 8424
3 14 26 5.5 -2 0 0 6133
3 14 27 5.5 -2 0 0 3343
3 14 28 5.5 -2 0 0 2828
3 14 29 5.5 -2 0 0 5350
3 14 30 5.5 -2 0 0 3182
3 14 31 5.5 -2 0 0 3770
3 14 32 5.5 -2 0 0 6660
3 14 33 5.5 -2 0 0 3168
3 14 34 5.5 -2 0 0 3283
3 14 35 5.5 -2 0 0 6001
3 14 36 5.5 -2 0 0 5213
3 14 37 5.5 -2 0 0 4703
3 14 38 5.5 -2 0 0 4438
3 14 39 5.5 -2 0 0 3760
3 14 40 5.5 -2 0 0 3047
3 14 41 5.5 -2 0 0 3494
3 14 42 5.5 -2 0 0 5458
3 14 43 5.5 -2 0 0 5078
3 14 44 5.5 -2 0 0 3816
3 14 45 5.5 -2 0 0 5413
3 14 46 5.5 -2 0 0 2923
3 14 47 5.5 -2 0 0 3508
3 14 48 5.5 -2 0 0 5323
3 14 49 5.5 -2 0 0 5048
3 14 50 5.5 -2 0 0 5265
3 14 51 5.5 -2 0 0 2873
3 14 52 5.5 -2 0 0 4643
3 14 53 1.5 -2 0 0 4074
3 14 54 5.5 -2 0 0 3516
3 14 55 1.5 -2 0 0 4074
3 14 56 1.5 -2 0 0 4303
3 14 57 5.5 -2 0 0 3582
3 14 58 1.5 -2 0 0 3422
3 14 59 5.5 -2 0 0 5128
3 14 60 1.5 -2 0 0 3841
3 14 61 1.5 -2 0 0 3482
3 14 62 1.5 -2 0 0 4484
3 14 63 1.5 -2 0 0 4684
3 15 0 5.5 -2 0 0 3586
3 15 1 5.5 -2 0 0 3742
3 15 2 5.5 -2 0 0 2951
3 15 3 5.5 -2 0 0 2585
3 15 4 5.5 -2 0 0 296
3 15 5 0 -10 0 0 161
3 15 6 5.5 -2 0 0 3470
3 15 7 5.5 -2 0 0 3454
3 15 8 5.5 -2 0 0 5163
3 15 9 0 -10 0 0 0
3 15 10 5.5 -2 0 0 3521
3 15 11 5.5 -2 0 0 5211
3 15 12 5.5 -2 0 0 4611
3 15 13 5.5 -2 0 0 4736
3 15 14 5.5 -2 0 0 345
3 15 15 5.5 -2 0 0 4846
3 15 16 5.5 -2 0 0 2658
3 15 17 5.5 -2 0 0 5576
3 15 18 5.5 -2 0 0 4568
3 15 19 5.5 -2 0 0 2290
3 15 20 5.5 -2 0 0 4297
3 15 21 5.5 -2 0 0 3579
3 15 22 0 -10 0 0 1
3 15 23 5.5 -2 0 0 4962
3 15 24 5.5 -2 0 0 5927
3 15 25 5.5 -2 0 0 1868
3 15 26 5.5 -2 0 0 4878
3 15 27 5.5 -2 0 0 4240
3 15 28 4.59101 0.404018 0.386355 0.0603368 1897
3 15 29 5.5 -2 0 0 5482
3 15 30 5.5 -2 0 0 4400
3 15 31 5.5 -2 0 0 4144
3 15 32 5.5 -2 0 0 4763
3 15 33 5.5 -2 0 0 4608
3 15 34 5.5 -2 0 0 6461
3 15 35 5.5 -2 0 0 4646
3 15 36 5.5 -2 0 0 4586
3 15 37 5.5 -2 0 0 5963
3 15 38 5.5 -2 0 0 2507
3 15 39 5.5 -2 0 0 6361
3 15 40 5.5 -2 0 0 2833
3 15 41 5.5 -2 0 0 5001
3 15 42 5.5 -2 0 0 2967
3 15 43 5.5 -2 0 0 6290
3 15 44 5.5 -2 0 0 5218
3 15 45 5.5 -2 0 0 2812
3 15 46 5.5 -2 0 0 3556
3 15 47 5.5 -2 0 0 5548
3 15 48 5.5 -2 0 0 2697
3 15 49 5.5 -2 0 0 5837
3 15 50 5.5 -2 0 0 5487
3 15 51 5.5 -2 0 0 8740
3 15 52 5.5 -2 0 0 4042
3 15 53 5.5 -2 0 0 6360
3 15 54 5.5 -2 0 0 6139
3 15 55 5.5 -2 0 0 7570
3 15 56 5.5 -2 0 0 7589
3 15 57 5.5 -2 0 0 7903
3 15 58 5.5 -2 0 0 6132
3 15 59 5.5 -2 0 0 4581
3 15 60 5.5 -2 0 0 3777
3 15 61 5.5 -2 0 0 5905
3 15 62 5.5 -2 0 0 8134
3 15 63 5.5 -2 0 0 3910
4 0 0 1.5 -2 0 0 8394
4 0 1 1.5 -2 0 0 7793
4 0 2 1.5 -2 0 0 8590
4 0 3 1.5 -2 0 0 5644
4 0 4 1.5 -2 0 0 6829
4 0 5 1.5 -2 0 0 6593
4 0 6 1.5 -2 0 0 7860
4 0 7 1.5 -2 0 0 12007
4 0 8 1.5 -2 0 0 15196
4 0 9 1.5 -2 0 0 11020
4 0 10 1.5 -2 0 0 10429
4 0 11 1.5 -2 0 0 6797
4 0 12 1.5 -2 0 0 6565
4 0 13 1.5 -2 0 0 7536
4 0 14 1.5 -2 0 0 15438
4 0 15 1.5 -2 0 0 6022
4 0 16 1.5 -2 0 0 10660
4 0 17 1.5 -2 0 0 6976
4 0 18 1.5 -2 0 0 5380
4 0 19 1.5 -2 0 0 5779
4 0 20 1.5 -2 0 0 5430
4 0 21 1.5 -2 0 0 12030
4 0 22 1.5 -2 0 0 5502
4 0 23 1.5 -2 0 0 17512
4 0 24 1.5 -2 0 0 7739
4 0 25 1.5 -2 0 0 15522
4 0 26 1.5 -2 0 0 8555
4 0 27 1.5 -2 0 0 5717
4 0 28 1.5 -2 0 0 6580
4 0 29 1.5 -2 0 0 18021
4 0 30 1.5 -2 0 0 8638
4 0 31 1.5 -2 0 0 15321
4 0 32 5.5 -2 0 0 4660
4 0 33 1.5 -2 0 0 6488
4 0 34 1.5 -2 0 0 22576
4 0 35 1.5 -2 0 0 16482
4 0 36 1.5 -2 0 0 10923
4 0 37 5.5 -2 0 0 7143
4 0 38 1.5 -2 0 0 9814
4 0 39 1.5 -2 0 0 22746
4 0 40 1.5 -2 0 0 12059
4 0 41 1.5 -2 0 0 5784
4 0 42 1.5 -2 0 0 7459
4 0 43 1.5 -2 0 0 8144
4 0 44 1.5 -2 0 0 8680
4 0 45 1.5 -2 0 0 16004
4 0 46 1.5 -2 0 0 22719
4 0 47 1.5 -2 0 0 10750
4 0 48 1.5 -2 0 0 15249
4 0 49 1.5 -2 0 0 8520
4 0 50 1.5 -2 0 0 8519
4 0 51 1.5 -2 0 0 15564
4 0 52 1.5 -2 0 0 9681
4 0 53 1.5 -2 0 0 19248
4 0 54 1.5 -2 0 0 17229
4 0 55 1.5 -2 0 0 14146
4 0 56 1.5 -2 0 0 11928
4 0 57 1.5 -2 0 0 14602
4 0 58 1.5 -2 0 0 10426
4 0 59 1.5 -2 0 0 11708
4 0 60 1.5 -2 0 0 19005
4 0 61 1.5 -2 0 0 16322
4 0 62 1.5 -2 0 0 27339
4 0 63 1.5 -2 0 0 11914
4 1 0 5.5 -2 0 0 10501
4 1 1 5.5 -2 0 0 19342
4 1 2 1.5 -2 0 0 9893
4 1 3 1.5 -2 0 0 16486
4 1 4 5.5 -2 0 0 5775
4 1 5 5.5 -2 0 0 8073
4 1 6 5.5 -2 0 0 9993
4 1 7 5.5 -2 0 0 7025
4 1 8 1.5 -2 0 0 7604
4 1 9 1.5 -2 0 0 15640
4 1 10 5.5 -2 0 0 8876
4 1 11 1.5 -2 0 0 15130
4 1 12 5.5 -2 0 0 6968
4 1 13 5.5 -2 0 0 5721
4 1 14 5.5 -2 0 0 8533
4 1 15 5.5 -2 0 0 6375
4 1 16 5.5 -2 0 0 11465
4 1 17 5.5 -2 0 0 17084
4 1 18 5.5 -2 0 0 5679
4 1 19 5.5 -2 0 0 6419
4 1 20 5.5 -2 0 0 4793
4 1 21 5.5 -2 0 0 18516
4 1 22 5.5 -2 0 0 7032
4 1 23 5.5 -2 0 0 5733
4 1 24 5.5 -2 0 0 16049
4 1 25 5.5 -2 0 0 12945
4 1 26 5.5 -2 0 0 8245
4 1 27 5.5 -2 0 0 13098
4 1 28 5.5 -2 0 0 12799
4 1 29 5.5 -2 0 0 5507
4 1 30 5.5 -2 0 0 4273
4 1 31 5.5 -2 0 0 12068
4 1 32 5.5 -2 0 0 10643
4 1 33 5.5 -2 0 0 11110
4 1 34 5.5 -2 0 0 6465
4 1 35 5.5 -2 0 0 11113
4 1 36 5.5 -2 0 0 9395
4 1 37 5.5 -2 0 0 5474
4 1 38 5.5 -2 0 0 9810
4 1 39 5.5 -2 0 0 9188
4 1 40 5.5 -2 0 0 4985
4 1 41 5.5 -2 0 0 4389
4 1 42 5.5 -2 0 0 4982
4 1 43 5.5 -2 0 0 5331
4 1 44 5.5 -2 0 0 4081
4 1 45 5.5 -2 0 0 10718
4 1 46 5.5 -2 0 0 12940
4 1 47 5.5 -2 0 0 2974
4 1 48 1.5 -2 0 0 5069
4 1 49 5.5 -2 0 0 5682
4 1 50 5.5 -2 0 0 4463
4 1 51 1.5 -2 0 0 5199
4 1 52 5.5 -2 0 0 4860
4 1 53 5.5 -2 0 0 6641
4 1 54 1.5 -2 0 0 5104
4 1 55 5.5 -2 0 0 5024
4 1 56 1.5 -2 0 0 4863
4 1 57 1.5 -2 0 0 6466
4 1 58 1.5 -2 0 0 5158
4 1 59 1.5 -2 0 0 11482
4 1 60 1.5 -2 0 0 4453
4 1 61 1.5 -2 0 0 9400
4 1 62 1.5 -2 0 0 5040
4 1 63 1.5 -2 0 0 4643
4 2 0 1.5 -2 0 0 29735
4 2 1 1.5 -2 0 0 22928
4 2 2 1.5 -2 0 0 27911
4 2 3 1.5 -2 0 0 17684
4 2 4 1.5 -2 0 0 18058
4 2 5 1.5 -2 0 0 23605
4 2 6 1.5 -2 0 0 25068
4 2 7 1.5 -2 0 0 16116
4 2 8 1.5 -2 0 0 25002
4 2 9 1.5 -2 0 0 20103
4 2 10 1.5 -2 0 0 15903
4 2 11 1.5 -2 0 0 22854
4 2 12 1.5 -2 0 0 23001
4 2 13 1.5 -2 0 0 17535
4 2 14 1.5 -2 0 0 24786
4 2 15 1.5 -2 0 0 19606
4 2 16 1.5 -2 0 0 17877
4 2 17 1.5 -2 0 0 24100
4 2 18 1.5 -2 0 0 18925
4 2 19 1.5 -2 0 0 17180
4 2 20 1.5 -2 0 0 22129
4 2 21 1.5 -2 0 0 26023
4 2 22 1.5 -2 0 0 14290
4 2 23 1.5 -2 0 0 18946
4 2 24 1.5 -2 0 0 22207
4 2 25 1.5 -2 0 0 17597
4 2 26 1.5 -2 0 0 29165
4 2 27 1.5 -2 0 0 16103
4 2 28 1.5 -2 0 0 18675
4 2 29 1.5 -2 0 0 22897
4 2 30 1.5 -2 0 0 14858
4 2 31 1.5 -2 0 0 13164
4 2 32 1.5 -2 0 0 13842
4 2 33 1.5 -2 0 0 16820
4 2 34 1.5 -2 0 0 27523
4 2 35 1.5 -2 0 0 13863
4 2 36 1.5 -2 0 0 22213
4 2 37 1.5 -2 0 0 19093
4 2 38 1.5 -2 0 0 19545
4 2 39 1.5 -2 0 0 21841
4 2 40 1.5 -2 0 0 18341
4 2 41 1.5 -2 0 0 14508
4 2 42 1.5 -2 0 0 23210
4 2 43 1.5 -2 0 0 21269
4 2 44 0 -10 0 0 171
4 2 45 1.5 -2 0 0 15042
4 2 46 1.5 -2 0 0 24193
4 2 47 1.5 -2 0 0 9162
4 2 48 1.5 -2 0 0 17916
4 2 49 1.5 -2 0 0 18474
4 2 50 1.5 -2 0 0 19753
4 2 51 1.5 -2 0 0 20600
4 2 52 1.5 -2 0 0 29687
4 2 53 1.5 -2 0 0 17265
4 2 54 2 -2 0 0 601
4 2 55 0 -10 0 0 0
4 2 56 1.5 -2 0 0 7359
4 2 57 1.5 -2 0 0 28422
4 2 58 1.5 -2 0 0 26228
4 2 59 1.5 -2 0 0 32655
4 2 60 1.5 -2 0 0 17181
4 2 61 1.5 -2 0 0 32311
4 2 62 2 -2 0 0 1653
4 2 63 2 -2 0 0 1298
4 3 0 5.5 -2 0 0 10259
4 3 1 5.5 -2 0 0 8653
4 3 2 1.5 -2 0 0 15733
4 3 3 5.5 -2 0 0 7386
4 3 4 5.5 -2 0 0 15449
4 3 5 5.5 -2 0 0 6664
4 3 6 5.5 -2 0 0 14556
4 3 7 1.5 -2 0 0 19556
4 3 8 5.5 -2 0 0 6777
4 3 9 5.5 -2 0 0 7796
4 3 10 5.5 -2 0 0 8612
4 3 11 5.5 -2 0 0 7298
4 3 12 5.5 -2 0 0 7066
4 3 13 5.5 -2 0 0 8586
4 3 14 5.5 -2 0 0 9275
4 3 15 5.5 -2 0 0 7524
4 3 16 5.5 -2 0 0 17063
4 3 17 5.5 -2 0 0 8090
4 3 18 5.5 -2 0 0 13678
4 3 19 5.5 -2 0 0 8327
4 3 20 5.5 -2 0 0 12494
4 3 21 5.5 -2 0 0 17791
4 3 22 5.5 -2 0 0 7523
4 3 23 5.5 -2 0 0 7062
4 3 24 5.5 -2 0 0 7975
4 3 25 5.5 -2 0 0 18868
4 3 26 5.5 -2 0 0 6617
4 3 27 5.5 -2 0 0 7516
4 3 28 5.5 -2 0 0 9075
4 3 29 5.5 -2 0 0 13850
4 3 30 5.5 -2 0 0 6808
4 3 31 5.5 -2 0 0 10948
4 3 32 5.5 -2 0 0 18026
4 3 33 5.5 -2 0 0 8181
4 3 34 5.5 -2 0 0 13963
4 3 35 5.5 -2 0 0 10923
4 3 36 5.5 -2 0 0 10802
4 3 37 5.5 -2 0 0 13201
4 3 38 5.5 -2 0 0 10613
4 3 39 5.5 -2 0 0 8172
4 3 40 5.5 -2 0 0 12683
4 3 41 5.5 -2 0 0 10185
4 3 42 5.5 -2 0 0 9526
4 3 43 5.5 -2 0 0 8736
4 3 44 5.5 -2 0 0 8913
4 3 45 5.5 -2 0 0 9736
4 3 46 5.5 -2 0 0 8482
4 3 47 5.5 -2 0 0 9888
4 3 48 5.5 -2 0 0 14184
4 3 49 5.5 -2 0 0 9927
4 3 50 5.5 -2 0 0 7827
4 3 51 5.5 -2 0 0 8332
4 3 52 5.5 -2 0 0 16435
4 3 53 1.5 -2 0 0 17292
4 3 54 5.5 -2 0 0 15239
4 3 55 1.5 -2 0 0 15926
4 3 56 5.5 -2 0 0 8475
4 3 57 1.5 -2 0 0 16204
4 3 58 5.5 -2 0 0 9083
4 3 59 5.5 -2 0 0 9246
4 3 60 1.5 -2 0 0 8245
4 3 61 1.5 -2 0 0 9227
4 3 62 1.5 -2 0 0 9076
4 3 63 1.5 -2 0 0 15071
4 4 0 1.5 -2 0 0 14919
4 4 1 1.5 -2 0 0 16785
4 4 2 1.5 -2 0 0 14399
4 4 3 1.5 -2 0 0 9410
4 4 4 1.5 -2 0 0 10643
4 4 5 1.5 -2 0 0 8035
4 4 6 5.5 -2 0 0 7211
4 4 7 1.5 -2 0 0 8432
4 4 8 5.5 -2 0 0 6289
4 4 9 1.5 -2 0 0 12469
4 4 10 1.5 -2 0 0 9997
4 4 11 5.5 -2 0 0 10734
4 4 12 5.5 -2 0 0 4904
4 4 13 1.5 -2 0 0 7682
4 4 14 1.5 -2 0 0 16050
4 4 15 5.5 -2 0 0 7498
4 4 16 5.5 -2 0 0 9305
4 4 17 5.5 -2 0 0 7727
4 4 18 1.5 -2 0 0 9103
4 4 19 5.5 -2 0 0 7811
4 4 20 0 -10 0 0 38
4 4 21 5.5 -2 0 0 13185
4 4 22 5.5 -2 0 0 8915
4 4 23 5.5 -2 0 0 7435
4 4 24 1.5 -2 0 0 14318
4 4 25 5.5 -2 0 0 7908
4 4 26 5.5 -2 0 0 14294
4 4 27 5.5 -2 0 0 6118
4 4 28 5.5 -2 0 0 8066
4 4 29 5.5 -2 0 0 12380
4 4 30 5.5 -2 0 0 6800
4 4 31 5.5 -2 0 0 7429
4 4 32 5.5 -2 0 0 7403
4 4 33 5.5 -2 0 0 5970
4 4 34 5.5 -2 0 0 6787
4 4 35 5.5 -2 0 0 7264
4 4 36 5.5 -2 0 0 6580
4 4 37 5.5 -2 0 0 8611
4 4 38 5.5 -2 0 0 6398
4 4 39 5.5 -2 0 0 7275
4 4 40 1.5 -2 0 0 9398
4 4 41 5.5 -2 0 0 3071
4 4 42 5.5 -2 0 0 392
4 4 43 5.5 -2 0 0 10587
4 4 44 5.5 -2 0 0 2472
4 4 45 5.5 -2 0 0 7211
4 4 46 1.5 -2 0 0 12709
4 4 47 0 -10 0 0 27
4 4 48 5.5 -2 0 0 3771
4 4 49 5.5 -2 0 0 10047
4 4 50 1.5 -2 0 0 6817
4 4 51 5.5 -2 0 0 8484
4 4 52 1.5 -2 0 0 7803
4 4 53 5.5 -2 0 0 6112
4 4 54 5.5 -2 0 0 7126
4 4 55 5.5 -2 0 0 4707
4 4 56 1.5 -2 0 0 8034
4 4 57 1.5 -2 0 0 8490
4 4 58 1.5 -2 0 0 8244
4 4 59 1.5 -2 0 0 11326
4 4 60 1.5 -2 0 0 7000
4 4 61 1.5 -2 0 0 6452
4 4 62 1.5 -2 0 0 10185
4 4 63 1.5 -2 0 0 8564
4 5 0 1.5 -2 0 0 13635
4 5 1 1.5 -2 0 0 18384
4 5 2 1.5 -2 0 0 18986
4 5 3 1.5 -2 0 0 20535
4 5 4 1.5 -2 0 0 18276
4 5 5 1.5 -2 0 0 19379
4 5 6 1.5 -2 0 0 20157
4 5 7 0 -10 0 0 198
4 5 8 1.5 -2 0 0 19053
4 5 9 1.5 -2 0 0 19816
4 5 10 1.5 -2 0 0 2361
4 5 11 1.5 -2 0 0 20478
4 5 12 1.5 -2 0 0 19363
4 5 13 3 -2 0 0 491
4 5 14 1.5 -2 0 0 18242
4 5 15 1.5 -2 0 0 21977
4 5 16 1.5 -2 0 0 14524
4 5 17 1.5 -2 0 0 21024
4 5 18 1.5 -2 0 0 22052
4 5 19 1.5 -2 0 0 16840
4 5 20 1.5 -2 0 0 22209
4 5 21 1.5 -2 0 0 20082
4 5 22 1.5 -2 0 0 12677
4 5 23 1.5 -2 0 0 22616
4 5 24 1.5 -2 0 0 727
4 5 25 3 -2 0 0 272
4 5 26 1.5 -2 0 0 20601
4 5 27 1.5 -2 0 0 20992
4 5 28 1.5 -2 0 0 17562
4 5 29 1.5 -2 0 0 862
4 5 30 1.5 -2 0 0 21575
4 5 31 1.5 -2 0 0 29627
4 5 32 0 -10 0 0 140
4 5 33 1.5 -2 0 0 23047
4 5 34 1.5 -2 0 0 13235
4 5 35 5.5 -2 0 0 29160
4 5 36 1.5 -2 0 0 22550
4 5 37 1.5 -2 0 0 22053
4 5 38 1.5 -2 0 0 19037
4 5 39 1.5 -2 0 0 35046
4 5 40 1.5 -2 0 0 25466
4 5 41 1.5 -2 0 0 14365
4 5 42 1.5 -2 0 0 15089
4 5 43 1.5 -2 0 0 24244
4 5 44 1.5 -2 0 0 7992
4 5 45 1.5 -2 0 0 24661
4 5 46 1.5 -2 0 0 23510
4 5 47 1.5 -2 0 0 33573
4 5 48 1.5 -2 0 0 26758
4 5 49 1.5 -2 0 0 22999
4 5 50 1.5 -2 0 0 16278
4 5 51 1.5 -2 0 0 33239
4 5 52 1.5 -2 0 0 18826
4 5 53 1.5 -2 0 0 17871
4 5 54 1.5 -2 0 0 11358
4 5 55 1.5 -2 0 0 27537
4 5 56 1.5 -2 0 0 33128
4 5 57 1.5 -2 0 0 32055
4 5 58 1.5 -2 0 0 26594
4 5 59 1.5 -2 0 0 26251
4 5 60 1.5 -2 0 0 34413
4 5 61 1.5 -2 0 0 29734
4 5 62 1.5 -2 0 0 25830
4 5 63 1.5 -2 0 0 25773
4 6 0 1.5 -2 0 0 16600
4 6 1 1.5 -2 0 0 9981
4 6 2 1.5 -2 0 0 14442
4 6 3 1.5 -2 0 0 6670
4 6 4 1.5 -2 0 0 10276
4 6 5 1.5 -2 0 0 11341
4 6 6 1.5 -2 0 0 13000
4 6 7 1.5 -2 0 0 8471
4 6 8 1.5 -2 0 0 11591
4 6 9 1.5 -2 0 0 7008
4 6 10 1.5 -2 0 0 10310
4 6 11 1.5 -2 0 0 6261
4 6 12 1.5 -2 0 0 10523
4 6 13 1.5 -2 0 0 7993
4 6 14 1.5 -2 0 0 14774
4 6 15 1.5 -2 0 0 8370
4 6 16 1.5 -2 0 0 10047
4 6 17 1.5 -2 0 0 11579
4 6 18 1.5 -2 0 0 5443
4 6 19 1.5 -2 0 0 8348
4 6 20 1.5 -2 0 0 9258
4 6 21 1.5 -2 0 0 11470
4 6 22 1.5 -2 0 0 9550
4 6 23 1.5 -2 0 0 9700
4 6 24 1.5 -2 0 0 8684
4 6 25 1.5 -2 0 0 8324
4 6 26 1.5 -2 0 0 12844
4 6 27 1.5 -2 0 0 6916
4 6 28 1.5 -2 0 0 4589
4 6 29 1.5 -2 0 0 7311
4 6 30 1.5 -2 0 0 7909
4 6 31 1.5 -2 0 0 5251
4 6 32 1.5 -2 0 0 7571
4 6 33 1.5 -2 0 0 2501
4 6 34 1.5 -2 0 0 9053
4 6 35 1.5 -2 0 0 6987
4 6 36 1.5 -2 0 0 5862
4 6 37 1.5 -2 0 0 7640
4 6 38 1.5 -2 0 0 6427
4 6 39 1.5 -2 0 0 6102
4 6 40 1.5 -2 0 0 451
4 6 41 1.5 -2 0 0 6406
4 6 42 1.5 -2 0 0 6459
4 6 43 1.5 -2 0 0 9720
4 6 44 1.5 -2 0 0 6872
4 6 45 1.5 -2 0 0 8239
4 6 46 1.5 -2 0 0 8334
4 6 47 1.5 -2 0 0 1852
4 6 48 3 -2 0 0 232
4 6 49 3 -2 0 0 231
4 6 50 0 -10 0 0 38
4 6 51 1.5 -2 0 0 5226
4 6 52 1.5 -2 0 0 9140
4 6 53 1.5 -2 0 0 4779
4 6 54 1.5 -2 0 0 7561
4 6 55 1.5 -2 0 0 8253
4 6 56 1.5 -2 0 0 2766
4 6 57 1.5 -2 0 0 6249
4 6 58 0 -10 0 0 136
4 6 59 2 -2 0 0 490
4 6 60 1.5 -2 0 0 6131
4 6 61 1.5 -2 0 0 7225
4 6 62 1.5 -2 0 0 4719
4 6 63 1.5 -2 0 0 7522
4 7 0 1.5 -2 0 0 4799
4 7 1 1.5 -2 0 0 7242
4 7 2 1.5 -2 0 0 8234
4 7 3 1.5 -2 0 0 8442
4 7 4 2 -2 0 0 387
4 7 5 1.5 -2 0 0 9894
4 7 6 1.5 -2 0 0 7964
4 7 7 1.5 -2 0 0 9170
4 7 8 0 -10 0 0 161
4 7 9 1.5 -2 0 0 6021
4 7 10 1.5 -2 0 0 7574
4 7 11 1.5 -2 0 0 10200
4 7 12 0 -10 0 0 152
4 7 13 1.5 -2 0 0 10689
4 7 14 0 -10 0 0 184
4 7 15 1.5 -2 0 0 10323
4 7 16 1.5 -2 0 0 7416
4 7 17 1.5 -2 0 0 9861
4 7 18 1.5 -2 0 0 10354
4 7 19 1.5 -2 0 0 10481
4 7 20 1.5 -2 0 0 9023
4 7 21 1.5 -2 0 0 8407
4 7 22 1.5 -2 0 0 6226
4 7 23 1.5 -2 0 0 10974
4 7 24 1.5 -2 0 0 9997
4 7 25 1.5 -2 0 0 10069
4 7 26 5.5 -2 0 0 11207
4 7 27 1.5 -2 0 0 11944
4 7 28 1.5 -2 0 0 9040
4 7 29 5.5 -2 0 0 10804
4 7 30 1.5 -2 0 0 9238
4 7 31 1.5 -2 0 0 11585
4 7 32 1.5 -2 0 0 10077
4 7 33 5.5 -2 0 0 10965
4 7 34 1.5 -2 0 0 10262
4 7 35 1.5 -2 0 0 13171
4 7 36 1.5 -2 0 0 10566
4 7 37 1.5 -2 0 0 11806
4 7 38 1.5 -2 0 0 15484
4 7 39 1.5 -2 0 0 17280
4 7 40 1.5 -2 0 0 10970
4 7 41 1.5 -2 0 0 12046
4 7 42 1.5 -2 0 0 13737
4 7 43 1.5 -2 0 0 11987
4 7 44 1.5 -2 0 0 15873
4 7 45 5.5 -2 0 0 15458
4 7 46 1.5 -2 0 0 13142
4 7 47 1.5 -2 0 0 20962
4 7 48 1.5 -2 0 0 11225
4 7 49 1.5 -2 0 0 11102
4 7 50 1.5 -2 0 0 14485
4 7 51 1.5 -2 0 0 14727
4 7 52 1.5 -2 0 0 12712
4 7 53 1.5 -2 0 0 17973
4 7 54 1.5 -2 0 0 17303
4 7 55 1.5 -2 0 0 15757
4 7 56 1.5 -2 0 0 19258
4 7 57 1.5 -2 0 0 19409
4 7 58 1.5 -2 0 0 13934
4 7 59 1.5 -2 0 0 14402
4 7 60 1.5 -2 0 0 20511
4 7 61 1.5 -2 0 0 17549
4 7 62 1.5 -2 0 0 14938
4 7 63 1.5 -2 0 0 16162
4 8 0 1.5 -2 0 0 7374
4 8 1 1.5 -2 0 0 3829
4 8 2 1.5 -2 0 0 8027
4 8 3 1.5 -2 0 0 9439
4 8 4 1.5 -2 0 0 5850
4 8 5 1.5 -2 0 0 4200
4 8 6 1.5 -2 0 0 8043
4 8 7 1.5 -2 0 0 9965
4 8 8 1.5 -2 0 0 4136
4 8 9 1.5 -2 0 0 8825
4 8 10 1.5 -2 0 0 8429
4 8 11 1.5 -2 0 0 8701
4 8 12 1.5 -2 0 0 4002
4 8 13 1.5 -2 0 0 11534
4 8 14 1.5 -2 0 0 7895
4 8 15 1.5 -2 0 0 6091
4 8 16 1.5 -2 0 0 10699
4 8 17 1.5 -2 0 0 9147
4 8 18 1.5 -2 0 0 9987
4 8 19 1.5 -2 0 0 7968
4 8 20 1.5 -2 0 0 5518
4 8 21 1.5 -2 0 0 8646
4 8 22 1.5 -2 0 0 4180
4 8 23 5.5 -2 0 0 5981
4 8 24 1.5 -2 0 0 8585
4 8 25 1.5 -2 0 0 13362
4 8 26 5.5 -2 0 0 5748
4 8 27 5.5 -2 0 0 6302
4 8 28 5.5 -2 0 0 12394
4 8 29 5.5 -2 0 0 10735
4 8 30 5.5 -2 0 0 9744
4 8 31 5.5 -2 0 0 8619
4 8 32 5.5 -2 0 0 8803
4 8 33 5.5 -2 0 0 7183
4 8 34 5.5 -2 0 0 6278
4 8 35 5.5 -2 0 0 10176
4 8 36 5.5 -2 0 0 11926
4 8 37 1.5 -2 0 0 10075
4 8 38 5.5 -2 0 0 17699
4 8 39 1.5 -2 0 0 11047
4 8 40 5.5 -2 0 0 4422
4 8 41 1.5 -2 0 0 9026
4 8 42 1.5 -2 0 0 9388
4 8 43 1.5 -2 0 0 7163
4 8 44 1.5 -2 0 0 16362
4 8 45 1.5 -2 0 0 9378
4 8 46 1.5 -2 0 0 6208
4 8 47 5.5 -2 0 0 21815
4 8 48 1.5 -2 0 0 7093
4 8 49 5.5 -2 0 0 6396
4 8 50 1.5 -2 0 0 9049
4 8 51 1.5 -2 0 0 13890
4 8 52 1.5 -2 0 0 9961
4 8 53 1.5 -2 0 0 16334
4 8 54 1.5 -2 0 0 13914
4 8 55 1.5 -2 0 0 12926
4 8 56 1.5 -2 0 0 10453
4 8 57 1.5 -2 0 0 15635
4 8 58 1.5 -2 0 0 10698
4 8 59 1.5 -2 0 0 10350
4 8 60 1.5 -2 0 0 11726
4 8 61 1.5 -2 0 0 12937
4 8 62 1.5 -2 0 0 8460
4 8 63 1.5 -2 0 0 12597
4 9 0 5.5 -2 0 0 11073
4 9 1 5.5 -2 0 0 12520
4 9 2 5.5 -2 0 0 7221
4 9 3 5.5 -2 0 0 7349
4 9 4 5.5 -2 0 0 3679
4 9 5 5.5 -2 0 0 4577
4 9 6 5.5 -2 0 0 7601
4 9 7 5.5 -2 0 0 6493
4 9 8 5.5 -2 0 0 5938
4 9 9 5.5 -2 0 0 7689
4 9 10 5.5 -2 0 0 4003
4 9 11 5.5 -2 0 0 5370
4 9 12 5.5 -2 0 0 4082
4 9 13 5.5 -2 0 0 3458
4 9 14 5.5 -2 0 0 12511
4 9 15 5.5 -2 0 0 5162
4 9 16 5.5 -2 0 0 5947
4 9 17 5.5 -2 0 0 6222
4 9 18 5.5 -2 0 0 3798
4 9 19 5.5 -2 0 0 4836
4 9 20 5.5 -2 0 0 2614
4 9 21 5.5 -2 0 0 9246
4 9 22 5.5 -2 0 0 5968
4 9 23 5.5 -2 0 0 3339
4 9 24 5.5 -2 0 0 9997
4 9 25 5.5 -2 0 0 3119
4 9 26 5.5 -2 0 0 5970
4 9 27 5.5 -2 0 0 2832
4 9 28 5.5 -2 0 0 3668
4 9 29 5.5 -2 0 0 7002
4 9 30 5.5 -2 0 0 2563
4 9 31 5.5 -2 0 0 2967
4 9 32 5.5 -2 0 0 4649
4 9 33 5.5 -2 0 0 1802
4 9 34 5.5 -2 0 0 7040
4 9 35 5.5 -2 0 0 4963
4 9 36 5.5 -2 0 0 2050
4 9 37 5.5 -2 0 0 3910
4 9 38 5.5 -2 0 0 4002
4 9 39 5.5 -2 0 0 2859
4 9 40 5.5 -2 0 0 2540
4 9 41 5.5 -2 0 0 2339
4 9 42 5.5 -2 0 0 2417
4 9 43 5.5 -2 0 0 4546
4 9 44 5.5 -2 0 0 1673
4 9 45 5.5 -2 0 0 2284
4 9 46 5.5 -2 0 0 5631
4 9 47 5.5 -2 0 0 3728
4 9 48 5.5 -2 0 0 4604
4 9 49 5.5 -2 0 0 4407
4 9 50 5.5 -2 0 0 4420
4 9 51 5.5 -2 0 0 3898
4 9 52 5.5 -2 0 0 7326
4 9 53 5.5 -2 0 0 3132
4 9 54 5.5 -2 0 0 2246
4 9 55 5.5 -2 0 0 6575
4 9 56 0 -10 0 0 44
4 9 57 1.5 -2 0 0 6037
4 9 58 5.5 -2 0 0 2125
4 9 59 5.5 -2 0 0 8861
4 9 60 1.5 -2 0 0 4233
4 9 61 1.5 -2 0 0 5753
4 9 62 1.5 -2 0 0 6419
4 9 63 1.5 -2 0 0 4804
4 10 0 1.5 -2 0 0 15964
4 10 1 1.5 -2 0 0 20933
4 10 2 1.5 -2 0 0 22620
4 10 3 1.5 -2 0 0 27237
4 10 4 1.5 -2 0 0 23031
4 10 5 1.5 -2 0 0 24647
4 10 6 1.5 -2 0 0 16705
4 10 7 1.5 -2 0 0 25560
4 10 8 1.5 -2 0 0 18272
4 10 9 1.5 -2 0 0 26181
4 10 10 1.5 -2 0 0 20046
4 10 11 1.5 -2 0 0 18434
4 10 12 1.5 -2 0 0 19557
4 10 13 1.5 -2 0 0 29607
4 10 14 1.5 -2 0 0 19548
4 10 15 1.5 -2 0 0 21122
4 10 16 1.5 -2 0 0 32366
4 10 17 1.5 -2 0 0 17190
4 10 18 1.5 -2 0 0 19065
4 10 19 1.5 -2 0 0 30528
4 10 20 1.5 -2 0 0 16479
4 10 21 1.5 -2 0 0 19242
4 10 22 1.5 -2 0 0 23307
4 10 23 1.5 -2 0 0 17575
4 10 24 1.5 -2 0 0 17986
4 10 25 1.5 -2 0 0 33706
4 10 26 1.5 -2 0 0 18199
4 10 27 1.5 -2 0 0 26040
4 10 28 1.5 -2 0 0 21102
4 10 29 1.5 -2 0 0 22322
4 10 30 1.5 -2 0 0 17700
4 10 31 1.5 -2 0 0 35239
4 10 32 1.5 -2 0 0 29178
4 10 33 1.5 -2 0 0 22076
4 10 34 1.5 -2 0 0 17942
4 10 35 1.5 -2 0 0 35311
4 10 36 1.5 -2 0 0 22806
4 10 37 1.5 -2 0 0 16213
4 10 38 1.5 -2 0 0 34933
4 10 39 1.5 -2 0 0 28593
4 10 40 1.5 -2 0 0 18804
4 10 41 1.5 -2 0 0 23011
4 10 42 1.5 -2 0 0 25706
4 10 43 1.5 -2 0 0 24287
4 10 44 1.5 -2 0 0 26345
4 10 45 1.5 -2 0 0 28756
4 10 46 1.5 -2 0 0 20008
4 10 47 1.5 -2 0 0 26398
4 10 48 1.5 -2 0 0 22174
4 10 49 1.5 -2 0 0 22107
4 10 50 1.5 -2 0 0 29754
4 10 51 1.5 -2 0 0 18888
4 10 52 1.5 -2 0 0 19379
4 10 53 1.5 -2 0 0 29033
4 10 54 1.5 -2 0 0 24443
4 10 55 1.5 -2 0 0 22712
4 10 56 1.5 -2 0 0 24760
4 10 57 1.5 -2 0 0 23956
4 10 58 1.5 -2 0 0 23737
4 10 59 1.5 -2 0 0 19669
4 10 60 1.5 -2 0 0 28511
4 10 61 1.5 -2 0 0 25042
4 10 62 1.5 -2 0 0 23265
4 10 63 1.5 -2 0 0 24123
4 11 0 1.5 -2 0 0 21238
4 11 1 1.5 -2 0 0 17877
4 11 2 1.5 -2 0 0 15781
4 11 3 1.5 -2 0 0 11405
4 11 4 1.5 -2 0 0 11425
4 11 5 1.5 -2 0 0 13546
4 11 6 1.5 -2 0 0 9313
4 11 7 1.5 -2 0 0 8765
4 11 8 1.5 -2 0 0 10688
4 11 9 1.5 -2 0 0 11389
4 11 10 1.5 -2 0 0 6025
4 11 11 1.5 -2 0 0 13605
4 11 12 1.5 -2 0 0 9252
4 11 13 1.5 -2 0 0 7762
4 11 14 1.5 -2 0 0 19666
4 11 15 1.5 -2 0 0 8431
4 11 16 5.5 -2 0 0 5210
4 11 17 1.5 -2 0 0 12991
4 11 18 1.5 -2 0 0 12872
4 11 19 1.5 -2 0 0 7536
4 11 20 1.5 -2 0 0 8010
4 11 21 1.5 -2 0 0 12575
4 11 22 1.5 -2 0 0 7305
4 11 23 5.5 -2 0 0 14734
4 11 24 5.5 -2 0 0 17759
4 11 25 5.5 -2 0 0 6418
4 11 26 5.5 -2 0 0 14798
4 11 27 5.5 -2 0 0 11240
4 11 28 1.5 -2 0 0 10334
4 11 29 5.5 -2 0 0 17361
4 11 30 1.5 -2 0 0 7704
4 11 31 1.5 -2 0 0 6673
4 11 32 5.5 -2 0 0 7062
4 11 33 5.5 -2 0 0 7969
4 11 34 5.5 -2 0 0 16147
4 11 35 5.5 -2 0 0 5921
4 11 36 5.5 -2 0 0 7632
4 11 37 5.5 -2 0 0 8607
4 11 38 5.5 -2 0 0 6467
4 11 39 1.5 -2 0 0 10479
4 11 40 5.5 -2 0 0 10366
4 11 41 1.5 -2 0 0 10713
4 11 42 5.5 -2 0 0 7630
4 11 43 1.5 -2 0 0 12067
4 11 44 5.5 -2 0 0 6922
4 11 45 5.5 -2 0 0 11085
4 11 46 5.5 -2 0 0 14447
4 11 47 5.5 -2 0 0 8797
4 11 48 1.5 -2 0 0 11625
4 11 49 5.5 -2 0 0 8865
4 11 50 1.5 -2 0 0 7748
4 11 51 1.5 -2 0 0 15696
4 11 52 1.5 -2 0 0 11698
4 11 53 1.5 -2 0 0 5475
4 11 54 1.5 -2 0 0 8443
4 11 55 1.5 -2 0 0 12769
4 11 56 1.5 -2 0 0 8715
4 11 57 1.5 -2 0 0 13717
4 11 58 1.5 -2 0 0 11782
4 11 59 1.5 -2 0 0 12560
4 11 60 1.5 -2 0 0 10102
4 11 61 1.5 -2 0 0 11502
4 11 62 1.5 -2 0 0 19502
4 11 63 1.5 -2 0 0 14838
4 12 0 1.5 -2 0 0 14787
4 12 1 1.5 -2 0 0 16045
4 12 2 1.5 -2 0 0 22364
4 12 3 1.5 -2 0 0 15338
4 12 4 1.5 -2 0 0 14510
4 12 5 1.5 -2 0 0 13959
4 12 6 1.5 -2 0 0 22010
4 12 7 1.5 -2 0 0 16152
4 12 8 1.5 -2 0 0 15397
4 12 9 1.5 -2 0 0 18991
4 12 10 1.5 -2 0 0 18536
4 12 11 1.5 -2 0 0 17388
4 12 12 1.5 -2 0 0 14587
4 12 13 5.5 -2 0 0 13907
4 12 14 1.5 -2 0 0 12430
4 12 15 1.5 -2 0 0 16015
4 12 16 1.5 -2 0 0 30701
4 12 17 1.5 -2 0 0 12218
4 12 18 1.5 -2 0 0 13290
4 12 19 5.5 -2 0 0 16304
4 12 20 1.5 -2 0 0 12151
4 12 21 1.5 -2 0 0 25322
4 12 22 1.5 -2 0 0 14989
4 12 23 1.5 -2 0 0 9946
4 12 24 5.5 -2 0 0 14082
4 12 25 5.5 -2 0 0 24073
4 12 26 5.5 -2 0 0 13230
4 12 27 5.5 -2 0 0 12457
4 12 28 1.5 -2 0 0 13950
4 12 29 5.5 -2 0 0 10693
4 12 30 5.5 -2 0 0 13065
4 12 31 5.5 -2 0 0 20961
4 12 32 5.5 -2 0 0 11765
4 12 33 5.5 -2 0 0 12532
4 12 34 1.5 -2 0 0 16034
4 12 35 5.5 -2 0 0 13538
4 12 36 5.5 -2 0 0 10164
4 12 37 5.5 -2 0 0 11424
4 12 38 5.5 -2 0 0 17472
4 12 39 5.5 -2 0 0 14758
4 12 40 5.5 -2 0 0 11808
4 12 41 5.5 -2 0 0 12479
4 12 42 5.5 -2 0 0 10082
4 12 43 5.5 -2 0 0 10533
4 12 44 5.5 -2 0 0 9736
4 12 45 1.5 -2 0 0 11816
4 12 46 1.5 -2 0 0 14391
4 12 47 1.5 -2 0 0 12106
4 12 48 1.5 -2 0 0 15867
4 12 49 1.5 -2 0 0 13243
4 12 50 1.5 -2 0 0 15027
4 12 51 1.5 -2 0 0 8535
4 12 52 1.5 -2 0 0 13060
4 12 53 1.5 -2 0 0 9998
4 12 54 1.5 -2 0 0 10819
4 12 55 1.5 -2 0 0 8421
4 12 56 1.5 -2 0 0 8864
4 12 57 1.5 -2 0 0 9981
4 12 58 1.5 -2 0 0 9250
4 12 59 1.5 -2 0 0 9289
4 12 60 1.5 -2 0 0 10449
4 12 61 1.5 -2 0 0 9400
4 12 62 1.5 -2 0 0 9677
4 12 63 1.5 -2 0 0 9727
4 13 0 1.5 -2 0 0 8679
4 13 1 1.5 -2 0 0 7209
4 13 2 1.5 -2 0 0 6765
4 13 3 1.5 -2 0 0 6823
4 13 4 1.5 -2 0 0 5636
4 13 5 1.5 -2 0 0 8475
4 13 6 1.5 -2 0 0 8487
4 13 7 1.5 -2 0 0 3261
4 13 8 1.5 -2 0 0 6780
4 13 9 5.5 -2 0 0 4406
4 13 10 5.5 -2 0 0 4020
4 13 11 1.5 -2 0 0 7143
4 13 12 1.5 -2 0 0 7068
4 13 13 1.5 -2 0 0 4356
4 13 14 1.5 -2 0 0 8911
4 13 15 1.5 -2 0 0 5121
4 13 16 1.5 -2 0 0 3991
4 13 17 5.5 -2 0 0 8113
4 13 18 1.5 -2 0 0 5842
4 13 19 5.5 -2 0 0 5548
4 13 20 1.5 -2 0 0 6040
4 13 21 1.5 -2 0 0 6227
4 13 22 5.5 -2 0 0 4476
4 13 23 5.5 -2 0 0 6429
4 13 24 5.5 -2 0 0 9342
4 13 25 5.5 -2 0 0 5849
4 13 26 5.5 -2 0 0 10383
4 13 27 5.5 -2 0 0 7454
4 13 28 5.5 -2 0 0 4558
4 13 29 1.5 -2 0 0 8288
4 13 30 5.5 -2 0 0 5565
4 13 31 1.5 -2 0 0 6901
4 13 32 5.5 -2 0 0 4884
4 13 33 5.5 -2 0 0 5825
4 13 34 5.5 -2 0 0 10685
4 13 35 5.5 -2 0 0 6227
4 13 36 5.5 -2 0 0 6725
4 13 37 5.5 -2 0 0 6959
4 13 38 5.5 -2 0 0 5445
4 13 39 5.5 -2 0 0 9925
4 13 40 1.5 -2 0 0 7340
4 13 41 5.5 -2 0 0 5774
4 13 42 5.5 -2 0 0 8208
4 13 43 5.5 -2 0 0 8873
4 13 44 5.5 -2 0 0 6836
4 13 45 5.5 -2 0 0 6778
4 13 46 5.5 -2 0 0 10909
4 13 47 1.5 -2 0 0 7715
4 13 48 5.5 -2 0 0 7232
4 13 49 1.5 -2 0 0 9579
4 13 50 1.5 -2 0 0 9391
4 13 51 1.5 -2 0 0 13131
4 13 52 1.5 -2 0 0 10889
4 13 53 1.5 -2 0 0 9679
4 13 54 1.5 -2 0 0 8227
4 13 55 1.5 -2 0 0 11445
4 13 56 1.5 -2 0 0 9767
4 13 57 1.5 -2 0 0 11085
4 13 58 1.5 -2 0 0 12082
4 13 59 1.5 -2 0 0 13670
4 13 60 1.5 -2 0 0 7589
4 13 61 1.5 -2 0 0 13659
4 13 62 1.5 -2 0 0 13537
4 13 63 1.5 -2 0 0 8389
4 14 0 1.5 -2 0 0 7589
4 14 1 1.5 -2 0 0 7788
4 14 2 5.5 -2 0 0 7149
4 14 3 1.5 -2 0 0 6507
4 14 4 1.5 -2 0 0 5579
4 14 5 1.5 -2 0 0 6834
4 14 6 1.5 -2 0 0 7683
4 14 7 1.5 -2 0 0 11252
4 14 8 1.5 -2 0 0 6723
4 14 9 1.5 -2 0 0 8146
4 14 10 1.5 -2 0 0 9344
4 14 11 1.5 -2 0 0 5597
4 14 12 5.5 -2 0 0 6223
4 14 13 1.5 -2 0 0 6305
4 14 14 1.5 -2 0 0 5893
4 14 15 1.5 -2 0 0 5650
4 14 16 5.5 -2 0 0 9643
4 14 17 5.5 -2 0 0 5092
4 14 18 1.5 -2 0 0 5873
4 14 19 5.5 -2 0 0 10677
4 14 20 1.5 -2 0 0 5239
4 14 21 5.5 -2 0 0 8462
4 14 22 1.5 -2 0 0 6964
4 14 23 5.5 -2 0 0 4363
4 14 24 5.5 -2 0 0 5492
4 14 25 1.5 -2 0 0 9488
4 14 26 1.5 -2 0 0 5486
4 14 27 5.5 -2 0 0 4841
4 14 28 5.5 -2 0 0 5673
4 14 29 1.5 -2 0 0 4549
4 14 30 1.5 -2 0 0 4512
4 14 31 5.5 -2 0 0 5933
4 14 32 1.5 -2 0 0 4369
4 14 33 1.5 -2 0 0 6295
4 14 34 5.5 -2 0 0 5143
4 14 35 5.5 -2 0 0 7223
4 14 36 5.5 -2 0 0 4185
4 14 37 5.5 -2 0 0 3839
4 14 38 1.5 -2 0 0 6443
4 14 39 1.5 -2 0 0 4887
4 14 40 1.5 -2 0 0 4156
4 14 41 1.5 -2 0 0 3923
4 14 42 1.5 -2 0 0 5457
4 14 43 1.5 -2 0 0 3956
4 14 44 1.5 -2 0 0 5840
4 14 45 1.5 -2 0 0 3509
4 14 46 1.5 -2 0 0 4092
4 14 47 1.5 -2 0 0 4178
4 14 48 1.5 -2 0 0 3283
4 14 49 1.5 -2 0 0 3322
4 14 50 5.5 -2 0 0 3038
4 14 51 1.5 -2 0 0 2316
4 14 52 5.5 -2 0 0 3436
4 14 53 1.5 -2 0 0 2492
4 14 54 1.5 -2 0 0 2875
4 14 55 1.5 -2 0 0 4794
4 14 56 1.5 -2 0 0 4874
4 14 57 1.5 -2 0 0 4353
4 14 58 1.5 -2 0 0 2733
4 14 59 1.5 -2 0 0 3601
4 14 60 1.5 -2 0 0 4715
4 14 61 1.5 -2 0 0 2513
4 14 62 1.5 -2 0 0 3142
4 14 63 1.5 -2 0 0 4925
4 15 0 5.5 -2 0 0 2450
4 15 1 5.5 -2 0 0 1983
4 15 2 5.5 -2 0 0 3433
4 15 3 5.5 -2 0 0 1751
4 15 4 5.5 -2 0 0 3605
4 15 5 5.5 -2 0 0 2146
4 15 6 5.5 -2 0 0 2977
4 15 7 5.5 -2 0 0 1518
4 15 8 5.5 -2 0 0 4328
4 15 9 5.5 -2 0 0 2858
4 15 10 5.5 -2 0 0 2873
4 15 11 5.5 -2 0 0 2981
4 15 12 5.5 -2 0 0 2223
4 15 13 5.5 -2 0 0 2149
4 15 14 5.5 -2 0 0 4429
4 15 15 5.5 -2 0 0 2430
4 15 16 5.5 -2 0 0 1423
4 15 17 5.5 -2 0 0 2874
4 15 18 5.5 -2 0 0 3525
4 15 19 5.5 -2 0 0 3077
4 15 20 5.5 -2 0 0 2475
4 15 21 5.5 -2 0 0 1908
4 15 22 5.5 -2 0 0 3044
4 15 23 5.5 -2 0 0 4383
4 15 24 5.5 -2 0 0 2796
4 15 25 5.5 -2 0 0 3084
4 15 26 5.5 -2 0 0 3395
4 15 27 5.5 -2 0 0 2352
4 15 28 5.5 -2 0 0 2418
4 15 29 5.5 -2 0 0 3394
4 15 30 5.5 -2 0 0 2658
4 15 31 5.5 -2 0 0 2235
4 15 32 5.5 -2 0 0 2877
4 15 33 5.5 -2 0 0 2984
4 15 34 5.5 -2 0 0 3799
4 15 35 5.5 -2 0 0 3869
4 15 36 5.5 -2 0 0 2777
4 15 37 5.5 -2 0 0 3880
4 15 38 5.5 -2 0 0 2947
4 15 39 5.5 -2 0 0 5868
4 15 40 5.5 -2 0 0 3310
4 15 41 5.5 -2 0 0 2648
4 15 42 5.5 -2 0 0 4531
4 15 43 5.5 -2 0 0 3842
4 15 44 5.5 -2 0 0 3268
4 15 45 5.5 -2 0 0 3211
4 15 46 5.5 -2 0 0 4072
4 15 47 5.5 -2 0 0 4510
4 15 48 5.5 -2 0 0 2956
4 15 49 5.5 -2 0 0 3908
4 15 50 5.5 -2 0 0 3406
4 15 51 5.5 -2 0 0 6260
4 15 52 5.5 -2 0 0 4257
4 15 53 5.5 -2 0 0 5411
4 15 54 5.5 -2 0 0 3733
4 15 55 5.5 -2 0 0 4850
4 15 56 5.5 -2 0 0 5023
4 15 57 5.5 -2 0 0 5507
4 15 58 5.5 -2 0 0 3522
4 15 59 5.5 -2 0 0 5140
4 15 60 5.5 -2 0 0 5477
4 15 61 5.5 -2 0 0 6341
4 15 62 5.5 -2 0 0 5631
4 15 63 1.5 -2 0 0 5831
5 0 0 1.5 -2 0 0 12949
5 0 1 1.5 -2 0 0 10904
5 0 2 1.5 -2 0 0 9703
5 0 3 1.5 -2 0 0 9334
5 0 4 1.5 -2 0 0 12171
5 0 5 1.5 -2 0 0 10692
5 0 6 1.5 -2 0 0 11583
5 0 7 1.5 -2 0 0 11982
5 0 8 1.5 -2 0 0 11219
5 0 9 1.5 -2 0 0 10128
5 0 10 1.5 -2 0 0 9467
5 0 11 1.5 -2 0 0 13534
5 0 12 1.5 -2 0 0 10489
5 0 13 1.5 -2 0 0 10801
5 0 14 1.5 -2 0 0 13347
5 0 15 1.5 -2 0 0 9167
5 0 16 1.5 -2 0 0 9840
5 0 17 1.5 -2 0 0 15402
5 0 18 5.5 -2 0 0 2306
5 0 19 1.5 -2 0 0 10661
5 0 20 5.5 -2 0 0 1580
5 0 21 5.5 -2 0 0 8754
5 0 22 1.5 -2 0 0 8315
5 0 23 1.5 -2 0 0 10790
5 0 24 1.5 -2 0 0 12433
5 0 25 1.5 -2 0 0 13497
5 0 26 1.5 -2 0 0 16589
5 0 27 5.5 -2 0 0 1797
5 0 28 5.5 -2 0 0 4745
5 0 29 5.5 -2 0 0 15480
5 0 30 5.5 -2 0 0 1180
5 0 31 5.5 -2 0 0 14837
5 0 32 5.5 -2 0 0 4199
5 0 33 1.5 -2 0 0 12570
5 0 34 5.5 -2 0 0 18437
5 0 35 5.5 -2 0 0 15494
5 0 36 1.5 -2 0 0 1069
5 0 37 5.5 -2 0 0 13953
5 0 38 1.5 -2 0 0 17632
5 0 39 5.5 -2 0 0 23151
5 0 40 1.5 -2 0 0 817
5 0 41 5.5 -2 0 0 2389
5 0 42 5.5 -2 0 0 2721
5 0 43 1.5 -2 0 0 16648
5 0 44 5.5 -2 0 0 3521
5 0 45 5.5 -2 0 0 2152
5 0 46 1.5 -2 0 0 18380
5 0 47 1.5 -2 0 0 19533
5 0 48 1.5 -2 0 0 4842
5 0 49 1.5 -2 0 0 1821
5 0 50 1.5 -2 0 0 3259
5 0 51 1.5 -2 0 0 24050
5 0 52 1.5 -2 0 0 17047
5 0 53 1.5 -2 0 0 4452
5 0 54 1.5 -2 0 0 7734
5 0 55 1.5 -2 0 0 18240
5 0 56 1.5 -2 0 0 4849
5 0 57 1.5 -2 0 0 9636
5 0 58 1.5 -2 0 0 20040
5 0 59 1.5 -2 0 0 23162
5 0 60 1.5 -2 0 0 7312
5 0 61 1.5 -2 0 0 22758
5 0 62 1.5 -2 0 0 23261
5 0 63 1.5 -2 0 0 21352
5 1 0 1.5 -2 0 0 22246
5 1 1 1.5 -2 0 0 25010
5 1 2 1.5 -2 0 0 19606
5 1 3 1.5 -2 0 0 17850
5 1 4 1.5 -2 0 0 14242
5 1 5 1.5 -2 0 0 16583
5 1 6 1.5 -2 0 0 25199
5 1 7 5.5 -2 0 0 16637
5 1 8 5.5 -2 0 0 14635
5 1 9 1.5 -2 0 0 19504
5 1 10 1.5 -2 0 0 18503
5 1 11 1.5 -2 0 0 16592
5 1 12 1.5 -2 0 0 16683
5 1 13 5.5 -2 0 0 14314
5 1 14 5.5 -2 0 0 19213
5 1 15 1.5 -2 0 0 15934
5 1 16 5.5 -2 0 0 22632
5 1 17 5.5 -2 0 0 16727
5 1 18 5.5 -2 0 0 12270
5 1 19 5.5 -2 0 0 14992
5 1 20 5.5 -2 0 0 9545
5 1 21 5.5 -2 0 0 18396
5 1 22 5.5 -2 0 0 15123
5 1 23 5.5 -2 0 0 9381
5 1 24 5.5 -2 0 0 18466
5 1 25 5.5 -2 0 0 17077
5 1 26 5.5 -2 0 0 16913
5 1 27 5.5 -2 0 0 15276
5 1 28 5.5 -2 0 0 14756
5 1 29 5.5 -2 0 0 14554
5 1 30 5.5 -2 0 0 9861
5 1 31 5.5 -2 0 0 14878
5 1 32 5.5 -2 0 0 11985
5 1 33 5.5 -2 0 0 12812
5 1 34 5.5 -2 0 0 14871
5 1 35 5.5 -2 0 0 13786
5 1 36 5.5 -2 0 0 10990
5 1 37 5.5 -2 0 0 11857
5 1 38 5.5 -2 0 0 10726
5 1 39 5.5 -2 0 0 10734
5 1 40 5.5 -2 0 0 12475
5 1 41 5.5 -2 0 0 10025
5 1 42 5.5 -2 0 0 10663
5 1 43 5.5 -2 0 0 2948
5 1 44 5.5 -2 0 0 9086
5 1 45 5.5 -2 0 0 12854
5 1 46 5.5 -2 0 0 15805
5 1 47 5.5 -2 0 0 9558
5 1 48 5.5 -2 0 0 10888
5 1 49 5.5 -2 0 0 13200
5 1 50 5.5 -2 0 0 10570
5 1 51 5.5 -2 0 0 10173
5 1 52 5.5 -2 0 0 12137
5 1 53 5.5 -2 0 0 7543
5 1 54 5.5 -2 0 0 9295
5 1 55 1.5 -2 0 0 9541
5 1 56 1.5 -2 0 0 9510
5 1 57 1.5 -2 0 0 11417
5 1 58 1.5 -2 0 0 10972
5 1 59 1.5 -2 0 0 13574
5 1 60 1.5 -2 0 0 8986
5 1 61 1.5 -2 0 0 11020
5 1 62 1.5 -2 0 0 11058
5 1 63 1.5 -2 0 0 10402
5 2 0 1.5 -2 0 0 25693
5 2 1 1.5 -2 0 0 21344
5 2 2 1.5 -2 0 0 23636
5 2 3 1.5 -2 0 0 19297
5 2 4 5.5 -2 0 0 3113
5 2 5 1.5 -2 0 0 19239
5 2 6 5.5 -2 0 0 18980
5 2 7 1.5 -2 0 0 13422
5 2 8 1.5 -2 0 0 22681
5 2 9 5.5 -2 0 0 20495
5 2 10 1.5 -2 0 0 3987
5 2 11 5.5 -2 0 0 3950
5 2 12 1.5 -2 0 0 17683
5 2 13 1.5 -2 0 0 13748
5 2 14 1.5 -2 0 0 23752
5 2 15 5.5 -2 0 0 13008
5 2 16 5.5 -2 0 0 15935
5 2 17 5.5 -2 0 0 18127
5 2 18 5.5 -2 0 0 2970
5 2 19 5.5 -2 0 0 16536
5 2 20 5.5 -2 0 0 20161
5 2 21 5.5 -2 0 0 20656
5 2 22 5.5 -2 0 0 17424
5 2 23 5.5 -2 0 0 2001
5 2 24 5.5 -2 0 0 19714
5 2 25 5.5 -2 0 0 15589
5 2 26 5.5 -2 0 0 28734
5 2 27 5.5 -2 0 0 5783
5 2 28 5.5 -2 0 0 7861
5 2 29 5.5 -2 0 0 2786
5 2 30 5.5 -2 0 0 1913
5 2 31 5.5 -2 0 0 15046
5 2 32 5.5 -2 0 0 15233
5 2 33 5.5 -2 0 0 18953
5 2 34 5.5 -2 0 0 8051
5 2 35 5.5 -2 0 0 15946
5 2 36 5.5 -2 0 0 12157
5 2 37 5.5 -2 0 0 15670
5 2 38 5.5 -2 0 0 13593
5 2 39 5.5 -2 0 0 15385
5 2 40 5.5 -2 0 0 19132
5 2 41 5.5 -2 0 0 14102
5 2 42 5.5 -2 0 0 15679
5 2 43 5.5 -2 0 0 20672
5 2 44 5.5 -2 0 0 13740
5 2 45 5.5 -2 0 0 16599
5 2 46 5.5 -2 0 0 14298
5 2 47 0 -10 0 0 0
5 2 48 5.5 -2 0 0 14264
5 2 49 5.5 -2 0 0 16470
5 2 50 5.5 -2 0 0 13118
5 2 51 1.5 -2 0 0 19700
5 2 52 5.5 -2 0 0 24773
5 2 53 1.5 -2 0 0 14621
5 2 54 1.5 -2 0 0 16445
5 2 55 1.5 -2 0 0 22506
5 2 56 1.5 -2 0 0 17714
5 2 57 1.5 -2 0 0 21118
5 2 58 1.5 -2 0 0 17886
5 2 59 1.5 -2 0 0 25698
5 2 60 1.5 -2 0 0 14940
5 2 61 1.5 -2 0 0 26931
5 2 62 1.5 -2 0 0 23761
5 2 63 1.5 -2 0 0 16094
5 3 0 1.5 -2 0 0 16821
5 3 1 1.5 -2 0 0 21350
5 3 2 1.5 -2 0 0 19820
5 3 3 1.5 -2 0 0 21534
5 3 4 1.5 -2 0 0 19805
5 3 5 1.5 -2 0 0 21588
5 3 6 1.5 -2 0 0 17996
5 3 7 1.5 -2 0 0 25168
5 3 8 1.5 -2 0 0 15055
5 3 9 1.5 -2 0 0 21585
5 3 10 1.5 -2 0 0 21670
5 3 11 1.5 -2 0 0 17185
5 3 12 1.5 -2 0 0 20422
5 3 13 1.5 -2 0 0 20877
5 3 14 1.5 -2 0 0 24058
5 3 15 5.5 -2 0 0 3007
5 3 16 5.5 -2 0 0 20573
5 3 17 5.5 -2 0 0 9685
5 3 18 1.5 -2 0 0 8816
5 3 19 1.5 -2 0 0 24427
5 3 20 1.5 -2 0 0 16141
5 3 21 5.5 -2 0 0 24029
5 3 22 5.5 -2 0 0 21781
5 3 23 5.5 -2 0 0 13281
5 3 24 5.5 -2 0 0 20627
5 3 25 5.5 -2 0 0 21583
5 3 26 5.5 -2 0 0 3914
5 3 27 5.5 -2 0 0 12440
5 3 28 5.5 -2 0 0 15088
5 3 29 5.5 -2 0 0 2421
5 3 30 5.5 -2 0 0 9096
5 3 31 5.5 -2 0 0 24229
5 3 32 5.5 -2 0 0 18831
5 3 33 5.5 -2 0 0 8901
5 3 34 5.5 -2 0 0 6613
5 3 35 5.5 -2 0 0 24868
5 3 36 5.5 -2 0 0 1155
5 3 37 5.5 -2 0 0 13534
5 3 38 5.5 -2 0 0 21273
5 3 39 5.5 -2 0 0 20737
5 3 40 5.5 -2 0 0 15390
5 3 41 5.5 -2 0 0 20178
5 3 42 5.5 -2 0 0 19268
5 3 43 5.5 -2 0 0 5109
5 3 44 5.5 -2 0 0 20805
5 3 45 1.5 -2 0 0 24137
5 3 46 5.5 -2 0 0 10522
5 3 47 5.5 -2 0 0 21091
5 3 48 5.5 -2 0 0 18430
5 3 49 5.5 -2 0 0 21366
5 3 50 5.5 -2 0 0 15280
5 3 51 1.5 -2 0 0 16568
5 3 52 1.5 -2 0 0 16667
5 3 53 5.5 -2 0 0 18480
5 3 54 1.5 -2 0 0 17241
5 3 55 5.5 -2 0 0 20626
5 3 56 1.5 -2 0 0 20898
5 3 57 1.5 -2 0 0 17494
5 3 58 1.5 -2 0 0 20580
5 3 59 1.5 -2 0 0 8442
5 3 60 1.5 -2 0 0 16904
5 3 61 1.5 -2 0 0 16828
5 3 62 1.5 -2 0 0 18319
5 3 63 1.5 -2 0 0 5718
5 4 0 1.5 -2 0 0 27433
5 4 1 1.5 -2 0 0 17859
5 4 2 1.5 -2 0 0 7540
5 4 3 1.5 -2 0 0 15640
5 4 4 1.5 -2 0 0 15191
5 4 5 1.5 -2 0 0 16626
5 4 6 1.5 -2 0 0 20286
5 4 7 1.5 -2 0 0 14848
5 4 8 5.5 -2 0 0 19864
5 4 9 1.5 -2 0 0 19113
5 4 10 1.5 -2 0 0 15343
5 4 11 1.5 -2 0 0 17114
5 4 12 1.5 -2 0 0 15836
5 4 13 1.5 -2 0 0 13446
5 4 14 5.5 -2 0 0 25283
5 4 15 5.5 -2 0 0 12420
5 4 16 5.5 -2 0 0 15290
5 4 17 5.5 -2 0 0 16345
5 4 18 5.5 -2 0 0 12908
5 4 19 5.5 -2 0 0 12637
5 4 20 5.5 -2 0 0 12000
5 4 21 5.5 -2 0 0 20201
5 4 22 5.5 -2 0 0 14404
5 4 23 5.5 -2 0 0 3538
5 4 24 5.5 -2 0 0 22092
5 4 25 5.5 -2 0 0 12788
5 4 26 5.5 -2 0 0 23084
5 4 27 5.5 -2 0 0 1696
5 4 28 5.5 -2 0 0 12123
5 4 29 5.5 -2 0 0 18692
5 4 30 5.5 -2 0 0 3144
5 4 31 5.5 -2 0 0 10992
5 4 32 5.5 -2 0 0 12425
5 4 33 5.5 -2 0 0 2347
5 4 34 5.5 -2 0 0 19218
5 4 35 5.5 -2 0 0 10776
5 4 36 5.5 -2 0 0 1545
5 4 37 5.5 -2 0 0 1172
5 4 38 5.5 -2 0 0 10517
5 4 39 5.5 -2 0 0 12004
5 4 40 5.5 -2 0 0 7170
5 4 41 5.5 -2 0 0 11702
5 4 42 5.5 -2 0 0 11943
5 4 43 5.5 -2 0 0 16466
5 4 44 5.5 -2 0 0 10025
5 4 45 5.5 -2 0 0 12362
5 4 46 5.5 -2 0 0 18888
5 4 47 5.5 -2 0 0 9017
5 4 48 5.5 -2 0 0 9806
5 4 49 5.5 -2 0 0 14523
5 4 50 5.5 -2 0 0 10121
5 4 51 5.5 -2 0 0 14142
5 4 52 5.5 -2 0 0 14083
5 4 53 5.5 -2 0 0 9821
5 4 54 5.5 -2 0 0 12263
5 4 55 5.5 -2 0 0 12508
5 4 56 1.5 -2 0 0 12648
5 4 57 1.5 -2 0 0 13086
5 4 58 5.5 -2 0 0 12040
5 4 59 1.5 -2 0 0 16334
5 4 60 1.5 -2 0 0 10799
5 4 61 1.5 -2 0 0 15049
5 4 62 1.5 -2 0 0 16097
5 4 63 1.5 -2 0 0 13705
5 5 0 5.5 -2 0 0 11493
5 5 1 5.5 -2 0 0 10570
5 5 2 5.5 -2 0 0 10836
5 5 3 5.5 -2 0 0 12175
5 5 4 5.5 -2 0 0 10322
5 5 5 5.5 -2 0 0 12228
5 5 6 5.5 -2 0 0 12693
5 5 7 5.5 -2 0 0 14090
5 5 8 5.5 -2 0 0 10941
5 5 9 5.5 -2 0 0 12795
5 5 10 5.5 -2 0 0 12471
5 5 11 5.5 -2 0 0 11682
5 5 12 5.5 -2 0 0 10899
5 5 13 5.5 -2 0 0 12181
5 5 14 5.5 -2 0 0 9290
5 5 15 5.5 -2 0 0 13101
5 5 16 5.5 -2 0 0 12446
5 5 17 5.5 -2 0 0 12901
5 5 18 5.5 -2 0 0 14025
5 5 19 5.5 -2 0 0 12010
5 5 20 5.5 -2 0 0 13550
5 5 21 5.5 -2 0 0 12646
5 5 22 5.5 -2 0 0 13563
5 5 23 5.5 -2 0 0 12926
5 5 24 5.5 -2 0 0 8998
5 5 25 5.5 -2 0 0 14698
5 5 26 5.5 -2 0 0 11722
5 5 27 5.5 -2 0 0 11300
5 5 28 5.5 -2 0 0 14939
5 5 29 5.5 -2 0 0 11311
5 5 30 5.5 -2 0 0 13272
5 5 31 5.5 -2 0 0 15535
5 5 32 5.5 -2 0 0 12767
5 5 33 5.5 -2 0 0 13756
5 5 34 5.5 -2 0 0 13922
5 5 35 5.5 -2 0 0 17969
5 5 36 5.5 -2 0 0 15306
5 5 37 5.5 -2 0 0 15139
5 5 38 5.5 -2 0 0 18427
5 5 39 5.5 -2 0 0 20670
5 5 40 5.5 -2 0 0 15488
5 5 41 5.5 -2 0 0 13423
5 5 42 5.5 -2 0 0 12619
5 5 43 5.5 -2 0 0 14827
5 5 44 5.5 -2 0 0 17188
5 5 45 5.5 -2 0 0 15830
5 5 46 5.5 -2 0 0 15160
5 5 47 5.5 -2 0 0 23417
5 5 48 5.5 -2 0 0 16385
5 5 49 5.5 -2 0 0 14709
5 5 50 5.5 -2 0 0 16050
5 5 51 5.5 -2 0 0 20968
5 5 52 5.5 -2 0 0 13198
5 5 53 5.5 -2 0 0 19254
5 5 54 5.5 -2 0 0 12602
5 5 55 5.5 -2 0 0 17069
5 5 56 5.5 -2 0 0 20398
5 5 57 5.5 -2 0 0 18224
5 5 58 5.5 -2 0 0 14323
5 5 59 5.5 -2 0 0 16777
5 5 60 5.5 -2 0 0 20134
5 5 61 5.5 -2 0 0 18816
5 5 62 5.5 -2 0 0 17092
5 5 63 5.5 -2 0 0 16030
5 6 0 1.5 -2 0 0 14197
5 6 1 1.5 -2 0 0 11512
5 6 2 1.5 -2 0 0 12201
5 6 3 1.5 -2 0 0 7102
5 6 4 1.5 -2 0 0 8197
5 6 5 1.5 -2 0 0 9372
5 6 6 1.5 -2 0 0 10179
5 6 7 1.5 -2 0 0 6140
5 6 8 1.5 -2 0 0 10632
5 6 9 1.5 -2 0 0 8003
5 6 10 1.5 -2 0 0 9282
5 6 11 1.5 -2 0 0 6117
5 6 12 1.5 -2 0 0 10014
5 6 13 1.5 -2 0 0 7052
5 6 14 1.5 -2 0 0 12988
5 6 15 1.5 -2 0 0 6383
5 6 16 1.5 -2 0 0 8493
5 6 17 5.5 -2 0 0 9671
5 6 18 1.5 -2 0 0 7003
5 6 19 1.5 -2 0 0 6841
5 6 20 5.5 -2 0 0 4342
5 6 21 1.5 -2 0 0 9004
5 6 22 5.5 -2 0 0 6970
5 6 23 1.5 -2 0 0 8976
5 6 24 5.5 -2 0 0 10220
5 6 25 5.5 -2 0 0 7361
5 6 26 5.5 -2 0 0 10141
5 6 27 5.5 -2 0 0 6187
5 6 28 5.5 -2 0 0 6317
5 6 29 5.5 -2 0 0 8321
5 6 30 1.5 -2 0 0 5730
5 6 31 5.5 -2 0 0 5926
5 6 32 1.5 -2 0 0 6617
5 6 33 1.5 -2 0 0 5222
5 6 34 5.5 -2 0 0 10540
5 6 35 5.5 -2 0 0 5902
5 6 36 5.5 -2 0 0 5522
5 6 37 5.5 -2 0 0 939
5 6 38 1.5 -2 0 0 5399
5 6 39 5.5 -2 0 0 5229
5 6 40 5.5 -2 0 0 5844
5 6 41 1.5 -2 0 0 5627
5 6 42 5.5 -2 0 0 5527
5 6 43 1.5 -2 0 0 7210
5 6 44 1.5 -2 0 0 5339
5 6 45 1.5 -2 0 0 5961
5 6 46 1.5 -2 0 0 8278
5 6 47 5.5 -2 0 0 3342
5 6 48 1.5 -2 0 0 5033
5 6 49 1.5 -2 0 0 5659
5 6 50 1.5 -2 0 0 4736
5 6 51 1.5 -2 0 0 5944
5 6 52 1.5 -2 0 0 6928
5 6 53 1.5 -2 0 0 3909
5 6 54 1.5 -2 0 0 5142
5 6 55 1.5 -2 0 0 6548
5 6 56 1.5 -2 0 0 4794
5 6 57 1.5 -2 0 0 5467
5 6 58 1.5 -2 0 0 5328
5 6 59 1.5 -2 0 0 6497
5 6 60 1.5 -2 0 0 4808
5 6 61 1.5 -2 0 0 6581
5 6 62 1.5 -2 0 0 5628
5 6 63 1.5 -2 0 0 6342
5 7 0 5.5 -2 0 0 5528
5 7 1 5.5 -2 0 0 5976
5 7 2 5.5 -2 0 0 5920
5 7 3 5.5 -2 0 0 5577
5 7 4 5.5 -2 0 0 4679
5 7 5 5.5 -2 0 0 6555
5 7 6 5.5 -2 0 0 5325
5 7 7 5.5 -2 0 0 5502
5 7 8 5.5 -2 0 0 5242
5 7 9 5.5 -2 0 0 6077
5 7 10 5.5 -2 0 0 5476
5 7 11 5.5 -2 0 0 6595
5 7 12 5.5 -2 0 0 6177
5 7 13 5.5 -2 0 0 7437
5 7 14 5.5 -2 0 0 5442
5 7 15 5.5 -2 0 0 7519
5 7 16 5.5 -2 0 0 5479
5 7 17 5.5 -2 0 0 6090
5 7 18 5.5 -2 0 0 6202
5 7 19 5.5 -2 0 0 8057
5 7 20 5.5 -2 0 0 6574
5 7 21 5.5 -2 0 0 5580
5 7 22 5.5 -2 0 0 7081
5 7 23 5.5 -2 0 0 6535
5 7 24 5.5 -2 0 0 5460
5 7 25 5.5 -2 0 0 7236
5 7 26 5.5 -2 0 0 7631
5 7 27 5.5 -2 0 0 6100
5 7 28 5.5 -2 0 0 8007
5 7 29 5.5 -2 0 0 6734
5 7 30 5.5 -2 0 0 7238
5 7 31 5.5 -2 0 0 9580
5 7 32 5.5 -2 0 0 8991
5 7 33 5.5 -2 0 0 7964
5 7 34 5.5 -2 0 0 8403
5 7 35 5.5 -2 0 0 11424
5 7 36 5.5 -2 0 0 7526
5 7 37 5.5 -2 0 0 8201
5 7 38 5.5 -2 0 0 11135
5 7 39 5.5 -2 0 0 13981
5 7 40 5.5 -2 0 0 8285
5 7 41 5.5 -2 0 0 6631
5 7 42 5.5 -2 0 0 10083
5 7 43 5.5 -2 0 0 8724
5 7 44 5.5 -2 0 0 11536
5 7 45 5.5 -2 0 0 9179
5 7 46 5.5 -2 0 0 9682
5 7 47 5.5 -2 0 0 14798
5 7 48 5.5 -2 0 0 9064
5 7 49 5.5 -2 0 0 7380
5 7 50 5.5 -2 0 0 12294
5 7 51 5.5 -2 0 0 11695
5 7 52 5.5 -2 0 0 8083
5 7 53 5.5 -2 0 0 11859
5 7 54 5.5 -2 0 0 11683
5 7 55 5.5 -2 0 0 11147
5 7 56 5.5 -2 0 0 13398
5 7 57 5.5 -2 0 0 13237
5 7 58 5.5 -2 0 0 8933
5 7 59 5.5 -2 0 0 10255
5 7 60 5.5 -2 0 0 13264
5 7 61 5.5 -2 0 0 10977
5 7 62 1.5 -2 0 0 10718
5 7 63 1.5 -2 0 0 9550
5 8 0 1.5 -2 0 0 7454
5 8 1 5.5 -2 0 0 7092
5 8 2 1.5 -2 0 0 8843
5 8 3 5.5 -2 0 0 10342
5 8 4 1.5 -2 0 0 9945
5 8 5 5.5 -2 0 0 7875
5 8 6 5.5 -2 0 0 10086
5 8 7 1.5 -2 0 0 10055
5 8 8 5.5 -2 0 0 7897
5 8 9 5.5 -2 0 0 9317
5 8 10 1.5 -2 0 0 8051
5 8 11 5.5 -2 0 0 10075
5 8 12 5.5 -2 0 0 8437
5 8 13 5.5 -2 0 0 12528
5 8 14 5.5 -2 0 0 8876
5 8 15 1.5 -2 0 0 10459
5 8 16 5.5 -2 0 0 10033
5 8 17 5.5 -2 0 0 9571
5 8 18 5.5 -2 0 0 9648
5 8 19 5.5 -2 0 0 13148
5 8 20 5.5 -2 0 0 9505
5 8 21 5.5 -2 0 0 9112
5 8 22 5.5 -2 0 0 10642
5 8 23 5.5 -2 0 0 9207
5 8 24 5.5 -2 0 0 9409
5 8 25 5.5 -2 0 0 13632
5 8 26 5.5 -2 0 0 10024
5 8 27 5.5 -2 0 0 10236
5 8 28 5.5 -2 0 0 12228
5 8 29 5.5 -2 0 0 10067
5 8 30 5.5 -2 0 0 10091
5 8 31 5.5 -2 0 0 13297
5 8 32 5.5 -2 0 0 12735
5 8 33 5.5 -2 0 0 11126
5 8 34 5.5 -2 0 0 9910
5 8 35 5.5 -2 0 0 18745
5 8 36 5.5 -2 0 0 12378
5 8 37 5.5 -2 0 0 9266
5 8 38 5.5 -2 0 0 20865
5 8 39 5.5 -2 0 0 18672
5 8 40 5.5 -2 0 0 7716
5 8 41 5.5 -2 0 0 15592
5 8 42 5.5 -2 0 0 9999
5 8 43 5.5 -2 0 0 10584
5 8 44 5.5 -2 0 0 14953
5 8 45 5.5 -2 0 0 13988
5 8 46 5.5 -2 0 0 10626
5 8 47 5.5 -2 0 0 24630
5 8 48 5.5 -2 0 0 11323
5 8 49 5.5 -2 0 0 9900
5 8 50 5.5 -2 0 0 12572
5 8 51 5.5 -2 0 0 13680
5 8 52 5.5 -2 0 0 11537
5 8 53 5.5 -2 0 0 17068
5 8 54 1.5 -2 0 0 13446
5 8 55 5.5 -2 0 0 14333
5 8 56 1.5 -2 0 0 15200
5 8 57 5.5 -2 0 0 16215
5 8 58 1.5 -2 0 0 10648
5 8 59 1.5 -2 0 0 10860
5 8 60 1.5 -2 0 0 16515
5 8 61 1.5 -2 0 0 13061
5 8 62 1.5 -2 0 0 13109
5 8 63 1.5 -2 0 0 13649
5 9 0 5.5 -2 0 0 10576
5 9 1 5.5 -2 0 0 9355
5 9 2 5.5 -2 0 0 8345
5 9 3 5.5 -2 0 0 4834
5 9 4 5.5 -2 0 0 1198
5 9 5 5.5 -2 0 0 4468
5 9 6 5.5 -2 0 0 7941
5 9 7 5.5 -2 0 0 4494
5 9 8 5.5 -2 0 0 6310
5 9 9 5.5 -2 0 0 5728
5 9 10 5.5 -2 0 0 4205
5 9 11 5.5 -2 0 0 2276
5 9 12 5.5 -2 0 0 1843
5 9 13 5.5 -2 0 0 4445
5 9 14 5.5 -2 0 0 9279
5 9 15 5.5 -2 0 0 4377
5 9 16 5.5 -2 0 0 4538
5 9 17 5.5 -2 0 0 6413
5 9 18 5.5 -2 0 0 3081
5 9 19 5.5 -2 0 0 3523
5 9 20 5.5 -2 0 0 756
5 9 21 5.5 -2 0 0 6212
5 9 22 5.5 -2 0 0 5159
5 9 23 5.5 -2 0 0 1162
5 9 24 5.5 -2 0 0 7385
5 9 25 5.5 -2 0 0 3869
5 9 26 5.5 -2 0 0 6854
5 9 27 5.5 -2 0 0 3187
5 9 28 5.5 -2 0 0 3999
5 9 29 5.5 -2 0 0 3770
5 9 30 5.5 -2 0 0 2750
5 9 31 5.5 -2 0 0 4422
5 9 32 5.5 -2 0 0 3573
5 9 33 5.5 -2 0 0 740
5 9 34 5.5 -2 0 0 7596
5 9 35 5.5 -2 0 0 1212
5 9 36 5.5 -2 0 0 2025
5 9 37 5.5 -2 0 0 1771
5 9 38 5.5 -2 0 0 675
5 9 39 5.5 -2 0 0 3865
5 9 40 5.5 -2 0 0 856
5 9 41 5.5 -2 0 0 3363
5 9 42 5.5 -2 0 0 897
5 9 43 5.5 -2 0 0 5415
5 9 44 5.5 -2 0 0 2192
5 9 45 5.5 -2 0 0 1515
5 9 46 5.5 -2 0 0 6232
5 9 47 5.5 -2 0 0 2901
5 9 48 5.5 -2 0 0 2515
5 9 49 5.5 -2 0 0 2183
5 9 50 5.5 -2 0 0 2973
5 9 51 5.5 -2 0 0 3575
5 9 52 5.5 -2 0 0 5273
5 9 53 5.5 -2 0 0 2224
5 9 54 5.5 -2 0 0 2888
5 9 55 5.5 -2 0 0 5132
5 9 56 5.5 -2 0 0 2567
5 9 57 5.5 -2 0 0 4491
5 9 58 5.5 -2 0 0 2633
5 9 59 5.5 -2 0 0 6653
5 9 60 5.5 -2 0 0 3175
5 9 61 5.5 -2 0 0 4751
5 9 62 1.5 -2 0 0 5296
5 9 63 1.5 -2 0 0 4262
5 10 0 1.5 -2 0 0 16943
5 10 1 1.5 -2 0 0 18311
5 10 2 1.5 -2 0 0 20312
5 10 3 1.5 -2 0 0 22158
5 10 4 1.5 -2 0 0 19427
5 10 5 1.5 -2 0 0 22220
5 10 6 1.5 -2 0 0 18947
5 10 7 1.5 -2 0 0 29107
5 10 8 1.5 -2 0 0 17142
5 10 9 1.5 -2 0 0 20538
5 10 10 1.5 -2 0 0 19646
5 10 11 1.5 -2 0 0 18200
5 10 12 1.5 -2 0 0 19031
5 10 13 1.5 -2 0 0 26074
5 10 14 1.5 -2 0 0 18537
5 10 15 1.5 -2 0 0 18711
5 10 16 1.5 -2 0 0 28037
5 10 17 1.5 -2 0 0 19947
5 10 18 5.5 -2 0 0 20486
5 10 19 1.5 -2 0 0 26623
5 10 20 5.5 -2 0 0 2359
5 10 21 1.5 -2 0 0 19003
5 10 22 1.5 -2 0 0 21869
5 10 23 1.5 -2 0 0 12783
5 10 24 1.5 -2 0 0 19644
5 10 25 1.5 -2 0 0 28847
5 10 26 5.5 -2 0 0 19682
5 10 27 1.5 -2 0 0 21751
5 10 28 1.5 -2 0 0 22261
5 10 29 1.5 -2 0 0 17964
5 10 30 1.5 -2 0 0 8638
5 10 31 5.5 -2 0 0 30635
5 10 32 1.5 -2 0 0 22578
5 10 33 5.5 -2 0 0 23773
5 10 34 5.5 -2 0 0 18033
5 10 35 5.5 -2 0 0 30373
5 10 36 5.5 -2 0 0 16099
5 10 37 5.5 -2 0 0 5200
5 10 38 1.5 -2 0 0 28472
5 10 39 5.5 -2 0 0 25307
5 10 40 5.5 -2 0 0 16160
5 10 41 5.5 -2 0 0 21389
5 10 42 1.5 -2 0 0 20308
5 10 43 1.5 -2 0 0 19421
5 10 44 1.5 -2 0 0 25637
5 10 45 1.5 -2 0 0 20830
5 10 46 1.5 -2 0 0 16322
5 10 47 5.5 -2 0 0 28002
5 10 48 1.5 -2 0 0 18266
5 10 49 1.5 -2 0 0 18251
5 10 50 1.5 -2 0 0 25726
5 10 51 1.5 -2 0 0 19278
5 10 52 1.5 -2 0 0 20994
5 10 53 1.5 -2 0 0 25451
5 10 54 1.5 -2 0 0 22337
5 10 55 1.5 -2 0 0 19762
5 10 56 1.5 -2 0 0 21531
5 10 57 1.5 -2 0 0 19409
5 10 58 1.5 -2 0 0 21270
5 10 59 1.5 -2 0 0 17791
5 10 60 1.5 -2 0 0 24237
5 10 61 1.5 -2 0 0 21345
5 10 62 1.5 -2 0 0 19020
5 10 63 1.5 -2 0 0 20344
5 11 0 1.5 -2 0 0 19949
5 11 1 1.5 -2 0 0 18375
5 11 2 1.5 -2 0 0 16237
5 11 3 5.5 -2 0 0 11408
5 11 4 1.5 -2 0 0 10530
5 11 5 1.5 -2 0 0 12810
5 11 6 1.5 -2 0 0 15094
5 11 7 1.5 -2 0 0 9725
5 11 8 1.5 -2 0 0 15232
5 11 9 1.5 -2 0 0 10303
5 11 10 5.5 -2 0 0 10564
5 11 11 1.5 -2 0 0 14651
5 11 12 1.5 -2 0 0 13097
5 11 13 1.5 -2 0 0 10643
5 11 14 5.5 -2 0 0 19867
5 11 15 5.5 -2 0 0 8503
5 11 16 5.5 -2 0 0 9208
5 11 17 5.5 -2 0 0 17441
5 11 18 1.5 -2 0 0 13420
5 11 19 5.5 -2 0 0 10753
5 11 20 5.5 -2 0 0 10832
5 11 21 5.5 -2 0 0 12356
5 11 22 5.5 -2 0 0 9523
5 11 23 5.5 -2 0 0 14733
5 11 24 5.5 -2 0 0 17610
5 11 25 5.5 -2 0 0 9464
5 11 26 5.5 -2 0 0 19588
5 11 27 5.5 -2 0 0 12355
5 11 28 5.5 -2 0 0 9551
5 11 29 5.5 -2 0 0 16405
5 11 30 5.5 -2 0 0 7437
5 11 31 5.5 -2 0 0 9782
5 11 32 5.5 -2 0 0 9322
5 11 33 5.5 -2 0 0 10377
5 11 34 5.5 -2 0 0 19660
5 11 35 5.5 -2 0 0 9054
5 11 36 5.5 -2 0 0 9918
5 11 37 5.5 -2 0 0 10444
5 11 38 5.5 -2 0 0 9300
5 11 39 5.5 -2 0 0 10401
5 11 40 5.5 -2 0 0 9741
5 11 41 5.5 -2 0 0 9512
5 11 42 5.5 -2 0 0 10040
5 11 43 5.5 -2 0 0 15499
5 11 44 5.5 -2 0 0 9306
5 11 45 5.5 -2 0 0 11627
5 11 46 5.5 -2 0 0 19685
5 11 47 5.5 -2 0 0 8441
5 11 48 5.5 -2 0 0 11351
5 11 49 5.5 -2 0 0 12668
5 11 50 5.5 -2 0 0 9757
5 11 51 5.5 -2 0 0 14901
5 11 52 5.5 -2 0 0 15836
5 11 53 1.5 -2 0 0 7365
5 11 54 1.5 -2 0 0 11967
5 11 55 5.5 -2 0 0 15617
5 11 56 5.5 -2 0 0 11726
5 11 57 1.5 -2 0 0 13130
5 11 58 1.5 -2 0 0 12895
5 11 59 1.5 -2 0 0 18232
5 11 60 1.5 -2 0 0 9343
5 11 61 1.5 -2 0 0 16366
5 11 62 1.5 -2 0 0 20354
5 11 63 1.5 -2 0 0 13672
5 12 0 1.5 -2 0 0 13066
5 12 1 1.5 -2 0 0 17251
5 12 2 1.5 -2 0 0 16789
5 12 3 1.5 -2 0 0 19405
5 12 4 1.5 -2 0 0 13454
5 12 5 5.5 -2 0 0 16625
5 12 6 1.5 -2 0 0 21711
5 12 7 5.5 -2 0 0 23031
5 12 8 5.5 -2 0 0 17517
5 12 9 5.5 -2 0 0 21215
5 12 10 5.5 -2 0 0 23452
5 12 11 5.5 -2 0 0 12377
5 12 12 5.5 -2 0 0 18056
5 12 13 5.5 -2 0 0 14048
5 12 14 5.5 -2 0 0 13693
5 12 15 5.5 -2 0 0 14947
5 12 16 5.5 -2 0 0 26572
5 12 17 5.5 -2 0 0 14273
5 12 18 5.5 -2 0 0 16566
5 12 19 5.5 -2 0 0 20188
5 12 20 5.5 -2 0 0 13823
5 12 21 5.5 -2 0 0 18748
5 12 22 5.5 -2 0 0 17842
5 12 23 5.5 -2 0 0 9897
5 12 24 5.5 -2 0 0 13857
5 12 25 5.5 -2 0 0 20272
5 12 26 5.5 -2 0 0 15591
5 12 27 5.5 -2 0 0 10991
5 12 28 5.5 -2 0 0 15952
5 12 29 5.5 -2 0 0 13355
5 12 30 5.5 -2 0 0 11543
5 12 31 5.5 -2 0 0 19540
5 12 32 5.5 -2 0 0 12878
5 12 33 5.5 -2 0 0 11913
5 12 34 5.5 -2 0 0 11251
5 12 35 5.5 -2 0 0 15067
5 12 36 5.5 -2 0 0 11861
5 12 37 5.5 -2 0 0 12396
5 12 38 5.5 -2 0 0 16098
5 12 39 5.5 -2 0 0 12120
5 12 40 5.5 -2 0 0 13369
5 12 41 5.5 -2 0 0 15127
5 12 42 5.5 -2 0 0 9595
5 12 43 5.5 -2 0 0 9559
5 12 44 5.5 -2 0 0 13562
5 12 45 5.5 -2 0 0 14581
5 12 46 5.5 -2 0 0 11034
5 12 47 5.5 -2 0 0 3142
5 12 48 5.5 -2 0 0 13052
5 12 49 5.5 -2 0 0 9850
5 12 50 5.5 -2 0 0 6543
5 12 51 5.5 -2 0 0 10293
5 12 52 5.5 -2 0 0 11010
5 12 53 5.5 -2 0 0 12065
5 12 54 5.5 -2 0 0 12359
5 12 55 5.5 -2 0 0 9656
5 12 56 5.5 -2 0 0 8565
5 12 57 1.5 -2 0 0 11228
5 12 58 1.5 -2 0 0 9276
5 12 59 1.5 -2 0 0 9577
5 12 60 1.5 -2 0 0 9516
5 12 61 1.5 -2 0 0 8447
5 12 62 1.5 -2 0 0 10449
5 12 63 1.5 -2 0 0 9311
5 13 0 1.5 -2 0 0 8517
5 13 1 1.5 -2 0 0 8946
5 13 2 1.5 -2 0 0 8760
5 13 3 1.5 -2 0 0 7521
5 13 4 1.5 -2 0 0 4503
5 13 5 1.5 -2 0 0 9022
5 13 6 1.5 -2 0 0 7619
5 13 7 1.5 -2 0 0 4941
5 13 8 1.5 -2 0 0 7955
5 13 9 1.5 -2 0 0 7479
5 13 10 1.5 -2 0 0 6422
5 13 11 1.5 -2 0 0 9310
5 13 12 1.5 -2 0 0 6263
5 13 13 5.5 -2 0 0 1414
5 13 14 1.5 -2 0 0 11549
5 13 15 1.5 -2 0 0 8102
5 13 16 5.5 -2 0 0 6063
5 13 17 5.5 -2 0 0 10989
5 13 18 5.5 -2 0 0 7405
5 13 19 5.5 -2 0 0 5380
5 13 20 1.5 -2 0 0 669
5 13 21 5.5 -2 0 0 7659
5 13 22 5.5 -2 0 0 5928
5 13 23 5.5 -2 0 0 468
5 13 24 5.5 -2 0 0 9803
5 13 25 5.5 -2 0 0 6077
5 13 26 5.5 -2 0 0 13548
5 13 27 5.5 -2 0 0 3041
5 13 28 5.5 -2 0 0 3391
5 13 29 5.5 -2 0 0 1357
5 13 30 5.5 -2 0 0 7516
5 13 31 5.5 -2 0 0 5913
5 13 32 5.5 -2 0 0 6094
5 13 33 5.5 -2 0 0 3955
5 13 34 5.5 -2 0 0 12442
5 13 35 5.5 -2 0 0 5650
5 13 36 5.5 -2 0 0 5329
5 13 37 5.5 -2 0 0 456
5 13 38 5.5 -2 0 0 7225
5 13 39 5.5 -2 0 0 13108
5 13 40 5.5 -2 0 0 1957
5 13 41 5.5 -2 0 0 6987
5 13 42 5.5 -2 0 0 11855
5 13 43 5.5 -2 0 0 1073
5 13 44 5.5 -2 0 0 8694
5 13 45 5.5 -2 0 0 8527
5 13 46 5.5 -2 0 0 14717
5 13 47 5.5 -2 0 0 7891
5 13 48 5.5 -2 0 0 4497
5 13 49 5.5 -2 0 0 13653
5 13 50 1.5 -2 0 0 10243
5 13 51 5.5 -2 0 0 16008
5 13 52 1.5 -2 0 0 14369
5 13 53 1.5 -2 0 0 10080
5 13 54 1.5 -2 0 0 10593
5 13 55 1.5 -2 0 0 14479
5 13 56 1.5 -2 0 0 13757
5 13 57 1.5 -2 0 0 14609
5 13 58 1.5 -2 0 0 9964
5 13 59 1.5 -2 0 0 14997
5 13 60 1.5 -2 0 0 10510
5 13 61 1.5 -2 0 0 17087
5 13 62 1.5 -2 0 0 19318
5 13 63 1.5 -2 0 0 11068
5 14 0 5.5 -2 0 0 8555
5 14 1 1.5 -2 0 0 9233
5 14 2 1.5 -2 0 0 11092
5 14 3 1.5 -2 0 0 4421
5 14 4 1.5 -2 0 0 9258
5 14 5 5.5 -2 0 0 8616
5 14 6 1.5 -2 0 0 11240
5 14 7 1.5 -2 0 0 9362
5 14 8 1.5 -2 0 0 9493
5 14 9 1.5 -2 0 0 6594
5 14 10 1.5 -2 0 0 14575
5 14 11 1.5 -2 0 0 6160
5 14 12 1.5 -2 0 0 7385
5 14 13 1.5 -2 0 0 9793
5 14 14 1.5 -2 0 0 7902
5 14 15 5.5 -2 0 0 4034
5 14 16 5.5 -2 0 0 13754
5 14 17 5.5 -2 0 0 3024
5 14 18 5.5 -2 0 0 9239
5 14 19 5.5 -2 0 0 11431
5 14 20 5.5 -2 0 0 7548
5 14 21 5.5 -2 0 0 13670
5 14 22 5.5 -2 0 0 11121
5 14 23 1.5 -2 0 0 7091
5 14 24 1.5 -2 0 0 6808
5 14 25 5.5 -2 0 0 10131
5 14 26 5.5 -2 0 0 4229
5 14 27 5.5 -2 0 0 6087
5 14 28 5.5 -2 0 0 8496
5 14 29 5.5 -2 0 0 7209
5 14 30 5.5 -2 0 0 6089
5 14 31 5.5 -2 0 0 7430
5 14 32 5.5 -2 0 0 6957
5 14 33 5.5 -2 0 0 6042
5 14 34 5.5 -2 0 0 7485
5 14 35 5.5 -2 0 0 8247
5 14 36 5.5 -2 0 0 5279
5 14 37 5.5 -2 0 0 5576
5 14 38 1.5 -2 0 0 7084
5 14 39 5.5 -2 0 0 4265
5 14 40 5.5 -2 0 0 6854
5 14 41 1.5 -2 0 0 6291
5 14 42 5.5 -2 0 0 6042
5 14 43 5.5 -2 0 0 5357
5 14 44 5.5 -2 0 0 6234
5 14 45 1.5 -2 0 0 5437
5 14 46 5.5 -2 0 0 5467
5 14 47 5.5 -2 0 0 4701
5 14 48 1.5 -2 0 0 5035
5 14 49 1.5 -2 0 0 4757
5 14 50 1.5 -2 0 0 6183
5 14 51 1.5 -2 0 0 2646
5 14 52 1.5 -2 0 0 4448
5 14 53 1.5 -2 0 0 5242
5 14 54 1.5 -2 0 0 5387
5 14 55 1.5 -2 0 0 3010
5 14 56 1.5 -2 0 0 5964
5 14 57 1.5 -2 0 0 4799
5 14 58 1.5 -2 0 0 4890
5 14 59 1.5 -2 0 0 5820
5 14 60 1.5 -2 0 0 5343
5 14 61 1.5 -2 0 0 4249
5 14 62 1.5 -2 0 0 4823
5 14 63 1.5 -2 0 0 5414
5 15 0 5.5 -2 0 0 4003
5 15 1 1.5 -2 0 0 2084
5 15 2 5.5 -2 0 0 3620
5 15 3 5.5 -2 0 0 2699
5 15 4 5.5 -2 0 0 3291
5 15 5 5.5 -2 0 0 3307
5 15 6 5.5 -2 0 0 1577
5 15 7 5.5 -2 0 0 3107
5 15 8 5.5 -2 0 0 3238
5 15 9 5.5 -2 0 0 2621
5 15 10 5.5 -2 0 0 2743
5 15 11 5.5 -2 0 0 3809
5 15 12 5.5 -2 0 0 3126
5 15 13 5.5 -2 0 0 3262
5 15 14 5.5 -2 0 0 4246
5 15 15 5.5 -2 0 0 3092
5 15 16 0 -10 0 0 0
5 15 17 5.5 -2 0 0 4679
5 15 18 5.5 -2 0 0 3070
5 15 19 5.5 -2 0 0 3208
5 15 20 5.5 -2 0 0 2973
5 15 21 5.5 -2 0 0 2833
5 15 22 5.5 -2 0 0 3389
5 15 23 5.5 -2 0 0 3728
5 15 24 5.5 -2 0 0 4926
5 15 25 5.5 -2 0 0 3084
5 15 26 5.5 -2 0 0 4308
5 15 27 5.5 -2 0 0 3061
5 15 28 5.5 -2 0 0 3796
5 15 29 5.5 -2 0 0 4167
5 15 30 5.5 -2 0 0 3908
5 15 31 5.5 -2 0 0 3163
5 15 32 5.5 -2 0 0 3381
5 15 33 5.5 -2 0 0 3950
5 15 34 5.5 -2 0 0 5581
5 15 35 5.5 -2 0 0 2143
5 15 36 5.5 -2 0 0 3398
5 15 37 5.5 -2 0 0 4378
5 15 38 5.5 -2 0 0 2531
5 15 39 5.5 -2 0 0 5018
5 15 40 5.5 -2 0 0 3956
5 15 41 5.5 -2 0 0 3265
5 15 42 5.5 -2 0 0 3786
5 15 43 5.5 -2 0 0 5328
5 15 44 5.5 -2 0 0 2006
5 15 45 5.5 -2 0 0 4572
5 15 46 5.5 -2 0 0 5158
5 15 47 5.5 -2 0 0 4957
5 15 48 5.5 -2 0 0 3759
5 15 49 5.5 -2 0 0 5432
5 15 50 5.5 -2 0 0 4903
5 15 51 5.5 -2 0 0 7962
5 15 52 5.5 -2 0 0 5345
5 15 53 5.5 -2 0 0 3525
5 15 54 5.5 -2 0 0 5478
5 15 55 5.5 -2 0 0 5456
5 15 56 5.5 -2 0 0 7136
5 15 57 5.5 -2 0 0 7418
5 15 58 5.5 -2 0 0 5558
5 15 59 1.5 -2 0 0 7068
5 15 60 1.5 -2 0 0 5106
5 15 61 1.5 -2 0 0 7068
5 15 62 5.5 -2 0 0 6226
5 15 63 1.5 -2 0 0 4887
6 0 0 5.5 -2 0 0 4675
6 0 1 5.5 -2 0 0 2671
6 0 2 1.5 -2 0 0 13837
6 0 3 5.5 -2 0 0 1691
6 0 4 5.5 -2 0 0 6593
6 0 5 5.5 -2 0 0 5253
6 0 6 5.5 -2 0 0 3826
6 0 7 5.5 -2 0 0 1712
6 0 8 5.5 -2 0 0 6768
6 0 9 5.5 -2 0 0 1724
6 0 10 5.5 -2 0 0 1583
6 0 11 5.5 -2 0 0 10713
6 0 12 5.5 -2 0 0 1530
6 0 13 5.5 -2 0 0 3945
6 0 14 5.5 -2 0 0 6450
6 0 15 5.5 -2 0 0 2783
6 0 16 5.5 -2 0 0 11592
6 0 17 5.5 -2 0 0 16515
6 0 18 5.5 -2 0 0 2433
6 0 19 5.5 -2 0 0 3443
6 0 20 5.5 -2 0 0 2547
6 0 21 5.5 -2 0 0 2359
6 0 22 5.5 -2 0 0 1348
6 0 23 5.5 -2 0 0 4461
6 0 24 5.5 -2 0 0 7667
6 0 25 5.5 -2 0 0 2574
6 0 26 5.5 -2 0 0 8012
6 0 27 5.5 -2 0 0 2156
6 0 28 5.5 -2 0 0 3196
6 0 29 5.5 -2 0 0 8904
6 0 30 5.5 -2 0 0 1895
6 0 31 5.5 -2 0 0 15215
6 0 32 5.5 -2 0 0 3075
6 0 33 5.5 -2 0 0 2875
6 0 34 5.5 -2 0 0 23239
6 0 35 5.5 -2 0 0 3617
6 0 36 5.5 -2 0 0 2117
6 0 37 5.5 -2 0 0 3522
6 0 38 5.5 -2 0 0 8156
6 0 39 5.5 -2 0 0 6882
6 0 40 5.5 -2 0 0 2733
6 0 41 5.5 -2 0 0 4031
6 0 42 5.5 -2 0 0 2778
6 0 43 5.5 -2 0 0 8249
6 0 44 5.5 -2 0 0 7288
6 0 45 5.5 -2 0 0 3555
6 0 46 5.5 -2 0 0 6334
6 0 47 5.5 -2 0 0 10636
6 0 48 5.5 -2 0 0 2820
6 0 49 5.5 -2 0 0 3904
6 0 50 5.5 -2 0 0 4289
6 0 51 5.5 -2 0 0 14535
6 0 52 5.5 -2 0 0 5136
6 0 53 5.5 -2 0 0 12190
6 0 54 5.5 -2 0 0 4704
6 0 55 5.5 -2 0 0 11242
6 0 56 5.5 -2 0 0 5728
6 0 57 1.5 -2 0 0 14452
6 0 58 5.5 -2 0 0 4921
6 0 59 5.5 -2 0 0 8557
6 0 60 1.5 -2 0 0 19023
6 0 61 5.5 -2 0 0 10960
6 0 62 1.5 -2 0 0 13900
6 0 63 1.5 -2 0 0 8814
6 1 0 5.5 -2 0 0 9862
6 1 1 5.5 -2 0 0 11340
6 1 2 5.5 -2 0 0 9774
6 1 3 5.5 -2 0 0 5642
6 1 4 5.5 -2 0 0 2076
6 1 5 5.5 -2 0 0 15727
6 1 6 5.5 -2 0 0 11554
6 1 7 5.5 -2 0 0 11827
6 1 8 5.5 -2 0 0 4959
6 1 9 5.5 -2 0 0 5082
6 1 10 5.5 -2 0 0 12324
6 1 11 5.5 -2 0 0 3446
6 1 12 5.5 -2 0 0 5970
6 1 13 5.5 -2 0 0 8773
6 1 14 5.5 -2 0 0 8551
6 1 15 5.5 -2 0 0 7404
6 1 16 5.5 -2 0 0 24669
6 1 17 5.5 -2 0 0 5582
6 1 18 5.5 -2 0 0 2878
6 1 19 5.5 -2 0 0 8317
6 1 20 5.5 -2 0 0 1921
6 1 21 5.5 -2 0 0 9145
6 1 22 5.5 -2 0 0 8419
6 1 23 5.5 -2 0 0 1908
6 1 24 5.5 -2 0 0 8891
6 1 25 5.5 -2 0 0 5315
6 1 26 5.5 -2 0 0 8022
6 1 27 5.5 -2 0 0 1999
6 1 28 5.5 -2 0 0 3931
6 1 29 5.5 -2 0 0 2474
6 1 30 5.5 -2 0 0 1884
6 1 31 5.5 -2 0 0 7259
6 1 32 4.65013 0.351864 0.510464 0.0147611 6904
6 1 33 5.5 -2 0 0 2674
6 1 34 5.5 -2 0 0 4616
6 1 35 5.5 -2 0 0 13225
6 1 36 5.5 -2 0 0 1882
6 1 37 5.5 -2 0 0 1988
6 1 38 5.5 -2 0 0 7391
6 1 39 5.5 -2 0 0 1549
6 1 40 5.5 -2 0 0 2272
6 1 41 5.5 -2 0 0 9245
6 1 42 5.5 -2 0 0 3908
6 1 43 5.5 -2 0 0 2860
6 1 44 5.5 -2 0 0 4883
6 1 45 5.5 -2 0 0 3823
6 1 46 5.5 -2 0 0 6043
6 1 47 5.5 -2 0 0 4599
6 1 48 5.5 -2 0 0 5516
6 1 49 5.5 -2 0 0 3148
6 1 50 5.5 -2 0 0 11090
6 1 51 5.5 -2 0 0 1819
6 1 52 5.5 -2 0 0 4746
6 1 53 5.5 -2 0 0 1503
6 1 54 5.5 -2 0 0 10990
6 1 55 5.5 -2 0 0 3564
6 1 56 5.5 -2 0 0 1817
6 1 57 5.5 -2 0 0 2124
6 1 58 5.5 -2 0 0 14144
6 1 59 5.5 -2 0 0 5566
6 1 60 5.5 -2 0 0 1315
6 1 61 5.5 -2 0 0 1990
6 1 62 5.5 -2 0 0 4229
6 1 63 5.5 -2 0 0 3727
6 2 0 5.5 -2 0 0 7177
6 2 1 5.5 -2 0 0 3878
6 2 2 5.5 -2 0 0 11608
6 2 3 5.5 -2 0 0 10869
6 2 4 5.5 -2 0 0 3222
6 2 5 5.5 -2 0 0 5847
6 2 6 5.5 -2 0 0 4140
6 2 7 5.5 -2 0 0 5874
6 2 8 5.5 -2 0 0 12213
6 2 9 1.5 -2 0 0 19307
6 2 10 1.5 -2 0 0 16615
6 2 11 5.5 -2 0 0 19257
6 2 12 5.5 -2 0 0 8473
6 2 13 5.5 -2 0 0 8425
6 2 14 5.5 -2 0 0 14659
6 2 15 5.5 -2 0 0 13324
6 2 16 5.5 -2 0 0 6244
6 2 17 5.5 -2 0 0 11970
6 2 18 5.5 -2 0 0 4297
6 2 19 5.5 -2 0 0 6977
6 2 20 5.5 -2 0 0 4604
6 2 21 5.5 -2 0 0 21443
6 2 22 5.5 -2 0 0 8245
6 2 23 5.5 -2 0 0 16720
6 2 24 5.5 -2 0 0 11616
6 2 25 5.5 -2 0 0 5245
6 2 26 5.5 -2 0 0 15956
6 2 27 5.5 -2 0 0 7415
6 2 28 5.5 -2 0 0 14811
6 2 29 5.5 -2 0 0 12566
6 2 30 4.67929 0.229542 0.425843 0.0233283 3309
6 2 31 5.5 -2 0 0 14063
6 2 32 5.5 -2 0 0 7361
6 2 33 5.5 -2 0 0 9423
6 2 34 5.5 -2 0 0 13844
6 2 35 5.5 -2 0 0 13955
6 2 36 5.5 -2 0 0 10251
6 2 37 5.5 -2 0 0 11553
6 2 38 5.5 -2 0 0 14469
6 2 39 5.5 -2 0 0 16435
6 2 40 5.5 -2 0 0 17524
6 2 41 5.5 -2 0 0 7400
6 2 42 5.5 -2 0 0 10263
6 2 43 5.5 -2 0 0 10780
6 2 44 5.5 -2 0 0 8507
6 2 45 5.5 -2 0 0 9207
6 2 46 5.5 -2 0 0 4280
6 2 47 5.5 -2 0 0 9941
6 2 48 5.5 -2 0 0 11322
6 2 49 5.5 -2 0 0 11961
6 2 50 5.5 -2 0 0 8754
6 2 51 5.5 -2 0 0 16678
6 2 52 5.5 -2 0 0 11042
6 2 53 5.5 -2 0 0 8675
6 2 54 5.5 -2 0 0 15928
6 2 55 5.5 -2 0 0 21512
6 2 56 5.5 -2 0 0 14944
6 2 57 5.5 -2 0 0 20949
6 2 58 5.5 -2 0 0 18961
6 2 59 5.5 -2 0 0 11377
6 2 60 1.5 -2 0 0 10364
6 2 61 1.5 -2 0 0 25113
6 2 62 1.5 -2 0 0 21159
6 2 63 1.5 -2 0 0 10546
6 3 0 1.5 -2 0 0 12931
6 3 1 5.5 -2 0 0 13714
6 3 2 1.5 -2 0 0 17250
6 3 3 1.5 -2 0 0 11801
6 3 4 5.5 -2 0 0 3477
6 3 5 5.5 -2 0 0 11000
6 3 6 1.5 -2 0 0 21355
6 3 7 1.5 -2 0 0 25120
6 3 8 5.5 -2 0 0 7585
6 3 9 1.5 -2 0 0 20573
6 3 10 5.5 -2 0 0 10119
6 3 11 5.5 -2 0 0 3674
6 3 12 5.5 -2 0 0 10147
6 3 13 5.5 -2 0 0 10437
6 3 14 1.5 -2 0 0 19195
6 3 15 5.5 -2 0 0 8802
6 3 16 5.5 -2 0 0 20924
6 3 17 5.5 -2 0 0 4427
6 3 18 5.5 -2 0 0 2782
6 3 19 5.5 -2 0 0 11847
6 3 20 5.5 -2 0 0 7179
6 3 21 5.5 -2 0 0 10022
6 3 22 5.5 -2 0 0 11647
6 3 23 5.5 -2 0 0 3473
6 3 24 5.5 -2 0 0 8173
6 3 25 5.5 -2 0 0 25360
6 3 26 5.5 -2 0 0 4974
6 3 27 5.5 -2 0 0 3220
6 3 28 5.5 -2 0 0 19620
6 3 29 5.5 -2 0 0 3226
6 3 30 5.5 -2 0 0 2815
6 3 31 5.5 -2 0 0 12189
6 3 32 5.5 -2 0 0 11247
6 3 33 5.5 -2 0 0 4296
6 3 34 5.5 -2 0 0 3678
6 3 35 5.5 -2 0 0 24038
6 3 36 5.5 -2 0 0 5357
6 3 37 5.5 -2 0 0 3708
6 3 38 5.5 -2 0 0 12843
6 3 39 5.5 -2 0 0 2170
6 3 40 5.5 -2 0 0 17363
6 3 41 5.5 -2 0 0 10057
6 3 42 5.5 -2 0 0 8919
6 3 43 5.5 -2 0 0 9113
6 3 44 5.5 -2 0 0 11683
6 3 45 5.5 -2 0 0 21061
6 3 46 5.5 -2 0 0 9372
6 3 47 5.5 -2 0 0 21974
6 3 48 5.5 -2 0 0 15805
6 3 49 5.5 -2 0 0 6573
6 3 50 5.5 -2 0 0 8841
6 3 51 5.5 -2 0 0 8616
6 3 52 5.5 -2 0 0 6819
6 3 53 5.5 -2 0 0 21243
6 3 54 5.5 -2 0 0 8417
6 3 55 5.5 -2 0 0 9372
6 3 56 5.5 -2 0 0 8210
6 3 57 5.5 -2 0 0 7236
6 3 58 5.5 -2 0 0 8075
6 3 59 1.5 -2 0 0 11633
6 3 60 5.5 -2 0 0 3344
6 3 61 1.5 -2 0 0 14997
6 3 62 1.5 -2 0 0 8435
6 3 63 1.5 -2 0 0 3885
6 4 0 5.5 -2 0 0 23053
6 4 1 5.5 -2 0 0 20772
6 4 2 5.5 -2 0 0 16715
6 4 3 5.5 -2 0 0 4811
6 4 4 5.5 -2 0 0 8525
6 4 5 5.5 -2 0 0 4919
6 4 6 5.5 -2 0 0 17441
6 4 7 5.5 -2 0 0 10821
6 4 8 5.5 -2 0 0 8076
6 4 9 5.5 -2 0 0 2267
6 4 10 5.5 -2 0 0 5920
6 4 11 5.5 -2 0 0 10349
6 4 12 5.5 -2 0 0 3286
6 4 13 5.5 -2 0 0 5619
6 4 14 5.5 -2 0 0 9019
6 4 15 5.5 -2 0 0 5113
6 4 16 5.5 -2 0 0 7607
6 4 17 5.5 -2 0 0 4571
6 4 18 5.5 -2 0 0 11062
6 4 19 5.5 -2 0 0 4445
6 4 20 5.5 -2 0 0 7337
6 4 21 5.5 -2 0 0 6211
6 4 22 5.5 -2 0 0 11475
6 4 23 5.5 -2 0 0 7427
6 4 24 5.5 -2 0 0 7573
6 4 25 5.5 -2 0 0 9007
6 4 26 5.5 -2 0 0 5457
6 4 27 4.6235 0.262711 0.588417 0.0256498 4020
6 4 28 5.5 -2 0 0 5892
6 4 29 5.5 -2 0 0 2420
6 4 30 5.5 -2 0 0 6456
6 4 31 5.5 -2 0 0 3569
6 4 32 5.5 -2 0 0 5501
6 4 33 5.5 -2 0 0 4369
6 4 34 4.65365 0.350405 0.364769 0.00056401 2796
6 4 35 5.5 -2 0 0 7464
6 4 36 5.5 -2 0 0 5483
6 4 37 5.5 -2 0 0 3715
6 4 38 5.5 -2 0 0 8091
6 4 39 5.5 -2 0 0 9867
6 4 40 5.5 -2 0 0 11206
6 4 41 5.5 -2 0 0 9292
6 4 42 5.5 -2 0 0 5590
6 4 43 5.5 -2 0 0 2934
6 4 44 5.5 -2 0 0 5533
6 4 45 5.5 -2 0 0 5144
6 4 46 5.5 -2 0 0 2541
6 4 47 5.5 -2 0 0 3905
6 4 48 5.5 -2 0 0 5100
6 4 49 5.5 -2 0 0 3938
6 4 50 5.5 -2 0 0 4236
6 4 51 5.5 -2 0 0 6701
6 4 52 5.5 -2 0 0 3130
6 4 53 5.5 -2 0 0 4192
6 4 54 5.5 -2 0 0 4999
6 4 55 5.5 -2 0 0 3987
6 4 56 5.5 -2 0 0 5705
6 4 57 5.5 -2 0 0 6462
6 4 58 5.5 -2 0 0 4970
6 4 59 5.5 -2 0 0 2657
6 4 60 5.5 -2 0 0 4550
6 4 61 5.5 -2 0 0 5748
6 4 62 5.5 -2 0 0 4852
6 4 63 5.5 -2 0 0 4463
6 5 0 1.5 -2 0 0 7190
6 5 1 1.5 -2 0 0 8893
6 5 2 1.5 -2 0 0 9402
6 5 3 1.5 -2 0 0 8836
6 5 4 5.5 -2 0 0 6232
6 5 5 1.5 -2 0 0 10082
6 5 6 1.5 -2 0 0 9351
6 5 7 1.5 -2 0 0 18504
6 5 8 1.5 -2 0 0 7723
6 5 9 1.5 -2 0 0 9894
6 5 10 1.5 -2 0 0 18561
6 5 11 1.5 -2 0 0 19899
6 5 12 5.5 -2 0 0 8412
6 5 13 5.5 -2 0 0 20097
6 5 14 5.5 -2 0 0 3550
6 5 15 5.5 -2 0 0 7420
6 5 16 5.5 -2 0 0 17642
6 5 17 5.5 -2 0 0 4077
6 5 18 1.5 -2 0 0 21457
6 5 19 1.5 -2 0 0 21928
6 5 20 1.5 -2 0 0 17327
6 5 21 1.5 -2 0 0 12791
6 5 22 5.5 -2 0 0 9649
6 5 23 5.5 -2 0 0 19551
6 5 24 5.5 -2 0 0 5583
6 5 25 5.5 -2 0 0 21619
6 5 26 5.5 -2 0 0 4068
6 5 27 5.5 -2 0 0 3761
6 5 28 5.5 -2 0 0 22174
6 5 29 5.5 -2 0 0 19089
6 5 30 5.5 -2 0 0 15518
6 5 31 5.5 -2 0 0 23889
6 5 32 5.5 -2 0 0 9301
6 5 33 5.5 -2 0 0 3493
6 5 34 5.5 -2 0 0 2945
6 5 35 5.5 -2 0 0 28392
6 5 36 5.5 -2 0 0 7864
6 5 37 5.5 -2 0 0 14916
6 5 38 5.5 -2 0 0 11796
6 5 39 5.5 -2 0 0 33197
6 5 40 5.5 -2 0 0 22869
6 5 41 5.5 -2 0 0 8799
6 5 42 5.5 -2 0 0 2088
6 5 43 5.5 -2 0 0 6396
6 5 44 5.5 -2 0 0 6634
6 5 45 5.5 -2 0 0 4143
6 5 46 5.5 -2 0 0 3972
6 5 47 5.5 -2 0 0 32147
6 5 48 5.5 -2 0 0 23596
6 5 49 5.5 -2 0 0 2915
6 5 50 5.5 -2 0 0 5834
6 5 51 5.5 -2 0 0 31909
6 5 52 5.5 -2 0 0 7574
6 5 53 5.5 -2 0 0 29696
6 5 54 5.5 -2 0 0 2435
6 5 55 1.5 -2 0 0 24570
6 5 56 1.5 -2 0 0 30913
6 5 57 5.5 -2 0 0 8398
6 5 58 5.5 -2 0 0 3955
6 5 59 1.5 -2 0 0 25371
6 5 60 1.5 -2 0 0 32498
6 5 61 1.5 -2 0 0 12023
6 5 62 5.5 -2 0 0 7503
6 5 63 1.5 -2 0 0 3673
6 6 0 1.5 -2 0 0 7044
6 6 1 1.5 -2 0 0 8204
6 6 2 1.5 -2 0 0 7135
6 6 3 1.5 -2 0 0 5520
6 6 4 1.5 -2 0 0 5134
6 6 5 5.5 -2 0 0 5680
6 6 6 1.5 -2 0 0 7001
6 6 7 5.5 -2 0 0 3151
6 6 8 1.5 -2 0 0 6157
6 6 9 1.5 -2 0 0 5768
6 6 10 5.5 -2 0 0 4352
6 6 11 5.5 -2 0 0 4372
6 6 12 5.5 -2 0 0 4942
6 6 13 1.5 -2 0 0 3730
6 6 14 5.5 -2 0 0 6698
6 6 15 5.5 -2 0 0 4812
6 6 16 5.5 -2 0 0 4969
6 6 17 5.5 -2 0 0 5189
6 6 18 5.5 -2 0 0 3434
6 6 19 5.5 -2 0 0 6511
6 6 20 5.5 -2 0 0 4788
6 6 21 5.5 -2 0 0 4125
6 6 22 5.5 -2 0 0 7836
6 6 23 5.5 -2 0 0 4978
6 6 24 5.5 -2 0 0 6359
6 6 25 5.5 -2 0 0 6560
6 6 26 5.5 -2 0 0 5974
6 6 27 5.5 -2 0 0 3629
6 6 28 5.5 -2 0 0 3738
6 6 29 5.5 -2 0 0 8051
6 6 30 5.5 -2 0 0 3184
6 6 31 5.5 -2 0 0 3292
6 6 32 5.5 -2 0 0 6249
6 6 33 5.5 -2 0 0 3471
6 6 34 5.5 -2 0 0 9533
6 6 35 5.5 -2 0 0 5448
6 6 36 1.5 -2 0 0 6004
6 6 37 5.5 -2 0 0 3972
6 6 38 5.5 -2 0 0 2685
6 6 39 5.5 -2 0 0 2752
6 6 40 5.5 -2 0 0 3857
6 6 41 5.5 -2 0 0 2787
6 6 42 5.5 -2 0 0 3550
6 6 43 5.5 -2 0 0 4630
6 6 44 5.5 -2 0 0 3080
6 6 45 5.5 -2 0 0 5765
6 6 46 1.5 -2 0 0 9026
6 6 47 5.5 -2 0 0 1942
6 6 48 5.5 -2 0 0 2591
6 6 49 5.5 -2 0 0 3715
6 6 50 5.5 -2 0 0 2722
6 6 51 1.5 -2 0 0 5766
6 6 52 5.5 -2 0 0 4125
6 6 53 1.5 -2 0 0 2031
6 6 54 1.5 -2 0 0 3551
6 6 55 1.5 -2 0 0 3962
6 6 56 1.5 -2 0 0 2581
6 6 57 1.5 -2 0 0 5241
6 6 58 1.5 -2 0 0 2939
6 6 59 1.5 -2 0 0 4142
6 6 60 1.5 -2 0 0 5002
6 6 61 1.5 -2 0 0 3809
6 6 62 1.5 -2 0 0 3879
6 6 63 1.5 -2 0 0 3108
6 7 0 1.5 -2 0 0 5360
6 7 1 1.5 -2 0 0 5352
6 7 2 1.5 -2 0 0 6081
6 7 3 1.5 -2 0 0 6855
6 7 4 1.5 -2 0 0 3106
6 7 5 5.5 -2 0 0 3605
6 7 6 1.5 -2 0 0 5496
6 7 7 1.5 -2 0 0 7073
6 7 8 1.5 -2 0 0 3914
6 7 9 1.5 -2 0 0 5845
6 7 10 1.5 -2 0 0 5783
6 7 11 5.5 -2 0 0 4178
6 7 12 5.5 -2 0 0 6683
6 7 13 5.5 -2 0 0 7555
6 7 14 5.5 -2 0 0 6264
6 7 15 5.5 -2 0 0 4379
6 7 16 5.5 -2 0 0 5609
6 7 17 5.5 -2 0 0 4666
6 7 18 5.5 -2 0 0 3892
6 7 19 5.5 -2 0 0 4955
6 7 20 5.5 -2 0 0 3689
6 7 21 1.5 -2 0 0 6121
6 7 22 5.5 -2 0 0 6619
6 7 23 5.5 -2 0 0 8303
6 7 24 5.5 -2 0 0 3805
6 7 25 5.5 -2 0 0 5578
6 7 26 5.5 -2 0 0 4383
6 7 27 5.5 -2 0 0 8891
6 7 28 5.5 -2 0 0 4554
6 7 29 5.5 -2 0 0 4554
6 7 30 5.5 -2 0 0 4216
6 7 31 5.5 -2 0 0 5369
6 7 32 5.5 -2 0 0 8268
6 7 33 5.5 -2 0 0 4373
6 7 34 5.5 -2 0 0 5367
6 7 35 5.5 -2 0 0 11773
6 7 36 5.5 -2 0 0 3401
6 7 37 5.5 -2 0 0 3075
6 7 38 5.5 -2 0 0 12710
6 7 39 5.5 -2 0 0 14205
6 7 40 5.5 -2 0 0 2485
6 7 41 5.5 -2 0 0 9604
6 7 42 5.5 -2 0 0 3091
6 7 43 5.5 -2 0 0 4756
6 7 44 5.5 -2 0 0 6899
6 7 45 5.5 -2 0 0 10718
6 7 46 5.5 -2 0 0 5984
6 7 47 5.5 -2 0 0 15176
6 7 48 5.5 -2 0 0 4437
6 7 49 5.5 -2 0 0 4675
6 7 50 5.5 -2 0 0 12198
6 7 51 5.5 -2 0 0 6429
6 7 52 5.5 -2 0 0 4105
6 7 53 5.5 -2 0 0 9940
6 7 54 5.5 -2 0 0 12435
6 7 55 5.5 -2 0 0 5584
6 7 56 5.5 -2 0 0 7076
6 7 57 5.5 -2 0 0 7498
6 7 58 1.5 -2 0 0 6853
6 7 59 1.5 -2 0 0 6326
6 7 60 1.5 -2 0 0 8734
6 7 61 1.5 -2 0 0 6342
6 7 62 1.5 -2 0 0 6409
6 7 63 1.5 -2 0 0 6436
6 8 0 5.5 -2 0 0 2117
6 8 1 5.5 -2 0 0 11216
6 8 2 1.5 -2 0 0 12238
6 8 3 1.5 -2 0 0 14518
6 8 4 1.5 -2 0 0 12682
6 8 5 5.5 -2 0 0 13092
6 8 6 1.5 -2 0 0 12938
6 8 7 5.5 -2 0 0 15040
6 8 8 5.5 -2 0 0 12506
6 8 9 5.5 -2 0 0 14361
6 8 10 5.5 -2 0 0 12620
6 8 11 5.5 -2 0 0 14114
6 8 12 5.5 -2 0 0 11888
6 8 13 5.5 -2 0 0 16887
6 8 14 5.5 -2 0 0 12344
6 8 15 5.5 -2 0 0 15448
6 8 16 5.5 -2 0 0 11198
6 8 17 5.5 -2 0 0 13318
6 8 18 5.5 -2 0 0 15154
6 8 19 5.5 -2 0 0 16514
6 8 20 5.5 -2 0 0 14325
6 8 21 5.5 -2 0 0 6150
6 8 22 5.5 -2 0 0 5797
6 8 23 5.5 -2 0 0 1607
6 8 24 5.5 -2 0 0 12622
6 8 25 5.5 -2 0 0 16923
6 8 26 5.5 -2 0 0 12734
6 8 27 5.5 -2 0 0 3175
6 8 28 5.5 -2 0 0 19057
6 8 29 5.5 -2 0 0 16425
6 8 30 5.5 -2 0 0 1724
6 8 31 5.5 -2 0 0 5020
6 8 32 5.5 -2 0 0 20794
6 8 33 5.5 -2 0 0 1705
6 8 34 5.5 -2 0 0 15232
6 8 35 5.5 -2 0 0 24746
6 8 36 5.5 -2 0 0 18497
6 8 37 5.5 -2 0 0 1759
6 8 38 5.5 -2 0 0 10671
6 8 39 5.5 -2 0 0 22432
6 8 40 5.5 -2 0 0 1420
6 8 41 5.5 -2 0 0 21482
6 8 42 5.5 -2 0 0 1625
6 8 43 5.5 -2 0 0 2172
6 8 44 5.5 -2 0 0 23063
6 8 45 5.5 -2 0 0 21035
6 8 46 5.5 -2 0 0 2102
6 8 47 5.5 -2 0 0 33072
6 8 48 5.5 -2 0 0 1649
6 8 49 5.5 -2 0 0 2226
6 8 50 5.5 -2 0 0 2120
6 8 51 5.5 -2 0 0 21808
6 8 52 5.5 -2 0 0 2326
6 8 53 5.5 -2 0 0 24441
6 8 54 5.5 -2 0 0 18059
6 8 55 5.5 -2 0 0 5698
6 8 56 5.5 -2 0 0 22154
6 8 57 5.5 -2 0 0 23223
6 8 58 5.5 -2 0 0 4295
6 8 59 5.5 -2 0 0 2737
6 8 60 1.5 -2 0 0 23492
6 8 61 5.5 -2 0 0 3788
6 8 62 5.5 -2 0 0 5121
6 8 63 5.5 -2 0 0 4136
6 9 0 0 -10 0 0 0
6 9 1 0 -10 0 0 0
6 9 2 0 -10 0 0 0
6 9 3 0 -10 0 0 0
6 9 4 0 -10 0 0 0
6 9 5 0 -10 0 0 0
6 9 6 0 -10 0 0 0
6 9 7 0 -10 0 0 0
6 9 8 0 -10 0 0 0
6 9 9 0 -10 0 0 0
6 9 10 0 -10 0 0 0
6 9 11 0 -10 0 0 0
6 9 12 0 -10 0 0 0
6 9 13 0 -10 0 0 0
6 9 14 0 -10 0 0 0
6 9 15 0 -10 0 0 0
6 9 16 0 -10 0 0 0
6 9 17 0 -10 0 0 0
6 9 18 0 -10 0 0 0
6 9 19 0 -10 0 0 0
6 9 20 0 -10 0 0 0
6 9 21 0 -10 0 0 0
6 9 22 0 -10 0 0 0
6 9 23 0 -10 0 0 0
6 9 24 0 -10 0 0 0
6 9 25 0 -10 0 0 0
6 9 26 0 -10 0 0 0
6 9 27 0 -10 0 0 0
6 9 28 0 -10 0 0 0
6 9 29 0 -10 0 0 0
6 9 30 0 -10 0 0 0
6 9 31 0 -10 0 0 0
6 9 32 0 -10 0 0 0
6 9 33 0 -10 0 0 0
6 9 34 0 -10 0 0 0
6 9 35 0 -10 0 0 0
6 9 36 0 -10 0 0 0
6 9 37 0 -10 0 0 0
6 9 38 0 -10 0 0 0
6 9 39 0 -10 0 0 0
6 9 40 0 -10 0 0 0
6 9 41 0 -10 0 0 0
6 9 42 0 -10 0 0 0
6 9 43 0 -10 0 0 0
6 9 44 0 -10 0 0 0
6 9 45 0 -10 0 0 0
6 9 46 0 -10 0 0 0
6 9 47 0 -10 0 0 0
6 9 48 0 -10 0 0 0
6 9 49 0 -10 0 0 0
6 9 50 0 -10 0 0 0
6 9 51 0 -10 0 0 0
6 9 52 0 -10 0 0 0
6 9 53 0 -10 0 0 0
6 9 54 0 -10 0 0 0
6 9 55 0 -10 0 0 0
6 9 56 0 -10 0 0 0
6 9 57 0 -10 0 0 0
6 9 58 0 -10 0 0 0
6 9 59 0 -10 0 0 0
6 9 60 0 -10 0 0 0
6 9 61 0 -10 0 0 0
6 9 62 0 -10 0 0 0
6 9 63 0 -10 0 0 0
6 10 0 1.5 -2 0 0 19957
6 10 1 5.5 -2 0 0 5639
6 10 2 1.5 -2 0 0 22492
6 10 3 1.5 -2 0 0 24769
6 10 4 1.5 -2 0 0 8774
6 10 5 5.5 -2 0 0 11930
6 10 6 1.5 -2 0 0 22158
6 10 7 1.5 -2 0 0 30834
6 10 8 5.5 -2 0 0 8488
6 10 9 1.5 -2 0 0 22658
6 10 10 1.5 -2 0 0 24656
6 10 11 5.5 -2 0 0 10176
6 10 12 1.5 -2 0 0 22471
6 10 13 1.5 -2 0 0 28114
6 10 14 1.5 -2 0 0 22756
6 10 15 1.5 -2 0 0 22696
6 10 16 1.5 -2 0 0 29070
6 10 17 5.5 -2 0 0 9913
6 10 18 5.5 -2 0 0 23401
6 10 19 5.5 -2 0 0 15286
6 10 20 5.5 -2 0 0 18854
6 10 21 5.5 -2 0 0 20822
6 10 22 5.5 -2 0 0 24819
6 10 23 5.5 -2 0 0 19359
6 10 24 5.5 -2 0 0 12508
6 10 25 5.5 -2 0 0 30137
6 10 26 5.5 -2 0 0 4783
6 10 27 5.5 -2 0 0 24489
6 10 28 5.5 -2 0 0 25783
6 10 29 5.5 -2 0 0 11065
6 10 30 5.5 -2 0 0 1726
6 10 31 5.5 -2 0 0 33716
6 10 32 5.5 -2 0 0 26858
6 10 33 5.5 -2 0 0 24285
6 10 34 5.5 -2 0 0 20578
6 10 35 5.5 -2 0 0 31791
6 10 36 5.5 -2 0 0 20661
6 10 37 5.5 -2 0 0 18202
6 10 38 5.5 -2 0 0 31798
6 10 39 5.5 -2 0 0 26299
6 10 40 5.5 -2 0 0 4042
6 10 41 5.5 -2 0 0 13963
6 10 42 5.5 -2 0 0 22642
6 10 43 5.5 -2 0 0 23464
6 10 44 5.5 -2 0 0 28557
6 10 45 5.5 -2 0 0 25797
6 10 46 5.5 -2 0 0 5395
6 10 47 5.5 -2 0 0 29600
6 10 48 5.5 -2 0 0 5650
6 10 49 5.5 -2 0 0 7195
6 10 50 1.5 -2 0 0 29126
6 10 51 1.5 -2 0 0 21333
6 10 52 5.5 -2 0 0 22302
6 10 53 5.5 -2 0 0 26575
6 10 54 5.5 -2 0 0 26799
6 10 55 1.5 -2 0 0 21375
6 10 56 5.5 -2 0 0 20651
6 10 57 1.5 -2 0 0 22096
6 10 58 1.5 -2 0 0 11880
6 10 59 5.5 -2 0 0 4766
6 10 60 1.5 -2 0 0 27518
6 10 61 1.5 -2 0 0 23808
6 10 62 1.5 -2 0 0 21010
6 10 63 1.5 -2 0 0 23433
6 11 0 5.5 -2 0 0 16866
6 11 1 5.5 -2 0 0 14965
6 11 2 5.5 -2 0 0 13254
6 11 3 5.5 -2 0 0 9361
6 11 4 5.5 -2 0 0 4017
6 11 5 5.5 -2 0 0 6305
6 11 6 5.5 -2 0 0 12224
6 11 7 5.5 -2 0 0 3080
6 11 8 5.5 -2 0 0 9987
6 11 9 5.5 -2 0 0 8961
6 11 10 5.5 -2 0 0 8582
6 11 11 5.5 -2 0 0 5393
6 11 12 5.5 -2 0 0 10607
6 11 13 5.5 -2 0 0 2879
6 11 14 5.5 -2 0 0 16006
6 11 15 5.5 -2 0 0 9631
6 11 16 5.5 -2 0 0 6483
6 11 17 5.5 -2 0 0 11283
6 11 18 5.5 -2 0 0 10260
6 11 19 5.5 -2 0 0 7744
6 11 20 5.5 -2 0 0 5513
6 11 21 5.5 -2 0 0 10103
6 11 22 5.5 -2 0 0 4451
6 11 23 5.5 -2 0 0 2359
6 11 24 5.5 -2 0 0 5582
6 11 25 5.5 -2 0 0 3316
6 11 26 5.5 -2 0 0 2370
6 11 27 5.5 -2 0 0 2938
6 11 28 5.5 -2 0 0 3997
6 11 29 5.5 -2 0 0 1754
6 11 30 5.5 -2 0 0 1620
6 11 31 5.5 -2 0 0 3704
6 11 32 5.5 -2 0 0 3985
6 11 33 5.5 -2 0 0 9690
6 11 34 5.5 -2 0 0 15694
6 11 35 5.5 -2 0 0 964
6 11 36 5.5 -2 0 0 1322
6 11 37 5.5 -2 0 0 1767
6 11 38 5.5 -2 0 0 4607
6 11 39 5.5 -2 0 0 1495
6 11 40 5.5 -2 0 0 2066
6 11 41 5.5 -2 0 0 8175
6 11 42 5.5 -2 0 0 1593
6 11 43 5.5 -2 0 0 2233
6 11 44 5.5 -2 0 0 536
6 11 45 5.5 -2 0 0 981
6 11 46 5.5 -2 0 0 5031
6 11 47 5.5 -2 0 0 4068
6 11 48 5.5 -2 0 0 1421
6 11 49 5.5 -2 0 0 1822
6 11 50 5.98127 0.358157 0.675728 0.347615 656
6 11 51 5.5 -2 0 0 3792
6 11 52 5.5 -2 0 0 2130
6 11 53 5.5 -2 0 0 2381
6 11 54 2 -2 0 0 1212
6 11 55 5.5 -2 0 0 5041
6 11 56 5.5 -2 0 0 1745
6 11 57 5.5 -2 0 0 2141
6 11 58 5.5 -2 0 0 1811
6 11 59 1.5 -2 0 0 18069
6 11 60 5.5 -2 0 0 1958
6 11 61 5.5 -2 0 0 3237
6 11 62 5.5 -2 0 0 6494
6 11 63 1.5 -2 0 0 13855
6 12 0 5.5 -2 0 0 20552
6 12 1 5.5 -2 0 0 20999
6 12 2 5.5 -2 0 0 20877
6 12 3 5.5 -2 0 0 11817
6 12 4 5.5 -2 0 0 2645
6 12 5 5.5 -2 0 0 7149
6 12 6 5.5 -2 0 0 21072
6 12 7 5.5 -2 0 0 25427
6 12 8 5.5 -2 0 0 18694
6 12 9 5.5 -2 0 0 25193
6 12 10 5.5 -2 0 0 27211
6 12 11 5.5 -2 0 0 5484
6 12 12 5.5 -2 0 0 10016
6 12 13 5.5 -2 0 0 12509
6 12 14 5.5 -2 0 0 8185
6 12 15 5.5 -2 0 0 9383
6 12 16 5.5 -2 0 0 26587
6 12 17 5.5 -2 0 0 5169
6 12 18 5.5 -2 0 0 15167
6 12 19 5.5 -2 0 0 11769
6 12 20 5.5 -2 0 0 1783
6 12 21 5.5 -2 0 0 23322
6 12 22 5.5 -2 0 0 9380
6 12 23 5.5 -2 0 0 2382
6 12 24 5.5 -2 0 0 14398
6 12 25 5.5 -2 0 0 24064
6 12 26 5.5 -2 0 0 17167
6 12 27 5.5 -2 0 0 15413
6 12 28 5.5 -2 0 0 19315
6 12 29 5.5 -2 0 0 14161
6 12 30 4.91877 0.338748 0.213715 0.0797148 1730
6 12 31 5.5 -2 0 0 18280
6 12 32 4.63357 0.207806 0.523717 0.0474455 8465
6 12 33 5.5 -2 0 0 17630
6 12 34 4.63805 0.223695 0.561349 0.0107885 6752
6 12 35 4.62015 0.194127 0.41485 0.0512483 17877
6 12 36 4.76603 0.318348 0.306372 0.0790705 1521
6 12 37 4.82707 0.296608 0.283758 0.13447 1582
6 12 38 5.5 -2 0 0 15615
6 12 39 5.5 -2 0 0 12901
6 12 40 4.71991 0.31789 0.255979 0.0862264 1855
6 12 41 5.5 -2 0 0 15417
6 12 42 4.58696 0.262542 0.378341 0.0788944 2237
6 12 43 5.5 -2 0 0 6330
6 12 44 5.5 -2 0 0 9696
6 12 45 5.5 -2 0 0 8425
6 12 46 5.5 -2 0 0 7234
6 12 47 5.5 -2 0 0 16704
6 12 48 5.5 -2 0 0 16241
6 12 49 5.5 -2 0 0 6614
6 12 50 5.5 -2 0 0 15024
6 12 51 5.5 -2 0 0 5761
6 12 52 5.5 -2 0 0 5776
6 12 53 5.5 -2 0 0 13430
6 12 54 5.5 -2 0 0 13658
6 12 55 5.5 -2 0 0 5455
6 12 56 5.5 -2 0 0 5220
6 12 57 5.5 -2 0 0 12325
6 12 58 5.5 -2 0 0 4560
6 12 59 5.5 -2 0 0 6511
6 12 60 5.5 -2 0 0 13253
6 12 61 5.5 -2 0 0 10951
6 12 62 5.5 -2 0 0 6756
6 12 63 5.5 -2 0 0 6153
6 13 0 1.5 -2 0 0 7630
6 13 1 5.5 -2 0 0 6042
6 13 2 5.5 -2 0 0 10076
6 13 3 5.5 -2 0 0 2575
6 13 4 5.5 -2 0 0 1978
6 13 5 5.5 -2 0 0 3000
6 13 6 5.5 -2 0 0 5192
6 13 7 5.5 -2 0 0 1136
6 13 8 5.5 -2 0 0 5362
6 13 9 5.5 -2 0 0 4999
6 13 10 5.5 -2 0 0 3854
6 13 11 5.5 -2 0 0 1619
6 13 12 5.5 -2 0 0 3360
6 13 13 5.5 -2 0 0 2974
6 13 14 5.5 -2 0 0 13787
6 13 15 5.5 -2 0 0 2936
6 13 16 5.5 -2 0 0 3713
6 13 17 5.5 -2 0 0 4723
6 13 18 5.5 -2 0 0 1696
6 13 19 5.5 -2 0 0 3477
6 13 20 5.5 -2 0 0 4979
6 13 21 5.5 -2 0 0 5101
6 13 22 5.5 -2 0 0 8015
6 13 23 5.5 -2 0 0 1723
6 13 24 5.5 -2 0 0 5049
6 13 25 5.5 -2 0 0 6978
6 13 26 5.5 -2 0 0 7179
6 13 27 5.5 -2 0 0 1420
6 13 28 5.5 -2 0 0 3734
6 13 29 5.5 -2 0 0 4160
6 13 30 5.5 -2 0 0 2661
6 13 31 5.5 -2 0 0 6014
6 13 32 5.5 -2 0 0 1962
6 13 33 5.5 -2 0 0 4231
6 13 34 5.5 -2 0 0 7474
6 13 35 5.5 -2 0 0 2489
6 13 36 5.5 -2 0 0 5954
6 13 37 5.5 -2 0 0 3911
6 13 38 5.5 -2 0 0 8669
6 13 39 5.5 -2 0 0 13317
6 13 40 5.5 -2 0 0 5350
6 13 41 5.5 -2 0 0 9573
6 13 42 5.5 -2 0 0 12563
6 13 43 5.5 -2 0 0 6945
6 13 44 5.5 -2 0 0 9331
6 13 45 5.5 -2 0 0 10811
6 13 46 5.5 -2 0 0 7786
6 13 47 5.5 -2 0 0 5263
6 13 48 5.5 -2 0 0 7437
6 13 49 5.5 -2 0 0 13631
6 13 50 5.5 -2 0 0 10746
6 13 51 5.5 -2 0 0 19063
6 13 52 5.5 -2 0 0 7918
6 13 53 5.5 -2 0 0 11480
6 13 54 1.5 -2 0 0 12964
6 13 55 1.5 -2 0 0 18273
6 13 56 1.5 -2 0 0 14852
6 13 57 1.5 -2 0 0 16551
6 13 58 1.5 -2 0 0 9193
6 13 59 1.5 -2 0 0 19109
6 13 60 1.5 -2 0 0 11586
6 13 61 1.5 -2 0 0 21071
6 13 62 1.5 -2 0 0 19645
6 13 63 1.5 -2 0 0 11832
6 14 0 1.5 -2 0 0 13263
6 14 1 5.5 -2 0 0 6902
6 14 2 1.5 -2 0 0 7475
6 14 3 1.5 -2 0 0 8504
6 14 4 1.5 -2 0 0 12044
6 14 5 1.5 -2 0 0 12812
6 14 6 1.5 -2 0 0 15764
6 14 7 1.5 -2 0 0 16176
6 14 8 5.5 -2 0 0 6291
6 14 9 1.5 -2 0 0 16287
6 14 10 1.5 -2 0 0 16306
6 14 11 1.5 -2 0 0 6225
6 14 12 5.5 -2 0 0 7856
6 14 13 1.5 -2 0 0 12274
6 14 14 5.5 -2 0 0 7013
6 14 15 5.5 -2 0 0 10464
6 14 16 1.5 -2 0 0 12282
6 14 17 5.5 -2 0 0 9407
6 14 18 5.5 -2 0 0 12239
6 14 19 1.5 -2 0 0 13577
6 14 20 5.5 -2 0 0 4758
6 14 21 5.5 -2 0 0 15940
6 14 22 5.5 -2 0 0 9429
6 14 23 5.5 -2 0 0 2664
6 14 24 5.5 -2 0 0 11414
6 14 25 5.5 -2 0 0 12901
6 14 26 5.5 -2 0 0 9642
6 14 27 5.5 -2 0 0 6307
6 14 28 5.5 -2 0 0 10776
6 14 29 5.5 -2 0 0 4103
6 14 30 5.5 -2 0 0 6765
6 14 31 5.5 -2 0 0 10636
6 14 32 5.5 -2 0 0 4970
6 14 33 5.5 -2 0 0 5426
6 14 34 5.5 -2 0 0 9028
6 14 35 5.5 -2 0 0 6027
6 14 36 5.5 -2 0 0 4929
6 14 37 5.5 -2 0 0 1251
6 14 38 5.5 -2 0 0 9542
6 14 39 5.5 -2 0 0 6448
6 14 40 5.5 -2 0 0 4059
6 14 41 5.5 -2 0 0 9053
6 14 42 5.5 -2 0 0 8101
6 14 43 5.5 -2 0 0 4171
6 14 44 5.5 -2 0 0 7594
6 14 45 5.5 -2 0 0 4345
6 14 46 5.5 -2 0 0 4237
6 14 47 0 -10 0 0 0
6 14 48 1.5 -2 0 0 7776
6 14 49 5.5 -2 0 0 3489
6 14 50 1.5 -2 0 0 7936
6 14 51 5.5 -2 0 0 1794
6 14 52 5.5 -2 0 0 2827
6 14 53 1.5 -2 0 0 6771
6 14 54 1.5 -2 0 0 4362
6 14 55 1.5 -2 0 0 3355
6 14 56 1.5 -2 0 0 6722
6 14 57 1.5 -2 0 0 6388
6 14 58 1.5 -2 0 0 6478
6 14 59 1.5 -2 0 0 4122
6 14 60 1.5 -2 0 0 4599
6 14 61 1.5 -2 0 0 5580
6 14 62 1.5 -2 0 0 6973
6 14 63 1.5 -2 0 0 7127
6 15 0 1.5 -2 0 0 2624
6 15 1 5.5 -2 0 0 1682
6 15 2 5.5 -2 0 0 2455
6 15 3 5.5 -2 0 0 1996
6 15 4 5.5 -2 0 0 4693
6 15 5 5.5 -2 0 0 2313
6 15 6 5.5 -2 0 0 950
6 15 7 5.5 -2 0 0 1663
6 15 8 5.5 -2 0 0 2631
6 15 9 5.5 -2 0 0 2133
6 15 10 5.5 -2 0 0 1740
6 15 11 5.5 -2 0 0 5759
6 15 12 5.5 -2 0 0 1942
6 15 13 1.5 -2 0 0 4757
6 15 14 5.5 -2 0 0 2920
6 15 15 5.5 -2 0 0 4982
6 15 16 5.5 -2 0 0 739
6 15 17 5.5 -2 0 0 5784
6 15 18 5.5 -2 0 0 2179
6 15 19 5.5 -2 0 0 805
6 15 20 5.5 -2 0 0 1180
6 15 21 5.5 -2 0 0 1668
6 15 22 5.5 -2 0 0 4163
6 15 23 5.5 -2 0 0 3042
6 15 24 5.5 -2 0 0 6169
6 15 25 5.5 -2 0 0 1792
6 15 26 5.5 -2 0 0 3482
6 15 27 5.5 -2 0 0 2504
6 15 28 5.5 -2 0 0 2653
6 15 29 5.5 -2 0 0 5948
6 15 30 5.5 -2 0 0 1501
6 15 31 5.5 -2 0 0 1655
6 15 32 5.5 -2 0 0 2223
6 15 33 5.5 -2 0 0 4290
6 15 34 5.5 -2 0 0 3425
6 15 35 5.5 -2 0 0 4908
6 15 36 5.5 -2 0 0 1415
6 15 37 5.5 -2 0 0 6312
6 15 38 5.5 -2 0 0 1695
6 15 39 5.5 -2 0 0 1850
6 15 40 4.63915 0.378578 0.531541 0.0679399 1223
6 15 41 5.5 -2 0 0 2561
6 15 42 5.5 -2 0 0 3569
6 15 43 5.5 -2 0 0 3579
6 15 44 5.5 -2 0 0 5437
6 15 45 5.5 -2 0 0 5315
6 15 46 5.5 -2 0 0 7244
6 15 47 5.5 -2 0 0 3015
6 15 48 5.5 -2 0 0 1575
6 15 49 5.5 -2 0 0 5248
6 15 50 5.5 -2 0 0 6147
6 15 51 5.5 -2 0 0 5573
6 15 52 5.5 -2 0 0 3796
6 15 53 5.5 -2 0 0 6195
6 15 54 5.5 -2 0 0 3706
6 15 55 5.5 -2 0 0 4023
6 15 56 5.5 -2 0 0 5095
6 15 57 5.5 -2 0 0 4921
6 15 58 1.5 -2 0 0 4349
6 15 59 1.5 -2 0 0 5091
6 15 60 5.5 -2 0 0 3362
6 15 61 1.5 -2 0 0 5671
6 15 62 1.5 -2 0 0 5665
6 15 63 1.5 -2 0 0 4522
7 0 0 5.5 -2 0 0 11909
7 0 1 5.5 -2 0 0 10734
7 0 2 5.5 -2 0 0 10769
7 0 3 5.5 -2 0 0 9554
7 0 4 5.5 -2 0 0 1604
7 0 5 5.5 -2 0 0 9112
7 0 6 5.5 -2 0 0 10823
7 0 7 5.5 -2 0 0 11372
7 0 8 5.5 -2 0 0 12035
7 0 9 5.5 -2 0 0 8614
7 0 10 5.5 -2 0 0 8341
7 0 11 5.5 -2 0 0 12614
7 0 12 5.5 -2 0 0 10121
7 0 13 5.5 -2 0 0 10780
7 0 14 5.5 -2 0 0 14174
7 0 15 5.5 -2 0 0 10547
7 0 16 5.5 -2 0 0 8054
7 0 17 5.5 -2 0 0 7815
7 0 18 5.5 -2 0 0 5648
7 0 19 5.5 -2 0 0 10776
7 0 20 5.5 -2 0 0 2479
7 0 21 5.5 -2 0 0 9438
7 0 22 5.5 -2 0 0 9150
7 0 23 5.5 -2 0 0 16424
7 0 24 5.5 -2 0 0 12873
7 0 25 5.5 -2 0 0 13557
7 0 26 5.5 -2 0 0 16575
7 0 27 5.5 -2 0 0 10272
7 0 28 5.5 -2 0 0 11037
7 0 29 5.5 -2 0 0 6291
7 0 30 5.5 -2 0 0 927
7 0 31 5.5 -2 0 0 13486
7 0 32 5.5 -2 0 0 10964
7 0 33 5.5 -2 0 0 7646
7 0 34 5.5 -2 0 0 19123
7 0 35 5.5 -2 0 0 13043
7 0 36 5.5 -2 0 0 2538
7 0 37 5.5 -2 0 0 11547
7 0 38 5.5 -2 0 0 14362
7 0 39 5.5 -2 0 0 20657
7 0 40 5.5 -2 0 0 1659
7 0 41 5.5 -2 0 0 10966
7 0 42 5.5 -2 0 0 4643
7 0 43 5.5 -2 0 0 16908
7 0 44 5.5 -2 0 0 13365
7 0 45 5.5 -2 0 0 13580
7 0 46 5.5 -2 0 0 21457
7 0 47 5.5 -2 0 0 17123
7 0 48 5.5 -2 0 0 9097
7 0 49 5.5 -2 0 0 13182
7 0 50 5.5 -2 0 0 13069
7 0 51 5.5 -2 0 0 23905
7 0 52 5.5 -2 0 0 18025
7 0 53 5.5 -2 0 0 17141
7 0 54 5.5 -2 0 0 5583
7 0 55 5.5 -2 0 0 21763
7 0 56 5.5 -2 0 0 18237
7 0 57 5.5 -2 0 0 19345
7 0 58 5.5 -2 0 0 17171
7 0 59 5.5 -2 0 0 19943
7 0 60 5.5 -2 0 0 7920
7 0 61 5.5 -2 0 0 21978
7 0 62 5.5 -2 0 0 20876
7 0 63 5.5 -2 0 0 17810
7 1 0 5.5 -2 0 0 21894
7 1 1 5.5 -2 0 0 22687
7 1 2 5.5 -2 0 0 23435
7 1 3 5.5 -2 0 0 16798
7 1 4 5.5 -2 0 0 14619
7 1 5 5.5 -2 0 0 19540
7 1 6 5.5 -2 0 0 23475
7 1 7 5.5 -2 0 0 20899
7 1 8 5.5 -2 0 0 17435
7 1 9 5.5 -2 0 0 4661
7 1 10 5.5 -2 0 0 4002
7 1 11 5.5 -2 0 0 18568
7 1 12 5.5 -2 0 0 5965
7 1 13 5.5 -2 0 0 15416
7 1 14 5.5 -2 0 0 20050
7 1 15 5.5 -2 0 0 13117
7 1 16 5.5 -2 0 0 9329
7 1 17 5.5 -2 0 0 18326
7 1 18 5.5 -2 0 0 3663
7 1 19 5.5 -2 0 0 16856
7 1 20 5.5 -2 0 0 11010
7 1 21 5.5 -2 0 0 23785
7 1 22 5.5 -2 0 0 9916
7 1 23 5.5 -2 0 0 12798
7 1 24 5.5 -2 0 0 19570
7 1 25 5.5 -2 0 0 17923
7 1 26 5.5 -2 0 0 18685
7 1 27 5.5 -2 0 0 14661
7 1 28 5.5 -2 0 0 14588
7 1 29 5.5 -2 0 0 14537
7 1 30 5.5 -2 0 0 10338
7 1 31 5.5 -2 0 0 14542
7 1 32 5.5 -2 0 0 13785
7 1 33 5.5 -2 0 0 13110
7 1 34 5.5 -2 0 0 17046
7 1 35 5.5 -2 0 0 13571
7 1 36 5.5 -2 0 0 10963
7 1 37 5.5 -2 0 0 13001
7 1 38 5.5 -2 0 0 11447
7 1 39 5.5 -2 0 0 10062
7 1 40 5.5 -2 0 0 12311
7 1 41 5.5 -2 0 0 10667
7 1 42 5.5 -2 0 0 11377
7 1 43 5.5 -2 0 0 12149
7 1 44 5.5 -2 0 0 9457
7 1 45 5.5 -2 0 0 12238
7 1 46 5.5 -2 0 0 18828
7 1 47 5.5 -2 0 0 9475
7 1 48 5.5 -2 0 0 11979
7 1 49 5.5 -2 0 0 12904
7 1 50 5.5 -2 0 0 9622
7 1 51 5.5 -2 0 0 10095
7 1 52 5.5 -2 0 0 11542
7 1 53 5.5 -2 0 0 7289
7 1 54 5.5 -2 0 0 10733
7 1 55 5.5 -2 0 0 9834
7 1 56 5.5 -2 0 0 8794
7 1 57 5.5 -2 0 0 11794
7 1 58 5.5 -2 0 0 12204
7 1 59 3 -2 0 0 330
7 1 60 1.5 -2 0 0 9453
7 1 61 5.5 -2 0 0 11506
7 1 62 5.5 -2 0 0 4519
7 1 63 5.5 -2 0 0 11014
7 2 0 1.5 -2 0 0 23678
7 2 1 1.5 -2 0 0 21148
7 2 2 1.5 -2 0 0 22158
7 2 3 1.5 -2 0 0 16321
7 2 4 1.5 -2 0 0 15913
7 2 5 1.5 -2 0 0 18975
7 2 6 5.5 -2 0 0 20533
7 2 7 5.5 -2 0 0 12878
7 2 8 1.5 -2 0 0 21225
7 2 9 1.5 -2 0 0 19913
7 2 10 1.5 -2 0 0 15527
7 2 11 1.5 -2 0 0 18722
7 2 12 5.5 -2 0 0 19435
7 2 13 5.5 -2 0 0 13970
7 2 14 5.5 -2 0 0 23791
7 2 15 5.5 -2 0 0 15242
7 2 16 5.5 -2 0 0 13790
7 2 17 5.5 -2 0 0 21093
7 2 18 5.5 -2 0 0 15062
7 2 19 5.5 -2 0 0 16400
7 2 20 5.5 -2 0 0 17696
7 2 21 5.5 -2 0 0 21843
7 2 22 5.5 -2 0 0 14499
7 2 23 5.5 -2 0 0 14152
7 2 24 5.5 -2 0 0 21945
7 2 25 5.5 -2 0 0 13239
7 2 26 5.5 -2 0 0 26543
7 2 27 5.5 -2 0 0 5716
7 2 28 5.5 -2 0 0 15299
7 2 29 5.5 -2 0 0 18971
7 2 30 5.5 -2 0 0 14444
7 2 31 5.5 -2 0 0 14734
7 2 32 5.5 -2 0 0 14720
7 2 33 5.5 -2 0 0 17328
7 2 34 5.5 -2 0 0 14042
7 2 35 5.5 -2 0 0 13921
7 2 36 5.5 -2 0 0 10428
7 2 37 5.5 -2 0 0 6625
7 2 38 5.5 -2 0 0 13845
7 2 39 5.5 -2 0 0 16051
7 2 40 5.5 -2 0 0 17991
7 2 41 5.5 -2 0 0 13487
7 2 42 5.5 -2 0 0 16029
7 2 43 5.5 -2 0 0 13225
7 2 44 5.5 -2 0 0 13838
7 2 45 5.5 -2 0 0 14265
7 2 46 5.5 -2 0 0 23424
7 2 47 5.5 -2 0 0 11376
7 2 48 5.5 -2 0 0 17275
7 2 49 5.5 -2 0 0 18827
7 2 50 5.5 -2 0 0 14461
7 2 51 5.5 -2 0 0 20756
7 2 52 1.5 -2 0 0 24961
7 2 53 5.5 -2 0 0 14069
7 2 54 1.5 -2 0 0 15778
7 2 55 1.5 -2 0 0 20887
7 2 56 1.5 -2 0 0 17391
7 2 57 5.5 -2 0 0 21887
7 2 58 1.5 -2 0 0 18135
7 2 59 1.5 -2 0 0 24565
7 2 60 1.5 -2 0 0 14166
7 2 61 1.5 -2 0 0 25669
7 2 62 1.5 -2 0 0 21431
7 2 63 1.5 -2 0 0 17378
7 3 0 1.5 -2 0 0 21963
7 3 1 1.5 -2 0 0 22930
7 3 2 1.5 -2 0 0 22403
7 3 3 1.5 -2 0 0 25441
7 3 4 1.5 -2 0 0 6341
7 3 5 1.5 -2 0 0 24362
7 3 6 1.5 -2 0 0 22759
7 3 7 1.5 -2 0 0 29135
7 3 8 5.5 -2 0 0 15372
7 3 9 1.5 -2 0 0 23989
7 3 10 1.5 -2 0 0 24768
7 3 11 5.5 -2 0 0 21669
7 3 12 1.5 -2 0 0 22670
7 3 13 1.5 -2 0 0 24151
7 3 14 1.5 -2 0 0 26247
7 3 15 1.5 -2 0 0 23271
7 3 16 5.5 -2 0 0 26701
7 3 17 1.5 -2 0 0 20500
7 3 18 5.5 -2 0 0 4509
7 3 19 5.5 -2 0 0 28305
7 3 20 5.5 -2 0 0 6530
7 3 21 5.5 -2 0 0 27553
7 3 22 5.5 -2 0 0 26988
7 3 23 5.5 -2 0 0 3188
7 3 24 5.5 -2 0 0 22351
7 3 25 5.5 -2 0 0 27088
7 3 26 5.5 -2 0 0 15967
7 3 27 5.5 -2 0 0 5206
7 3 28 5.5 -2 0 0 26891
7 3 29 5.5 -2 0 0 16644
7 3 30 5.5 -2 0 0 3042
7 3 31 5.5 -2 0 0 26377
7 3 32 5.5 -2 0 0 23929
7 3 33 5.5 -2 0 0 5165
7 3 34 5.5 -2 0 0 20158
7 3 35 5.5 -2 0 0 28914
7 3 36 5.5 -2 0 0 3353
7 3 37 5.5 -2 0 0 13655
7 3 38 5.5 -2 0 0 26125
7 3 39 5.5 -2 0 0 22545
7 3 40 5.5 -2 0 0 4193
7 3 41 5.5 -2 0 0 22793
7 3 42 5.5 -2 0 0 24516
7 3 43 5.5 -2 0 0 10786
7 3 44 5.5 -2 0 0 24730
7 3 45 5.5 -2 0 0 23557
7 3 46 5.5 -2 0 0 6180
7 3 47 5.5 -2 0 0 28003
7 3 48 5.5 -2 0 0 8054
7 3 49 5.5 -2 0 0 22440
7 3 50 5.5 -2 0 0 12633
7 3 51 5.5 -2 0 0 20798
7 3 52 5.5 -2 0 0 23629
7 3 53 5.5 -2 0 0 14618
7 3 54 5.5 -2 0 0 22308
7 3 55 5.5 -2 0 0 21631
7 3 56 5.5 -2 0 0 23104
7 3 57 1.5 -2 0 0 22477
7 3 58 5.5 -2 0 0 22864
7 3 59 5.5 -2 0 0 21385
7 3 60 1.5 -2 0 0 7798
7 3 61 1.5 -2 0 0 21574
7 3 62 1.5 -2 0 0 22833
7 3 63 1.5 -2 0 0 20524
7 4 0 1.5 -2 0 0 23287
7 4 1 1.5 -2 0 0 22438
7 4 2 5.5 -2 0 0 12050
7 4 3 1.5 -2 0 0 13169
7 4 4 1.5 -2 0 0 1856
7 4 5 1.5 -2 0 0 8649
7 4 6 1.5 -2 0 0 17873
7 4 7 1.5 -2 0 0 12239
7 4 8 1.5 -2 0 0 18672
7 4 9 1.5 -2 0 0 15993
7 4 10 1.5 -2 0 0 13232
7 4 11 5.5 -2 0 0 2512
7 4 12 5.5 -2 0 0 14442
7 4 13 5.5 -2 0 0 11740
7 4 14 5.5 -2 0 0 23766
7 4 15 5.5 -2 0 0 2893
7 4 16 1.5 -2 0 0 12705
7 4 17 5.5 -2 0 0 3522
7 4 18 5.5 -2 0 0 2120
7 4 19 5.5 -2 0 0 11608
7 4 20 5.5 -2 0 0 1098
7 4 21 5.5 -2 0 0 17070
7 4 22 5.5 -2 0 0 12028
7 4 23 5.5 -2 0 0 3327
7 4 24 5.5 -2 0 0 19731
7 4 25 5.5 -2 0 0 10203
7 4 26 5.5 -2 0 0 12593
7 4 27 5.5 -2 0 0 2127
7 4 28 5.5 -2 0 0 10953
7 4 29 5.5 -2 0 0 3933
7 4 30 5.5 -2 0 0 1228
7 4 31 5.5 -2 0 0 9878
7 4 32 5.5 -2 0 0 10333
7 4 33 5.5 -2 0 0 1896
7 4 34 5.5 -2 0 0 17268
7 4 35 5.5 -2 0 0 10026
7 4 36 5.5 -2 0 0 1699
7 4 37 5.5 -2 0 0 11155
7 4 38 5.5 -2 0 0 9402
7 4 39 5.5 -2 0 0 9987
7 4 40 5.5 -2 0 0 2259
7 4 41 5.5 -2 0 0 9805
7 4 42 5.5 -2 0 0 4568
7 4 43 5.5 -2 0 0 15077
7 4 44 5.5 -2 0 0 8216
7 4 45 5.5 -2 0 0 10889
7 4 46 5.5 -2 0 0 18133
7 4 47 5.5 -2 0 0 7985
7 4 48 5.5 -2 0 0 2196
7 4 49 5.5 -2 0 0 12717
7 4 50 5.5 -2 0 0 9738
7 4 51 5.5 -2 0 0 11509
7 4 52 1.5 -2 0 0 13256
7 4 53 1.5 -2 0 0 8096
7 4 54 1.5 -2 0 0 10486
7 4 55 1.5 -2 0 0 12129
7 4 56 1.5 -2 0 0 11609
7 4 57 1.5 -2 0 0 11718
7 4 58 1.5 -2 0 0 11017
7 4 59 1.5 -2 0 0 15349
7 4 60 1.5 -2 0 0 9544
7 4 61 1.5 -2 0 0 13671
7 4 62 1.5 -2 0 0 13237
7 4 63 1.5 -2 0 0 12557
7 5 0 1.5 -2 0 0 13704
7 5 1 1.5 -2 0 0 14240
7 5 2 1.5 -2 0 0 15513
7 5 3 1.5 -2 0 0 17065
7 5 4 1.5 -2 0 0 3363
7 5 5 1.5 -2 0 0 16789
7 5 6 1.5 -2 0 0 18168
7 5 7 1.5 -2 0 0 17930
7 5 8 1.5 -2 0 0 15696
7 5 9 1.5 -2 0 0 16088
7 5 10 1.5 -2 0 0 16040
7 5 11 1.5 -2 0 0 9813
7 5 12 1.5 -2 0 0 15970
7 5 13 1.5 -2 0 0 16783
7 5 14 1.5 -2 0 0 14966
7 5 15 1.5 -2 0 0 4998
7 5 16 5.5 -2 0 0 17810
7 5 17 5.5 -2 0 0 16764
7 5 18 1.5 -2 0 0 17870
7 5 19 5.5 -2 0 0 18417
7 5 20 5.5 -2 0 0 2221
7 5 21 1.5 -2 0 0 16717
7 5 22 1.5 -2 0 0 17726
7 5 23 5.5 -2 0 0 13316
7 5 24 5.5 -2 0 0 14627
7 5 25 5.5 -2 0 0 19302
7 5 26 5.5 -2 0 0 17473
7 5 27 5.5 -2 0 0 6222
7 5 28 5.5 -2 0 0 20598
7 5 29 5.5 -2 0 0 17033
7 5 30 5.5 -2 0 0 2401
7 5 31 5.5 -2 0 0 24757
7 5 32 5.5 -2 0 0 19234
7 5 33 5.5 -2 0 0 12964
7 5 34 5.5 -2 0 0 19219
7 5 35 5.5 -2 0 0 22281
7 5 36 5.5 -2 0 0 12997
7 5 37 5.5 -2 0 0 9572
7 5 38 5.5 -2 0 0 24850
7 5 39 5.5 -2 0 0 29888
7 5 40 5.5 -2 0 0 20749
7 5 41 5.5 -2 0 0 19206
7 5 42 5.5 -2 0 0 10487
7 5 43 5.5 -2 0 0 20225
7 5 44 5.5 -2 0 0 22688
7 5 45 1.5 -2 0 0 19621
7 5 46 5.5 -2 0 0 20186
7 5 47 5.5 -2 0 0 28856
7 5 48 5.5 -2 0 0 7537
7 5 49 5.5 -2 0 0 19050
7 5 50 5.5 -2 0 0 23973
7 5 51 5.5 -2 0 0 26530
7 5 52 1.5 -2 0 0 19475
7 5 53 1.5 -2 0 0 27704
7 5 54 1.5 -2 0 0 22221
7 5 55 1.5 -2 0 0 25139
7 5 56 1.5 -2 0 0 29713
7 5 57 1.5 -2 0 0 25732
7 5 58 1.5 -2 0 0 22963
7 5 59 1.5 -2 0 0 13448
7 5 60 1.5 -2 0 0 27445
7 5 61 1.5 -2 0 0 24317
7 5 62 1.5 -2 0 0 22409
7 5 63 1.5 -2 0 0 19853
7 6 0 5.5 -2 0 0 13589
7 6 1 5.5 -2 0 0 11732
7 6 2 5.5 -2 0 0 12070
7 6 3 5.5 -2 0 0 8560
7 6 4 5.5 -2 0 0 6975
7 6 5 5.5 -2 0 0 9128
7 6 6 5.5 -2 0 0 7817
7 6 7 5.5 -2 0 0 6564
7 6 8 5.5 -2 0 0 11064
7 6 9 5.5 -2 0 0 8439
7 6 10 5.5 -2 0 0 7937
7 6 11 5.5 -2 0 0 3564
7 6 12 5.5 -2 0 0 5962
7 6 13 5.5 -2 0 0 6550
7 6 14 5.5 -2 0 0 12053
7 6 15 5.5 -2 0 0 5832
7 6 16 5.5 -2 0 0 7533
7 6 17 5.5 -2 0 0 9804
7 6 18 5.5 -2 0 0 5727
7 6 19 5.5 -2 0 0 6875
7 6 20 5.5 -2 0 0 7042
7 6 21 5.5 -2 0 0 9981
7 6 22 5.5 -2 0 0 7962
7 6 23 5.5 -2 0 0 7538
7 6 24 5.5 -2 0 0 10205
7 6 25 5.5 -2 0 0 6687
7 6 26 5.5 -2 0 0 10936
7 6 27 5.5 -2 0 0 5145
7 6 28 5.5 -2 0 0 5837
7 6 29 5.5 -2 0 0 7126
7 6 30 5.5 -2 0 0 5506
7 6 31 5.5 -2 0 0 5695
7 6 32 5.5 -2 0 0 5995
7 6 33 5.5 -2 0 0 5203
7 6 34 5.5 -2 0 0 10999
7 6 35 5.5 -2 0 0 5827
7 6 36 5.5 -2 0 0 4919
7 6 37 5.5 -2 0 0 6252
7 6 38 5.5 -2 0 0 4716
7 6 39 5.5 -2 0 0 5520
7 6 40 5.5 -2 0 0 5504
7 6 41 5.5 -2 0 0 5163
7 6 42 5.5 -2 0 0 6378
7 6 43 5.5 -2 0 0 7459
7 6 44 5.5 -2 0 0 5709
7 6 45 5.5 -2 0 0 6203
7 6 46 5.5 -2 0 0 9012
7 6 47 5.5 -2 0 0 3596
7 6 48 5.5 -2 0 0 5043
7 6 49 5.5 -2 0 0 5654
7 6 50 5.5 -2 0 0 4946
7 6 51 5.5 -2 0 0 5726
7 6 52 5.5 -2 0 0 6771
7 6 53 5.5 -2 0 0 4402
7 6 54 5.5 -2 0 0 5304
7 6 55 5.5 -2 0 0 6215
7 6 56 5.5 -2 0 0 5096
7 6 57 5.5 -2 0 0 5394
7 6 58 5.5 -2 0 0 5364
7 6 59 5.5 -2 0 0 7058
7 6 60 5.5 -2 0 0 5555
7 6 61 5.5 -2 0 0 6171
7 6 62 1.5 -2 0 0 6899
7 6 63 1.5 -2 0 0 5682
7 7 0 5.5 -2 0 0 6628
7 7 1 5.5 -2 0 0 7498
7 7 2 5.5 -2 0 0 6711
7 7 3 5.5 -2 0 0 7659
7 7 4 5.5 -2 0 0 6432
7 7 5 5.5 -2 0 0 7320
7 7 6 5.5 -2 0 0 7471
7 7 7 5.5 -2 0 0 8370
7 7 8 5.5 -2 0 0 6577
7 7 9 5.5 -2 0 0 6695
7 7 10 5.5 -2 0 0 6782
7 7 11 5.5 -2 0 0 7868
7 7 12 5.5 -2 0 0 7222
7 7 13 5.5 -2 0 0 8749
7 7 14 5.5 -2 0 0 7359
7 7 15 5.5 -2 0 0 8593
7 7 16 5.5 -2 0 0 6878
7 7 17 5.5 -2 0 0 8413
7 7 18 5.5 -2 0 0 6505
7 7 19 5.5 -2 0 0 8614
7 7 20 5.5 -2 0 0 3805
7 7 21 5.5 -2 0 0 7685
7 7 22 5.5 -2 0 0 7277
7 7 23 5.5 -2 0 0 7552
7 7 24 5.5 -2 0 0 7738
7 7 25 5.5 -2 0 0 9206
7 7 26 5.5 -2 0 0 8499
7 7 27 5.5 -2 0 0 8675
7 7 28 5.5 -2 0 0 8721
7 7 29 5.5 -2 0 0 8655
7 7 30 5.5 -2 0 0 5015
7 7 31 5.5 -2 0 0 11400
7 7 32 5.5 -2 0 0 9780
7 7 33 5.5 -2 0 0 8052
7 7 34 5.5 -2 0 0 9656
7 7 35 5.5 -2 0 0 12834
7 7 36 5.5 -2 0 0 1537
7 7 37 5.5 -2 0 0 9003
7 7 38 5.5 -2 0 0 15778
7 7 39 5.5 -2 0 0 16653
7 7 40 5.5 -2 0 0 6419
7 7 41 5.5 -2 0 0 12144
7 7 42 5.5 -2 0 0 7628
7 7 43 5.5 -2 0 0 10493
7 7 44 5.5 -2 0 0 14169
7 7 45 5.5 -2 0 0 13327
7 7 46 5.5 -2 0 0 11748
7 7 47 5.5 -2 0 0 18382
7 7 48 5.5 -2 0 0 8107
7 7 49 5.5 -2 0 0 4894
7 7 50 5.5 -2 0 0 14422
7 7 51 5.5 -2 0 0 15395
7 7 52 5.5 -2 0 0 11077
7 7 53 5.5 -2 0 0 16286
7 7 54 5.5 -2 0 0 13967
7 7 55 5.5 -2 0 0 13077
7 7 56 5.5 -2 0 0 16525
7 7 57 5.5 -2 0 0 15819
7 7 58 5.5 -2 0 0 13170
7 7 59 5.5 -2 0 0 11689
7 7 60 5.5 -2 0 0 17035
7 7 61 1.5 -2 0 0 15169
7 7 62 1.5 -2 0 0 12861
7 7 63 1.5 -2 0 0 13870
7 8 0 1.5 -2 0 0 9007
7 8 1 1.5 -2 0 0 9703
7 8 2 1.5 -2 0 0 10064
7 8 3 1.5 -2 0 0 12556
7 8 4 1.5 -2 0 0 12134
7 8 5 1.5 -2 0 0 11355
7 8 6 1.5 -2 0 0 10296
7 8 7 1.5 -2 0 0 13599
7 8 8 1.5 -2 0 0 10015
7 8 9 1.5 -2 0 0 12126
7 8 10 1.5 -2 0 0 247
7 8 11 1.5 -2 0 0 11498
7 8 12 1.5 -2 0 0 10287
7 8 13 1.5 -2 0 0 14023
7 8 14 1.5 -2 0 0 10202
7 8 15 1.5 -2 0 0 12719
7 8 16 1.5 -2 0 0 13468
7 8 17 1.5 -2 0 0 11377
7 8 18 1.5 -2 0 0 13083
7 8 19 1.5 -2 0 0 14705
7 8 20 1.5 -2 0 0 9817
7 8 21 1.5 -2 0 0 10082
7 8 22 1.5 -2 0 0 11889
7 8 23 1.5 -2 0 0 12537
7 8 24 5.5 -2 0 0 10229
7 8 25 1.5 -2 0 0 15942
7 8 26 5.5 -2 0 0 10847
7 8 27 5.5 -2 0 0 13510
7 8 28 5.5 -2 0 0 14594
7 8 29 1.5 -2 0 0 7120
7 8 30 5.5 -2 0 0 12077
7 8 31 5.5 -2 0 0 17458
7 8 32 5.5 -2 0 0 16118
7 8 33 5.5 -2 0 0 14849
7 8 34 5.5 -2 0 0 11822
7 8 35 5.5 -2 0 0 21575
7 8 36 5.5 -2 0 0 5354
7 8 37 5.5 -2 0 0 11250
7 8 38 5.5 -2 0 0 26656
7 8 39 1.5 -2 0 0 22830
7 8 40 5.5 -2 0 0 6308
7 8 41 1.5 -2 0 0 19347
7 8 42 5.5 -2 0 0 1109
7 8 43 5.5 -2 0 0 12894
7 8 44 5.5 -2 0 0 18852
7 8 45 5.5 -2 0 0 14136
7 8 46 5.5 -2 0 0 11968
7 8 47 5.5 -2 0 0 28266
7 8 48 5.5 -2 0 0 1464
7 8 49 5.5 -2 0 0 14152
7 8 50 1.5 -2 0 0 17107
7 8 51 5.5 -2 0 0 17967
7 8 52 1.5 -2 0 0 13091
7 8 53 1.5 -2 0 0 20872
7 8 54 1.5 -2 0 0 2841
7 8 55 1.5 -2 0 0 16977
7 8 56 1.5 -2 0 0 18427
7 8 57 1.5 -2 0 0 19927
7 8 58 1.5 -2 0 0 2180
7 8 59 1.5 -2 0 0 13486
7 8 60 1.5 -2 0 0 18477
7 8 61 1.5 -2 0 0 16028
7 8 62 1.5 -2 0 0 15828
7 8 63 1.5 -2 0 0 3140
7 9 0 1.5 -2 0 0 16247
7 9 1 5.5 -2 0 0 13106
7 9 2 1.5 -2 0 0 11197
7 9 3 1.5 -2 0 0 7962
7 9 4 5.5 -2 0 0 1089
7 9 5 5.5 -2 0 0 7576
7 9 6 5.5 -2 0 0 10948
7 9 7 5.5 -2 0 0 7428
7 9 8 1.5 -2 0 0 9259
7 9 9 1.5 -2 0 0 7482
7 9 10 5.5 -2 0 0 6489
7 9 11 1.5 -2 0 0 9709
7 9 12 5.5 -2 0 0 6753
7 9 13 5.5 -2 0 0 6119
7 9 14 5.5 -2 0 0 13323
7 9 15 5.5 -2 0 0 5054
7 9 16 5.5 -2 0 0 6592
7 9 17 5.5 -2 0 0 9218
7 9 18 5.5 -2 0 0 3178
7 9 19 5.5 -2 0 0 5550
7 9 20 5.5 -2 0 0 590
7 9 21 5.5 -2 0 0 4487
7 9 22 5.5 -2 0 0 6417
7 9 23 5.5 -2 0 0 766
7 9 24 5.5 -2 0 0 12884
7 9 25 5.5 -2 0 0 5503
7 9 26 5.5 -2 0 0 10591
7 9 27 5.5 -2 0 0 3796
7 9 28 5.5 -2 0 0 5661
7 9 29 5.5 -2 0 0 6784
7 9 30 5.5 -2 0 0 1799
7 9 31 5.5 -2 0 0 5928
7 9 32 5.5 -2 0 0 4803
7 9 33 5.5 -2 0 0 691
7 9 34 5.5 -2 0 0 10781
7 9 35 5.5 -2 0 0 5380
7 9 36 5.5 -2 0 0 461
7 9 37 5.5 -2 0 0 3216
7 9 38 5.5 -2 0 0 4242
7 9 39 5.5 -2 0 0 5237
7 9 40 5.5 -2 0 0 2340
7 9 41 5.5 -2 0 0 4238
7 9 42 5.5 -2 0 0 1300
7 9 43 5.5 -2 0 0 3214
7 9 44 5.5 -2 0 0 2936
7 9 45 5.5 -2 0 0 4502
7 9 46 5.5 -2 0 0 9660
7 9 47 5.5 -2 0 0 3760
7 9 48 5.5 -2 0 0 4666
7 9 49 5.5 -2 0 0 2813
7 9 50 5.5 -2 0 0 4978
7 9 51 5.5 -2 0 0 4938
7 9 52 1.5 -2 0 0 8672
7 9 53 1.5 -2 0 0 3693
7 9 54 1.5 -2 0 0 3984
7 9 55 1.5 -2 0 0 7879
7 9 56 1.5 -2 0 0 3833
7 9 57 1.5 -2 0 0 6091
7 9 58 1.5 -2 0 0 3954
7 9 59 1.5 -2 0 0 9138
7 9 60 1.5 -2 0 0 3703
7 9 61 1.5 -2 0 0 6598
7 9 62 1.5 -2 0 0 7199
7 9 63 1.5 -2 0 0 5372
7 10 0 5.5 -2 0 0 13010
7 10 1 5.5 -2 0 0 14333
7 10 2 5.5 -2 0 0 14580
7 10 3 5.5 -2 0 0 17030
7 10 4 5.5 -2 0 0 15874
7 10 5 5.5 -2 0 0 16069
7 10 6 5.5 -2 0 0 14757
7 10 7 5.5 -2 0 0 22199
7 10 8 5.5 -2 0 0 13055
7 10 9 5.5 -2 0 0 17088
7 10 10 5.5 -2 0 0 17587
7 10 11 5.5 -2 0 0 15821
7 10 12 5.5 -2 0 0 15208
7 10 13 5.5 -2 0 0 13377
7 10 14 5.5 -2 0 0 14672
7 10 15 5.5 -2 0 0 8951
7 10 16 5.5 -2 0 0 21843
7 10 17 5.5 -2 0 0 14810
7 10 18 5.5 -2 0 0 14667
7 10 19 5.5 -2 0 0 20583
7 10 20 5.5 -2 0 0 1512
7 10 21 5.5 -2 0 0 15020
7 10 22 5.5 -2 0 0 17605
7 10 23 5.5 -2 0 0 10888
7 10 24 5.5 -2 0 0 12974
7 10 25 5.5 -2 0 0 21460
7 10 26 5.5 -2 0 0 15022
7 10 27 5.5 -2 0 0 10949
7 10 28 5.5 -2 0 0 3543
7 10 29 5.5 -2 0 0 12863
7 10 30 5.5 -2 0 0 1614
7 10 31 5.5 -2 0 0 22655
7 10 32 5.5 -2 0 0 4440
7 10 33 5.5 -2 0 0 2389
7 10 34 5.5 -2 0 0 14061
7 10 35 5.5 -2 0 0 22184
7 10 36 5.5 -2 0 0 1442
7 10 37 5.5 -2 0 0 2463
7 10 38 5.5 -2 0 0 22137
7 10 39 5.5 -2 0 0 20150
7 10 40 5.5 -2 0 0 1859
7 10 41 5.5 -2 0 0 18818
7 10 42 5.5 -2 0 0 15965
7 10 43 5.5 -2 0 0 16790
7 10 44 5.5 -2 0 0 18911
7 10 45 0 -10 0 0 0
7 10 46 5.5 -2 0 0 14958
7 10 47 5.5 -2 0 0 20838
7 10 48 5.5 -2 0 0 6889
7 10 49 5.5 -2 0 0 14554
7 10 50 5.5 -2 0 0 12570
7 10 51 5.5 -2 0 0 17451
7 10 52 5.5 -2 0 0 14443
7 10 53 5.5 -2 0 0 20210
7 10 54 5.5 -2 0 0 18936
7 10 55 5.5 -2 0 0 13118
7 10 56 5.5 -2 0 0 18127
7 10 57 5.5 -2 0 0 15585
7 10 58 5.5 -2 0 0 15337
7 10 59 5.5 -2 0 0 5461
7 10 60 5.5 -2 0 0 19596
7 10 61 5.5 -2 0 0 16407
7 10 62 5.5 -2 0 0 14644
7 10 63 1.5 -2 0 0 14737
7 11 0 1.5 -2 0 0 21701
7 11 1 1.5 -2 0 0 17613
7 11 2 5.5 -2 0 0 14933
7 11 3 1.5 -2 0 0 11529
7 11 4 5.5 -2 0 0 1597
7 11 5 5.5 -2 0 0 13183
7 11 6 1.5 -2 0 0 13684
7 11 7 5.5 -2 0 0 8876
7 11 8 5.5 -2 0 0 13799
7 11 9 5.5 -2 0 0 10466
7 11 10 5.5 -2 0 0 10490
7 11 11 5.5 -2 0 0 2037
7 11 12 5.5 -2 0 0 11000
7 11 13 5.5 -2 0 0 9755
7 11 14 5.5 -2 0 0 18873
7 11 15 5.5 -2 0 0 1975
7 11 16 5.5 -2 0 0 8976
7 11 17 5.5 -2 0 0 16255
7 11 18 5.5 -2 0 0 8229
7 11 19 5.5 -2 0 0 10471
7 11 20 5.5 -2 0 0 708
7 11 21 5.5 -2 0 0 11938
7 11 22 5.5 -2 0 0 10192
7 11 23 5.5 -2 0 0 11924
7 11 24 5.5 -2 0 0 16348
7 11 25 5.5 -2 0 0 10117
7 11 26 5.5 -2 0 0 16020
7 11 27 5.5 -2 0 0 11651
7 11 28 5.5 -2 0 0 7088
7 11 29 5.5 -2 0 0 15265
7 11 30 5.5 -2 0 0 4590
7 11 31 5.5 -2 0 0 9737
7 11 32 5.5 -2 0 0 9181
7 11 33 5.5 -2 0 0 10871
7 11 34 5.5 -2 0 0 20144
7 11 35 5.5 -2 0 0 8698
7 11 36 5.5 -2 0 0 9823
7 11 37 5.5 -2 0 0 2488
7 11 38 5.5 -2 0 0 9226
7 11 39 5.5 -2 0 0 5604
7 11 40 5.5 -2 0 0 740
7 11 41 5.5 -2 0 0 7122
7 11 42 5.5 -2 0 0 7075
7 11 43 5.5 -2 0 0 15934
7 11 44 5.5 -2 0 0 8841
7 11 45 5.5 -2 0 0 9800
7 11 46 5.5 -2 0 0 18540
7 11 47 5.5 -2 0 0 8716
7 11 48 5.5 -2 0 0 11080
7 11 49 5.5 -2 0 0 8178
7 11 50 5.5 -2 0 0 9737
7 11 51 5.5 -2 0 0 16012
7 11 52 5.5 -2 0 0 15501
7 11 53 5.5 -2 0 0 3780
7 11 54 1.5 -2 0 0 5078
7 11 55 5.5 -2 0 0 16267
7 11 56 5.5 -2 0 0 12570
7 11 57 5.5 -2 0 0 13533
7 11 58 1.5 -2 0 0 12281
7 11 59 1.5 -2 0 0 18680
7 11 60 1.5 -2 0 0 7843
7 11 61 1.5 -2 0 0 15560
7 11 62 1.5 -2 0 0 19235
7 11 63 1.5 -2 0 0 13944
7 12 0 1.5 -2 0 0 24714
7 12 1 1.5 -2 0 0 4633
7 12 2 1.5 -2 0 0 11959
7 12 3 1.5 -2 0 0 25002
7 12 4 1.5 -2 0 0 4361
7 12 5 1.5 -2 0 0 22468
7 12 6 1.5 -2 0 0 25128
7 12 7 1.5 -2 0 0 28117
7 12 8 1.5 -2 0 0 23113
7 12 9 1.5 -2 0 0 29136
7 12 10 1.5 -2 0 0 28826
7 12 11 1.5 -2 0 0 20888
7 12 12 1.5 -2 0 0 23171
7 12 13 5.5 -2 0 0 20904
7 12 14 1.5 -2 0 0 20403
7 12 15 1.5 -2 0 0 23893
7 12 16 5.5 -2 0 0 29813
7 12 17 5.5 -2 0 0 20175
7 12 18 5.5 -2 0 0 9022
7 12 19 1.5 -2 0 0 26070
7 12 20 5.5 -2 0 0 2470
7 12 21 1.5 -2 0 0 29050
7 12 22 5.5 -2 0 0 23478
7 12 23 5.5 -2 0 0 3283
7 12 24 1.5 -2 0 0 21428
7 12 25 5.5 -2 0 0 25294
7 12 26 5.5 -2 0 0 18755
7 12 27 5.5 -2 0 0 4752
7 12 28 5.5 -2 0 0 22958
7 12 29 5.5 -2 0 0 14424
7 12 30 5.5 -2 0 0 2460
7 12 31 5.5 -2 0 0 22918
7 12 32 5.5 -2 0 0 21301
7 12 33 5.5 -2 0 0 9014
7 12 34 5.5 -2 0 0 6410
7 12 35 5.5 -2 0 0 21552
7 12 36 5.5 -2 0 0 10257
7 12 37 5.5 -2 0 0 15478
7 12 38 5.5 -2 0 0 18280
7 12 39 5.5 -2 0 0 15691
7 12 40 5.5 -2 0 0 16912
7 12 41 5.5 -2 0 0 19231
7 12 42 5.5 -2 0 0 16339
7 12 43 5.5 -2 0 0 15651
7 12 44 5.5 -2 0 0 17552
7 12 45 5.5 -2 0 0 17598
7 12 46 5.5 -2 0 0 16607
7 12 47 5.5 -2 0 0 18429
7 12 48 5.5 -2 0 0 18748
7 12 49 5.5 -2 0 0 14469
7 12 50 5.5 -2 0 0 16454
7 12 51 5.5 -2 0 0 12348
7 12 52 1.5 -2 0 0 15498
7 12 53 1.5 -2 0 0 16725
7 12 54 5.5 -2 0 0 15459
7 12 55 1.5 -2 0 0 12908
7 12 56 1.5 -2 0 0 13627
7 12 57 1.5 -2 0 0 14332
7 12 58 1.5 -2 0 0 13708
7 12 59 1.5 -2 0 0 14280
7 12 60 1.5 -2 0 0 15752
7 12 61 1.5 -2 0 0 12996
7 12 62 1.5 -2 0 0 13640
7 12 63 1.5 -2 0 0 13368
7 13 0 5.5 -2 0 0 8432
7 13 1 5.5 -2 0 0 6479
7 13 2 5.5 -2 0 0 6484
7 13 3 5.5 -2 0 0 4921
7 13 4 1.5 -2 0 0 3337
7 13 5 5.5 -2 0 0 5837
7 13 6 5.5 -2 0 0 5192
7 13 7 5.5 -2 0 0 3662
7 13 8 5.5 -2 0 0 6543
7 13 9 5.5 -2 0 0 4836
7 13 10 5.5 -2 0 0 4598
7 13 11 5.5 -2 0 0 3774
7 13 12 5.5 -2 0 0 5069
7 13 13 5.5 -2 0 0 4201
7 13 14 5.5 -2 0 0 8723
7 13 15 5.5 -2 0 0 5470
7 13 16 5.5 -2 0 0 4334
7 13 17 5.5 -2 0 0 8260
7 13 18 5.5 -2 0 0 3474
7 13 19 5.5 -2 0 0 4442
7 13 20 5.5 -2 0 0 890
7 13 21 5.5 -2 0 0 5379
7 13 22 5.5 -2 0 0 4156
7 13 23 5.5 -2 0 0 5676
7 13 24 5.5 -2 0 0 6486
7 13 25 5.5 -2 0 0 4327
7 13 26 5.5 -2 0 0 9253
7 13 27 5.5 -2 0 0 5582
7 13 28 5.5 -2 0 0 4483
7 13 29 5.5 -2 0 0 8043
7 13 30 5.5 -2 0 0 1173
7 13 31 5.5 -2 0 0 5120
7 13 32 5.5 -2 0 0 4256
7 13 33 5.5 -2 0 0 5666
7 13 34 5.5 -2 0 0 11233
7 13 35 5.5 -2 0 0 4710
7 13 36 5.5 -2 0 0 3491
7 13 37 5.5 -2 0 0 1611
7 13 38 5.5 -2 0 0 5230
7 13 39 5.5 -2 0 0 8871
7 13 40 5.5 -2 0 0 4550
7 13 41 5.5 -2 0 0 5352
7 13 42 5.5 -2 0 0 7966
7 13 43 5.5 -2 0 0 4243
7 13 44 5.5 -2 0 0 5609
7 13 45 5.5 -2 0 0 6316
7 13 46 5.5 -2 0 0 7035
7 13 47 5.5 -2 0 0 6090
7 13 48 5.5 -2 0 0 6645
7 13 49 5.5 -2 0 0 8748
7 13 50 5.5 -2 0 0 7171
7 13 51 5.5 -2 0 0 10766
7 13 52 5.5 -2 0 0 10958
7 13 53 5.5 -2 0 0 6765
7 13 54 5.5 -2 0 0 7975
7 13 55 5.5 -2 0 0 11678
7 13 56 5.5 -2 0 0 10069
7 13 57 1.5 -2 0 0 10028
7 13 58 1.5 -2 0 0 7603
7 13 59 1.5 -2 0 0 11666
7 13 60 1.5 -2 0 0 7835
7 13 61 1.5 -2 0 0 13831
7 13 62 5.5 -2 0 0 11727
7 13 63 1.5 -2 0 0 8924
7 14 0 1.5 -2 0 0 12826
7 14 1 1.5 -2 0 0 13135
7 14 2 1.5 -2 0 0 12993
7 14 3 1.5 -2 0 0 11670
7 14 4 1.5 -2 0 0 11137
7 14 5 1.5 -2 0 0 12317
7 14 6 1.5 -2 0 0 14686
7 14 7 1.5 -2 0 0 15446
7 14 8 1.5 -2 0 0 10624
7 14 9 1.5 -2 0 0 16224
7 14 10 5.5 -2 0 0 16160
7 14 11 1.5 -2 0 0 9733
7 14 12 1.5 -2 0 0 12059
7 14 13 1.5 -2 0 0 11415
7 14 14 1.5 -2 0 0 10421
7 14 15 1.5 -2 0 0 9945
7 14 16 1.5 -2 0 0 17743
7 14 17 1.5 -2 0 0 9134
7 14 18 1.5 -2 0 0 11112
7 14 19 1.5 -2 0 0 13321
7 14 20 1.5 -2 0 0 6219
7 14 21 1.5 -2 0 0 15719
7 14 22 1.5 -2 0 0 12704
7 14 23 1.5 -2 0 0 8123
7 14 24 5.5 -2 0 0 10804
7 14 25 1.5 -2 0 0 11938
7 14 26 5.5 -2 0 0 8768
7 14 27 5.5 -2 0 0 5958
7 14 28 5.5 -2 0 0 10404
7 14 29 1.5 -2 0 0 8109
7 14 30 5.5 -2 0 0 2032
7 14 31 1.5 -2 0 0 10182
7 14 32 5.5 -2 0 0 8329
7 14 33 1.5 -2 0 0 6930
7 14 34 5.5 -2 0 0 8867
7 14 35 1.5 -2 0 0 9080
7 14 36 5.5 -2 0 0 1770
7 14 37 1.5 -2 0 0 6943
7 14 38 1.5 -2 0 0 8167
7 14 39 5.5 -2 0 0 6354
7 14 40 5.5 -2 0 0 7924
7 14 41 1.5 -2 0 0 8112
7 14 42 5.5 -2 0 0 7481
7 14 43 1.5 -2 0 0 7291
7 14 44 1.5 -2 0 0 8237
7 14 45 1.5 -2 0 0 7314
7 14 46 5.5 -2 0 0 7608
7 14 47 1.5 -2 0 0 5612
7 14 48 1.5 -2 0 0 8017
7 14 49 1.5 -2 0 0 6821
7 14 50 1.5 -2 0 0 7258
7 14 51 1.5 -2 0 0 4934
7 14 52 1.5 -2 0 0 7012
7 14 53 1.5 -2 0 0 6709
7 14 54 1.5 -2 0 0 7261
7 14 55 1.5 -2 0 0 6317
7 14 56 1.5 -2 0 0 6828
7 14 57 1.5 -2 0 0 5846
7 14 58 1.5 -2 0 0 6499
7 14 59 1.5 -2 0 0 6533
7 14 60 1.5 -2 0 0 6157
7 14 61 1.5 -2 0 0 5693
7 14 62 1.5 -2 0 0 5907
7 14 63 1.5 -2 0 0 7235
7 15 0 5.5 -2 0 0 5193
7 15 1 5.5 -2 0 0 4453
7 15 2 5.5 -2 0 0 4411
7 15 3 5.5 -2 0 0 3696
7 15 4 5.5 -2 0 0 2077
7 15 5 5.5 -2 0 0 4588
7 15 6 5.5 -2 0 0 4026
7 15 7 5.5 -2 0 0 3872
7 15 8 5.5 -2 0 0 5354
7 15 9 5.5 -2 0 0 3833
7 15 10 5.5 -2 0 0 3816
7 15 11 5.5 -2 0 0 5854
7 15 12 5.5 -2 0 0 4729
7 15 13 5.5 -2 0 0 4878
7 15 14 5.5 -2 0 0 6276
7 15 15 5.5 -2 0 0 5684
7 15 16 5.5 -2 0 0 3509
7 15 17 5.5 -2 0 0 5993
7 15 18 5.5 -2 0 0 1720
7 15 19 5.5 -2 0 0 4458
7 15 20 5.5 -2 0 0 469
7 15 21 5.5 -2 0 0 3937
7 15 22 5.5 -2 0 0 4081
7 15 23 5.5 -2 0 0 758
7 15 24 5.5 -2 0 0 6236
7 15 25 5.5 -2 0 0 4633
7 15 26 5.5 -2 0 0 6079
7 15 27 5.5 -2 0 0 1700
7 15 28 5.5 -2 0 0 4710
7 15 29 5.5 -2 0 0 3812
7 15 30 5.5 -2 0 0 740
7 15 31 5.5 -2 0 0 5127
7 15 32 5.5 -2 0 0 5151
7 15 33 5.5 -2 0 0 1467
7 15 34 5.5 -2 0 0 7148
7 15 35 5.5 -2 0 0 5521
7 15 36 5.5 -2 0 0 2820
7 15 37 5.5 -2 0 0 7178
7 15 38 5.5 -2 0 0 5115
7 15 39 5.5 -2 0 0 7549
7 15 40 5.5 -2 0 0 5338
7 15 41 5.5 -2 0 0 5475
7 15 42 5.5 -2 0 0 3511
7 15 43 5.5 -2 0 0 6946
7 15 44 5.5 -2 0 0 5685
7 15 45 5.5 -2 0 0 5805
7 15 46 5.5 -2 0 0 7767
7 15 47 5.5 -2 0 0 6692
7 15 48 5.5 -2 0 0 1064
7 15 49 5.5 -2 0 0 7119
7 15 50 5.5 -2 0 0 6679
7 15 51 5.5 -2 0 0 10886
7 15 52 5.5 -2 0 0 7102
7 15 53 5.5 -2 0 0 7061
7 15 54 5.5 -2 0 0 5262
7 15 55 5.5 -2 0 0 8081
7 15 56 5.5 -2 0 0 8124
7 15 57 5.5 -2 0 0 9181
7 15 58 5.5 -2 0 0 6012
7 15 59 1.5 -2 0 0 8385
7 15 60 1.5 -2 0 0 7259
7 15 61 1.5 -2 0 0 10469
7 15 62 1.5 -2 0 0 9389
7 15 63 1.5 -2 0 0 7354
8 0 0 1.5 -2 0 0 9661
8 0 1 1.5 -2 0 0 8691
8 0 2 1.5 -2 0 0 9139
8 0 3 1.5 -2 0 0 8075
8 0 4 1.5 -2 0 0 11672
8 0 5 5.5 -2 0 0 10251
8 0 6 5.5 -2 0 0 8723
8 0 7 1.5 -2 0 0 12108
8 0 8 1.5 -2 0 0 12235
8 0 9 5.5 -2 0 0 7781
8 0 10 1.5 -2 0 0 6618
8 0 11 5.5 -2 0 0 13408
8 0 12 1.5 -2 0 0 9712
8 0 13 1.5 -2 0 0 11307
8 0 14 5.5 -2 0 0 12990
8 0 15 5.5 -2 0 0 8959
8 0 16 5.5 -2 0 0 7511
8 0 17 5.5 -2 0 0 14327
8 0 18 5.5 -2 0 0 8328
8 0 19 5.5 -2 0 0 11527
8 0 20 5.5 -2 0 0 9038
8 0 21 5.5 -2 0 0 8489
8 0 22 5.5 -2 0 0 8418
8 0 23 5.5 -2 0 0 13650
8 0 24 5.5 -2 0 0 12262
8 0 25 5.5 -2 0 0 14401
8 0 26 5.5 -2 0 0 14425
8 0 27 5.5 -2 0 0 9616
8 0 28 5.5 -2 0 0 10251
8 0 29 5.5 -2 0 0 15132
8 0 30 5.5 -2 0 0 7628
8 0 31 5.5 -2 0 0 14773
8 0 32 5.5 -2 0 0 11312
8 0 33 5.5 -2 0 0 11805
8 0 34 5.5 -2 0 0 19201
8 0 35 5.5 -2 0 0 14661
8 0 36 5.5 -2 0 0 9312
8 0 37 5.5 -2 0 0 13707
8 0 38 5.5 -2 0 0 14995
8 0 39 5.5 -2 0 0 17408
8 0 40 5.5 -2 0 0 9083
8 0 41 5.5 -2 0 0 11808
8 0 42 5.5 -2 0 0 14026
8 0 43 5.5 -2 0 0 16482
8 0 44 5.5 -2 0 0 13962
8 0 45 5.5 -2 0 0 15184
8 0 46 5.5 -2 0 0 19013
8 0 47 5.5 -2 0 0 17069
8 0 48 5.5 -2 0 0 12326
8 0 49 5.5 -2 0 0 12012
8 0 50 5.5 -2 0 0 12623
8 0 51 5.5 -2 0 0 21582
8 0 52 5.5 -2 0 0 19132
8 0 53 5.5 -2 0 0 17423
8 0 54 1.5 -2 0 0 13476
8 0 55 1.5 -2 0 0 20157
8 0 56 1.5 -2 0 0 19009
8 0 57 1.5 -2 0 0 19279
8 0 58 1.5 -2 0 0 15326
8 0 59 1.5 -2 0 0 19629
8 0 60 1.5 -2 0 0 15512
8 0 61 1.5 -2 0 0 24259
8 0 62 1.5 -2 0 0 22463
8 0 63 1.5 -2 0 0 17898
8 1 0 1.5 -2 0 0 23160
8 1 1 1.5 -2 0 0 26531
8 1 2 1.5 -2 0 0 23154
8 1 3 1.5 -2 0 0 23524
8 1 4 1.5 -2 0 0 15609
8 1 5 1.5 -2 0 0 21619
8 1 6 1.5 -2 0 0 26318
8 1 7 1.5 -2 0 0 13224
8 1 8 1.5 -2 0 0 19621
8 1 9 1.5 -2 0 0 7787
8 1 10 1.5 -2 0 0 21422
8 1 11 1.5 -2 0 0 18746
8 1 12 1.5 -2 0 0 17278
8 1 13 1.5 -2 0 0 18362
8 1 14 1.5 -2 0 0 22492
8 1 15 1.5 -2 0 0 7292
8 1 16 1.5 -2 0 0 27567
8 1 17 1.5 -2 0 0 20171
8 1 18 1.5 -2 0 0 6139
8 1 19 1.5 -2 0 0 10820
8 1 20 1.5 -2 0 0 6381
8 1 21 1.5 -2 0 0 16391
8 1 22 1.5 -2 0 0 16635
8 1 23 1.5 -2 0 0 13600
8 1 24 1.5 -2 0 0 20100
8 1 25 1.5 -2 0 0 15457
8 1 26 1.5 -2 0 0 19161
8 1 27 1.5 -2 0 0 13264
8 1 28 1.5 -2 0 0 15237
8 1 29 1.5 -2 0 0 14914
8 1 30 5.5 -2 0 0 7069
8 1 31 5.5 -2 0 0 9508
8 1 32 1.5 -2 0 0 10179
8 1 33 1.5 -2 0 0 12674
8 1 34 5.5 -2 0 0 17695
8 1 35 1.5 -2 0 0 11695
8 1 36 5.5 -2 0 0 5019
8 1 37 5.5 -2 0 0 13390
8 1 38 5.5 -2 0 0 11947
8 1 39 1.5 -2 0 0 9695
8 1 40 5.5 -2 0 0 13000
8 1 41 1.5 -2 0 0 12708
8 1 42 1.5 -2 0 0 13599
8 1 43 1.5 -2 0 0 12431
8 1 44 1.5 -2 0 0 9537
8 1 45 1.5 -2 0 0 7446
8 1 46 1.5 -2 0 0 16106
8 1 47 1.5 -2 0 0 8783
8 1 48 1.5 -2 0 0 13649
8 1 49 1.5 -2 0 0 13983
8 1 50 1.5 -2 0 0 11199
8 1 51 1.5 -2 0 0 8816
8 1 52 1.5 -2 0 0 13190
8 1 53 1.5 -2 0 0 7123
8 1 54 1.5 -2 0 0 12165
8 1 55 1.5 -2 0 0 10281
8 1 56 1.5 -2 0 0 8685
8 1 57 1.5 -2 0 0 10446
8 1 58 1.5 -2 0 0 11347
8 1 59 1.5 -2 0 0 13089
8 1 60 1.5 -2 0 0 8249
8 1 61 1.5 -2 0 0 10141
8 1 62 1.5 -2 0 0 12758
8 1 63 1.5 -2 0 0 12615
8 2 0 1.5 -2 0 0 21688
8 2 1 1.5 -2 0 0 21180
8 2 2 1.5 -2 0 0 18775
8 2 3 1.5 -2 0 0 15419
8 2 4 1.5 -2 0 0 13447
8 2 5 1.5 -2 0 0 15569
8 2 6 1.5 -2 0 0 17298
8 2 7 1.5 -2 0 0 11620
8 2 8 1.5 -2 0 0 17903
8 2 9 1.5 -2 0 0 16555
8 2 10 1.5 -2 0 0 12109
8 2 11 1.5 -2 0 0 17725
8 2 12 1.5 -2 0 0 16007
8 2 13 1.5 -2 0 0 14522
8 2 14 5.5 -2 0 0 21428
8 2 15 1.5 -2 0 0 14279
8 2 16 5.5 -2 0 0 15713
8 2 17 1.5 -2 0 0 16800
8 2 18 1.5 -2 0 0 12842
8 2 19 5.5 -2 0 0 13950
8 2 20 1.5 -2 0 0 15803
8 2 21 5.5 -2 0 0 16811
8 2 22 1.5 -2 0 0 11232
8 2 23 1.5 -2 0 0 14235
8 2 24 5.5 -2 0 0 19012
8 2 25 1.5 -2 0 0 13033
8 2 26 5.5 -2 0 0 25110
8 2 27 5.5 -2 0 0 11416
8 2 28 5.5 -2 0 0 13336
8 2 29 5.5 -2 0 0 16914
8 2 30 5.5 -2 0 0 13675
8 2 31 5.5 -2 0 0 11930
8 2 32 1.5 -2 0 0 14467
8 2 33 5.5 -2 0 0 14323
8 2 34 5.5 -2 0 0 20165
8 2 35 5.5 -2 0 0 12521
8 2 36 1.5 -2 0 0 15032
8 2 37 5.5 -2 0 0 13772
8 2 38 1.5 -2 0 0 14530
8 2 39 5.5 -2 0 0 14635
8 2 40 5.5 -2 0 0 17016
8 2 41 5.5 -2 0 0 12346
8 2 42 5.5 -2 0 0 14692
8 2 43 5.5 -2 0 0 17171
8 2 44 1.5 -2 0 0 13775
8 2 45 1.5 -2 0 0 15935
8 2 46 1.5 -2 0 0 18936
8 2 47 5.5 -2 0 0 12360
8 2 48 1.5 -2 0 0 16676
8 2 49 1.5 -2 0 0 17593
8 2 50 1.5 -2 0 0 14122
8 2 51 5.5 -2 0 0 18894
8 2 52 1.5 -2 0 0 19040
8 2 53 1.5 -2 0 0 13537
8 2 54 1.5 -2 0 0 15083
8 2 55 1.5 -2 0 0 18372
8 2 56 1.5 -2 0 0 15898
8 2 57 1.5 -2 0 0 21018
8 2 58 1.5 -2 0 0 16889
8 2 59 1.5 -2 0 0 22373
8 2 60 1.5 -2 0 0 14408
8 2 61 1.5 -2 0 0 24732
8 2 62 1.5 -2 0 0 22632
8 2 63 1.5 -2 0 0 16552
8 3 0 1.5 -2 0 0 20031
8 3 1 1.5 -2 0 0 18065
8 3 2 1.5 -2 0 0 19323
8 3 3 1.5 -2 0 0 21876
8 3 4 1.5 -2 0 0 18777
8 3 5 1.5 -2 0 0 18505
8 3 6 1.5 -2 0 0 21103
8 3 7 1.5 -2 0 0 21361
8 3 8 1.5 -2 0 0 15977
8 3 9 1.5 -2 0 0 20327
8 3 10 1.5 -2 0 0 22462
8 3 11 1.5 -2 0 0 16689
8 3 12 1.5 -2 0 0 18001
8 3 13 1.5 -2 0 0 18999
8 3 14 1.5 -2 0 0 19392
8 3 15 1.5 -2 0 0 17213
8 3 16 5.5 -2 0 0 23113
8 3 17 1.5 -2 0 0 15090
8 3 18 1.5 -2 0 0 14723
8 3 19 1.5 -2 0 0 19140
8 3 20 1.5 -2 0 0 13663
8 3 21 1.5 -2 0 0 23956
8 3 22 5.5 -2 0 0 22233
8 3 23 5.5 -2 0 0 13901
8 3 24 5.5 -2 0 0 19364
8 3 25 5.5 -2 0 0 9832
8 3 26 5.5 -2 0 0 13088
8 3 27 1.5 -2 0 0 13633
8 3 28 1.5 -2 0 0 22409
8 3 29 5.5 -2 0 0 13845
8 3 30 5.5 -2 0 0 5630
8 3 31 5.5 -2 0 0 21175
8 3 32 5.5 -2 0 0 20529
8 3 33 5.5 -2 0 0 15669
8 3 34 5.5 -2 0 0 14586
8 3 35 5.5 -2 0 0 23007
8 3 36 5.5 -2 0 0 11980
8 3 37 5.5 -2 0 0 15868
8 3 38 5.5 -2 0 0 16624
8 3 39 5.5 -2 0 0 19864
8 3 40 5.5 -2 0 0 14619
8 3 41 5.5 -2 0 0 9760
8 3 42 5.5 -2 0 0 10811
8 3 43 5.5 -2 0 0 15727
8 3 44 5.5 -2 0 0 19180
8 3 45 5.5 -2 0 0 17725
8 3 46 5.5 -2 0 0 15745
8 3 47 5.5 -2 0 0 17513
8 3 48 1.5 -2 0 0 17596
8 3 49 5.5 -2 0 0 17755
8 3 50 1.5 -2 0 0 17535
8 3 51 5.5 -2 0 0 16798
8 3 52 1.5 -2 0 0 17699
8 3 53 1.5 -2 0 0 20512
8 3 54 5.5 -2 0 0 7185
8 3 55 1.5 -2 0 0 19357
8 3 56 1.5 -2 0 0 13881
8 3 57 1.5 -2 0 0 16226
8 3 58 1.5 -2 0 0 20230
8 3 59 1.5 -2 0 0 15950
8 3 60 1.5 -2 0 0 19409
8 3 61 1.5 -2 0 0 17520
8 3 62 1.5 -2 0 0 15517
8 3 63 1.5 -2 0 0 14567
8 4 0 1.5 -2 0 0 17203
8 4 1 5.5 -2 0 0 14942
8 4 2 5.5 -2 0 0 13286
8 4 3 5.5 -2 0 0 8666
8 4 4 1.5 -2 0 0 9973
8 4 5 1.5 -2 0 0 11162
8 4 6 1.5 -2 0 0 12856
8 4 7 1.5 -2 0 0 9335
8 4 8 5.5 -2 0 0 12187
8 4 9 1.5 -2 0 0 11252
8 4 10 1.5 -2 0 0 10004
8 4 11 5.5 -2 0 0 10384
8 4 12 1.5 -2 0 0 11617
8 4 13 1.5 -2 0 0 8414
8 4 14 5.5 -2 0 0 14774
8 4 15 1.5 -2 0 0 8851
8 4 16 5.5 -2 0 0 8088
8 4 17 5.5 -2 0 0 12282
8 4 18 5.5 -2 0 0 8420
8 4 19 5.5 -2 0 0 8331
8 4 20 5.5 -2 0 0 7020
8 4 21 5.5 -2 0 0 12427
8 4 22 5.5 -2 0 0 8465
8 4 23 5.5 -2 0 0 9846
8 4 24 5.5 -2 0 0 13359
8 4 25 5.5 -2 0 0 8139
8 4 26 5.5 -2 0 0 13982
8 4 27 5.5 -2 0 0 6547
8 4 28 5.5 -2 0 0 7118
8 4 29 5.5 -2 0 0 10975
8 4 30 5.5 -2 0 0 6656
8 4 31 5.5 -2 0 0 7257
8 4 32 5.5 -2 0 0 7231
8 4 33 5.5 -2 0 0 6337
8 4 34 5.5 -2 0 0 13838
8 4 35 5.5 -2 0 0 7388
8 4 36 5.5 -2 0 0 5888
8 4 37 5.5 -2 0 0 8086
8 4 38 5.5 -2 0 0 6004
8 4 39 5.5 -2 0 0 7864
8 4 40 5.5 -2 0 0 8421
8 4 41 5.5 -2 0 0 7336
8 4 42 5.5 -2 0 0 8654
8 4 43 5.5 -2 0 0 11730
8 4 44 5.5 -2 0 0 6755
8 4 45 5.5 -2 0 0 7718
8 4 46 5.5 -2 0 0 12157
8 4 47 1.5 -2 0 0 5782
8 4 48 5.5 -2 0 0 6361
8 4 49 5.5 -2 0 0 9124
8 4 50 1.5 -2 0 0 7013
8 4 51 1.5 -2 0 0 8438
8 4 52 1.5 -2 0 0 10844
8 4 53 1.5 -2 0 0 6072
8 4 54 1.5 -2 0 0 6843
8 4 55 1.5 -2 0 0 8892
8 4 56 1.5 -2 0 0 8089
8 4 57 1.5 -2 0 0 8021
8 4 58 1.5 -2 0 0 8480
8 4 59 1.5 -2 0 0 10428
8 4 60 1.5 -2 0 0 6916
8 4 61 1.5 -2 0 0 11546
8 4 62 1.5 -2 0 0 10257
8 4 63 1.5 -2 0 0 9205
8 5 0 1.5 -2 0 0 7488
8 5 1 1.5 -2 0 0 13920
8 5 2 1.5 -2 0 0 15091
8 5 3 1.5 -2 0 0 14842
8 5 4 1.5 -2 0 0 8784
8 5 5 1.5 -2 0 0 11753
8 5 6 1.5 -2 0 0 14664
8 5 7 1.5 -2 0 0 15558
8 5 8 1.5 -2 0 0 15031
8 5 9 5.5 -2 0 0 11466
8 5 10 5.5 -2 0 0 8581
8 5 11 1.5 -2 0 0 12941
8 5 12 5.5 -2 0 0 6122
8 5 13 1.5 -2 0 0 17290
8 5 14 1.5 -2 0 0 14136
8 5 15 1.5 -2 0 0 14680
8 5 16 5.5 -2 0 0 17133
8 5 17 5.5 -2 0 0 15418
8 5 18 5.5 -2 0 0 16787
8 5 19 5.5 -2 0 0 18269
8 5 20 5.5 -2 0 0 17743
8 5 21 5.5 -2 0 0 13616
8 5 22 5.5 -2 0 0 11925
8 5 23 5.5 -2 0 0 17071
8 5 24 5.5 -2 0 0 13339
8 5 25 5.5 -2 0 0 13826
8 5 26 5.5 -2 0 0 14537
8 5 27 5.5 -2 0 0 15908
8 5 28 5.5 -2 0 0 14999
8 5 29 5.5 -2 0 0 16857
8 5 30 5.5 -2 0 0 17142
8 5 31 5.5 -2 0 0 21046
8 5 32 5.5 -2 0 0 9015
8 5 33 5.5 -2 0 0 6813
8 5 34 5.5 -2 0 0 13695
8 5 35 5.5 -2 0 0 17672
8 5 36 5.5 -2 0 0 18518
8 5 37 5.5 -2 0 0 15128
8 5 38 5.5 -2 0 0 21682
8 5 39 5.5 -2 0 0 22000
8 5 40 5.5 -2 0 0 19099
8 5 41 5.5 -2 0 0 14330
8 5 42 5.5 -2 0 0 17468
8 5 43 5.5 -2 0 0 18792
8 5 44 5.5 -2 0 0 16928
8 5 45 5.5 -2 0 0 18539
8 5 46 5.5 -2 0 0 16407
8 5 47 5.5 -2 0 0 26444
8 5 48 5.5 -2 0 0 20463
8 5 49 5.5 -2 0 0 19395
8 5 50 5.5 -2 0 0 12901
8 5 51 5.5 -2 0 0 22313
8 5 52 5.5 -2 0 0 17402
8 5 53 5.5 -2 0 0 22877
8 5 54 1.5 -2 0 0 12778
8 5 55 5.5 -2 0 0 21160
8 5 56 1.5 -2 0 0 15949
8 5 57 1.5 -2 0 0 21892
8 5 58 1.5 -2 0 0 21769
8 5 59 1.5 -2 0 0 18216
8 5 60 1.5 -2 0 0 15104
8 5 61 1.5 -2 0 0 20395
8 5 62 1.5 -2 0 0 19011
8 5 63 1.5 -2 0 0 19419
8 6 0 5.5 -2 0 0 10462
8 6 1 5.5 -2 0 0 10813
8 6 2 5.5 -2 0 0 10517
8 6 3 5.5 -2 0 0 7602
8 6 4 5.5 -2 0 0 7206
8 6 5 5.5 -2 0 0 8350
8 6 6 5.5 -2 0 0 8856
8 6 7 5.5 -2 0 0 6476
8 6 8 5.5 -2 0 0 8428
8 6 9 5.5 -2 0 0 7586
8 6 10 5.5 -2 0 0 7524
8 6 11 5.5 -2 0 0 6762
8 6 12 5.5 -2 0 0 8027
8 6 13 5.5 -2 0 0 5879
8 6 14 5.5 -2 0 0 10347
8 6 15 5.5 -2 0 0 6409
8 6 16 5.5 -2 0 0 7495
8 6 17 5.5 -2 0 0 8350
8 6 18 5.5 -2 0 0 6300
8 6 19 5.5 -2 0 0 4316
8 6 20 5.5 -2 0 0 6531
8 6 21 5.5 -2 0 0 8317
8 6 22 5.5 -2 0 0 6436
8 6 23 5.5 -2 0 0 6737
8 6 24 5.5 -2 0 0 9913
8 6 25 5.5 -2 0 0 2991
8 6 26 5.5 -2 0 0 9759
8 6 27 5.5 -2 0 0 5662
8 6 28 5.5 -2 0 0 5271
8 6 29 5.5 -2 0 0 6980
8 6 30 5.5 -2 0 0 5609
8 6 31 5.5 -2 0 0 5383
8 6 32 5.5 -2 0 0 5626
8 6 33 5.5 -2 0 0 5169
8 6 34 5.5 -2 0 0 8843
8 6 35 5.5 -2 0 0 4129
8 6 36 5.5 -2 0 0 4848
8 6 37 5.5 -2 0 0 6042
8 6 38 5.5 -2 0 0 4768
8 6 39 5.5 -2 0 0 4744
8 6 40 5.5 -2 0 0 5424
8 6 41 5.5 -2 0 0 4128
8 6 42 5.5 -2 0 0 4868
8 6 43 5.5 -2 0 0 6796
8 6 44 5.5 -2 0 0 4710
8 6 45 5.5 -2 0 0 5249
8 6 46 5.5 -2 0 0 8328
8 6 47 0 -10 0 0 0
8 6 48 5.5 -2 0 0 4445
8 6 49 5.5 -2 0 0 5011
8 6 50 5.5 -2 0 0 4321
8 6 51 5.5 -2 0 0 5639
8 6 52 5.5 -2 0 0 6917
8 6 53 5.5 -2 0 0 4327
8 6 54 5.5 -2 0 0 4546
8 6 55 5.5 -2 0 0 5418
8 6 56 5.5 -2 0 0 5496
8 6 57 5.5 -2 0 0 5407
8 6 58 5.5 -2 0 0 4914
8 6 59 5.5 -2 0 0 6377
8 6 60 5.5 -2 0 0 5200
8 6 61 5.5 -2 0 0 5443
8 6 62 5.5 -2 0 0 6250
8 6 63 5.5 -2 0 0 5298
8 7 0 1.5 -2 0 0 8118
8 7 1 1.5 -2 0 0 8101
8 7 2 1.5 -2 0 0 8097
8 7 3 5.5 -2 0 0 7360
8 7 4 5.5 -2 0 0 2540
8 7 5 5.5 -2 0 0 5709
8 7 6 5.5 -2 0 0 7928
8 7 7 5.5 -2 0 0 8610
8 7 8 1.5 -2 0 0 7874
8 7 9 5.5 -2 0 0 5709
8 7 10 5.5 -2 0 0 7787
8 7 11 5.5 -2 0 0 8484
8 7 12 5.5 -2 0 0 7495
8 7 13 5.5 -2 0 0 9470
8 7 14 5.5 -2 0 0 7674
8 7 15 5.5 -2 0 0 7790
8 7 16 5.5 -2 0 0 7935
8 7 17 5.5 -2 0 0 8050
8 7 18 5.5 -2 0 0 7957
8 7 19 5.5 -2 0 0 9997
8 7 20 5.5 -2 0 0 8141
8 7 21 5.5 -2 0 0 7961
8 7 22 5.5 -2 0 0 6262
8 7 23 5.5 -2 0 0 8621
8 7 24 5.5 -2 0 0 7744
8 7 25 5.5 -2 0 0 9616
8 7 26 5.5 -2 0 0 9063
8 7 27 5.5 -2 0 0 9906
8 7 28 5.5 -2 0 0 5484
8 7 29 5.5 -2 0 0 9472
8 7 30 5.5 -2 0 0 8605
8 7 31 5.5 -2 0 0 12134
8 7 32 5.5 -2 0 0 11318
8 7 33 5.5 -2 0 0 11553
8 7 34 5.5 -2 0 0 10465
8 7 35 5.5 -2 0 0 14680
8 7 36 5.5 -2 0 0 10009
8 7 37 5.5 -2 0 0 10440
8 7 38 5.5 -2 0 0 13275
8 7 39 5.5 -2 0 0 12980
8 7 40 5.5 -2 0 0 7484
8 7 41 5.5 -2 0 0 11028
8 7 42 5.5 -2 0 0 12496
8 7 43 5.5 -2 0 0 9790
8 7 44 5.5 -2 0 0 13653
8 7 45 5.5 -2 0 0 12263
8 7 46 5.5 -2 0 0 12292
8 7 47 5.5 -2 0 0 19497
8 7 48 5.5 -2 0 0 11406
8 7 49 5.5 -2 0 0 11296
8 7 50 5.5 -2 0 0 14264
8 7 51 5.5 -2 0 0 7662
8 7 52 5.5 -2 0 0 12134
8 7 53 5.5 -2 0 0 11537
8 7 54 5.5 -2 0 0 13004
8 7 55 5.5 -2 0 0 13898
8 7 56 5.5 -2 0 0 17249
8 7 57 5.5 -2 0 0 16073
8 7 58 5.5 -2 0 0 12650
8 7 59 5.5 -2 0 0 9583
8 7 60 5.5 -2 0 0 16060
8 7 61 5.5 -2 0 0 10249
8 7 62 5.5 -2 0 0 8016
8 7 63 1.5 -2 0 0 13382
8 8 0 5.5 -2 0 0 6224
8 8 1 5.5 -2 0 0 6529
8 8 2 5.5 -2 0 0 7294
8 8 3 5.5 -2 0 0 8783
8 8 4 5.5 -2 0 0 10338
8 8 5 5.5 -2 0 0 9390
8 8 6 5.5 -2 0 0 7853
8 8 7 5.5 -2 0 0 10132
8 8 8 5.5 -2 0 0 8876
8 8 9 5.5 -2 0 0 8261
8 8 10 5.5 -2 0 0 6778
8 8 11 5.5 -2 0 0 9885
8 8 12 5.5 -2 0 0 7507
8 8 13 5.5 -2 0 0 10465
8 8 14 5.5 -2 0 0 8304
8 8 15 5.5 -2 0 0 10768
8 8 16 5.5 -2 0 0 8721
8 8 17 5.5 -2 0 0 4545
8 8 18 5.5 -2 0 0 10141
8 8 19 5.5 -2 0 0 13177
8 8 20 5.5 -2 0 0 9467
8 8 21 5.5 -2 0 0 8476
8 8 22 5.5 -2 0 0 9003
8 8 23 5.5 -2 0 0 9177
8 8 24 5.5 -2 0 0 8606
8 8 25 5.5 -2 0 0 13116
8 8 26 5.5 -2 0 0 9730
8 8 27 5.5 -2 0 0 9785
8 8 28 5.5 -2 0 0 11387
8 8 29 5.5 -2 0 0 9851
8 8 30 5.5 -2 0 0 10219
8 8 31 5.5 -2 0 0 14761
8 8 32 5.5 -2 0 0 12697
8 8 33 5.5 -2 0 0 11894
8 8 34 5.5 -2 0 0 10358
8 8 35 5.5 -2 0 0 18510
8 8 36 5.5 -2 0 0 11885
8 8 37 5.5 -2 0 0 11184
8 8 38 5.5 -2 0 0 19071
8 8 39 5.5 -2 0 0 18452
8 8 40 5.5 -2 0 0 7587
8 8 41 5.5 -2 0 0 15439
8 8 42 5.5 -2 0 0 8879
8 8 43 5.5 -2 0 0 10399
8 8 44 5.5 -2 0 0 12342
8 8 45 5.5 -2 0 0 12901
8 8 46 5.5 -2 0 0 9126
8 8 47 5.5 -2 0 0 24087
8 8 48 5.5 -2 0 0 10619
8 8 49 5.5 -2 0 0 9809
8 8 50 5.5 -2 0 0 13223
8 8 51 5.5 -2 0 0 13967
8 8 52 5.5 -2 0 0 9826
8 8 53 5.5 -2 0 0 16292
8 8 54 5.5 -2 0 0 11742
8 8 55 5.5 -2 0 0 13075
8 8 56 5.5 -2 0 0 15662
8 8 57 5.5 -2 0 0 16438
8 8 58 5.5 -2 0 0 10241
8 8 59 5.5 -2 0 0 10818
8 8 60 5.5 -2 0 0 14911
8 8 61 5.5 -2 0 0 12460
8 8 62 5.5 -2 0 0 12565
8 8 63 1.5 -2 0 0 10246
8 9 0 1.5 -2 0 0 15549
8 9 1 1.5 -2 0 0 12939
8 9 2 1.5 -2 0 0 10884
8 9 3 1.5 -2 0 0 6721
8 9 4 1.5 -2 0 0 4810
8 9 5 1.5 -2 0 0 5795
8 9 6 1.5 -2 0 0 9805
8 9 7 1.5 -2 0 0 6856
8 9 8 1.5 -2 0 0 9238
8 9 9 1.5 -2 0 0 8083
8 9 10 5.5 -2 0 0 6098
8 9 11 5.5 -2 0 0 8689
8 9 12 5.5 -2 0 0 6185
8 9 13 5.5 -2 0 0 5348
8 9 14 5.5 -2 0 0 11132
8 9 15 5.5 -2 0 0 5230
8 9 16 5.5 -2 0 0 6365
8 9 17 5.5 -2 0 0 9562
8 9 18 5.5 -2 0 0 4492
8 9 19 5.5 -2 0 0 5163
8 9 20 5.5 -2 0 0 3501
8 9 21 5.5 -2 0 0 8370
8 9 22 5.5 -2 0 0 5791
8 9 23 5.5 -2 0 0 4329
8 9 24 5.5 -2 0 0 10731
8 9 25 5.5 -2 0 0 5079
8 9 26 5.5 -2 0 0 10177
8 9 27 5.5 -2 0 0 4140
8 9 28 5.5 -2 0 0 4586
8 9 29 5.5 -2 0 0 6982
8 9 30 5.5 -2 0 0 1847
8 9 31 5.5 -2 0 0 5554
8 9 32 5.5 -2 0 0 4135
8 9 33 5.5 -2 0 0 1330
8 9 34 5.5 -2 0 0 11014
8 9 35 5.5 -2 0 0 5258
8 9 36 5.5 -2 0 0 2877
8 9 37 5.5 -2 0 0 4337
8 9 38 5.5 -2 0 0 4696
8 9 39 5.5 -2 0 0 3209
8 9 40 5.5 -2 0 0 1888
8 9 41 5.5 -2 0 0 3751
8 9 42 5.5 -2 0 0 4020
8 9 43 5.5 -2 0 0 6695
8 9 44 5.5 -2 0 0 1350
8 9 45 5.5 -2 0 0 3854
8 9 46 5.5 -2 0 0 8801
8 9 47 5.5 -2 0 0 3816
8 9 48 5.5 -2 0 0 3184
8 9 49 5.5 -2 0 0 4975
8 9 50 5.5 -2 0 0 1931
8 9 51 5.5 -2 0 0 4498
8 9 52 1.5 -2 0 0 7670
8 9 53 5.5 -2 0 0 2396
8 9 54 5.5 -2 0 0 1859
8 9 55 1.5 -2 0 0 7594
8 9 56 5.5 -2 0 0 3362
8 9 57 1.5 -2 0 0 5917
8 9 58 1.5 -2 0 0 2161
8 9 59 1.5 -2 0 0 8932
8 9 60 1.5 -2 0 0 4016
8 9 61 1.5 -2 0 0 5586
8 9 62 1.5 -2 0 0 7243
8 9 63 1.5 -2 0 0 2685
8 10 0 1.5 -2 0 0 16443
8 10 1 5.5 -2 0 0 15350
8 10 2 5.5 -2 0 0 15037
8 10 3 1.5 -2 0 0 19568
8 10 4 1.5 -2 0 0 17683
8 10 5 5.5 -2 0 0 17007
8 10 6 5.5 -2 0 0 17592
8 10 7 5.5 -2 0 0 23031
8 10 8 5.5 -2 0 0 15178
8 10 9 5.5 -2 0 0 19920
8 10 10 1.5 -2 0 0 19577
8 10 11 5.5 -2 0 0 16416
8 10 12 5.5 -2 0 0 16387
8 10 13 5.5 -2 0 0 19931
8 10 14 5.5 -2 0 0 18875
8 10 15 5.5 -2 0 0 20580
8 10 16 5.5 -2 0 0 27028
8 10 17 5.5 -2 0 0 15504
8 10 18 5.5 -2 0 0 17540
8 10 19 5.5 -2 0 0 25752
8 10 20 5.5 -2 0 0 16734
8 10 21 5.5 -2 0 0 19568
8 10 22 5.5 -2 0 0 20751
8 10 23 5.5 -2 0 0 17503
8 10 24 5.5 -2 0 0 17728
8 10 25 5.5 -2 0 0 26405
8 10 26 5.5 -2 0 0 17559
8 10 27 5.5 -2 0 0 18885
8 10 28 5.5 -2 0 0 18929
8 10 29 5.5 -2 0 0 17637
8 10 30 5.5 -2 0 0 16241
8 10 31 5.5 -2 0 0 24456
8 10 32 5.5 -2 0 0 20315
8 10 33 5.5 -2 0 0 20995
8 10 34 5.5 -2 0 0 15078
8 10 35 5.5 -2 0 0 26210
8 10 36 5.5 -2 0 0 15195
8 10 37 5.5 -2 0 0 15398
8 10 38 5.5 -2 0 0 26788
8 10 39 5.5 -2 0 0 24711
8 10 40 5.5 -2 0 0 14052
8 10 41 5.5 -2 0 0 22945
8 10 42 5.5 -2 0 0 19729
8 10 43 5.5 -2 0 0 19171
8 10 44 5.5 -2 0 0 23607
8 10 45 5.5 -2 0 0 18431
8 10 46 5.5 -2 0 0 15195
8 10 47 5.5 -2 0 0 26327
8 10 48 5.5 -2 0 0 20036
8 10 49 5.5 -2 0 0 14622
8 10 50 5.5 -2 0 0 19289
8 10 51 5.5 -2 0 0 14242
8 10 52 5.5 -2 0 0 17667
8 10 53 5.5 -2 0 0 26446
8 10 54 5.5 -2 0 0 17034
8 10 55 5.5 -2 0 0 8896
8 10 56 5.5 -2 0 0 22333
8 10 57 5.5 -2 0 0 21202
8 10 58 5.5 -2 0 0 7691
8 10 59 5.5 -2 0 0 15852
8 10 60 1.5 -2 0 0 26355
8 10 61 5.5 -2 0 0 21025
8 10 62 1.5 -2 0 0 13020
8 10 63 1.5 -2 0 0 18781
8 11 0 5.5 -2 0 0 19292
8 11 1 5.5 -2 0 0 15464
8 11 2 5.5 -2 0 0 17089
8 11 3 5.5 -2 0 0 10591
8 11 4 5.5 -2 0 0 10402
8 11 5 5.5 -2 0 0 12377
8 11 6 5.5 -2 0 0 14107
8 11 7 5.5 -2 0 0 9695
8 11 8 5.5 -2 0 0 6706
8 11 9 5.5 -2 0 0 11868
8 11 10 5.5 -2 0 0 10769
8 11 11 5.5 -2 0 0 14328
8 11 12 5.5 -2 0 0 6853
8 11 13 5.5 -2 0 0 9538
8 11 14 5.5 -2 0 0 14614
8 11 15 5.5 -2 0 0 10540
8 11 16 5.5 -2 0 0 8849
8 11 17 5.5 -2 0 0 14207
8 11 18 5.5 -2 0 0 11169
8 11 19 5.5 -2 0 0 10041
8 11 20 5.5 -2 0 0 10256
8 11 21 5.5 -2 0 0 11588
8 11 22 5.5 -2 0 0 10027
8 11 23 5.5 -2 0 0 14259
8 11 24 5.5 -2 0 0 13923
8 11 25 5.5 -2 0 0 9704
8 11 26 5.5 -2 0 0 17119
8 11 27 5.5 -2 0 0 10353
8 11 28 5.5 -2 0 0 8981
8 11 29 5.5 -2 0 0 15057
8 11 30 5.5 -2 0 0 8709
8 11 31 5.5 -2 0 0 9310
8 11 32 5.5 -2 0 0 9276
8 11 33 5.5 -2 0 0 9367
8 11 34 5.5 -2 0 0 19953
8 11 35 5.5 -2 0 0 8821
8 11 36 5.5 -2 0 0 9314
8 11 37 5.5 -2 0 0 12075
8 11 38 5.5 -2 0 0 8884
8 11 39 5.5 -2 0 0 9317
8 11 40 5.5 -2 0 0 9050
8 11 41 5.5 -2 0 0 8372
8 11 42 5.5 -2 0 0 9545
8 11 43 5.5 -2 0 0 15196
8 11 44 5.5 -2 0 0 8400
8 11 45 5.5 -2 0 0 9936
8 11 46 5.5 -2 0 0 17092
8 11 47 5.5 -2 0 0 8387
8 11 48 5.5 -2 0 0 10290
8 11 49 5.5 -2 0 0 12818
8 11 50 5.5 -2 0 0 9606
8 11 51 5.5 -2 0 0 14229
8 11 52 5.5 -2 0 0 14633
8 11 53 5.5 -2 0 0 6977
8 11 54 5.5 -2 0 0 10247
8 11 55 5.5 -2 0 0 14234
8 11 56 5.5 -2 0 0 10161
8 11 57 5.5 -2 0 0 12667
8 11 58 5.5 -2 0 0 10827
8 11 59 5.5 -2 0 0 16127
8 11 60 5.5 -2 0 0 10663
8 11 61 5.5 -2 0 0 14511
8 11 62 5.5 -2 0 0 17168
8 11 63 5.5 -2 0 0 14690
8 12 0 1.5 -2 0 0 17076
8 12 1 1.5 -2 0 0 16201
8 12 2 1.5 -2 0 0 18210
8 12 3 1.5 -2 0 0 17925
8 12 4 1.5 -2 0 0 16001
8 12 5 1.5 -2 0 0 17628
8 12 6 1.5 -2 0 0 18296
8 12 7 1.5 -2 0 0 21772
8 12 8 1.5 -2 0 0 17334
8 12 9 1.5 -2 0 0 22243
8 12 10 1.5 -2 0 0 20205
8 12 11 1.5 -2 0 0 15538
8 12 12 1.5 -2 0 0 17884
8 12 13 1.5 -2 0 0 17242
8 12 14 1.5 -2 0 0 16833
8 12 15 1.5 -2 0 0 19774
8 12 16 5.5 -2 0 0 21841
8 12 17 5.5 -2 0 0 14212
8 12 18 5.5 -2 0 0 17305
8 12 19 5.5 -2 0 0 19605
8 12 20 5.5 -2 0 0 14856
8 12 21 1.5 -2 0 0 20683
8 12 22 5.5 -2 0 0 19188
8 12 23 5.5 -2 0 0 13937
8 12 24 5.5 -2 0 0 16452
8 12 25 5.5 -2 0 0 20793
8 12 26 5.5 -2 0 0 15114
8 12 27 1.5 -2 0 0 16401
8 12 28 5.5 -2 0 0 16306
8 12 29 5.5 -2 0 0 12295
8 12 30 5.5 -2 0 0 14662
8 12 31 5.5 -2 0 0 15936
8 12 32 5.5 -2 0 0 14778
8 12 33 5.5 -2 0 0 13362
8 12 34 5.5 -2 0 0 15161
8 12 35 5.5 -2 0 0 18221
8 12 36 5.5 -2 0 0 11415
8 12 37 5.5 -2 0 0 11632
8 12 38 5.5 -2 0 0 14059
8 12 39 5.5 -2 0 0 13047
8 12 40 5.5 -2 0 0 13660
8 12 41 5.5 -2 0 0 14798
8 12 42 5.5 -2 0 0 11800
8 12 43 5.5 -2 0 0 12212
8 12 44 5.5 -2 0 0 12853
8 12 45 5.5 -2 0 0 14502
8 12 46 1.5 -2 0 0 13075
8 12 47 5.5 -2 0 0 13902
8 12 48 5.5 -2 0 0 12892
8 12 49 1.5 -2 0 0 12588
8 12 50 1.5 -2 0 0 14888
8 12 51 1.5 -2 0 0 9462
8 12 52 1.5 -2 0 0 10799
8 12 53 1.5 -2 0 0 12395
8 12 54 1.5 -2 0 0 14147
8 12 55 1.5 -2 0 0 9436
8 12 56 1.5 -2 0 0 11229
8 12 57 1.5 -2 0 0 11410
8 12 58 1.5 -2 0 0 11121
8 12 59 1.5 -2 0 0 11317
8 12 60 1.5 -2 0 0 13928
8 12 61 1.5 -2 0 0 8327
8 12 62 1.5 -2 0 0 11929
8 12 63 1.5 -2 0 0 10971
8 13 0 5.5 -2 0 0 3148
8 13 1 5.5 -2 0 0 8568
8 13 2 5.5 -2 0 0 8605
8 13 3 5.5 -2 0 0 6778
8 13 4 5.5 -2 0 0 7096
8 13 5 5.5 -2 0 0 7434
8 13 6 5.5 -2 0 0 8143
8 13 7 5.5 -2 0 0 4803
8 13 8 5.5 -2 0 0 8799
8 13 9 5.5 -2 0 0 6461
8 13 10 5.5 -2 0 0 6260
8 13 11 5.5 -2 0 0 8131
8 13 12 5.5 -2 0 0 6856
8 13 13 5.5 -2 0 0 5444
8 13 14 5.5 -2 0 0 13153
8 13 15 5.5 -2 0 0 6543
8 13 16 5.5 -2 0 0 5856
8 13 17 5.5 -2 0 0 9643
8 13 18 5.5 -2 0 0 7236
8 13 19 5.5 -2 0 0 5936
8 13 20 5.5 -2 0 0 7009
8 13 21 5.5 -2 0 0 7575
8 13 22 5.5 -2 0 0 5916
8 13 23 5.5 -2 0 0 7193
8 13 24 5.5 -2 0 0 8916
8 13 25 5.5 -2 0 0 6194
8 13 26 5.5 -2 0 0 11519
8 13 27 5.5 -2 0 0 6671
8 13 28 5.5 -2 0 0 5403
8 13 29 5.5 -2 0 0 9971
8 13 30 5.5 -2 0 0 6814
8 13 31 5.5 -2 0 0 6421
8 13 32 5.5 -2 0 0 5441
8 13 33 5.5 -2 0 0 7401
8 13 34 5.5 -2 0 0 12907
8 13 35 5.5 -2 0 0 6723
8 13 36 5.5 -2 0 0 7442
8 13 37 5.5 -2 0 0 9200
8 13 38 5.5 -2 0 0 6755
8 13 39 5.5 -2 0 0 10930
8 13 40 5.5 -2 0 0 8810
8 13 41 5.5 -2 0 0 8242
8 13 42 5.5 -2 0 0 10740
8 13 43 5.5 -2 0 0 11206
8 13 44 5.5 -2 0 0 7731
8 13 45 5.5 -2 0 0 8244
8 13 46 5.5 -2 0 0 14340
8 13 47 5.5 -2 0 0 8122
8 13 48 5.5 -2 0 0 9389
8 13 49 5.5 -2 0 0 11709
8 13 50 5.5 -2 0 0 9586
8 13 51 5.5 -2 0 0 15727
8 13 52 5.5 -2 0 0 12888
8 13 53 5.5 -2 0 0 7822
8 13 54 5.5 -2 0 0 10459
8 13 55 5.5 -2 0 0 13518
8 13 56 5.5 -2 0 0 11791
8 13 57 5.5 -2 0 0 12924
8 13 58 5.5 -2 0 0 11224
8 13 59 5.5 -2 0 0 15708
8 13 60 5.5 -2 0 0 9348
8 13 61 5.5 -2 0 0 17884
8 13 62 5.5 -2 0 0 14783
8 13 63 5.5 -2 0 0 10952
8 14 0 5.5 -2 0 0 11512
8 14 1 5.5 -2 0 0 10532
8 14 2 5.5 -2 0 0 11843
8 14 3 5.5 -2 0 0 10656
8 14 4 5.5 -2 0 0 9121
8 14 5 5.5 -2 0 0 9410
8 14 6 5.5 -2 0 0 12234
8 14 7 5.5 -2 0 0 12443
8 14 8 5.5 -2 0 0 8704
8 14 9 5.5 -2 0 0 13656
8 14 10 5.5 -2 0 0 14715
8 14 11 5.5 -2 0 0 7320
8 14 12 5.5 -2 0 0 9628
8 14 13 5.5 -2 0 0 9410
8 14 14 5.5 -2 0 0 8556
8 14 15 5.5 -2 0 0 6966
8 14 16 5.5 -2 0 0 14921
8 14 17 5.5 -2 0 0 7883
8 14 18 5.5 -2 0 0 8608
8 14 19 5.5 -2 0 0 11497
8 14 20 5.5 -2 0 0 8399
8 14 21 5.5 -2 0 0 14004
8 14 22 5.5 -2 0 0 11603
8 14 23 5.5 -2 0 0 6751
8 14 24 5.5 -2 0 0 9805
8 14 25 5.5 -2 0 0 9156
8 14 26 5.5 -2 0 0 7932
8 14 27 5.5 -2 0 0 7546
8 14 28 5.5 -2 0 0 9411
8 14 29 5.5 -2 0 0 6922
8 14 30 5.5 -2 0 0 7083
8 14 31 5.5 -2 0 0 8550
8 14 32 5.5 -2 0 0 6759
8 14 33 5.5 -2 0 0 7538
8 14 34 5.5 -2 0 0 7305
8 14 35 5.5 -2 0 0 7646
8 14 36 5.5 -2 0 0 5772
8 14 37 5.5 -2 0 0 6047
8 14 38 5.5 -2 0 0 6794
8 14 39 5.5 -2 0 0 5551
8 14 40 5.5 -2 0 0 6699
8 14 41 5.5 -2 0 0 7103
8 14 42 5.5 -2 0 0 5998
8 14 43 5.5 -2 0 0 5778
8 14 44 5.5 -2 0 0 6682
8 14 45 5.5 -2 0 0 5739
8 14 46 5.5 -2 0 0 6896
8 14 47 5.5 -2 0 0 5570
8 14 48 5.5 -2 0 0 6712
8 14 49 5.5 -2 0 0 5649
8 14 50 5.5 -2 0 0 6459
8 14 51 5.5 -2 0 0 5206
8 14 52 5.5 -2 0 0 5184
8 14 53 5.5 -2 0 0 5789
8 14 54 5.5 -2 0 0 5334
8 14 55 5.5 -2 0 0 4459
8 14 56 5.5 -2 0 0 6122
8 14 57 5.5 -2 0 0 5467
8 14 58 5.5 -2 0 0 5030
8 14 59 5.5 -2 0 0 5809
8 14 60 5.5 -2 0 0 6204
8 14 61 1.5 -2 0 0 5254
8 14 62 5.5 -2 0 0 4995
8 14 63 1.5 -2 0 0 6064
8 15 0 1.5 -2 0 0 4478
8 15 1 1.5 -2 0 0 3754
8 15 2 5.5 -2 0 0 4120
8 15 3 5.5 -2 0 0 3187
8 15 4 5.5 -2 0 0 3728
8 15 5 5.5 -2 0 0 3656
8 15 6 5.5 -2 0 0 3218
8 15 7 1.5 -2 0 0 3457
8 15 8 5.5 -2 0 0 3847
8 15 9 1.5 -2 0 0 3176
8 15 10 5.5 -2 0 0 3423
8 15 11 5.5 -2 0 0 4356
8 15 12 5.5 -2 0 0 3597
8 15 13 5.5 -2 0 0 3581
8 15 14 5.5 -2 0 0 4868
8 15 15 1.5 -2 0 0 4306
8 15 16 1.5 -2 0 0 2974
8 15 17 5.5 -2 0 0 4489
8 15 18 5.5 -2 0 0 3462
8 15 19 5.5 -2 0 0 3570
8 15 20 5.5 -2 0 0 3734
8 15 21 5.5 -2 0 0 3825
8 15 22 5.5 -2 0 0 2898
8 15 23 5.5 -2 0 0 4704
8 15 24 5.5 -2 0 0 4813
8 15 25 5.5 -2 0 0 3568
8 15 26 5.5 -2 0 0 5487
8 15 27 5.5 -2 0 0 3559
8 15 28 5.5 -2 0 0 3537
8 15 29 5.5 -2 0 0 5413
8 15 30 5.5 -2 0 0 4205
8 15 31 5.5 -2 0 0 4271
8 15 32 5.5 -2 0 0 3920
8 15 33 5.5 -2 0 0 4168
8 15 34 5.5 -2 0 0 5699
8 15 35 5.5 -2 0 0 3885
8 15 36 5.5 -2 0 0 3861
8 15 37 5.5 -2 0 0 5195
8 15 38 5.5 -2 0 0 4477
8 15 39 5.5 -2 0 0 6256
8 15 40 5.5 -2 0 0 5128
8 15 41 5.5 -2 0 0 4550
8 15 42 5.5 -2 0 0 4760
8 15 43 5.5 -2 0 0 5644
8 15 44 5.5 -2 0 0 4700
8 15 45 5.5 -2 0 0 4667
8 15 46 5.5 -2 0 0 5674
8 15 47 5.5 -2 0 0 5656
8 15 48 5.5 -2 0 0 4632
8 15 49 1.5 -2 0 0 5424
8 15 50 5.5 -2 0 0 5253
8 15 51 5.5 -2 0 0 8226
8 15 52 5.5 -2 0 0 5240
8 15 53 5.5 -2 0 0 5493
8 15 54 5.5 -2 0 0 5183
8 15 55 1.5 -2 0 0 7300
8 15 56 1.5 -2 0 0 7022
8 15 57 1.5 -2 0 0 8074
8 15 58 1.5 -2 0 0 5153
8 15 59 1.5 -2 0 0 6399
8 15 60 1.5 -2 0 0 6586
8 15 61 1.5 -2 0 0 8988
8 15 62 1.5 -2 0 0 6369
8 15 63 1.5 -2 0 0 5824
9 0 0 1.5 -2 0 0 10703
9 0 1 1.5 -2 0 0 10490
9 0 2 1.5 -2 0 0 10037
9 0 3 1.5 -2 0 0 10227
9 0 4 1.5 -2 0 0 9771
9 0 5 1.5 -2 0 0 9785
9 0 6 1.5 -2 0 0 10345
9 0 7 5.5 -2 0 0 10046
9 0 8 1.5 -2 0 0 12705
9 0 9 1.5 -2 0 0 8815
9 0 10 1.5 -2 0 0 7793
9 0 11 1.5 -2 0 0 14479
9 0 12 1.5 -2 0 0 10077
9 0 13 5.5 -2 0 0 10710
9 0 14 5.5 -2 0 0 13038
9 0 15 5.5 -2 0 0 10312
9 0 16 1.5 -2 0 0 8376
9 0 17 5.5 -2 0 0 12704
9 0 18 5.5 -2 0 0 7465
9 0 19 1.5 -2 0 0 10979
9 0 20 5.5 -2 0 0 9583
9 0 21 5.5 -2 0 0 8470
9 0 22 1.5 -2 0 0 9123
9 0 23 5.5 -2 0 0 14072
9 0 24 5.5 -2 0 0 12904
9 0 25 5.5 -2 0 0 11253
9 0 26 5.5 -2 0 0 15996
9 0 27 5.5 -2 0 0 9236
9 0 28 5.5 -2 0 0 10548
9 0 29 5.5 -2 0 0 14547
9 0 30 5.5 -2 0 0 7781
9 0 31 5.5 -2 0 0 14366
9 0 32 5.5 -2 0 0 12458
9 0 33 5.5 -2 0 0 11603
9 0 34 5.5 -2 0 0 19215
9 0 35 5.5 -2 0 0 14104
9 0 36 5.5 -2 0 0 8464
9 0 37 5.5 -2 0 0 13614
9 0 38 5.5 -2 0 0 15227
9 0 39 5.5 -2 0 0 18902
9 0 40 5.5 -2 0 0 9664
9 0 41 5.5 -2 0 0 12060
9 0 42 5.5 -2 0 0 12336
9 0 43 5.5 -2 0 0 14817
9 0 44 5.5 -2 0 0 13836
9 0 45 5.5 -2 0 0 14431
9 0 46 1.5 -2 0 0 21153
9 0 47 5.5 -2 0 0 17766
9 0 48 5.5 -2 0 0 13735
9 0 49 5.5 -2 0 0 11825
9 0 50 5.5 -2 0 0 11537
9 0 51 5.5 -2 0 0 24487
9 0 52 5.5 -2 0 0 15862
9 0 53 1.5 -2 0 0 14854
9 0 54 1.5 -2 0 0 13651
9 0 55 1.5 -2 0 0 21356
9 0 56 1.5 -2 0 0 17572
9 0 57 1.5 -2 0 0 17920
9 0 58 1.5 -2 0 0 15702
9 0 59 1.5 -2 0 0 19282
9 0 60 1.5 -2 0 0 16117
9 0 61 1.5 -2 0 0 22376
9 0 62 1.5 -2 0 0 21719
9 0 63 1.5 -2 0 0 19141
9 1 0 5.5 -2 0 0 18250
9 1 1 1.5 -2 0 0 23362
9 1 2 5.5 -2 0 0 21904
9 1 3 5.5 -2 0 0 19740
9 1 4 1.5 -2 0 0 12334
9 1 5 5.5 -2 0 0 19353
9 1 6 5.5 -2 0 0 19870
9 1 7 5.5 -2 0 0 17980
9 1 8 5.5 -2 0 0 16779
9 1 9 5.5 -2 0 0 16305
9 1 10 5.5 -2 0 0 19415
9 1 11 5.5 -2 0 0 15440
9 1 12 5.5 -2 0 0 12708
9 1 13 5.5 -2 0 0 13537
9 1 14 5.5 -2 0 0 17968
9 1 15 5.5 -2 0 0 12569
9 1 16 5.5 -2 0 0 22739
9 1 17 5.5 -2 0 0 16468
9 1 18 5.5 -2 0 0 10180
9 1 19 5.5 -2 0 0 14380
9 1 20 5.5 -2 0 0 10830
9 1 21 5.5 -2 0 0 20242
9 1 22 5.5 -2 0 0 15666
9 1 23 5.5 -2 0 0 11175
9 1 24 5.5 -2 0 0 18199
9 1 25 5.5 -2 0 0 16641
9 1 26 5.5 -2 0 0 16369
9 1 27 5.5 -2 0 0 14673
9 1 28 5.5 -2 0 0 12590
9 1 29 5.5 -2 0 0 14138
9 1 30 5.5 -2 0 0 10363
9 1 31 5.5 -2 0 0 12795
9 1 32 5.5 -2 0 0 10215
9 1 33 5.5 -2 0 0 13421
9 1 34 5.5 -2 0 0 13941
9 1 35 5.5 -2 0 0 11846
9 1 36 5.5 -2 0 0 8814
9 1 37 5.5 -2 0 0 10984
9 1 38 5.5 -2 0 0 11239
9 1 39 5.5 -2 0 0 8744
9 1 40 5.5 -2 0 0 11208
9 1 41 5.5 -2 0 0 9259
9 1 42 5.5 -2 0 0 10963
9 1 43 5.5 -2 0 0 10290
9 1 44 5.5 -2 0 0 7492
9 1 45 5.5 -2 0 0 11644
9 1 46 5.5 -2 0 0 14698
9 1 47 5.5 -2 0 0 8468
9 1 48 5.5 -2 0 0 9817
9 1 49 5.5 -2 0 0 12335
9 1 50 5.5 -2 0 0 8980
9 1 51 5.5 -2 0 0 9077
9 1 52 5.5 -2 0 0 11269
9 1 53 5.5 -2 0 0 7555
9 1 54 5.5 -2 0 0 9640
9 1 55 5.5 -2 0 0 8838
9 1 56 5.5 -2 0 0 7282
9 1 57 5.5 -2 0 0 10142
9 1 58 5.5 -2 0 0 10385
9 1 59 5.5 -2 0 0 12048
9 1 60 1.5 -2 0 0 7777
9 1 61 1.5 -2 0 0 9307
9 1 62 1.5 -2 0 0 9852
9 1 63 1.5 -2 0 0 9913
9 2 0 5.5 -2 0 0 23490
9 2 1 1.5 -2 0 0 18928
9 2 2 1.5 -2 0 0 20154
9 2 3 5.5 -2 0 0 14464
9 2 4 1.5 -2 0 0 15852
9 2 5 1.5 -2 0 0 17972
9 2 6 1.5 -2 0 0 18970
9 2 7 1.5 -2 0 0 12225
9 2 8 1.5 -2 0 0 17401
9 2 9 5.5 -2 0 0 18946
9 2 10 5.5 -2 0 0 15076
9 2 11 5.5 -2 0 0 18658
9 2 12 5.5 -2 0 0 15995
9 2 13 5.5 -2 0 0 13108
9 2 14 5.5 -2 0 0 21077
9 2 15 5.5 -2 0 0 15296
9 2 16 5.5 -2 0 0 11982
9 2 17 5.5 -2 0 0 17040
9 2 18 5.5 -2 0 0 15171
9 2 19 5.5 -2 0 0 14446
9 2 20 5.5 -2 0 0 16978
9 2 21 5.5 -2 0 0 17651
9 2 22 5.5 -2 0 0 13589
9 2 23 5.5 -2 0 0 15465
9 2 24 5.5 -2 0 0 18967
9 2 25 5.5 -2 0 0 14140
9 2 26 5.5 -2 0 0 27101
9 2 27 5.5 -2 0 0 12978
9 2 28 5.5 -2 0 0 12827
9 2 29 5.5 -2 0 0 18796
9 2 30 5.5 -2 0 0 13528
9 2 31 5.5 -2 0 0 11617
9 2 32 5.5 -2 0 0 12016
9 2 33 5.5 -2 0 0 13957
9 2 34 5.5 -2 0 0 21709
9 2 35 5.5 -2 0 0 11129
9 2 36 5.5 -2 0 0 16749
9 2 37 5.5 -2 0 0 15961
9 2 38 5.5 -2 0 0 12231
9 2 39 5.5 -2 0 0 8411
9 2 40 5.5 -2 0 0 15279
9 2 41 5.5 -2 0 0 11504
9 2 42 5.5 -2 0 0 17203
9 2 43 5.5 -2 0 0 18328
9 2 44 5.5 -2 0 0 12084
9 2 45 5.5 -2 0 0 12298
9 2 46 5.5 -2 0 0 20980
9 2 47 5.5 -2 0 0 11891
9 2 48 5.5 -2 0 0 17416
9 2 49 5.5 -2 0 0 19369
9 2 50 5.5 -2 0 0 12586
9 2 51 5.5 -2 0 0 20628
9 2 52 5.5 -2 0 0 19069
9 2 53 5.5 -2 0 0 12234
9 2 54 5.5 -2 0 0 8940
9 2 55 5.5 -2 0 0 18040
9 2 56 5.5 -2 0 0 15410
9 2 57 5.5 -2 0 0 17586
9 2 58 1.5 -2 0 0 17081
9 2 59 1.5 -2 0 0 21625
9 2 60 1.5 -2 0 0 4025
9 2 61 1.5 -2 0 0 23327
9 2 62 1.5 -2 0 0 19593
9 2 63 1.5 -2 0 0 16979
9 3 0 1.5 -2 0 0 19227
9 3 1 1.5 -2 0 0 21995
9 3 2 1.5 -2 0 0 21469
9 3 3 1.5 -2 0 0 21938
9 3 4 1.5 -2 0 0 22070
9 3 5 1.5 -2 0 0 24380
9 3 6 1.5 -2 0 0 24344
9 3 7 1.5 -2 0 0 29791
9 3 8 1.5 -2 0 0 17334
9 3 9 1.5 -2 0 0 11850
9 3 10 1.5 -2 0 0 25210
9 3 11 1.5 -2 0 0 17056
9 3 12 1.5 -2 0 0 23228
9 3 13 1.5 -2 0 0 24606
9 3 14 1.5 -2 0 0 24779
9 3 15 1.5 -2 0 0 24831
9 3 16 1.5 -2 0 0 28642
9 3 17 1.5 -2 0 0 20307
9 3 18 1.5 -2 0 0 16267
9 3 19 1.5 -2 0 0 27747
9 3 20 1.5 -2 0 0 17782
9 3 21 1.5 -2 0 0 24361
9 3 22 1.5 -2 0 0 27389
9 3 23 5.5 -2 0 0 15924
9 3 24 1.5 -2 0 0 24127
9 3 25 5.5 -2 0 0 28449
9 3 26 5.5 -2 0 0 15594
9 3 27 1.5 -2 0 0 13472
9 3 28 5.5 -2 0 0 24030
9 3 29 5.5 -2 0 0 18615
9 3 30 5.5 -2 0 0 14601
9 3 31 1.5 -2 0 0 29330
9 3 32 5.5 -2 0 0 26552
9 3 33 5.5 -2 0 0 4761
9 3 34 5.5 -2 0 0 18965
9 3 35 5.5 -2 0 0 29831
9 3 36 5.5 -2 0 0 15855
9 3 37 5.5 -2 0 0 18588
9 3 38 1.5 -2 0 0 26522
9 3 39 5.5 -2 0 0 22613
9 3 40 5.5 -2 0 0 17953
9 3 41 1.5 -2 0 0 21049
9 3 42 1.5 -2 0 0 23968
9 3 43 5.5 -2 0 0 17345
9 3 44 5.5 -2 0 0 25774
9 3 45 5.5 -2 0 0 18504
9 3 46 1.5 -2 0 0 18193
9 3 47 1.5 -2 0 0 27886
9 3 48 1.5 -2 0 0 21257
9 3 49 5.5 -2 0 0 21964
9 3 50 5.5 -2 0 0 21851
9 3 51 1.5 -2 0 0 20843
9 3 52 1.5 -2 0 0 23328
9 3 53 1.5 -2 0 0 22562
9 3 54 1.5 -2 0 0 22577
9 3 55 1.5 -2 0 0 22839
9 3 56 1.5 -2 0 0 23708
9 3 57 1.5 -2 0 0 21091
9 3 58 1.5 -2 0 0 20571
9 3 59 1.5 -2 0 0 20379
9 3 60 1.5 -2 0 0 21490
9 3 61 1.5 -2 0 0 22405
9 3 62 1.5 -2 0 0 20964
9 3 63 1.5 -2 0 0 20015
9 4 0 1.5 -2 0 0 19645
9 4 1 1.5 -2 0 0 19034
9 4 2 1.5 -2 0 0 14909
9 4 3 1.5 -2 0 0 9539
9 4 4 1.5 -2 0 0 6162
9 4 5 1.5 -2 0 0 13486
9 4 6 1.5 -2 0 0 15847
9 4 7 1.5 -2 0 0 11595
9 4 8 1.5 -2 0 0 14326
9 4 9 1.5 -2 0 0 13828
9 4 10 1.5 -2 0 0 11297
9 4 11 1.5 -2 0 0 12590
9 4 12 1.5 -2 0 0 11679
9 4 13 1.5 -2 0 0 9289
9 4 14 1.5 -2 0 0 21201
9 4 15 1.5 -2 0 0 11356
9 4 16 1.5 -2 0 0 10464
9 4 17 1.5 -2 0 0 16451
9 4 18 0 -10 0 0 0
9 4 19 1.5 -2 0 0 9581
9 4 20 5.5 -2 0 0 7469
9 4 21 1.5 -2 0 0 14174
9 4 22 1.5 -2 0 0 12641
9 4 23 5.5 -2 0 0 12137
9 4 24 5.5 -2 0 0 16010
9 4 25 1.5 -2 0 0 9946
9 4 26 1.5 -2 0 0 20540
9 4 27 5.5 -2 0 0 4532
9 4 28 1.5 -2 0 0 9675
9 4 29 1.5 -2 0 0 15358
9 4 30 5.5 -2 0 0 3675
9 4 31 5.5 -2 0 0 8561
9 4 32 5.5 -2 0 0 10066
9 4 33 5.5 -2 0 0 5027
9 4 34 5.5 -2 0 0 16191
9 4 35 1.5 -2 0 0 8906
9 4 36 0 -10 0 0 0
9 4 37 0 -10 0 0 0
9 4 38 5.5 -2 0 0 7661
9 4 39 1.5 -2 0 0 9126
9 4 40 5.5 -2 0 0 10556
9 4 41 1.5 -2 0 0 8297
9 4 42 5.5 -2 0 0 9550
9 4 43 1.5 -2 0 0 12944
9 4 44 1.5 -2 0 0 7705
9 4 45 5.5 -2 0 0 8954
9 4 46 5.5 -2 0 0 17913
9 4 47 1.5 -2 0 0 6736
9 4 48 1.5 -2 0 0 7274
9 4 49 1.5 -2 0 0 12465
9 4 50 1.5 -2 0 0 3993
9 4 51 5.5 -2 0 0 11404
9 4 52 1.5 -2 0 0 9857
9 4 53 1.5 -2 0 0 8601
9 4 54 1.5 -2 0 0 8987
9 4 55 1.5 -2 0 0 9675
9 4 56 1.5 -2 0 0 6017
9 4 57 1.5 -2 0 0 10435
9 4 58 1.5 -2 0 0 8856
9 4 59 1.5 -2 0 0 11259
9 4 60 1.5 -2 0 0 9269
9 4 61 1.5 -2 0 0 13620
9 4 62 1.5 -2 0 0 11776
9 4 63 1.5 -2 0 0 11050
9 5 0 1.5 -2 0 0 10275
9 5 1 1.5 -2 0 0 11065
9 5 2 1.5 -2 0 0 11683
9 5 3 1.5 -2 0 0 12423
9 5 4 1.5 -2 0 0 13048
9 5 5 1.5 -2 0 0 14157
9 5 6 1.5 -2 0 0 13969
9 5 7 1.5 -2 0 0 17103
9 5 8 1.5 -2 0 0 7990
9 5 9 1.5 -2 0 0 11971
9 5 10 1.5 -2 0 0 14210
9 5 11 5.5 -2 0 0 16004
9 5 12 5.5 -2 0 0 11423
9 5 13 5.5 -2 0 0 13326
9 5 14 5.5 -2 0 0 10021
9 5 15 1.5 -2 0 0 14871
9 5 16 5.5 -2 0 0 16414
9 5 17 5.5 -2 0 0 11207
9 5 18 5.5 -2 0 0 15216
9 5 19 5.5 -2 0 0 16561
9 5 20 5.5 -2 0 0 14101
9 5 21 5.5 -2 0 0 14116
9 5 22 5.5 -2 0 0 14587
9 5 23 5.5 -2 0 0 17093
9 5 24 5.5 -2 0 0 9995
9 5 25 5.5 -2 0 0 16795
9 5 26 5.5 -2 0 0 14239
9 5 27 5.5 -2 0 0 2285
9 5 28 5.5 -2 0 0 15508
9 5 29 5.5 -2 0 0 8882
9 5 30 5.5 -2 0 0 14332
9 5 31 5.5 -2 0 0 19533
9 5 32 5.5 -2 0 0 9793
9 5 33 5.5 -2 0 0 1733
9 5 34 5.5 -2 0 0 10474
9 5 35 5.5 -2 0 0 20603
9 5 36 5.5 -2 0 0 16077
9 5 37 5.5 -2 0 0 13780
9 5 38 5.5 -2 0 0 20051
9 5 39 5.5 -2 0 0 24218
9 5 40 5.5 -2 0 0 8434
9 5 41 5.5 -2 0 0 18190
9 5 42 5.5 -2 0 0 5840
9 5 43 5.5 -2 0 0 17784
9 5 44 5.5 -2 0 0 20381
9 5 45 5.5 -2 0 0 17579
9 5 46 5.5 -2 0 0 17538
9 5 47 5.5 -2 0 0 24925
9 5 48 5.5 -2 0 0 17602
9 5 49 5.5 -2 0 0 15226
9 5 50 5.5 -2 0 0 17954
9 5 51 5.5 -2 0 0 22096
9 5 52 5.5 -2 0 0 9916
9 5 53 5.5 -2 0 0 22773
9 5 54 1.5 -2 0 0 17083
9 5 55 5.5 -2 0 0 21839
9 5 56 1.5 -2 0 0 19753
9 5 57 1.5 -2 0 0 20015
9 5 58 1.5 -2 0 0 17746
9 5 59 1.5 -2 0 0 10823
9 5 60 1.5 -2 0 0 22192
9 5 61 1.5 -2 0 0 23061
9 5 62 1.5 -2 0 0 16875
9 5 63 1.5 -2 0 0 16100
9 6 0 5.5 -2 0 0 9187
9 6 1 5.5 -2 0 0 8370
9 6 2 5.5 -2 0 0 8617
9 6 3 5.5 -2 0 0 5998
9 6 4 5.5 -2 0 0 6106
9 6 5 5.5 -2 0 0 5151
9 6 6 5.5 -2 0 0 5412
9 6 7 5.5 -2 0 0 5213
9 6 8 5.5 -2 0 0 7804
9 6 9 5.5 -2 0 0 6148
9 6 10 5.5 -2 0 0 5557
9 6 11 5.5 -2 0 0 5308
9 6 12 5.5 -2 0 0 7218
9 6 13 5.5 -2 0 0 4875
9 6 14 5.5 -2 0 0 8290
9 6 15 5.5 -2 0 0 5121
9 6 16 5.5 -2 0 0 6143
9 6 17 5.5 -2 0 0 6016
9 6 18 5.5 -2 0 0 4800
9 6 19 5.5 -2 0 0 4411
9 6 20 5.5 -2 0 0 5630
9 6 21 5.5 -2 0 0 6418
9 6 22 5.5 -2 0 0 5130
9 6 23 5.5 -2 0 0 5563
9 6 24 4.61982 0.32321 0.521896 0.0128592 6556
9 6 25 5.5 -2 0 0 4184
9 6 26 5.5 -2 0 0 8846
9 6 27 5.5 -2 0 0 4117
9 6 28 5.5 -2 0 0 3783
9 6 29 5.5 -2 0 0 5752
9 6 30 4.70747 0.350657 0.410069 0.0263451 4832
9 6 31 4.609 0.340061 0.403743 0.0189942 3547
9 6 32 5.5 -2 0 0 4495
9 6 33 5.5 -2 0 0 3763
9 6 34 5.5 -2 0 0 7640
9 6 35 5.5 -2 0 0 3955
9 6 36 5.5 -2 0 0 3782
9 6 37 5.5 -2 0 0 4449
9 6 38 5.5 -2 0 0 3131
9 6 39 5.5 -2 0 0 3384
9 6 40 5.5 -2 0 0 4174
9 6 41 5.5 -2 0 0 3164
9 6 42 5.5 -2 0 0 3920
9 6 43 5.5 -2 0 0 4981
9 6 44 5.5 -2 0 0 3274
9 6 45 5.5 -2 0 0 4575
9 6 46 5.5 -2 0 0 5668
9 6 47 5.5 -2 0 0 2153
9 6 48 5.5 -2 0 0 3602
9 6 49 5.5 -2 0 0 4192
9 6 50 5.5 -2 0 0 3543
9 6 51 5.5 -2 0 0 4034
9 6 52 5.5 -2 0 0 4662
9 6 53 5.5 -2 0 0 3420
9 6 54 5.5 -2 0 0 3409
9 6 55 5.5 -2 0 0 4826
9 6 56 5.5 -2 0 0 3224
9 6 57 5.5 -2 0 0 3705
9 6 58 5.5 -2 0 0 3462
9 6 59 5.5 -2 0 0 5781
9 6 60 5.5 -2 0 0 3538
9 6 61 5.5 -2 0 0 4349
9 6 62 5.5 -2 0 0 4573
9 6 63 5.5 -2 0 0 3845
9 7 0 1.5 -2 0 0 6785
9 7 1 1.5 -2 0 0 7007
9 7 2 1.5 -2 0 0 7222
9 7 3 1.5 -2 0 0 7199
9 7 4 1.5 -2 0 0 5774
9 7 5 1.5 -2 0 0 7039
9 7 6 5.5 -2 0 0 7122
9 7 7 5.5 -2 0 0 7534
9 7 8 1.5 -2 0 0 7229
9 7 9 1.5 -2 0 0 7003
9 7 10 5.5 -2 0 0 6770
9 7 11 5.5 -2 0 0 8405
9 7 12 1.5 -2 0 0 6482
9 7 13 5.5 -2 0 0 7400
9 7 14 5.5 -2 0 0 7164
9 7 15 1.5 -2 0 0 8304
9 7 16 5.5 -2 0 0 6625
9 7 17 5.5 -2 0 0 6788
9 7 18 5.5 -2 0 0 7658
9 7 19 5.5 -2 0 0 8593
9 7 20 5.5 -2 0 0 8276
9 7 21 5.5 -2 0 0 6816
9 7 22 5.5 -2 0 0 7340
9 7 23 5.5 -2 0 0 8548
9 7 24 5.5 -2 0 0 7663
9 7 25 5.5 -2 0 0 9332
9 7 26 5.5 -2 0 0 7678
9 7 27 5.5 -2 0 0 9159
9 7 28 5.5 -2 0 0 7142
9 7 29 5.5 -2 0 0 7783
9 7 30 5.5 -2 0 0 7916
9 7 31 5.5 -2 0 0 10440
9 7 32 5.5 -2 0 0 9575
9 7 33 5.5 -2 0 0 10224
9 7 34 5.5 -2 0 0 8999
9 7 35 5.5 -2 0 0 12239
9 7 36 5.5 -2 0 0 9163
9 7 37 5.5 -2 0 0 8346
9 7 38 5.5 -2 0 0 15600
9 7 39 5.5 -2 0 0 17053
9 7 40 5.5 -2 0 0 9192
9 7 41 5.5 -2 0 0 9060
9 7 42 5.5 -2 0 0 10417
9 7 43 5.5 -2 0 0 9015
9 7 44 5.5 -2 0 0 6281
9 7 45 5.5 -2 0 0 12691
9 7 46 5.5 -2 0 0 10566
9 7 47 5.5 -2 0 0 17878
9 7 48 5.5 -2 0 0 10443
9 7 49 5.5 -2 0 0 9614
9 7 50 5.5 -2 0 0 12345
9 7 51 5.5 -2 0 0 13903
9 7 52 5.5 -2 0 0 10270
9 7 53 5.5 -2 0 0 14077
9 7 54 5.5 -2 0 0 13743
9 7 55 1.5 -2 0 0 13296
9 7 56 5.5 -2 0 0 15284
9 7 57 5.5 -2 0 0 14537
9 7 58 1.5 -2 0 0 12148
9 7 59 1.5 -2 0 0 11934
9 7 60 1.5 -2 0 0 15068
9 7 61 1.5 -2 0 0 13201
9 7 62 1.5 -2 0 0 11179
9 7 63 1.5 -2 0 0 11175
9 8 0 5.5 -2 0 0 7867
9 8 1 5.5 -2 0 0 7713
9 8 2 1.5 -2 0 0 8745
9 8 3 5.5 -2 0 0 9147
9 8 4 1.5 -2 0 0 11683
9 8 5 5.5 -2 0 0 10159
9 8 6 1.5 -2 0 0 9932
9 8 7 5.5 -2 0 0 11523
9 8 8 5.5 -2 0 0 10077
9 8 9 1.5 -2 0 0 10317
9 8 10 5.5 -2 0 0 8511
9 8 11 1.5 -2 0 0 11433
9 8 12 5.5 -2 0 0 8137
9 8 13 5.5 -2 0 0 12663
9 8 14 5.5 -2 0 0 8139
9 8 15 5.5 -2 0 0 11625
9 8 16 5.5 -2 0 0 10630
9 8 17 5.5 -2 0 0 10039
9 8 18 5.5 -2 0 0 9614
9 8 19 5.5 -2 0 0 14591
9 8 20 5.5 -2 0 0 671
9 8 21 5.5 -2 0 0 9907
9 8 22 5.5 -2 0 0 9755
9 8 23 5.5 -2 0 0 11739
9 8 24 5.5 -2 0 0 10101
9 8 25 5.5 -2 0 0 15404
9 8 26 5.5 -2 0 0 8079
9 8 27 5.5 -2 0 0 8443
9 8 28 5.5 -2 0 0 12790
9 8 29 5.5 -2 0 0 13154
9 8 30 5.5 -2 0 0 12321
9 8 31 5.5 -2 0 0 16623
9 8 32 5.5 -2 0 0 15996
9 8 33 5.5 -2 0 0 11336
9 8 34 5.5 -2 0 0 11437
9 8 35 5.5 -2 0 0 16462
9 8 36 5.5 -2 0 0 14415
9 8 37 5.5 -2 0 0 11856
9 8 38 5.5 -2 0 0 18046
9 8 39 5.5 -2 0 0 22282
9 8 40 5.5 -2 0 0 367
9 8 41 5.5 -2 0 0 13633
9 8 42 5.5 -2 0 0 6833
9 8 43 5.5 -2 0 0 9116
9 8 44 5.5 -2 0 0 17896
9 8 45 5.5 -2 0 0 15231
9 8 46 5.5 -2 0 0 8053
9 8 47 5.5 -2 0 0 26294
9 8 48 5.5 -2 0 0 7534
9 8 49 5.5 -2 0 0 2620
9 8 50 5.5 -2 0 0 7787
9 8 51 5.5 -2 0 0 17846
9 8 52 5.5 -2 0 0 6201
9 8 53 5.5 -2 0 0 1168
9 8 54 5.5 -2 0 0 1350
9 8 55 5.5 -2 0 0 14022
9 8 56 5.5 -2 0 0 6193
9 8 57 5.5 -2 0 0 17935
9 8 58 1.5 -2 0 0 14604
9 8 59 1.5 -2 0 0 11010
9 8 60 1.5 -2 0 0 1220
9 8 61 1.5 -2 0 0 13701
9 8 62 1.5 -2 0 0 14293
9 8 63 1.5 -2 0 0 12398
9 9 0 1.5 -2 0 0 16568
9 9 1 1.5 -2 0 0 12741
9 9 2 1.5 -2 0 0 11509
9 9 3 1.5 -2 0 0 7215
9 9 4 1.5 -2 0 0 4866
9 9 5 1.5 -2 0 0 6984
9 9 6 1.5 -2 0 0 10701
9 9 7 1.5 -2 0 0 7368
9 9 8 5.5 -2 0 0 9225
9 9 9 5.5 -2 0 0 8434
9 9 10 1.5 -2 0 0 6509
9 9 11 1.5 -2 0 0 9205
9 9 12 5.5 -2 0 0 6543
9 9 13 1.5 -2 0 0 6448
9 9 14 1.5 -2 0 0 13545
9 9 15 5.5 -2 0 0 5608
9 9 16 5.5 -2 0 0 6588
9 9 17 5.5 -2 0 0 9288
9 9 18 1.5 -2 0 0 5852
9 9 19 5.5 -2 0 0 5386
9 9 20 5.5 -2 0 0 3874
9 9 21 5.5 -2 0 0 9958
9 9 22 5.5 -2 0 0 6824
9 9 23 5.5 -2 0 0 4392
9 9 24 5.5 -2 0 0 13218
9 9 25 5.5 -2 0 0 5493
9 9 26 5.5 -2 0 0 9648
9 9 27 5.5 -2 0 0 3849
9 9 28 5.5 -2 0 0 5080
9 9 29 5.5 -2 0 0 7150
9 9 30 5.5 -2 0 0 3455
9 9 31 5.5 -2 0 0 5845
9 9 32 5.5 -2 0 0 4826
9 9 33 5.5 -2 0 0 2531
9 9 34 5.5 -2 0 0 10884
9 9 35 5.5 -2 0 0 4298
9 9 36 5.5 -2 0 0 2918
9 9 37 5.5 -2 0 0 4294
9 9 38 5.5 -2 0 0 4122
9 9 39 5.5 -2 0 0 4734
9 9 40 5.5 -2 0 0 3407
9 9 41 5.5 -2 0 0 3946
9 9 42 5.5 -2 0 0 3989
9 9 43 5.5 -2 0 0 7099
9 9 44 5.5 -2 0 0 2489
9 9 45 5.5 -2 0 0 4454
9 9 46 5.5 -2 0 0 9848
9 9 47 5.5 -2 0 0 4083
9 9 48 1.5 -2 0 0 4679
9 9 49 5.5 -2 0 0 5200
9 9 50 1.5 -2 0 0 4399
9 9 51 5.5 -2 0 0 3252
9 9 52 1.5 -2 0 0 7838
9 9 53 5.5 -2 0 0 3498
9 9 54 1.5 -2 0 0 3903
9 9 55 1.5 -2 0 0 8303
9 9 56 1.5 -2 0 0 3641
9 9 57 1.5 -2 0 0 6539
9 9 58 1.5 -2 0 0 3697
9 9 59 1.5 -2 0 0 5442
9 9 60 1.5 -2 0 0 3970
9 9 61 1.5 -2 0 0 5401
9 9 62 1.5 -2 0 0 7654
9 9 63 1.5 -2 0 0 5181
9 10 0 1.5 -2 0 0 12892
9 10 1 1.5 -2 0 0 15199
9 10 2 1.5 -2 0 0 18257
9 10 3 1.5 -2 0 0 11810
9 10 4 5.5 -2 0 0 14664
9 10 5 1.5 -2 0 0 18846
9 10 6 1.5 -2 0 0 12762
9 10 7 1.5 -2 0 0 22248
9 10 8 1.5 -2 0 0 15948
9 10 9 1.5 -2 0 0 13847
9 10 10 1.5 -2 0 0 16807
9 10 11 5.5 -2 0 0 15182
9 10 12 1.5 -2 0 0 12622
9 10 13 1.5 -2 0 0 22009
9 10 14 1.5 -2 0 0 17140
9 10 15 1.5 -2 0 0 20521
9 10 16 5.5 -2 0 0 25698
9 10 17 1.5 -2 0 0 17472
9 10 18 5.5 -2 0 0 18834
9 10 19 5.5 -2 0 0 23101
9 10 20 1.5 -2 0 0 14223
9 10 21 5.5 -2 0 0 14729
9 10 22 5.5 -2 0 0 20722
9 10 23 5.5 -2 0 0 15270
9 10 24 5.5 -2 0 0 18224
9 10 25 5.5 -2 0 0 22014
9 10 26 5.5 -2 0 0 16336
9 10 27 5.5 -2 0 0 9244
9 10 28 5.5 -2 0 0 22161
9 10 29 5.5 -2 0 0 14732
9 10 30 5.5 -2 0 0 15229
9 10 31 5.5 -2 0 0 27985
9 10 32 5.5 -2 0 0 19099
9 10 33 5.5 -2 0 0 20557
9 10 34 5.5 -2 0 0 17477
9 10 35 5.5 -2 0 0 23507
9 10 36 5.5 -2 0 0 15709
9 10 37 5.5 -2 0 0 14384
9 10 38 5.5 -2 0 0 25813
9 10 39 5.5 -2 0 0 21404
9 10 40 5.5 -2 0 0 13169
9 10 41 5.5 -2 0 0 21736
9 10 42 5.5 -2 0 0 19464
9 10 43 5.5 -2 0 0 19796
9 10 44 5.5 -2 0 0 19348
9 10 45 5.5 -2 0 0 20715
9 10 46 5.5 -2 0 0 15891
9 10 47 5.5 -2 0 0 24159
9 10 48 5.5 -2 0 0 17928
9 10 49 5.5 -2 0 0 16779
9 10 50 5.5 -2 0 0 22660
9 10 51 5.5 -2 0 0 17074
9 10 52 1.5 -2 0 0 17717
9 10 53 5.5 -2 0 0 21646
9 10 54 1.5 -2 0 0 16591
9 10 55 5.5 -2 0 0 17734
9 10 56 1.5 -2 0 0 18930
9 10 57 1.5 -2 0 0 17471
9 10 58 1.5 -2 0 0 16045
9 10 59 5.5 -2 0 0 13523
9 10 60 1.5 -2 0 0 23147
9 10 61 1.5 -2 0 0 17606
9 10 62 1.5 -2 0 0 17482
9 10 63 1.5 -2 0 0 18274
9 11 0 5.5 -2 0 0 19122
9 11 1 5.5 -2 0 0 17384
9 11 2 5.5 -2 0 0 13807
9 11 3 5.5 -2 0 0 11066
9 11 4 5.5 -2 0 0 9760
9 11 5 5.5 -2 0 0 12965
9 11 6 5.5 -2 0 0 12761
9 11 7 5.5 -2 0 0 8896
9 11 8 5.5 -2 0 0 14171
9 11 9 5.5 -2 0 0 10504
9 11 10 5.5 -2 0 0 9460
9 11 11 5.5 -2 0 0 13470
9 11 12 5.5 -2 0 0 12295
9 11 13 5.5 -2 0 0 10355
9 11 14 5.5 -2 0 0 17668
9 11 15 5.5 -2 0 0 10861
9 11 16 5.5 -2 0 0 8157
9 11 17 5.5 -2 0 0 16509
9 11 18 5.5 -2 0 0 10182
9 11 19 5.5 -2 0 0 9316
9 11 20 5.5 -2 0 0 9938
9 11 21 5.5 -2 0 0 10960
9 11 22 5.5 -2 0 0 10204
9 11 23 5.5 -2 0 0 13321
9 11 24 5.5 -2 0 0 15804
9 11 25 5.5 -2 0 0 9470
9 11 26 5.5 -2 0 0 17449
9 11 27 5.5 -2 0 0 10056
9 11 28 5.5 -2 0 0 9273
9 11 29 5.5 -2 0 0 16166
9 11 30 5.5 -2 0 0 9503
9 11 31 5.5 -2 0 0 8722
9 11 32 5.5 -2 0 0 9435
9 11 33 5.5 -2 0 0 10119
9 11 34 5.5 -2 0 0 20343
9 11 35 5.5 -2 0 0 8591
9 11 36 4.64827 0.195672 0.425105 0.0669218 9326
9 11 37 5.5 -2 0 0 11379
9 11 38 5.5 -2 0 0 8196
9 11 39 5.5 -2 0 0 9660
9 11 40 5.5 -2 0 0 9363
9 11 41 5.5 -2 0 0 9105
9 11 42 5.5 -2 0 0 10952
9 11 43 5.5 -2 0 0 14227
9 11 44 5.5 -2 0 0 7478
9 11 45 5.5 -2 0 0 10383
9 11 46 5.5 -2 0 0 17830
9 11 47 5.5 -2 0 0 8262
9 11 48 5.5 -2 0 0 10096
9 11 49 5.5 -2 0 0 10690
9 11 50 5.5 -2 0 0 9308
9 11 51 5.5 -2 0 0 14320
9 11 52 5.5 -2 0 0 12665
9 11 53 5.5 -2 0 0 8083
9 11 54 5.5 -2 0 0 9996
9 11 55 5.5 -2 0 0 15091
9 11 56 5.5 -2 0 0 11533
9 11 57 5.5 -2 0 0 11427
9 11 58 5.5 -2 0 0 10552
9 11 59 5.5 -2 0 0 17260
9 11 60 5.5 -2 0 0 9620
9 11 61 5.5 -2 0 0 15516
9 11 62 5.5 -2 0 0 18762
9 11 63 5.5 -2 0 0 11862
9 12 0 1.5 -2 0 0 18614
9 12 1 1.5 -2 0 0 18752
9 12 2 1.5 -2 0 0 16447
9 12 3 1.5 -2 0 0 20426
9 12 4 1.5 -2 0 0 14402
9 12 5 1.5 -2 0 0 19121
9 12 6 1.5 -2 0 0 18390
9 12 7 1.5 -2 0 0 21207
9 12 8 1.5 -2 0 0 14555
9 12 9 1.5 -2 0 0 22477
9 12 10 1.5 -2 0 0 23088
9 12 11 1.5 -2 0 0 16649
9 12 12 1.5 -2 0 0 18997
9 12 13 1.5 -2 0 0 14244
9 12 14 1.5 -2 0 0 15150
9 12 15 1.5 -2 0 0 20820
9 12 16 5.5 -2 0 0 23728
9 12 17 1.5 -2 0 0 12896
9 12 18 5.5 -2 0 0 16832
9 12 19 5.5 -2 0 0 17149
9 12 20 5.5 -2 0 0 12521
9 12 21 5.5 -2 0 0 19725
9 12 22 5.5 -2 0 0 10467
9 12 23 5.5 -2 0 0 14539
9 12 24 5.5 -2 0 0 15708
9 12 25 5.5 -2 0 0 20119
9 12 26 5.5 -2 0 0 16343
9 12 27 5.5 -2 0 0 15408
9 12 28 5.5 -2 0 0 17859
9 12 29 5.5 -2 0 0 13895
9 12 30 5.5 -2 0 0 14638
9 12 31 1.5 -2 0 0 19724
9 12 32 5.5 -2 0 0 16897
9 12 33 5.5 -2 0 0 14397
9 12 34 5.5 -2 0 0 12677
9 12 35 5.5 -2 0 0 18410
9 12 36 5.5 -2 0 0 11355
9 12 37 5.5 -2 0 0 11572
9 12 38 5.5 -2 0 0 15321
9 12 39 5.5 -2 0 0 13619
9 12 40 5.5 -2 0 0 14268
9 12 41 5.5 -2 0 0 16101
9 12 42 5.5 -2 0 0 12014
9 12 43 1.5 -2 0 0 13504
9 12 44 5.5 -2 0 0 12751
9 12 45 5.5 -2 0 0 13038
9 12 46 5.5 -2 0 0 12790
9 12 47 5.5 -2 0 0 15884
9 12 48 5.5 -2 0 0 12639
9 12 49 1.5 -2 0 0 11097
9 12 50 5.5 -2 0 0 13830
9 12 51 1.5 -2 0 0 9332
9 12 52 1.5 -2 0 0 13145
9 12 53 1.5 -2 0 0 13154
9 12 54 1.5 -2 0 0 13294
9 12 55 1.5 -2 0 0 10518
9 12 56 1.5 -2 0 0 10517
9 12 57 1.5 -2 0 0 10352
9 12 58 1.5 -2 0 0 12011
9 12 59 1.5 -2 0 0 11527
9 12 60 1.5 -2 0 0 13628
9 12 61 1.5 -2 0 0 10469
9 12 62 1.5 -2 0 0 11090
9 12 63 1.5 -2 0 0 11632
9 13 0 5.5 -2 0 0 10261
9 13 1 5.5 -2 0 0 7066
9 13 2 5.5 -2 0 0 7994
9 13 3 5.5 -2 0 0 6369
9 13 4 5.5 -2 0 0 7126
9 13 5 5.5 -2 0 0 7452
9 13 6 5.5 -2 0 0 7827
9 13 7 5.5 -2 0 0 4733
9 13 8 5.5 -2 0 0 7795
9 13 9 5.5 -2 0 0 6916
9 13 10 5.5 -2 0 0 5326
9 13 11 5.5 -2 0 0 7626
9 13 12 5.5 -2 0 0 5667
9 13 13 5.5 -2 0 0 5853
9 13 14 5.5 -2 0 0 11661
9 13 15 5.5 -2 0 0 7086
9 13 16 5.5 -2 0 0 5112
9 13 17 5.5 -2 0 0 9908
9 13 18 5.5 -2 0 0 6988
9 13 19 5.5 -2 0 0 5335
9 13 20 5.5 -2 0 0 6354
9 13 21 5.5 -2 0 0 6647
9 13 22 5.5 -2 0 0 4919
9 13 23 5.5 -2 0 0 6983
9 13 24 5.5 -2 0 0 7539
9 13 25 5.5 -2 0 0 5277
9 13 26 5.5 -2 0 0 10873
9 13 27 5.5 -2 0 0 5981
9 13 28 5.5 -2 0 0 5930
9 13 29 5.5 -2 0 0 9267
9 13 30 5.5 -2 0 0 5924
9 13 31 5.5 -2 0 0 6441
9 13 32 5.5 -2 0 0 5451
9 13 33 5.5 -2 0 0 6106
9 13 34 5.5 -2 0 0 11874
9 13 35 5.5 -2 0 0 6230
9 13 36 5.5 -2 0 0 6585
9 13 37 5.5 -2 0 0 7007
9 13 38 5.5 -2 0 0 6608
9 13 39 5.5 -2 0 0 9542
9 13 40 5.5 -2 0 0 6997
9 13 41 5.5 -2 0 0 6457
9 13 42 5.5 -2 0 0 9193
9 13 43 5.5 -2 0 0 10808
9 13 44 5.5 -2 0 0 7417
9 13 45 5.5 -2 0 0 7530
9 13 46 5.5 -2 0 0 14447
9 13 47 5.5 -2 0 0 7745
9 13 48 5.5 -2 0 0 7904
9 13 49 5.5 -2 0 0 10683
9 13 50 5.5 -2 0 0 7863
9 13 51 5.5 -2 0 0 15674
9 13 52 5.5 -2 0 0 13923
9 13 53 5.5 -2 0 0 9110
9 13 54 5.5 -2 0 0 11059
9 13 55 5.5 -2 0 0 14195
9 13 56 5.5 -2 0 0 11303
9 13 57 5.5 -2 0 0 13904
9 13 58 5.5 -2 0 0 9938
9 13 59 5.5 -2 0 0 13762
9 13 60 5.5 -2 0 0 8078
9 13 61 5.5 -2 0 0 16692
9 13 62 5.5 -2 0 0 16345
9 13 63 5.5 -2 0 0 10999
9 14 0 1.5 -2 0 0 10092
9 14 1 5.5 -2 0 0 9938
9 14 2 1.5 -2 0 0 11462
9 14 3 5.5 -2 0 0 7755
9 14 4 5.5 -2 0 0 8314
9 14 5 5.5 -2 0 0 10417
9 14 6 5.5 -2 0 0 12673
9 14 7 1.5 -2 0 0 11154
9 14 8 1.5 -2 0 0 9497
9 14 9 5.5 -2 0 0 11872
9 14 10 5.5 -2 0 0 14552
9 14 11 5.5 -2 0 0 7224
9 14 12 5.5 -2 0 0 11229
9 14 13 5.5 -2 0 0 1963
9 14 14 5.5 -2 0 0 8673
9 14 15 5.5 -2 0 0 2759
9 14 16 5.5 -2 0 0 16083
9 14 17 5.5 -2 0 0 8162
9 14 18 5.5 -2 0 0 7394
9 14 19 5.5 -2 0 0 10409
9 14 20 5.5 -2 0 0 8369
9 14 21 5.5 -2 0 0 13707
9 14 22 5.5 -2 0 0 2483
9 14 23 5.5 -2 0 0 7047
9 14 24 5.5 -2 0 0 9333
9 14 25 5.5 -2 0 0 9098
9 14 26 5.5 -2 0 0 7728
9 14 27 5.5 -2 0 0 8822
9 14 28 5.5 -2 0 0 6540
9 14 29 5.5 -2 0 0 6103
9 14 30 5.5 -2 0 0 7560
9 14 31 5.5 -2 0 0 7343
9 14 32 5.5 -2 0 0 3708
9 14 33 5.5 -2 0 0 1633
9 14 34 5.5 -2 0 0 6738
9 14 35 5.5 -2 0 0 8023
9 14 36 5.5 -2 0 0 796
9 14 37 5.5 -2 0 0 5312
9 14 38 5.5 -2 0 0 7144
9 14 39 5.5 -2 0 0 4996
9 14 40 5.5 -2 0 0 7372
9 14 41 5.5 -2 0 0 6965
9 14 42 5.5 -2 0 0 6270
9 14 43 5.5 -2 0 0 5700
9 14 44 5.5 -2 0 0 6427
9 14 45 5.5 -2 0 0 6331
9 14 46 5.5 -2 0 0 6022
9 14 47 5.5 -2 0 0 4971
9 14 48 5.5 -2 0 0 6013
9 14 49 5.5 -2 0 0 5937
9 14 50 5.5 -2 0 0 5392
9 14 51 5.5 -2 0 0 4313
9 14 52 5.5 -2 0 0 5385
9 14 53 5.5 -2 0 0 5032
9 14 54 5.5 -2 0 0 4545
9 14 55 5.5 -2 0 0 5217
9 14 56 1.5 -2 0 0 6133
9 14 57 1.5 -2 0 0 5793
9 14 58 1.5 -2 0 0 3225
9 14 59 1.5 -2 0 0 6160
9 14 60 1.5 -2 0 0 5736
9 14 61 1.5 -2 0 0 4790
9 14 62 1.5 -2 0 0 5136
9 14 63 1.5 -2 0 0 5216
9 15 0 5.5 -2 0 0 3517
9 15 1 5.5 -2 0 0 3771
9 15 2 5.5 -2 0 0 3721
9 15 3 5.5 -2 0 0 2727
9 15 4 5.5 -2 0 0 3501
9 15 5 5.5 -2 0 0 3549
9 15 6 1.5 -2 0 0 3156
9 15 7 5.5 -2 0 0 3026
9 15 8 5.5 -2 0 0 3962
9 15 9 5.5 -2 0 0 2437
9 15 10 5.5 -2 0 0 2990
9 15 11 5.5 -2 0 0 3789
9 15 12 5.5 -2 0 0 3038
9 15 13 5.5 -2 0 0 3531
9 15 14 5.5 -2 0 0 4859
9 15 15 5.5 -2 0 0 3401
9 15 16 5.5 -2 0 0 2738
9 15 17 5.5 -2 0 0 3463
9 15 18 5.5 -2 0 0 3231
9 15 19 5.5 -2 0 0 3090
9 15 20 5.5 -2 0 0 3655
9 15 21 5.5 -2 0 0 2978
9 15 22 5.5 -2 0 0 3188
9 15 23 5.5 -2 0 0 4160
9 15 24 5.5 -2 0 0 4214
9 15 25 5.5 -2 0 0 3309
9 15 26 5.5 -2 0 0 4758
9 15 27 5.5 -2 0 0 2878
9 15 28 5.5 -2 0 0 3373
9 15 29 5.5 -2 0 0 4560
9 15 30 5.5 -2 0 0 3356
9 15 31 5.5 -2 0 0 3421
9 15 32 5.5 -2 0 0 3205
9 15 33 5.5 -2 0 0 3923
9 15 34 5.5 -2 0 0 5271
9 15 35 5.5 -2 0 0 3515
9 15 36 5.5 -2 0 0 3767
9 15 37 5.5 -2 0 0 4717
9 15 38 5.5 -2 0 0 3892
9 15 39 5.5 -2 0 0 5929
9 15 40 5.5 -2 0 0 4449
9 15 41 5.5 -2 0 0 3581
9 15 42 5.5 -2 0 0 4178
9 15 43 5.5 -2 0 0 5315
9 15 44 5.5 -2 0 0 3772
9 15 45 5.5 -2 0 0 3895
9 15 46 5.5 -2 0 0 5624
9 15 47 5.5 -2 0 0 4293
9 15 48 5.5 -2 0 0 3799
9 15 49 5.5 -2 0 0 5014
9 15 50 5.5 -2 0 0 4324
9 15 51 5.5 -2 0 0 7251
9 15 52 5.5 -2 0 0 4634
9 15 53 5.5 -2 0 0 5079
9 15 54 5.5 -2 0 0 4976
9 15 55 5.5 -2 0 0 6422
9 15 56 5.5 -2 0 0 6190
9 15 57 5.5 -2 0 0 6781
9 15 58 5.5 -2 0 0 4911
9 15 59 5.5 -2 0 0 6178
9 15 60 5.5 -2 0 0 5077
9 15 61 5.5 -2 0 0 7893
9 15 62 5.5 -2 0 0 6159
9 15 63 1.5 -2 0 0 5666
10 0 0 1.5 -2 0 0 13395
10 0 1 1.5 -2 0 0 13009
10 0 2 1.5 -2 0 0 10099
10 0 3 5.5 -2 0 0 3699
10 0 4 1.5 -2 0 0 8094
10 0 5 1.5 -2 0 0 7841
10 0 6 1.5 -2 0 0 11309
10 0 7 1.5 -2 0 0 11131
10 0 8 1.5 -2 0 0 10469
10 0 9 5.5 -2 0 0 2489
10 0 10 5.5 -2 0 0 1197
10 0 11 1.5 -2 0 0 12167
10 0 12 1.5 -2 0 0 7536
10 0 13 5.5 -2 0 0 6115
10 0 14 1.5 -2 0 0 11393
10 0 15 5.5 -2 0 0 7871
10 0 16 5.5 -2 0 0 3007
10 0 17 5.5 -2 0 0 13263
10 0 18 5.5 -2 0 0 4415
10 0 19 5.5 -2 0 0 2599
10 0 20 5.5 -2 0 0 6576
10 0 21 5.5 -2 0 0 7448
10 0 22 5.5 -2 0 0 3593
10 0 23 5.5 -2 0 0 11330
10 0 24 5.5 -2 0 0 10174
10 0 25 5.5 -2 0 0 12937
10 0 26 5.5 -2 0 0 13638
10 0 27 5.5 -2 0 0 8434
10 0 28 5.5 -2 0 0 12309
10 0 29 5.5 -2 0 0 12877
10 0 30 5.5 -2 0 0 3154
10 0 31 5.5 -2 0 0 14893
10 0 32 5.5 -2 0 0 3042
10 0 33 5.5 -2 0 0 13160
10 0 34 5.5 -2 0 0 16612
10 0 35 5.5 -2 0 0 14255
10 0 36 5.5 -2 0 0 3937
10 0 37 5.5 -2 0 0 6961
10 0 38 5.5 -2 0 0 15709
10 0 39 5.5 -2 0 0 21113
10 0 40 5.5 -2 0 0 5772
10 0 41 5.5 -2 0 0 9762
10 0 42 5.5 -2 0 0 14343
10 0 43 5.5 -2 0 0 13073
10 0 44 5.5 -2 0 0 13254
10 0 45 5.5 -2 0 0 13382
10 0 46 5.5 -2 0 0 16154
10 0 47 5.5 -2 0 0 16881
10 0 48 5.5 -2 0 0 12006
10 0 49 5.5 -2 0 0 13203
10 0 50 5.5 -2 0 0 13249
10 0 51 5.5 -2 0 0 24015
10 0 52 1.5 -2 0 0 17151
10 0 53 1.5 -2 0 0 18025
10 0 54 1.5 -2 0 0 11456
10 0 55 1.5 -2 0 0 15110
10 0 56 1.5 -2 0 0 18747
10 0 57 1.5 -2 0 0 15998
10 0 58 1.5 -2 0 0 16135
10 0 59 1.5 -2 0 0 20406
10 0 60 5.5 -2 0 0 11858
10 0 61 1.5 -2 0 0 26491
10 0 62 1.5 -2 0 0 18277
10 0 63 1.5 -2 0 0 13353
10 1 0 5.5 -2 0 0 17403
10 1 1 5.5 -2 0 0 17913
10 1 2 5.5 -2 0 0 18245
10 1 3 5.5 -2 0 0 18078
10 1 4 5.5 -2 0 0 14717
10 1 5 5.5 -2 0 0 13724
10 1 6 5.5 -2 0 0 22626
10 1 7 5.5 -2 0 0 13057
10 1 8 5.5 -2 0 0 12712
10 1 9 5.5 -2 0 0 19033
10 1 10 5.5 -2 0 0 14467
10 1 11 5.5 -2 0 0 16125
10 1 12 5.5 -2 0 0 14197
10 1 13 5.5 -2 0 0 13313
10 1 14 5.5 -2 0 0 18030
10 1 15 5.5 -2 0 0 15282
10 1 16 5.5 -2 0 0 24760
10 1 17 5.5 -2 0 0 18592
10 1 18 5.5 -2 0 0 12275
10 1 19 5.5 -2 0 0 16477
10 1 20 5.5 -2 0 0 7009
10 1 21 5.5 -2 0 0 15444
10 1 22 5.5 -2 0 0 15784
10 1 23 5.5 -2 0 0 10482
10 1 24 5.5 -2 0 0 17123
10 1 25 5.5 -2 0 0 11945
10 1 26 5.5 -2 0 0 17536
10 1 27 5.5 -2 0 0 13973
10 1 28 5.5 -2 0 0 14713
10 1 29 5.5 -2 0 0 10550
10 1 30 5.5 -2 0 0 7943
10 1 31 5.5 -2 0 0 10977
10 1 32 5.5 -2 0 0 10670
10 1 33 5.5 -2 0 0 12596
10 1 34 5.5 -2 0 0 11666
10 1 35 5.5 -2 0 0 13006
10 1 36 5.5 -2 0 0 7153
10 1 37 5.5 -2 0 0 8527
10 1 38 5.5 -2 0 0 7341
10 1 39 5.5 -2 0 0 10458
10 1 40 5.5 -2 0 0 7868
10 1 41 5.5 -2 0 0 7821
10 1 42 5.5 -2 0 0 11312
10 1 43 5.5 -2 0 0 8562
10 1 44 5.5 -2 0 0 7199
10 1 45 5.5 -2 0 0 9108
10 1 46 5.5 -2 0 0 12140
10 1 47 5.5 -2 0 0 7672
10 1 48 5.5 -2 0 0 9046
10 1 49 5.5 -2 0 0 12518
10 1 50 5.5 -2 0 0 7019
10 1 51 5.5 -2 0 0 10212
10 1 52 5.5 -2 0 0 11844
10 1 53 5.5 -2 0 0 5537
10 1 54 5.5 -2 0 0 7656
10 1 55 5.5 -2 0 0 7268
10 1 56 5.5 -2 0 0 7107
10 1 57 5.5 -2 0 0 8476
10 1 58 5.5 -2 0 0 11890
10 1 59 5.5 -2 0 0 10173
10 1 60 5.5 -2 0 0 9347
10 1 61 5.5 -2 0 0 8274
10 1 62 1.5 -2 0 0 9338
10 1 63 5.5 -2 0 0 7273
10 2 0 1.5 -2 0 0 19551
10 2 1 1.5 -2 0 0 23406
10 2 2 1.5 -2 0 0 22801
10 2 3 1.5 -2 0 0 17660
10 2 4 1.5 -2 0 0 11883
10 2 5 1.5 -2 0 0 18977
10 2 6 1.5 -2 0 0 19795
10 2 7 1.5 -2 0 0 7057
10 2 8 1.5 -2 0 0 16895
10 2 9 1.5 -2 0 0 14676
10 2 10 1.5 -2 0 0 16264
10 2 11 1.5 -2 0 0 13258
10 2 12 1.5 -2 0 0 16121
10 2 13 1.5 -2 0 0 12701
10 2 14 1.5 -2 0 0 22186
10 2 15 5.5 -2 0 0 7683
10 2 16 5.5 -2 0 0 9116
10 2 17 1.5 -2 0 0 17525
10 2 18 1.5 -2 0 0 16262
10 2 19 1.5 -2 0 0 12531
10 2 20 5.5 -2 0 0 7392
10 2 21 1.5 -2 0 0 21793
10 2 22 1.5 -2 0 0 12550
10 2 23 1.5 -2 0 0 11182
10 2 24 5.5 -2 0 0 14762
10 2 25 1.5 -2 0 0 14673
10 2 26 5.5 -2 0 0 20797
10 2 27 5.5 -2 0 0 11876
10 2 28 5.5 -2 0 0 5710
10 2 29 5.5 -2 0 0 17726
10 2 30 5.5 -2 0 0 6364
10 2 31 5.5 -2 0 0 10336
10 2 32 1.5 -2 0 0 14815
10 2 33 5.5 -2 0 0 16793
10 2 34 5.5 -2 0 0 23000
10 2 35 1.5 -2 0 0 14705
10 2 36 5.5 -2 0 0 18141
10 2 37 5.5 -2 0 0 17925
10 2 38 5.5 -2 0 0 12704
10 2 39 5.5 -2 0 0 18148
10 2 40 5.5 -2 0 0 10450
10 2 41 5.5 -2 0 0 14029
10 2 42 5.5 -2 0 0 10923
10 2 43 5.5 -2 0 0 20251
10 2 44 5.5 -2 0 0 13306
10 2 45 5.5 -2 0 0 8981
10 2 46 5.5 -2 0 0 23870
10 2 47 1.5 -2 0 0 8701
10 2 48 5.5 -2 0 0 11052
10 2 49 1.5 -2 0 0 19305
10 2 50 5.5 -2 0 0 10909
10 2 51 1.5 -2 0 0 20020
10 2 52 1.5 -2 0 0 21639
10 2 53 1.5 -2 0 0 10753
10 2 54 1.5 -2 0 0 11789
10 2 55 1.5 -2 0 0 20525
10 2 56 1.5 -2 0 0 12622
10 2 57 1.5 -2 0 0 22263
10 2 58 1.5 -2 0 0 18729
10 2 59 1.5 -2 0 0 23887
10 2 60 1.5 -2 0 0 9827
10 2 61 1.5 -2 0 0 19834
10 2 62 1.5 -2 0 0 22911
10 2 63 1.5 -2 0 0 17717
10 3 0 0 -10 0 0 0
10 3 1 1.5 -2 0 0 21518
10 3 2 1.5 -2 0 0 19580
10 3 3 1.5 -2 0 0 27581
10 3 4 5.5 -2 0 0 24876
10 3 5 1.5 -2 0 0 23510
10 3 6 1.5 -2 0 0 24403
10 3 7 1.5 -2 0 0 25375
10 3 8 1.5 -2 0 0 19140
10 3 9 5.5 -2 0 0 23015
10 3 10 5.5 -2 0 0 20446
10 3 11 5.5 -2 0 0 16923
10 3 12 1.5 -2 0 0 21565
10 3 13 5.5 -2 0 0 25524
10 3 14 5.5 -2 0 0 29496
10 3 15 5.5 -2 0 0 25566
10 3 16 0 -10 0 0 0
10 3 17 5.5 -2 0 0 22627
10 3 18 5.5 -2 0 0 19861
10 3 19 5.5 -2 0 0 22377
10 3 20 5.5 -2 0 0 3535
10 3 21 5.5 -2 0 0 25956
10 3 22 5.5 -2 0 0 26800
10 3 23 5.5 -2 0 0 12714
10 3 24 5.5 -2 0 0 23981
10 3 25 5.5 -2 0 0 25110
10 3 26 0 -10 0 0 0
10 3 27 5.5 -2 0 0 9652
10 3 28 5.5 -2 0 0 25464
10 3 29 5.5 -2 0 0 16292
10 3 30 5.5 -2 0 0 16535
10 3 31 5.5 -2 0 0 26992
10 3 32 5.5 -2 0 0 24468
10 3 33 5.5 -2 0 0 18663
10 3 34 5.5 -2 0 0 21276
10 3 35 5.5 -2 0 0 28460
10 3 36 0 -10 0 0 0
10 3 37 5.5 -2 0 0 13452
10 3 38 5.5 -2 0 0 26771
10 3 39 5.5 -2 0 0 21539
10 3 40 5.5 -2 0 0 14907
10 3 41 5.5 -2 0 0 19586
10 3 42 5.5 -2 0 0 19647
10 3 43 5.5 -2 0 0 17294
10 3 44 5.5 -2 0 0 25209
10 3 45 5.5 -2 0 0 20481
10 3 46 5.5 -2 0 0 19348
10 3 47 5.5 -2 0 0 26655
10 3 48 5.5 -2 0 0 12255
10 3 49 5.5 -2 0 0 21445
10 3 50 5.5 -2 0 0 18182
10 3 51 5.5 -2 0 0 18038
10 3 52 5.5 -2 0 0 19816
10 3 53 5.5 -2 0 0 26151
10 3 54 5.5 -2 0 0 21052
10 3 55 5.5 -2 0 0 25711
10 3 56 5.5 -2 0 0 22040
10 3 57 5.5 -2 0 0 19595
10 3 58 5.5 -2 0 0 19469
10 3 59 5.5 -2 0 0 19001
10 3 60 1.5 -2 0 0 23337
10 3 61 1.5 -2 0 0 20338
10 3 62 1.5 -2 0 0 20174
10 3 63 1.5 -2 0 0 21781
10 4 0 5.5 -2 0 0 15709
10 4 1 5.5 -2 0 0 14226
10 4 2 1.5 -2 0 0 16220
10 4 3 5.5 -2 0 0 7808
10 4 4 5.5 -2 0 0 7122
10 4 5 1.5 -2 0 0 11439
10 4 6 1.5 -2 0 0 10822
10 4 7 1.5 -2 0 0 9352
10 4 8 5.5 -2 0 0 9358
10 4 9 1.5 -2 0 0 13254
10 4 10 5.5 -2 0 0 8071
10 4 11 5.5 -2 0 0 12427
10 4 12 5.5 -2 0 0 11001
10 4 13 5.5 -2 0 0 7988
10 4 14 5.5 -2 0 0 12405
10 4 15 1.5 -2 0 0 9188
10 4 16 5.5 -2 0 0 9815
10 4 17 5.5 -2 0 0 8519
10 4 18 5.5 -2 0 0 6529
10 4 19 5.5 -2 0 0 8581
10 4 20 5.5 -2 0 0 4770
10 4 21 5.5 -2 0 0 14158
10 4 22 5.5 -2 0 0 9329
10 4 23 1.5 -2 0 0 9322
10 4 24 5.5 -2 0 0 15767
10 4 25 5.5 -2 0 0 6269
10 4 26 5.5 -2 0 0 16239
10 4 27 5.5 -2 0 0 6549
10 4 28 5.5 -2 0 0 8066
10 4 29 5.5 -2 0 0 10073
10 4 30 5.5 -2 0 0 7259
10 4 31 5.5 -2 0 0 7982
10 4 32 5.5 -2 0 0 6298
10 4 33 5.5 -2 0 0 5654
10 4 34 5.5 -2 0 0 14042
10 4 35 5.5 -2 0 0 5670
10 4 36 5.5 -2 0 0 6775
10 4 37 5.5 -2 0 0 8862
10 4 38 5.5 -2 0 0 5221
10 4 39 5.5 -2 0 0 8474
10 4 40 5.5 -2 0 0 10038
10 4 41 5.5 -2 0 0 8011
10 4 42 5.5 -2 0 0 7345
10 4 43 5.5 -2 0 0 8979
10 4 44 5.5 -2 0 0 7001
10 4 45 5.5 -2 0 0 6103
10 4 46 5.5 -2 0 0 14453
10 4 47 5.5 -2 0 0 4486
10 4 48 5.5 -2 0 0 5459
10 4 49 1.5 -2 0 0 10545
10 4 50 5.5 -2 0 0 7625
10 4 51 5.5 -2 0 0 8041
10 4 52 5.5 -2 0 0 9048
10 4 53 5.5 -2 0 0 4958
10 4 54 1.5 -2 0 0 7519
10 4 55 5.5 -2 0 0 7785
10 4 56 1.5 -2 0 0 9198
10 4 57 1.5 -2 0 0 8462
10 4 58 1.5 -2 0 0 9170
10 4 59 5.5 -2 0 0 11713
10 4 60 1.5 -2 0 0 5513
10 4 61 5.5 -2 0 0 9240
10 4 62 1.5 -2 0 0 9983
10 4 63 1.5 -2 0 0 9142
10 5 0 1.5 -2 0 0 9095
10 5 1 1.5 -2 0 0 9721
10 5 2 1.5 -2 0 0 13915
10 5 3 1.5 -2 0 0 13322
10 5 4 1.5 -2 0 0 10682
10 5 5 1.5 -2 0 0 9962
10 5 6 1.5 -2 0 0 13620
10 5 7 1.5 -2 0 0 12945
10 5 8 1.5 -2 0 0 13689
10 5 9 1.5 -2 0 0 11155
10 5 10 1.5 -2 0 0 13606
10 5 11 1.5 -2 0 0 13942
10 5 12 1.5 -2 0 0 13793
10 5 13 1.5 -2 0 0 12307
10 5 14 1.5 -2 0 0 12007
10 5 15 5.5 -2 0 0 15471
10 5 16 1.5 -2 0 0 16276
10 5 17 1.5 -2 0 0 14889
10 5 18 1.5 -2 0 0 15248
10 5 19 5.5 -2 0 0 16198
10 5 20 1.5 -2 0 0 12929
10 5 21 1.5 -2 0 0 14118
10 5 22 5.5 -2 0 0 14720
10 5 23 5.5 -2 0 0 13379
10 5 24 5.5 -2 0 0 11689
10 5 25 5.5 -2 0 0 17502
10 5 26 1.5 -2 0 0 14377
10 5 27 5.5 -2 0 0 13748
10 5 28 5.5 -2 0 0 12731
10 5 29 5.5 -2 0 0 13088
10 5 30 5.5 -2 0 0 15188
10 5 31 5.5 -2 0 0 15334
10 5 32 1.5 -2 0 0 16239
10 5 33 5.5 -2 0 0 12725
10 5 34 1.5 -2 0 0 15644
10 5 35 5.5 -2 0 0 16266
10 5 36 5.5 -2 0 0 12447
10 5 37 5.5 -2 0 0 11949
10 5 38 5.5 -2 0 0 17316
10 5 39 5.5 -2 0 0 22973
10 5 40 5.5 -2 0 0 19965
10 5 41 1.5 -2 0 0 12949
10 5 42 5.5 -2 0 0 11246
10 5 43 5.5 -2 0 0 13829
10 5 44 1.5 -2 0 0 19558
10 5 45 5.5 -2 0 0 14348
10 5 46 5.5 -2 0 0 13237
10 5 47 5.5 -2 0 0 26876
10 5 48 1.5 -2 0 0 18599
10 5 49 1.5 -2 0 0 12589
10 5 50 1.5 -2 0 0 14791
10 5 51 1.5 -2 0 0 22833
10 5 52 1.5 -2 0 0 12921
10 5 53 1.5 -2 0 0 17685
10 5 54 1.5 -2 0 0 14025
10 5 55 1.5 -2 0 0 14726
10 5 56 1.5 -2 0 0 24669
10 5 57 1.5 -2 0 0 24118
10 5 58 1.5 -2 0 0 13815
10 5 59 1.5 -2 0 0 19088
10 5 60 1.5 -2 0 0 25422
10 5 61 1.5 -2 0 0 22083
10 5 62 1.5 -2 0 0 14220
10 5 63 1.5 -2 0 0 15189
10 6 0 5.5 -2 0 0 14367
10 6 1 1.5 -2 0 0 12354
10 6 2 1.5 -2 0 0 12598
10 6 3 1.5 -2 0 0 8951
10 6 4 1.5 -2 0 0 9227
10 6 5 5.5 -2 0 0 9616
10 6 6 1.5 -2 0 0 11452
10 6 7 1.5 -2 0 0 6671
10 6 8 1.5 -2 0 0 10149
10 6 9 5.5 -2 0 0 9424
10 6 10 1.5 -2 0 0 8736
10 6 11 1.5 -2 0 0 6715
10 6 12 1.5 -2 0 0 7237
10 6 13 1.5 -2 0 0 7036
10 6 14 5.5 -2 0 0 10382
10 6 15 5.5 -2 0 0 5421
10 6 16 5.5 -2 0 0 6574
10 6 17 5.5 -2 0 0 9661
10 6 18 5.5 -2 0 0 5524
10 6 19 5.5 -2 0 0 6165
10 6 20 5.5 -2 0 0 7581
10 6 21 5.5 -2 0 0 9879
10 6 22 1.5 -2 0 0 6884
10 6 23 5.5 -2 0 0 8939
10 6 24 5.5 -2 0 0 10247
10 6 25 5.5 -2 0 0 6602
10 6 26 5.5 -2 0 0 11306
10 6 27 5.5 -2 0 0 5740
10 6 28 5.5 -2 0 0 6536
10 6 29 5.5 -2 0 0 7058
10 6 30 5.5 -2 0 0 6274
10 6 31 5.5 -2 0 0 3900
10 6 32 5.5 -2 0 0 6275
10 6 33 5.5 -2 0 0 4889
10 6 34 5.5 -2 0 0 10687
10 6 35 5.5 -2 0 0 4741
10 6 36 5.5 -2 0 0 5655
10 6 37 5.5 -2 0 0 5500
10 6 38 5.5 -2 0 0 3817
10 6 39 5.5 -2 0 0 4718
10 6 40 5.5 -2 0 0 5691
10 6 41 5.5 -2 0 0 5595
10 6 42 5.5 -2 0 0 5620
10 6 43 5.5 -2 0 0 7221
10 6 44 5.5 -2 0 0 4883
10 6 45 5.5 -2 0 0 6172
10 6 46 5.5 -2 0 0 8053
10 6 47 5.5 -2 0 0 2375
10 6 48 5.5 -2 0 0 5696
10 6 49 5.5 -2 0 0 6158
10 6 50 1.5 -2 0 0 5267
10 6 51 5.5 -2 0 0 5797
10 6 52 1.5 -2 0 0 7269
10 6 53 5.5 -2 0 0 2869
10 6 54 1.5 -2 0 0 5673
10 6 55 1.5 -2 0 0 5276
10 6 56 1.5 -2 0 0 4327
10 6 57 1.5 -2 0 0 4878
10 6 58 1.5 -2 0 0 5499
10 6 59 1.5 -2 0 0 6195
10 6 60 1.5 -2 0 0 4802
10 6 61 1.5 -2 0 0 5832
10 6 62 1.5 -2 0 0 6703
10 6 63 1.5 -2 0 0 6310
10 7 0 1.5 -2 0 0 4761
10 7 1 1.5 -2 0 0 6389
10 7 2 1.5 -2 0 0 6610
10 7 3 5.5 -2 0 0 7154
10 7 4 1.5 -2 0 0 6736
10 7 5 1.5 -2 0 0 7233
10 7 6 1.5 -2 0 0 6483
10 7 7 1.5 -2 0 0 7531
10 7 8 1.5 -2 0 0 7147
10 7 9 1.5 -2 0 0 5988
10 7 10 1.5 -2 0 0 4935
10 7 11 1.5 -2 0 0 6763
10 7 12 1.5 -2 0 0 7500
10 7 13 1.5 -2 0 0 8062
10 7 14 1.5 -2 0 0 7597
10 7 15 1.5 -2 0 0 7732
10 7 16 5.5 -2 0 0 5043
10 7 17 5.5 -2 0 0 8336
10 7 18 1.5 -2 0 0 8106
10 7 19 5.5 -2 0 0 9554
10 7 20 1.5 -2 0 0 8744
10 7 21 1.5 -2 0 0 6351
10 7 22 5.5 -2 0 0 7893
10 7 23 1.5 -2 0 0 7883
10 7 24 1.5 -2 0 0 7672
10 7 25 5.5 -2 0 0 10368
10 7 26 5.5 -2 0 0 8963
10 7 27 5.5 -2 0 0 9908
10 7 28 1.5 -2 0 0 7532
10 7 29 5.5 -2 0 0 8244
10 7 30 5.5 -2 0 0 8402
10 7 31 5.5 -2 0 0 10443
10 7 32 5.5 -2 0 0 9217
10 7 33 5.5 -2 0 0 10058
10 7 34 1.5 -2 0 0 10065
10 7 35 5.5 -2 0 0 13700
10 7 36 5.5 -2 0 0 10177
10 7 37 5.5 -2 0 0 8910
10 7 38 5.5 -2 0 0 14917
10 7 39 5.5 -2 0 0 18229
10 7 40 5.5 -2 0 0 9224
10 7 41 5.5 -2 0 0 10815
10 7 42 1.5 -2 0 0 8944
10 7 43 1.5 -2 0 0 10741
10 7 44 5.5 -2 0 0 11130
10 7 45 1.5 -2 0 0 12723
10 7 46 1.5 -2 0 0 9626
10 7 47 5.5 -2 0 0 19827
10 7 48 1.5 -2 0 0 8994
10 7 49 1.5 -2 0 0 11334
10 7 50 1.5 -2 0 0 14489
10 7 51 5.5 -2 0 0 14889
10 7 52 1.5 -2 0 0 9145
10 7 53 1.5 -2 0 0 14631
10 7 54 1.5 -2 0 0 14066
10 7 55 1.5 -2 0 0 13082
10 7 56 1.5 -2 0 0 13407
10 7 57 1.5 -2 0 0 16786
10 7 58 1.5 -2 0 0 11368
10 7 59 1.5 -2 0 0 11850
10 7 60 1.5 -2 0 0 18603
10 7 61 1.5 -2 0 0 15037
10 7 62 1.5 -2 0 0 11192
10 7 63 1.5 -2 0 0 13974
10 8 0 1.5 -2 0 0 11289
10 8 1 1.5 -2 0 0 11561
10 8 2 1.5 -2 0 0 9901
10 8 3 1.5 -2 0 0 12157
10 8 4 1.5 -2 0 0 9109
10 8 5 1.5 -2 0 0 9156
10 8 6 1.5 -2 0 0 13627
10 8 7 1.5 -2 0 0 10894
10 8 8 1.5 -2 0 0 9524
10 8 9 1.5 -2 0 0 11616
10 8 10 1.5 -2 0 0 12405
10 8 11 1.5 -2 0 0 9783
10 8 12 1.5 -2 0 0 11847
10 8 13 1.5 -2 0 0 16768
10 8 14 0 -10 0 0 0
10 8 15 1.5 -2 0 0 12037
10 8 16 1.5 -2 0 0 14852
10 8 17 1.5 -2 0 0 13461
10 8 18 1.5 -2 0 0 9846
10 8 19 1.5 -2 0 0 12979
10 8 20 5.5 -2 0 0 9043
10 8 21 5.5 -2 0 0 7419
10 8 22 5.5 -2 0 0 9135
10 8 23 5.5 -2 0 0 8285
10 8 24 5.5 -2 0 0 9913
10 8 25 1.5 -2 0 0 13762
10 8 26 5.5 -2 0 0 10973
10 8 27 5.5 -2 0 0 11471
10 8 28 5.5 -2 0 0 13891
10 8 29 5.5 -2 0 0 14182
10 8 30 5.5 -2 0 0 11731
10 8 31 5.5 -2 0 0 14917
10 8 32 5.5 -2 0 0 19095
10 8 33 5.5 -2 0 0 16036
10 8 34 5.5 -2 0 0 10603
10 8 35 5.5 -2 0 0 24378
10 8 36 5.5 -2 0 0 14130
10 8 37 5.5 -2 0 0 9361
10 8 38 5.5 -2 0 0 25425
10 8 39 5.5 -2 0 0 23469
10 8 40 5.5 -2 0 0 8489
10 8 41 5.5 -2 0 0 16077
10 8 42 5.5 -2 0 0 9960
10 8 43 5.5 -2 0 0 13951
10 8 44 5.5 -2 0 0 21079
10 8 45 1.5 -2 0 0 19530
10 8 46 5.5 -2 0 0 11002
10 8 47 5.5 -2 0 0 24382
10 8 48 5.5 -2 0 0 12188
10 8 49 5.5 -2 0 0 8413
10 8 50 1.5 -2 0 0 13991
10 8 51 5.5 -2 0 0 16702
10 8 52 5.5 -2 0 0 12187
10 8 53 1.5 -2 0 0 19919
10 8 54 1.5 -2 0 0 13782
10 8 55 1.5 -2 0 0 17015
10 8 56 1.5 -2 0 0 17319
10 8 57 5.5 -2 0 0 17571
10 8 58 1.5 -2 0 0 11114
10 8 59 1.5 -2 0 0 12743
10 8 60 1.5 -2 0 0 23038
10 8 61 0 -10 0 0 0
10 8 62 1.5 -2 0 0 14987
10 8 63 1.5 -2 0 0 12589
10 9 0 5.5 -2 0 0 9121
10 9 1 5.5 -2 0 0 8670
10 9 2 5.5 -2 0 0 7040
10 9 3 5.5 -2 0 0 3238
10 9 4 5.5 -2 0 0 2479
10 9 5 5.5 -2 0 0 3601
10 9 6 5.5 -2 0 0 5986
10 9 7 5.5 -2 0 0 2830
10 9 8 5.5 -2 0 0 5018
10 9 9 5.5 -2 0 0 3823
10 9 10 5.5 -2 0 0 3621
10 9 11 1.5 -2 0 0 7162
10 9 12 5.5 -2 0 0 5162
10 9 13 5.5 -2 0 0 2075
10 9 14 5.5 -2 0 0 7577
10 9 15 5.5 -2 0 0 2788
10 9 16 5.5 -2 0 0 3227
10 9 17 5.5 -2 0 0 5852
10 9 18 5.5 -2 0 0 3086
10 9 19 5.5 -2 0 0 3661
10 9 20 5.5 -2 0 0 2030
10 9 21 5.5 -2 0 0 7414
10 9 22 5.5 -2 0 0 5193
10 9 23 5.5 -2 0 0 2807
10 9 24 5.5 -2 0 0 6846
10 9 25 5.5 -2 0 0 2247
10 9 26 5.5 -2 0 0 6451
10 9 27 5.5 -2 0 0 1792
10 9 28 5.5 -2 0 0 1507
10 9 29 5.5 -2 0 0 4077
10 9 30 5.5 -2 0 0 1458
10 9 31 5.5 -2 0 0 1572
10 9 32 5.5 -2 0 0 1817
10 9 33 5.5 -2 0 0 1553
10 9 34 5.5 -2 0 0 8940
10 9 35 5.5 -2 0 0 2531
10 9 36 5.5 -2 0 0 1385
10 9 37 5.5 -2 0 0 1822
10 9 38 5.5 -2 0 0 2526
10 9 39 5.5 -2 0 0 2430
10 9 40 5.5 -2 0 0 1821
10 9 41 5.5 -2 0 0 1945
10 9 42 5.5 -2 0 0 1178
10 9 43 5.5 -2 0 0 3621
10 9 44 5.5 -2 0 0 804
10 9 45 5.5 -2 0 0 2188
10 9 46 5.5 -2 0 0 5147
10 9 47 5.5 -2 0 0 1960
10 9 48 5.5 -2 0 0 2054
10 9 49 5.5 -2 0 0 3396
10 9 50 5.5 -2 0 0 941
10 9 51 5.5 -2 0 0 3166
10 9 52 5.5 -2 0 0 3805
10 9 53 5.5 -2 0 0 1066
10 9 54 5.5 -2 0 0 2125
10 9 55 5.5 -2 0 0 3853
10 9 56 5.5 -2 0 0 3122
10 9 57 5.5 -2 0 0 3244
10 9 58 5.5 -2 0 0 2118
10 9 59 5.5 -2 0 0 4705
10 9 60 1.5 -2 0 0 3908
10 9 61 5.5 -2 0 0 4354
10 9 62 1.5 -2 0 0 5755
10 9 63 1.5 -2 0 0 2083
10 10 0 1.5 -2 0 0 17467
10 10 1 1.5 -2 0 0 18879
10 10 2 1.5 -2 0 0 20464
10 10 3 1.5 -2 0 0 23130
10 10 4 1.5 -2 0 0 18868
10 10 5 1.5 -2 0 0 22252
10 10 6 1.5 -2 0 0 23236
10 10 7 1.5 -2 0 0 32019
10 10 8 1.5 -2 0 0 19214
10 10 9 1.5 -2 0 0 26043
10 10 10 1.5 -2 0 0 23659
10 10 11 1.5 -2 0 0 18963
10 10 12 1.5 -2 0 0 21211
10 10 13 1.5 -2 0 0 28844
10 10 14 1.5 -2 0 0 22767
10 10 15 1.5 -2 0 0 26209
10 10 16 1.5 -2 0 0 32183
10 10 17 1.5 -2 0 0 18568
10 10 18 1.5 -2 0 0 19136
10 10 19 1.5 -2 0 0 23665
10 10 20 1.5 -2 0 0 11574
10 10 21 5.5 -2 0 0 24414
10 10 22 1.5 -2 0 0 23402
10 10 23 1.5 -2 0 0 15506
10 10 24 1.5 -2 0 0 21931
10 10 25 1.5 -2 0 0 29449
10 10 26 1.5 -2 0 0 22122
10 10 27 1.5 -2 0 0 17829
10 10 28 1.5 -2 0 0 27589
10 10 29 1.5 -2 0 0 19613
10 10 30 5.5 -2 0 0 9432
10 10 31 5.5 -2 0 0 35065
10 10 32 1.5 -2 0 0 23140
10 10 33 1.5 -2 0 0 19145
10 10 34 5.5 -2 0 0 18602
10 10 35 5.5 -2 0 0 26546
10 10 36 5.5 -2 0 0 10606
10 10 37 5.5 -2 0 0 11651
10 10 38 1.5 -2 0 0 31218
10 10 39 1.5 -2 0 0 23456
10 10 40 5.5 -2 0 0 7849
10 10 41 1.5 -2 0 0 24014
10 10 42 1.5 -2 0 0 16341
10 10 43 1.5 -2 0 0 24925
10 10 44 1.5 -2 0 0 26792
10 10 45 1.5 -2 0 0 29182
10 10 46 1.5 -2 0 0 19623
10 10 47 0 -10 0 0 0
10 10 48 1.5 -2 0 0 16896
10 10 49 1.5 -2 0 0 17103
10 10 50 1.5 -2 0 0 29537
10 10 51 1.5 -2 0 0 19834
10 10 52 1.5 -2 0 0 19645
10 10 53 1.5 -2 0 0 24974
10 10 54 1.5 -2 0 0 22083
10 10 55 1.5 -2 0 0 20665
10 10 56 1.5 -2 0 0 23997
10 10 57 1.5 -2 0 0 19907
10 10 58 1.5 -2 0 0 21900
10 10 59 1.5 -2 0 0 17090
10 10 60 1.5 -2 0 0 28468
10 10 61 1.5 -2 0 0 20166
10 10 62 1.5 -2 0 0 20980
10 10 63 1.5 -2 0 0 20813
10 11 0 5.5 -2 0 0 15104
10 11 1 5.5 -2 0 0 9098
10 11 2 5.5 -2 0 0 10137
10 11 3 1.5 -2 0 0 12008
10 11 4 5.5 -2 0 0 7007
10 11 5 5.5 -2 0 0 9103
10 11 6 5.5 -2 0 0 13473
10 11 7 5.5 -2 0 0 9754
10 11 8 5.5 -2 0 0 9247
10 11 9 5.5 -2 0 0 5090
10 11 10 5.5 -2 0 0 4301
10 11 11 5.5 -2 0 0 10407
10 11 12 5.5 -2 0 0 12918
10 11 13 5.5 -2 0 0 10448
10 11 14 5.5 -2 0 0 17304
10 11 15 5.5 -2 0 0 11062
10 11 16 5.5 -2 0 0 9004
10 11 17 5.5 -2 0 0 14034
10 11 18 5.5 -2 0 0 12671
10 11 19 5.5 -2 0 0 10162
10 11 20 5.5 -2 0 0 8886
10 11 21 5.5 -2 0 0 4815
10 11 22 5.5 -2 0 0 5734
10 11 23 5.5 -2 0 0 9226
10 11 24 5.5 -2 0 0 10894
10 11 25 5.5 -2 0 0 7916
10 11 26 5.5 -2 0 0 20145
10 11 27 5.5 -2 0 0 11012
10 11 28 5.5 -2 0 0 10063
10 11 29 5.5 -2 0 0 17802
10 11 30 5.5 -2 0 0 6410
10 11 31 5.5 -2 0 0 10218
10 11 32 5.5 -2 0 0 9853
10 11 33 5.5 -2 0 0 5834
10 11 34 5.5 -2 0 0 17787
10 11 35 5.5 -2 0 0 10460
10 11 36 5.5 -2 0 0 5701
10 11 37 5.5 -2 0 0 5767
10 11 38 5.5 -2 0 0 6817
10 11 39 5.5 -2 0 0 7931
10 11 40 5.5 -2 0 0 6338
10 11 41 5.5 -2 0 0 10661
10 11 42 5.5 -2 0 0 11365
10 11 43 5.5 -2 0 0 12357
10 11 44 5.5 -2 0 0 9575
10 11 45 5.5 -2 0 0 7709
10 11 46 5.5 -2 0 0 16987
10 11 47 5.5 -2 0 0 5391
10 11 48 5.5 -2 0 0 11591
10 11 49 5.5 -2 0 0 9377
10 11 50 5.5 -2 0 0 8276
10 11 51 5.5 -2 0 0 11693
10 11 52 5.5 -2 0 0 12953
10 11 53 5.5 -2 0 0 6487
10 11 54 5.5 -2 0 0 8039
10 11 55 5.5 -2 0 0 11799
10 11 56 5.5 -2 0 0 9507
10 11 57 5.5 -2 0 0 10061
10 11 58 5.5 -2 0 0 9143
10 11 59 5.5 -2 0 0 15586
10 11 60 5.5 -2 0 0 7035
10 11 61 5.5 -2 0 0 13434
10 11 62 5.5 -2 0 0 18596
10 11 63 5.5 -2 0 0 10428
10 12 0 1.5 -2 0 0 21067
10 12 1 1.5 -2 0 0 16442
10 12 2 5.5 -2 0 0 22029
10 12 3 1.5 -2 0 0 20106
10 12 4 1.5 -2 0 0 13338
10 12 5 5.5 -2 0 0 16230
10 12 6 5.5 -2 0 0 23389
10 12 7 5.5 -2 0 0 17986
10 12 8 5.5 -2 0 0 15348
10 12 9 5.5 -2 0 0 26490
10 12 10 5.5 -2 0 0 22313
10 12 11 5.5 -2 0 0 12225
10 12 12 5.5 -2 0 0 16118
10 12 13 5.5 -2 0 0 15252
10 12 14 5.5 -2 0 0 15311
10 12 15 5.5 -2 0 0 15497
10 12 16 5.5 -2 0 0 25900
10 12 17 5.5 -2 0 0 14056
10 12 18 5.5 -2 0 0 19828
10 12 19 5.5 -2 0 0 23489
10 12 20 5.5 -2 0 0 15637
10 12 21 5.5 -2 0 0 28007
10 12 22 5.5 -2 0 0 16629
10 12 23 5.5 -2 0 0 10481
10 12 24 5.5 -2 0 0 15328
10 12 25 5.5 -2 0 0 21916
10 12 26 5.5 -2 0 0 17843
10 12 27 5.5 -2 0 0 15007
10 12 28 5.5 -2 0 0 20682
10 12 29 5.5 -2 0 0 11929
10 12 30 5.5 -2 0 0 16354
10 12 31 5.5 -2 0 0 16528
10 12 32 5.5 -2 0 0 16571
10 12 33 5.5 -2 0 0 16825
10 12 34 5.5 -2 0 0 13012
10 12 35 5.5 -2 0 0 19551
10 12 36 5.5 -2 0 0 12143
10 12 37 5.5 -2 0 0 14156
10 12 38 5.5 -2 0 0 16469
10 12 39 5.5 -2 0 0 11913
10 12 40 5.5 -2 0 0 13747
10 12 41 5.5 -2 0 0 17999
10 12 42 5.5 -2 0 0 12374
10 12 43 5.5 -2 0 0 14192
10 12 44 5.5 -2 0 0 14923
10 12 45 5.5 -2 0 0 13901
10 12 46 5.5 -2 0 0 14147
10 12 47 5.5 -2 0 0 14040
10 12 48 5.5 -2 0 0 16458
10 12 49 5.5 -2 0 0 11898
10 12 50 5.5 -2 0 0 11881
10 12 51 5.5 -2 0 0 10455
10 12 52 5.5 -2 0 0 11014
10 12 53 5.5 -2 0 0 13369
10 12 54 5.5 -2 0 0 14323
10 12 55 5.5 -2 0 0 9814
10 12 56 5.5 -2 0 0 10629
10 12 57 5.5 -2 0 0 12046
10 12 58 1.5 -2 0 0 12380
10 12 59 5.5 -2 0 0 11661
10 12 60 5.5 -2 0 0 12445
10 12 61 1.5 -2 0 0 9836
10 12 62 1.5 -2 0 0 11274
10 12 63 1.5 -2 0 0 11126
10 13 0 1.5 -2 0 0 10405
10 13 1 1.5 -2 0 0 9081
10 13 2 1.5 -2 0 0 9351
10 13 3 1.5 -2 0 0 7119
10 13 4 1.5 -2 0 0 8753
10 13 5 1.5 -2 0 0 8952
10 13 6 1.5 -2 0 0 8053
10 13 7 1.5 -2 0 0 6121
10 13 8 1.5 -2 0 0 8500
10 13 9 1.5 -2 0 0 7749
10 13 10 1.5 -2 0 0 7000
10 13 11 1.5 -2 0 0 8684
10 13 12 1.5 -2 0 0 7436
10 13 13 1.5 -2 0 0 6255
10 13 14 1.5 -2 0 0 12444
10 13 15 1.5 -2 0 0 7572
10 13 16 1.5 -2 0 0 6974
10 13 17 1.5 -2 0 0 11359
10 13 18 1.5 -2 0 0 8071
10 13 19 1.5 -2 0 0 6880
10 13 20 1.5 -2 0 0 8010
10 13 21 5.5 -2 0 0 8144
10 13 22 1.5 -2 0 0 6197
10 13 23 5.5 -2 0 0 8225
10 13 24 5.5 -2 0 0 10027
10 13 25 5.5 -2 0 0 6002
10 13 26 5.5 -2 0 0 14078
10 13 27 1.5 -2 0 0 8480
10 13 28 1.5 -2 0 0 6692
10 13 29 5.5 -2 0 0 10687
10 13 30 5.5 -2 0 0 6932
10 13 31 5.5 -2 0 0 7833
10 13 32 5.5 -2 0 0 6823
10 13 33 5.5 -2 0 0 7659
10 13 34 5.5 -2 0 0 13166
10 13 35 5.5 -2 0 0 7754
10 13 36 5.5 -2 0 0 9081
10 13 37 5.5 -2 0 0 7766
10 13 38 5.5 -2 0 0 8482
10 13 39 5.5 -2 0 0 8892
10 13 40 5.5 -2 0 0 7811
10 13 41 5.5 -2 0 0 8942
10 13 42 5.5 -2 0 0 12133
10 13 43 5.5 -2 0 0 10839
10 13 44 5.5 -2 0 0 7586
10 13 45 5.5 -2 0 0 7953
10 13 46 5.5 -2 0 0 13399
10 13 47 5.5 -2 0 0 9110
10 13 48 5.5 -2 0 0 6958
10 13 49 1.5 -2 0 0 13054
10 13 50 5.5 -2 0 0 8536
10 13 51 1.5 -2 0 0 16684
10 13 52 1.5 -2 0 0 14149
10 13 53 1.5 -2 0 0 7243
10 13 54 1.5 -2 0 0 10886
10 13 55 1.5 -2 0 0 13893
10 13 56 1.5 -2 0 0 14350
10 13 57 1.5 -2 0 0 8487
10 13 58 1.5 -2 0 0 9490
10 13 59 1.5 -2 0 0 14928
10 13 60 1.5 -2 0 0 8650
10 13 61 1.5 -2 0 0 19881
10 13 62 1.5 -2 0 0 15438
10 13 63 1.5 -2 0 0 13162
10 14 0 1.5 -2 0 0 8448
10 14 1 1.5 -2 0 0 10150
10 14 2 1.5 -2 0 0 11048
10 14 3 1.5 -2 0 0 9981
10 14 4 1.5 -2 0 0 8687
10 14 5 1.5 -2 0 0 8180
10 14 6 1.5 -2 0 0 9881
10 14 7 1.5 -2 0 0 11316
10 14 8 1.5 -2 0 0 8067
10 14 9 1.5 -2 0 0 12475
10 14 10 1.5 -2 0 0 12999
10 14 11 1.5 -2 0 0 6771
10 14 12 1.5 -2 0 0 9775
10 14 13 1.5 -2 0 0 7936
10 14 14 1.5 -2 0 0 8115
10 14 15 1.5 -2 0 0 7244
10 14 16 1.5 -2 0 0 12425
10 14 17 5.5 -2 0 0 6921
10 14 18 1.5 -2 0 0 7010
10 14 19 5.5 -2 0 0 8694
10 14 20 1.5 -2 0 0 6987
10 14 21 5.5 -2 0 0 10625
10 14 22 5.5 -2 0 0 9187
10 14 23 5.5 -2 0 0 6406
10 14 24 5.5 -2 0 0 7736
10 14 25 5.5 -2 0 0 9070
10 14 26 5.5 -2 0 0 6270
10 14 27 5.5 -2 0 0 7111
10 14 28 5.5 -2 0 0 7434
10 14 29 5.5 -2 0 0 6714
10 14 30 5.5 -2 0 0 6389
10 14 31 5.5 -2 0 0 6768
10 14 32 5.5 -2 0 0 7066
10 14 33 5.5 -2 0 0 6243
10 14 34 1.5 -2 0 0 7325
10 14 35 1.5 -2 0 0 7366
10 14 36 1.5 -2 0 0 5061
10 14 37 5.5 -2 0 0 5035
10 14 38 1.5 -2 0 0 5978
10 14 39 5.5 -2 0 0 3652
10 14 40 1.5 -2 0 0 6142
10 14 41 5.5 -2 0 0 6112
10 14 42 5.5 -2 0 0 5500
10 14 43 1.5 -2 0 0 5355
10 14 44 1.5 -2 0 0 6626
10 14 45 0 -10 0 0 0
10 14 46 1.5 -2 0 0 5733
10 14 47 5.5 -2 0 0 3272
10 14 48 1.5 -2 0 0 5976
10 14 49 1.5 -2 0 0 5102
10 14 50 1.5 -2 0 0 5531
10 14 51 1.5 -2 0 0 3106
10 14 52 1.5 -2 0 0 5679
10 14 53 1.5 -2 0 0 4505
10 14 54 1.5 -2 0 0 5123
10 14 55 1.5 -2 0 0 4602
10 14 56 1.5 -2 0 0 4779
10 14 57 1.5 -2 0 0 4136
10 14 58 1.5 -2 0 0 4469
10 14 59 1.5 -2 0 0 5755
10 14 60 1.5 -2 0 0 3234
10 14 61 1.5 -2 0 0 3717
10 14 62 1.5 -2 0 0 4550
10 14 63 1.5 -2 0 0 4983
10 15 0 1.5 -2 0 0 3704
10 15 1 1.5 -2 0 0 2260
10 15 2 1.5 -2 0 0 3222
10 15 3 1.5 -2 0 0 3236
10 15 4 1.5 -2 0 0 3826
10 15 5 1.5 -2 0 0 3241
10 15 6 1.5 -2 0 0 2661
10 15 7 1.5 -2 0 0 3733
10 15 8 1.5 -2 0 0 4019
10 15 9 1.5 -2 0 0 2560
10 15 10 1.5 -2 0 0 2490
10 15 11 1.5 -2 0 0 5033
10 15 12 1.5 -2 0 0 3561
10 15 13 1.5 -2 0 0 3360
10 15 14 5.5 -2 0 0 5363
10 15 15 1.5 -2 0 0 4780
10 15 16 5.5 -2 0 0 2569
10 15 17 1.5 -2 0 0 5176
10 15 18 1.5 -2 0 0 3823
10 15 19 1.5 -2 0 0 4023
10 15 20 5.5 -2 0 0 4143
10 15 21 5.5 -2 0 0 2812
10 15 22 1.5 -2 0 0 2716
10 15 23 5.5 -2 0 0 4773
10 15 24 1.5 -2 0 0 4806
10 15 25 5.5 -2 0 0 2072
10 15 26 5.5 -2 0 0 4846
10 15 27 5.5 -2 0 0 4208
10 15 28 5.5 -2 0 0 3267
10 15 29 5.5 -2 0 0 4784
10 15 30 1.5 -2 0 0 4023
10 15 31 5.5 -2 0 0 3427
10 15 32 5.5 -2 0 0 3809
10 15 33 5.5 -2 0 0 3671
10 15 34 5.5 -2 0 0 5825
10 15 35 1.5 -2 0 0 4779
10 15 36 5.5 -2 0 0 4039
10 15 37 5.5 -2 0 0 5160
10 15 38 5.5 -2 0 0 4397
10 15 39 1.5 -2 0 0 6699
10 15 40 1.5 -2 0 0 5291
10 15 41 5.5 -2 0 0 4510
10 15 42 5.5 -2 0 0 3890
10 15 43 5.5 -2 0 0 6349
10 15 44 5.5 -2 0 0 5104
10 15 45 1.5 -2 0 0 4267
10 15 46 1.5 -2 0 0 5720
10 15 47 1.5 -2 0 0 5733
10 15 48 1.5 -2 0 0 3790
10 15 49 1.5 -2 0 0 5291
10 15 50 1.5 -2 0 0 5886
10 15 51 1.5 -2 0 0 8524
10 15 52 1.5 -2 0 0 5707
10 15 53 1.5 -2 0 0 6024
10 15 54 1.5 -2 0 0 4895
10 15 55 1.5 -2 0 0 6722
10 15 56 1.5 -2 0 0 6761
10 15 57 1.5 -2 0 0 7244
10 15 58 1.5 -2 0 0 5885
10 15 59 1.5 -2 0 0 6170
10 15 60 1.5 -2 0 0 5368
10 15 61 1.5 -2 0 0 8093
10 15 62 1.5 -2 0 0 6850
10 15 63 1.5 -2 0 0 6501
11 0 0 1.5 -2 0 0 12658
11 0 1 5.5 -2 0 0 7402
11 0 2 5.5 -2 0 0 7131
11 0 3 5.5 -2 0 0 10671
11 0 4 5.5 -2 0 0 8004
11 0 5 5.5 -2 0 0 5769
11 0 6 5.5 -2 0 0 10730
11 0 7 5.5 -2 0 0 11230
11 0 8 5.5 -2 0 0 13722
11 0 9 5.5 -2 0 0 8958
11 0 10 5.5 -2 0 0 8626
11 0 11 5.5 -2 0 0 16184
11 0 12 5.5 -2 0 0 9981
11 0 13 5.5 -2 0 0 12732
11 0 14 5.5 -2 0 0 10812
11 0 15 5.5 -2 0 0 8957
11 0 16 5.5 -2 0 0 8551
11 0 17 5.5 -2 0 0 11776
11 0 18 5.5 -2 0 0 6181
11 0 19 5.5 -2 0 0 11262
11 0 20 5.5 -2 0 0 10196
11 0 21 5.5 -2 0 0 6541
11 0 22 5.5 -2 0 0 5552
11 0 23 5.5 -2 0 0 16071
11 0 24 5.5 -2 0 0 14923
11 0 25 5.5 -2 0 0 13634
11 0 26 5.5 -2 0 0 17576
11 0 27 5.5 -2 0 0 10464
11 0 28 5.5 -2 0 0 9686
11 0 29 5.5 -2 0 0 18133
11 0 30 5.5 -2 0 0 8137
11 0 31 5.5 -2 0 0 9851
11 0 32 5.5 -2 0 0 13088
11 0 33 5.5 -2 0 0 13181
11 0 34 5.5 -2 0 0 21847
11 0 35 5.5 -2 0 0 9915
11 0 36 5.5 -2 0 0 8086
11 0 37 5.5 -2 0 0 14654
11 0 38 5.5 -2 0 0 15908
11 0 39 5.5 -2 0 0 23071
11 0 40 5.5 -2 0 0 8985
11 0 41 5.5 -2 0 0 8214
11 0 42 5.5 -2 0 0 15539
11 0 43 5.5 -2 0 0 12170
11 0 44 5.5 -2 0 0 7408
11 0 45 5.5 -2 0 0 16570
11 0 46 5.5 -2 0 0 22744
11 0 47 5.5 -2 0 0 19275
11 0 48 5.5 -2 0 0 9820
11 0 49 5.5 -2 0 0 9089
11 0 50 5.5 -2 0 0 11247
11 0 51 5.5 -2 0 0 25692
11 0 52 5.5 -2 0 0 12470
11 0 53 5.5 -2 0 0 18977
11 0 54 5.5 -2 0 0 12833
11 0 55 5.5 -2 0 0 18588
11 0 56 5.5 -2 0 0 11723
11 0 57 5.5 -2 0 0 21489
11 0 58 5.5 -2 0 0 12459
11 0 59 5.5 -2 0 0 24484
11 0 60 5.5 -2 0 0 10162
11 0 61 5.5 -2 0 0 21230
11 0 62 5.5 -2 0 0 25349
11 0 63 5.5 -2 0 0 21284
11 1 0 5.5 -2 0 0 12582
11 1 1 5.5 -2 0 0 13701
11 1 2 5.5 -2 0 0 16984
11 1 3 5.5 -2 0 0 15217
11 1 4 5.5 -2 0 0 11706
11 1 5 5.5 -2 0 0 15190
11 1 6 5.5 -2 0 0 17493
11 1 7 5.5 -2 0 0 16152
11 1 8 5.5 -2 0 0 9881
11 1 9 5.5 -2 0 0 14987
11 1 10 5.5 -2 0 0 11153
11 1 11 5.5 -2 0 0 14301
11 1 12 5.5 -2 0 0 8508
11 1 13 5.5 -2 0 0 8518
11 1 14 5.5 -2 0 0 15839
11 1 15 5.5 -2 0 0 11635
11 1 16 5.5 -2 0 0 19247
11 1 17 5.5 -2 0 0 13742
11 1 18 5.5 -2 0 0 9401
11 1 19 5.5 -2 0 0 9340
11 1 20 5.5 -2 0 0 9454
11 1 21 5.5 -2 0 0 16853
11 1 22 5.5 -2 0 0 9320
11 1 23 5.5 -2 0 0 6765
11 1 24 5.5 -2 0 0 14816
11 1 25 5.5 -2 0 0 8846
11 1 26 5.5 -2 0 0 14098
11 1 27 5.5 -2 0 0 10921
11 1 28 5.5 -2 0 0 12601
11 1 29 5.5 -2 0 0 11560
11 1 30 5.5 -2 0 0 9139
11 1 31 5.5 -2 0 0 8002
11 1 32 5.5 -2 0 0 10448
11 1 33 5.5 -2 0 0 7432
11 1 34 5.5 -2 0 0 10821
11 1 35 5.5 -2 0 0 6737
11 1 36 5.5 -2 0 0 8908
11 1 37 5.5 -2 0 0 9849
11 1 38 5.5 -2 0 0 5140
11 1 39 5.5 -2 0 0 7030
11 1 40 5.5 -2 0 0 5657
11 1 41 5.5 -2 0 0 8727
11 1 42 5.5 -2 0 0 9561
11 1 43 5.5 -2 0 0 9745
11 1 44 5.5 -2 0 0 7865
11 1 45 5.5 -2 0 0 9522
11 1 46 5.5 -2 0 0 12415
11 1 47 5.5 -2 0 0 7238
11 1 48 5.5 -2 0 0 8228
11 1 49 5.5 -2 0 0 9292
11 1 50 5.5 -2 0 0 5589
11 1 51 5.5 -2 0 0 4804
11 1 52 5.5 -2 0 0 6615
11 1 53 5.5 -2 0 0 4340
11 1 54 5.5 -2 0 0 6434
11 1 55 5.5 -2 0 0 7982
11 1 56 5.5 -2 0 0 6498
11 1 57 5.5 -2 0 0 8040
11 1 58 5.5 -2 0 0 8706
11 1 59 5.5 -2 0 0 7513
11 1 60 5.5 -2 0 0 7118
11 1 61 5.5 -2 0 0 7859
11 1 62 5.5 -2 0 0 6484
11 1 63 1.5 -2 0 0 9141
11 2 0 1.5 -2 0 0 16041
11 2 1 1.5 -2 0 0 14200
11 2 2 1.5 -2 0 0 19652
11 2 3 1.5 -2 0 0 16777
11 2 4 1.5 -2 0 0 11679
11 2 5 1.5 -2 0 0 17981
11 2 6 1.5 -2 0 0 18093
11 2 7 1.5 -2 0 0 5575
11 2 8 1.5 -2 0 0 20166
11 2 9 1.5 -2 0 0 16894
11 2 10 1.5 -2 0 0 10207
11 2 11 1.5 -2 0 0 12751
11 2 12 1.5 -2 0 0 17608
11 2 13 1.5 -2 0 0 9307
11 2 14 1.5 -2 0 0 23589
11 2 15 1.5 -2 0 0 15328
11 2 16 1.5 -2 0 0 12749
11 2 17 1.5 -2 0 0 18998
11 2 18 1.5 -2 0 0 15195
11 2 19 5.5 -2 0 0 8693
11 2 20 5.5 -2 0 0 14527
11 2 21 1.5 -2 0 0 19713
11 2 22 1.5 -2 0 0 14534
11 2 23 5.5 -2 0 0 12441
11 2 24 1.5 -2 0 0 20490
11 2 25 5.5 -2 0 0 3808
11 2 26 1.5 -2 0 0 25538
11 2 27 1.5 -2 0 0 13870
11 2 28 5.5 -2 0 0 10147
11 2 29 5.5 -2 0 0 13512
11 2 30 5.5 -2 0 0 13893
11 2 31 5.5 -2 0 0 12585
11 2 32 5.5 -2 0 0 13838
11 2 33 5.5 -2 0 0 7768
11 2 34 5.5 -2 0 0 22743
11 2 35 5.5 -2 0 0 12716
11 2 36 5.5 -2 0 0 16960
11 2 37 5.5 -2 0 0 12264
11 2 38 5.5 -2 0 0 12193
11 2 39 5.5 -2 0 0 16107
11 2 40 5.5 -2 0 0 14926
11 2 41 5.5 -2 0 0 7939
11 2 42 1.5 -2 0 0 16806
11 2 43 5.5 -2 0 0 18980
11 2 44 1.5 -2 0 0 13156
11 2 45 5.5 -2 0 0 14767
11 2 46 5.5 -2 0 0 15980
11 2 47 5.5 -2 0 0 11175
11 2 48 5.5 -2 0 0 15974
11 2 49 1.5 -2 0 0 17589
11 2 50 1.5 -2 0 0 8343
11 2 51 0 -10 0 0 0
11 2 52 1.5 -2 0 0 19623
11 2 53 1.5 -2 0 0 13207
11 2 54 1.5 -2 0 0 13969
11 2 55 1.5 -2 0 0 21342
11 2 56 0 -10 0 0 0
11 2 57 1.5 -2 0 0 23028
11 2 58 1.5 -2 0 0 17250
11 2 59 1.5 -2 0 0 22204
11 2 60 1.5 -2 0 0 14631
11 2 61 0 -10 0 0 0
11 2 62 1.5 -2 0 0 16617
11 2 63 1.5 -2 0 0 17790
11 3 0 5.5 -2 0 0 21608
11 3 1 5.5 -2 0 0 24586
11 3 2 1.5 -2 0 0 17582
11 3 3 5.5 -2 0 0 25655
11 3 4 5.5 -2 0 0 21239
11 3 5 5.5 -2 0 0 23540
11 3 6 5.5 -2 0 0 16522
11 3 7 5.5 -2 0 0 27042
11 3 8 5.5 -2 0 0 13193
11 3 9 5.5 -2 0 0 25248
11 3 10 5.5 -2 0 0 18217
11 3 11 5.5 -2 0 0 18656
11 3 12 5.5 -2 0 0 16146
11 3 13 5.5 -2 0 0 18131
11 3 14 5.5 -2 0 0 25891
11 3 15 5.5 -2 0 0 21716
11 3 16 5.5 -2 0 0 28271
11 3 17 5.5 -2 0 0 20242
11 3 18 5.5 -2 0 0 17509
11 3 19 5.5 -2 0 0 28072
11 3 20 5.5 -2 0 0 17394
11 3 21 5.5 -2 0 0 27427
11 3 22 5.5 -2 0 0 19400
11 3 23 5.5 -2 0 0 15561
11 3 24 5.5 -2 0 0 23880
11 3 25 5.5 -2 0 0 28442
11 3 26 5.5 -2 0 0 12962
11 3 27 5.5 -2 0 0 16766
11 3 28 5.5 -2 0 0 12786
11 3 29 5.5 -2 0 0 16912
11 3 30 5.5 -2 0 0 10922
11 3 31 5.5 -2 0 0 27617
11 3 32 5.5 -2 0 0 24005
11 3 33 5.5 -2 0 0 16852
11 3 34 5.5 -2 0 0 19181
11 3 35 5.5 -2 0 0 26206
11 3 36 5.5 -2 0 0 15787
11 3 37 5.5 -2 0 0 18019
11 3 38 5.5 -2 0 0 17851
11 3 39 5.5 -2 0 0 21924
11 3 40 5.5 -2 0 0 12383
11 3 41 5.5 -2 0 0 22943
11 3 42 5.5 -2 0 0 22225
11 3 43 5.5 -2 0 0 11598
11 3 44 5.5 -2 0 0 16822
11 3 45 5.5 -2 0 0 23014
11 3 46 5.5 -2 0 0 17187
11 3 47 5.5 -2 0 0 19204
11 3 48 5.5 -2 0 0 21027
11 3 49 5.5 -2 0 0 22415
11 3 50 5.5 -2 0 0 20382
11 3 51 5.5 -2 0 0 19080
11 3 52 5.5 -2 0 0 19076
11 3 53 5.5 -2 0 0 22895
11 3 54 5.5 -2 0 0 15212
11 3 55 5.5 -2 0 0 23330
11 3 56 5.5 -2 0 0 23853
11 3 57 5.5 -2 0 0 15013
11 3 58 5.5 -2 0 0 21614
11 3 59 5.5 -2 0 0 20623
11 3 60 5.5 -2 0 0 21579
11 3 61 5.5 -2 0 0 21905
11 3 62 5.5 -2 0 0 13369
11 3 63 5.5 -2 0 0 19768
11 4 0 1.5 -2 0 0 23400
11 4 1 1.5 -2 0 0 21378
11 4 2 1.5 -2 0 0 13184
11 4 3 1.5 -2 0 0 10081
11 4 4 1.5 -2 0 0 13506
11 4 5 1.5 -2 0 0 10945
11 4 6 1.5 -2 0 0 16761
11 4 7 1.5 -2 0 0 7643
11 4 8 1.5 -2 0 0 19372
11 4 9 1.5 -2 0 0 15239
11 4 10 1.5 -2 0 0 13171
11 4 11 1.5 -2 0 0 15416
11 4 12 1.5 -2 0 0 14719
11 4 13 5.5 -2 0 0 6660
11 4 14 1.5 -2 0 0 23940
11 4 15 5.5 -2 0 0 12424
11 4 16 5.5 -2 0 0 7607
11 4 17 1.5 -2 0 0 17141
11 4 18 5.5 -2 0 0 12126
11 4 19 1.5 -2 0 0 11634
11 4 20 5.5 -2 0 0 9220
11 4 21 1.5 -2 0 0 17263
11 4 22 5.5 -2 0 0 8806
11 4 23 5.5 -2 0 0 10123
11 4 24 5.5 -2 0 0 13287
11 4 25 5.5 -2 0 0 6483
11 4 26 5.5 -2 0 0 20896
11 4 27 5.5 -2 0 0 6026
11 4 28 5.5 -2 0 0 4762
11 4 29 5.5 -2 0 0 17024
11 4 30 5.5 -2 0 0 6109
11 4 31 5.5 -2 0 0 9724
11 4 32 5.5 -2 0 0 10730
11 4 33 5.5 -2 0 0 8481
11 4 34 5.5 -2 0 0 13143
11 4 35 5.5 -2 0 0 9125
11 4 36 1.5 -2 0 0 8853
11 4 37 5.5 -2 0 0 11288
11 4 38 5.5 -2 0 0 5626
11 4 39 5.5 -2 0 0 10679
11 4 40 1.5 -2 0 0 11367
11 4 41 5.5 -2 0 0 9929
11 4 42 5.5 -2 0 0 11531
11 4 43 5.5 -2 0 0 14872
11 4 44 5.5 -2 0 0 8782
11 4 45 1.5 -2 0 0 10685
11 4 46 5.5 -2 0 0 18159
11 4 47 1.5 -2 0 0 8067
11 4 48 5.5 -2 0 0 9413
11 4 49 1.5 -2 0 0 9848
11 4 50 1.5 -2 0 0 9729
11 4 51 1.5 -2 0 0 8596
11 4 52 1.5 -2 0 0 14184
11 4 53 1.5 -2 0 0 8500
11 4 54 1.5 -2 0 0 10083
11 4 55 1.5 -2 0 0 9837
11 4 56 1.5 -2 0 0 11133
11 4 57 1.5 -2 0 0 11883
11 4 58 1.5 -2 0 0 11284
11 4 59 1.5 -2 0 0 12033
11 4 60 1.5 -2 0 0 9655
11 4 61 1.5 -2 0 0 10559
11 4 62 1.5 -2 0 0 9133
11 4 63 1.5 -2 0 0 12547
11 5 0 1.5 -2 0 0 10685
11 5 1 1.5 -2 0 0 10462
11 5 2 1.5 -2 0 0 16623
11 5 3 1.5 -2 0 0 12647
11 5 4 1.5 -2 0 0 12625
11 5 5 1.5 -2 0 0 16309
11 5 6 1.5 -2 0 0 18235
11 5 7 1.5 -2 0 0 20358
11 5 8 1.5 -2 0 0 11751
11 5 9 1.5 -2 0 0 16542
11 5 10 1.5 -2 0 0 17723
11 5 11 1.5 -2 0 0 18589
11 5 12 1.5 -2 0 0 17045
11 5 13 1.5 -2 0 0 19874
11 5 14 1.5 -2 0 0 12251
11 5 15 1.5 -2 0 0 18577
11 5 16 1.5 -2 0 0 11780
11 5 17 1.5 -2 0 0 18737
11 5 18 1.5 -2 0 0 18165
11 5 19 5.5 -2 0 0 22218
11 5 20 1.5 -2 0 0 19695
11 5 21 1.5 -2 0 0 18908
11 5 22 1.5 -2 0 0 13191
11 5 23 1.5 -2 0 0 13269
11 5 24 1.5 -2 0 0 16318
11 5 25 5.5 -2 0 0 19445
11 5 26 5.5 -2 0 0 14296
11 5 27 1.5 -2 0 0 12907
11 5 28 5.5 -2 0 0 15462
11 5 29 5.5 -2 0 0 15711
11 5 30 1.5 -2 0 0 18673
11 5 31 5.5 -2 0 0 26126
11 5 32 1.5 -2 0 0 20642
11 5 33 5.5 -2 0 0 19435
11 5 34 5.5 -2 0 0 20070
11 5 35 5.5 -2 0 0 16070
11 5 36 5.5 -2 0 0 15933
11 5 37 1.5 -2 0 0 18623
11 5 38 5.5 -2 0 0 26737
11 5 39 5.5 -2 0 0 28870
11 5 40 5.5 -2 0 0 21491
11 5 41 5.5 -2 0 0 15242
11 5 42 5.5 -2 0 0 11991
11 5 43 1.5 -2 0 0 21859
11 5 44 5.5 -2 0 0 13900
11 5 45 5.5 -2 0 0 13159
11 5 46 5.5 -2 0 0 20819
11 5 47 5.5 -2 0 0 30848
11 5 48 5.5 -2 0 0 24844
11 5 49 1.5 -2 0 0 12926
11 5 50 1.5 -2 0 0 25125
11 5 51 5.5 -2 0 0 27286
11 5 52 1.5 -2 0 0 14323
11 5 53 1.5 -2 0 0 27155
11 5 54 1.5 -2 0 0 16233
11 5 55 1.5 -2 0 0 20347
11 5 56 1.5 -2 0 0 26552
11 5 57 1.5 -2 0 0 26619
11 5 58 1.5 -2 0 0 24624
11 5 59 1.5 -2 0 0 22722
11 5 60 1.5 -2 0 0 26680
11 5 61 1.5 -2 0 0 20185
11 5 62 1.5 -2 0 0 16625
11 5 63 1.5 -2 0 0 24076
11 6 0 5.5 -2 0 0 11468
11 6 1 5.5 -2 0 0 11815
11 6 2 5.5 -2 0 0 11910
11 6 3 5.5 -2 0 0 8373
11 6 4 5.5 -2 0 0 8505
11 6 5 1.5 -2 0 0 8647
11 6 6 1.5 -2 0 0 10867
11 6 7 5.5 -2 0 0 2244
11 6 8 5.5 -2 0 0 10648
11 6 9 5.5 -2 0 0 9717
11 6 10 5.5 -2 0 0 4393
11 6 11 5.5 -2 0 0 7756
11 6 12 5.5 -2 0 0 8881
11 6 13 5.5 -2 0 0 3745
11 6 14 5.5 -2 0 0 11688
11 6 15 5.5 -2 0 0 4693
11 6 16 5.5 -2 0 0 7028
11 6 17 5.5 -2 0 0 9307
11 6 18 5.5 -2 0 0 4192
11 6 19 5.5 -2 0 0 6366
11 6 20 5.5 -2 0 0 7134
11 6 21 5.5 -2 0 0 7326
11 6 22 5.5 -2 0 0 7259
11 6 23 5.5 -2 0 0 5307
11 6 24 5.5 -2 0 0 10556
11 6 25 5.5 -2 0 0 3125
11 6 26 5.5 -2 0 0 8010
11 6 27 5.5 -2 0 0 6663
11 6 28 5.5 -2 0 0 3264
11 6 29 5.5 -2 0 0 8882
11 6 30 5.5 -2 0 0 3980
11 6 31 5.5 -2 0 0 3524
11 6 32 5.5 -2 0 0 6143
11 6 33 5.5 -2 0 0 3801
11 6 34 5.5 -2 0 0 9559
11 6 35 5.5 -2 0 0 4888
11 6 36 5.5 -2 0 0 4464
11 6 37 5.5 -2 0 0 6216
11 6 38 5.5 -2 0 0 2702
11 6 39 5.5 -2 0 0 5659
11 6 40 5.5 -2 0 0 6282
11 6 41 5.5 -2 0 0 2647
11 6 42 5.5 -2 0 0 5823
11 6 43 5.5 -2 0 0 7251
11 6 44 5.5 -2 0 0 5609
11 6 45 5.5 -2 0 0 5644
11 6 46 5.5 -2 0 0 8804
11 6 47 5.5 -2 0 0 3545
11 6 48 5.5 -2 0 0 4950
11 6 49 5.5 -2 0 0 4439
11 6 50 5.5 -2 0 0 3331
11 6 51 5.5 -2 0 0 6143
11 6 52 5.5 -2 0 0 7013
11 6 53 5.5 -2 0 0 3075
11 6 54 5.5 -2 0 0 3949
11 6 55 5.5 -2 0 0 5893
11 6 56 5.5 -2 0 0 5118
11 6 57 5.5 -2 0 0 3832
11 6 58 5.5 -2 0 0 5634
11 6 59 5.5 -2 0 0 7225
11 6 60 1.5 -2 0 0 5300
11 6 61 1.5 -2 0 0 6331
11 6 62 5.5 -2 0 0 4168
11 6 63 1.5 -2 0 0 5706
11 7 0 1.5 -2 0 0 6987
11 7 1 1.5 -2 0 0 7162
11 7 2 1.5 -2 0 0 7405
11 7 3 1.5 -2 0 0 8505
11 7 4 5.5 -2 0 0 6916
11 7 5 1.5 -2 0 0 7215
11 7 6 1.5 -2 0 0 5076
11 7 7 5.5 -2 0 0 5235
11 7 8 1.5 -2 0 0 6866
11 7 9 1.5 -2 0 0 7214
11 7 10 5.5 -2 0 0 4683
11 7 11 1.5 -2 0 0 5191
11 7 12 5.5 -2 0 0 4174
11 7 13 5.5 -2 0 0 5187
11 7 14 5.5 -2 0 0 5353
11 7 15 5.5 -2 0 0 5796
11 7 16 5.5 -2 0 0 4423
11 7 17 5.5 -2 0 0 5223
11 7 18 5.5 -2 0 0 5430
11 7 19 5.5 -2 0 0 5281
11 7 20 5.5 -2 0 0 8038
11 7 21 5.5 -2 0 0 7146
11 7 22 5.5 -2 0 0 3936
11 7 23 5.5 -2 0 0 9060
11 7 24 5.5 -2 0 0 4940
11 7 25 5.5 -2 0 0 7015
11 7 26 5.5 -2 0 0 8708
11 7 27 5.5 -2 0 0 7908
11 7 28 5.5 -2 0 0 6124
11 7 29 5.5 -2 0 0 9022
11 7 30 5.5 -2 0 0 8535
11 7 31 5.5 -2 0 0 12041
11 7 32 5.5 -2 0 0 6224
11 7 33 5.5 -2 0 0 10297
11 7 34 5.5 -2 0 0 9390
11 7 35 5.5 -2 0 0 14598
11 7 36 5.5 -2 0 0 10166
11 7 37 5.5 -2 0 0 9860
11 7 38 5.5 -2 0 0 11265
11 7 39 5.5 -2 0 0 16159
11 7 40 5.5 -2 0 0 6823
11 7 41 5.5 -2 0 0 7559
11 7 42 5.5 -2 0 0 11404
11 7 43 5.5 -2 0 0 10604
11 7 44 5.5 -2 0 0 14351
11 7 45 5.5 -2 0 0 13140
11 7 46 5.5 -2 0 0 10955
11 7 47 5.5 -2 0 0 19773
11 7 48 5.5 -2 0 0 11937
11 7 49 5.5 -2 0 0 11490
11 7 50 5.5 -2 0 0 8480
11 7 51 5.5 -2 0 0 10965
11 7 52 1.5 -2 0 0 8414
11 7 53 5.5 -2 0 0 15455
11 7 54 1.5 -2 0 0 8710
11 7 55 5.5 -2 0 0 10607
11 7 56 1.5 -2 0 0 16135
11 7 57 1.5 -2 0 0 15689
11 7 58 1.5 -2 0 0 13324
11 7 59 1.5 -2 0 0 8439
11 7 60 1.5 -2 0 0 12734
11 7 61 1.5 -2 0 0 10461
11 7 62 1.5 -2 0 0 9130
11 7 63 1.5 -2 0 0 13711
11 8 0 1.5 -2 0 0 7284
11 8 1 1.5 -2 0 0 7563
11 8 2 1.5 -2 0 0 8174
11 8 3 1.5 -2 0 0 5681
11 8 4 1.5 -2 0 0 6075
11 8 5 1.5 -2 0 0 7926
11 8 6 1.5 -2 0 0 8695
11 8 7 1.5 -2 0 0 12087
11 8 8 1.5 -2 0 0 8578
11 8 9 1.5 -2 0 0 9376
11 8 10 1.5 -2 0 0 7029
11 8 11 1.5 -2 0 0 10030
11 8 12 5.5 -2 0 0 5317
11 8 13 1.5 -2 0 0 10704
11 8 14 5.5 -2 0 0 5485
11 8 15 1.5 -2 0 0 11628
11 8 16 1.5 -2 0 0 9544
11 8 17 5.5 -2 0 0 5822
11 8 18 5.5 -2 0 0 6600
11 8 19 5.5 -2 0 0 5920
11 8 20 1.5 -2 0 0 10381
11 8 21 5.5 -2 0 0 8962
11 8 22 5.5 -2 0 0 10106
11 8 23 5.5 -2 0 0 9851
11 8 24 5.5 -2 0 0 9550
11 8 25 5.5 -2 0 0 8218
11 8 26 1.5 -2 0 0 10396
11 8 27 5.5 -2 0 0 11362
11 8 28 5.5 -2 0 0 9188
11 8 29 5.5 -2 0 0 11772
11 8 30 5.5 -2 0 0 10889
11 8 31 5.5 -2 0 0 9027
11 8 32 5.5 -2 0 0 10284
11 8 33 5.5 -2 0 0 6779
11 8 34 5.5 -2 0 0 10985
11 8 35 5.5 -2 0 0 7625
11 8 36 5.5 -2 0 0 7950
11 8 37 5.5 -2 0 0 5421
11 8 38 5.5 -2 0 0 20539
11 8 39 5.5 -2 0 0 12288
11 8 40 5.5 -2 0 0 5965
11 8 41 5.5 -2 0 0 8010
11 8 42 5.5 -2 0 0 4816
11 8 43 5.5 -2 0 0 6399
11 8 44 5.5 -2 0 0 9742
11 8 45 5.5 -2 0 0 14436
11 8 46 1.5 -2 0 0 10723
11 8 47 1.5 -2 0 0 23644
11 8 48 5.5 -2 0 0 6406
11 8 49 1.5 -2 0 0 11320
11 8 50 1.5 -2 0 0 15496
11 8 51 5.5 -2 0 0 11777
11 8 52 5.5 -2 0 0 5977
11 8 53 5.5 -2 0 0 7057
11 8 54 1.5 -2 0 0 14482
11 8 55 1.5 -2 0 0 8956
11 8 56 1.5 -2 0 0 12729
11 8 57 1.5 -2 0 0 12584
11 8 58 5.5 -2 0 0 7318
11 8 59 1.5 -2 0 0 12317
11 8 60 1.5 -2 0 0 18707
11 8 61 1.5 -2 0 0 8743
11 8 62 1.5 -2 0 0 9451
11 8 63 1.5 -2 0 0 10050
11 9 0 5.5 -2 0 0 18950
11 9 1 5.5 -2 0 0 11204
11 9 2 5.5 -2 0 0 8719
11 9 3 5.5 -2 0 0 8896
11 9 4 5.5 -2 0 0 4797
11 9 5 5.5 -2 0 0 7009
11 9 6 5.5 -2 0 0 12105
11 9 7 5.5 -2 0 0 8732
11 9 8 5.5 -2 0 0 10387
11 9 9 5.5 -2 0 0 9100
11 9 10 5.5 -2 0 0 4535
11 9 11 5.5 -2 0 0 7726
11 9 12 5.5 -2 0 0 5767
11 9 13 5.5 -2 0 0 6912
11 9 14 5.5 -2 0 0 12641
11 9 15 5.5 -2 0 0 3960
11 9 16 5.5 -2 0 0 3457
11 9 17 5.5 -2 0 0 11088
11 9 18 5.5 -2 0 0 7041
11 9 19 5.5 -2 0 0 3495
11 9 20 5.5 -2 0 0 5000
11 9 21 5.5 -2 0 0 7668
11 9 22 5.5 -2 0 0 7761
11 9 23 5.5 -2 0 0 4262
11 9 24 5.5 -2 0 0 10126
11 9 25 5.5 -2 0 0 6802
11 9 26 5.5 -2 0 0 10209
11 9 27 5.5 -2 0 0 2948
11 9 28 5.5 -2 0 0 6673
11 9 29 5.5 -2 0 0 7029
11 9 30 5.5 -2 0 0 3227
11 9 31 5.5 -2 0 0 6912
11 9 32 5.5 -2 0 0 2855
11 9 33 5.5 -2 0 0 1947
11 9 34 5.5 -2 0 0 10842
11 9 35 5.5 -2 0 0 6188
11 9 36 5.5 -2 0 0 2604
11 9 37 5.5 -2 0 0 3297
11 9 38 5.5 -2 0 0 3841
11 9 39 5.5 -2 0 0 5574
11 9 40 5.5 -2 0 0 3148
11 9 41 5.5 -2 0 0 4730
11 9 42 5.5 -2 0 0 3601
11 9 43 5.5 -2 0 0 6480
11 9 44 5.5 -2 0 0 2045
11 9 45 5.5 -2 0 0 3866
11 9 46 5.5 -2 0 0 8083
11 9 47 5.5 -2 0 0 4546
11 9 48 5.5 -2 0 0 5631
11 9 49 5.5 -2 0 0 4472
11 9 50 5.5 -2 0 0 4291
11 9 51 5.5 -2 0 0 5428
11 9 52 5.5 -2 0 0 6150
11 9 53 5.5 -2 0 0 2586
11 9 54 5.5 -2 0 0 3245
11 9 55 5.5 -2 0 0 9500
11 9 56 5.5 -2 0 0 4228
11 9 57 5.5 -2 0 0 6958
11 9 58 1.5 -2 0 0 4198
11 9 59 5.5 -2 0 0 8876
11 9 60 5.5 -2 0 0 2348
11 9 61 1.5 -2 0 0 7131
11 9 62 1.5 -2 0 0 7050
11 9 63 1.5 -2 0 0 6415
11 10 0 1.5 -2 0 0 14307
11 10 1 5.5 -2 0 0 12059
11 10 2 5.5 -2 0 0 10671
11 10 3 1.5 -2 0 0 19253
11 10 4 1.5 -2 0 0 22582
11 10 5 1.5 -2 0 0 22732
11 10 6 1.5 -2 0 0 14064
11 10 7 5.5 -2 0 0 30532
11 10 8 1.5 -2 0 0 10986
11 10 9 1.5 -2 0 0 16018
11 10 10 5.5 -2 0 0 14836
11 10 11 5.5 -2 0 0 18458
11 10 12 5.5 -2 0 0 16495
11 10 13 5.5 -2 0 0 25646
11 10 14 1.5 -2 0 0 16942
11 10 15 5.5 -2 0 0 14006
11 10 16 5.5 -2 0 0 10662
11 10 17 5.5 -2 0 0 19744
11 10 18 5.5 -2 0 0 23882
11 10 19 5.5 -2 0 0 16278
11 10 20 1.5 -2 0 0 19093
11 10 21 5.5 -2 0 0 15663
11 10 22 5.5 -2 0 0 26315
11 10 23 5.5 -2 0 0 20057
11 10 24 5.5 -2 0 0 14878
11 10 25 5.5 -2 0 0 20102
11 10 26 5.5 -2 0 0 20445
11 10 27 5.5 -2 0 0 19059
11 10 28 5.5 -2 0 0 17334
11 10 29 5.5 -2 0 0 20892
11 10 30 5.5 -2 0 0 17562
11 10 31 5.5 -2 0 0 30606
11 10 32 5.5 -2 0 0 27072
11 10 33 5.5 -2 0 0 23254
11 10 34 5.5 -2 0 0 19868
11 10 35 5.5 -2 0 0 31652
11 10 36 5.5 -2 0 0 21179
11 10 37 5.5 -2 0 0 17557
11 10 38 5.5 -2 0 0 30280
11 10 39 5.5 -2 0 0 27829
11 10 40 5.5 -2 0 0 14124
11 10 41 5.5 -2 0 0 18699
11 10 42 5.5 -2 0 0 23103
11 10 43 5.5 -2 0 0 21880
11 10 44 5.5 -2 0 0 29550
11 10 45 5.5 -2 0 0 26338
11 10 46 5.5 -2 0 0 16294
11 10 47 5.5 -2 0 0 29855
11 10 48 5.5 -2 0 0 15527
11 10 49 5.5 -2 0 0 15346
11 10 50 5.5 -2 0 0 27131
11 10 51 5.5 -2 0 0 22995
11 10 52 1.5 -2 0 0 22063
11 10 53 5.5 -2 0 0 29487
11 10 54 5.5 -2 0 0 23647
11 10 55 5.5 -2 0 0 21112
11 10 56 5.5 -2 0 0 23824
11 10 57 1.5 -2 0 0 22390
11 10 58 1.5 -2 0 0 21332
11 10 59 1.5 -2 0 0 13983
11 10 60 1.5 -2 0 0 23051
11 10 61 1.5 -2 0 0 24531
11 10 62 1.5 -2 0 0 20653
11 10 63 1.5 -2 0 0 13112
11 11 0 5.5 -2 0 0 22958
11 11 1 5.5 -2 0 0 15158
11 11 2 5.5 -2 0 0 12543
11 11 3 5.5 -2 0 0 8658
11 11 4 5.5 -2 0 0 6928
11 11 5 5.5 -2 0 0 14614
11 11 6 5.5 -2 0 0 15606
11 11 7 5.5 -2 0 0 6178
11 11 8 5.5 -2 0 0 8387
11 11 9 5.5 -2 0 0 9581
11 11 10 5.5 -2 0 0 11641
11 11 11 5.5 -2 0 0 11600
11 11 12 5.5 -2 0 0 14442
11 11 13 5.5 -2 0 0 11190
11 11 14 5.5 -2 0 0 22213
11 11 15 5.5 -2 0 0 12499
11 11 16 5.5 -2 0 0 6457
11 11 17 5.5 -2 0 0 12738
11 11 18 5.5 -2 0 0 9888
11 11 19 5.5 -2 0 0 11089
11 11 20 5.5 -2 0 0 11865
11 11 21 5.5 -2 0 0 9998
11 11 22 5.5 -2 0 0 5803
11 11 23 5.5 -2 0 0 15444
11 11 24 5.5 -2 0 0 19379
11 11 25 5.5 -2 0 0 11007
11 11 26 5.5 -2 0 0 21137
11 11 27 5.5 -2 0 0 11417
11 11 28 5.5 -2 0 0 6667
11 11 29 5.5 -2 0 0 18628
11 11 30 5.5 -2 0 0 8942
11 11 31 5.5 -2 0 0 10874
11 11 32 5.5 -2 0 0 7345
11 11 33 5.5 -2 0 0 11228
11 11 34 5.5 -2 0 0 20680
11 11 35 5.5 -2 0 0 5577
11 11 36 5.5 -2 0 0 10362
11 11 37 5.5 -2 0 0 9946
11 11 38 5.5 -2 0 0 10763
11 11 39 5.5 -2 0 0 6865
11 11 40 5.5 -2 0 0 11006
11 11 41 5.5 -2 0 0 11174
11 11 42 5.5 -2 0 0 8292
11 11 43 5.5 -2 0 0 15148
11 11 44 5.5 -2 0 0 10276
11 11 45 5.5 -2 0 0 11181
11 11 46 5.5 -2 0 0 20878
11 11 47 5.5 -2 0 0 8972
11 11 48 5.5 -2 0 0 8391
11 11 49 5.5 -2 0 0 10816
11 11 50 5.5 -2 0 0 6232
11 11 51 5.5 -2 0 0 16588
11 11 52 5.5 -2 0 0 12146
11 11 53 5.5 -2 0 0 4297
11 11 54 5.5 -2 0 0 11992
11 11 55 5.5 -2 0 0 17217
11 11 56 5.5 -2 0 0 6525
11 11 57 5.5 -2 0 0 9207
11 11 58 5.5 -2 0 0 13715
11 11 59 5.5 -2 0 0 21528
11 11 60 5.5 -2 0 0 3770
11 11 61 5.5 -2 0 0 11012
11 11 62 5.5 -2 0 0 21321
11 11 63 5.5 -2 0 0 8999
11 12 0 1.5 -2 0 0 22233
11 12 1 1.5 -2 0 0 21515
11 12 2 1.5 -2 0 0 24269
11 12 3 1.5 -2 0 0 25391
11 12 4 1.5 -2 0 0 13712
11 12 5 1.5 -2 0 0 21090
11 12 6 1.5 -2 0 0 19954
11 12 7 5.5 -2 0 0 26605
11 12 8 1.5 -2 0 0 22225
11 12 9 1.5 -2 0 0 28220
11 12 10 5.5 -2 0 0 28025
11 12 11 1.5 -2 0 0 20133
11 12 12 1.5 -2 0 0 19437
11 12 13 1.5 -2 0 0 17234
11 12 14 5.5 -2 0 0 21422
11 12 15 5.5 -2 0 0 24702
11 12 16 5.5 -2 0 0 28018
11 12 17 5.5 -2 0 0 20087
11 12 18 5.5 -2 0 0 14394
11 12 19 5.5 -2 0 0 18225
11 12 20 5.5 -2 0 0 17925
11 12 21 5.5 -2 0 0 26152
11 12 22 5.5 -2 0 0 24311
11 12 23 5.5 -2 0 0 16856
11 12 24 5.5 -2 0 0 16243
11 12 25 5.5 -2 0 0 25782
11 12 26 5.5 -2 0 0 19048
11 12 27 5.5 -2 0 0 15937
11 12 28 5.5 -2 0 0 16923
11 12 29 5.5 -2 0 0 13491
11 12 30 5.5 -2 0 0 19341
11 12 31 5.5 -2 0 0 16128
11 12 32 5.5 -2 0 0 20934
11 12 33 5.5 -2 0 0 18808
11 12 34 5.5 -2 0 0 17590
11 12 35 5.5 -2 0 0 20768
11 12 36 5.5 -2 0 0 15384
11 12 37 5.5 -2 0 0 15270
11 12 38 5.5 -2 0 0 14680
11 12 39 5.5 -2 0 0 16241
11 12 40 5.5 -2 0 0 17328
11 12 41 5.5 -2 0 0 18663
11 12 42 5.5 -2 0 0 15261
11 12 43 5.5 -2 0 0 15615
11 12 44 5.5 -2 0 0 18182
11 12 45 5.5 -2 0 0 18624
11 12 46 5.5 -2 0 0 16031
11 12 47 5.5 -2 0 0 13254
11 12 48 5.5 -2 0 0 18372
11 12 49 5.5 -2 0 0 15380
11 12 50 5.5 -2 0 0 17812
11 12 51 5.5 -2 0 0 10162
11 12 52 5.5 -2 0 0 14557
11 12 53 1.5 -2 0 0 16088
11 12 54 5.5 -2 0 0 16602
11 12 55 1.5 -2 0 0 9932
11 12 56 1.5 -2 0 0 14009
11 12 57 1.5 -2 0 0 14042
11 12 58 1.5 -2 0 0 15278
11 12 59 1.5 -2 0 0 15240
11 12 60 1.5 -2 0 0 16274
11 12 61 1.5 -2 0 0 9802
11 12 62 1.5 -2 0 0 12137
11 12 63 1.5 -2 0 0 10770
11 13 0 5.5 -2 0 0 10370
11 13 1 5.5 -2 0 0 8954
11 13 2 5.5 -2 0 0 6482
11 13 3 5.5 -2 0 0 4739
11 13 4 5.5 -2 0 0 7167
11 13 5 5.5 -2 0 0 8487
11 13 6 5.5 -2 0 0 7945
11 13 7 5.5 -2 0 0 5513
11 13 8 5.5 -2 0 0 9224
11 13 9 5.5 -2 0 0 6497
11 13 10 5.5 -2 0 0 4885
11 13 11 5.5 -2 0 0 5621
11 13 12 5.5 -2 0 0 7292
11 13 13 5.5 -2 0 0 5967
11 13 14 5.5 -2 0 0 8329
11 13 15 5.5 -2 0 0 7113
11 13 16 5.5 -2 0 0 5901
11 13 17 5.5 -2 0 0 9561
11 13 18 5.5 -2 0 0 5067
11 13 19 5.5 -2 0 0 4372
11 13 20 5.5 -2 0 0 4305
11 13 21 5.5 -2 0 0 4872
11 13 22 5.5 -2 0 0 5411
11 13 23 5.5 -2 0 0 8005
11 13 24 5.5 -2 0 0 7102
11 13 25 4.72146 0.259007 0.458458 0.00826433 3106
11 13 26 5.5 -2 0 0 13022
11 13 27 5.5 -2 0 0 6727
11 13 28 5.5 -2 0 0 4718
11 13 29 5.5 -2 0 0 10021
11 13 30 5.5 -2 0 0 7040
11 13 31 5.5 -2 0 0 3946
11 13 32 5.5 -2 0 0 6387
11 13 33 5.5 -2 0 0 5355
11 13 34 5.5 -2 0 0 9625
11 13 35 5.5 -2 0 0 7105
11 13 36 4.69931 0.250948 0.437577 0.0691922 4885
11 13 37 5.5 -2 0 0 8700
11 13 38 5.5 -2 0 0 5140
11 13 39 5.5 -2 0 0 5693
11 13 40 5.5 -2 0 0 8256
11 13 41 5.5 -2 0 0 7833
11 13 42 5.5 -2 0 0 7461
11 13 43 5.5 -2 0 0 11353
11 13 44 5.5 -2 0 0 6124
11 13 45 5.5 -2 0 0 5536
11 13 46 5.5 -2 0 0 14441
11 13 47 5.5 -2 0 0 8447
11 13 48 5.5 -2 0 0 8608
11 13 49 5.5 -2 0 0 7819
11 13 50 5.5 -2 0 0 8552
11 13 51 5.5 -2 0 0 15793
11 13 52 5.5 -2 0 0 13320
11 13 53 5.5 -2 0 0 8545
11 13 54 5.5 -2 0 0 10286
11 13 55 5.5 -2 0 0 14204
11 13 56 5.5 -2 0 0 8454
11 13 57 5.5 -2 0 0 11790
11 13 58 5.5 -2 0 0 7616
11 13 59 5.5 -2 0 0 16929
11 13 60 5.5 -2 0 0 6930
11 13 61 5.5 -2 0 0 13061
11 13 62 5.5 -2 0 0 12424
11 13 63 5.5 -2 0 0 11976
11 14 0 1.5 -2 0 0 14485
11 14 1 5.5 -2 0 0 14037
11 14 2 5.5 -2 0 0 15062
11 14 3 1.5 -2 0 0 12911
11 14 4 5.5 -2 0 0 11928
11 14 5 1.5 -2 0 0 13328
11 14 6 5.5 -2 0 0 12232
11 14 7 5.5 -2 0 0 15034
11 14 8 5.5 -2 0 0 12593
11 14 9 1.5 -2 0 0 17596
11 14 10 1.5 -2 0 0 17961
11 14 11 5.5 -2 0 0 10945
11 14 12 1.5 -2 0 0 10416
11 14 13 1.5 -2 0 0 12786
11 14 14 5.5 -2 0 0 11314
11 14 15 5.5 -2 0 0 8952
11 14 16 1.5 -2 0 0 16621
11 14 17 5.5 -2 0 0 9537
11 14 18 5.5 -2 0 0 12068
11 14 19 5.5 -2 0 0 13733
11 14 20 5.5 -2 0 0 9505
11 14 21 5.5 -2 0 0 17185
11 14 22 5.5 -2 0 0 13740
11 14 23 5.5 -2 0 0 6574
11 14 24 5.5 -2 0 0 12364
11 14 25 5.5 -2 0 0 12374
11 14 26 5.5 -2 0 0 9520
11 14 27 5.5 -2 0 0 10250
11 14 28 5.5 -2 0 0 11616
11 14 29 5.5 -2 0 0 7658
11 14 30 5.5 -2 0 0 8744
11 14 31 0 -10 0 0 0
11 14 32 5.5 -2 0 0 7013
11 14 33 5.5 -2 0 0 9081
11 14 34 5.5 -2 0 0 9596
11 14 35 5.5 -2 0 0 9859
11 14 36 5.5 -2 0 0 8031
11 14 37 5.5 -2 0 0 7934
11 14 38 5.5 -2 0 0 6381
11 14 39 5.5 -2 0 0 7441
11 14 40 5.5 -2 0 0 8640
11 14 41 5.5 -2 0 0 9361
11 14 42 5.5 -2 0 0 6456
11 14 43 5.5 -2 0 0 8432
11 14 44 5.5 -2 0 0 8953
11 14 45 5.5 -2 0 0 6304
11 14 46 5.5 -2 0 0 8345
11 14 47 5.5 -2 0 0 5259
11 14 48 5.5 -2 0 0 5795
11 14 49 5.5 -2 0 0 7809
11 14 50 5.5 -2 0 0 7596
11 14 51 5.5 -2 0 0 4472
11 14 52 5.5 -2 0 0 5946
11 14 53 5.5 -2 0 0 6971
11 14 54 5.5 -2 0 0 7386
11 14 55 5.5 -2 0 0 4765
11 14 56 5.5 -2 0 0 7545
11 14 57 1.5 -2 0 0 5491
11 14 58 1.5 -2 0 0 5472
11 14 59 1.5 -2 0 0 5689
11 14 60 1.5 -2 0 0 6892
11 14 61 1.5 -2 0 0 4848
11 14 62 1.5 -2 0 0 5705
11 14 63 1.5 -2 0 0 6032
11 15 0 1.5 -2 0 0 4959
11 15 1 1.5 -2 0 0 4217
11 15 2 1.5 -2 0 0 4153
11 15 3 5.5 -2 0 0 2801
11 15 4 5.5 -2 0 0 4073
11 15 5 1.5 -2 0 0 3964
11 15 6 5.5 -2 0 0 2264
11 15 7 5.5 -2 0 0 3642
11 15 8 1.5 -2 0 0 4589
11 15 9 1.5 -2 0 0 3467
11 15 10 1.5 -2 0 0 3495
11 15 11 5.5 -2 0 0 5458
11 15 12 5.5 -2 0 0 3619
11 15 13 1.5 -2 0 0 2783
11 15 14 5.5 -2 0 0 4023
11 15 15 1.5 -2 0 0 4396
11 15 16 5.5 -2 0 0 3298
11 15 17 5.5 -2 0 0 3507
11 15 18 5.5 -2 0 0 2572
11 15 19 5.5 -2 0 0 3733
11 15 20 5.5 -2 0 0 2790
11 15 21 5.5 -2 0 0 3780
11 15 22 5.5 -2 0 0 3722
11 15 23 5.5 -2 0 0 4825
11 15 24 5.5 -2 0 0 3434
11 15 25 5.5 -2 0 0 3877
11 15 26 5.5 -2 0 0 3791
11 15 27 5.5 -2 0 0 3989
11 15 28 5.5 -2 0 0 3044
11 15 29 5.5 -2 0 0 5371
11 15 30 5.5 -2 0 0 3180
11 15 31 5.5 -2 0 0 4077
11 15 32 5.5 -2 0 0 2888
11 15 33 5.5 -2 0 0 3270
11 15 34 5.5 -2 0 0 4357
11 15 35 5.5 -2 0 0 3099
11 15 36 5.5 -2 0 0 4299
11 15 37 5.5 -2 0 0 6254
11 15 38 5.5 -2 0 0 5366
11 15 39 5.5 -2 0 0 5702
11 15 40 5.5 -2 0 0 4865
11 15 41 5.5 -2 0 0 5036
11 15 42 5.5 -2 0 0 3345
11 15 43 5.5 -2 0 0 6536
11 15 44 5.5 -2 0 0 4241
11 15 45 5.5 -2 0 0 4763
11 15 46 5.5 -2 0 0 5286
11 15 47 5.5 -2 0 0 3403
11 15 48 5.5 -2 0 0 4707
11 15 49 5.5 -2 0 0 5488
11 15 50 5.5 -2 0 0 5495
11 15 51 5.5 -2 0 0 8913
11 15 52 1.5 -2 0 0 6396
11 15 53 5.5 -2 0 0 5143
11 15 54 5.5 -2 0 0 4155
11 15 55 5.5 -2 0 0 7867
11 15 56 1.5 -2 0 0 7815
11 15 57 1.5 -2 0 0 8495
11 15 58 5.5 -2 0 0 4148
11 15 59 1.5 -2 0 0 7293
11 15 60 1.5 -2 0 0 4561
11 15 61 5.5 -2 0 0 7644
11 15 62 1.5 -2 0 0 8181
11 15 63 1.5 -2 0 0 6791
12 0 0 5.27484 0.470258 0.660525 0.0569429 3451
12 0 1 5.73303 0.384118 0.623943 0.0196101 3874
12 0 2 5.33494 0.340716 0.704814 0.0813644 3597
12 0 3 5.74042 0.330641 0.718236 0.0314322 3193
12 0 4 5.79484 0.450379 0.638626 0.0528275 3176
12 0 5 5.16901 0.325852 0.660485 0.0306217 3417
12 0 6 5.80697 0.288895 0.720798 0.0197288 3665
12 0 7 5.67655 0.407115 0.686936 0.0375344 2639
12 0 8 5.4087 0.356416 0.604403 0.0824816 3191
12 0 9 5.80471 0.291216 0.732249 0.0745334 3092
12 0 10 5.66488 0.552735 0.250112 0.0853087 259
12 0 11 5.88074 0.339981 0.746431 0.0857259 4550
12 0 12 5.4817 0.278908 0.72912 0.0127329 4093
12 0 13 0 -10 0 0 0
12 0 14 0 -10 0 0 0
12 0 15 9.5 -2 0 0 329
12 0 16 0 -10 0 0 0
12 0 17 0 -10 0 0 0
12 0 18 5.95395 0.311381 0.784491 0.00872643 4572
12 0 19 5.92537 0.330306 0.677718 0.0349128 3892
12 0 20 0 -10 0 0 0
12 0 21 6.14662 0.274976 0.719318 0.075145 3971
12 0 22 5.85716 0.292795 0.727964 0.0799433 4165
12 0 23 5.8311 0.289143 0.692083 0.0063149 4072
12 0 24 0 -10 0 0 0
12 0 25 5.56344 0.301254 0.594105 0.0299283 4247
12 0 26 5.9623 0.341529 0.655747 0.0670891 4831
12 0 27 5.75863 0.29341 0.644687 0.0158901 4064
12 0 28 5.77037 0.330274 0.61496 0.0129489 3807
12 0 29 5.75979 0.305694 0.662915 0.0247739 4818
12 0 30 5.96253 0.289942 0.689426 0.0195074 4295
12 0 31 5.84753 0.331002 0.679433 0.0675604 4663
12 0 32 6.12325 0.290487 0.676409 0.0288486 4972
12 0 33 5.96868 0.326561 0.659852 0.0333999 4803
12 0 34 6.04613 0.290022 0.753395 0.0148594 4888
12 0 35 5.8834 0.307236 0.637009 0.0289231 5835
12 0 36 6.04495 0.28022 0.738048 0.0265684 4676
12 0 37 6.34669 0.312082 0.766613 0.0427273 5967
12 0 38 6.17643 0.376009 0.618788 0.0676759 5023
12 0 39 5.63531 0.318 0.706786 0.0361803 4674
12 0 40 5.37832 0.323062 0.682293 0.0209557 4939
12 0 41 6.00189 0.320168 0.698791 0.04942 4678
12 0 42 6.23466 0.28241 0.856053 0.0869988 5147
12 0 43 5.79714 0.31872 0.712326 0.0297679 6379
12 0 44 6.32062 0.353292 0.674973 0.0395366 5508
12 0 45 6.06146 0.363857 0.607015 0.0586601 4793
12 0 46 5.53016 0.340624 0.70009 0.0171486 7447
12 0 47 5.49614 0.319184 0.640329 0.0336746 7300
12 0 48 5.58011 0.341049 0.662675 0.0137925 4101
12 0 49 5.68808 0.30388 0.675674 0.0223697 8719
12 0 50 5.88979 0.362421 0.675897 0.0104518 5785
12 0 51 5.88241 0.389461 0.723685 0.0193242 5840
12 0 52 5.91406 0.284898 0.704523 0.0252073 7853
12 0 53 5.8248 0.283867 0.754353 0.0102729 8121
12 0 54 5.27378 0.314424 0.651998 0.0116753 5669
12 0 55 5.55182 0.359286 0.712265 0.0354797 6738
12 0 56 5.50305 0.369848 0.644857 0.0521428 5262
12 0 57 5.76583 0.297576 0.77671 0.00634971 7426
12 0 58 5.39065 0.402381 0.682625 0.00794556 6546
12 0 59 4.96673 0.407954 0.70113 0.00763172 6008
12 0 60 0 -10 0 0 0
12 0 61 5.31767 0.51471 0.763836 0.0172679 9793
12 0 62 5.37489 0.456364 0.783857 0.0147425 8429
12 0 63 5.5 -2 0 0 9165
12 1 0 5.5 -2 0 0 9073
12 1 1 5.5 -2 0 0 10879
12 1 2 4.74185 0.260587 0.718114 0.0169804 9179
12 1 3 5.5 -2 0 0 10855
12 1 4 5.5 -2 0 0 9071
12 1 5 5.5 -2 0 0 9608
12 1 6 4.65083 0.265755 0.729341 0.0257057 9738
12 1 7 4.96741 0.315765 0.688906 0.0343371 9392
12 1 8 4.9763 0.270154 0.669959 0.0202985 10719
12 1 9 4.6986 0.338099 0.675444 0.0176304 6708
12 1 10 5.5 -2 0 0 10033
12 1 11 0 -10 0 0 0
12 1 12 4.75845 0.335764 0.666933 0.0224369 10360
12 1 13 0 -10 0 0 0
12 1 14 5.034 0.271815 0.742583 0.00768171 9929
12 1 15 4.76099 0.331235 0.624493 0.0394806 8893
12 1 16 4.6915 0.256305 0.678484 0.00610993 12513
12 1 17 5.20487 0.280392 0.781538 0.0122486 8435
12 1 18 4.841 0.287619 0.717321 0.0133149 7787
12 1 19 4.96979 0.279732 0.654345 0.0236243 6887
12 1 20 0 -10 0 0 0
12 1 21 4.9613 0.24618 0.686197 0.0374879 6135
12 1 22 4.98729 0.2766 0.622057 0.0334112 8129
12 1 23 4.96105 0.267742 0.628125 0.0272937 6620
12 1 24 4.82641 0.276181 0.626937 0.062276 6479
12 1 25 4.8103 0.261672 0.712419 0.026709 6144
12 1 26 5.06034 0.238072 0.705734 0.00717902 7044
12 1 27 4.66532 0.334647 0.617036 0.0358907 6179
12 1 28 5.27857 0.275604 0.593027 0.0593639 7068
12 1 29 5.61783 0.280324 0.664674 0.0141941 4440
12 1 30 4.87538 0.310623 0.688591 0.0197353 3920
12 1 31 5.12063 0.307817 0.657879 0.0261645 5573
12 1 32 4.8145 0.262411 0.596646 0.0395104 6993
12 1 33 5.06728 0.327847 0.597104 0.0299974 5408
12 1 34 5.19461 0.21802 0.771552 0.0123442 7305
12 1 35 5.09626 0.22597 0.704094 0.0169797 6021
12 1 36 5.10467 0.288931 0.616955 0.0273553 5156
12 1 37 5.09813 0.278217 0.622623 0.00627969 6885
12 1 38 4.88827 0.2944 0.660123 0.0348948 9412
12 1 39 5.16977 0.243678 0.666547 0.0301694 5423
12 1 40 4.74393 0.288271 0.667344 0.0115748 5172
12 1 41 4.86304 0.330221 0.655003 0.00761101 6060
12 1 42 4.82368 0.265972 0.674047 0.0430791 4092
12 1 43 4.75352 0.26746 0.668253 0.0129422 5824
12 1 44 4.78336 0.252076 0.639938 0.0325589 5356
12 1 45 5.09019 0.265737 0.633691 0.0297943 6581
12 1 46 4.67814 0.265421 0.660317 0.00879508 5603
12 1 47 4.81585 0.322209 0.673551 0.0105383 6932
12 1 48 4.78231 0.286986 0.630549 0.0729769 4990
12 1 49 4.71015 0.323627 0.695057 0.0592688 4253
12 1 50 4.78312 0.355354 0.579679 0.0616643 2927
12 1 51 4.62713 0.323175 0.67306 0.036607 4366
12 1 52 5.5 -2 0 0 4876
12 1 53 5.5 -2 0 0 4065
12 1 54 5.5 -2 0 0 3648
12 1 55 4.65955 0.294176 0.614066 0.0401366 4215
12 1 56 5.5 -2 0 0 4323
12 1 57 5.5 -2 0 0 5035
12 1 58 5.5 -2 0 0 3981
12 1 59 5.5 -2 0 0 5198
12 1 60 5.5 -2 0 0 4370
12 1 61 5.5 -2 0 0 4302
12 1 62 5.5 -2 0 0 5426
12 1 63 0 -10 0 0 0
12 2 0 5.16231 0.306961 0.652693 0.0203788 9644
12 2 1 4.83731 0.328061 0.707261 0.0115902 8413
12 2 2 4.85561 0.363212 0.767288 0.0247753 7461
12 2 3 4.90799 0.388225 0.683703 0.0625917 8531
12 2 4 5.40368 0.272532 0.678679 0.019693 6781
12 2 5 5.34817 0.290258 0.736299 0.013154 9944
12 2 6 4.86181 0.345984 0.645683 0.0383636 6203
12 2 7 5.10228 0.331626 0.78642 0.0191107 8749
12 2 8 5.32165 0.245003 0.710912 0.0136615 8096
12 2 9 5.40299 0.270647 0.689938 0.0285714 7167
12 2 10 5.18963 0.258096 0.809624 0.0146049 7531
12 2 11 5.43164 0.309269 0.699325 0.016497 5069
12 2 12 4.98922 0.287998 0.646553 0.0041485 5707
12 2 13 5.07153 0.308429 0.734962 0.0417211 6975
12 2 14 5.17932 0.361513 0.665859 0.0322225 5889
12 2 15 5.1172 0.307712 0.785366 0.027632 4942
12 2 16 5.11723 0.298814 0.625111 0.0262912 5952
12 2 17 5.13584 0.272871 0.657029 0.00818454 5185
12 2 18 5.53858 0.270293 0.676865 0.0196775 6515
12 2 19 5.06633 0.327248 0.687702 0.00716839 6157
12 2 20 5.09089 0.276868 0.631337 0.0430041 6639
12 2 21 5.22824 0.282754 0.72166 0.0058825 7750
12 2 22 5.15148 0.279438 0.750194 0.0365275 11226
12 2 23 5.51166 0.227558 0.7386 0.0291862 6525
12 2 24 5.21452 0.290141 0.717397 0.0864173 5396
12 2 25 5.23811 0.267115 0.5959 0.0337901 5638
12 2 26 0 -10 0 0 0
12 2 27 5.38184 0.25083 0.679953 0.00963852 6303
12 2 28 5.07552 0.326519 0.76994 0.00243756 8033
12 2 29 5.31094 0.308959 0.711689 0.00756452 5498
12 2 30 5.4202 0.283434 0.75447 0.044249 10145
12 2 31 5.46144 0.270925 0.671815 0.0207939 6310
12 2 32 5.37546 0.288296 0.691746 0.027254 5943
12 2 33 5.7042 0.268307 0.698288 0.014408 7299
12 2 34 5.01298 0.273755 0.685061 0.0371842 5965
12 2 35 5.41431 0.298856 0.686617 0.0160243 6007
12 2 36 5.10248 0.277887 0.681735 0.0259534 7971
12 2 37 5.39357 0.232194 0.76032 0.0695846 5130
12 2 38 5.15268 0.227923 0.73461 0.0174405 7033
12 2 39 5.43764 0.327781 0.723833 0.0093855 6879
12 2 40 5.62415 0.288555 0.717289 0.030712 8988
12 2 41 5.62748 0.277137 0.698164 0.0101854 8367
12 2 42 5.46664 0.315178 0.619476 0.0189103 7353
12 2 43 5.39829 0.312309 0.644372 0.0241428 7481
12 2 44 0 -10 0 0 0
12 2 45 0 -10 0 0 0
12 2 46 5.1673 0.343412 0.655417 0.00933594 5419
12 2 47 5.74709 0.2494 0.716168 0.025692 5607
12 2 48 5.01652 0.292977 0.704068 0.0104578 5631
12 2 49 5.24707 0.295357 0.75083 0.0316424 4929
12 2 50 5.47338 0.299256 0.719816 0.0529331 5256
12 2 51 5.3069 0.257707 0.708284 0.0244621 6184
12 2 52 4.86255 0.286904 0.661842 0.0132476 6192
12 2 53 4.90792 0.292656 0.721246 0.0114275 7751
12 2 54 5.21 0.279428 0.731617 0.0232134 6601
12 2 55 5.17039 0.290006 0.735942 0.0112096 8546
12 2 56 5.5 -2 0 0 8785
12 2 57 5.16706 0.359872 0.744869 0.0153936 9477
12 2 58 4.84405 0.327166 0.704007 0.0159443 8972
12 2 59 5.5 -2 0 0 5742
12 2 60 5.5 -2 0 0 7952
12 2 61 5.5 -2 0 0 6355
12 2 62 5.5 -2 0 0 7010
12 2 63 5.5 -2 0 0 6924
12 3 0 5.5 -2 0 0 13032
12 3 1 4.66941 0.253966 0.550563 0.0151022 13989
12 3 2 5.5 -2 0 0 12111
12 3 3 5.5 -2 0 0 14289
12 3 4 5.5 -2 0 0 18183
12 3 5 5.5 -2 0 0 13330
12 3 6 5.5 -2 0 0 14731
12 3 7 4.63793 0.218224 0.641061 0.0131245 13046
12 3 8 5.5 -2 0 0 15099
12 3 9 4.68535 0.234901 0.58804 0.00619451 14237
12 3 10 4.67055 0.300321 0.449483 0.0233903 18829
12 3 11 4.67372 0.23026 0.570561 0.00307619 19273
12 3 12 4.77896 0.223209 0.60489 0.0121809 14976
12 3 13 4.90313 0.229294 0.679835 0.00841229 15590
12 3 14 0 -10 0 0 0
12 3 15 4.70019 0.292438 0.549105 0.0233715 16187
12 3 16 4.71519 0.241785 0.519257 0.0163239 22382
12 3 17 4.89282 0.228145 0.475919 0.0364708 14563
12 3 18 4.94757 0.211042 0.51797 0.0238095 13459
12 3 19 4.94458 0.198296 0.478194 0.100969 12530
12 3 20 4.77968 0.219437 0.522649 0.0266415 11931
12 3 21 4.60094 0.247544 0.544219 0.0226086 14137
12 3 22 5.2546 0.218887 0.565095 0.0615851 10720
12 3 23 5.49728 0.209209 0.596566 0.0263986 7398
12 3 24 0 -10 0 0 0
12 3 25 4.70943 0.23625 0.515168 0.0126026 14777
12 3 26 4.86675 0.192459 0.588742 0.0159358 9660
12 3 27 4.81436 0.198246 0.575106 0.00717978 11110
12 3 28 4.84301 0.223518 0.525778 0.0248373 11324
12 3 29 0 -10 0 0 0
12 3 30 0 -10 0 0 0
12 3 31 4.85531 0.237823 0.563998 0.0239822 11353
12 3 32 5.15527 0.191736 0.621069 0.00910777 13404
12 3 33 5.02739 0.247245 0.506979 0.0484143 9906
12 3 34 4.91882 0.206323 0.509811 0.00654669 11648
12 3 35 4.83488 0.216523 0.519882 0.0242645 13293
12 3 36 0 -10 0 0 0
12 3 37 4.86394 0.229257 0.494149 0.0301557 15340
12 3 38 0 -10 0 0 0
12 3 39 5.73146 0.249462 0.74536 0.165778 9924
12 3 40 5.07005 0.206968 0.574401 0.0474646 15181
12 3 41 4.67535 0.219642 0.549101 0.0230879 14040
12 3 42 5.23294 0.201713 0.541911 0.0903183 11415
12 3 43 5.14034 0.216049 0.532986 0.0121815 12215
12 3 44 4.97734 0.212301 0.543526 0.0371804 14977
12 3 45 5.5 -2 0 0 13303
12 3 46 4.74898 0.215442 0.531776 0.0236166 16580
12 3 47 5.20698 0.232552 0.62622 0.0153697 14433
12 3 48 4.67018 0.233917 0.563126 0.0138703 15230
12 3 49 4.93122 0.249035 0.592509 0.0124977 12383
12 3 50 4.68092 0.210003 0.561722 0.0224787 15211
12 3 51 4.78816 0.210237 0.540216 0.0224743 13975
12 3 52 5.5 -2 0 0 12681
12 3 53 4.73265 0.239786 0.486275 0.0123024 15423
12 3 54 4.87158 0.260394 0.626879 0.0321186 13611
12 3 55 4.66205 0.266927 0.589277 0.0170053 12713
12 3 56 5.5 -2 0 0 13993
12 3 57 4.97578 0.19885 0.675799 0.0256547 11520
12 3 58 5.5 -2 0 0 13841
12 3 59 5.5 -2 0 0 11040
12 3 60 5.5 -2 0 0 12982
12 3 61 5.5 -2 0 0 11750
12 3 62 5.5 -2 0 0 13724
12 3 63 5.5 -2 0 0 11545
12 4 0 5.27741 0.398341 0.631455 0.00951503 10004
12 4 1 5.34154 0.354188 0.647527 0.00660419 8542
12 4 2 5.37813 0.357723 0.727951 0.0109721 6817
12 4 3 5.0842 0.506934 0.706724 0.0298502 6537
12 4 4 5.49538 0.373393 0.671322 0.00764197 6027
12 4 5 5.80605 0.327484 0.789817 0.0161172 9306
12 4 6 5.21343 0.338036 0.615229 0.025144 4557
12 4 7 5.622 0.316484 0.645314 0.0416511 8480
12 4 8 5.64967 0.288151 0.743336 0.0140501 7311
12 4 9 5.20854 0.393518 0.726491 0.0418771 6857
12 4 10 5.29994 0.320123 0.738087 0.013644 7189
12 4 11 5.39579 0.258415 0.708921 0.0243695 5111
12 4 12 5.59614 0.350633 0.587941 0.0449817 4885
12 4 13 5.69735 0.396808 0.679238 0.0284759 6339
12 4 14 5.18129 0.323868 0.667841 0.014935 5808
12 4 15 5.14966 0.319247 0.707325 0.0129493 4650
12 4 16 6.13793 0.274027 0.712655 0.0215008 5154
12 4 17 5.62906 0.371014 0.607744 0.0314544 4141
12 4 18 5.66271 0.310413 0.661291 0.0222737 6036
12 4 19 5.59144 0.283445 0.614179 0.0278683 4800
12 4 20 5.6052 0.327022 0.596317 0.0208289 4639
12 4 21 6.00594 0.280797 0.689374 0.0623249 7242
12 4 22 6.11737 0.287718 0.654278 0.0306884 8433
12 4 23 0 -10 0 0 0
12 4 24 5.22813 0.273282 0.663617 0.0156014 4693
12 4 25 4.98734 0.309397 0.719953 0.0159866 4883
12 4 26 0 -10 0 0 0
12 4 27 5.65951 0.297923 0.653895 0.0331993 5606
12 4 28 5.54735 0.286061 0.692866 0.0128531 7087
12 4 29 5.7382 0.355386 0.694994 0.00682671 3835
12 4 30 5.85555 0.301294 0.666112 0.0253184 7559
12 4 31 5.63247 0.29795 0.68463 0.0295711 4247
12 4 32 5.4843 0.312891 0.680577 0.0469136 3599
12 4 33 5.4481 0.285467 0.748052 0.026084 6081
12 4 34 5.68141 0.374888 0.613128 0.015031 3390
12 4 35 0 -10 0 0 0
12 4 36 5.60852 0.301104 0.620346 0.0965406 5240
12 4 37 5.79932 0.301486 0.566193 0.0377019 4545
12 4 38 5.88303 0.327043 0.662216 0.0326676 3602
12 4 39 5.88638 0.355733 0.638366 0.0248163 3529
12 4 40 5.91797 0.290522 0.756999 0.00505968 6463
12 4 41 5.50673 0.333406 0.689948 0.0436243 5598
12 4 42 5.78016 0.331685 0.670447 0.0221165 5271
12 4 43 5.84694 0.354631 0.614947 0.0450413 4401
12 4 44 5.85495 0.30203 0.661854 0.0109237 4611
12 4 45 5.57694 0.334921 0.600232 0.0564474 4401
12 4 46 5.38841 0.342701 0.605385 0.0117895 4107
12 4 47 5.66843 0.380034 0.582273 0.0606519 3450
12 4 48 5.25828 0.360592 0.705609 0.0197076 3582
12 4 49 5.71341 0.347645 0.668323 0.021651 3037
12 4 50 5.37435 0.409018 0.685065 0.0208323 3609
12 4 51 5.71599 0.335024 0.682464 0.03165 3855
12 4 52 5.55447 0.318415 0.702021 0.0205008 3406
12 4 53 5.51093 0.40385 0.713505 0.00834198 4433
12 4 54 5.29951 0.348802 0.676223 0.0309341 4541
12 4 55 5.35271 0.396302 0.705479 0.0373168 4548
12 4 56 5.28317 0.438727 0.669535 0.0204545 5502
12 4 57 5.23807 0.463552 0.786264 0.0140651 5536
12 4 58 5.05751 0.438413 0.840112 0.0245793 6583
12 4 59 5.18705 0.32414 0.634133 0.0430614 3594
12 4 60 5.5 -2 0 0 5073
12 4 61 4.95084 0.49134 0.69217 0.00396802 4001
12 4 62 5.5 -2 0 0 3873
12 4 63 5.5 -2 0 0 4550
12 5 0 5.97445 0.272602 0.727695 0.0306829 5471
12 5 1 5.93417 0.294731 0.615143 0.109085 5548
12 5 2 5.92809 0.309887 0.804183 0.0196781 5700
12 5 3 5.90231 0.327404 0.715504 0.0190169 5411
12 5 4 5.77037 0.339761 0.677723 0.00878206 6683
12 5 5 5.95352 0.313672 0.706021 0.0147706 5917
12 5 6 6.25478 0.310603 0.716319 0.0276399 5671
12 5 7 5.96772 0.25192 0.862632 0.052712 5315
12 5 8 6.08642 0.286281 0.776823 0.0203253 5544
12 5 9 6.19616 0.291045 0.73988 0.0472193 5843
12 5 10 6.01527 0.289907 0.741809 0.027315 5586
12 5 11 6.00028 0.352011 0.65585 0.0332034 5659
12 5 12 6.49754 0.285108 0.741017 0.0266467 5846
12 5 13 6.10831 0.257878 0.752196 0.0238291 5945
12 5 14 6.27452 0.255165 0.740026 0.0215886 7197
12 5 15 6.01885 0.333885 0.633821 0.0603333 7481
12 5 16 6.4698 0.321952 0.766324 0.021865 6720
12 5 17 6.12762 0.279393 0.692822 0.0188331 6358
12 5 18 5.93489 0.300855 0.637184 0.0228617 6250
12 5 19 6.21331 0.299805 0.750488 0.152546 6153
12 5 20 5.61899 0.269399 0.650826 0.0221159 6545
12 5 21 6.3279 0.261614 0.748514 0.0417003 6140
12 5 22 0 -10 0 0 0
12 5 23 5.82211 0.299185 0.666525 0.00857758 6931
12 5 24 6.44222 0.258089 0.763782 0.00744354 6106
12 5 25 5.99117 0.294963 0.671289 0.0312412 7786
12 5 26 6.19622 0.308917 0.621919 0.00984399 6176
12 5 27 6.3618 0.286016 0.720259 0.100527 6403
12 5 28 6.11489 0.284771 0.695588 0.0205783 7212
12 5 29 0 -10 0 0 0
12 5 30 0 -10 0 0 0
12 5 31 6.35097 0.279596 0.686719 0.00931488 7467
12 5 32 5.77545 0.247327 0.712823 0.0282101 9005
12 5 33 6.0732 0.277533 0.663939 0.0113761 6539
12 5 34 6.40283 0.280476 0.70913 0.0130198 6841
12 5 35 6.32416 0.283573 0.688784 0.0299484 6909
12 5 36 0 -10 0 0 0
12 5 37 6.41213 0.269684 0.703374 0.00451376 7071
12 5 38 0 -10 0 0 0
12 5 39 0 -10 0 0 0
12 5 40 0 -10 0 0 0
12 5 41 6.50483 0.323883 0.733328 0.0359848 7921
12 5 42 0 -10 0 0 0
12 5 43 5.75005 0.364297 0.634153 0.0160964 7643
12 5 44 6.29074 0.331444 0.631766 0.0238216 7895
12 5 45 6.26193 0.3518 0.691835 0.0416036 7002
12 5 46 5.95697 0.299771 0.744715 0.0280995 9847
12 5 47 6.08104 0.303306 0.789575 0.0160367 11249
12 5 48 5.60707 0.324338 0.725198 0.0145347 10877
12 5 49 6.40298 0.282569 0.722966 0.0161228 8964
12 5 50 6.01054 0.312762 0.718607 0.0100368 10438
12 5 51 6.04014 0.285454 0.776969 0.00656489 9296
12 5 52 6.18113 0.298804 0.684498 0.022027 7692
12 5 53 5.94966 0.339587 0.65817 0.0331061 7757
12 5 54 5.93685 0.353854 0.737576 0.019103 10192
12 5 55 5.5795 0.399192 0.681276 0.00612946 8800
12 5 56 5.47967 0.431377 0.76249 0.0230846 8868
12 5 57 6.1091 0.354131 0.734219 0.0295808 8581
12 5 58 5.84407 0.332437 0.761197 0.0119763 8854
12 5 59 5.65979 0.37643 0.648115 0.00408225 8344
12 5 60 5.40474 0.431487 0.692804 0.00836401 7055
12 5 61 5.4263 0.412723 0.67812 0.00546953 8621
12 5 62 5.09314 0.365165 0.672666 0.0166432 8605
12 5 63 5.51499 0.530538 0.659978 0.0187652 8785
12 6 0 5.55726 0.534513 0.65231 0.0139347 3412
12 6 1 5.61517 0.371566 0.809075 0.00995297 4296
12 6 2 5.5 -2 0 0 4203
12 6 3 5.20417 0.406712 0.643787 0.0150633 3157
12 6 4 5.16061 0.426496 0.702301 0.0123074 3152
12 6 5 5.15496 0.480003 0.728599 0.0216517 5072
12 6 6 5.27773 0.443511 0.739623 0.0440179 3579
12 6 7 0 -10 0 0 0
12 6 8 5.28715 0.472524 0.719533 0.00918813 3807
12 6 9 0 -10 0 0 0
12 6 10 5.45419 0.405286 0.701838 0.078608 3543
12 6 11 5.2754 0.487622 0.643297 0.0167331 2544
12 6 12 6.05312 0.449891 0.621103 0.0538309 3942
12 6 13 5.5 -2 0 0 4822
12 6 14 5.67257 0.339096 0.700184 0.0157463 4672
12 6 15 5.75509 0.396044 0.757232 0.0172347 5296
12 6 16 5.33429 0.37142 0.666773 0.00642174 3781
12 6 17 5.22993 0.434945 0.597161 0.0471127 2492
12 6 18 0 -10 0 0 0
12 6 19 5.6949 0.44552 0.665614 0.030111 3032
12 6 20 6.09271 0.44357 0.635757 0.0405607 2998
12 6 21 5.81172 0.497067 0.539624 0.0320387 2996
12 6 22 6.098 0.408021 0.610586 0.0466403 2818
12 6 23 5.28704 0.407593 0.742364 0.0188458 2923
12 6 24 5.33858 0.373624 0.781719 0.0420951 4257
12 6 25 5.55079 0.438274 0.583871 0.0175903 2431
12 6 26 5.32661 0.466411 0.647949 0.0479071 1965
12 6 27 5.2686 0.446259 0.656458 0.0160403 3383
12 6 28 5.7401 0.480986 0.599196 0.0767667 2991
12 6 29 5.90863 0.351787 0.681572 0.0422453 2619
12 6 30 5.71257 0.35028 0.660764 0.015991 2576
12 6 31 5.52947 0.415798 0.677236 0.0273532 2736
12 6 32 5.5 -2 0 0 2559
12 6 33 5.85078 0.424976 0.577876 0.0354617 2580
12 6 34 5.88851 0.424093 0.649973 0.0143054 2599
12 6 35 5.65974 0.46768 0.689499 0.0682922 2203
12 6 36 0 -10 0 0 0
12 6 37 5.41404 0.465474 0.64079 0.0636209 2645
12 6 38 5.66062 0.383748 0.719264 0.0137199 2141
12 6 39 5.53352 0.454043 0.71628 0.0687273 2659
12 6 40 0 -10 0 0 0
12 6 41 5.35359 0.394855 0.551557 0.0266594 2577
12 6 42 5.76996 0.410355 0.699377 0.0303313 2391
12 6 43 5.26303 0.370616 0.591472 0.0266396 2552
12 6 44 5.62778 0.439177 0.651952 0.0175565 2027
12 6 45 5.30326 0.422594 0.671943 0.0443731 2098
12 6 46 5.51802 0.444009 0.668525 0.0150623 2183
12 6 47 5.55487 0.531282 0.655919 0.0730568 1826
12 6 48 5.42084 0.442451 0.6761 0.0251312 2163
12 6 49 5.36615 0.452166 0.599226 0.0183582 1571
12 6 50 5.5 -2 0 0 2167
12 6 51 5.37028 0.438088 0.72514 0.0347451 2202
12 6 52 5.32429 0.490032 0.677743 0.0224812 1675
12 6 53 5.5 -2 0 0 1794
12 6 54 5.5 -2 0 0 2054
12 6 55 5.5 -2 0 0 2370
12 6 56 5.5 -2 0 0 2298
12 6 57 5.5 -2 0 0 2070
12 6 58 5.5 -2 0 0 1828
12 6 59 5.5 -2 0 0 1937
12 6 60 5.5 -2 0 0 2125
12 6 61 5.5 -2 0 0 2028
12 6 62 5.5 -2 0 0 2587
12 6 63 5.5 -2 0 0 2234
12 7 0 5.23765 0.507516 0.757179 0.071895 2411
12 7 1 5.14836 0.339004 0.738606 0.0303196 2806
12 7 2 5.67016 0.378087 0.616399 0.0604022 2477
12 7 3 4.86288 0.413562 0.731496 0.0224863 3116
12 7 4 0 -10 0 0 0
12 7 5 5.54872 0.453448 0.59279 0.0212432 2681
12 7 6 5.17361 0.454771 0.739813 0.0184423 2967
12 7 7 5.94961 0.395505 0.491217 0.0760744 2431
12 7 8 5.10498 0.425969 0.558977 0.0346582 2976
12 7 9 5.53357 0.474015 0.549639 0.0356798 2893
12 7 10 5.41463 0.449483 0.67112 0.0987166 2807
12 7 11 5.921 0.379343 0.545711 0.14663 2482
12 7 12 5.23929 0.388025 0.594626 0.0430378 2631
12 7 13 5.2972 0.37306 0.66381 0.089712 3230
12 7 14 5.93625 0.359596 0.56219 0.0816134 2529
12 7 15 5.38009 0.336601 0.762786 0.0149241 3324
12 7 16 5.631 0.359945 0.580259 0.0459852 2959
12 7 17 5.36268 0.310968 0.638291 0.0195383 3194
12 7 18 5.56399 0.359092 0.669001 0.0719091 3849
12 7 19 5.35819 0.290022 0.741087 0.0708891 3537
12 7 20 5.79135 0.318796 0.751716 0.0116857 3496
12 7 21 5.26442 0.40538 0.596895 0.0263426 3894
12 7 22 5.49625 0.414387 0.68617 0.0423915 2919
12 7 23 5.74146 0.352319 0.647945 0.0108438 2613
12 7 24 5.46208 0.333835 0.723529 0.0635289 2989
12 7 25 5.68471 0.333566 0.6066 0.0414835 4460
12 7 26 5.51968 0.291329 0.635739 0.00829286 3604
12 7 27 5.50631 0.312374 0.640204 0.0492027 4125
12 7 28 5.15206 0.288095 0.757838 0.0430014 3041
12 7 29 0 -10 0 0 0
12 7 30 6.13581 0.450202 0.610612 0.0608987 2896
12 7 31 5.77863 0.314802 0.613044 0.0873086 3824
12 7 32 5.16144 0.287948 0.604016 0.0635119 4070
12 7 33 5.33381 0.280236 0.826549 0.0424096 3664
12 7 34 5.17658 0.342341 0.625626 0.006846 4526
12 7 35 5.61749 0.377771 0.628148 0.0546666 3635
12 7 36 5.65289 0.388839 0.63659 0.0441748 3632
12 7 37 5.05152 0.319038 0.670065 0.0142432 6109
12 7 38 5.57516 0.478089 0.776766 0.016865 5122
12 7 39 0 -10 0 0 0
12 7 40 5.62607 0.343674 0.672953 0.0111531 4392
12 7 41 5.58546 0.402769 0.680686 0.0127156 4373
12 7 42 5.77927 0.389187 0.645557 0.044214 4268
12 7 43 5.4959 0.377065 0.60567 0.0512831 4902
12 7 44 0 -10 0 0 0
12 7 45 0 -10 0 0 0
12 7 46 5.66068 0.323062 0.751259 0.0206344 6297
12 7 47 5.12395 0.424868 0.758862 0.00489144 7986
12 7 48 5.90812 0.320036 0.788215 0.0107728 7030
12 7 49 5.26271 0.423281 0.749612 0.0208442 5627
12 7 50 5.35744 0.407512 0.705353 0.00794971 6518
12 7 51 5.3662 0.334477 0.720891 0.0246948 7243
12 7 52 5.05923 0.366299 0.723415 0.00876257 5292
12 7 53 5.5 -2 0 0 7427
12 7 54 0 -10 0 0 0
12 7 55 4.96413 0.471094 0.665351 0.00415747 6111
12 7 56 0 -10 0 0 0
12 7 57 4.94009 0.410749 0.699764 0.00423089 6443
12 7 58 5.5 -2 0 0 5984
12 7 59 0 -10 0 0 0
12 7 60 5.5 -2 0 0 6498
12 7 61 5.5 -2 0 0 4877
12 7 62 5.5 -2 0 0 5564
12 7 63 5.5 -2 0 0 5924
12 8 0 5.5 -2 0 0 3300
12 8 1 5.5 -2 0 0 4332
12 8 2 4.99293 0.366123 0.627776 0.0186727 3078
12 8 3 5.5 -2 0 0 3136
12 8 4 5.5 -2 0 0 4299
12 8 5 4.77011 0.423346 0.519155 0.0492637 4776
12 8 6 4.6992 0.317066 0.639387 0.0324338 4835
12 8 7 0 -10 0 0 0
12 8 8 5.5 -2 0 0 3741
12 8 9 5.5 -2 0 0 3956
12 8 10 5.5 -2 0 0 4839
12 8 11 5.5 -2 0 0 4044
12 8 12 4.80884 0.303807 0.655813 0.00915358 3460
12 8 13 5.5 -2 0 0 5288
12 8 14 5.5 -2 0 0 3793
12 8 15 5.0693 0.332269 0.732435 0.0131399 5595
12 8 16 4.8787 0.292784 0.786445 0.0149458 3319
12 8 17 4.83843 0.323649 0.647652 0.0250363 5822
12 8 18 4.62801 0.312398 0.698843 0.00649181 6883
12 8 19 5.5 -2 0 0 5292
12 8 20 4.8172 0.324096 0.704941 0.0229016 5670
12 8 21 5.5 -2 0 0 5631
12 8 22 4.95204 0.287581 0.65911 0.0720558 2956
12 8 23 4.9548 0.312222 0.645987 0.0109428 4094
12 8 24 4.69639 0.314668 0.768081 0.020112 4679
12 8 25 0 -10 0 0 0
12 8 26 4.60652 0.287093 0.672696 0.0195427 4429
12 8 27 4.96267 0.288623 0.725728 0.0304206 5313
12 8 28 4.99074 0.305043 0.700841 0.012478 3469
12 8 29 4.72419 0.310621 0.685367 0.00572711 5020
12 8 30 4.65262 0.275052 0.790038 0.0179295 3757
12 8 31 0 -10 0 0 0
12 8 32 4.7245 0.29729 0.596128 0.0198844 5563
12 8 33 4.68466 0.329005 0.638391 0.00533873 4880
12 8 34 4.72937 0.338694 0.684756 0.00750258 8450
12 8 35 5.5 -2 0 0 4935
12 8 36 4.71207 0.378908 0.629976 0.053402 3773
12 8 37 4.64575 0.302708 0.665969 0.0225651 7430
12 8 38 5.5 -2 0 0 9430
12 8 39 4.73678 0.339976 0.642476 0.0239108 6187
12 8 40 4.88617 0.322044 0.629138 0.013189 4780
12 8 41 4.67397 0.378945 0.707414 0.0105134 5009
12 8 42 5.5 -2 0 0 5807
12 8 43 5.5 -2 0 0 5399
12 8 44 4.77301 0.369444 0.615323 0.083134 4547
12 8 45 4.8178 0.300446 0.713603 0.00924437 4724
12 8 46 5.5 -2 0 0 9582
12 8 47 5.5 -2 0 0 11901
12 8 48 4.73304 0.349507 0.818976 0.0197222 6747
12 8 49 4.68522 0.343877 0.781259 0.00345806 6587
12 8 50 5.5 -2 0 0 7518
12 8 51 4.72959 0.31567 0.728024 0.020047 7358
12 8 52 4.87139 0.317978 0.649254 0.0204098 7299
12 8 53 5.5 -2 0 0 9283
12 8 54 4.73797 0.422305 0.676973 0.015188 4655
12 8 55 5.5 -2 0 0 8321
12 8 56 5.5 -2 0 0 5271
12 8 57 5.5 -2 0 0 8978
12 8 58 5.5 -2 0 0 7239
12 8 59 5.5 -2 0 0 5988
12 8 60 5.5 -2 0 0 6888
12 8 61 5.5 -2 0 0 6170
12 8 62 5.5 -2 0 0 5674
12 8 63 5.5 -2 0 0 6745
12 9 0 0 -10 0 0 0
12 9 1 5.5 -2 0 0 6496
12 9 2 5.5 -2 0 0 3682
12 9 3 4.92976 0.340973 0.692928 0.0190374 3838
12 9 4 5.5 -2 0 0 3994
12 9 5 5.11388 0.278711 0.797725 0.0289722 7841
12 9 6 4.83946 0.364968 0.836728 0.0118868 4373
12 9 7 0 -10 0 0 0
12 9 8 5.5 -2 0 0 4882
12 9 9 0 -10 0 0 0
12 9 10 0 -10 0 0 0
12 9 11 5.05274 0.460269 0.662578 0.0408604 3286
12 9 12 4.97579 0.316001 0.653524 0.0196014 5452
12 9 13 5.08857 0.342922 0.71707 0.00934936 5691
12 9 14 5.3716 0.320783 0.808635 0.00790167 5865
12 9 15 5.17674 0.371672 0.818369 0.00529373 7639
12 9 16 4.62961 0.384717 0.658484 0.0292378 4034
12 9 17 5.25216 0.285177 0.714473 0.0167454 3559
12 9 18 5.71071 0.320832 0.809359 0.017023 5492
12 9 19 5.32024 0.313668 0.739326 0.0157675 3827
12 9 20 0 -10 0 0 0
12 9 21 5.0971 0.376079 0.635211 0.0555882 2940
12 9 22 5.11588 0.307122 0.711735 0.0458381 2578
12 9 23 5.36661 0.277211 0.688726 0.024352 2747
12 9 24 5.91086 0.27719 0.786454 0.00790442 4260
12 9 25 5.33428 0.250621 0.794681 0.0233365 2801
12 9 26 5.1638 0.312162 0.700597 0.0208887 2938
12 9 27 5.97927 0.318617 0.761075 0.0180445 2569
12 9 28 5.31889 0.383849 0.81718 0.01579 3553
12 9 29 5.35784 0.266523 0.705715 0.0146592 4572
12 9 30 0 -10 0 0 0
12 9 31 5.56011 0.304269 0.794282 0.026226 2189
12 9 32 5.11622 0.317257 0.664285 0.0320437 2777
12 9 33 0 -10 0 0 0
12 9 34 5.42885 0.305837 0.649586 0.0149569 2078
12 9 35 4.91841 0.320996 0.643449 0.00921788 2559
12 9 36 5.04635 0.323325 0.691644 0.0196405 3131
12 9 37 5.04209 0.35045 0.596345 0.0431802 2584
12 9 38 5.39382 0.288938 0.782266 0.155871 2094
12 9 39 5.21032 0.331225 0.752391 0.0216436 3879
12 9 40 0 -10 0 0 0
12 9 41 5.23198 0.380776 0.65623 0.0314133 1830
12 9 42 5.64782 0.311384 0.754297 0.0386714 2724
12 9 43 4.94013 0.369832 0.672212 0.0592803 1525
12 9 44 5.6349 0.449198 0.594866 0.139668 2345
12 9 45 5.04671 0.377814 0.673316 0.0223548 2976
12 9 46 0 -10 0 0 0
12 9 47 5.5 -2 0 0 1788
12 9 48 4.65995 0.461002 0.646425 0.0284699 2691
12 9 49 4.68376 0.436048 0.690138 0.00935294 1795
12 9 50 0 -10 0 0 0
12 9 51 4.6963 0.440695 0.608508 0.0303345 1988
12 9 52 4.87563 0.429907 0.61794 0.0183933 1983
12 9 53 5.5 -2 0 0 2155
12 9 54 5.05777 0.47026 0.60513 0.0580856 1728
12 9 55 5.5 -2 0 0 2567
12 9 56 4.73163 0.406402 0.61797 0.00732926 1969
12 9 57 5.5 -2 0 0 2159
12 9 58 4.62649 0.452846 0.638391 0.0686994 2232
12 9 59 0 -10 0 0 0
12 9 60 5.5 -2 0 0 2159
12 9 61 5.5 -2 0 0 2635
12 9 62 5.5 -2 0 0 3435
12 9 63 5.5 -2 0 0 1842
12 10 0 5.27087 0.385606 0.793389 0.0375247 7304
12 10 1 5.3216 0.329127 0.731599 0.0166143 6724
12 10 2 5.31942 0.326212 0.748209 0.011916 6448
12 10 3 5.5056 0.309143 0.685423 0.0131821 6431
12 10 4 5.81597 0.295505 0.682587 0.0428622 7910
12 10 5 5.38662 0.29857 0.717615 0.0417242 7804
12 10 6 5.69046 0.258692 0.894008 0.0503038 6286
12 10 7 5.51452 0.298097 0.771121 0.013967 6754
12 10 8 5.84183 0.280134 0.766321 0.0202858 6638
12 10 9 5.51157 0.273864 0.800982 0.0455244 7370
12 10 10 5.78485 0.242243 0.748248 0.0532801 7602
12 10 11 5.6776 0.261926 0.761422 0.0107305 7562
12 10 12 5.79429 0.227139 0.761049 0.0672109 7285
12 10 13 5.90249 0.312728 0.777276 0.0207818 8006
12 10 14 5.5616 0.281213 0.780732 0.0640368 10529
12 10 15 5.46043 0.338167 0.717921 0.0115825 9102
12 10 16 5.82202 0.274035 0.769635 0.0141948 10215
12 10 17 5.62724 0.307277 0.67487 0.0106419 8522
12 10 18 5.35684 0.274785 0.694768 0.0206965 8137
12 10 19 6.07329 0.289079 0.692504 0.0134081 6738
12 10 20 5.88231 0.290037 0.690081 0.0763738 7406
12 10 21 6.19732 0.338384 0.673096 0.0791827 6284
12 10 22 6.19821 0.25194 0.760097 0.0146267 5658
12 10 23 5.94623 0.242501 0.759299 0.0108466 6869
12 10 24 6.23624 0.241747 0.713261 0.0381451 6940
12 10 25 6.34587 0.267661 0.750594 0.0138049 7805
12 10 26 5.97741 0.323686 0.63986 0.0563843 7796
12 10 27 6.28125 0.281574 0.729931 0.0355961 6151
12 10 28 5.82968 0.234805 0.691686 0.051787 6605
12 10 29 5.63935 0.267867 0.722425 0.0188774 7114
12 10 30 0 -10 0 0 0
12 10 31 5.92618 0.279162 0.645521 0.0653009 6829
12 10 32 6.21221 0.295161 0.720698 0.0193235 9519
12 10 33 5.82976 0.317948 0.676456 0.0975244 6572
12 10 34 5.91109 0.284115 0.64132 0.0703216 7556
12 10 35 0 -10 0 0 0
12 10 36 6.19 0.269581 0.687416 0.0501548 7249
12 10 37 5.82442 0.295593 0.612198 0.0434869 8353
12 10 38 5.96634 0.314251 0.707501 0.0833035 6584
12 10 39 5.86786 0.232665 0.77976 0.021788 6834
12 10 40 5.80221 0.358086 0.654745 0.0392193 10878
12 10 41 6.144 0.278213 0.704659 0.0474276 6800
12 10 42 6.28188 0.256569 0.732995 0.0353533 6540
12 10 43 5.9193 0.319717 0.745482 0.0215811 7509
12 10 44 5.97579 0.289779 0.668027 0.03908 7424
12 10 45 6.04018 0.276706 0.66142 0.0525636 7184
12 10 46 5.78826 0.336496 0.732115 0.0335367 10413
12 10 47 6.51362 0.4249 0.82323 0.0933786 11069
12 10 48 5.88881 0.354429 0.730313 0.01808 10874
12 10 49 5.72541 0.311304 0.661283 0.0382812 10477
12 10 50 5.7648 0.313321 0.753635 0.0116437 10752
12 10 51 5.96107 0.329308 0.752866 0.0287139 9615
12 10 52 5.9505 0.369268 0.649107 0.0845939 8274
12 10 53 5.40412 0.316275 0.708824 0.00846647 9075
12 10 54 5.56406 0.335625 0.614777 0.0406515 8346
12 10 55 5.53313 0.389108 0.712066 0.0259286 8473
12 10 56 5.60384 0.350461 0.69049 0.0356879 8165
12 10 57 5.18624 0.377991 0.718081 0.0128606 8125
12 10 58 5.3571 0.39198 0.727819 0.0299335 7126
12 10 59 5.47872 0.390407 0.698138 0.0277087 8926
12 10 60 5.43906 0.402706 0.632315 0.0290514 6673
12 10 61 5.0833 0.482808 0.660754 0.0215497 7997
12 10 62 5.07968 0.387257 0.650037 0.0323703 7138
12 10 63 4.84263 0.401344 0.654657 0.0289488 6836
12 11 0 5.12786 0.451455 0.762897 0.0107863 8447
12 11 1 5.04064 0.311718 0.60707 0.0104659 7591
12 11 2 5.36644 0.298605 0.623809 0.0142659 6016
12 11 3 5.23206 0.374798 0.620843 0.0305024 5420
12 11 4 5.21212 0.378405 0.68839 0.00489955 4771
12 11 5 5.72549 0.2431 0.767637 0.0121902 9632
12 11 6 5.3571 0.297362 0.618442 0.0651335 4409
12 11 7 5.40488 0.29708 0.686564 0.00842197 8481
12 11 8 5.10367 0.317877 0.585946 0.0107407 7536
12 11 9 4.85222 0.325815 0.667747 0.0152049 6913
12 11 10 5.59139 0.303316 0.621849 0.0180875 5499
12 11 11 5.18767 0.324318 0.604936 0.0135811 4403
12 11 12 5.51453 0.316757 0.613803 0.038016 3567
12 11 13 5.3019 0.404006 0.647559 0.0358717 4773
12 11 14 5.52777 0.319609 0.567355 0.0160495 4693
12 11 15 4.87882 0.32311 0.621197 0.0184991 4670
12 11 16 5.30283 0.354986 0.57243 0.0421446 3280
12 11 17 5.2354 0.312591 0.658993 0.0288703 4242
12 11 18 5.14218 0.278739 0.682644 0.0442909 5282
12 11 19 5.42856 0.270238 0.576185 0.0132522 4395
12 11 20 5.43586 0.324355 0.549889 0.0209617 5205
12 11 21 5.31822 0.327914 0.615018 0.00588938 7801
12 11 22 5.96323 0.339852 0.703879 0.0155903 8798
12 11 23 5.64655 0.325673 0.632431 0.00780949 5926
12 11 24 5.23538 0.294006 0.564517 0.0428405 4560
12 11 25 5.50151 0.300159 0.527079 0.0523073 4007
12 11 26 0 -10 0 0 0
12 11 27 5.5467 0.273229 0.758818 0.0335879 7058
12 11 28 0 -10 0 0 0
12 11 29 5.77312 0.340735 0.600559 0.00792108 4321
12 11 30 0 -10 0 0 0
12 11 31 5.59615 0.337899 0.65598 0.0357576 4527
12 11 32 5.88039 0.366447 0.482085 0.114791 4482
12 11 33 0 -10 0 0 0
12 11 34 5.49336 0.329246 0.648637 0.0131066 3921
12 11 35 5.61756 0.284483 0.635746 0.0157944 5332
12 11 36 5.57787 0.303451 0.573908 0.0686891 4441
12 11 37 5.65301 0.344249 0.5541 0.0765395 3855
12 11 38 5.75102 0.305773 0.57307 0.0364409 3944
12 11 39 5.62879 0.270845 0.628797 0.0188342 4495
12 11 40 0 -10 0 0 0
12 11 41 5.6851 0.345116 0.675619 0.0158274 6983
12 11 42 5.55109 0.337743 0.622875 0.00662835 5755
12 11 43 5.17613 0.365875 0.652479 0.0251774 5304
12 11 44 5.64555 0.326788 0.553847 0.0334182 4383
12 11 45 5.59945 0.324228 0.582823 0.0204837 4000
12 11 46 5.69529 0.303079 0.622116 0.066574 3414
12 11 47 5.71659 0.345888 0.611448 0.0400976 3839
12 11 48 5.5309 0.344667 0.641783 0.0195354 4108
12 11 49 5.83435 0.333104 0.58748 0.0499781 3126
12 11 50 4.97987 0.338523 0.665855 0.00855374 3374
12 11 51 5.39818 0.381268 0.716957 0.0360346 4524
12 11 52 5.47675 0.347975 0.609319 0.0259457 3260
12 11 53 5.50322 0.388903 0.651275 0.056276 4295
12 11 54 5.51391 0.350946 0.678373 0.0327431 4632
12 11 55 5.81601 0.403925 0.638401 0.0867019 5205
12 11 56 5.18473 0.427001 0.653634 0.0176191 6890
12 11 57 5.40521 0.345024 0.79304 0.0186974 7265
12 11 58 5.11703 0.40049 0.705115 0.0353267 8151
12 11 59 4.63477 0.426037 0.52218 0.0433438 4284
12 11 60 5.08077 0.401281 0.590629 0.0653557 6643
12 11 61 4.68608 0.382925 0.637869 0.0293704 5176
12 11 62 4.85595 0.410108 0.583667 0.0391002 4505
12 11 63 5.5 -2 0 0 5955
12 12 0 5.17907 0.333825 0.765686 0.0065205 7545
12 12 1 4.6661 0.382226 0.668148 0.0148924 7282
12 12 2 4.67445 0.387936 0.682521 0.024574 7128
12 12 3 4.8873 0.330025 0.715612 0.0048907 7760
12 12 4 5.5 -2 0 0 9389
12 12 5 4.77147 0.317393 0.71587 0.00489708 7945
12 12 6 5.37139 0.304924 0.812001 0.0218833 8139
12 12 7 4.68287 0.378228 0.722498 0.0247783 7604
12 12 8 5.5 -2 0 0 8102
12 12 9 5.03871 0.289958 0.676866 0.022115 8139
12 12 10 0 -10 0 0 0
12 12 11 4.95646 0.314329 0.741559 0.0217788 9158
12 12 12 4.90277 0.320693 0.71128 0.0131031 10041
12 12 13 4.74393 0.347322 0.727192 0.0448388 10382
12 12 14 5.43744 0.295824 0.811244 0.00611326 10589
12 12 15 4.93864 0.3655 0.751361 0.0215325 9477
12 12 16 5.00943 0.293485 0.741807 0.0230165 10935
12 12 17 4.62626 0.398941 0.698102 0.0107476 8600
12 12 18 4.80557 0.319062 0.630504 0.0141177 7275
12 12 19 5.02697 0.291496 0.650737 0.0100601 5921
12 12 20 4.63618 0.364958 0.612632 0.0324659 7774
12 12 21 4.97648 0.33739 0.583117 0.0498243 7032
12 12 22 5.15642 0.309223 0.664284 0.0216254 6436
12 12 23 5.14092 0.272736 0.634349 0.012903 6794
12 12 24 0 -10 0 0 0
12 12 25 5.05093 0.265644 0.620453 0.0229821 8285
12 12 26 5.16346 0.267979 0.721226 0.03576 6722
12 12 27 5.29838 0.307703 0.681794 0.0109152 4740
12 12 28 5.11942 0.289627 0.635324 0.0139056 6416
12 12 29 4.65969 0.322671 0.630094 0.0195016 6238
12 12 30 0 -10 0 0 0
12 12 31 4.90842 0.274598 0.709587 0.0130609 6284
12 12 32 5.15618 0.325048 0.678532 0.0182727 8649
12 12 33 4.92229 0.308249 0.669761 0.0155519 5633
12 12 34 0 -10 0 0 0
12 12 35 5.26136 0.265946 0.673367 0.0136368 4987
12 12 36 5.24338 0.317122 0.689159 0.0303689 5197
12 12 37 4.81711 0.326123 0.679494 0.0189202 6967
12 12 38 5.46208 0.295524 0.807577 0.0500872 5913
12 12 39 4.94717 0.326353 0.643054 0.0389315 5306
12 12 40 5.58591 0.298356 0.693238 0.0222462 7224
12 12 41 5.30773 0.266171 0.659435 0.00874889 5289
12 12 42 4.97467 0.302391 0.664122 0.00807253 4903
12 12 43 5.16115 0.366793 0.73113 0.0419038 6105
12 12 44 4.75587 0.338129 0.661033 0.0378093 6607
12 12 45 4.78981 0.291875 0.700471 0.0194508 5270
12 12 46 5.07464 0.273879 0.752527 0.048139 7145
12 12 47 5.34555 0.409947 0.854604 0.0313284 7139
12 12 48 4.8627 0.32795 0.718968 0.00782904 6491
12 12 49 4.99182 0.326474 0.731445 0.0251057 5765
12 12 50 4.73293 0.336366 0.61554 0.0374063 5751
12 12 51 4.90413 0.242003 0.804776 0.0535615 5464
12 12 52 4.94187 0.303183 0.728418 0.0126767 6625
12 12 53 5.5 -2 0 0 6613
12 12 54 5.10042 0.333205 0.663361 0.0170689 5096
12 12 55 4.69312 0.360034 0.656124 0.0242396 4897
12 12 56 5.5 -2 0 0 4593
12 12 57 4.67163 0.30858 0.851487 0.0507566 4887
12 12 58 5.5 -2 0 0 5045
12 12 59 5.5 -2 0 0 5214
12 12 60 4.72328 0.341696 0.779641 0.0281541 5274
12 12 61 5.5 -2 0 0 5123
12 12 62 5.5 -2 0 0 5071
12 12 63 0 -10 0 0 0
12 13 0 5.54632 0.378203 0.715506 0.0172264 5282
12 13 1 5.19926 0.465018 0.708979 0.0513082 3624
12 13 2 5.20895 0.433229 0.766144 0.0205876 3363
12 13 3 5.41671 0.418919 0.722765 0.0109657 3171
12 13 4 5.43533 0.319062 0.81434 0.0218693 2677
12 13 5 5.59777 0.322286 0.845117 0.0218046 4592
12 13 6 5.2819 0.364894 0.610265 0.0459984 2465
12 13 7 5.82744 0.3421 0.761085 0.0636682 3664
12 13 8 5.04826 0.304143 0.876984 0.0168348 4001
12 13 9 5.72596 0.355297 0.807308 0.0288784 2941
12 13 10 5.30516 0.378936 0.739929 0.0598434 3025
12 13 11 5.97924 0.305449 0.714456 0.0326964 2255
12 13 12 5.96083 0.414895 0.610414 0.0500967 2244
12 13 13 5.89389 0.350223 0.684274 0.0608659 2689
12 13 14 5.34815 0.350954 0.815716 0.0111417 2738
12 13 15 6.07129 0.391302 0.690946 0.0063317 2271
12 13 16 5.75545 0.330725 0.726255 0.0219087 2521
12 13 17 5.52148 0.344144 0.634631 0.0879315 2314
12 13 18 5.21136 0.282804 0.807369 0.0129905 3335
12 13 19 5.4914 0.354828 0.70895 0.0377936 2670
12 13 20 5.58532 0.353324 0.71599 0.0432373 3015
12 13 21 6.2532 0.348429 0.741429 0.0146236 4394
12 13 22 6.34442 0.337723 0.715189 0.0288972 5531
12 13 23 0 -10 0 0 0
12 13 24 0 -10 0 0 0
12 13 25 5.71409 0.388261 0.636229 0.0212923 3162
12 13 26 0 -10 0 0 0
12 13 27 5.80434 0.383874 0.685618 0.0542538 3704
12 13 28 0 -10 0 0 0
12 13 29 5.77251 0.421497 0.764184 0.0756364 3071
12 13 30 0 -10 0 0 0
12 13 31 6.32572 0.353012 0.72045 0.0237905 3389
12 13 32 5.74589 0.349335 0.645684 0.120537 2615
12 13 33 0 -10 0 0 0
12 13 34 6.04076 0.404071 0.602805 0.127045 2920
12 13 35 5.91663 0.366786 0.738114 0.0588643 4083
12 13 36 5.79199 0.385703 0.711541 0.030901 3490
12 13 37 0 -10 0 0 0
12 13 38 6.10566 0.353427 0.714463 0.0225521 3211
12 13 39 6.25631 0.307912 0.702682 0.0377114 3357
12 13 40 6.28087 0.416446 0.890655 0.0127151 6508
12 13 41 5.47846 0.354234 0.692332 0.00689977 6371
12 13 42 0 -10 0 0 0
12 13 43 5.94294 0.3555 0.680396 0.0473082 4723
12 13 44 5.6671 0.403754 0.699838 0.0276264 4011
12 13 45 5.59814 0.334241 0.728309 0.00824605 3329
12 13 46 5.78713 0.482694 0.664686 0.00439136 3087
12 13 47 5.30829 0.473136 0.625736 0.0330796 1720
12 13 48 5.19366 0.490388 0.783454 0.031214 2964
12 13 49 5.79925 0.457924 0.629983 0.0313726 2504
12 13 50 5.51525 0.330038 0.692388 0.0446796 2930
12 13 51 5.29389 0.457593 0.793125 0.0257385 3931
12 13 52 5.5479 0.470052 0.684336 0.0294069 3019
12 13 53 5.4317 0.460168 0.779471 0.0192756 4754
12 13 54 5.62423 0.461578 0.795734 0.0212264 4745
12 13 55 5.56033 0.426823 0.781649 0.0141244 5467
12 13 56 5.41278 0.535227 0.80085 0.0114538 6261
12 13 57 5.26988 0.513148 0.889304 0.00629343 7605
12 13 58 5.03564 0.498623 0.807333 0.012453 6851
12 13 59 5.23048 0.450026 0.729819 0.00753405 3493
12 13 60 5.5 -2 0 0 5886
12 13 61 5.5 -2 0 0 4427
12 13 62 5.5 -2 0 0 3929
12 13 63 5.5 -2 0 0 5159
12 14 0 5.5 -2 0 0 4303
12 14 1 5.31468 0.437928 0.796585 0.0243578 4119
12 14 2 5.30423 0.417212 0.799188 0.0148916 4130
12 14 3 5.23476 0.482505 0.819754 0.0122521 5067
12 14 4 5.54439 0.372351 0.626454 0.0528486 4278
12 14 5 5.22326 0.325596 0.678909 0.0117156 6023
12 14 6 5.06245 0.400495 0.704717 0.00484947 6763
12 14 7 5.32329 0.322815 0.753389 0.0302106 4796
12 14 8 5.25116 0.432784 0.738085 0.019421 5179
12 14 9 4.77443 0.382399 0.700831 0.0327106 4528
12 14 10 5.21828 0.367233 0.753316 0.0119727 4758
12 14 11 0 -10 0 0 0
12 14 12 5.46191 0.366317 0.768383 0.00503113 6639
12 14 13 0 -10 0 0 0
12 14 14 5.52477 0.322426 0.774495 0.0166892 4977
12 14 15 5.81319 0.412383 0.720605 0.0151912 6107
12 14 16 5.53399 0.369355 0.771832 0.0156161 6786
12 14 17 0 -10 0 0 0
12 14 18 5.3065 0.38733 0.734348 0.0146305 4842
12 14 19 5.8209 0.451402 0.731957 0.19704 2877
12 14 20 5.85054 0.351 0.73088 0.00702565 2865
12 14 21 5.87251 0.344888 0.75566 0.0321743 4014
12 14 22 5.77563 0.341145 0.663967 0.0369269 3720
12 14 23 5.45394 0.306152 0.709892 0.0155035 4267
12 14 24 6.16055 0.362416 0.634977 0.0154305 3971
12 14 25 5.95771 0.348018 0.695818 0.0249738 2584
12 14 26 5.77515 0.363531 0.661194 0.0442162 2543
12 14 27 6.09322 0.32969 0.629531 0.0183784 3196
12 14 28 5.44313 0.36404 0.633764 0.00356819 4403
12 14 29 6.16582 0.371007 0.729675 0.0245264 2321
12 14 30 0 -10 0 0 0
12 14 31 5.39921 0.429365 0.723825 0.0237394 2415
12 14 32 5.69723 0.354936 0.672552 0.0124225 2562
12 14 33 5.69804 0.381756 0.713086 0.0336373 3107
12 14 34 5.79238 0.338981 0.715802 0.00638924 4946
12 14 35 5.42332 0.425282 0.739849 0.00423104 4061
12 14 36 5.24759 0.38503 0.586769 0.0232364 3001
12 14 37 5.58117 0.367297 0.696544 0.0258448 4172
12 14 38 5.92752 0.340547 0.726093 0.0129963 4048
12 14 39 5.70727 0.351879 0.715986 0.0123905 2806
12 14 40 5.86575 0.389169 0.617286 0.0529856 2438
12 14 41 5.9154 0.379699 0.684627 0.0508148 2298
12 14 42 5.29369 0.3713 0.721849 0.0694068 2425
12 14 43 5.52518 0.390974 0.578829 0.0284873 2923
12 14 44 5.62944 0.45029 0.73789 0.0429402 2064
12 14 45 5.01909 0.501432 0.683551 0.0445543 4100
12 14 46 5.34073 0.408944 0.612609 0.00776839 2964
12 14 47 5.4818 0.3989 0.683786 0.0365114 3320
12 14 48 5.19274 0.481987 0.697157 0.038571 2943
12 14 49 5.28466 0.414796 0.830952 0.0566208 2748
12 14 50 5.29393 0.321787 0.73885 0.0237567 2414
12 14 51 5.53484 0.345817 0.646059 0.036992 2988
12 14 52 4.9987 0.468789 0.734858 0.00467042 3130
12 14 53 0 -10 0 0 0
12 14 54 5.5 -2 0 0 2755
12 14 55 4.88271 0.408456 0.642381 0.0168748 2572
12 14 56 5.5 -2 0 0 2375
12 14 57 5.5 -2 0 0 2248
12 14 58 4.62672 0.407118 0.665833 0.0181605 2657
12 14 59 5.5 -2 0 0 2773
12 14 60 5.5 -2 0 0 2583
12 14 61 5.5 -2 0 0 2586
12 14 62 5.5 -2 0 0 2698
12 14 63 0 -10 0 0 0
12 15 0 5.5 -2 0 0 2038
12 15 1 0 -10 0 0 0
12 15 2 5.5 -2 0 0 2234
12 15 3 5.5 -2 0 0 2356
12 15 4 5.5 -2 0 0 2847
12 15 5 5.5 -2 0 0 1796
12 15 6 4.66606 0.409521 0.513183 0.0532433 2209
12 15 7 5.5 -2 0 0 2215
12 15 8 5.5 -2 0 0 2175
12 15 9 5.5 -2 0 0 2091
12 15 10 5.10834 0.451243 0.453211 0.0815041 1626
12 15 11 5.5 -2 0 0 2410
12 15 12 0 -10 0 0 0
12 15 13 5.5 -2 0 0 2480
12 15 14 5.5 -2 0 0 2072
12 15 15 5.5 -2 0 0 1762
12 15 16 4.73839 0.334266 0.603261 0.00779756 2260
12 15 17 5.5 -2 0 0 2063
12 15 18 4.61902 0.393084 0.526603 0.00874584 2513
12 15 19 5.5 -2 0 0 2210
12 15 20 4.89796 0.363233 0.628896 0.0129807 2763
12 15 21 5.5 -2 0 0 2512
12 15 22 4.69691 0.417076 0.578074 0.0045413 2774
12 15 23 4.63218 0.454285 0.469949 0.0545398 2419
12 15 24 5.5 -2 0 0 3036
12 15 25 4.73456 0.352149 0.54847 0.0228306 2258
12 15 26 4.94667 0.378644 0.589211 0.0358702 2423
12 15 27 5.5 -2 0 0 2185
12 15 28 5.5 -2 0 0 2332
12 15 29 5.5 -2 0 0 3188
12 15 30 4.90803 0.404927 0.52481 0.0301607 2600
12 15 31 4.78601 0.421472 0.586765 0.0227264 2955
12 15 32 5.5 -2 0 0 2529
12 15 33 0 -10 0 0 0
12 15 34 0 -10 0 0 0
12 15 35 5.5 -2 0 0 3347
12 15 36 4.64487 0.395838 0.582477 0.0184217 2526
12 15 37 0 -10 0 0 0
12 15 38 4.9222 0.376683 0.655719 0.0488744 3409
12 15 39 5.5 -2 0 0 2571
12 15 40 5.5 -2 0 0 2606
12 15 41 4.81022 0.406058 0.523794 0.0237557 2748
12 15 42 5.5 -2 0 0 3861
12 15 43 4.82015 0.36209 0.659202 0.0369209 4246
12 15 44 0 -10 0 0 0
12 15 45 5.5 -2 0 0 2815
12 15 46 0 -10 0 0 0
12 15 47 5.5 -2 0 0 3058
12 15 48 5.5 -2 0 0 2815
12 15 49 5.5 -2 0 0 4939
12 15 50 0 -10 0 0 0
12 15 51 5.5 -2 0 0 3425
12 15 52 0 -10 0 0 0
12 15 53 5.5 -2 0 0 5421
12 15 54 5.5 -2 0 0 3356
12 15 55 5.5 -2 0 0 4237
12 15 56 5.5 -2 0 0 3274
12 15 57 5.5 -2 0 0 4072
12 15 58 5.5 -2 0 0 3521
12 15 59 5.5 -2 0 0 3649
12 15 60 0 -10 0 0 0
12 15 61 5.5 -2 0 0 5745
12 15 62 5.5 -2 0 0 4960
12 15 63 5.5 -2 0 0 4364
13 0 0 1.5 -2 0 0 6795
13 0 1 5.5 -2 0 0 4974
13 0 2 1.5 -2 0 0 5028
13 0 3 1.5 -2 0 0 6783
13 0 4 1.5 -2 0 0 7874
13 0 5 1.5 -2 0 0 8148
13 0 6 1.5 -2 0 0 5297
13 0 7 5.5 -2 0 0 7906
13 0 8 1.5 -2 0 0 8448
13 0 9 1.5 -2 0 0 5043
13 0 10 1.5 -2 0 0 4066
13 0 11 5.5 -2 0 0 9118
13 0 12 1.5 -2 0 0 7426
13 0 13 5.5 -2 0 0 8193
13 0 14 5.5 -2 0 0 9241
13 0 15 5.5 -2 0 0 7393
13 0 16 1.5 -2 0 0 3918
13 0 17 1.5 -2 0 0 9712
13 0 18 5.5 -2 0 0 6922
13 0 19 1.5 -2 0 0 7360
13 0 20 5.5 -2 0 0 7423
13 0 21 1.5 -2 0 0 2786
13 0 22 5.5 -2 0 0 6863
13 0 23 5.5 -2 0 0 9867
13 0 24 5.5 -2 0 0 8903
13 0 25 5.5 -2 0 0 8364
13 0 26 5.5 -2 0 0 11121
13 0 27 5.5 -2 0 0 7463
13 0 28 5.5 -2 0 0 7514
13 0 29 5.5 -2 0 0 10372
13 0 30 5.5 -2 0 0 6023
13 0 31 5.5 -2 0 0 9659
13 0 32 5.5 -2 0 0 9109
13 0 33 5.5 -2 0 0 9507
13 0 34 5.5 -2 0 0 12148
13 0 35 5.5 -2 0 0 9255
13 0 36 5.5 -2 0 0 6286
13 0 37 5.5 -2 0 0 9443
13 0 38 5.5 -2 0 0 10866
13 0 39 5.5 -2 0 0 14023
13 0 40 5.5 -2 0 0 7322
13 0 41 5.5 -2 0 0 8458
13 0 42 5.5 -2 0 0 9463
13 0 43 5.5 -2 0 0 11882
13 0 44 5.5 -2 0 0 9639
13 0 45 5.5 -2 0 0 9200
13 0 46 5.5 -2 0 0 15733
13 0 47 5.5 -2 0 0 12331
13 0 48 5.5 -2 0 0 9559
13 0 49 5.5 -2 0 0 10311
13 0 50 5.5 -2 0 0 10467
13 0 51 5.5 -2 0 0 15114
13 0 52 5.5 -2 0 0 12859
13 0 53 5.5 -2 0 0 11331
13 0 54 5.5 -2 0 0 9959
13 0 55 1.5 -2 0 0 16008
13 0 56 5.5 -2 0 0 13054
13 0 57 1.5 -2 0 0 13461
13 0 58 1.5 -2 0 0 11496
13 0 59 1.5 -2 0 0 14035
13 0 60 1.5 -2 0 0 11678
13 0 61 1.5 -2 0 0 17887
13 0 62 1.5 -2 0 0 15449
13 0 63 1.5 -2 0 0 12715
13 1 0 5.5 -2 0 0 15145
13 1 1 5.5 -2 0 0 15969
13 1 2 5.5 -2 0 0 14148
13 1 3 5.5 -2 0 0 11229
13 1 4 5.5 -2 0 0 7703
13 1 5 5.5 -2 0 0 11403
13 1 6 5.5 -2 0 0 13868
13 1 7 5.5 -2 0 0 13844
13 1 8 5.5 -2 0 0 13729
13 1 9 5.5 -2 0 0 14145
13 1 10 5.5 -2 0 0 12471
13 1 11 5.5 -2 0 0 11433
13 1 12 5.5 -2 0 0 9827
13 1 13 5.5 -2 0 0 9049
13 1 14 5.5 -2 0 0 13498
13 1 15 5.5 -2 0 0 9496
13 1 16 5.5 -2 0 0 18666
13 1 17 5.5 -2 0 0 11965
13 1 18 5.5 -2 0 0 8298
13 1 19 5.5 -2 0 0 9667
13 1 20 5.5 -2 0 0 8987
13 1 21 5.5 -2 0 0 14715
13 1 22 5.5 -2 0 0 10753
13 1 23 5.5 -2 0 0 7685
13 1 24 5.5 -2 0 0 12345
13 1 25 5.5 -2 0 0 13134
13 1 26 5.5 -2 0 0 12726
13 1 27 5.5 -2 0 0 9734
13 1 28 5.5 -2 0 0 10367
13 1 29 5.5 -2 0 0 8733
13 1 30 5.5 -2 0 0 6550
13 1 31 5.5 -2 0 0 10873
13 1 32 5.5 -2 0 0 8493
13 1 33 5.5 -2 0 0 9392
13 1 34 5.5 -2 0 0 10693
13 1 35 5.5 -2 0 0 8702
13 1 36 5.5 -2 0 0 7212
13 1 37 5.5 -2 0 0 7257
13 1 38 5.5 -2 0 0 7688
13 1 39 5.5 -2 0 0 4734
13 1 40 5.5 -2 0 0 5814
13 1 41 5.5 -2 0 0 7593
13 1 42 5.5 -2 0 0 8097
13 1 43 5.5 -2 0 0 9610
13 1 44 5.5 -2 0 0 6603
13 1 45 5.5 -2 0 0 8874
13 1 46 5.5 -2 0 0 10705
13 1 47 5.5 -2 0 0 3959
13 1 48 5.5 -2 0 0 8270
13 1 49 5.5 -2 0 0 7150
13 1 50 5.5 -2 0 0 7011
13 1 51 5.5 -2 0 0 4285
13 1 52 5.5 -2 0 0 7771
13 1 53 5.5 -2 0 0 3738
13 1 54 5.5 -2 0 0 7554
13 1 55 5.5 -2 0 0 8074
13 1 56 5.5 -2 0 0 4678
13 1 57 5.5 -2 0 0 4779
13 1 58 5.5 -2 0 0 6220
13 1 59 5.5 -2 0 0 8716
13 1 60 5.5 -2 0 0 4528
13 1 61 5.5 -2 0 0 4765
13 1 62 5.5 -2 0 0 7501
13 1 63 5.5 -2 0 0 7437
13 2 0 1.5 -2 0 0 15423
13 2 1 1.5 -2 0 0 16771
13 2 2 1.5 -2 0 0 13516
13 2 3 1.5 -2 0 0 11579
13 2 4 1.5 -2 0 0 10838
13 2 5 5.5 -2 0 0 11291
13 2 6 5.5 -2 0 0 12676
13 2 7 1.5 -2 0 0 8645
13 2 8 5.5 -2 0 0 15329
13 2 9 5.5 -2 0 0 11008
13 2 10 5.5 -2 0 0 10854
13 2 11 5.5 -2 0 0 13299
13 2 12 5.5 -2 0 0 12692
13 2 13 5.5 -2 0 0 8962
13 2 14 5.5 -2 0 0 17048
13 2 15 5.5 -2 0 0 11816
13 2 16 5.5 -2 0 0 9158
13 2 17 5.5 -2 0 0 14250
13 2 18 5.5 -2 0 0 10098
13 2 19 5.5 -2 0 0 10002
13 2 20 5.5 -2 0 0 11705
13 2 21 5.5 -2 0 0 13456
13 2 22 5.5 -2 0 0 9613
13 2 23 5.5 -2 0 0 10597
13 2 24 5.5 -2 0 0 12491
13 2 25 5.5 -2 0 0 9121
13 2 26 5.5 -2 0 0 16714
13 2 27 5.5 -2 0 0 10437
13 2 28 5.5 -2 0 0 9819
13 2 29 5.5 -2 0 0 14511
13 2 30 5.5 -2 0 0 9039
13 2 31 5.5 -2 0 0 8275
13 2 32 5.5 -2 0 0 8590
13 2 33 5.5 -2 0 0 10223
13 2 34 5.5 -2 0 0 16153
13 2 35 5.5 -2 0 0 8914
13 2 36 5.5 -2 0 0 11186
13 2 37 5.5 -2 0 0 11447
13 2 38 5.5 -2 0 0 9557
13 2 39 5.5 -2 0 0 11874
13 2 40 5.5 -2 0 0 12061
13 2 41 5.5 -2 0 0 9429
13 2 42 5.5 -2 0 0 10447
13 2 43 5.5 -2 0 0 13328
13 2 44 5.5 -2 0 0 9343
13 2 45 5.5 -2 0 0 9844
13 2 46 5.5 -2 0 0 14499
13 2 47 5.5 -2 0 0 8876
13 2 48 5.5 -2 0 0 12402
13 2 49 5.5 -2 0 0 12717
13 2 50 5.5 -2 0 0 9226
13 2 51 5.5 -2 0 0 14803
13 2 52 5.5 -2 0 0 13231
13 2 53 5.5 -2 0 0 9988
13 2 54 1.5 -2 0 0 12291
13 2 55 5.5 -2 0 0 14572
13 2 56 1.5 -2 0 0 12607
13 2 57 1.5 -2 0 0 13187
13 2 58 1.5 -2 0 0 11380
13 2 59 1.5 -2 0 0 15624
13 2 60 1.5 -2 0 0 9925
13 2 61 5.5 -2 0 0 16474
13 2 62 1.5 -2 0 0 15444
13 2 63 1.5 -2 0 0 12145
13 3 0 1.5 -2 0 0 23840
13 3 1 1.5 -2 0 0 22806
13 3 2 1.5 -2 0 0 19355
13 3 3 1.5 -2 0 0 23836
13 3 4 1.5 -2 0 0 15601
13 3 5 1.5 -2 0 0 19996
13 3 6 1.5 -2 0 0 20430
13 3 7 1.5 -2 0 0 15936
13 3 8 1.5 -2 0 0 15889
13 3 9 5.5 -2 0 0 21452
13 3 10 1.5 -2 0 0 22151
13 3 11 1.5 -2 0 0 16372
13 3 12 1.5 -2 0 0 15890
13 3 13 5.5 -2 0 0 20858
13 3 14 5.5 -2 0 0 18871
13 3 15 5.5 -2 0 0 15926
13 3 16 5.5 -2 0 0 26263
13 3 17 5.5 -2 0 0 14057
13 3 18 5.5 -2 0 0 14279
13 3 19 5.5 -2 0 0 25156
13 3 20 5.5 -2 0 0 13977
13 3 21 5.5 -2 0 0 25990
13 3 22 5.5 -2 0 0 21905
13 3 23 5.5 -2 0 0 13238
13 3 24 5.5 -2 0 0 20447
13 3 25 5.5 -2 0 0 10137
13 3 26 5.5 -2 0 0 14425
13 3 27 5.5 -2 0 0 13951
13 3 28 5.5 -2 0 0 23514
13 3 29 5.5 -2 0 0 14646
13 3 30 5.5 -2 0 0 11183
13 3 31 5.5 -2 0 0 25557
13 3 32 5.5 -2 0 0 21165
13 3 33 5.5 -2 0 0 16510
13 3 34 5.5 -2 0 0 15553
13 3 35 5.5 -2 0 0 24811
13 3 36 5.5 -2 0 0 12432
13 3 37 5.5 -2 0 0 18452
13 3 38 5.5 -2 0 0 18289
13 3 39 5.5 -2 0 0 19484
13 3 40 5.5 -2 0 0 14744
13 3 41 5.5 -2 0 0 16721
13 3 42 5.5 -2 0 0 17567
13 3 43 5.5 -2 0 0 14838
13 3 44 5.5 -2 0 0 17884
13 3 45 5.5 -2 0 0 18742
13 3 46 5.5 -2 0 0 14383
13 3 47 5.5 -2 0 0 23840
13 3 48 5.5 -2 0 0 19105
13 3 49 5.5 -2 0 0 16531
13 3 50 1.5 -2 0 0 17374
13 3 51 5.5 -2 0 0 18073
13 3 52 5.5 -2 0 0 16960
13 3 53 5.5 -2 0 0 16281
13 3 54 5.5 -2 0 0 18471
13 3 55 1.5 -2 0 0 16830
13 3 56 5.5 -2 0 0 17283
13 3 57 1.5 -2 0 0 17322
13 3 58 1.5 -2 0 0 16814
13 3 59 1.5 -2 0 0 20336
13 3 60 1.5 -2 0 0 16595
13 3 61 1.5 -2 0 0 20686
13 3 62 1.5 -2 0 0 17461
13 3 63 1.5 -2 0 0 16235
13 4 0 5.5 -2 0 0 17337
13 4 1 5.5 -2 0 0 14508
13 4 2 5.5 -2 0 0 15153
13 4 3 5.5 -2 0 0 10735
13 4 4 5.5 -2 0 0 12148
13 4 5 5.5 -2 0 0 11591
13 4 6 5.5 -2 0 0 12414
13 4 7 5.5 -2 0 0 9187
13 4 8 5.5 -2 0 0 13940
13 4 9 5.5 -2 0 0 12480
13 4 10 5.5 -2 0 0 10385
13 4 11 5.5 -2 0 0 11850
13 4 12 5.5 -2 0 0 12348
13 4 13 5.5 -2 0 0 10259
13 4 14 5.5 -2 0 0 17106
13 4 15 5.5 -2 0 0 10028
13 4 16 5.5 -2 0 0 8191
13 4 17 5.5 -2 0 0 15366
13 4 18 5.5 -2 0 0 10612
13 4 19 5.5 -2 0 0 8488
13 4 20 5.5 -2 0 0 7760
13 4 21 5.5 -2 0 0 14036
13 4 22 5.5 -2 0 0 8852
13 4 23 5.5 -2 0 0 12488
13 4 24 5.5 -2 0 0 15998
13 4 25 5.5 -2 0 0 8215
13 4 26 5.5 -2 0 0 16023
13 4 27 5.5 -2 0 0 7962
13 4 28 5.5 -2 0 0 8683
13 4 29 5.5 -2 0 0 12127
13 4 30 5.5 -2 0 0 7621
13 4 31 5.5 -2 0 0 7538
13 4 32 5.5 -2 0 0 8533
13 4 33 5.5 -2 0 0 7308
13 4 34 5.5 -2 0 0 14710
13 4 35 5.5 -2 0 0 7561
13 4 36 5.5 -2 0 0 6588
13 4 37 5.5 -2 0 0 9125
13 4 38 5.5 -2 0 0 7385
13 4 39 5.5 -2 0 0 8424
13 4 40 5.5 -2 0 0 8738
13 4 41 5.5 -2 0 0 7457
13 4 42 5.5 -2 0 0 9206
13 4 43 5.5 -2 0 0 13914
13 4 44 5.5 -2 0 0 7330
13 4 45 5.5 -2 0 0 7838
13 4 46 5.5 -2 0 0 15071
13 4 47 5.5 -2 0 0 6740
13 4 48 5.5 -2 0 0 7384
13 4 49 5.5 -2 0 0 10381
13 4 50 5.5 -2 0 0 8767
13 4 51 5.5 -2 0 0 9699
13 4 52 5.5 -2 0 0 10876
13 4 53 5.5 -2 0 0 6428
13 4 54 5.5 -2 0 0 7663
13 4 55 5.5 -2 0 0 10705
13 4 56 5.5 -2 0 0 9082
13 4 57 5.5 -2 0 0 9955
13 4 58 5.5 -2 0 0 8768
13 4 59 5.5 -2 0 0 13149
13 4 60 5.5 -2 0 0 7502
13 4 61 5.5 -2 0 0 11732
13 4 62 1.5 -2 0 0 12789
13 4 63 5.5 -2 0 0 9888
13 5 0 1.5 -2 0 0 16410
13 5 1 1.5 -2 0 0 15147
13 5 2 1.5 -2 0 0 16199
13 5 3 5.5 -2 0 0 18590
13 5 4 5.5 -2 0 0 16086
13 5 5 5.5 -2 0 0 16916
13 5 6 5.5 -2 0 0 18360
13 5 7 1.5 -2 0 0 20485
13 5 8 5.5 -2 0 0 18146
13 5 9 5.5 -2 0 0 17151
13 5 10 5.5 -2 0 0 18387
13 5 11 5.5 -2 0 0 18379
13 5 12 5.5 -2 0 0 16115
13 5 13 5.5 -2 0 0 19855
13 5 14 5.5 -2 0 0 15402
13 5 15 5.5 -2 0 0 18557
13 5 16 5.5 -2 0 0 19611
13 5 17 5.5 -2 0 0 18225
13 5 18 5.5 -2 0 0 19080
13 5 19 5.5 -2 0 0 21469
13 5 20 5.5 -2 0 0 21323
13 5 21 5.5 -2 0 0 17558
13 5 22 5.5 -2 0 0 17397
13 5 23 5.5 -2 0 0 17878
13 5 24 5.5 -2 0 0 15480
13 5 25 5.5 -2 0 0 23675
13 5 26 5.5 -2 0 0 18965
13 5 27 5.5 -2 0 0 17526
13 5 28 5.5 -2 0 0 20405
13 5 29 5.5 -2 0 0 18185
13 5 30 5.5 -2 0 0 20314
13 5 31 5.5 -2 0 0 24676
13 5 32 5.5 -2 0 0 19860
13 5 33 5.5 -2 0 0 19694
13 5 34 5.5 -2 0 0 20795
13 5 35 5.5 -2 0 0 32951
13 5 36 5.5 -2 0 0 18440
13 5 37 5.5 -2 0 0 18865
13 5 38 5.5 -2 0 0 29250
13 5 39 5.5 -2 0 0 26667
13 5 40 5.5 -2 0 0 21145
13 5 41 5.5 -2 0 0 20990
13 5 42 5.5 -2 0 0 20458
13 5 43 5.5 -2 0 0 20518
13 5 44 5.5 -2 0 0 24054
13 5 45 5.5 -2 0 0 22771
13 5 46 5.5 -2 0 0 19647
13 5 47 5.5 -2 0 0 28336
13 5 48 5.5 -2 0 0 19926
13 5 49 5.5 -2 0 0 21017
13 5 50 5.5 -2 0 0 26094
13 5 51 5.5 -2 0 0 24387
13 5 52 5.5 -2 0 0 19044
13 5 53 5.5 -2 0 0 23463
13 5 54 5.5 -2 0 0 24815
13 5 55 5.5 -2 0 0 24996
13 5 56 5.5 -2 0 0 25265
13 5 57 5.5 -2 0 0 23452
13 5 58 5.5 -2 0 0 26558
13 5 59 5.5 -2 0 0 22369
13 5 60 5.5 -2 0 0 25315
13 5 61 5.5 -2 0 0 20818
13 5 62 5.5 -2 0 0 25562
13 5 63 5.5 -2 0 0 25225
13 6 0 5.5 -2 0 0 10986
13 6 1 5.5 -2 0 0 9239
13 6 2 1.5 -2 0 0 9104
13 6 3 1.5 -2 0 0 6151
13 6 4 5.5 -2 0 0 7049
13 6 5 5.5 -2 0 0 6720
13 6 6 1.5 -2 0 0 8188
13 6 7 1.5 -2 0 0 4804
13 6 8 1.5 -2 0 0 7964
13 6 9 1.5 -2 0 0 7084
13 6 10 5.5 -2 0 0 6078
13 6 11 1.5 -2 0 0 6670
13 6 12 5.5 -2 0 0 6624
13 6 13 1.5 -2 0 0 5329
13 6 14 5.5 -2 0 0 9851
13 6 15 1.5 -2 0 0 5628
13 6 16 1.5 -2 0 0 5684
13 6 17 1.5 -2 0 0 8518
13 6 18 5.5 -2 0 0 6177
13 6 19 1.5 -2 0 0 4758
13 6 20 5.5 -2 0 0 5912
13 6 21 1.5 -2 0 0 8096
13 6 22 1.5 -2 0 0 5875
13 6 23 5.5 -2 0 0 6085
13 6 24 5.5 -2 0 0 8042
13 6 25 5.5 -2 0 0 4939
13 6 26 1.5 -2 0 0 9167
13 6 27 5.5 -2 0 0 5383
13 6 28 5.5 -2 0 0 4562
13 6 29 5.5 -2 0 0 6580
13 6 30 5.5 -2 0 0 4534
13 6 31 5.5 -2 0 0 4500
13 6 32 5.5 -2 0 0 5202
13 6 33 5.5 -2 0 0 4563
13 6 34 5.5 -2 0 0 9696
13 6 35 5.5 -2 0 0 3653
13 6 36 5.5 -2 0 0 4525
13 6 37 5.5 -2 0 0 5227
13 6 38 5.5 -2 0 0 3858
13 6 39 1.5 -2 0 0 4314
13 6 40 5.5 -2 0 0 5626
13 6 41 5.5 -2 0 0 4280
13 6 42 5.5 -2 0 0 4722
13 6 43 5.5 -2 0 0 5751
13 6 44 1.5 -2 0 0 3755
13 6 45 5.5 -2 0 0 4457
13 6 46 5.5 -2 0 0 6855
13 6 47 5.5 -2 0 0 3532
13 6 48 5.5 -2 0 0 4156
13 6 49 1.5 -2 0 0 4229
13 6 50 5.5 -2 0 0 4118
13 6 51 5.5 -2 0 0 4852
13 6 52 1.5 -2 0 0 5520
13 6 53 1.5 -2 0 0 4384
13 6 54 1.5 -2 0 0 4176
13 6 55 1.5 -2 0 0 5030
13 6 56 1.5 -2 0 0 4459
13 6 57 1.5 -2 0 0 4584
13 6 58 1.5 -2 0 0 4321
13 6 59 1.5 -2 0 0 6678
13 6 60 1.5 -2 0 0 3810
13 6 61 1.5 -2 0 0 5717
13 6 62 1.5 -2 0 0 5290
13 6 63 1.5 -2 0 0 4623
13 7 0 1.5 -2 0 0 4755
13 7 1 5.5 -2 0 0 4827
13 7 2 5.5 -2 0 0 5505
13 7 3 5.5 -2 0 0 5107
13 7 4 5.5 -2 0 0 5332
13 7 5 5.5 -2 0 0 4670
13 7 6 5.5 -2 0 0 4784
13 7 7 5.5 -2 0 0 5222
13 7 8 1.5 -2 0 0 4441
13 7 9 5.5 -2 0 0 5064
13 7 10 5.5 -2 0 0 5670
13 7 11 5.5 -2 0 0 4942
13 7 12 5.5 -2 0 0 4616
13 7 13 5.5 -2 0 0 5488
13 7 14 5.5 -2 0 0 4999
13 7 15 5.5 -2 0 0 5583
13 7 16 5.5 -2 0 0 5822
13 7 17 5.5 -2 0 0 4980
13 7 18 5.5 -2 0 0 4695
13 7 19 5.5 -2 0 0 6386
13 7 20 5.5 -2 0 0 5323
13 7 21 5.5 -2 0 0 5217
13 7 22 5.5 -2 0 0 4716
13 7 23 5.5 -2 0 0 5960
13 7 24 5.5 -2 0 0 4650
13 7 25 5.5 -2 0 0 8030
13 7 26 5.5 -2 0 0 5379
13 7 27 5.5 -2 0 0 6535
13 7 28 5.5 -2 0 0 5215
13 7 29 5.5 -2 0 0 5896
13 7 30 5.5 -2 0 0 5383
13 7 31 5.5 -2 0 0 8440
13 7 32 5.5 -2 0 0 6256
13 7 33 5.5 -2 0 0 6996
13 7 34 5.5 -2 0 0 5937
13 7 35 5.5 -2 0 0 9870
13 7 36 5.5 -2 0 0 6435
13 7 37 5.5 -2 0 0 5975
13 7 38 5.5 -2 0 0 10544
13 7 39 5.5 -2 0 0 10602
13 7 40 5.5 -2 0 0 6302
13 7 41 5.5 -2 0 0 7485
13 7 42 5.5 -2 0 0 7607
13 7 43 5.5 -2 0 0 6235
13 7 44 0 -10 0 0 0
13 7 45 5.5 -2 0 0 8186
13 7 46 5.5 -2 0 0 7449
13 7 47 1.5 -2 0 0 13499
13 7 48 5.5 -2 0 0 6793
13 7 49 5.5 -2 0 0 7220
13 7 50 5.5 -2 0 0 9398
13 7 51 5.5 -2 0 0 9595
13 7 52 5.5 -2 0 0 6860
13 7 53 5.5 -2 0 0 11850
13 7 54 1.5 -2 0 0 8679
13 7 55 1.5 -2 0 0 9239
13 7 56 1.5 -2 0 0 10551
13 7 57 1.5 -2 0 0 10187
13 7 58 1.5 -2 0 0 8429
13 7 59 1.5 -2 0 0 7877
13 7 60 1.5 -2 0 0 10240
13 7 61 1.5 -2 0 0 9797
13 7 62 1.5 -2 0 0 8349
13 7 63 1.5 -2 0 0 8729
13 8 0 1.5 -2 0 0 5733
13 8 1 5.5 -2 0 0 5817
13 8 2 1.5 -2 0 0 4555
13 8 3 5.5 -2 0 0 7906
13 8 4 5.5 -2 0 0 8842
13 8 5 1.5 -2 0 0 9138
13 8 6 5.5 -2 0 0 3928
13 8 7 5.5 -2 0 0 4750
13 8 8 5.5 -2 0 0 9938
13 8 9 5.5 -2 0 0 5126
13 8 10 1.5 -2 0 0 6874
13 8 11 5.5 -2 0 0 8242
13 8 12 5.5 -2 0 0 7738
13 8 13 5.5 -2 0 0 9650
13 8 14 5.5 -2 0 0 9922
13 8 15 5.5 -2 0 0 9982
13 8 16 5.5 -2 0 0 3835
13 8 17 5.5 -2 0 0 7524
13 8 18 5.5 -2 0 0 8784
13 8 19 5.5 -2 0 0 10787
13 8 20 5.5 -2 0 0 7097
13 8 21 5.5 -2 0 0 6951
13 8 22 5.5 -2 0 0 7129
13 8 23 5.5 -2 0 0 9269
13 8 24 5.5 -2 0 0 9486
13 8 25 5.5 -2 0 0 10006
13 8 26 5.5 -2 0 0 10265
13 8 27 5.5 -2 0 0 9744
13 8 28 5.5 -2 0 0 9918
13 8 29 5.5 -2 0 0 9673
13 8 30 5.5 -2 0 0 7689
13 8 31 5.5 -2 0 0 11543
13 8 32 5.5 -2 0 0 15486
13 8 33 5.5 -2 0 0 11351
13 8 34 5.5 -2 0 0 10631
13 8 35 5.5 -2 0 0 16940
13 8 36 5.5 -2 0 0 9127
13 8 37 5.5 -2 0 0 12011
13 8 38 5.5 -2 0 0 15193
13 8 39 5.5 -2 0 0 15626
13 8 40 5.5 -2 0 0 6080
13 8 41 5.5 -2 0 0 14334
13 8 42 5.5 -2 0 0 7295
13 8 43 5.5 -2 0 0 9692
13 8 44 5.5 -2 0 0 13139
13 8 45 5.5 -2 0 0 13399
13 8 46 5.5 -2 0 0 8936
13 8 47 5.5 -2 0 0 24858
13 8 48 5.5 -2 0 0 11021
13 8 49 5.5 -2 0 0 11676
13 8 50 5.5 -2 0 0 13991
13 8 51 5.5 -2 0 0 13330
13 8 52 5.5 -2 0 0 10057
13 8 53 5.5 -2 0 0 16347
13 8 54 5.5 -2 0 0 11452
13 8 55 5.5 -2 0 0 11327
13 8 56 5.5 -2 0 0 13226
13 8 57 5.5 -2 0 0 14199
13 8 58 1.5 -2 0 0 11005
13 8 59 1.5 -2 0 0 12635
13 8 60 1.5 -2 0 0 14159
13 8 61 1.5 -2 0 0 14614
13 8 62 1.5 -2 0 0 11010
13 8 63 1.5 -2 0 0 10611
13 9 0 0 -10 0 0 0
13 9 1 0 -10 0 0 0
13 9 2 0 -10 0 0 0
13 9 3 0 -10 0 0 0
13 9 4 0 -10 0 0 0
13 9 5 0 -10 0 0 0
13 9 6 0 -10 0 0 0
13 9 7 0 -10 0 0 0
13 9 8 0 -10 0 0 0
13 9 9 0 -10 0 0 0
13 9 10 0 -10 0 0 0
13 9 11 0 -10 0 0 0
13 9 12 0 -10 0 0 0
13 9 13 0 -10 0 0 0
13 9 14 0 -10 0 0 0
13 9 15 0 -10 0 0 0
13 9 16 0 -10 0 0 0
13 9 17 0 -10 0 0 0
13 9 18 0 -10 0 0 0
13 9 19 0 -10 0 0 0
13 9 20 0 -10 0 0 0
13 9 21 0 -10 0 0 0
13 9 22 0 -10 0 0 0
13 9 23 0 -10 0 0 0
13 9 24 0 -10 0 0 0
13 9 25 0 -10 0 0 0
13 9 26 0 -10 0 0 0
13 9 27 0 -10 0 0 0
13 9 28 0 -10 0 0 0
13 9 29 0 -10 0 0 0
13 9 30 0 -10 0 0 0
13 9 31 0 -10 0 0 0
13 9 32 0 -10 0 0 0
13 9 33 0 -10 0 0 0
13 9 34 0 -10 0 0 0
13 9 35 0 -10 0 0 0
13 9 36 0 -10 0 0 0
13 9 37 0 -10 0 0 0
13 9 38 0 -10 0 0 0
13 9 39 0 -10 0 0 0
13 9 40 0 -10 0 0 0
13 9 41 0 -10 0 0 0
13 9 42 0 -10 0 0 0
13 9 43 0 -10 0 0 0
13 9 44 0 -10 0 0 0
13 9 45 0 -10 0 0 0
13 9 46 0 -10 0 0 0
13 9 47 0 -10 0 0 0
13 9 48 0 -10 0 0 0
13 9 49 0 -10 0 0 0
13 9 50 0 -10 0 0 0
13 9 51 0 -10 0 0 0
13 9 52 0 -10 0 0 0
13 9 53 0 -10 0 0 0
13 9 54 0 -10 0 0 0
13 9 55 0 -10 0 0 0
13 9 56 0 -10 0 0 0
13 9 57 0 -10 0 0 0
13 9 58 0 -10 0 0 0
13 9 59 0 -10 0 0 0
13 9 60 0 -10 0 0 0
13 9 61 0 -10 0 0 0
13 9 62 0 -10 0 0 0
13 9 63 0 -10 0 0 0
13 10 0 5.5 -2 0 0 10953
13 10 1 5.5 -2 0 0 11415
13 10 2 5.5 -2 0 0 11405
13 10 3 5.5 -2 0 0 15499
13 10 4 5.5 -2 0 0 12899
13 10 5 1.5 -2 0 0 11992
13 10 6 5.5 -2 0 0 11988
13 10 7 5.5 -2 0 0 14837
13 10 8 5.5 -2 0 0 10833
13 10 9 5.5 -2 0 0 16441
13 10 10 5.5 -2 0 0 13744
13 10 11 5.5 -2 0 0 12808
13 10 12 5.5 -2 0 0 15756
13 10 13 5.5 -2 0 0 15656
13 10 14 5.5 -2 0 0 12239
13 10 15 1.5 -2 0 0 17500
13 10 16 5.5 -2 0 0 19705
13 10 17 5.5 -2 0 0 11634
13 10 18 5.5 -2 0 0 15230
13 10 19 5.5 -2 0 0 16427
13 10 20 5.5 -2 0 0 10513
13 10 21 5.5 -2 0 0 13452
13 10 22 5.5 -2 0 0 16388
13 10 23 5.5 -2 0 0 11727
13 10 24 5.5 -2 0 0 12054
13 10 25 5.5 -2 0 0 18072
13 10 26 5.5 -2 0 0 14146
13 10 27 5.5 -2 0 0 15256
13 10 28 5.5 -2 0 0 16647
13 10 29 5.5 -2 0 0 11095
13 10 30 5.5 -2 0 0 13685
13 10 31 5.5 -2 0 0 20898
13 10 32 5.5 -2 0 0 17024
13 10 33 5.5 -2 0 0 17644
13 10 34 5.5 -2 0 0 12196
13 10 35 5.5 -2 0 0 21183
13 10 36 5.5 -2 0 0 11226
13 10 37 5.5 -2 0 0 10298
13 10 38 5.5 -2 0 0 17312
13 10 39 5.5 -2 0 0 18021
13 10 40 5.5 -2 0 0 11097
13 10 41 5.5 -2 0 0 15896
13 10 42 5.5 -2 0 0 12359
13 10 43 5.5 -2 0 0 12894
13 10 44 5.5 -2 0 0 15772
13 10 45 5.5 -2 0 0 15832
13 10 46 5.5 -2 0 0 13635
13 10 47 5.5 -2 0 0 21290
13 10 48 5.5 -2 0 0 13356
13 10 49 5.5 -2 0 0 12904
13 10 50 5.5 -2 0 0 17177
13 10 51 5.5 -2 0 0 16588
13 10 52 5.5 -2 0 0 12511
13 10 53 5.5 -2 0 0 20668
13 10 54 5.5 -2 0 0 15287
13 10 55 1.5 -2 0 0 14768
13 10 56 5.5 -2 0 0 18681
13 10 57 5.5 -2 0 0 13513
13 10 58 5.5 -2 0 0 14303
13 10 59 1.5 -2 0 0 13177
13 10 60 1.5 -2 0 0 20213
13 10 61 1.5 -2 0 0 16870
13 10 62 5.5 -2 0 0 14133
13 10 63 1.5 -2 0 0 14866
13 11 0 1.5 -2 0 0 22199
13 11 1 1.5 -2 0 0 18228
13 11 2 1.5 -2 0 0 11355
13 11 3 1.5 -2 0 0 9071
13 11 4 1.5 -2 0 0 10766
13 11 5 1.5 -2 0 0 12507
13 11 6 1.5 -2 0 0 12319
13 11 7 1.5 -2 0 0 7736
13 11 8 1.5 -2 0 0 13378
13 11 9 1.5 -2 0 0 11173
13 11 10 1.5 -2 0 0 7607
13 11 11 1.5 -2 0 0 11664
13 11 12 1.5 -2 0 0 11189
13 11 13 1.5 -2 0 0 9098
13 11 14 1.5 -2 0 0 18301
13 11 15 1.5 -2 0 0 10489
13 11 16 1.5 -2 0 0 8124
13 11 17 1.5 -2 0 0 14155
13 11 18 1.5 -2 0 0 10369
13 11 19 1.5 -2 0 0 9697
13 11 20 1.5 -2 0 0 7521
13 11 21 5.5 -2 0 0 9133
13 11 22 5.5 -2 0 0 9921
13 11 23 5.5 -2 0 0 13078
13 11 24 5.5 -2 0 0 16090
13 11 25 5.5 -2 0 0 9564
13 11 26 1.5 -2 0 0 18731
13 11 27 5.5 -2 0 0 10772
13 11 28 5.5 -2 0 0 8992
13 11 29 5.5 -2 0 0 12985
13 11 30 5.5 -2 0 0 7877
13 11 31 5.5 -2 0 0 9727
13 11 32 5.5 -2 0 0 7667
13 11 33 5.5 -2 0 0 8171
13 11 34 5.5 -2 0 0 16175
13 11 35 5.5 -2 0 0 7289
13 11 36 1.5 -2 0 0 7728
13 11 37 5.5 -2 0 0 8781
13 11 38 1.5 -2 0 0 9063
13 11 39 5.5 -2 0 0 7998
13 11 40 5.5 -2 0 0 7480
13 11 41 5.5 -2 0 0 7305
13 11 42 5.5 -2 0 0 9998
13 11 43 1.5 -2 0 0 13006
13 11 44 5.5 -2 0 0 7593
13 11 45 5.5 -2 0 0 8932
13 11 46 5.5 -2 0 0 14677
13 11 47 1.5 -2 0 0 5744
13 11 48 1.5 -2 0 0 11332
13 11 49 1.5 -2 0 0 10693
13 11 50 1.5 -2 0 0 8157
13 11 51 1.5 -2 0 0 14006
13 11 52 1.5 -2 0 0 12879
13 11 53 1.5 -2 0 0 5606
13 11 54 1.5 -2 0 0 9730
13 11 55 1.5 -2 0 0 14042
13 11 56 1.5 -2 0 0 10786
13 11 57 1.5 -2 0 0 10392
13 11 58 1.5 -2 0 0 10886
13 11 59 1.5 -2 0 0 15451
13 11 60 1.5 -2 0 0 9377
13 11 61 1.5 -2 0 0 13810
13 11 62 1.5 -2 0 0 15241
13 11 63 1.5 -2 0 0 12732
13 12 0 5.5 -2 0 0 16141
13 12 1 5.5 -2 0 0 15208
13 12 2 5.5 -2 0 0 15455
13 12 3 5.5 -2 0 0 18280
13 12 4 5.5 -2 0 0 15384
13 12 5 5.5 -2 0 0 17124
13 12 6 5.5 -2 0 0 17589
13 12 7 5.5 -2 0 0 19575
13 12 8 5.5 -2 0 0 16164
13 12 9 5.5 -2 0 0 19490
13 12 10 5.5 -2 0 0 20569
13 12 11 5.5 -2 0 0 15891
13 12 12 5.5 -2 0 0 19271
13 12 13 5.5 -2 0 0 16581
13 12 14 5.5 -2 0 0 16115
13 12 15 5.5 -2 0 0 18031
13 12 16 5.5 -2 0 0 20792
13 12 17 5.5 -2 0 0 15158
13 12 18 5.5 -2 0 0 13879
13 12 19 5.5 -2 0 0 16568
13 12 20 5.5 -2 0 0 13782
13 12 21 5.5 -2 0 0 15912
13 12 22 5.5 -2 0 0 18417
13 12 23 5.5 -2 0 0 13538
13 12 24 5.5 -2 0 0 16677
13 12 25 5.5 -2 0 0 17477
13 12 26 5.5 -2 0 0 14495
13 12 27 5.5 -2 0 0 16461
13 12 28 5.5 -2 0 0 17968
13 12 29 5.5 -2 0 0 13120
13 12 30 5.5 -2 0 0 15254
13 12 31 5.5 -2 0 0 15557
13 12 32 5.5 -2 0 0 14208
13 12 33 5.5 -2 0 0 14943
13 12 34 5.5 -2 0 0 11891
13 12 35 5.5 -2 0 0 14040
13 12 36 5.5 -2 0 0 12638
13 12 37 5.5 -2 0 0 11448
13 12 38 5.5 -2 0 0 12519
13 12 39 5.5 -2 0 0 11552
13 12 40 5.5 -2 0 0 11062
13 12 41 5.5 -2 0 0 12351
13 12 42 5.5 -2 0 0 12083
13 12 43 5.5 -2 0 0 10794
13 12 44 5.5 -2 0 0 12950
13 12 45 5.5 -2 0 0 13272
13 12 46 5.5 -2 0 0 11215
13 12 47 5.5 -2 0 0 13240
13 12 48 5.5 -2 0 0 12427
13 12 49 5.5 -2 0 0 10462
13 12 50 5.5 -2 0 0 11942
13 12 51 5.5 -2 0 0 9017
13 12 52 5.5 -2 0 0 9778
13 12 53 5.5 -2 0 0 12725
13 12 54 5.5 -2 0 0 10330
13 12 55 5.5 -2 0 0 9013
13 12 56 5.5 -2 0 0 10078
13 12 57 5.5 -2 0 0 9142
13 12 58 5.5 -2 0 0 11452
13 12 59 5.5 -2 0 0 10406
13 12 60 5.5 -2 0 0 11818
13 12 61 5.5 -2 0 0 8177
13 12 62 5.5 -2 0 0 10813
13 12 63 5.5 -2 0 0 10971
13 13 0 5.5 -2 0 0 9917
13 13 1 5.5 -2 0 0 8331
13 13 2 5.5 -2 0 0 7832
13 13 3 5.5 -2 0 0 5492
13 13 4 5.5 -2 0 0 6691
13 13 5 5.5 -2 0 0 6427
13 13 6 5.5 -2 0 0 7603
13 13 7 5.5 -2 0 0 5491
13 13 8 5.5 -2 0 0 8400
13 13 9 5.5 -2 0 0 5860
13 13 10 5.5 -2 0 0 5500
13 13 11 5.5 -2 0 0 7257
13 13 12 5.5 -2 0 0 6346
13 13 13 5.5 -2 0 0 5803
13 13 14 5.5 -2 0 0 11152
13 13 15 5.5 -2 0 0 6546
13 13 16 5.5 -2 0 0 5357
13 13 17 5.5 -2 0 0 7963
13 13 18 5.5 -2 0 0 5957
13 13 19 5.5 -2 0 0 5912
13 13 20 5.5 -2 0 0 6985
13 13 21 5.5 -2 0 0 6398
13 13 22 5.5 -2 0 0 5476
13 13 23 5.5 -2 0 0 6085
13 13 24 5.5 -2 0 0 9323
13 13 25 5.5 -2 0 0 5864
13 13 26 5.5 -2 0 0 11912
13 13 27 5.5 -2 0 0 6722
13 13 28 5.5 -2 0 0 5436
13 13 29 5.5 -2 0 0 9750
13 13 30 5.5 -2 0 0 6624
13 13 31 5.5 -2 0 0 6734
13 13 32 5.5 -2 0 0 6687
13 13 33 5.5 -2 0 0 7413
13 13 34 5.5 -2 0 0 11924
13 13 35 5.5 -2 0 0 5801
13 13 36 5.5 -2 0 0 7418
13 13 37 5.5 -2 0 0 8253
13 13 38 5.5 -2 0 0 7880
13 13 39 5.5 -2 0 0 9491
13 13 40 5.5 -2 0 0 7588
13 13 41 5.5 -2 0 0 7388
13 13 42 5.5 -2 0 0 8661
13 13 43 5.5 -2 0 0 10705
13 13 44 5.5 -2 0 0 7590
13 13 45 5.5 -2 0 0 7732
13 13 46 5.5 -2 0 0 12634
13 13 47 5.5 -2 0 0 8218
13 13 48 5.5 -2 0 0 8433
13 13 49 5.5 -2 0 0 10181
13 13 50 5.5 -2 0 0 8039
13 13 51 5.5 -2 0 0 14695
13 13 52 5.5 -2 0 0 11958
13 13 53 5.5 -2 0 0 6962
13 13 54 5.5 -2 0 0 9390
13 13 55 5.5 -2 0 0 12779
13 13 56 5.5 -2 0 0 9444
13 13 57 5.5 -2 0 0 10921
13 13 58 5.5 -2 0 0 8973
13 13 59 5.5 -2 0 0 14555
13 13 60 5.5 -2 0 0 9392
13 13 61 5.5 -2 0 0 15182
13 13 62 5.5 -2 0 0 15838
13 13 63 1.5 -2 0 0 12868
13 14 0 5.5 -2 0 0 11771
13 14 1 5.5 -2 0 0 10164
13 14 2 5.5 -2 0 0 10107
13 14 3 5.5 -2 0 0 10568
13 14 4 5.5 -2 0 0 8857
13 14 5 5.5 -2 0 0 11105
13 14 6 5.5 -2 0 0 11649
13 14 7 5.5 -2 0 0 10979
13 14 8 5.5 -2 0 0 8360
13 14 9 5.5 -2 0 0 12219
13 14 10 5.5 -2 0 0 12989
13 14 11 5.5 -2 0 0 8185
13 14 12 5.5 -2 0 0 9279
13 14 13 5.5 -2 0 0 8871
13 14 14 5.5 -2 0 0 8318
13 14 15 5.5 -2 0 0 7761
13 14 16 5.5 -2 0 0 14739
13 14 17 5.5 -2 0 0 7092
13 14 18 5.5 -2 0 0 8204
13 14 19 5.5 -2 0 0 10213
13 14 20 5.5 -2 0 0 7893
13 14 21 5.5 -2 0 0 11873
13 14 22 5.5 -2 0 0 9974
13 14 23 5.5 -2 0 0 7039
13 14 24 5.5 -2 0 0 8625
13 14 25 5.5 -2 0 0 8678
13 14 26 5.5 -2 0 0 7280
13 14 27 5.5 -2 0 0 6777
13 14 28 5.5 -2 0 0 7086
13 14 29 5.5 -2 0 0 6556
13 14 30 5.5 -2 0 0 6873
13 14 31 5.5 -2 0 0 7920
13 14 32 5.5 -2 0 0 6550
13 14 33 5.5 -2 0 0 6617
13 14 34 5.5 -2 0 0 6986
13 14 35 5.5 -2 0 0 7203
13 14 36 5.5 -2 0 0 6269
13 14 37 5.5 -2 0 0 5780
13 14 38 5.5 -2 0 0 5849
13 14 39 5.5 -2 0 0 6079
13 14 40 5.5 -2 0 0 6039
13 14 41 5.5 -2 0 0 6196
13 14 42 5.5 -2 0 0 5664
13 14 43 5.5 -2 0 0 5947
13 14 44 5.5 -2 0 0 5965
13 14 45 5.5 -2 0 0 5713
13 14 46 5.5 -2 0 0 6758
13 14 47 5.5 -2 0 0 5471
13 14 48 5.5 -2 0 0 6070
13 14 49 5.5 -2 0 0 5580
13 14 50 5.5 -2 0 0 5962
13 14 51 5.5 -2 0 0 5022
13 14 52 5.5 -2 0 0 5006
13 14 53 5.5 -2 0 0 5966
13 14 54 5.5 -2 0 0 5075
13 14 55 5.5 -2 0 0 5192
13 14 56 5.5 -2 0 0 6180
13 14 57 5.5 -2 0 0 5616
13 14 58 5.5 -2 0 0 5258
13 14 59 1.5 -2 0 0 5952
13 14 60 1.5 -2 0 0 6337
13 14 61 1.5 -2 0 0 4933
13 14 62 1.5 -2 0 0 5145
13 14 63 1.5 -2 0 0 4989
13 15 0 1.5 -2 0 0 5864
13 15 1 5.5 -2 0 0 5377
13 15 2 1.5 -2 0 0 5326
13 15 3 5.5 -2 0 0 3543
13 15 4 1.5 -2 0 0 3998
13 15 5 1.5 -2 0 0 4069
13 15 6 1.5 -2 0 0 3978
13 15 7 5.5 -2 0 0 4135
13 15 8 5.5 -2 0 0 5516
13 15 9 1.5 -2 0 0 4135
13 15 10 5.5 -2 0 0 3957
13 15 11 1.5 -2 0 0 4854
13 15 12 1.5 -2 0 0 4128
13 15 13 1.5 -2 0 0 4213
13 15 14 5.5 -2 0 0 5591
13 15 15 5.5 -2 0 0 4519
13 15 16 5.5 -2 0 0 3946
13 15 17 5.5 -2 0 0 5469
13 15 18 5.5 -2 0 0 4411
13 15 19 5.5 -2 0 0 4384
13 15 20 5.5 -2 0 0 4870
13 15 21 5.5 -2 0 0 4694
13 15 22 5.5 -2 0 0 3885
13 15 23 5.5 -2 0 0 5192
13 15 24 5.5 -2 0 0 4898
13 15 25 5.5 -2 0 0 4506
13 15 26 5.5 -2 0 0 5174
13 15 27 5.5 -2 0 0 3942
13 15 28 5.5 -2 0 0 4535
13 15 29 5.5 -2 0 0 6061
13 15 30 5.5 -2 0 0 4517
13 15 31 5.5 -2 0 0 4521
13 15 32 5.5 -2 0 0 4527
13 15 33 5.5 -2 0 0 4791
13 15 34 5.5 -2 0 0 6888
13 15 35 5.5 -2 0 0 4792
13 15 36 5.5 -2 0 0 4771
13 15 37 5.5 -2 0 0 5690
13 15 38 5.5 -2 0 0 5416
13 15 39 5.5 -2 0 0 7920
13 15 40 5.5 -2 0 0 5151
13 15 41 5.5 -2 0 0 5377
13 15 42 5.5 -2 0 0 5488
13 15 43 5.5 -2 0 0 6767
13 15 44 5.5 -2 0 0 5248
13 15 45 5.5 -2 0 0 4466
13 15 46 5.5 -2 0 0 6687
13 15 47 5.5 -2 0 0 6069
13 15 48 5.5 -2 0 0 5503
13 15 49 5.5 -2 0 0 6708
13 15 50 1.5 -2 0 0 5673
13 15 51 5.5 -2 0 0 8374
13 15 52 5.5 -2 0 0 6739
13 15 53 5.5 -2 0 0 6435
13 15 54 1.5 -2 0 0 5639
13 15 55 5.5 -2 0 0 7893
13 15 56 1.5 -2 0 0 7589
13 15 57 1.5 -2 0 0 9880
13 15 58 1.5 -2 0 0 6924
13 15 59 1.5 -2 0 0 7939
13 15 60 1.5 -2 0 0 7294
13 15 61 5.5 -2 0 0 9140
13 15 62 1.5 -2 0 0 8922
13 15 63 1.5 -2 0 0 7269
14 0 0 5.5 -2 0 0 9658
14 0 1 5.5 -2 0 0 6225
14 0 2 5.49809 0.492274 2.22953 0.141779 8363
14 0 3 5.26832 0.51331 2.24284 0.0624269 9874
14 0 4 5.45632 0.506389 2.29706 0.106591 13216
14 0 5 5.09511 0.473307 1.99646 0.137261 10002
14 0 6 5.5 -2 0 0 5213
14 0 7 5.49736 0.493783 2.29314 0.0480063 12658
14 0 8 5.29868 0.472651 2.14832 0.0755122 13545
14 0 9 5.35579 0.530377 2.3575 0.0461113 6669
14 0 10 5.50923 0.525431 2.38098 0.116108 4326
14 0 11 5.49105 0.466606 2.13941 0.0818756 16555
14 0 12 5.4292 0.494623 2.23788 0.0628245 10054
14 0 13 5.52697 0.469307 2.08114 0.158624 12394
14 0 14 5.5 -2 0 0 13495
14 0 15 5.22675 0.418419 1.82378 0.104079 10023
14 0 16 5.5 -2 0 0 1556
14 0 17 5.45638 0.446877 2.12057 0.0481974 14018
14 0 18 5.30536 0.480328 2.20903 0.0457316 8358
14 0 19 5.27174 0.486422 2.08571 0.0885065 10177
14 0 20 5.70843 0.461743 2.31027 0.0320352 9973
14 0 21 5.78554 0.477527 2.27625 0.15242 6267
14 0 22 5.58269 0.477564 2.21175 0.0832438 11144
14 0 23 5.56613 0.458772 2.08133 0.10152 17818
14 0 24 5.47596 0.466585 2.14797 0.0679894 13496
14 0 25 5.84252 0.473642 2.31971 0.0802197 14332
14 0 26 5.64859 0.471692 2.29755 0.0752952 15030
14 0 27 5.71232 0.463378 2.20037 0.113617 12770
14 0 28 5.89834 0.436967 2.16504 0.124841 12701
14 0 29 5.67956 0.491867 2.33298 0.0654145 14935
14 0 30 6.18719 0.442524 2.3695 0.112331 3981
14 0 31 9.5 -2 0 0 16055
14 0 32 5.8471 0.430467 2.15521 0.11894 14019
14 0 33 5.2614 0.488162 2.01144 0.104998 11878
14 0 34 5.34464 0.496461 2.20808 0.0642142 17752
14 0 35 5.59187 0.436909 2.09751 0.0823643 13341
14 0 36 6.26456 0.488201 2.56642 0.0952101 3459
14 0 37 5.7196 0.418325 2.12343 0.0512572 11757
14 0 38 5.56487 0.453815 2.04725 0.159204 17172
14 0 39 5.71765 0.479532 2.20305 0.142434 20371
14 0 40 5.5 -2 0 0 8671
14 0 41 5.63928 0.49811 2.28993 0.101783 13892
14 0 42 5.46876 0.466269 2.16408 0.0844624 11667
14 0 43 5.39976 0.492494 2.20674 0.0714444 19927
14 0 44 5.48631 0.449452 2.00984 0.0986688 15588
14 0 45 5.28958 0.460473 1.98182 0.0927263 16760
14 0 46 5.68717 0.47666 2.25823 0.0708487 20809
14 0 47 5.70451 0.42506 2.13082 0.0663316 20311
14 0 48 5.39844 0.460072 1.95578 0.0964361 11366
14 0 49 5.11735 0.502761 2.02188 0.12409 11715
14 0 50 5.49317 0.462065 2.17056 0.0487611 16306
14 0 51 5.66759 0.455014 2.24271 0.0554209 25793
14 0 52 5.50797 0.458785 2.05513 0.107819 21330
14 0 53 5.1115 0.483586 2.12434 0.0423514 17407
14 0 54 5.5 -2 0 0 14932
14 0 55 5.30056 0.497056 2.19449 0.0504962 24481
14 0 56 5.20525 0.484712 2.11414 0.0450847 18992
14 0 57 0 -10 0 0 0
14 0 58 5.5 -2 0 0 15959
14 0 59 5.5 -2 0 0 24904
14 0 60 5.5 -2 0 0 17406
14 0 61 5.12453 0.50943 2.17776 0.050536 27328
14 0 62 5.5 -2 0 0 24567
14 0 63 5.5 -2 0 0 16646
14 1 0 1.5 -2 0 0 22395
14 1 1 1.5 -2 0 0 18994
14 1 2 1.5 -2 0 0 20286
14 1 3 1.5 -2 0 0 13169
14 1 4 5.5 -2 0 0 4215
14 1 5 1.5 -2 0 0 14366
14 1 6 1.5 -2 0 0 24067
14 1 7 1.5 -2 0 0 15218
14 1 8 5.5 -2 0 0 9710
14 1 9 1.5 -2 0 0 16141
14 1 10 1.5 -2 0 0 17763
14 1 11 1.5 -2 0 0 19602
14 1 12 5.5 -2 0 0 11730
14 1 13 1.5 -2 0 0 13564
14 1 14 1.5 -2 0 0 15786
14 1 15 5.5 -2 0 0 11441
14 1 16 5.5 -2 0 0 18995
14 1 17 5.5 -2 0 0 10471
14 1 18 5.5 -2 0 0 7515
14 1 19 5.5 -2 0 0 12416
14 1 20 5.5 -2 0 0 3056
14 1 21 1.5 -2 0 0 15301
14 1 22 5.5 -2 0 0 13766
14 1 23 5.5 -2 0 0 9216
14 1 24 5.5 -2 0 0 12347
14 1 25 5.5 -2 0 0 20181
14 1 26 5.5 -2 0 0 14934
14 1 27 5.5 -2 0 0 10285
14 1 28 5.5 -2 0 0 13044
14 1 29 5.5 -2 0 0 14608
14 1 30 5.5 -2 0 0 3082
14 1 31 5.5 -2 0 0 16771
14 1 32 5.5 -2 0 0 10327
14 1 33 5.5 -2 0 0 11613
14 1 34 5.5 -2 0 0 10389
14 1 35 5.5 -2 0 0 10125
14 1 36 5.5 -2 0 0 6416
14 1 37 5.5 -2 0 0 14804
14 1 38 5.5 -2 0 0 12946
14 1 39 5.5 -2 0 0 4863
14 1 40 5.5 -2 0 0 14535
14 1 41 5.5 -2 0 0 8010
14 1 42 5.5 -2 0 0 13205
14 1 43 5.5 -2 0 0 9315
14 1 44 5.5 -2 0 0 6897
14 1 45 5.5 -2 0 0 9241
14 1 46 5.5 -2 0 0 9964
14 1 47 5.5 -2 0 0 5553
14 1 48 0 -10 0 0 101
14 1 49 5.5 -2 0 0 8731
14 1 50 1.5 -2 0 0 8709
14 1 51 5.5 -2 0 0 7300
14 1 52 5.5 -2 0 0 7874
14 1 53 1.5 -2 0 0 6565
14 1 54 1.5 -2 0 0 13375
14 1 55 1.5 -2 0 0 8530
14 1 56 1.5 -2 0 0 7228
14 1 57 1.5 -2 0 0 8320
14 1 58 1.5 -2 0 0 7684
14 1 59 1.5 -2 0 0 8577
14 1 60 1.5 -2 0 0 4582
14 1 61 1.5 -2 0 0 5473
14 1 62 1.5 -2 0 0 13403
14 1 63 1.5 -2 0 0 9435
14 2 0 5.5 -2 0 0 23535
14 2 1 5.5 -2 0 0 27063
14 2 2 5.5 -2 0 0 25144
14 2 3 5.5 -2 0 0 17361
14 2 4 1.5 -2 0 0 15204
14 2 5 5.5 -2 0 0 22943
14 2 6 5.5 -2 0 0 22551
14 2 7 5.5 -2 0 0 12224
14 2 8 5.5 -2 0 0 19734
14 2 9 5.5 -2 0 0 21782
14 2 10 5.5 -2 0 0 19092
14 2 11 5.5 -2 0 0 16735
14 2 12 5.5 -2 0 0 23392
14 2 13 5.5 -2 0 0 18266
14 2 14 5.5 -2 0 0 34002
14 2 15 5.5 -2 0 0 13549
14 2 16 5.5 -2 0 0 17967
14 2 17 5.5 -2 0 0 19393
14 2 18 5.5 -2 0 0 11470
14 2 19 5.5 -2 0 0 16296
14 2 20 5.5 -2 0 0 22765
14 2 21 5.5 -2 0 0 19168
14 2 22 5.5 -2 0 0 15985
14 2 23 5.5 -2 0 0 6609
14 2 24 0 -10 0 0 0
14 2 25 5.5 -2 0 0 12553
14 2 26 5.5 -2 0 0 31538
14 2 27 5.5 -2 0 0 14205
14 2 28 5.5 -2 0 0 27394
14 2 29 5.5 -2 0 0 16889
14 2 30 5.5 -2 0 0 3596
14 2 31 5.5 -2 0 0 12323
14 2 32 0 -10 0 0 87
14 2 33 5.5 -2 0 0 14441
14 2 34 5.5 -2 0 0 28817
14 2 35 0 -10 0 0 181
14 2 36 5.5 -2 0 0 20275
14 2 37 5.5 -2 0 0 15283
14 2 38 5.5 -2 0 0 11967
14 2 39 5.5 -2 0 0 21031
14 2 40 5.5 -2 0 0 3886
14 2 41 5.5 -2 0 0 18271
14 2 42 5.5 -2 0 0 13313
14 2 43 5.5 -2 0 0 20194
14 2 44 5.5 -2 0 0 17407
14 2 45 5.5 -2 0 0 19750
14 2 46 0 -10 0 0 2
14 2 47 5.5 -2 0 0 16625
14 2 48 5.5 -2 0 0 21624
14 2 49 5.5 -2 0 0 18045
14 2 50 5.5 -2 0 0 17230
14 2 51 5.5 -2 0 0 23738
14 2 52 5.5 -2 0 0 20654
14 2 53 5.5 -2 0 0 18204
14 2 54 5.5 -2 0 0 18918
14 2 55 5.5 -2 0 0 23204
14 2 56 5.5 -2 0 0 22627
14 2 57 5.5 -2 0 0 25921
14 2 58 5.5 -2 0 0 23304
14 2 59 5.5 -2 0 0 47639
14 2 60 1.5 -2 0 0 14510
14 2 61 5.5 -2 0 0 30598
14 2 62 5.5 -2 0 0 29015
14 2 63 5.5 -2 0 0 20663
14 3 0 5.5 -2 0 0 28171
14 3 1 5.5 -2 0 0 16260
14 3 2 5.5 -2 0 0 16841
14 3 3 5.5 -2 0 0 26235
14 3 4 5.5 -2 0 0 12752
14 3 5 1.5 -2 0 0 26312
14 3 6 5.5 -2 0 0 15498
14 3 7 1.5 -2 0 0 22549
14 3 8 5.5 -2 0 0 13244
14 3 9 1.5 -2 0 0 29008
14 3 10 5.5 -2 0 0 30827
14 3 11 5.5 -2 0 0 11742
14 3 12 5.5 -2 0 0 15173
14 3 13 5.5 -2 0 0 17576
14 3 14 5.5 -2 0 0 24245
14 3 15 5.5 -2 0 0 21783
14 3 16 5.5 -2 0 0 33834
14 3 17 5.5 -2 0 0 13318
14 3 18 5.5 -2 0 0 10826
14 3 19 5.5 -2 0 0 30755
14 3 20 5.5 -2 0 0 3681
14 3 21 5.5 -2 0 0 30414
14 3 22 5.5 -2 0 0 28334
14 3 23 5.5 -2 0 0 5386
14 3 24 5.5 -2 0 0 24813
14 3 25 5.5 -2 0 0 27719
14 3 26 5.5 -2 0 0 12417
14 3 27 5.5 -2 0 0 10405
14 3 28 5.5 -2 0 0 28100
14 3 29 5.5 -2 0 0 9564
14 3 30 5.5 -2 0 0 5364
14 3 31 5.5 -2 0 0 19141
14 3 32 5.5 -2 0 0 17137
14 3 33 5.5 -2 0 0 19595
14 3 34 5.5 -2 0 0 13470
14 3 35 5.5 -2 0 0 28245
14 3 36 5.5 -2 0 0 10182
14 3 37 5.5 -2 0 0 9951
14 3 38 5.5 -2 0 0 26536
14 3 39 5.5 -2 0 0 13408
14 3 40 5.5 -2 0 0 5114
14 3 41 5.5 -2 0 0 24427
14 3 42 5.5 -2 0 0 21737
14 3 43 5.5 -2 0 0 12599
14 3 44 5.5 -2 0 0 23498
14 3 45 5.5 -2 0 0 12791
14 3 46 5.5 -2 0 0 11921
14 3 47 5.5 -2 0 0 29070
14 3 48 5.5 -2 0 0 10948
14 3 49 5.5 -2 0 0 21934
14 3 50 5.5 -2 0 0 21378
14 3 51 5.5 -2 0 0 12618
14 3 52 5.5 -2 0 0 23227
14 3 53 5.5 -2 0 0 16309
14 3 54 5.5 -2 0 0 21839
14 3 55 5.5 -2 0 0 12444
14 3 56 5.5 -2 0 0 12977
14 3 57 5.5 -2 0 0 13883
14 3 58 1.5 -2 0 0 22355
14 3 59 5.5 -2 0 0 20326
14 3 60 1.5 -2 0 0 22293
14 3 61 5.5 -2 0 0 13523
14 3 62 1.5 -2 0 0 13228
14 3 63 1.5 -2 0 0 11831
14 4 0 1.5 -2 0 0 21117
14 4 1 1.5 -2 0 0 20028
14 4 2 1.5 -2 0 0 20030
14 4 3 5.5 -2 0 0 17287
14 4 4 1.5 -2 0 0 17564
14 4 5 1.5 -2 0 0 19240
14 4 6 1.5 -2 0 0 17763
14 4 7 1.5 -2 0 0 15003
14 4 8 5.5 -2 0 0 21740
14 4 9 1.5 -2 0 0 16071
14 4 10 1.5 -2 0 0 9853
14 4 11 1.5 -2 0 0 13092
14 4 12 5.5 -2 0 0 18488
14 4 13 1.5 -2 0 0 11517
14 4 14 1.5 -2 0 0 20394
14 4 15 1.5 -2 0 0 11453
14 4 16 1.5 -2 0 0 10337
14 4 17 5.5 -2 0 0 21904
14 4 18 5.5 -2 0 0 15183
14 4 19 1.5 -2 0 0 12154
14 4 20 5.5 -2 0 0 3777
14 4 21 5.5 -2 0 0 18328
14 4 22 1.5 -2 0 0 12963
14 4 23 5.5 -2 0 0 16814
14 4 24 5.5 -2 0 0 17496
14 4 25 5.5 -2 0 0 12695
14 4 26 5.5 -2 0 0 25310
14 4 27 5.5 -2 0 0 10445
14 4 28 5.5 -2 0 0 13144
14 4 29 5.5 -2 0 0 17839
14 4 30 5.5 -2 0 0 9272
14 4 31 5.5 -2 0 0 11989
14 4 32 5.5 -2 0 0 12881
14 4 33 5.5 -2 0 0 10113
14 4 34 5.5 -2 0 0 15630
14 4 35 5.5 -2 0 0 10096
14 4 36 5.5 -2 0 0 9840
14 4 37 5.5 -2 0 0 12936
14 4 38 5.5 -2 0 0 10641
14 4 39 5.5 -2 0 0 12498
14 4 40 5.5 -2 0 0 4779
14 4 41 5.5 -2 0 0 12295
14 4 42 5.5 -2 0 0 13027
14 4 43 5.5 -2 0 0 18253
14 4 44 5.5 -2 0 0 9421
14 4 45 5.5 -2 0 0 11050
14 4 46 5.5 -2 0 0 21485
14 4 47 5.5 -2 0 0 9970
14 4 48 5.5 -2 0 0 11126
14 4 49 5.5 -2 0 0 13307
14 4 50 5.5 -2 0 0 12233
14 4 51 1.5 -2 0 0 15014
14 4 52 5.5 -2 0 0 16865
14 4 53 1.5 -2 0 0 11126
14 4 54 1.5 -2 0 0 8541
14 4 55 5.5 -2 0 0 15320
14 4 56 1.5 -2 0 0 12957
14 4 57 1.5 -2 0 0 14919
14 4 58 1.5 -2 0 0 13038
14 4 59 1.5 -2 0 0 19057
14 4 60 1.5 -2 0 0 9126
14 4 61 1.5 -2 0 0 16538
14 4 62 1.5 -2 0 0 17604
14 4 63 1.5 -2 0 0 15524
14 5 0 5.5 -2 0 0 13420
14 5 1 5.5 -2 0 0 13952
14 5 2 5.5 -2 0 0 11122
14 5 3 5.5 -2 0 0 17430
14 5 4 5.5 -2 0 0 14307
14 5 5 5.5 -2 0 0 14928
14 5 6 5.5 -2 0 0 16708
14 5 7 5.5 -2 0 0 19899
14 5 8 5.5 -2 0 0 15422
14 5 9 5.5 -2 0 0 10670
14 5 10 5.5 -2 0 0 17269
14 5 11 5.5 -2 0 0 16995
14 5 12 5.5 -2 0 0 17227
14 5 13 5.5 -2 0 0 19384
14 5 14 5.5 -2 0 0 14765
14 5 15 5.5 -2 0 0 17751
14 5 16 5.5 -2 0 0 19132
14 5 17 5.5 -2 0 0 13419
14 5 18 5.5 -2 0 0 10553
14 5 19 5.5 -2 0 0 20837
14 5 20 5.5 -2 0 0 21399
14 5 21 5.5 -2 0 0 16408
14 5 22 5.5 -2 0 0 17901
14 5 23 5.5 -2 0 0 16335
14 5 24 5.5 -2 0 0 14306
14 5 25 5.5 -2 0 0 21838
14 5 26 5.5 -2 0 0 16182
14 5 27 5.5 -2 0 0 8652
14 5 28 5.5 -2 0 0 17359
14 5 29 5.5 -2 0 0 18410
14 5 30 5.5 -2 0 0 18592
14 5 31 5.5 -2 0 0 14325
14 5 32 5.5 -2 0 0 19510
14 5 33 5.5 -2 0 0 19344
14 5 34 5.5 -2 0 0 19143
14 5 35 5.5 -2 0 0 25732
14 5 36 5.5 -2 0 0 6563
14 5 37 5.5 -2 0 0 9008
14 5 38 5.5 -2 0 0 19752
14 5 39 5.5 -2 0 0 23347
14 5 40 5.5 -2 0 0 18649
14 5 41 5.5 -2 0 0 21516
14 5 42 5.5 -2 0 0 19231
14 5 43 5.5 -2 0 0 19030
14 5 44 5.5 -2 0 0 23243
14 5 45 5.5 -2 0 0 21368
14 5 46 5.5 -2 0 0 20446
14 5 47 5.5 -2 0 0 19060
14 5 48 5.5 -2 0 0 21563
14 5 49 5.5 -2 0 0 20562
14 5 50 5.5 -2 0 0 25193
14 5 51 5.5 -2 0 0 21796
14 5 52 5.5 -2 0 0 20469
14 5 53 5.5 -2 0 0 16284
14 5 54 5.5 -2 0 0 13128
14 5 55 5.5 -2 0 0 14645
14 5 56 5.5 -2 0 0 22730
14 5 57 5.5 -2 0 0 22245
14 5 58 5.5 -2 0 0 24767
14 5 59 5.5 -2 0 0 20521
14 5 60 5.5 -2 0 0 13582
14 5 61 5.5 -2 0 0 20843
14 5 62 5.5 -2 0 0 14049
14 5 63 5.5 -2 0 0 11269
14 6 0 1.5 -2 0 0 16074
14 6 1 1.5 -2 0 0 11380
14 6 2 1.5 -2 0 0 14427
14 6 3 1.5 -2 0 0 10187
14 6 4 1.5 -2 0 0 10476
14 6 5 5.5 -2 0 0 11778
14 6 6 1.5 -2 0 0 12350
14 6 7 1.5 -2 0 0 7866
14 6 8 1.5 -2 0 0 9364
14 6 9 5.5 -2 0 0 9271
14 6 10 1.5 -2 0 0 9898
14 6 11 1.5 -2 0 0 10609
14 6 12 5.5 -2 0 0 6731
14 6 13 5.5 -2 0 0 7051
14 6 14 5.5 -2 0 0 11864
14 6 15 5.5 -2 0 0 9083
14 6 16 5.5 -2 0 0 7681
14 6 17 1.5 -2 0 0 8756
14 6 18 5.5 -2 0 0 5843
14 6 19 1.5 -2 0 0 6908
14 6 20 1.5 -2 0 0 9125
14 6 21 5.5 -2 0 0 11656
14 6 22 5.5 -2 0 0 9543
14 6 23 5.5 -2 0 0 4879
14 6 24 5.5 -2 0 0 8232
14 6 25 5.5 -2 0 0 7523
14 6 26 5.5 -2 0 0 11579
14 6 27 5.5 -2 0 0 8142
14 6 28 5.5 -2 0 0 7829
14 6 29 5.5 -2 0 0 5786
14 6 30 5.5 -2 0 0 2021
14 6 31 5.5 -2 0 0 7033
14 6 32 5.5 -2 0 0 6418
14 6 33 5.5 -2 0 0 7379
14 6 34 5.5 -2 0 0 12366
14 6 35 6.13679 0.272226 0.423152 0.0984213 6182
14 6 36 5.5 -2 0 0 1696
14 6 37 5.5 -2 0 0 8037
14 6 38 5.5 -2 0 0 6023
14 6 39 5.5 -2 0 0 7069
14 6 40 5.5 -2 0 0 8500
14 6 41 5.5 -2 0 0 6537
14 6 42 5.5 -2 0 0 6861
14 6 43 5.5 -2 0 0 7423
14 6 44 5.5 -2 0 0 6610
14 6 45 5.5 -2 0 0 7227
14 6 46 5.5 -2 0 0 11122
14 6 47 1.5 -2 0 0 5282
14 6 48 5.5 -2 0 0 3941
14 6 49 5.5 -2 0 0 5209
14 6 50 1.5 -2 0 0 6528
14 6 51 5.5 -2 0 0 5934
14 6 52 5.5 -2 0 0 8520
14 6 53 1.5 -2 0 0 6240
14 6 54 1.5 -2 0 0 4661
14 6 55 1.5 -2 0 0 6355
14 6 56 1.5 -2 0 0 6800
14 6 57 1.5 -2 0 0 7460
14 6 58 1.5 -2 0 0 7186
14 6 59 1.5 -2 0 0 9411
14 6 60 1.5 -2 0 0 6588
14 6 61 1.5 -2 0 0 6837
14 6 62 1.5 -2 0 0 6529
14 6 63 1.5 -2 0 0 5774
14 7 0 1.5 -2 0 0 8902
14 7 1 1.5 -2 0 0 9181
14 7 2 1.5 -2 0 0 6808
14 7 3 1.5 -2 0 0 9586
14 7 4 1.5 -2 0 0 7532
14 7 5 1.5 -2 0 0 6103
14 7 6 1.5 -2 0 0 9320
14 7 7 1.5 -2 0 0 7026
14 7 8 1.5 -2 0 0 9320
14 7 9 1.5 -2 0 0 7367
14 7 10 1.5 -2 0 0 9561
14 7 11 1.5 -2 0 0 6804
14 7 12 1.5 -2 0 0 6365
14 7 13 1.5 -2 0 0 10559
14 7 14 1.5 -2 0 0 6854
14 7 15 1.5 -2 0 0 10473
14 7 16 1.5 -2 0 0 9059
14 7 17 1.5 -2 0 0 7247
14 7 18 1.5 -2 0 0 7799
14 7 19 1.5 -2 0 0 9618
14 7 20 5.5 -2 0 0 2363
14 7 21 1.5 -2 0 0 9268
14 7 22 5.5 -2 0 0 9843
14 7 23 1.5 -2 0 0 11313
14 7 24 5.5 -2 0 0 7018
14 7 25 5.5 -2 0 0 12515
14 7 26 1.5 -2 0 0 9065
14 7 27 1.5 -2 0 0 11692
14 7 28 1.5 -2 0 0 8520
14 7 29 1.5 -2 0 0 8669
14 7 30 1.5 -2 0 0 9735
14 7 31 1.5 -2 0 0 12122
14 7 32 1.5 -2 0 0 9752
14 7 33 1.5 -2 0 0 13609
14 7 34 1.5 -2 0 0 11522
14 7 35 5.5 -2 0 0 17303
14 7 36 5.5 -2 0 0 8857
14 7 37 1.5 -2 0 0 8001
14 7 38 1.5 -2 0 0 18859
14 7 39 5.5 -2 0 0 20806
14 7 40 1.5 -2 0 0 11017
14 7 41 5.5 -2 0 0 14591
14 7 42 5.5 -2 0 0 14308
14 7 43 1.5 -2 0 0 8647
14 7 44 1.5 -2 0 0 13283
14 7 45 5.5 -2 0 0 15571
14 7 46 1.5 -2 0 0 13309
14 7 47 1.5 -2 0 0 19573
14 7 48 1.5 -2 0 0 14247
14 7 49 1.5 -2 0 0 14411
14 7 50 1.5 -2 0 0 17625
14 7 51 1.5 -2 0 0 15627
14 7 52 1.5 -2 0 0 13443
14 7 53 1.5 -2 0 0 16341
14 7 54 1.5 -2 0 0 17160
14 7 55 1.5 -2 0 0 11419
14 7 56 1.5 -2 0 0 20160
14 7 57 1.5 -2 0 0 19061
14 7 58 1.5 -2 0 0 13241
14 7 59 1.5 -2 0 0 13777
14 7 60 1.5 -2 0 0 20636
14 7 61 1.5 -2 0 0 12788
14 7 62 1.5 -2 0 0 12374
14 7 63 1.5 -2 0 0 10308
14 8 0 1.5 -2 0 0 5241
14 8 1 1.5 -2 0 0 5003
14 8 2 1.5 -2 0 0 7886
14 8 3 1.5 -2 0 0 6791
14 8 4 1.5 -2 0 0 14994
14 8 5 1.5 -2 0 0 6396
14 8 6 1.5 -2 0 0 8974
14 8 7 1.5 -2 0 0 9690
14 8 8 1.5 -2 0 0 13736
14 8 9 1.5 -2 0 0 9051
14 8 10 1.5 -2 0 0 7753
14 8 11 1.5 -2 0 0 6987
14 8 12 1.5 -2 0 0 6284
14 8 13 5.5 -2 0 0 16194
14 8 14 5.5 -2 0 0 6999
14 8 15 5.5 -2 0 0 9443
14 8 16 5.5 -2 0 0 9466
14 8 17 5.5 -2 0 0 6414
14 8 18 5.5 -2 0 0 8367
14 8 19 5.5 -2 0 0 10140
14 8 20 5.5 -2 0 0 2819
14 8 21 5.5 -2 0 0 8589
14 8 22 5.5 -2 0 0 13727
14 8 23 5.5 -2 0 0 14618
14 8 24 5.5 -2 0 0 7441
14 8 25 5.5 -2 0 0 9312
14 8 26 5.5 -2 0 0 12956
14 8 27 5.5 -2 0 0 9421
14 8 28 5.5 -2 0 0 11253
14 8 29 5.5 -2 0 0 14802
14 8 30 5.5 -2 0 0 3237
14 8 31 5.5 -2 0 0 19319
14 8 32 5.5 -2 0 0 20094
14 8 33 5.5 -2 0 0 17645
14 8 34 5.5 -2 0 0 8679
14 8 35 5.5 -2 0 0 22499
14 8 36 5.5 -2 0 0 2225
14 8 37 5.5 -2 0 0 14547
14 8 38 5.5 -2 0 0 25926
14 8 39 5.5 -2 0 0 15919
14 8 40 5.5 -2 0 0 2425
14 8 41 5.5 -2 0 0 15841
14 8 42 5.5 -2 0 0 5583
14 8 43 5.5 -2 0 0 15315
14 8 44 5.5 -2 0 0 13763
14 8 45 5.5 -2 0 0 11745
14 8 46 5.5 -2 0 0 7524
14 8 47 5.5 -2 0 0 30983
14 8 48 5.5 -2 0 0 17365
14 8 49 5.5 -2 0 0 13651
14 8 50 5.5 -2 0 0 10226
14 8 51 5.5 -2 0 0 13406
14 8 52 5.5 -2 0 0 14938
14 8 53 5.5 -2 0 0 16267
14 8 54 5.5 -2 0 0 18156
14 8 55 1.5 -2 0 0 11495
14 8 56 5.5 -2 0 0 11029
14 8 57 1.5 -2 0 0 21269
14 8 58 1.5 -2 0 0 16031
14 8 59 1.5 -2 0 0 15653
14 8 60 1.5 -2 0 0 15290
14 8 61 1.5 -2 0 0 11583
14 8 62 1.5 -2 0 0 17118
14 8 63 1.5 -2 0 0 16209
14 9 0 1.5 -2 0 0 13269
14 9 1 5.5 -2 0 0 15500
14 9 2 1.5 -2 0 0 12587
14 9 3 5.5 -2 0 0 8246
14 9 4 5.5 -2 0 0 5957
14 9 5 1.5 -2 0 0 5166
14 9 6 1.5 -2 0 0 11513
14 9 7 5.5 -2 0 0 2135
14 9 8 1.5 -2 0 0 11229
14 9 9 5.5 -2 0 0 9895
14 9 10 5.5 -2 0 0 8583
14 9 11 5.5 -2 0 0 9503
14 9 12 5.5 -2 0 0 7950
14 9 13 5.5 -2 0 0 5467
14 9 14 5.5 -2 0 0 9738
14 9 15 5.5 -2 0 0 5557
14 9 16 5.5 -2 0 0 3108
14 9 17 5.5 -2 0 0 10696
14 9 18 5.5 -2 0 0 6352
14 9 19 5.5 -2 0 0 1572
14 9 20 5.5 -2 0 0 3790
14 9 21 5.5 -2 0 0 6005
14 9 22 5.5 -2 0 0 5048
14 9 23 5.5 -2 0 0 1515
14 9 24 5.5 -2 0 0 13018
14 9 25 5.5 -2 0 0 5168
14 9 26 5.5 -2 0 0 13301
14 9 27 5.5 -2 0 0 1895
14 9 28 5.5 -2 0 0 4795
14 9 29 5.5 -2 0 0 8821
14 9 30 5.5 -2 0 0 960
14 9 31 5.5 -2 0 0 5218
14 9 32 5.5 -2 0 0 2850
14 9 33 5.5 -2 0 0 1980
14 9 34 5.5 -2 0 0 7607
14 9 35 5.5 -2 0 0 6531
14 9 36 5.5 -2 0 0 783
14 9 37 5.5 -2 0 0 1414
14 9 38 5.5 -2 0 0 4307
14 9 39 5.5 -2 0 0 4372
14 9 40 5.5 -2 0 0 1344
14 9 41 5.5 -2 0 0 4386
14 9 42 5.5 -2 0 0 2501
14 9 43 5.5 -2 0 0 9015
14 9 44 5.5 -2 0 0 2848
14 9 45 5.5 -2 0 0 4255
14 9 46 5.5 -2 0 0 12329
14 9 47 5.5 -2 0 0 3063
14 9 48 5.5 -2 0 0 3432
14 9 49 5.5 -2 0 0 4603
14 9 50 5.5 -2 0 0 3785
14 9 51 5.5 -2 0 0 4056
14 9 52 5.5 -2 0 0 9650
14 9 53 5.5 -2 0 0 2109
14 9 54 5.5 -2 0 0 3198
14 9 55 1.5 -2 0 0 8478
14 9 56 5.5 -2 0 0 3440
14 9 57 1.5 -2 0 0 5314
14 9 58 1.5 -2 0 0 3314
14 9 59 1.5 -2 0 0 7204
14 9 60 1.5 -2 0 0 2372
14 9 61 1.5 -2 0 0 5466
14 9 62 1.5 -2 0 0 5627
14 9 63 1.5 -2 0 0 7353
14 10 0 5.65286 0.435862 1.86747 0.199397 15585
14 10 1 9.5 -2 0 0 16704
14 10 2 5.69808 0.454324 2.15396 0.123956 23522
14 10 3 5.73088 0.477151 2.22077 0.123413 26908
14 10 4 5.81342 0.419533 2.10079 0.0951577 25383
14 10 5 5.60408 0.419794 1.99717 0.0733772 17640
14 10 6 9.5 -2 0 0 23529
14 10 7 9.5 -2 0 0 31297
14 10 8 5.39106 0.468357 1.96481 0.122074 22276
14 10 9 9.5 -2 0 0 25348
14 10 10 9.5 -2 0 0 26754
14 10 11 9.5 -2 0 0 22611
14 10 12 9.5 -2 0 0 23930
14 10 13 5.85696 0.460525 2.25304 0.125333 24220
14 10 14 5.50829 0.41175 1.89318 0.102507 19041
14 10 15 9.5 -2 0 0 27828
14 10 16 9.5 -2 0 0 30707
14 10 17 5.73148 0.427748 2.01802 0.0939046 22836
14 10 18 9.5 -2 0 0 14152
14 10 19 9.5 -2 0 0 23559
14 10 20 9.5 -2 0 0 9193
14 10 21 9.5 -2 0 0 24703
14 10 22 9.5 -2 0 0 20939
14 10 23 9.5 -2 0 0 24168
14 10 24 9.5 -2 0 0 18047
14 10 25 9.5 -2 0 0 23280
14 10 26 9.5 -2 0 0 24046
14 10 27 9.5 -2 0 0 19722
14 10 28 9.5 -2 0 0 24307
14 10 29 5.66138 0.433424 1.98742 0.141236 15847
14 10 30 9.5 -2 0 0 8104
14 10 31 9.5 -2 0 0 26931
14 10 32 9.5 -2 0 0 23613
14 10 33 9.5 -2 0 0 28922
14 10 34 9.5 -2 0 0 14552
14 10 35 9.5 -2 0 0 35104
14 10 36 9.5 -2 0 0 7999
14 10 37 9.5 -2 0 0 8643
14 10 38 9.5 -2 0 0 33589
14 10 39 9.5 -2 0 0 25020
14 10 40 9.5 -2 0 0 6534
14 10 41 9.5 -2 0 0 25225
14 10 42 9.5 -2 0 0 16607
14 10 43 5.40458 0.3942 1.74184 0.0919957 15449
14 10 44 9.5 -2 0 0 29208
14 10 45 5.80161 0.418916 2.03363 0.129808 23425
14 10 46 5.5068 0.41138 1.8385 0.129438 14276
14 10 47 5.70287 0.414895 2.02155 0.0973484 29773
14 10 48 9.5 -2 0 0 24456
14 10 49 9.5 -2 0 0 18304
14 10 50 9.5 -2 0 0 31688
14 10 51 5.49709 0.39096 1.72094 0.134062 21253
14 10 52 5.5811 0.399481 1.83547 0.140209 26604
14 10 53 5.51546 0.427515 1.91906 0.124981 28237
14 10 54 5.00865 0.458266 1.68766 0.0940918 22169
14 10 55 5.30922 0.399227 1.64506 0.117752 17505
14 10 56 5.37793 0.439608 1.78167 0.152937 29134
14 10 57 5.48848 0.401413 1.70548 0.150161 22098
14 10 58 5.23793 0.425573 1.72304 0.118873 22202
14 10 59 5.10543 0.409229 1.64265 0.0865471 15315
14 10 60 5.11062 0.423156 1.72831 0.0681852 26019
14 10 61 5.08277 0.44647 1.72206 0.106218 27710
14 10 62 5.01841 0.450524 1.65231 0.134318 17420
14 10 63 5.01834 0.42842 1.64659 0.0912484 17171
14 11 0 5.5 -2 0 0 28678
14 11 1 5.5 -2 0 0 24165
14 11 2 5.5 -2 0 0 19800
14 11 3 5.5 -2 0 0 14137
14 11 4 5.5 -2 0 0 14970
14 11 5 5.5 -2 0 0 16450
14 11 6 5.5 -2 0 0 16736
14 11 7 5.5 -2 0 0 12577
14 11 8 5.5 -2 0 0 18073
14 11 9 5.5 -2 0 0 15349
14 11 10 5.5 -2 0 0 13776
14 11 11 5.5 -2 0 0 18133
14 11 12 5.5 -2 0 0 15970
14 11 13 5.5 -2 0 0 11418
14 11 14 5.5 -2 0 0 21090
14 11 15 5.5 -2 0 0 13094
14 11 16 5.5 -2 0 0 12248
14 11 17 5.5 -2 0 0 18266
14 11 18 5.5 -2 0 0 14947
14 11 19 5.5 -2 0 0 13215
14 11 20 5.5 -2 0 0 3564
14 11 21 5.5 -2 0 0 13917
14 11 22 5.5 -2 0 0 12742
14 11 23 5.5 -2 0 0 17612
14 11 24 5.5 -2 0 0 18630
14 11 25 5.5 -2 0 0 12642
14 11 26 5.5 -2 0 0 23340
14 11 27 5.5 -2 0 0 12327
14 11 28 5.5 -2 0 0 12539
14 11 29 5.5 -2 0 0 16055
14 11 30 5.5 -2 0 0 4675
14 11 31 5.5 -2 0 0 12645
14 11 32 5.5 -2 0 0 11332
14 11 33 5.5 -2 0 0 11651
14 11 34 5.5 -2 0 0 25032
14 11 35 5.5 -2 0 0 11632
14 11 36 5.5 -2 0 0 3586
14 11 37 5.5 -2 0 0 15045
14 11 38 5.5 -2 0 0 12105
14 11 39 5.5 -2 0 0 10051
14 11 40 5.5 -2 0 0 3439
14 11 41 5.5 -2 0 0 9730
14 11 42 5.5 -2 0 0 11638
14 11 43 5.5 -2 0 0 19804
14 11 44 5.5 -2 0 0 11230
14 11 45 5.5 -2 0 0 13412
14 11 46 5.5 -2 0 0 23684
14 11 47 5.5 -2 0 0 5486
14 11 48 5.5 -2 0 0 9870
14 11 49 5.5 -2 0 0 17162
14 11 50 5.5 -2 0 0 12242
14 11 51 5.5 -2 0 0 18689
14 11 52 5.5 -2 0 0 19722
14 11 53 5.5 -2 0 0 7078
14 11 54 5.5 -2 0 0 9372
14 11 55 5.5 -2 0 0 19438
14 11 56 5.5 -2 0 0 14300
14 11 57 5.5 -2 0 0 15216
14 11 58 5.5 -2 0 0 11158
14 11 59 5.5 -2 0 0 24125
14 11 60 5.5 -2 0 0 11905
14 11 61 5.5 -2 0 0 17281
14 11 62 1.5 -2 0 0 18787
14 11 63 1.5 -2 0 0 17294
14 12 0 5.5 -2 0 0 22036
14 12 1 5.5 -2 0 0 19008
14 12 2 5.5 -2 0 0 21773
14 12 3 1.5 -2 0 0 24845
14 12 4 5.5 -2 0 0 21534
14 12 5 5.5 -2 0 0 23492
14 12 6 5.5 -2 0 0 23222
14 12 7 5.5 -2 0 0 29114
14 12 8 5.5 -2 0 0 24518
14 12 9 5.5 -2 0 0 25479
14 12 10 5.5 -2 0 0 27291
14 12 11 5.5 -2 0 0 21660
14 12 12 5.5 -2 0 0 27180
14 12 13 5.5 -2 0 0 20115
14 12 14 5.5 -2 0 0 22126
14 12 15 5.5 -2 0 0 24150
14 12 16 5.5 -2 0 0 25122
14 12 17 5.5 -2 0 0 21165
14 12 18 5.5 -2 0 0 23337
14 12 19 5.5 -2 0 0 26915
14 12 20 5.5 -2 0 0 19106
14 12 21 5.5 -2 0 0 25776
14 12 22 5.5 -2 0 0 28198
14 12 23 5.5 -2 0 0 18350
14 12 24 5.5 -2 0 0 22845
14 12 25 5.5 -2 0 0 25815
14 12 26 5.5 -2 0 0 18072
14 12 27 5.5 -2 0 0 22208
14 12 28 5.5 -2 0 0 24075
14 12 29 5.5 -2 0 0 14669
14 12 30 5.5 -2 0 0 21065
14 12 31 5.5 -2 0 0 23477
14 12 32 5.5 -2 0 0 23310
14 12 33 5.5 -2 0 0 20796
14 12 34 5.5 -2 0 0 17636
14 12 35 5.5 -2 0 0 22785
14 12 36 5.5 -2 0 0 14348
14 12 37 5.5 -2 0 0 17012
14 12 38 5.5 -2 0 0 20343
14 12 39 5.5 -2 0 0 17738
14 12 40 5.5 -2 0 0 18428
14 12 41 5.5 -2 0 0 19715
14 12 42 5.5 -2 0 0 16846
14 12 43 5.5 -2 0 0 17250
14 12 44 5.5 -2 0 0 20182
14 12 45 5.5 -2 0 0 17059
14 12 46 5.5 -2 0 0 17105
14 12 47 5.5 -2 0 0 19348
14 12 48 5.5 -2 0 0 18434
14 12 49 5.5 -2 0 0 15944
14 12 50 5.5 -2 0 0 18779
14 12 51 5.5 -2 0 0 13512
14 12 52 5.5 -2 0 0 15795
14 12 53 5.5 -2 0 0 19281
14 12 54 5.5 -2 0 0 17951
14 12 55 5.5 -2 0 0 14739
14 12 56 5.5 -2 0 0 15109
14 12 57 5.5 -2 0 0 14493
14 12 58 1.5 -2 0 0 16145
14 12 59 1.5 -2 0 0 15918
14 12 60 5.5 -2 0 0 18038
14 12 61 1.5 -2 0 0 13249
14 12 62 1.5 -2 0 0 15021
14 12 63 1.5 -2 0 0 15636
14 13 0 5.5 -2 0 0 15244
14 13 1 5.5 -2 0 0 12223
14 13 2 5.5 -2 0 0 11478
14 13 3 5.5 -2 0 0 8917
14 13 4 5.5 -2 0 0 9758
14 13 5 5.5 -2 0 0 10231
14 13 6 5.5 -2 0 0 11038
14 13 7 5.5 -2 0 0 7574
14 13 8 5.5 -2 0 0 10807
14 13 9 5.5 -2 0 0 9191
14 13 10 5.5 -2 0 0 8257
14 13 11 5.5 -2 0 0 10609
14 13 12 5.5 -2 0 0 9491
14 13 13 5.5 -2 0 0 7810
14 13 14 5.5 -2 0 0 16325
14 13 15 5.5 -2 0 0 9500
14 13 16 5.5 -2 0 0 7980
14 13 17 5.5 -2 0 0 12976
14 13 18 5.5 -2 0 0 8573
14 13 19 5.5 -2 0 0 7493
14 13 20 5.5 -2 0 0 7438
14 13 21 5.5 -2 0 0 9104
14 13 22 5.5 -2 0 0 7976
14 13 23 5.5 -2 0 0 6900
14 13 24 5.5 -2 0 0 13265
14 13 25 5.5 -2 0 0 8551
14 13 26 5.5 -2 0 0 16447
14 13 27 5.5 -2 0 0 9407
14 13 28 5.5 -2 0 0 8219
14 13 29 5.5 -2 0 0 13919
14 13 30 5.5 -2 0 0 8700
14 13 31 5.5 -2 0 0 9227
14 13 32 5.5 -2 0 0 8068
14 13 33 5.5 -2 0 0 10791
14 13 34 5.5 -2 0 0 16925
14 13 35 5.5 -2 0 0 9171
14 13 36 5.5 -2 0 0 6448
14 13 37 5.5 -2 0 0 12762
14 13 38 5.5 -2 0 0 9795
14 13 39 5.5 -2 0 0 12980
14 13 40 5.5 -2 0 0 12292
14 13 41 5.5 -2 0 0 9802
14 13 42 5.5 -2 0 0 14443
14 13 43 5.5 -2 0 0 16240
14 13 44 5.5 -2 0 0 11008
14 13 45 5.5 -2 0 0 11099
14 13 46 5.5 -2 0 0 16496
14 13 47 5.5 -2 0 0 9975
14 13 48 5.5 -2 0 0 11760
14 13 49 5.5 -2 0 0 15980
14 13 50 5.5 -2 0 0 11684
14 13 51 5.5 -2 0 0 19412
14 13 52 5.5 -2 0 0 16895
14 13 53 5.5 -2 0 0 10629
14 13 54 5.5 -2 0 0 14485
14 13 55 5.5 -2 0 0 18708
14 13 56 5.5 -2 0 0 13125
14 13 57 5.5 -2 0 0 16069
14 13 58 5.5 -2 0 0 15420
14 13 59 5.5 -2 0 0 19684
14 13 60 5.5 -2 0 0 11342
14 13 61 5.5 -2 0 0 19657
14 13 62 1.5 -2 0 0 21765
14 13 63 5.5 -2 0 0 17263
14 14 0 1.5 -2 0 0 14284
14 14 1 5.5 -2 0 0 14243
14 14 2 1.5 -2 0 0 15248
14 14 3 5.5 -2 0 0 14870
14 14 4 5.5 -2 0 0 12572
14 14 5 1.5 -2 0 0 14266
14 14 6 5.5 -2 0 0 16671
14 14 7 5.5 -2 0 0 15622
14 14 8 1.5 -2 0 0 12822
14 14 9 5.5 -2 0 0 16921
14 14 10 5.5 -2 0 0 20364
14 14 11 5.5 -2 0 0 11604
14 14 12 5.5 -2 0 0 11762
14 14 13 5.5 -2 0 0 12874
14 14 14 5.5 -2 0 0 9606
14 14 15 5.5 -2 0 0 12052
14 14 16 5.5 -2 0 0 19940
14 14 17 5.5 -2 0 0 10616
14 14 18 5.5 -2 0 0 12606
14 14 19 5.5 -2 0 0 14838
14 14 20 5.5 -2 0 0 11009
14 14 21 5.5 -2 0 0 18010
14 14 22 5.5 -2 0 0 16096
14 14 23 5.5 -2 0 0 9992
14 14 24 5.5 -2 0 0 11094
14 14 25 5.5 -2 0 0 12368
14 14 26 5.5 -2 0 0 8810
14 14 27 5.5 -2 0 0 11044
14 14 28 5.5 -2 0 0 12398
14 14 29 5.5 -2 0 0 9448
14 14 30 5.5 -2 0 0 10303
14 14 31 5.5 -2 0 0 11444
14 14 32 5.5 -2 0 0 10322
14 14 33 5.5 -2 0 0 9807
14 14 34 5.5 -2 0 0 10090
14 14 35 5.5 -2 0 0 9518
14 14 36 5.5 -2 0 0 8767
14 14 37 5.5 -2 0 0 8400
14 14 38 5.5 -2 0 0 9355
14 14 39 5.5 -2 0 0 8134
14 14 40 5.5 -2 0 0 9018
14 14 41 5.5 -2 0 0 9700
14 14 42 5.5 -2 0 0 8459
14 14 43 5.5 -2 0 0 8536
14 14 44 5.5 -2 0 0 9328
14 14 45 5.5 -2 0 0 8590
14 14 46 5.5 -2 0 0 9202
14 14 47 5.5 -2 0 0 6854
14 14 48 5.5 -2 0 0 8178
14 14 49 5.5 -2 0 0 7906
14 14 50 5.5 -2 0 0 8362
14 14 51 5.5 -2 0 0 7172
14 14 52 5.5 -2 0 0 7704
14 14 53 5.5 -2 0 0 8613
14 14 54 5.5 -2 0 0 8080
14 14 55 5.5 -2 0 0 6670
14 14 56 5.5 -2 0 0 8243
14 14 57 5.5 -2 0 0 8023
14 14 58 1.5 -2 0 0 7034
14 14 59 1.5 -2 0 0 8013
14 14 60 1.5 -2 0 0 8357
14 14 61 1.5 -2 0 0 6247
14 14 62 1.5 -2 0 0 7761
14 14 63 1.5 -2 0 0 6591
14 15 0 5.5 -2 0 0 6346
14 15 1 5.5 -2 0 0 6044
14 15 2 5.5 -2 0 0 4828
14 15 3 5.5 -2 0 0 3694
14 15 4 5.5 -2 0 0 4798
14 15 5 5.5 -2 0 0 4331
14 15 6 5.5 -2 0 0 4905
14 15 7 5.5 -2 0 0 3930
14 15 8 5.5 -2 0 0 6165
14 15 9 5.5 -2 0 0 4251
14 15 10 5.5 -2 0 0 4243
14 15 11 5.5 -2 0 0 5423
14 15 12 5.5 -2 0 0 4288
14 15 13 5.5 -2 0 0 5036
14 15 14 5.5 -2 0 0 7010
14 15 15 5.5 -2 0 0 5426
14 15 16 5.5 -2 0 0 4744
14 15 17 5.5 -2 0 0 6018
14 15 18 5.5 -2 0 0 4951
14 15 19 5.5 -2 0 0 4652
14 15 20 5.5 -2 0 0 5640
14 15 21 5.5 -2 0 0 4836
14 15 22 5.5 -2 0 0 4665
14 15 23 5.5 -2 0 0 6112
14 15 24 5.5 -2 0 0 6020
14 15 25 5.5 -2 0 0 4146
14 15 26 5.5 -2 0 0 6439
14 15 27 5.5 -2 0 0 4986
14 15 28 5.5 -2 0 0 5025
14 15 29 5.5 -2 0 0 6955
14 15 30 5.5 -2 0 0 5239
14 15 31 5.5 -2 0 0 4523
14 15 32 5.5 -2 0 0 4717
14 15 33 5.5 -2 0 0 4351
14 15 34 5.5 -2 0 0 5414
14 15 35 5.5 -2 0 0 5705
14 15 36 5.5 -2 0 0 4466
14 15 37 5.5 -2 0 0 6303
14 15 38 5.5 -2 0 0 5723
14 15 39 5.5 -2 0 0 7735
14 15 40 5.5 -2 0 0 6056
14 15 41 5.5 -2 0 0 5132
14 15 42 5.5 -2 0 0 5501
14 15 43 5.5 -2 0 0 6507
14 15 44 5.5 -2 0 0 4926
14 15 45 5.5 -2 0 0 4888
14 15 46 5.5 -2 0 0 7884
14 15 47 5.5 -2 0 0 7305
14 15 48 5.5 -2 0 0 6315
14 15 49 5.5 -2 0 0 6290
14 15 50 5.5 -2 0 0 5254
14 15 51 5.5 -2 0 0 10883
14 15 52 5.5 -2 0 0 7211
14 15 53 5.5 -2 0 0 7818
14 15 54 5.5 -2 0 0 6936
14 15 55 5.5 -2 0 0 9348
14 15 56 5.5 -2 0 0 8643
14 15 57 5.5 -2 0 0 10255
14 15 58 1.5 -2 0 0 6615
14 15 59 1.5 -2 0 0 8974
14 15 60 5.5 -2 0 0 7807
14 15 61 1.5 -2 0 0 8559
14 15 62 1.5 -2 0 0 7605
14 15 63 1.5 -2 0 0 8719
