#mip results PROTO15-TB2022-03
#layer chip channel mpv empv widthmpv chi2ndf nentries
0 0 0 0 -10 0 0 0
0 0 1 0 -10 0 0 0
0 0 2 0 -10 0 0 0
0 0 3 0 -10 0 0 0
0 0 4 0 -10 0 0 0
0 0 5 0 -10 0 0 0
0 0 6 0 -10 0 0 0
0 0 7 0 -10 0 0 0
0 0 8 0 -10 0 0 0
0 0 9 0 -10 0 0 0
0 0 10 0 -10 0 0 0
0 0 11 0 -10 0 0 0
0 0 12 0 -10 0 0 0
0 0 13 0 -10 0 0 0
0 0 14 0 -10 0 0 0
0 0 15 0 -10 0 0 0
0 0 16 0 -10 0 0 0
0 0 17 0 -10 0 0 0
0 0 18 0 -10 0 0 0
0 0 19 0 -10 0 0 0
0 0 20 0 -10 0 0 0
0 0 21 0 -10 0 0 0
0 0 22 0 -10 0 0 0
0 0 23 0 -10 0 0 0
0 0 24 0 -10 0 0 0
0 0 25 0 -10 0 0 0
0 0 26 0 -10 0 0 0
0 0 27 0 -10 0 0 0
0 0 28 0 -10 0 0 0
0 0 29 0 -10 0 0 0
0 0 30 0 -10 0 0 0
0 0 31 0 -10 0 0 0
0 0 32 0 -10 0 0 0
0 0 33 0 -10 0 0 0
0 0 34 0 -10 0 0 0
0 0 35 0 -10 0 0 0
0 0 36 0 -10 0 0 0
0 0 37 0 -10 0 0 0
0 0 38 0 -10 0 0 0
0 0 39 0 -10 0 0 0
0 0 40 0 -10 0 0 0
0 0 41 0 -10 0 0 0
0 0 42 0 -10 0 0 0
0 0 43 0 -10 0 0 0
0 0 44 0 -10 0 0 0
0 0 45 0 -10 0 0 0
0 0 46 0 -10 0 0 0
0 0 47 0 -10 0 0 0
0 0 48 0 -10 0 0 0
0 0 49 0 -10 0 0 0
0 0 50 0 -10 0 0 0
0 0 51 0 -10 0 0 0
0 0 52 0 -10 0 0 0
0 0 53 0 -10 0 0 0
0 0 54 0 -10 0 0 0
0 0 55 0 -10 0 0 0
0 0 56 0 -10 0 0 0
0 0 57 0 -10 0 0 0
0 0 58 0 -10 0 0 0
0 0 59 0 -10 0 0 0
0 0 60 0 -10 0 0 0
0 0 61 0 -10 0 0 0
0 0 62 0 -10 0 0 0
0 0 63 0 -10 0 0 0
0 1 0 0 -10 0 0 0
0 1 1 0 -10 0 0 0
0 1 2 0 -10 0 0 0
0 1 3 0 -10 0 0 0
0 1 4 0 -10 0 0 0
0 1 5 0 -10 0 0 0
0 1 6 0 -10 0 0 0
0 1 7 0 -10 0 0 0
0 1 8 0 -10 0 0 0
0 1 9 0 -10 0 0 0
0 1 10 0 -10 0 0 0
0 1 11 0 -10 0 0 0
0 1 12 0 -10 0 0 0
0 1 13 0 -10 0 0 0
0 1 14 0 -10 0 0 0
0 1 15 0 -10 0 0 0
0 1 16 0 -10 0 0 0
0 1 17 0 -10 0 0 0
0 1 18 0 -10 0 0 0
0 1 19 0 -10 0 0 0
0 1 20 0 -10 0 0 0
0 1 21 0 -10 0 0 0
0 1 22 0 -10 0 0 0
0 1 23 0 -10 0 0 0
0 1 24 0 -10 0 0 0
0 1 25 0 -10 0 0 0
0 1 26 0 -10 0 0 0
0 1 27 0 -10 0 0 0
0 1 28 0 -10 0 0 0
0 1 29 0 -10 0 0 0
0 1 30 0 -10 0 0 0
0 1 31 0 -10 0 0 0
0 1 32 0 -10 0 0 0
0 1 33 0 -10 0 0 0
0 1 34 0 -10 0 0 0
0 1 35 0 -10 0 0 0
0 1 36 0 -10 0 0 0
0 1 37 0 -10 0 0 0
0 1 38 0 -10 0 0 0
0 1 39 0 -10 0 0 0
0 1 40 0 -10 0 0 0
0 1 41 0 -10 0 0 0
0 1 42 0 -10 0 0 0
0 1 43 0 -10 0 0 0
0 1 44 0 -10 0 0 0
0 1 45 0 -10 0 0 0
0 1 46 0 -10 0 0 0
0 1 47 0 -10 0 0 0
0 1 48 0 -10 0 0 0
0 1 49 0 -10 0 0 0
0 1 50 0 -10 0 0 0
0 1 51 0 -10 0 0 0
0 1 52 0 -10 0 0 0
0 1 53 0 -10 0 0 0
0 1 54 0 -10 0 0 0
0 1 55 0 -10 0 0 0
0 1 56 0 -10 0 0 0
0 1 57 0 -10 0 0 0
0 1 58 0 -10 0 0 0
0 1 59 0 -10 0 0 0
0 1 60 0 -10 0 0 0
0 1 61 0 -10 0 0 0
0 1 62 0 -10 0 0 0
0 1 63 0 -10 0 0 0
0 2 0 0 -10 0 0 0
0 2 1 0 -10 0 0 0
0 2 2 0 -10 0 0 0
0 2 3 0 -10 0 0 0
0 2 4 0 -10 0 0 0
0 2 5 0 -10 0 0 0
0 2 6 0 -10 0 0 0
0 2 7 0 -10 0 0 0
0 2 8 0 -10 0 0 0
0 2 9 0 -10 0 0 0
0 2 10 0 -10 0 0 0
0 2 11 0 -10 0 0 0
0 2 12 0 -10 0 0 0
0 2 13 0 -10 0 0 0
0 2 14 0 -10 0 0 0
0 2 15 0 -10 0 0 0
0 2 16 0 -10 0 0 0
0 2 17 0 -10 0 0 0
0 2 18 0 -10 0 0 0
0 2 19 0 -10 0 0 0
0 2 20 0 -10 0 0 0
0 2 21 0 -10 0 0 0
0 2 22 0 -10 0 0 0
0 2 23 0 -10 0 0 0
0 2 24 0 -10 0 0 0
0 2 25 0 -10 0 0 0
0 2 26 0 -10 0 0 0
0 2 27 0 -10 0 0 0
0 2 28 0 -10 0 0 0
0 2 29 0 -10 0 0 0
0 2 30 0 -10 0 0 0
0 2 31 0 -10 0 0 0
0 2 32 0 -10 0 0 0
0 2 33 0 -10 0 0 0
0 2 34 0 -10 0 0 0
0 2 35 0 -10 0 0 0
0 2 36 0 -10 0 0 0
0 2 37 0 -10 0 0 0
0 2 38 0 -10 0 0 0
0 2 39 0 -10 0 0 0
0 2 40 0 -10 0 0 0
0 2 41 0 -10 0 0 0
0 2 42 0 -10 0 0 0
0 2 43 0 -10 0 0 0
0 2 44 0 -10 0 0 0
0 2 45 0 -10 0 0 0
0 2 46 0 -10 0 0 0
0 2 47 0 -10 0 0 0
0 2 48 0 -10 0 0 0
0 2 49 0 -10 0 0 0
0 2 50 0 -10 0 0 0
0 2 51 0 -10 0 0 0
0 2 52 0 -10 0 0 0
0 2 53 0 -10 0 0 0
0 2 54 0 -10 0 0 0
0 2 55 0 -10 0 0 0
0 2 56 0 -10 0 0 0
0 2 57 0 -10 0 0 0
0 2 58 0 -10 0 0 0
0 2 59 0 -10 0 0 0
0 2 60 0 -10 0 0 0
0 2 61 0 -10 0 0 0
0 2 62 0 -10 0 0 0
0 2 63 0 -10 0 0 0
0 3 0 0 -10 0 0 0
0 3 1 0 -10 0 0 0
0 3 2 0 -10 0 0 0
0 3 3 0 -10 0 0 0
0 3 4 0 -10 0 0 0
0 3 5 0 -10 0 0 0
0 3 6 0 -10 0 0 0
0 3 7 0 -10 0 0 0
0 3 8 0 -10 0 0 0
0 3 9 0 -10 0 0 0
0 3 10 0 -10 0 0 0
0 3 11 0 -10 0 0 0
0 3 12 0 -10 0 0 0
0 3 13 0 -10 0 0 0
0 3 14 0 -10 0 0 0
0 3 15 0 -10 0 0 0
0 3 16 0 -10 0 0 0
0 3 17 0 -10 0 0 0
0 3 18 0 -10 0 0 0
0 3 19 0 -10 0 0 0
0 3 20 0 -10 0 0 0
0 3 21 0 -10 0 0 0
0 3 22 0 -10 0 0 0
0 3 23 0 -10 0 0 0
0 3 24 0 -10 0 0 0
0 3 25 0 -10 0 0 0
0 3 26 0 -10 0 0 0
0 3 27 0 -10 0 0 0
0 3 28 0 -10 0 0 0
0 3 29 0 -10 0 0 0
0 3 30 0 -10 0 0 0
0 3 31 0 -10 0 0 0
0 3 32 0 -10 0 0 0
0 3 33 0 -10 0 0 0
0 3 34 0 -10 0 0 0
0 3 35 0 -10 0 0 0
0 3 36 0 -10 0 0 0
0 3 37 0 -10 0 0 0
0 3 38 0 -10 0 0 0
0 3 39 0 -10 0 0 0
0 3 40 0 -10 0 0 0
0 3 41 0 -10 0 0 0
0 3 42 0 -10 0 0 0
0 3 43 0 -10 0 0 0
0 3 44 0 -10 0 0 0
0 3 45 0 -10 0 0 0
0 3 46 0 -10 0 0 0
0 3 47 0 -10 0 0 0
0 3 48 0 -10 0 0 0
0 3 49 0 -10 0 0 0
0 3 50 0 -10 0 0 0
0 3 51 0 -10 0 0 0
0 3 52 0 -10 0 0 0
0 3 53 0 -10 0 0 0
0 3 54 0 -10 0 0 0
0 3 55 0 -10 0 0 0
0 3 56 0 -10 0 0 0
0 3 57 0 -10 0 0 0
0 3 58 0 -10 0 0 0
0 3 59 0 -10 0 0 0
0 3 60 0 -10 0 0 0
0 3 61 0 -10 0 0 0
0 3 62 0 -10 0 0 0
0 3 63 0 -10 0 0 0
0 4 0 35.6349 34.1523 19.9732 0.0987805 224
0 4 1 32.6807 22.8405 20 0.126225 364
0 4 2 27.9099 -3 0 0 126
0 4 3 27.9099 -3 0 0 84
0 4 4 27.9099 -3 0 0 182
0 4 5 27.9099 -3 0 0 182
0 4 6 32.9241 28.89 20 0.0785462 238
0 4 7 27.9099 -3 0 0 168
0 4 8 27.9099 -3 0 0 182
0 4 9 27.9099 -3 0 0 112
0 4 10 27.9099 -3 0 0 140
0 4 11 27.9099 -3 0 0 140
0 4 12 27.9099 -3 0 0 126
0 4 13 27.9099 -3 0 0 112
0 4 14 27.9099 -3 0 0 182
0 4 15 27.9099 -3 0 0 140
0 4 16 27.9099 -3 0 0 196
0 4 17 27.9099 -3 0 0 182
0 4 18 27.9099 -3 0 0 126
0 4 19 27.9099 -3 0 0 112
0 4 20 27.9099 -3 0 0 126
0 4 21 26 -2 0 0 252
0 4 22 27.9099 -3 0 0 168
0 4 23 0 -10 0 0 0
0 4 24 27.9099 -3 0 0 112
0 4 25 27.9099 -3 0 0 70
0 4 26 35.1744 19.9272 15.3227 0.135858 280
0 4 27 27.9099 -3 0 0 112
0 4 28 27.9099 -3 0 0 126
0 4 29 27.9099 -3 0 0 168
0 4 30 27.9099 -3 0 0 126
0 4 31 27.9099 -3 0 0 140
0 4 32 27.9099 -3 0 0 140
0 4 33 27.9099 -3 0 0 140
0 4 34 27.9099 -3 0 0 154
0 4 35 27.9099 -3 0 0 98
0 4 36 27.9099 -3 0 0 56
0 4 37 27.9099 -3 0 0 126
0 4 38 27.9099 -3 0 0 98
0 4 39 27.9099 -3 0 0 168
0 4 40 27.9099 -3 0 0 126
0 4 41 27.9099 -3 0 0 42
0 4 42 27.9099 -3 0 0 98
0 4 43 27.9099 -3 0 0 196
0 4 44 27.9099 -3 0 0 98
0 4 45 27.9099 -3 0 0 112
0 4 46 27.9099 -3 0 0 126
0 4 47 27.9099 -3 0 0 126
0 4 48 27.9099 -3 0 0 196
0 4 49 27.9099 -3 0 0 70
0 4 50 27.9099 -3 0 0 112
0 4 51 27.9099 -3 0 0 196
0 4 52 34.5629 21.0781 20 0.0555396 210
0 4 53 27.9099 -3 0 0 98
0 4 54 27.9099 -3 0 0 70
0 4 55 27.9099 -3 0 0 70
0 4 56 27.9099 -3 0 0 112
0 4 57 27.9099 -3 0 0 126
0 4 58 27.9099 -3 0 0 140
0 4 59 27.9099 -3 0 0 154
0 4 60 27.9099 -3 0 0 70
0 4 61 27.9099 -3 0 0 154
0 4 62 27.9099 -3 0 0 70
0 4 63 27.9099 -3 0 0 112
0 5 0 26.929 -3 0 0 182
0 5 1 26.929 -3 0 0 168
0 5 2 26.929 -3 0 0 168
0 5 3 30.0472 197.446 20 0.132732 210
0 5 4 26.929 -3 0 0 154
0 5 5 26.929 -3 0 0 168
0 5 6 26.929 -3 0 0 140
0 5 7 26 -2 0 0 210
0 5 8 26.929 -3 0 0 168
0 5 9 26.929 -3 0 0 126
0 5 10 26.929 -3 0 0 140
0 5 11 34.3649 29.7856 20 0.127844 238
0 5 12 26.929 -3 0 0 196
0 5 13 24 -2 0 0 238
0 5 14 26.929 -3 0 0 140
0 5 15 26.929 -3 0 0 112
0 5 16 26.929 -3 0 0 126
0 5 17 26.929 -3 0 0 154
0 5 18 26.929 -3 0 0 168
0 5 19 27.0631 39.1852 20 0.179682 238
0 5 20 26.929 -3 0 0 140
0 5 21 26.929 -3 0 0 140
0 5 22 26.929 -3 0 0 140
0 5 23 23 -2 0 0 252
0 5 24 26.929 -3 0 0 126
0 5 25 58 -2 0 0 308
0 5 26 26.929 -3 0 0 168
0 5 27 26 -2 0 0 252
0 5 28 40.0366 22.0985 20 0.0611111 210
0 5 29 26.929 -3 0 0 168
0 5 30 27 -2 0 0 252
0 5 31 41.3922 19.394 19.9999 0.104273 210
0 5 32 26.929 -3 0 0 196
0 5 33 26.929 -3 0 0 126
0 5 34 26.929 -3 0 0 154
0 5 35 25.8471 38.1389 20 0.161615 364
0 5 36 26.929 -3 0 0 182
0 5 37 26.929 -3 0 0 182
0 5 38 32.5806 21.2106 20 0.203914 546
0 5 39 32.6314 20.1764 20 0.117682 476
0 5 40 20 -2 0 0 266
0 5 41 25.7153 3.9412 3.69379 0.326494 322
0 5 42 26.929 -3 0 0 168
0 5 43 26.929 -3 0 0 196
0 5 44 24 -2 0 0 252
0 5 45 26.929 -3 0 0 196
0 5 46 26.929 -3 0 0 154
0 5 47 27.9796 4.00827 6.85027 0.202418 560
0 5 48 26.6541 149.359 15.7974 0.0799855 252
0 5 49 26.929 -3 0 0 154
0 5 50 33.4584 18.4082 18.2023 0.139604 392
0 5 51 37.0811 21.04 20 0.153715 378
0 5 52 27 -2 0 0 210
0 5 53 34.941 19.0093 20 0.131364 350
0 5 54 26.929 -3 0 0 154
0 5 55 20 -2 0 0 308
0 5 56 24.6885 4.5613 5.93543 0.184418 294
0 5 57 23 -2 0 0 392
0 5 58 33.9355 18.0723 20 0.0622432 322
0 5 59 26.929 -3 0 0 182
0 5 60 26.8601 108.49 19.0103 0.391347 392
0 5 61 31.1985 22.6999 20 0.103921 210
0 5 62 32.4584 4.99537 8.22526 0.129069 266
0 5 63 27.6842 31.4047 20 0.163217 294
0 6 0 26.5666 -3 0 0 238
0 6 1 26.5666 -3 0 0 126
0 6 2 26.5666 -3 0 0 42
0 6 3 26.5666 -3 0 0 112
0 6 4 26.5666 -3 0 0 98
0 6 5 26.5666 -3 0 0 98
0 6 6 26.5666 -3 0 0 112
0 6 7 26.5666 -3 0 0 42
0 6 8 26.5666 -3 0 0 14
0 6 9 26.5666 -3 0 0 112
0 6 10 26.5666 -3 0 0 70
0 6 11 26.5666 -3 0 0 126
0 6 12 26.5666 -3 0 0 56
0 6 13 26.5666 -3 0 0 98
0 6 14 26.5666 -3 0 0 154
0 6 15 26.5666 -3 0 0 56
0 6 16 26.5666 -3 0 0 70
0 6 17 26.5666 -3 0 0 42
0 6 18 26.5666 -3 0 0 42
0 6 19 26.5666 -3 0 0 98
0 6 20 26.5666 -3 0 0 140
0 6 21 26.5666 -3 0 0 84
0 6 22 26.5666 -3 0 0 70
0 6 23 26.5666 -3 0 0 126
0 6 24 26.5666 -3 0 0 98
0 6 25 26.5666 -3 0 0 98
0 6 26 26.5666 -3 0 0 98
0 6 27 26.5666 -3 0 0 98
0 6 28 26.5666 -3 0 0 42
0 6 29 26.5666 -3 0 0 182
0 6 30 26.5666 -3 0 0 42
0 6 31 26.5666 -3 0 0 98
0 6 32 26.5666 -3 0 0 28
0 6 33 26.5666 -3 0 0 168
0 6 34 26.5666 -3 0 0 98
0 6 35 26.5666 -3 0 0 70
0 6 36 26.5666 -3 0 0 126
0 6 37 26.5666 -3 0 0 126
0 6 38 26.5666 -3 0 0 70
0 6 39 26.5666 -3 0 0 98
0 6 40 26.5666 -3 0 0 84
0 6 41 26.5666 -3 0 0 70
0 6 42 26.5666 -3 0 0 112
0 6 43 26.5666 -3 0 0 98
0 6 44 26.5666 -3 0 0 84
0 6 45 26.5666 -3 0 0 56
0 6 46 26.5666 -3 0 0 42
0 6 47 26.5666 -3 0 0 112
0 6 48 26.5666 -3 0 0 42
0 6 49 26.5666 -3 0 0 112
0 6 50 26.5666 -3 0 0 42
0 6 51 26.5666 -3 0 0 126
0 6 52 26.5666 -3 0 0 140
0 6 53 26.5666 -3 0 0 84
0 6 54 26.5666 -3 0 0 42
0 6 55 26.5666 -3 0 0 84
0 6 56 26.5666 -3 0 0 70
0 6 57 26.5666 -3 0 0 56
0 6 58 26.5666 -3 0 0 42
0 6 59 26.5666 -3 0 0 42
0 6 60 26.5666 -3 0 0 42
0 6 61 26.5666 -3 0 0 98
0 6 62 26.5666 -3 0 0 98
0 6 63 26.5666 -3 0 0 56
0 7 0 26.4563 -3 0 0 84
0 7 1 26.4563 -3 0 0 56
0 7 2 26.4563 -3 0 0 112
0 7 3 26.4563 -3 0 0 98
0 7 4 26.4563 -3 0 0 84
0 7 5 26.4563 -3 0 0 70
0 7 6 26.4563 -3 0 0 70
0 7 7 26.4563 -3 0 0 112
0 7 8 26.4563 -3 0 0 126
0 7 9 26.4563 -3 0 0 70
0 7 10 26.4563 -3 0 0 168
0 7 11 26.4563 -3 0 0 84
0 7 12 26.4563 -3 0 0 84
0 7 13 26.4563 -3 0 0 168
0 7 14 26.4563 -3 0 0 42
0 7 15 26.4563 -3 0 0 56
0 7 16 26.4563 -3 0 0 70
0 7 17 26.4563 -3 0 0 84
0 7 18 26.4563 -3 0 0 98
0 7 19 26.4563 -3 0 0 98
0 7 20 26.4563 -3 0 0 140
0 7 21 26.4563 -3 0 0 98
0 7 22 26.4563 -3 0 0 56
0 7 23 26.4563 -3 0 0 56
0 7 24 26.4563 -3 0 0 56
0 7 25 26.4563 -3 0 0 140
0 7 26 26.4563 -3 0 0 84
0 7 27 26.4563 -3 0 0 126
0 7 28 26.4563 -3 0 0 70
0 7 29 26.4563 -3 0 0 42
0 7 30 26.4563 -3 0 0 42
0 7 31 26.4563 -3 0 0 168
0 7 32 26.4563 -3 0 0 126
0 7 33 26.4563 -3 0 0 126
0 7 34 26.4563 -3 0 0 84
0 7 35 26.4563 -3 0 0 154
0 7 36 26.4563 -3 0 0 98
0 7 37 26.4563 -3 0 0 140
0 7 38 26.4563 -3 0 0 154
0 7 39 26.4563 -3 0 0 182
0 7 40 26.4563 -3 0 0 70
0 7 41 19 -2 0 0 266
0 7 42 26.4563 -3 0 0 154
0 7 43 26.4563 -3 0 0 98
0 7 44 26.4563 -3 0 0 126
0 7 45 26.4563 -3 0 0 98
0 7 46 26.4563 -3 0 0 112
0 7 47 35.1224 24.7092 20 0.16467 322
0 7 48 26.4563 -3 0 0 126
0 7 49 26.4563 -3 0 0 140
0 7 50 26.4563 -3 0 0 98
0 7 51 26.4563 -3 0 0 84
0 7 52 26.4563 -3 0 0 168
0 7 53 26.4563 -3 0 0 154
0 7 54 26.4563 -3 0 0 126
0 7 55 26.4563 -3 0 0 140
0 7 56 26.4563 -3 0 0 182
0 7 57 26.4563 -3 0 0 98
0 7 58 26.4563 -3 0 0 84
0 7 59 26.4563 -3 0 0 126
0 7 60 26.4563 -3 0 0 154
0 7 61 26.4563 -3 0 0 98
0 7 62 26.4563 -3 0 0 154
0 7 63 26.4563 -3 0 0 84
0 8 0 27.2316 0.671525 2.13627 0.417557 11368
0 8 1 27.1101 0.531088 1.90943 0.644532 12712
0 8 2 25.6122 0.675564 2.31383 0.325307 12306
0 8 3 26.6869 0.891266 2.38195 0.50089 7448
0 8 4 27.1046 0.597754 2.62949 0.397622 11298
0 8 5 26.7116 0.576861 2.74899 0.387158 11676
0 8 6 25.4544 0.670313 2.50467 0.372991 12474
0 8 7 26.256 0.536758 2.26316 0.399106 10696
0 8 8 25 -2 0 0 1064
0 8 9 27.2037 0.577711 1.96027 0.517878 11648
0 8 10 25.4673 0.535782 2.06136 0.54794 11914
0 8 11 26.7667 0.51344 2.36053 0.322671 10696
0 8 12 22.7541 2.45637 5.38242 0.350924 616
0 8 13 26.8859 0.613201 2.22342 0.427297 9730
0 8 14 27.6758 0.634219 2.23501 0.499425 9114
0 8 15 26.0863 0.769572 2.18852 0.551516 10052
0 8 16 26.8671 0.463549 2.27231 0.405336 11704
0 8 17 26.9573 0.784818 1.06446 0.904476 11186
0 8 18 26.5922 0.66839 2.38151 0.435166 11550
0 8 19 27.4157 0.641353 2.41747 0.322889 10556
0 8 20 26.3021 0.62122 2.41361 0.635245 10038
0 8 21 28.0093 0.728395 1.6605 0.46203 12558
0 8 22 26.2597 0.703789 2.23766 0.382709 10290
0 8 23 28.1921 0.636434 1.75879 0.355245 10976
0 8 24 28.3731 0.63366 2.18921 0.543872 11564
0 8 25 27.0023 0.516607 2.19122 0.450557 10542
0 8 26 26.6998 0.563138 2.64376 0.434101 10598
0 8 27 27.3754 0.719908 2.30709 0.383152 10038
0 8 28 27.7286 0.602363 1.94395 0.506931 10150
0 8 29 26.7609 0.576839 2.53167 0.503009 10696
0 8 30 27.7744 0.633565 1.26702 0.900581 10556
0 8 31 27.2108 0.760452 2.49186 0.594033 10150
0 8 32 27.1414 0.624629 2.24894 0.407857 9170
0 8 33 28.5022 0.540487 2.42043 0.352005 10542
0 8 34 27.7537 0.649144 2.25215 0.428597 10416
0 8 35 27.674 0.893281 1.89155 0.510409 10332
0 8 36 27.2519 0.551316 1.79122 0.448981 10430
0 8 37 26.6311 0.849021 1.93642 0.664417 10514
0 8 38 27.3142 0.538055 2.3078 0.402719 9632
0 8 39 26.7969 0.764952 2.09918 0.369665 9688
0 8 40 27.3393 0.592776 2.32818 0.539707 10472
0 8 41 26.6964 1.02382 3.0107 0.291425 9324
0 8 42 26.1114 0.755068 2.15 0.442989 9590
0 8 43 26.6905 0.522345 2.22645 0.504411 10080
0 8 44 27.4537 0.688584 2.19206 0.599054 9786
0 8 45 26.7998 0.520093 2.56362 0.488339 9856
0 8 46 27.6102 0.761726 2.74922 0.452563 9968
0 8 47 27.6109 0.703041 2.47255 0.440964 10052
0 8 48 26.8708 0.551262 2.31993 0.530049 10640
0 8 49 26.3002 0.595882 2.04073 0.451248 10360
0 8 50 28.0688 0.601636 1.67589 0.757699 9632
0 8 51 26.0685 0.590142 2.99841 0.508599 9520
0 8 52 27.2765 0.585325 1.76454 0.603351 9954
0 8 53 26.6093 0.660223 2.02459 0.63559 9506
0 8 54 26.4823 0.544062 2.255 0.378889 9884
0 8 55 25.6846 0.686959 2.48555 0.336514 9856
0 8 56 26.57 0.579809 2.35979 0.456764 9744
0 8 57 26.3514 0.572738 2.20489 0.482363 9702
0 8 58 27.2594 0.613368 1.87404 0.404305 10136
0 8 59 26.4555 0.505734 2.20756 0.533256 10626
0 8 60 25.8499 0.467602 2.26318 0.571855 9212
0 8 61 26.1495 0.583352 1.88976 0.589222 9688
0 8 62 25.8276 0.546556 2.21731 0.600865 10332
0 8 63 25.7855 0.566626 1.97442 0.56498 10402
0 9 0 25.558 0.493575 1.92811 0.564089 9702
0 9 1 25.7869 0.486464 2.56145 0.406083 8246
0 9 2 25.5647 0.59089 2.24357 0.703168 8050
0 9 3 25.1982 0.659029 2.45776 0.384273 6454
0 9 4 25.8869 0.634293 1.54886 0.61684 7126
0 9 5 24.8601 0.57687 2.02016 0.530585 7560
0 9 6 25.2323 0.538295 2.29409 0.478544 7028
0 9 7 25.3777 1.00077 2.12935 0.458854 4774
0 9 8 25.8674 0.504684 2.77096 0.434111 8470
0 9 9 25.5171 0.773545 1.65335 0.60775 6132
0 9 10 24.6103 0.673684 3.03002 0.439441 5096
0 9 11 24.7832 0.761691 2.67018 0.340538 8358
0 9 12 25.6488 0.742108 2.36159 0.384267 7084
0 9 13 25.0325 0.57481 2.05063 0.551422 5768
0 9 14 25.1072 0.45761 2.49171 0.467645 9226
0 9 15 24.7236 0.586906 3.12766 0.468598 6622
0 9 16 25.4489 0.437458 1.8412 0.538057 4774
0 9 17 26.2355 0.647155 1.96289 0.330714 8666
0 9 18 25.811 0.497905 2.04538 0.515113 7112
0 9 19 27.2742 0.674885 3.17763 0.57641 4844
0 9 20 25.8288 0.599744 2.576 0.396121 7896
0 9 21 26.0036 0.548373 2.57497 0.335277 5964
0 9 22 25.7387 0.641114 2.12367 0.549738 5558
0 9 23 25.1086 0.475867 2.17315 0.406435 8596
0 9 24 26.0333 0.60875 1.73122 0.528737 8372
0 9 25 26.062 0.501072 2.34918 0.467151 5740
0 9 26 26.0814 0.610848 1.86574 0.470036 9842
0 9 27 25.7186 0.500604 2.005 0.436016 6650
0 9 28 25.3462 0.653694 2.07072 0.449202 5432
0 9 29 25.6089 1.0856 1.8252 0.693479 9282
0 9 30 26.0415 0.674917 2.47094 0.264978 7742
0 9 31 25.8221 0.687972 2.0266 0.632217 5292
0 9 32 24.669 0.816657 2.3185 0.395024 5866
0 9 33 25.8501 0.859215 3.25428 0.476995 2800
0 9 34 26.3355 0.549198 2.11112 0.564029 10402
0 9 35 26.2527 0.52347 1.71475 0.490982 5096
0 9 36 30 -2 0 0 1134
0 9 37 25.6994 0.643322 1.88786 0.374382 9282
0 9 38 26.258 0.919693 1.96507 0.553493 5250
0 9 39 25.3699 0.514887 2.10787 0.396829 8344
0 9 40 25.2135 0.599866 2.47258 0.451816 8624
0 9 41 25.9029 0.697542 1.8586 0.360269 5880
0 9 42 25.5639 0.503384 2.33361 0.536105 7658
0 9 43 24.8308 0.539522 2.40462 0.361367 9520
0 9 44 25.1031 0.895527 1.20933 0.650189 6720
0 9 45 24.502 0.656606 2.64355 0.468693 7056
0 9 46 26.1494 0.552662 1.80655 0.583306 10080
0 9 47 26 -2 0 0 728
0 9 48 23.9738 0.693922 2.99292 0.539656 7952
0 9 49 25.1092 0.577118 2.01107 0.701338 8792
0 9 50 26.0171 0.634733 1.75119 0.302948 7308
0 9 51 25.663 0.64202 2.26153 0.415665 10388
0 9 52 25.3709 0.765495 1.31976 0.592976 9044
0 9 53 24.7872 0.503823 2.59681 0.361734 7280
0 9 54 26.1497 0.739414 2.23646 0.320608 7728
0 9 55 24.6896 0.449913 2.2614 0.375311 9506
0 9 56 25.6077 0.558211 1.74777 0.515098 8764
0 9 57 24.7074 0.657058 2.20679 0.355752 9632
0 9 58 24.5157 0.490801 2.08717 0.358301 8512
0 9 59 25.0113 0.631616 1.74865 0.708217 10682
0 9 60 25.0571 0.501041 2.04422 0.478189 7770
0 9 61 25.1994 0.814656 1.98805 0.406263 11886
0 9 62 24.1262 0.612505 1.92022 0.560306 10276
0 9 63 24.5584 0.635082 2.32335 0.565238 9114
0 10 0 26.3397 0.610479 2.55765 0.441068 6118
0 10 1 26.4208 0.473295 1.88074 0.700806 5936
0 10 2 24.7215 0.906594 3.52716 0.306172 5628
0 10 3 26.337 0.464671 1.85831 0.562194 4872
0 10 4 25.5775 0.625249 2.18264 0.508106 4886
0 10 5 27.2509 0.891365 2.87512 0.592666 5362
0 10 6 26.012 0.755108 2.3429 0.402239 5642
0 10 7 26.7573 1.05353 1.82341 0.614865 5026
0 10 8 27.4102 1.49192 5.99832 0.755641 5390
0 10 9 25.5214 0.70415 2.90767 0.53248 5040
0 10 10 26.533 0.93751 2.50469 0.483951 5474
0 10 11 25.8452 0.571431 2.37281 0.542925 4116
0 10 12 26.1432 1.02217 2.24003 0.618487 5250
0 10 13 26.6972 0.721536 3.6388 0.431794 3906
0 10 14 27 -2 0 0 5768
0 10 15 27.4437 0.824869 3.6493 0.463584 3570
0 10 16 26.1633 0.476068 1.83621 0.629262 5810
0 10 17 29 -2 0 0 4242
0 10 18 26.0438 0.980835 2.21532 0.395578 4998
0 10 19 26.3248 0.827611 3.60474 0.363309 3752
0 10 20 27.0302 0.797063 2.83312 0.573935 3920
0 10 21 26.2642 0.605657 2.44793 0.48733 5446
0 10 22 27.049 0.622447 2.60493 0.394533 4606
0 10 23 26.0115 0.754279 3.06079 0.334809 3360
0 10 24 25.9214 0.677387 1.85245 0.473159 5194
0 10 25 27.7768 0.586942 2.4242 0.594888 3150
0 10 26 26.8752 0.756262 3.7818 0.42321 4214
0 10 27 26.9196 0.921105 3.47805 0.429837 3318
0 10 28 26.4389 0.746195 2.32617 0.616302 3612
0 10 29 26.9452 0.567977 1.8459 0.711091 3906
0 10 30 26.3838 0.754175 3.08961 0.425664 3556
0 10 31 27.1655 0.571173 2.06935 0.470546 3710
0 10 32 26.5859 0.623524 2.23001 0.777155 3640
0 10 33 29.2265 10.6031 13.8674 0.689726 3024
0 10 34 26.8475 0.755086 3.21588 0.418271 3976
0 10 35 27.0043 0.945415 3.78572 0.46339 2646
0 10 36 27.3272 0.991324 3.55196 0.642057 2926
0 10 37 26.6079 1.40224 4.27449 0.631012 3192
0 10 38 27.1247 0.584615 2.16246 0.618062 2268
0 10 39 26.355 1.87919 5.58746 0.337245 2380
0 10 40 27.6583 0.694416 2.98192 0.498872 3808
0 10 41 26.974 0.731266 2.58439 0.321823 2772
0 10 42 26.834 0.713745 2.84478 0.414268 2646
0 10 43 24.6695 1.09612 2.59505 0.540225 2996
0 10 44 25.5975 0.741633 2.65778 0.582639 2310
0 10 45 25.5487 0.958857 3.95261 0.429885 2408
0 10 46 26.5141 0.867933 3.44877 0.348669 3556
0 10 47 31.2772 2.14382 7.41203 0.486311 2436
0 10 48 28.0151 1.10085 3.4647 0.721635 2674
0 10 49 25.4623 1.22411 4.40452 0.597699 2520
0 10 50 31.2508 4.22112 11.2816 0.672406 2338
0 10 51 27.2362 0.824388 3.17532 0.408585 2170
0 10 52 28.8695 1.23059 4.12929 0.592834 2198
0 10 53 31.1081 3.14385 9.16048 0.604662 2086
0 10 54 26.1554 0.750731 2.74472 0.627827 2366
0 10 55 28.7159 1.95344 6.2257 0.576753 2156
0 10 56 31 -2 0 0 2478
0 10 57 27 -2 0 0 2394
0 10 58 25.4749 0.838951 3.23032 0.540115 2282
0 10 59 25.1059 0.895378 3.60647 0.503027 2688
0 10 60 27.1721 1.05138 4.16824 0.551923 2268
0 10 61 30.3978 2.10875 7.65217 0.533681 2338
0 10 62 25.2807 0.927965 3.44036 0.583157 2282
0 10 63 27 -2 0 0 2310
0 11 0 26.2025 0.723341 2.3263 0.49313 2450
0 11 1 26.3156 0.872924 3.47039 0.337292 2072
0 11 2 27 -2 0 0 2044
0 11 3 28 -2 0 0 1680
0 11 4 27.1152 1.15743 3.78075 0.434957 2338
0 11 5 26.7273 1.10135 3.77127 0.431886 1946
0 11 6 26.2736 1.20568 3.90665 0.383057 1610
0 11 7 27.2075 1.22217 2.89071 0.498632 1582
0 11 8 26.9678 1.9623 4.57028 0.511437 2086
0 11 9 25.9415 1.78849 5.40111 0.507318 1792
0 11 10 26.6931 1.2013 3.79015 0.486618 1400
0 11 11 25.6951 0.763774 2.57127 0.470494 2520
0 11 12 25.9107 1.2721 3.96949 0.457875 1526
0 11 13 25.084 1.35749 4.07226 0.365883 1498
0 11 14 26.0398 1.40929 5.25294 0.540253 2268
0 11 15 26 -2 0 0 1792
0 11 16 27.7887 0.916538 2.53837 0.4733 1428
0 11 17 25.543 0.696975 2.1816 0.377627 2282
0 11 18 26.9256 0.69023 2.24317 0.505048 2058
0 11 19 26.7104 2.61292 6.31675 0.520968 1484
0 11 20 25.8644 0.675369 2.22443 0.396792 3262
0 11 21 25.3183 1.42698 4.60462 0.363731 1778
0 11 22 29.2192 12.5724 17.5264 0.417783 1134
0 11 23 25.9356 0.816775 3.47686 0.3888 3444
0 11 24 26.9921 0.751278 2.83295 0.549105 2058
0 11 25 30.6914 12.714 20 0.584599 2156
0 11 26 25.1271 1.5531 5.22922 0.66995 2856
0 11 27 26.2186 0.647295 2.58162 0.524111 2506
0 11 28 25.3406 0.567546 1.94781 0.552733 2198
0 11 29 25.604 0.780556 3.31556 0.511075 4074
0 11 30 29 -2 0 0 2226
0 11 31 25.3819 0.51362 1.98443 0.353162 2520
0 11 32 25.1908 0.963065 3.28162 0.359299 2562
0 11 33 27.4542 0.625728 1.92994 0.558608 2646
0 11 34 26.6022 0.886261 2.34627 0.372038 4200
0 11 35 26.3153 0.895921 1.73507 0.44551 2450
0 11 36 26.9611 0.691963 2.80899 0.272503 2618
0 11 37 26.6773 1.06663 2.57206 0.454233 3822
0 11 38 26.2175 0.778926 2.98213 0.310459 3206
0 11 39 25.5859 0.852916 3.37532 0.430997 3864
0 11 40 25.4102 0.824943 3.68875 0.529467 3038
0 11 41 34 -2 0 0 2716
0 11 42 27.4483 0.724446 2.99157 0.385072 3598
0 11 43 24.6392 0.994854 4.31866 0.378602 4298
0 11 44 26.2386 0.839953 2.85154 0.330029 3108
0 11 45 24.4832 0.612852 2.61181 0.35997 3010
0 11 46 25.7882 0.707927 3.06622 0.461105 4830
0 11 47 26.7241 1.03086 4.83653 0.349658 3388
0 11 48 25.8222 0.760669 3.21691 0.494156 2618
0 11 49 25.1071 0.718315 3.09442 0.416515 4004
0 11 50 25.5193 0.705083 1.55747 0.370693 3570
0 11 51 26.2438 0.615825 2.01717 0.433797 5950
0 11 52 25.2318 0.641006 1.94237 0.529644 4900
0 11 53 25.4047 0.634965 2.43738 0.547299 2996
0 11 54 25.3938 0.639849 2.92502 0.282457 4340
0 11 55 25.7451 0.576188 2.01195 0.50404 5250
0 11 56 25.7347 0.593256 1.57603 0.604542 5390
0 11 57 25.1995 0.897978 3.17608 0.424498 5404
0 11 58 24.2897 0.646656 2.82788 0.428899 4354
0 11 59 25.3125 0.947476 2.08441 0.446739 4326
0 11 60 24.5105 0.553596 2.13543 0.443884 4270
0 11 61 24.3035 0.616846 2.57639 0.327024 6720
0 11 62 24.8983 0.842515 2.57942 0.413947 5544
0 11 63 24.591 0.569461 2.15758 0.455717 4074
0 12 0 34.6881 17.8508 20 0.19833 476
0 12 1 27.8024 129.447 20 0.256978 420
0 12 2 32.4398 20.4657 20 0.193478 406
0 12 3 39.5536 24.6715 20 0.267285 266
0 12 4 32.5367 21.2884 19.9999 0.0315992 322
0 12 5 24 -2 0 0 308
0 12 6 38.7608 16.3976 20 0.161427 406
0 12 7 33.5168 20.7828 20 0.0867987 336
0 12 8 26.8811 33.0233 20 0.141803 252
0 12 9 25.7972 22.9406 20 0.222956 532
0 12 10 27 -2 0 0 364
0 12 11 25 -2 0 0 322
0 12 12 35.7142 23.6398 20 0.144548 224
0 12 13 39.2125 22.4039 20 0.140872 252
0 12 14 25 -2 0 0 238
0 12 15 34.3317 20.7752 17.9102 0.150099 280
0 12 16 28 -2 0 0 476
0 12 17 24 -2 0 0 224
0 12 18 27.2451 26.5463 20 0.144194 336
0 12 19 41.2322 18.5954 20 0.235453 252
0 12 20 36.3952 19.1425 20 0.216501 266
0 12 21 36.4701 15.0312 20 0.166474 518
0 12 22 26.7448 -3 0 0 168
0 12 23 29.3822 110.634 12.4971 0.222545 238
0 12 24 30.9346 25.126 20 0.165221 336
0 12 25 30.4929 32.0521 20 0.125782 322
0 12 26 33.7548 17.8676 20 0.0482555 266
0 12 27 26.7448 -3 0 0 168
0 12 28 25 -2 0 0 224
0 12 29 26.7538 41.0964 20 0.299676 294
0 12 30 26.7448 -3 0 0 196
0 12 31 26.2426 37.3722 20 0.226306 392
0 12 32 26.7448 -3 0 0 154
0 12 33 29.9877 13.5573 11.1203 0.298325 308
0 12 34 26 -2 0 0 322
0 12 35 27 -2 0 0 238
0 12 36 25 -2 0 0 224
0 12 37 30 -2 0 0 252
0 12 38 27 -2 0 0 308
0 12 39 26.7448 -3 0 0 140
0 12 40 26.7448 -3 0 0 182
0 12 41 26.7448 -3 0 0 196
0 12 42 25.6745 24.8698 20 0.110954 280
0 12 43 31.0359 26.0247 20 0.161381 252
0 12 44 26.7448 -3 0 0 182
0 12 45 26.7448 -3 0 0 168
0 12 46 26.7448 -3 0 0 112
0 12 47 27.7206 27.5005 20 0.143333 266
0 12 48 29.4584 43.6488 20 0.0886784 224
0 12 49 26.7448 -3 0 0 154
0 12 50 26.7448 -3 0 0 154
0 12 51 35.182 23.2364 20 0.104127 210
0 12 52 35.3771 16.9152 20 0.0887856 350
0 12 53 26.7448 -3 0 0 140
0 12 54 34.9808 20.1322 20 0.134095 280
0 12 55 34.3473 23.3257 20 0.0647023 252
0 12 56 25 -2 0 0 266
0 12 57 30.9199 27.8167 20 0.0626842 238
0 12 58 26.7448 -3 0 0 196
0 12 59 21.8241 133.029 20 0.152231 266
0 12 60 26.7448 -3 0 0 154
0 12 61 33.3591 27.5904 20 0.136649 266
0 12 62 26.7448 -3 0 0 196
0 12 63 25 -2 0 0 266
0 13 0 26.7945 -3 0 0 154
0 13 1 26.7945 -3 0 0 196
0 13 2 26.7945 -3 0 0 140
0 13 3 26.7945 -3 0 0 140
0 13 4 26.7945 -3 0 0 112
0 13 5 28.6694 34.3203 20 0.208174 210
0 13 6 26.7945 -3 0 0 126
0 13 7 26.7945 -3 0 0 154
0 13 8 26.7945 -3 0 0 84
0 13 9 26.7945 -3 0 0 168
0 13 10 26.7945 -3 0 0 196
0 13 11 26.7945 -3 0 0 140
0 13 12 26.7945 -3 0 0 168
0 13 13 26.7945 -3 0 0 196
0 13 14 26.7945 -3 0 0 168
0 13 15 26.7945 -3 0 0 98
0 13 16 26.7945 -3 0 0 126
0 13 17 26.7945 -3 0 0 126
0 13 18 26.7945 -3 0 0 168
0 13 19 26.7945 -3 0 0 182
0 13 20 26.7945 -3 0 0 140
0 13 21 26.7945 -3 0 0 126
0 13 22 26.7945 -3 0 0 140
0 13 23 25 -2 0 0 238
0 13 24 26.7945 -3 0 0 98
0 13 25 26.7945 -3 0 0 154
0 13 26 31.0158 26.8628 20 0.0923395 238
0 13 27 26.7945 -3 0 0 126
0 13 28 26.7945 -3 0 0 154
0 13 29 26.7945 -3 0 0 196
0 13 30 26.7945 -3 0 0 112
0 13 31 26.7945 -3 0 0 126
0 13 32 26.7945 -3 0 0 182
0 13 33 26.7945 -3 0 0 168
0 13 34 26.7945 -3 0 0 126
0 13 35 26.7945 -3 0 0 84
0 13 36 28 -2 0 0 210
0 13 37 26.7945 -3 0 0 196
0 13 38 30.3719 25.2229 20 0.111196 294
0 13 39 37.203 8.0241 11.4738 0.166729 378
0 13 40 26.7945 -3 0 0 84
0 13 41 26.7945 -3 0 0 140
0 13 42 33.7423 9.65145 11.9951 0.211749 364
0 13 43 26.7945 -3 0 0 196
0 13 44 23 -2 0 0 252
0 13 45 26.7945 -3 0 0 196
0 13 46 37.1982 21.1412 20 0.192978 266
0 13 47 28 -2 0 0 266
0 13 48 26.7945 -3 0 0 140
0 13 49 31.4703 33.0329 20 0.138598 210
0 13 50 34.2866 28.6754 17.256 0.122619 252
0 13 51 34.9083 15.6044 20 0.1295 504
0 13 52 27 -2 0 0 210
0 13 53 24.0423 112.746 20 0.138633 294
0 13 54 35 -2 0 0 266
0 13 55 29 -2 0 0 392
0 13 56 26.4262 29.7698 20 0.148857 322
0 13 57 26.7945 -3 0 0 196
0 13 58 27 -2 0 0 252
0 13 59 31.9425 25.6649 20 0.153441 280
0 13 60 30.6565 24.6578 20 0.125146 308
0 13 61 30.5879 18.4713 20 0.140125 378
0 13 62 27.7786 27.1034 20 0.166434 322
0 13 63 24 -2 0 0 238
0 14 0 25.757 -3 0 0 140
0 14 1 25.757 -3 0 0 182
0 14 2 25.757 -3 0 0 126
0 14 3 25.757 -3 0 0 168
0 14 4 25.757 -3 0 0 168
0 14 5 32.531 27.2541 20 0.164835 210
0 14 6 25.757 -3 0 0 182
0 14 7 28.3056 33.7593 19.9998 0.135048 238
0 14 8 25.757 -3 0 0 126
0 14 9 25.757 -3 0 0 98
0 14 10 25.757 -3 0 0 70
0 14 11 25.757 -3 0 0 14
0 14 12 25.757 -3 0 0 126
0 14 13 25.757 -3 0 0 168
0 14 14 25.757 -3 0 0 140
0 14 15 25.757 -3 0 0 154
0 14 16 25.757 -3 0 0 154
0 14 17 25.757 -3 0 0 84
0 14 18 25.757 -3 0 0 154
0 14 19 25.757 -3 0 0 84
0 14 20 25.757 -3 0 0 196
0 14 21 25.757 -3 0 0 154
0 14 22 25.757 -3 0 0 112
0 14 23 25.757 -3 0 0 84
0 14 24 25.757 -3 0 0 112
0 14 25 25.757 -3 0 0 84
0 14 26 25.757 -3 0 0 42
0 14 27 25.757 -3 0 0 140
0 14 28 25.757 -3 0 0 112
0 14 29 25.757 -3 0 0 98
0 14 30 25.757 -3 0 0 182
0 14 31 25.757 -3 0 0 112
0 14 32 25.757 -3 0 0 126
0 14 33 25.757 -3 0 0 126
0 14 34 34.239 25.3971 20 0.174964 252
0 14 35 25.757 -3 0 0 126
0 14 36 25.757 -3 0 0 84
0 14 37 25.757 -3 0 0 70
0 14 38 25.757 -3 0 0 84
0 14 39 25.757 -3 0 0 154
0 14 40 25.757 -3 0 0 98
0 14 41 25.757 -3 0 0 140
0 14 42 25.757 -3 0 0 112
0 14 43 25.757 -3 0 0 98
0 14 44 25.757 -3 0 0 70
0 14 45 25.757 -3 0 0 126
0 14 46 25.757 -3 0 0 112
0 14 47 25.757 -3 0 0 140
0 14 48 25.757 -3 0 0 70
0 14 49 25.757 -3 0 0 70
0 14 50 25.757 -3 0 0 154
0 14 51 25.757 -3 0 0 126
0 14 52 25.757 -3 0 0 154
0 14 53 25.757 -3 0 0 182
0 14 54 25.757 -3 0 0 98
0 14 55 25.757 -3 0 0 56
0 14 56 25.757 -3 0 0 70
0 14 57 25.757 -3 0 0 84
0 14 58 25.757 -3 0 0 84
0 14 59 25.757 -3 0 0 126
0 14 60 25.757 -3 0 0 112
0 14 61 25.757 -3 0 0 56
0 14 62 21.2622 111.596 20 0.184572 252
0 14 63 25.757 -3 0 0 140
0 15 0 26.3266 -3 0 0 112
0 15 1 26.3266 -3 0 0 126
0 15 2 26.3266 -3 0 0 56
0 15 3 0 -10 0 0 0
0 15 4 26.3266 -3 0 0 112
0 15 5 26.3266 -3 0 0 98
0 15 6 26.3266 -3 0 0 42
0 15 7 26.3266 -3 0 0 112
0 15 8 26.3266 -3 0 0 112
0 15 9 0 -10 0 0 0
0 15 10 26.3266 -3 0 0 196
0 15 11 0 -10 0 0 0
0 15 12 26.3266 -3 0 0 28
0 15 13 26.3266 -3 0 0 42
0 15 14 26.3266 -3 0 0 56
0 15 15 26.3266 -3 0 0 42
0 15 16 26.3266 -3 0 0 112
0 15 17 26.3266 -3 0 0 126
0 15 18 26.3266 -3 0 0 140
0 15 19 26.3266 -3 0 0 70
0 15 20 26.3266 -3 0 0 84
0 15 21 26.3266 -3 0 0 168
0 15 22 26.3266 -3 0 0 56
0 15 23 26.3266 -3 0 0 98
0 15 24 26.3266 -3 0 0 84
0 15 25 26.3266 -3 0 0 84
0 15 26 26.3266 -3 0 0 168
0 15 27 26.3266 -3 0 0 126
0 15 28 26.3266 -3 0 0 196
0 15 29 0 -10 0 0 0
0 15 30 26.3266 -3 0 0 84
0 15 31 26.3266 -3 0 0 98
0 15 32 26.3266 -3 0 0 154
0 15 33 26.3266 -3 0 0 98
0 15 34 0 -10 0 0 0
0 15 35 26.3266 -3 0 0 126
0 15 36 26.3266 -3 0 0 70
0 15 37 26.3266 -3 0 0 182
0 15 38 26.3266 -3 0 0 182
0 15 39 26.3266 -3 0 0 168
0 15 40 26.3266 -3 0 0 112
0 15 41 26.3266 -3 0 0 98
0 15 42 0 -10 0 0 0
0 15 43 26.3266 -3 0 0 56
0 15 44 26.3266 -3 0 0 112
0 15 45 26.3266 -3 0 0 56
0 15 46 26.3266 -3 0 0 182
0 15 47 26.3266 -3 0 0 140
0 15 48 0 -10 0 0 0
0 15 49 26.3266 -3 0 0 154
0 15 50 26.3266 -3 0 0 182
0 15 51 26.3266 -3 0 0 70
0 15 52 26.3266 -3 0 0 154
0 15 53 26.3266 -3 0 0 182
0 15 54 26.3266 -3 0 0 182
0 15 55 26.3266 -3 0 0 126
0 15 56 26.3266 -3 0 0 168
0 15 57 26.3266 -3 0 0 182
0 15 58 26.3266 -3 0 0 98
0 15 59 26.3266 -3 0 0 154
0 15 60 26.3266 -3 0 0 140
0 15 61 26.3266 -3 0 0 126
0 15 62 26.3266 -3 0 0 182
0 15 63 26.3266 -3 0 0 112
1 0 0 27.1598 0.708114 2.91861 0.406001 6342
1 0 1 26.9203 1.48388 4.24553 0.505051 3780
1 0 2 28.6276 0.719626 2.44284 0.446377 3360
1 0 3 27.833 1.54272 4.62977 0.315723 2198
1 0 4 32.8973 14.5388 19.9705 0.555205 2842
1 0 5 26.5855 0.747563 2.35695 0.428928 3164
1 0 6 28.0407 0.764665 2.64494 0.417916 3388
1 0 7 27.6056 1.13211 4.41101 0.331164 2184
1 0 8 27.3629 0.793705 1.99033 0.520886 3108
1 0 9 26.9031 0.912118 3.25196 0.544584 2366
1 0 10 28 -2 0 0 2254
1 0 11 29.403 0.958851 3.19218 0.345795 3598
1 0 12 27.9128 0.775539 2.7307 0.476428 2674
1 0 13 27.8278 0.890404 3.22409 0.429446 2044
1 0 14 28.1099 0.938663 2.1896 0.422713 4578
1 0 15 34.4102 7.09882 17.236 0.529566 2520
1 0 16 27.7483 1.17044 3.01227 0.453109 2240
1 0 17 27.8789 0.980177 3.20348 0.304134 3444
1 0 18 27.8339 2.70826 8.63578 0.462991 2604
1 0 19 34.7219 4.73687 10.679 0.529475 2436
1 0 20 28.9011 1.21366 4.01247 0.333432 2856
1 0 21 36.9445 4.34697 12.9644 0.499045 3402
1 0 22 28.3527 1.1891 3.55621 0.390755 1806
1 0 23 32.0774 12.7269 20 0.471067 3360
1 0 24 27.5383 0.793381 3.01146 0.455446 3780
1 0 25 29 -2 0 0 2072
1 0 26 26.4176 1.30801 2.12654 0.51288 4592
1 0 27 29.7585 1.16583 3.6087 0.248009 2296
1 0 28 26.5337 113.931 20 0.379675 1918
1 0 29 27.8012 1.19213 3.62257 0.370664 3934
1 0 30 27.9289 0.684521 2.45828 0.470609 2618
1 0 31 26.3118 1.24318 4.0251 0.418304 2086
1 0 32 26.6391 1.57171 4.19125 0.377458 1848
1 0 33 33.2675 11.671 20 0.418278 2282
1 0 34 27.5393 0.91756 1.99133 0.563238 4606
1 0 35 30.0853 2.37476 6.70996 0.395242 1834
1 0 36 27.2612 0.883231 2.59778 0.462657 2506
1 0 37 0 -10 0 0 0
1 0 38 28 -2 0 0 1960
1 0 39 27.8449 0.858241 3.0046 0.411098 2618
1 0 40 27.6386 1.1245 2.21782 0.359704 3234
1 0 41 30.4929 3.87058 9.89891 0.359369 1722
1 0 42 27.6231 0.925802 3.86515 0.415723 3178
1 0 43 27.2137 0.695725 2.24004 0.41685 3514
1 0 44 28 -2 0 0 2170
1 0 45 27.0901 0.81201 2.1119 0.415295 2100
1 0 46 27.9687 0.775929 3.32424 0.434425 4606
1 0 47 27.1474 0.629045 1.53734 0.498159 1876
1 0 48 27.8496 1.10717 3.95087 0.337823 2660
1 0 49 27.0492 0.845116 3.26642 0.381769 3318
1 0 50 27.5666 1.54468 5.35427 0.446975 2310
1 0 51 27.2521 0.755204 2.79909 0.493158 3948
1 0 52 28.0454 0.729835 2.19449 0.390006 3444
1 0 53 27.5972 1.73886 5.88594 0.322833 1848
1 0 54 26.0715 0.883486 3.47146 0.495636 2716
1 0 55 27.2458 0.909612 2.90482 0.404071 3710
1 0 56 21.6553 19.5317 20 0.587084 2492
1 0 57 27.4071 0.821443 3.4664 0.442573 3108
1 0 58 27.7583 1.64877 6.53112 0.275966 2940
1 0 59 29 -2 0 0 4438
1 0 60 30.72 3.27624 7.92246 0.48143 2534
1 0 61 27.0325 0.781869 2.91277 0.512739 4200
1 0 62 24.148 0.933356 3.59807 0.483362 4774
1 0 63 26.8068 0.637864 2.23017 0.608242 3304
1 1 0 26.631 0.856958 3.22513 0.489877 5894
1 1 1 27.2971 0.863939 4.41747 0.428513 4998
1 1 2 26.4559 0.727502 2.08419 0.462479 6216
1 1 3 27.5065 0.492162 2.28788 0.591859 6972
1 1 4 26.9543 0.638797 2.62971 0.364926 6636
1 1 5 25.0096 0.991805 3.02891 0.363714 6188
1 1 6 25.7381 0.649931 2.33988 0.503466 6818
1 1 7 26.9646 0.601048 2.62829 0.369449 9744
1 1 8 26.1811 0.949942 3.07001 0.49439 5362
1 1 9 26.3297 0.636065 2.91995 0.362659 7196
1 1 10 26.0781 0.660993 2.27786 0.651355 8778
1 1 11 26.7604 0.646634 3.04384 0.412602 5852
1 1 12 27.6092 0.605024 3.24072 0.291274 7420
1 1 13 26.6381 0.64221 2.17405 0.376133 8288
1 1 14 26.4596 0.735822 3.06981 0.532073 4844
1 1 15 25.9798 0.747026 1.82951 0.640743 7882
1 1 16 27.049 0.837881 1.72078 0.419003 9674
1 1 17 26.4893 1.35473 2.37585 0.390504 5138
1 1 18 26.539 0.578596 2.31643 0.293165 6888
1 1 19 27.7154 0.594706 2.41581 0.369871 9072
1 1 20 0 -10 0 0 0
1 1 21 26.561 0.753108 1.65662 0.572897 6804
1 1 22 26.7695 0.807509 2.23923 0.338971 7910
1 1 23 27.207 0.607092 2.48934 0.427319 5292
1 1 24 26.6503 0.728863 2.43561 0.437824 4704
1 1 25 26.1386 0.625843 2.32092 0.397067 9660
1 1 26 33.0954 4.58719 13.8577 0.769317 4592
1 1 27 26.9992 0.62265 2.61826 0.309565 6622
1 1 28 26.6662 0.657825 2.22065 0.411214 8008
1 1 29 27.5279 0.61657 2.58429 0.498332 5054
1 1 30 0 -10 0 0 0
1 1 31 27.7069 0.565172 2.72119 0.47637 10220
1 1 32 26.6423 0.768651 2.03877 0.514666 8512
1 1 33 26.8135 0.703415 2.37028 0.544116 7504
1 1 34 28.2775 0.992147 4.3137 0.660927 4564
1 1 35 0 -10 0 0 0
1 1 36 26.6108 0.668745 2.20494 0.444341 6818
1 1 37 0 -10 0 0 0
1 1 38 0 -10 0 0 0
1 1 39 0 -10 0 0 0
1 1 40 26.2445 0.638304 2.3152 0.50274 6804
1 1 41 0 -10 0 0 0
1 1 42 0 -10 0 0 0
1 1 43 27.2945 0.951603 3.41104 0.4307 5460
1 1 44 0 -10 0 0 0
1 1 45 26.6766 0.658734 2.80183 0.434669 8358
1 1 46 25.8607 0.778663 2.71254 0.463773 5026
1 1 47 0 -10 0 0 0
1 1 48 27.6358 0.637588 1.80093 0.657664 6804
1 1 49 26.5574 0.651115 2.93098 0.488276 5838
1 1 50 26.8441 -3 0 0 42
1 1 51 0 -10 0 0 0
1 1 52 27.0679 0.703266 2.5723 0.381793 5824
1 1 53 0 -10 0 0 0
1 1 54 26.1097 0.714834 2.73058 0.28829 8008
1 1 55 36 -2 0 0 5208
1 1 56 0 -10 0 0 0
1 1 57 32.3 4.13368 12.2339 0.864698 6454
1 1 58 25.6368 0.723754 2.63277 0.61266 6888
1 1 59 26.776 0.816486 3.87699 0.308579 4508
1 1 60 0 -10 0 0 0
1 1 61 25.7201 0.6016 2.36414 0.410317 5264
1 1 62 26.3381 0.854941 2.09738 0.321236 4788
1 1 63 24.0862 1.22258 2.68095 0.470964 5698
1 2 0 24.6625 15.8317 20 0.442449 3668
1 2 1 32.305 8.12708 12.6445 0.401449 2548
1 2 2 30.4583 13.9649 20 0.373792 1988
1 2 3 30.1367 3.23537 7.06917 0.322651 1372
1 2 4 34.5145 10.663 17.4669 0.291188 784
1 2 5 29.4029 4.18884 9.69097 0.393588 1344
1 2 6 31 -2 0 0 1890
1 2 7 23.9089 13.0322 16.4542 0.301597 1372
1 2 8 30.5799 5.05075 11.3147 0.323362 1344
1 2 9 29.7925 1.57768 3.98397 0.348606 1540
1 2 10 32.7711 7.65355 15.1489 0.337614 1316
1 2 11 27.8157 1.92882 4.95768 0.240384 1022
1 2 12 30.1125 16.551 20 0.399947 1176
1 2 13 28 -2 0 0 1246
1 2 14 28.3393 14.8716 20 0.489668 2758
1 2 15 24 -2 0 0 1050
1 2 16 35.3736 9.13566 18.4453 0.347487 1554
1 2 17 31.9428 12.3659 20 0.399214 1456
1 2 18 29.5645 18.6975 15.6642 0.356953 770
1 2 19 32.0737 9.00857 16.5436 0.25112 994
1 2 20 30.6193 6.25857 11.8787 0.301602 1022
1 2 21 29.7711 6.7459 11.7803 0.44947 1456
1 2 22 29 -2 0 0 1232
1 2 23 31.8815 8.01874 15.3891 0.254412 1302
1 2 24 30 -2 0 0 2212
1 2 25 29.827 21.9509 20 0.340848 798
1 2 26 28.1506 2.0965 5.77273 0.316493 1988
1 2 27 26.7751 19.7512 20 0.436334 1120
1 2 28 31 -2 0 0 1162
1 2 29 31.3395 4.22777 9.03371 0.471246 1806
1 2 30 29.0585 6.13135 9.73451 0.453726 714
1 2 31 27 -2 0 0 532
1 2 32 27 -2 0 0 980
1 2 33 26.359 13.0321 12.2722 0.276769 840
1 2 34 28 -2 0 0 1848
1 2 35 26 -2 0 0 518
1 2 36 28.8096 12.5915 15.5705 0.286999 630
1 2 37 0 -10 0 0 0
1 2 38 31.4608 21.8809 20 0.212132 462
1 2 39 32 -2 0 0 490
1 2 40 28.4384 4.24461 8.28342 0.31232 896
1 2 41 34 -2 0 0 560
1 2 42 27.4253 25.5009 20 0.273978 700
1 2 43 29.6064 11.7241 17.3432 0.332822 1442
1 2 44 26 -2 0 0 546
1 2 45 25 -2 0 0 644
1 2 46 30 -2 0 0 1778
1 2 47 29 -2 0 0 546
1 2 48 26.4113 29.2696 18.073 0.214027 532
1 2 49 33.2522 14.8183 20 0.297791 742
1 2 50 35 -2 0 0 476
1 2 51 37 -2 0 0 742
1 2 52 29.4237 4.94447 7.84767 0.405209 770
1 2 53 25 -2 0 0 616
1 2 54 34.0592 17.8873 20 0.240996 546
1 2 55 32.4043 14.8153 19.0675 0.329614 756
1 2 56 28.2639 22.2426 20 0.344387 602
1 2 57 28.7402 12.931 15.6574 0.221258 714
1 2 58 24.7942 105.524 19.831 0.307253 490
1 2 59 36.1163 11.8846 20 0.441378 1148
1 2 60 34 -2 0 0 644
1 2 61 24.6856 21.5564 20 0.176543 826
1 2 62 29.2688 16.0343 20 0.304836 994
1 2 63 23.4704 23.621 20 0.305993 868
1 3 0 26.0092 -3 0 0 2492
1 3 1 27.8234 2.76349 6.76285 0.469145 1414
1 3 2 26.1273 1.53576 4.51548 0.447524 1554
1 3 3 26.6035 1.29598 4.71784 0.415721 1806
1 3 4 27.5063 0.716996 2.72834 0.415381 1820
1 3 5 25.0511 1.1719 3.68719 0.454174 1722
1 3 6 26.0409 1.39088 4.44857 0.374481 1568
1 3 7 25.2981 0.705999 2.56702 0.553628 2674
1 3 8 25.9812 0.761844 2.05045 0.47847 1596
1 3 9 23.6536 1.27824 5.11045 0.384602 1988
1 3 10 25.568 0.590459 2.3306 0.655571 2254
1 3 11 26.8677 1.31379 3.73802 0.443735 1372
1 3 12 26.7305 2.16738 7.41727 0.588099 1960
1 3 13 25.9581 0.629427 2.46179 0.42483 2716
1 3 14 37 -2 0 0 1372
1 3 15 27.525 2.03669 6.56393 0.613169 2226
1 3 16 27.7051 2.98106 7.12767 0.675337 2492
1 3 17 25.2762 1.43644 4.28083 0.479918 1624
1 3 18 25.1999 0.986456 3.45111 0.488506 1708
1 3 19 26.6659 2.03217 7.03579 0.449458 2534
1 3 20 26.7226 1.3543 4.61611 0.522768 2184
1 3 21 27.7232 3.5871 8.61842 0.621541 1736
1 3 22 29.3396 11.2035 19.1081 0.723887 2520
1 3 23 31.5019 6.41567 15.4081 0.511715 1848
1 3 24 28.0214 1.12348 3.39417 0.429383 1582
1 3 25 27.0838 3.09018 9.71624 0.556644 2688
1 3 26 28.0215 0.792254 2.15805 0.536832 1540
1 3 27 24.6278 0.701081 2.73289 0.63632 2632
1 3 28 26.337 0.834621 2.38165 0.484559 2898
1 3 29 26.9671 0.63137 1.93146 0.553308 2016
1 3 30 24.2627 0.578968 2.25425 0.559407 2646
1 3 31 25.1023 0.727542 2.49864 0.418297 4004
1 3 32 26.3752 0.902309 4.13399 0.497544 3430
1 3 33 24.6731 1.20601 2.21569 0.509792 3206
1 3 34 27.1586 1.38671 4.94083 0.331868 1918
1 3 35 26.0553 1.41541 3.29692 0.532197 4760
1 3 36 25.3573 0.851002 3.56265 0.427628 2436
1 3 37 0 -10 0 0 0
1 3 38 25.5604 0.822638 3.88853 0.582819 5698
1 3 39 26.1663 0.940169 2.07471 0.632365 4508
1 3 40 25.1694 0.793017 3.24455 0.451997 2450
1 3 41 26.2327 2.67421 4.24955 0.63283 3458
1 3 42 24.8317 0.95729 3.69109 0.390044 2380
1 3 43 27.0726 2.99468 5.49946 0.59802 1960
1 3 44 27.1434 0.674602 2.10089 0.378281 5166
1 3 45 27.4186 0.793824 2.77239 0.474565 3360
1 3 46 26.2521 1.47041 4.88005 0.47135 2184
1 3 47 24.7543 0.685809 3.36427 0.52192 5838
1 3 48 24.3358 0.906437 3.76101 0.544522 2870
1 3 49 26.1668 1.34748 3.2901 0.502372 2688
1 3 50 26.2459 0.827832 3.84898 0.366202 3584
1 3 51 29.2831 5.78976 13.1793 0.701862 3626
1 3 52 27.0187 1.08762 4.48537 0.334273 2506
1 3 53 26.2353 0.803509 2.68317 0.460143 5236
1 3 54 26.7015 0.778873 3.0071 0.415109 3570
1 3 55 27.0008 0.891894 2.85146 0.455767 3038
1 3 56 24.9713 0.83402 2.42832 0.504137 4228
1 3 57 26.822 0.699269 2.79315 0.462341 3528
1 3 58 26.427 0.877009 3.99075 0.375423 2940
1 3 59 30 -2 0 0 2548
1 3 60 26.4874 0.572295 2.20839 0.418843 5110
1 3 61 25.242 0.707517 2.49336 0.485126 3346
1 3 62 25.4564 0.650497 2.52232 0.519969 2898
1 3 63 25.3545 1.06064 3.88827 0.542828 3402
1 4 0 26.7772 -3 0 0 602
1 4 1 38.4993 25.4918 20 0.0929898 252
1 4 2 30.9128 30.7312 20 0.118033 238
1 4 3 26.7772 -3 0 0 98
1 4 4 26.7772 -3 0 0 112
1 4 5 26.7772 -3 0 0 168
1 4 6 29.1246 10.1334 11.7775 0.111426 252
1 4 7 26.7772 -3 0 0 196
1 4 8 30 -2 0 0 266
1 4 9 62 -2 0 0 224
1 4 10 26.7772 -3 0 0 168
1 4 11 21 -2 0 0 308
1 4 12 26.7772 -3 0 0 182
1 4 13 26.7772 -3 0 0 154
1 4 14 30 -2 0 0 392
1 4 15 26.7772 -3 0 0 168
1 4 16 26.7772 -3 0 0 196
1 4 17 32.3682 26.0961 20 0.126589 252
1 4 18 26.7772 -3 0 0 126
1 4 19 26.7772 -3 0 0 140
1 4 20 26.7772 -3 0 0 154
1 4 21 28.2387 42.0311 20 0.111911 252
1 4 22 26.7772 -3 0 0 154
1 4 23 26.7772 -3 0 0 126
1 4 24 26.7772 -3 0 0 154
1 4 25 26.7772 -3 0 0 84
1 4 26 28 -2 0 0 238
1 4 27 26.7772 -3 0 0 112
1 4 28 26.7772 -3 0 0 154
1 4 29 30.6292 23.3116 17.8491 0.0667849 238
1 4 30 26.7772 -3 0 0 112
1 4 31 26.7772 -3 0 0 56
1 4 32 26.7772 -3 0 0 28
1 4 33 26.7772 -3 0 0 98
1 4 34 26.7772 -3 0 0 182
1 4 35 26.7772 -3 0 0 154
1 4 36 26.7772 -3 0 0 112
1 4 37 0 -10 0 0 0
1 4 38 26.7772 -3 0 0 168
1 4 39 26.7772 -3 0 0 112
1 4 40 26.7772 -3 0 0 140
1 4 41 26.7772 -3 0 0 112
1 4 42 26.7772 -3 0 0 126
1 4 43 26.7772 -3 0 0 154
1 4 44 26.7772 -3 0 0 84
1 4 45 26.7772 -3 0 0 84
1 4 46 33.2151 23.9515 20 0.225468 252
1 4 47 26.7772 -3 0 0 112
1 4 48 26.7772 -3 0 0 126
1 4 49 22 -2 0 0 224
1 4 50 26.7772 -3 0 0 112
1 4 51 26.7772 -3 0 0 182
1 4 52 26.7772 -3 0 0 168
1 4 53 26.7772 -3 0 0 98
1 4 54 26.7772 -3 0 0 84
1 4 55 26.7772 -3 0 0 140
1 4 56 26.7772 -3 0 0 154
1 4 57 26.7772 -3 0 0 112
1 4 58 26.7772 -3 0 0 98
1 4 59 26.7772 -3 0 0 140
1 4 60 26.7772 -3 0 0 126
1 4 61 26.7772 -3 0 0 126
1 4 62 26.7772 -3 0 0 154
1 4 63 26.7772 -3 0 0 140
1 5 0 39.3278 20.2481 20 0.132936 406
1 5 1 26.0252 -3 0 0 182
1 5 2 26.0252 -3 0 0 140
1 5 3 36.9511 20.3327 20 0.138954 308
1 5 4 26.0252 -3 0 0 154
1 5 5 26.0252 -3 0 0 154
1 5 6 26.0252 -3 0 0 84
1 5 7 27.7829 9.46069 10.8971 0.193466 308
1 5 8 26.0252 -3 0 0 98
1 5 9 26.0252 -3 0 0 168
1 5 10 31.9544 31.3441 20 0.053442 224
1 5 11 26.0252 -3 0 0 140
1 5 12 33.2609 20.0148 20 0.105527 238
1 5 13 26.0252 -3 0 0 126
1 5 14 30.312 27.8594 20 0.0720835 238
1 5 15 26.0252 -3 0 0 98
1 5 16 36.803 23.0845 20 0.0392017 238
1 5 17 26.0252 -3 0 0 168
1 5 18 23 -2 0 0 280
1 5 19 26.0252 -3 0 0 364
1 5 20 26.0252 -3 0 0 196
1 5 21 27 -2 0 0 280
1 5 22 26.0252 -3 0 0 196
1 5 23 26.0252 -3 0 0 126
1 5 24 26.0252 -3 0 0 196
1 5 25 37.2494 15.7042 20 0.170076 420
1 5 26 34.213 161.895 20 0.213934 322
1 5 27 36.6929 8.08518 8.50193 0.199053 210
1 5 28 35.5981 19.0764 20 0.0423806 280
1 5 29 31.5388 36.8039 20 0.163369 238
1 5 30 26.0252 -3 0 0 140
1 5 31 27 -2 0 0 476
1 5 32 32.1774 27.5401 19.9998 0.0507947 238
1 5 33 35.449 19.4713 20 0.129584 406
1 5 34 26.0252 -3 0 0 196
1 5 35 32.4498 16.0898 17.8658 0.175188 490
1 5 36 35.1664 19.3607 20 0.0660787 336
1 5 37 0 -10 0 0 0
1 5 38 32.9265 25.6036 20 0.162651 378
1 5 39 28.2557 24.9797 20 0.194183 462
1 5 40 23 -2 0 0 392
1 5 41 26 -2 0 0 364
1 5 42 24 -2 0 0 266
1 5 43 42.5045 17.9157 20 0.140656 308
1 5 44 31.9405 14.2851 15.2982 0.141573 308
1 5 45 26.0252 -3 0 0 168
1 5 46 34.1514 28.4592 20 0.180038 238
1 5 47 35.1372 13.1341 20 0.27981 714
1 5 48 33.1265 23.7596 20 0.151997 322
1 5 49 26 -2 0 0 210
1 5 50 24 -2 0 0 266
1 5 51 25 -2 0 0 252
1 5 52 35.1604 18.2763 20 0.14593 322
1 5 53 31.3021 24.6048 20 0.315734 434
1 5 54 26.8799 27.6678 20 0.263917 364
1 5 55 26 -2 0 0 252
1 5 56 29.4975 193.186 20 0.228686 434
1 5 57 31.3276 20.9536 20 0.147984 434
1 5 58 31.2309 23.7906 20 0.0845172 238
1 5 59 25 -2 0 0 294
1 5 60 30.1169 22.6415 20 0.142941 448
1 5 61 28.9632 29.9161 20 0.184794 364
1 5 62 30.4021 29.9319 20 0.162976 294
1 5 63 29.3832 23.8826 20 0.173158 294
1 6 0 32.089 25.5148 20 0.115013 364
1 6 1 26.3161 -3 0 0 112
1 6 2 26.3161 -3 0 0 140
1 6 3 26.3161 -3 0 0 84
1 6 4 26.3161 -3 0 0 42
1 6 5 26.3161 -3 0 0 140
1 6 6 26.3161 -3 0 0 84
1 6 7 26.3161 -3 0 0 42
1 6 8 26.3161 -3 0 0 154
1 6 9 26.3161 -3 0 0 182
1 6 10 26.3161 -3 0 0 98
1 6 11 26.3161 -3 0 0 70
1 6 12 26.3161 -3 0 0 112
1 6 13 26.3161 -3 0 0 84
1 6 14 26.3161 -3 0 0 168
1 6 15 26.3161 -3 0 0 14
1 6 16 26.3161 -3 0 0 126
1 6 17 26.3161 -3 0 0 112
1 6 18 26.3161 -3 0 0 70
1 6 19 26.3161 -3 0 0 56
1 6 20 26.3161 -3 0 0 70
1 6 21 26.3161 -3 0 0 112
1 6 22 26.3161 -3 0 0 112
1 6 23 26.3161 -3 0 0 70
1 6 24 26.3161 -3 0 0 154
1 6 25 26.3161 -3 0 0 98
1 6 26 26.3161 -3 0 0 56
1 6 27 26.3161 -3 0 0 98
1 6 28 26.3161 -3 0 0 84
1 6 29 26.3161 -3 0 0 70
1 6 30 26.3161 -3 0 0 70
1 6 31 26.3161 -3 0 0 28
1 6 32 26.3161 -3 0 0 84
1 6 33 26.3161 -3 0 0 42
1 6 34 26.3161 -3 0 0 84
1 6 35 26.3161 -3 0 0 70
1 6 36 26.3161 -3 0 0 42
1 6 37 0 -10 0 0 0
1 6 38 26.3161 -3 0 0 14
1 6 39 26.3161 -3 0 0 112
1 6 40 26.3161 -3 0 0 28
1 6 41 26.3161 -3 0 0 70
1 6 42 26.3161 -3 0 0 84
1 6 43 26.3161 -3 0 0 112
1 6 44 26.3161 -3 0 0 28
1 6 45 26.3161 -3 0 0 98
1 6 46 26.3161 -3 0 0 98
1 6 47 26.3161 -3 0 0 112
1 6 48 26.3161 -3 0 0 112
1 6 49 26.3161 -3 0 0 126
1 6 50 26.3161 -3 0 0 70
1 6 51 26.3161 -3 0 0 56
1 6 52 26.3161 -3 0 0 70
1 6 53 26.3161 -3 0 0 70
1 6 54 26.3161 -3 0 0 84
1 6 55 26.3161 -3 0 0 70
1 6 56 26.3161 -3 0 0 56
1 6 57 26.3161 -3 0 0 140
1 6 58 26.3161 -3 0 0 84
1 6 59 26.3161 -3 0 0 28
1 6 60 26.3161 -3 0 0 98
1 6 61 26.3161 -3 0 0 84
1 6 62 26.3161 -3 0 0 112
1 6 63 26.3161 -3 0 0 126
1 7 0 26.5914 -3 0 0 154
1 7 1 26.5914 -3 0 0 56
1 7 2 26.5914 -3 0 0 126
1 7 3 26.5914 -3 0 0 112
1 7 4 26.5914 -3 0 0 98
1 7 5 26.5914 -3 0 0 182
1 7 6 26.5914 -3 0 0 112
1 7 7 26.5914 -3 0 0 154
1 7 8 26.5914 -3 0 0 98
1 7 9 26.5914 -3 0 0 126
1 7 10 26.5914 -3 0 0 56
1 7 11 26.5914 -3 0 0 84
1 7 12 26.5914 -3 0 0 70
1 7 13 26.5914 -3 0 0 168
1 7 14 26.5914 -3 0 0 56
1 7 15 26.5914 -3 0 0 70
1 7 16 26.5914 -3 0 0 196
1 7 17 26.5914 -3 0 0 56
1 7 18 26.5914 -3 0 0 42
1 7 19 26.5914 -3 0 0 126
1 7 20 26.5914 -3 0 0 112
1 7 21 26.5914 -3 0 0 196
1 7 22 26.5914 -3 0 0 182
1 7 23 26.5914 -3 0 0 112
1 7 24 26.5914 -3 0 0 56
1 7 25 26.5914 -3 0 0 98
1 7 26 26.5914 -3 0 0 84
1 7 27 26.5914 -3 0 0 56
1 7 28 26.5914 -3 0 0 126
1 7 29 26.5914 -3 0 0 56
1 7 30 26.5914 -3 0 0 28
1 7 31 26.5914 -3 0 0 196
1 7 32 26.5914 -3 0 0 126
1 7 33 26.5914 -3 0 0 196
1 7 34 26.5914 -3 0 0 112
1 7 35 26.5914 -3 0 0 168
1 7 36 26.5914 -3 0 0 154
1 7 37 0 -10 0 0 0
1 7 38 29.7877 36.505 20 0.114012 238
1 7 39 29 -2 0 0 224
1 7 40 26.5914 -3 0 0 98
1 7 41 26.5914 -3 0 0 70
1 7 42 26.5914 -3 0 0 112
1 7 43 26.5914 -3 0 0 42
1 7 44 26.5914 -3 0 0 140
1 7 45 26.5914 -3 0 0 112
1 7 46 26.5914 -3 0 0 56
1 7 47 26 -2 0 0 294
1 7 48 26.5914 -3 0 0 98
1 7 49 26.5914 -3 0 0 70
1 7 50 26.5914 -3 0 0 84
1 7 51 26.5914 -3 0 0 140
1 7 52 26.5914 -3 0 0 84
1 7 53 38.6659 22.1445 20 0.139179 210
1 7 54 26.5914 -3 0 0 112
1 7 55 26.5914 -3 0 0 98
1 7 56 26.5914 -3 0 0 112
1 7 57 26.5914 -3 0 0 182
1 7 58 26.5914 -3 0 0 84
1 7 59 26.5914 -3 0 0 126
1 7 60 26.5914 -3 0 0 154
1 7 61 24 -2 0 0 252
1 7 62 26.5914 -3 0 0 112
1 7 63 26.5914 -3 0 0 112
1 8 0 26.9004 0.517918 1.92154 0.585134 12264
1 8 1 25.2383 0.94552 2.65616 0.463237 10108
1 8 2 26.0812 0.656979 2.65296 0.529965 11494
1 8 3 26.8093 0.509745 2.65895 0.335056 10486
1 8 4 27.8835 0.64106 2.70773 0.368135 11144
1 8 5 25.8952 0.789314 2.54499 0.415686 10248
1 8 6 26.5252 0.482595 2.04903 0.454204 10794
1 8 7 26.2784 0.548032 2.1453 0.463309 10360
1 8 8 25.9594 0.720017 2.29426 0.633152 10640
1 8 9 26.4008 0.634292 2.60673 0.543377 11830
1 8 10 27.2299 0.563175 2.38148 0.373446 10822
1 8 11 26.7365 0.435042 2.63703 0.354583 10766
1 8 12 25.7583 0.635327 2.95282 0.325096 10808
1 8 13 26.819 0.499485 2.67905 0.308504 10444
1 8 14 26.7571 0.52156 1.89024 0.537884 10892
1 8 15 32 -2 0 0 10500
1 8 16 25.6359 0.770443 2.34612 0.449103 11284
1 8 17 25.0719 0.768688 2.3516 0.525455 10696
1 8 18 25.8002 0.608312 1.88849 0.583849 9982
1 8 19 26.7664 0.512071 2.36125 0.446465 10766
1 8 20 25.7419 0.7097 2.96334 0.39853 15652
1 8 21 27.8276 0.62221 2.37342 0.39451 10346
1 8 22 27.0497 0.485065 1.99248 0.465418 9982
1 8 23 25.9308 0.56146 1.98987 0.668129 10976
1 8 24 24.4153 0.536839 2.58378 0.324156 10206
1 8 25 26.7538 0.810274 2.48764 0.536981 10024
1 8 26 26.7908 0.549435 2.05763 0.52271 10514
1 8 27 25.8172 0.531793 2.76226 0.287079 9324
1 8 28 27.1447 0.522804 2.35593 0.417421 10094
1 8 29 26.6977 0.632982 2.84045 0.301724 10416
1 8 30 25.9869 0.520648 2.04156 0.485034 10360
1 8 31 26.3527 0.532838 2.64044 0.442299 10486
1 8 32 26.3805 0.47753 2.64021 0.375968 9912
1 8 33 27.3872 0.728073 2.53609 0.455658 10066
1 8 34 27.5401 0.571963 3.10618 0.461279 10766
1 8 35 25.0233 0.735038 1.93763 0.794858 9800
1 8 36 30 -2 0 0 10668
1 8 37 0 -10 0 0 0
1 8 38 26.7648 0.522658 2.33106 0.493834 10304
1 8 39 25.3535 0.753064 2.34008 0.49898 10710
1 8 40 26.2398 -3 0 0 28
1 8 41 26.4565 0.588628 1.61486 0.665146 10052
1 8 42 26.6753 0.459698 2.35132 0.390466 9618
1 8 43 25.0024 0.590109 3.03329 0.312259 10430
1 8 44 25.1963 0.507283 2.2526 0.667894 9268
1 8 45 25.4411 0.708364 2.26048 0.564969 9842
1 8 46 25.8306 0.425213 2.56707 0.664098 10136
1 8 47 25.6254 0.431877 2.70325 0.454413 10290
1 8 48 26.1057 0.497988 2.39396 0.431577 9996
1 8 49 27.9647 0.557008 2.47169 0.448332 10962
1 8 50 26.2367 0.611085 2.21919 0.453441 10528
1 8 51 23.631 0.434626 2.02894 0.566506 8666
1 8 52 26.7136 0.546188 2.49345 0.382634 10584
1 8 53 25.9783 0.556844 2.43547 0.464328 8890
1 8 54 24.4098 0.604095 2.53306 0.354295 10752
1 8 55 24.5151 0.653906 2.96333 0.391623 10402
1 8 56 26.5233 0.591853 2.55295 0.387002 10234
1 8 57 30 -2 0 0 10360
1 8 58 25.5249 0.501281 1.81239 0.489925 10402
1 8 59 24.8738 0.521946 3.03196 0.275573 9772
1 8 60 24.746 0.704185 2.28129 0.392268 10444
1 8 61 24.5584 0.806503 3.92143 0.395511 11256
1 8 62 25.857 0.711652 2.90663 0.431553 10248
1 8 63 24.1461 0.771224 1.99103 0.776927 9996
1 9 0 25.0739 0.516514 2.60292 0.439961 11760
1 9 1 26.22 0.823771 3.16644 0.347199 10430
1 9 2 24.3234 0.665266 1.67885 0.400215 8596
1 9 3 24.6882 0.810938 2.09593 0.544149 6314
1 9 4 23.4519 0.553235 1.94285 0.633455 8050
1 9 5 23.5267 0.452196 2.03256 0.564706 8106
1 9 6 22.545 0.599182 2.55379 0.644461 7224
1 9 7 25.7429 0.737503 2.8066 0.423288 5418
1 9 8 24.7316 0.528236 2.28829 0.331446 8610
1 9 9 24.1393 0.73952 2.35995 0.352324 7126
1 9 10 23.4052 0.578531 1.5219 0.665738 5782
1 9 11 23.8423 0.454447 1.67897 0.52671 8554
1 9 12 23.5615 0.746465 1.70117 0.478927 7308
1 9 13 33 -2 0 0 5712
1 9 14 26.3736 0.828254 2.41399 0.378718 10752
1 9 15 22.8785 0.416625 1.97831 0.526644 6482
1 9 16 25.6419 0.580753 2.1624 0.769616 5768
1 9 17 24.5626 0.476245 2.04981 0.391085 9576
1 9 18 22.4706 1.01701 2.73142 0.485943 7308
1 9 19 23.4321 0.822831 4.0119 0.49057 4956
1 9 20 20.8475 0.584975 1.94697 0.552213 9128
1 9 21 23.227 0.446308 2.09825 0.460712 7140
1 9 22 22.527 0.525253 1.78407 0.620095 5432
1 9 23 26.8047 0.767963 1.80153 0.588898 9114
1 9 24 23.3708 0.847211 2.69132 0.513373 9044
1 9 25 22.1513 0.693033 3.18662 0.382202 4956
1 9 26 23.3323 0.867281 2.28208 0.581043 10108
1 9 27 24.4338 0.823822 2.41631 0.292177 6790
1 9 28 23.8546 0.503714 2.16683 0.432089 6608
1 9 29 25.6824 0.485876 2.33924 0.385979 8750
1 9 30 24.2438 -3 0 0 126
1 9 31 23.125 0.675788 1.88862 0.597226 5292
1 9 32 22.8882 0.592147 1.93177 0.449371 6244
1 9 33 23.0943 0.620754 2.15074 0.479239 6398
1 9 34 24.7717 0.592047 2.20135 0.245732 9856
1 9 35 22.4326 0.646947 1.97106 0.462621 5124
1 9 36 24.8869 0.873932 2.2807 0.435972 6888
1 9 37 0 -10 0 0 0
1 9 38 26.8527 0.769013 1.88403 0.559162 4704
1 9 39 24.2438 -3 0 0 196
1 9 40 23.3003 2.35508 2.40023 0.576724 8260
1 9 41 24.115 0.517829 1.9433 0.441032 5978
1 9 42 24.7899 0.600369 1.85673 0.502036 7882
1 9 43 24.3598 0.701266 2.14626 0.416922 9618
1 9 44 23.4492 0.542121 1.87225 0.465698 5894
1 9 45 24.008 0.579557 2.43072 0.41432 6552
1 9 46 24.0669 0.569391 2.72405 0.401199 10318
1 9 47 23.9847 0.853745 2.39025 0.441644 4900
1 9 48 22.8571 0.698187 2.59167 0.444406 7532
1 9 49 27.1808 0.70556 2.15907 0.357404 8974
1 9 50 24.1822 0.557278 2.17775 0.631995 6062
1 9 51 24.333 0.809115 1.8482 0.473506 9352
1 9 52 24.8608 0.724939 1.6975 0.555792 9716
1 9 53 25.4128 0.926328 2.28458 0.477702 5908
1 9 54 23.4785 0.596707 2.79422 0.392381 7462
1 9 55 25.3148 0.572348 2.42508 0.366403 8960
1 9 56 24.8381 0.665502 1.97674 0.414288 11074
1 9 57 23.1419 0.70178 2.0494 0.328601 9534
1 9 58 23.725 0.691781 2.04643 0.617615 8092
1 9 59 24.3499 0.619098 1.68519 0.477178 10570
1 9 60 25.6169 0.639446 2.69966 0.379755 7350
1 9 61 22.9467 0.684274 1.39964 0.743194 10402
1 9 62 24.5625 0.571803 2.45555 0.383841 9786
1 9 63 22.2693 0.744269 1.5297 0.8246 8680
1 10 0 26.5621 0.849502 2.89096 0.63799 11130
1 10 1 25.1848 0.586334 1.93795 0.557156 9002
1 10 2 25.0397 0.625626 2.7128 0.534323 8176
1 10 3 25.1688 0.634932 2.82662 0.381903 7112
1 10 4 24.2183 0.760873 2.96729 0.378031 6608
1 10 5 25.3249 0.670908 1.68016 0.665773 8246
1 10 6 25.4594 0.583954 2.25747 0.400518 8386
1 10 7 25.5209 0.766952 2.67473 0.515014 8162
1 10 8 24.9857 0.642788 1.3512 0.682357 7938
1 10 9 24.8797 0.572379 1.78758 0.610332 8904
1 10 10 25.1087 0.848165 1.9018 0.612998 8456
1 10 11 24.218 0.834448 2.46267 0.298472 7294
1 10 12 25.2232 0.501319 2.27495 0.524546 7476
1 10 13 25.8741 0.64977 1.78776 0.558191 6790
1 10 14 27.7234 0.508516 2.21372 0.564824 7896
1 10 15 23.4544 0.566445 2.47323 0.539206 6678
1 10 16 26.8721 0.549177 2.11718 0.628221 9086
1 10 17 24.7737 0.624562 3.02522 0.435733 6244
1 10 18 24.4665 0.623254 2.39851 0.44615 6496
1 10 19 24.3439 0.686516 2.03032 0.580845 6944
1 10 20 27.8747 0.604606 3.39587 0.353749 6818
1 10 21 25.4035 0.678452 2.26977 0.429048 9114
1 10 22 26.5815 0.703272 2.11291 0.375728 8358
1 10 23 24.2072 0.55763 2.5583 0.408741 6944
1 10 24 25.3067 0.520538 1.71388 0.583031 7014
1 10 25 26.2794 0.546408 3.01529 0.371581 6524
1 10 26 28.1744 0.646738 1.80958 0.624704 7462
1 10 27 28 -2 0 0 5838
1 10 28 24.81 0.632118 2.4441 0.649762 6342
1 10 29 24.248 0.588153 2.49327 0.464813 6776
1 10 30 25.7669 0.554089 2.05757 0.54265 6272
1 10 31 24.7223 0.541813 2.63164 0.58416 5432
1 10 32 24.4051 0.551406 1.87857 0.452575 5796
1 10 33 25.3941 0.870538 2.08901 0.455116 5390
1 10 34 25.4153 0.719293 2.17492 0.40492 6748
1 10 35 26.4591 0.683653 2.95406 0.465875 5376
1 10 36 25.752 0.653741 1.86904 0.4766 6972
1 10 37 0 -10 0 0 0
1 10 38 25.1973 0.839472 3.12196 0.649641 4718
1 10 39 25.707 0.568806 2.87652 0.476182 4354
1 10 40 25.8542 0.521874 2.26263 0.359737 6776
1 10 41 23.4456 0.587526 2.25623 0.57355 5250
1 10 42 23.805 0.785254 2.28051 0.455172 5432
1 10 43 23.9057 0.619229 2.53341 0.472217 6398
1 10 44 23.9129 0.641214 2.15325 0.551786 5068
1 10 45 23.7163 0.528025 2.04429 0.427451 4536
1 10 46 25.4683 0.689634 2.25738 0.467277 6342
1 10 47 25.7735 0.635914 2.47162 0.5147 4900
1 10 48 23.6268 0.658031 3.54616 0.272567 5054
1 10 49 26.7474 0.736415 2.40792 0.384586 5096
1 10 50 35 -2 0 0 4326
1 10 51 25.1835 0.862454 2.2586 0.523171 4158
1 10 52 24.6316 0.596091 2.63723 0.456028 5250
1 10 53 33 -2 0 0 4172
1 10 54 24.9298 0.631017 1.69515 0.65885 4298
1 10 55 25.6288 0.640974 3.03441 0.344211 4536
1 10 56 24.9314 2.69783 10.7058 0.860421 4228
1 10 57 24.1104 0.702244 2.07927 0.503984 4522
1 10 58 23.3167 0.69252 2.50215 0.435902 4606
1 10 59 24.1205 0.5488 2.67113 0.560947 4858
1 10 60 26.6615 0.627931 3.18768 0.74996 4746
1 10 61 25.5285 0.723547 3.7259 0.448299 4634
1 10 62 23.8334 0.856 2.36723 0.45904 5222
1 10 63 29 -2 0 0 4648
1 11 0 25.5945 -3 0 0 6328
1 11 1 25.9714 0.929171 3.29902 0.651818 4480
1 11 2 25.0058 0.892406 2.38352 0.436784 3724
1 11 3 25.6901 0.768647 3.0368 0.537773 3164
1 11 4 23.9812 0.500013 1.93173 0.469444 3976
1 11 5 25.1829 0.584401 2.36264 0.44195 3752
1 11 6 25.2702 0.988597 3.45079 0.444357 3668
1 11 7 23.7655 0.670619 2.57846 0.486873 2912
1 11 8 25.1284 0.520567 2.32041 0.49034 4480
1 11 9 26.5481 0.705858 2.72016 0.421224 2884
1 11 10 28.1609 0.703192 2.87294 0.385281 2338
1 11 11 25.2309 0.537085 2.27807 0.410252 4830
1 11 12 24.2538 0.934766 3.55527 0.712216 3024
1 11 13 23.9121 0.638464 2.62663 0.377915 2758
1 11 14 25.2526 0.673251 3.19562 0.526002 5670
1 11 15 24.8463 0.757977 2.48605 0.491921 3360
1 11 16 28.5498 1.75586 6.24752 0.60475 2576
1 11 17 24.6435 0.878273 1.30622 0.574402 4928
1 11 18 24.1837 1.16003 1.97004 0.514274 3584
1 11 19 25.2274 1.27898 4.05158 0.497374 2436
1 11 20 24.7031 0.841689 2.44747 0.536384 4662
1 11 21 25.3395 2.37764 8.04958 0.566449 3234
1 11 22 28.0194 0.697485 2.69078 0.60437 3276
1 11 23 26.2368 0.623623 1.9087 0.62616 5978
1 11 24 24.3602 0.549198 1.53399 0.53334 4900
1 11 25 26.8561 0.651504 2.83945 0.66195 3444
1 11 26 24.0847 0.527381 2.05045 0.442486 5740
1 11 27 24.3264 0.80341 1.78487 0.636014 3864
1 11 28 24.8868 0.706962 2.67274 0.397708 3108
1 11 29 25.2146 0.593152 2.22255 0.432214 5908
1 11 30 24.482 0.64457 2.88207 0.408509 3612
1 11 31 27.9541 0.78407 3.87514 0.355405 3752
1 11 32 26.423 0.683248 1.73824 0.469979 3374
1 11 33 24.4676 0.780995 1.9445 0.583658 4270
1 11 34 25.9408 0.602128 2.34005 0.361301 5334
1 11 35 27.9426 0.720451 2.56405 0.44062 3374
1 11 36 25.1323 0.570295 2.64446 0.420652 4844
1 11 37 0 -10 0 0 0
1 11 38 28.2114 0.685526 2.95848 0.444612 3976
1 11 39 24.9389 0.695014 3.03666 0.372776 6286
1 11 40 26.4985 0.808443 3.30146 0.417756 5432
1 11 41 23.2371 0.609574 2.59954 0.409071 3402
1 11 42 24.939 0.761662 3.05737 0.468586 5586
1 11 43 23.4361 0.999471 3.33051 0.476314 6468
1 11 44 30 -2 0 0 4256
1 11 45 24.6282 0.57239 2.01069 0.543516 4578
1 11 46 24.5772 0.659155 3.19047 0.541228 6650
1 11 47 24.5252 0.508858 1.9798 0.641796 3836
1 11 48 25.1679 0.589075 2.3564 0.45037 3878
1 11 49 24.5765 0.6645 2.47906 0.424319 6118
1 11 50 24.274 0.599315 2.05896 0.633542 4830
1 11 51 25.908 0.807436 2.83021 0.396492 7882
1 11 52 26.7484 0.947677 2.56178 0.404445 6888
1 11 53 24.7464 0.817953 1.73464 0.557002 4480
1 11 54 24.6648 0.600465 2.82985 0.429126 5432
1 11 55 26.2218 0.647686 1.8744 0.393306 6314
1 11 56 25.5362 0.623291 1.81392 0.518896 6524
1 11 57 24.9848 0.629217 2.63721 0.503701 7588
1 11 58 25.1407 0.868125 1.76675 0.677048 5796
1 11 59 25.1909 0.987009 2.12941 0.480656 7714
1 11 60 24.2635 0.614503 2.35745 0.4736 5866
1 11 61 25.0177 0.668009 3.0041 0.497778 8722
1 11 62 26.1707 0.715433 3.39502 0.370744 8316
1 11 63 26.3774 0.785508 2.9213 0.398753 6762
1 12 0 37.2635 7.05454 14.6607 0.329452 1092
1 12 1 33.398 10.8679 17.966 0.252328 840
1 12 2 32 -2 0 0 616
1 12 3 26 -2 0 0 700
1 12 4 25.2963 -3 0 0 406
1 12 5 23 -2 0 0 588
1 12 6 19.2927 36.5047 20 0.299392 728
1 12 7 24 -2 0 0 686
1 12 8 27.9354 23.6667 20 0.306001 490
1 12 9 31.0952 19.2848 20 0.37746 588
1 12 10 32.6609 15.7522 20 0.273679 770
1 12 11 31.452 18.0769 20 0.229264 434
1 12 12 34.8094 14.95 19.9999 0.269905 588
1 12 13 33 -2 0 0 406
1 12 14 27.5515 4.41998 8.61938 0.224169 700
1 12 15 31.8157 15.7299 20 0.191569 532
1 12 16 27.2088 15.9176 20 0.311823 770
1 12 17 32.8056 8.42056 15.0996 0.213074 420
1 12 18 24.9888 3.3582 5.07028 0.0969514 448
1 12 19 28 -2 0 0 518
1 12 20 24.8208 32.8014 20 0.197221 364
1 12 21 30.9977 8.25549 10.9828 0.28072 784
1 12 22 22 -2 0 0 490
1 12 23 25.7045 34.9045 20 0.285225 378
1 12 24 34.5677 20.0777 20 0.276563 490
1 12 25 23 -2 0 0 308
1 12 26 28.7361 12.3849 13.9886 0.241652 434
1 12 27 22 -2 0 0 364
1 12 28 32.418 26.3526 17.8935 0.211432 350
1 12 29 31.5937 18.0401 20 0.238897 504
1 12 30 21 -2 0 0 280
1 12 31 33.142 24.6889 20 0.216148 364
1 12 32 29.3058 5.06911 8.37153 0.147724 364
1 12 33 23.5171 109.122 20 0.141546 294
1 12 34 27 -2 0 0 448
1 12 35 28 -2 0 0 322
1 12 36 29.0689 25.8513 20 0.206758 252
1 12 37 0 -10 0 0 0
1 12 38 33.3142 21.2397 20 0.171125 392
1 12 39 28 -2 0 0 364
1 12 40 30.8765 23.6374 20 0.179002 420
1 12 41 19 -2 0 0 238
1 12 42 37.6155 16.0982 20 0.122154 308
1 12 43 25 -2 0 0 378
1 12 44 28 -2 0 0 280
1 12 45 25.4817 41.6846 20 0.262336 252
1 12 46 30.3656 26.5155 20 0.158259 350
1 12 47 23 -2 0 0 238
1 12 48 25.2963 -3 0 0 196
1 12 49 25.8476 32.6768 20 0.138095 266
1 12 50 34.8203 24.5772 20 0.110396 238
1 12 51 34.6741 16.7956 20 0.182044 476
1 12 52 25 -2 0 0 392
1 12 53 52 -2 0 0 266
1 12 54 32.6175 21.6902 20 0.137498 322
1 12 55 27.3489 28.6773 20 0.230997 280
1 12 56 24 -2 0 0 308
1 12 57 26 -2 0 0 322
1 12 58 0 -10 0 0 0
1 12 59 25.2963 -3 0 0 196
1 12 60 26 -2 0 0 238
1 12 61 24 -2 0 0 266
1 12 62 27.544 23.0074 20 0.13537 308
1 12 63 27.6871 25.8188 20 0.271009 406
1 13 0 32.3937 25.9233 20 0.212815 462
1 13 1 31.7118 29.0082 20 0.198172 224
1 13 2 36.2073 16.7979 20 0.039326 280
1 13 3 22 -2 0 0 266
1 13 4 20 -2 0 0 280
1 13 5 24.8363 -3 0 0 182
1 13 6 24.8363 -3 0 0 112
1 13 7 48 -2 0 0 238
1 13 8 34.5922 16.7816 17.7655 0.152993 210
1 13 9 24.8363 -3 0 0 154
1 13 10 24.8363 -3 0 0 154
1 13 11 25.2175 28.7311 14.5149 0.214661 280
1 13 12 24.8363 -3 0 0 196
1 13 13 24.8363 -3 0 0 196
1 13 14 32.468 33.4259 20 0.284923 336
1 13 15 25.253 33.6692 19.9999 0.196149 238
1 13 16 27 -2 0 0 224
1 13 17 20 -2 0 0 210
1 13 18 24.8363 -3 0 0 196
1 13 19 24.8363 -3 0 0 168
1 13 20 23 -2 0 0 280
1 13 21 25 -2 0 0 252
1 13 22 24.8363 -3 0 0 140
1 13 23 30.6382 22.6603 19.9999 0.140487 364
1 13 24 30.708 25.3652 20 0.18288 266
1 13 25 36.3752 22.9674 20 0.0815034 210
1 13 26 27.9832 10.1577 2.70152 0.173408 294
1 13 27 24 -2 0 0 224
1 13 28 18 -2 0 0 266
1 13 29 23.6759 24.7987 19.9999 0.199277 448
1 13 30 24.8363 -3 0 0 168
1 13 31 19 -2 0 0 280
1 13 32 24.8363 -3 0 0 126
1 13 33 29.8947 27.0134 20 0.124978 210
1 13 34 34 -2 0 0 406
1 13 35 29.7583 12.6965 11.7497 0.30545 252
1 13 36 25.552 10.9 11.2737 0.303856 434
1 13 37 0 -10 0 0 0
1 13 38 32.9108 23.3523 20 0.181286 364
1 13 39 33.1613 18.6774 20 0.174307 588
1 13 40 27.4735 12.7996 12.0981 0.21771 280
1 13 41 31.3503 11.4914 13.9171 0.31864 336
1 13 42 25 -2 0 0 252
1 13 43 23 -2 0 0 322
1 13 44 24.8363 -3 0 0 196
1 13 45 24.3675 106.247 20 0.200723 364
1 13 46 24 -2 0 0 350
1 13 47 32.0973 9.92909 13.0489 0.20882 322
1 13 48 29.5796 23.6984 20 0.177564 350
1 13 49 29.2447 22.9878 19.9901 0.157112 280
1 13 50 20 -2 0 0 406
1 13 51 32.9703 14.4696 20 0.229338 742
1 13 52 22 -2 0 0 350
1 13 53 33.1343 23.1176 20 0.169224 364
1 13 54 31.7357 32.1363 20 0.259975 294
1 13 55 26.3434 22.9783 20 0.186334 532
1 13 56 27.9335 14.0663 15.7492 0.238314 644
1 13 57 25.8579 23.4805 20 0.268475 798
1 13 58 30.2043 26.847 20 0.197381 294
1 13 59 24 -2 0 0 434
1 13 60 26.0083 25.5469 20 0.31917 602
1 13 61 28.0057 17.5585 20 0.287561 798
1 13 62 31.7976 13.7295 20 0.133616 616
1 13 63 28 -2 0 0 420
1 14 0 29.6369 31.2384 20 0.14385 322
1 14 1 33.2513 36.4139 19.9998 0.0909722 210
1 14 2 25.7796 -3 0 0 182
1 14 3 25.7796 -3 0 0 98
1 14 4 25.7796 -3 0 0 140
1 14 5 25.7796 -3 0 0 182
1 14 6 25.7796 -3 0 0 126
1 14 7 25.7796 -3 0 0 140
1 14 8 25.7796 -3 0 0 140
1 14 9 22 -2 0 0 210
1 14 10 25.7796 -3 0 0 168
1 14 11 25.7796 -3 0 0 98
1 14 12 25.7796 -3 0 0 98
1 14 13 25.7796 -3 0 0 140
1 14 14 31.7892 26.933 20 0.15487 266
1 14 15 25.7796 -3 0 0 70
1 14 16 34.5256 19.5591 20 0.134557 322
1 14 17 25.7796 -3 0 0 140
1 14 18 25.7796 -3 0 0 140
1 14 19 25.7796 -3 0 0 182
1 14 20 25.7796 -3 0 0 70
1 14 21 39.9386 17.2183 20 0.0675886 210
1 14 22 25.7796 -3 0 0 140
1 14 23 25.7796 -3 0 0 126
1 14 24 25.7796 -3 0 0 168
1 14 25 25.7796 -3 0 0 98
1 14 26 25.7796 -3 0 0 126
1 14 27 25.7796 -3 0 0 112
1 14 28 25.7796 -3 0 0 140
1 14 29 25.7796 -3 0 0 126
1 14 30 25.7796 -3 0 0 98
1 14 31 25.7796 -3 0 0 112
1 14 32 25.7796 -3 0 0 154
1 14 33 25.7796 -3 0 0 154
1 14 34 25.7796 -3 0 0 168
1 14 35 25.7796 -3 0 0 98
1 14 36 25.7796 -3 0 0 84
1 14 37 0 -10 0 0 0
1 14 38 25.7796 -3 0 0 140
1 14 39 25.7796 -3 0 0 126
1 14 40 25.7796 -3 0 0 154
1 14 41 25.7796 -3 0 0 70
1 14 42 25.7796 -3 0 0 126
1 14 43 25.7796 -3 0 0 70
1 14 44 25.7796 -3 0 0 126
1 14 45 25.7796 -3 0 0 154
1 14 46 25.7796 -3 0 0 112
1 14 47 25.7796 -3 0 0 112
1 14 48 25.7796 -3 0 0 168
1 14 49 25.7796 -3 0 0 98
1 14 50 25.7796 -3 0 0 112
1 14 51 25.7796 -3 0 0 154
1 14 52 25.7796 -3 0 0 70
1 14 53 25.7796 -3 0 0 140
1 14 54 25.7796 -3 0 0 42
1 14 55 25.7796 -3 0 0 140
1 14 56 33.1719 22.9734 20 0.0539244 224
1 14 57 25.7796 -3 0 0 182
1 14 58 25.7796 -3 0 0 168
1 14 59 25.7796 -3 0 0 112
1 14 60 25.7796 -3 0 0 168
1 14 61 25.7796 -3 0 0 140
1 14 62 27 -2 0 0 238
1 14 63 25.7796 -3 0 0 112
1 15 0 25.5171 -3 0 0 182
1 15 1 25.5171 -3 0 0 56
1 15 2 25.5171 -3 0 0 56
1 15 3 25.5171 -3 0 0 70
1 15 4 25.5171 -3 0 0 70
1 15 5 25.5171 -3 0 0 56
1 15 6 25.5171 -3 0 0 70
1 15 7 25.5171 -3 0 0 84
1 15 8 25.5171 -3 0 0 56
1 15 9 25.5171 -3 0 0 196
1 15 10 25.5171 -3 0 0 70
1 15 11 25.5171 -3 0 0 84
1 15 12 25.5171 -3 0 0 112
1 15 13 25.5171 -3 0 0 98
1 15 14 25.5171 -3 0 0 182
1 15 15 25.5171 -3 0 0 126
1 15 16 25.5171 -3 0 0 56
1 15 17 25.5171 -3 0 0 112
1 15 18 25.5171 -3 0 0 84
1 15 19 25.5171 -3 0 0 84
1 15 20 25.5171 -3 0 0 140
1 15 21 25.5171 -3 0 0 98
1 15 22 25.5171 -3 0 0 84
1 15 23 25.5171 -3 0 0 112
1 15 24 25.5171 -3 0 0 98
1 15 25 25.5171 -3 0 0 140
1 15 26 25.5171 -3 0 0 126
1 15 27 25.5171 -3 0 0 14
1 15 28 25.5171 -3 0 0 112
1 15 29 25.5171 -3 0 0 112
1 15 30 25.5171 -3 0 0 56
1 15 31 25.5171 -3 0 0 98
1 15 32 25.5171 -3 0 0 140
1 15 33 25.5171 -3 0 0 56
1 15 34 25.5171 -3 0 0 112
1 15 35 25.5171 -3 0 0 126
1 15 36 25.5171 -3 0 0 98
1 15 37 0 -10 0 0 0
1 15 38 25.5171 -3 0 0 56
1 15 39 25.5171 -3 0 0 154
1 15 40 25.5171 -3 0 0 126
1 15 41 25.5171 -3 0 0 126
1 15 42 25.5171 -3 0 0 112
1 15 43 25.5171 -3 0 0 140
1 15 44 25.5171 -3 0 0 98
1 15 45 25.5171 -3 0 0 98
1 15 46 25.5171 -3 0 0 196
1 15 47 25.5171 -3 0 0 126
1 15 48 25.5171 -3 0 0 126
1 15 49 25.5171 -3 0 0 84
1 15 50 25.5171 -3 0 0 126
1 15 51 25.5171 -3 0 0 154
1 15 52 25.5171 -3 0 0 126
1 15 53 25.5171 -3 0 0 98
1 15 54 25.5171 -3 0 0 84
1 15 55 25.5171 -3 0 0 196
1 15 56 25.5171 -3 0 0 168
1 15 57 25.5171 -3 0 0 126
1 15 58 25.5171 -3 0 0 126
1 15 59 25.5171 -3 0 0 56
1 15 60 25.5171 -3 0 0 112
1 15 61 25.5171 -3 0 0 196
1 15 62 25.5171 -3 0 0 112
1 15 63 25.5171 -3 0 0 126
2 0 0 28.6473 1.02064 4.30436 0.411199 4368
2 0 1 25.205 0.787515 2.27237 0.380224 4298
2 0 2 32 -2 0 0 3024
2 0 3 29.2053 9.30637 15.9008 0.531358 1904
2 0 4 27.5428 1.02478 3.84428 0.285997 2730
2 0 5 27.5003 1.1126 2.75808 0.408942 2618
2 0 6 27.3108 1.65742 5.92465 0.395515 3122
2 0 7 23.1906 20.7726 20 0.420808 1750
2 0 8 31.4446 4.32698 10.7266 0.461618 2940
2 0 9 29.6612 5.49594 13.8101 0.495315 2814
2 0 10 28.9477 6.85115 15.3106 0.557344 2030
2 0 11 27.4446 0.92531 3.26324 0.408557 2940
2 0 12 31.9247 13.9076 19.876 0.531995 2464
2 0 13 30.3145 7.05974 14.0363 0.474837 1666
2 0 14 25.5449 0.737463 2.55654 0.504841 4032
2 0 15 29.4742 3.68508 8.97582 0.474613 1624
2 0 16 25.0299 4.46328 9.88174 0.450919 1806
2 0 17 26.0186 0.93563 3.45267 0.32109 3696
2 0 18 31.2231 11.057 20 0.485162 1932
2 0 19 27.7876 1.18091 3.42149 0.385717 2198
2 0 20 27.2323 1.10302 3.37737 0.383438 2632
2 0 21 25.3443 0.983236 3.77217 0.420386 2884
2 0 22 24.7814 2.91406 8.04819 0.30043 1554
2 0 23 29.1326 2.45313 6.57912 0.508887 3206
2 0 24 25.5029 1.37405 1.98921 0.343002 3318
2 0 25 28.0067 1.59464 5.45197 0.430477 1918
2 0 26 27.979 0.809634 2.9817 0.435257 3948
2 0 27 27 -2 0 0 1918
2 0 28 26.2394 0.811672 3.03365 0.363936 2156
2 0 29 25.9608 1.2809 4.82062 0.424467 3164
2 0 30 31 -2 0 0 2800
2 0 31 26.9704 1.03399 3.70925 0.214229 2044
2 0 32 30.3423 3.25992 10.0178 0.479243 2114
2 0 33 28.1751 3.48014 8.88394 0.420338 2058
2 0 34 33.8944 5.70248 14.4992 0.486322 4130
2 0 35 31.6134 5.66183 10.5494 0.473671 2310
2 0 36 28 -2 0 0 2506
2 0 37 26.9 0.784744 2.77555 0.400598 3178
2 0 38 33.3904 8.68592 19.2369 0.516609 2254
2 0 39 26.4659 2.16234 5.78285 0.408561 2758
2 0 40 25.7992 0.919552 3.98555 0.341183 2898
2 0 41 27 -2 0 0 1750
2 0 42 25.0157 0.703039 2.38471 0.47761 3178
2 0 43 25.0642 0.879891 2.35277 0.275866 3360
2 0 44 25.1947 0.925257 2.96268 0.353919 1988
2 0 45 26.6645 0.979978 3.59895 0.396598 2296
2 0 46 25.1042 0.6738 2.76232 0.486846 4172
2 0 47 28.087 9.52737 20 0.421358 2226
2 0 48 28.2478 5.15256 12.9123 0.423428 2478
2 0 49 25.949 0.83486 2.60766 0.351773 3556
2 0 50 26.0213 0.967891 3.3558 0.445529 2198
2 0 51 29.3168 2.84636 8.38383 0.464777 3570
2 0 52 24.4827 1.29915 4.57644 0.52192 3220
2 0 53 24.4477 0.86716 2.61852 0.349246 2268
2 0 54 25.3706 0.967363 3.81081 0.401104 2744
2 0 55 23.9525 1.15665 3.95989 0.292615 4228
2 0 56 24.8738 1.6084 4.53173 0.538551 3402
2 0 57 25.9596 0.826869 3.09018 0.376209 3234
2 0 58 28.3894 3.10277 4.56332 0.445109 2954
2 0 59 29.5814 3.33677 9.08063 0.643395 4648
2 0 60 34.1738 6.12882 15.4451 0.47585 2618
2 0 61 25.4042 0.921089 4.14104 0.406929 4914
2 0 62 22.6588 0.813165 2.57214 0.302533 4634
2 0 63 25.1826 0.729746 2.75004 0.371138 3444
2 1 0 25.9376 0.713645 2.49059 0.615308 5404
2 1 1 26.3408 0.775548 2.24972 0.512533 5446
2 1 2 26.4166 0.858269 4.47889 0.432833 5642
2 1 3 26.8362 0.847817 2.19332 0.38455 7280
2 1 4 25.7856 0.635934 1.92584 0.446967 5418
2 1 5 26.8074 0.658796 2.83876 0.441049 6482
2 1 6 24.8293 0.825373 3.09827 0.433406 5614
2 1 7 26.2347 0.990912 3.49442 0.461015 10136
2 1 8 26.4293 0.727177 2.72915 0.51942 4984
2 1 9 27.28 0.85707 3.66189 0.469606 7112
2 1 10 25.6898 0.640226 2.81251 0.597428 8498
2 1 11 27.5834 0.558726 2.64585 0.423973 5404
2 1 12 24.7222 0.706497 2.13127 0.506378 6034
2 1 13 27.37 1.06901 2.02074 0.70032 7714
2 1 14 25.9117 0.573306 2.69114 0.495022 5138
2 1 15 26.3629 0.644361 2.99904 0.510756 7448
2 1 16 26.8131 0.797294 3.35797 0.46278 10402
2 1 17 26.2591 0.605727 2.1796 0.469605 5236
2 1 18 25.5258 0.762386 2.09475 0.499683 6370
2 1 19 25.8411 0.740774 2.56136 0.417613 9058
2 1 20 25.2459 0.705524 1.97465 0.517257 5740
2 1 21 27.2709 0.668138 2.19926 0.488403 8106
2 1 22 27.009 0.780782 2.81591 0.390613 7672
2 1 23 25.5302 0.768547 2.41459 0.505511 5026
2 1 24 26.4085 0.59837 2.38941 0.476447 4970
2 1 25 27.2514 0.62409 2.29607 0.543857 8568
2 1 26 27.5516 0.755172 3.04963 0.435812 4760
2 1 27 25.9203 0.802725 1.30479 0.784075 6552
2 1 28 26.5837 0.684406 1.90631 0.544564 7686
2 1 29 26.7455 0.902064 2.04361 0.437063 5194
2 1 30 26.4402 0.726938 2.77883 0.413771 6496
2 1 31 27.0942 0.663479 2.51532 0.529923 8568
2 1 32 26.9645 0.878439 1.50802 0.697056 7434
2 1 33 27.6147 0.743046 2.1242 0.552888 6468
2 1 34 27.6913 0.581791 2.12104 0.601109 4676
2 1 35 27.0654 0.64279 2.93516 0.392932 8540
2 1 36 27.6752 0.658039 2.19451 0.464314 6160
2 1 37 26.4502 0.736376 3.83873 0.509965 5194
2 1 38 25.4719 0.688212 1.59583 0.483847 8274
2 1 39 28.0304 0.793195 3.76853 0.44998 6034
2 1 40 27.2965 0.667161 2.29896 0.413948 5726
2 1 41 27.0043 0.872386 2.6607 0.355114 7112
2 1 42 25.4348 0.674113 3.48958 0.492651 4830
2 1 43 34 -2 0 0 4788
2 1 44 28.1926 0.649821 2.59707 0.39953 6874
2 1 45 25.3453 0.683471 2.45051 0.378855 5768
2 1 46 27.2648 0.782481 1.8877 0.63743 4452
2 1 47 27.1388 0.708614 2.59411 0.504725 8414
2 1 48 26.1959 0.702052 2.82673 0.477122 5530
2 1 49 26.8097 0.576667 2.53987 0.553468 4620
2 1 50 26.6356 0.568858 2.4283 0.529284 6118
2 1 51 27.4917 0.940368 1.7005 0.661024 5264
2 1 52 25.184 0.6461 1.78979 0.572028 4592
2 1 53 25.06 0.646193 2.52818 0.439719 7364
2 1 54 25.4707 0.617677 1.80406 0.623476 5740
2 1 55 26.319 0.687754 2.76211 0.481673 4312
2 1 56 26.3924 0.563006 2.85439 0.599066 5712
2 1 57 26.5454 0.66949 2.3195 0.593567 5250
2 1 58 27.6307 0.743432 1.82046 0.473561 5810
2 1 59 25.6774 0.768913 2.46922 0.443875 3878
2 1 60 26.2202 0.699201 2.92624 0.274764 6412
2 1 61 25.5359 0.729795 2.40008 0.486336 4634
2 1 62 35 -2 0 0 4564
2 1 63 26.1276 0.746161 3.67898 0.409473 4802
2 2 0 25.1897 0.924075 3.2137 0.312949 4312
2 2 1 34.4151 5.62589 14.9262 0.547676 3192
2 2 2 28 -2 0 0 3318
2 2 3 29.3013 3.97239 10.0397 0.372681 1918
2 2 4 27.1354 1.12092 3.47873 0.406154 1862
2 2 5 25.6012 0.908316 3.24248 0.360502 2562
2 2 6 27.4343 0.91987 3.094 0.381583 2660
2 2 7 27.42 5.13084 9.6658 0.508867 1568
2 2 8 27 -2 0 0 2898
2 2 9 31.031 10.3811 19.2815 0.408963 2156
2 2 10 35.392 10.4812 20 0.324097 1596
2 2 11 26.7713 0.917745 3.33386 0.271453 2562
2 2 12 25.9074 1.01901 3.14237 0.51377 2422
2 2 13 26.9388 1.61815 4.59132 0.431211 1540
2 2 14 26.9113 1.16799 5.1424 0.411837 3976
2 2 15 26.073 0.897207 2.88837 0.38911 2016
2 2 16 0 -10 0 0 0
2 2 17 28.3159 0.951423 2.54631 0.460081 3094
2 2 18 27.3778 0.873189 2.80698 0.433108 2254
2 2 19 27.1084 4.04057 8.3107 0.429386 1736
2 2 20 27.511 1.61139 5.76877 0.425116 2100
2 2 21 31.5922 5.55499 11.5805 0.584162 2632
2 2 22 24 -2 0 0 1946
2 2 23 26.3649 1.00287 3.15512 0.322207 2128
2 2 24 26.4752 1.11828 3.66103 0.355736 3206
2 2 25 27.4503 1.20719 4.11179 0.321232 1820
2 2 26 26.1914 0.7608 3.16243 0.343747 3710
2 2 27 29.2864 17.4188 20 0.433463 1554
2 2 28 25.6257 24.7369 20 0.444697 1246
2 2 29 30.2397 4.50578 10.335 0.402791 2702
2 2 30 28.7593 22.2343 20 0.487307 1484
2 2 31 29.8855 12.708 16.3896 0.362134 1554
2 2 32 30.647 5.43067 11.5663 0.332016 1386
2 2 33 28.3551 2.43444 6.98954 0.313427 1498
2 2 34 25.899 1.54992 4.59022 0.379156 3108
2 2 35 25.6605 1.82837 4.89166 0.341486 1246
2 2 36 29.4347 2.469 7.1136 0.293673 1442
2 2 37 31.6861 6.66912 14.714 0.501198 1876
2 2 38 34.2577 13.1646 20 0.232362 868
2 2 39 25 -2 0 0 1288
2 2 40 29.5211 12.5226 17.0716 0.372786 1596
2 2 41 31.8194 15.2233 20 0.401167 1428
2 2 42 27.6956 1.29007 3.32831 0.361998 1204
2 2 43 31.4817 5.2684 14.5527 0.413393 2408
2 2 44 32.7998 13.3342 20 0.396957 1442
2 2 45 25.4525 1.62042 4.94976 0.350896 1358
2 2 46 28.576 2.65529 8.29526 0.548737 3164
2 2 47 27.5806 5.48597 7.59739 0.374156 686
2 2 48 30.7278 5.16208 11.1987 0.340518 1218
2 2 49 27.5184 0.838938 1.83477 0.353751 1582
2 2 50 27.9557 3.72607 8.76954 0.309923 1428
2 2 51 34.1615 10.146 20 0.480922 2100
2 2 52 31.6293 13.6973 20 0.527281 1862
2 2 53 28 -2 0 0 1288
2 2 54 27 -2 0 0 1148
2 2 55 24.7325 1.40748 3.78247 0.509194 2324
2 2 56 32.9977 10.2319 18.6142 0.373714 1246
2 2 57 28.5198 17.7332 20 0.422583 1414
2 2 58 26.446 4.93314 12.1362 0.402442 1414
2 2 59 26.882 3.38847 6.20998 0.473527 2548
2 2 60 27.4502 3.00028 6.22502 0.388218 1148
2 2 61 26.7829 1.26771 3.9648 0.450952 2394
2 2 62 26 -2 0 0 2576
2 2 63 26.0474 0.984014 3.07618 0.455366 1624
2 3 0 28.6027 0.680929 2.85798 0.718453 2996
2 3 1 25.6319 0.762778 3.43462 0.571516 3318
2 3 2 30.4265 1.36865 5.54233 0.487479 3360
2 3 3 27.3679 0.802003 2.01397 0.568245 4844
2 3 4 27.1945 0.690773 2.63939 0.420253 3402
2 3 5 26.1977 0.882251 2.56114 0.507003 3906
2 3 6 29.2531 1.25117 5.78012 0.444695 3472
2 3 7 27.9141 0.65358 2.16201 0.522192 5964
2 3 8 26.1827 0.634409 2.43835 0.500075 2968
2 3 9 26.7428 0.677153 3.25898 0.439034 4172
2 3 10 27.4315 0.741263 3.40695 0.370413 4928
2 3 11 28.3746 1.00147 2.81019 0.532128 3514
2 3 12 27.0879 0.609527 2.3817 0.475994 3696
2 3 13 27.7809 0.696608 2.33428 0.438605 4956
2 3 14 28.1576 0.716305 2.78058 0.499797 3234
2 3 15 26.9515 0.824279 1.88603 0.713141 4550
2 3 16 27.0414 0.781475 4.22793 0.380141 5250
2 3 17 27.9708 0.614057 1.85093 0.430147 3486
2 3 18 26.7197 0.618504 2.53398 0.663865 3990
2 3 19 28.1911 0.663426 2.61281 0.408725 6636
2 3 20 27.5348 0.688799 3.19138 0.638018 4088
2 3 21 26.8862 0.822318 3.93494 0.468739 4200
2 3 22 27.8865 0.444828 2.10352 0.672276 5320
2 3 23 27.6508 1.00365 4.09973 0.604784 4354
2 3 24 28.2511 0.645094 2.18823 0.490648 3080
2 3 25 27.9855 0.652136 2.87156 0.448834 7588
2 3 26 35 -2 0 0 3192
2 3 27 28.0195 0.613535 2.57264 0.488706 4858
2 3 28 28.763 0.607704 2.90812 0.461364 6384
2 3 29 28.5228 0.582082 2.65444 0.423433 3990
2 3 30 27.3336 0.691703 1.80337 0.486071 4886
2 3 31 26.7389 0.699735 2.66591 0.380239 7658
2 3 32 27.8715 0.494266 2.03932 0.483519 6244
2 3 33 27.5359 0.844665 2.83305 0.393713 5628
2 3 34 28.4072 0.654603 2.86685 0.460406 3808
2 3 35 27.8247 0.638286 2.40158 0.549983 8008
2 3 36 29.9065 0.994356 1.49939 0.61463 5012
2 3 37 27.7097 1.38772 1.8894 0.561735 4200
2 3 38 26.3649 0.803259 2.05039 0.525594 7840
2 3 39 26.3608 0.624536 1.85622 0.495461 6020
2 3 40 26.714 1.00874 2.15845 0.461394 4942
2 3 41 27.2858 0.555359 2.60122 0.435919 6678
2 3 42 27.3188 0.858905 2.64817 0.733858 4914
2 3 43 26.8036 0.764766 2.63873 0.493184 4368
2 3 44 25.9378 1.07463 2.38381 0.366668 6440
2 3 45 26.2343 0.539363 2.22593 0.48817 5586
2 3 46 26.5546 0.53976 2.27915 0.573394 3962
2 3 47 27.6668 0.622328 2.30697 0.492008 8302
2 3 48 26.2592 0.676423 2.68498 0.535304 5530
2 3 49 26.327 0.999728 2.6334 0.537122 4438
2 3 50 27.2392 0.732064 2.99593 0.39479 5894
2 3 51 25.8898 0.779221 2.45579 0.498404 4326
2 3 52 27.176 0.78939 3.51766 0.441968 3696
2 3 53 27.7354 0.666496 3.2751 0.43262 7420
2 3 54 26.2048 0.528661 2.89774 0.425891 5978
2 3 55 25.3386 0.833463 3.706 0.621136 3808
2 3 56 26.2926 0.743662 2.52176 0.454807 5880
2 3 57 25.9668 0.818761 3.5067 0.35212 5152
2 3 58 27.8735 0.83707 2.6626 0.509669 5222
2 3 59 25.6859 0.800491 2.33198 0.470975 3234
2 3 60 27.1113 0.615223 3.08553 0.46256 7070
2 3 61 36 -2 0 0 4102
2 3 62 24.237 1.16364 2.58362 0.499625 3990
2 3 63 26.4609 0.803088 2.41127 0.405329 4578
2 4 0 27 -2 0 0 770
2 4 1 32.5389 16.4176 20 0.209359 602
2 4 2 21.8236 26.0024 20 0.262286 588
2 4 3 24.7647 -3 0 0 140
2 4 4 24.7647 -3 0 0 196
2 4 5 26 -2 0 0 266
2 4 6 23 -2 0 0 252
2 4 7 24.7647 -3 0 0 182
2 4 8 18 -2 0 0 308
2 4 9 27 -2 0 0 322
2 4 10 26 -2 0 0 294
2 4 11 21.1746 124.803 20 0.193522 252
2 4 12 24 -2 0 0 280
2 4 13 24.7647 -3 0 0 154
2 4 14 32.956 21.6355 20 0.044484 266
2 4 15 21 -2 0 0 280
2 4 16 29 -2 0 0 322
2 4 17 24 -2 0 0 238
2 4 18 20 -2 0 0 280
2 4 19 24.8954 36.1252 9.82484 0.105517 210
2 4 20 30.5717 26.9651 19.9999 0.213114 224
2 4 21 39.2305 22.1079 20 0.133856 294
2 4 22 35.9426 23.3387 20 0.138891 210
2 4 23 32 -2 0 0 210
2 4 24 28.4262 30.1182 20 0.118819 308
2 4 25 27.4031 103.286 19.9994 0.143276 210
2 4 26 35.719 24.5118 20 0.11697 238
2 4 27 24.7647 -3 0 0 126
2 4 28 20.2615 136.361 17.9238 0.235733 294
2 4 29 30.595 34.4911 19.9998 0.192107 238
2 4 30 24.7647 -3 0 0 98
2 4 31 24.7647 -3 0 0 196
2 4 32 23 -2 0 0 238
2 4 33 22.5332 110.571 19.9999 0.306586 266
2 4 34 25.3652 107.502 14.3938 0.149901 210
2 4 35 24.7647 -3 0 0 140
2 4 36 24.7647 -3 0 0 154
2 4 37 52 -2 0 0 252
2 4 38 24.7647 -3 0 0 154
2 4 39 24.7647 -3 0 0 70
2 4 40 24.7647 -3 0 0 140
2 4 41 24.7647 -3 0 0 126
2 4 42 24.7647 -3 0 0 196
2 4 43 24.7647 -3 0 0 154
2 4 44 24.7647 -3 0 0 112
2 4 45 24.7647 -3 0 0 84
2 4 46 25 -2 0 0 294
2 4 47 24.7647 -3 0 0 126
2 4 48 24.7647 -3 0 0 154
2 4 49 24.7647 -3 0 0 154
2 4 50 24.7647 -3 0 0 126
2 4 51 31.5249 23.182 20 0.117246 210
2 4 52 24.7647 -3 0 0 196
2 4 53 24.7647 -3 0 0 98
2 4 54 24.7647 -3 0 0 154
2 4 55 38.2806 18.1263 20 0.159011 308
2 4 56 39.1832 20.8463 20 0.0749572 266
2 4 57 31.3786 28.475 20 0.0784846 252
2 4 58 26.524 19.0173 14.9633 0.260163 210
2 4 59 28.2096 22.2424 13.886 0.107695 280
2 4 60 24.7647 -3 0 0 112
2 4 61 22 -2 0 0 308
2 4 62 22 -2 0 0 238
2 4 63 24.7647 -3 0 0 182
2 5 0 37.5496 10.344 11.5771 0.174595 238
2 5 1 37.0453 23.4265 20 0.164954 224
2 5 2 31.9035 25.2205 20 0.115364 252
2 5 3 37.6135 17.8128 20 0.182039 420
2 5 4 34.349 24.4504 20 0.0657631 252
2 5 5 31.0671 173.302 20 0.160265 350
2 5 6 31.4784 22.7101 19.9999 0.147891 280
2 5 7 35.7815 19.9703 20 0.254912 434
2 5 8 35.314 18.7623 20 0.141699 364
2 5 9 33.8619 15.7574 20 0.0823546 364
2 5 10 32.4358 4.71435 9.45493 0.234676 476
2 5 11 31.3445 9.43452 12.3479 0.173021 364
2 5 12 25 -2 0 0 308
2 5 13 26.4807 -3 0 0 392
2 5 14 35.6327 19.7313 20 0.145621 350
2 5 15 36.1936 52.7116 14.8179 0.161108 364
2 5 16 33.3036 8.43487 15.1324 0.290526 616
2 5 17 37.9821 16.5445 20 0.149222 266
2 5 18 22 -2 0 0 392
2 5 19 34.036 14.6631 20 0.150676 588
2 5 20 30.5875 19.7513 19.2123 0.272099 350
2 5 21 27.4019 26.1295 20 0.139726 364
2 5 22 28.2814 26.4262 20 0.021038 266
2 5 23 26.4807 -3 0 0 252
2 5 24 29 -2 0 0 266
2 5 25 31.8292 17.4733 20 0.154067 560
2 5 26 38.3531 18.842 20 0.113574 336
2 5 27 24.4118 32.0451 20 0.237314 448
2 5 28 19 -2 0 0 448
2 5 29 24 -2 0 0 266
2 5 30 21 -2 0 0 308
2 5 31 25.2254 26.8014 20 0.21801 644
2 5 32 30.185 18.0125 20 0.17286 490
2 5 33 32.4193 6.19975 11.4473 0.219809 574
2 5 34 36.7343 22.6472 20 0.114195 308
2 5 35 33.7205 15.0339 20 0.241954 742
2 5 36 25.7776 34.4533 18.8033 0.168801 420
2 5 37 26 -2 0 0 322
2 5 38 31.1988 13.5059 17.8192 0.383277 980
2 5 39 33.5193 12.9038 20 0.2006 826
2 5 40 28.4415 32.4705 20 0.247257 378
2 5 41 24 -2 0 0 518
2 5 42 31.2031 17.5948 20 0.284884 658
2 5 43 23 -2 0 0 266
2 5 44 23.7927 29.4118 20 0.261632 658
2 5 45 31 -2 0 0 728
2 5 46 26 -2 0 0 266
2 5 47 31.3074 3.24387 10.2606 0.24429 1344
2 5 48 28.9865 11.4472 12.4107 0.235264 420
2 5 49 31.1394 21.0317 20 0.132523 350
2 5 50 30.4231 19.6047 20 0.255894 616
2 5 51 37.1884 11.2975 19.9996 0.285575 700
2 5 52 29.2367 9.75568 12.2109 0.216942 490
2 5 53 25 -2 0 0 980
2 5 54 28.3858 20.4802 18.6414 0.228623 560
2 5 55 20.5742 110.505 20 0.385899 504
2 5 56 33.7242 136.655 20 0.278179 798
2 5 57 32 -2 0 0 798
2 5 58 34.5536 16.0519 20 0.265296 532
2 5 59 33.4933 13.6981 18.5127 0.179587 350
2 5 60 22.3592 19.8801 20 0.288667 980
2 5 61 35.0345 15.538 20 0.217798 630
2 5 62 33.6248 13.3672 18.5893 0.172163 462
2 5 63 28.5723 17.9222 16.792 0.233169 490
2 6 0 37.2413 22.4601 20 0.0594773 266
2 6 1 26.7484 -3 0 0 182
2 6 2 21.2816 114.743 20 0.138902 238
2 6 3 26.7484 -3 0 0 140
2 6 4 26.7484 -3 0 0 112
2 6 5 26.7484 -3 0 0 56
2 6 6 26 -2 0 0 224
2 6 7 26.7484 -3 0 0 84
2 6 8 26.7484 -3 0 0 168
2 6 9 26.7484 -3 0 0 168
2 6 10 26.7484 -3 0 0 126
2 6 11 26.7484 -3 0 0 84
2 6 12 26.7484 -3 0 0 84
2 6 13 26.7484 -3 0 0 98
2 6 14 26.7484 -3 0 0 140
2 6 15 26.7484 -3 0 0 126
2 6 16 26.7484 -3 0 0 126
2 6 17 26.7484 -3 0 0 70
2 6 18 26.7484 -3 0 0 168
2 6 19 26.7484 -3 0 0 42
2 6 20 26.7484 -3 0 0 98
2 6 21 26.7484 -3 0 0 196
2 6 22 26.7484 -3 0 0 112
2 6 23 26.7484 -3 0 0 126
2 6 24 26.7484 -3 0 0 140
2 6 25 26.7484 -3 0 0 140
2 6 26 22 -2 0 0 280
2 6 27 26.7484 -3 0 0 126
2 6 28 26.7484 -3 0 0 126
2 6 29 26.7484 -3 0 0 98
2 6 30 26.7484 -3 0 0 168
2 6 31 26.7484 -3 0 0 154
2 6 32 26.7484 -3 0 0 70
2 6 33 26.7484 -3 0 0 42
2 6 34 26.7484 -3 0 0 112
2 6 35 26.7484 -3 0 0 112
2 6 36 26.7484 -3 0 0 126
2 6 37 26.7484 -3 0 0 28
2 6 38 26.7484 -3 0 0 42
2 6 39 26.7484 -3 0 0 84
2 6 40 26.7484 -3 0 0 42
2 6 41 26.7484 -3 0 0 28
2 6 42 26.7484 -3 0 0 84
2 6 43 26.7484 -3 0 0 98
2 6 44 26.7484 -3 0 0 56
2 6 45 26.7484 -3 0 0 140
2 6 46 26.7484 -3 0 0 112
2 6 47 26.7484 -3 0 0 70
2 6 48 26.7484 -3 0 0 84
2 6 49 26.7484 -3 0 0 70
2 6 50 26.7484 -3 0 0 140
2 6 51 26.7484 -3 0 0 112
2 6 52 26.7484 -3 0 0 140
2 6 53 26.7484 -3 0 0 56
2 6 54 26.7484 -3 0 0 84
2 6 55 26.7484 -3 0 0 126
2 6 56 26.7484 -3 0 0 112
2 6 57 26.7484 -3 0 0 84
2 6 58 26.7484 -3 0 0 182
2 6 59 26.7484 -3 0 0 84
2 6 60 26.7484 -3 0 0 84
2 6 61 26.7484 -3 0 0 140
2 6 62 26.7484 -3 0 0 98
2 6 63 26.7484 -3 0 0 70
2 7 0 25.9948 -3 0 0 196
2 7 1 25.9948 -3 0 0 98
2 7 2 25.9948 -3 0 0 154
2 7 3 25.9948 -3 0 0 112
2 7 4 25.9948 -3 0 0 112
2 7 5 25.9948 -3 0 0 14
2 7 6 25.9948 -3 0 0 196
2 7 7 26 -2 0 0 224
2 7 8 25.9948 -3 0 0 154
2 7 9 25.9948 -3 0 0 140
2 7 10 25.9948 -3 0 0 140
2 7 11 25.9948 -3 0 0 98
2 7 12 25.9948 -3 0 0 126
2 7 13 25.9948 -3 0 0 140
2 7 14 25.9948 -3 0 0 70
2 7 15 25.9948 -3 0 0 84
2 7 16 26 -2 0 0 224
2 7 17 25.9948 -3 0 0 84
2 7 18 25.9948 -3 0 0 98
2 7 19 25.9948 -3 0 0 140
2 7 20 25.9948 -3 0 0 70
2 7 21 25.9948 -3 0 0 98
2 7 22 25.9948 -3 0 0 168
2 7 23 25.9948 -3 0 0 196
2 7 24 25.9948 -3 0 0 70
2 7 25 25.9948 -3 0 0 196
2 7 26 25.9948 -3 0 0 140
2 7 27 25.9948 -3 0 0 140
2 7 28 25.9948 -3 0 0 238
2 7 29 25.9948 -3 0 0 98
2 7 30 25.9948 -3 0 0 112
2 7 31 25.9948 -3 0 0 126
2 7 32 25.9948 -3 0 0 140
2 7 33 25.9948 -3 0 0 112
2 7 34 25.9948 -3 0 0 168
2 7 35 34.9763 19.339 20 0.121928 378
2 7 36 25.9948 -3 0 0 168
2 7 37 24 -2 0 0 210
2 7 38 20 -2 0 0 238
2 7 39 22 -2 0 0 294
2 7 40 25.9948 -3 0 0 112
2 7 41 20.9765 112.735 20 0.237339 252
2 7 42 28 -2 0 0 266
2 7 43 25.9948 -3 0 0 126
2 7 44 31.8197 110.694 19.9999 0.075185 252
2 7 45 28.8002 37.2895 19.9984 0.0460583 210
2 7 46 25.9948 -3 0 0 112
2 7 47 26 -2 0 0 266
2 7 48 25.9948 -3 0 0 126
2 7 49 25.9948 -3 0 0 168
2 7 50 20.8682 37.4534 20 0.0940039 280
2 7 51 29.1345 38.0705 20 0.093431 224
2 7 52 25.9948 -3 0 0 98
2 7 53 20 -2 0 0 336
2 7 54 31.4055 38.515 20 0.105733 210
2 7 55 25.9948 -3 0 0 140
2 7 56 27.2297 31.1071 20 0.271709 210
2 7 57 27.8578 28.614 20 0.147973 224
2 7 58 25.9948 -3 0 0 182
2 7 59 25.9948 -3 0 0 196
2 7 60 25.9948 -3 0 0 182
2 7 61 25.9948 -3 0 0 140
2 7 62 25.9948 -3 0 0 84
2 7 63 25.9948 -3 0 0 154
2 8 0 26.8539 0.808324 2.0565 0.384202 10486
2 8 1 26.3232 0.670949 1.85523 0.565111 9408
2 8 2 25.8589 0.502355 2.47018 0.470039 10374
2 8 3 26.5401 0.474328 1.74778 0.435088 9268
2 8 4 27.4708 0.566134 2.13565 0.484893 10136
2 8 5 26.237 0.52781 2.07091 0.483669 9562
2 8 6 27.8492 0.619416 2.19944 0.413246 9856
2 8 7 26.7267 0.528714 2.75907 0.409766 9674
2 8 8 26.4772 0.631091 1.79812 0.548044 9520
2 8 9 26.9054 0.728405 1.85088 0.625785 9982
2 8 10 25.882 0.542481 2.76541 0.441417 9296
2 8 11 27.261 0.626487 2.4468 0.525017 9506
2 8 12 27.004 0.497665 2.31258 0.298439 9310
2 8 13 26.2637 0.556605 2.45224 0.417046 9002
2 8 14 27.6828 0.545098 3.12007 0.488645 9576
2 8 15 25.9683 0.663535 3.30005 0.390286 9548
2 8 16 26.995 0.873698 1.84582 0.693507 10206
2 8 17 26.1826 0.543629 1.97662 0.628968 9086
2 8 18 26.8452 0.832696 2.14202 0.672874 9436
2 8 19 26.661 0.608509 3.09818 0.342942 10500
2 8 20 28.4145 0.649571 1.78015 0.55623 9604
2 8 21 27.4618 0.612341 2.20951 0.509403 9366
2 8 22 25.6786 0.873999 2.20488 0.486669 8540
2 8 23 26.8767 0.632613 1.93758 0.534094 9688
2 8 24 27.9174 0.869855 1.2857 0.649536 9730
2 8 25 26.6201 -3 0 0 154
2 8 26 27.6816 0.582887 2.85544 0.333999 9660
2 8 27 27.2483 0.712887 2.11364 0.386381 10066
2 8 28 26.6746 0.537232 2.64713 0.501813 9870
2 8 29 26.461 0.766236 1.98669 0.502676 8946
2 8 30 26.5473 0.79163 1.97888 0.646767 9632
2 8 31 25.852 0.573449 3.33888 0.461791 10542
2 8 32 26.456 0.72345 1.4203 0.690391 9702
2 8 33 26.404 0.615721 2.56559 0.396151 9996
2 8 34 26.8135 0.533882 2.36259 0.46204 10150
2 8 35 26.5387 0.48755 1.95824 0.577957 10584
2 8 36 27.1384 0.574875 2.43438 0.407484 10528
2 8 37 25.9972 0.553385 1.88879 0.467522 10500
2 8 38 26.5784 0.766215 2.58119 0.390699 10486
2 8 39 26.006 0.792548 2.59371 0.473357 11788
2 8 40 26.1779 0.529203 2.34292 0.439629 10038
2 8 41 25.9865 0.86676 1.98188 0.544159 10402
2 8 42 26.8983 0.639454 1.80783 0.480465 10990
2 8 43 27.1998 0.711639 1.13279 0.815069 10150
2 8 44 26.8985 0.48442 2.25538 0.537459 10234
2 8 45 27.4016 0.630898 2.00103 0.548756 10430
2 8 46 26.2389 0.5807 2.34324 0.447022 10710
2 8 47 26.1864 0.581493 2.46398 0.596315 11676
2 8 48 25.8521 0.486926 2.02079 0.387433 10430
2 8 49 26.7244 0.550625 2.94264 0.370359 10584
2 8 50 26.1106 0.541629 2.06696 0.715552 9772
2 8 51 25.3013 0.540038 2.22713 0.690163 11340
2 8 52 25.6352 0.712139 2.93117 0.344935 10962
2 8 53 25.4904 0.596051 2.42939 0.354925 10934
2 8 54 25.601 0.555462 2.50992 0.443612 10626
2 8 55 25.9756 0.680823 1.68461 0.620077 10654
2 8 56 26.506 0.573251 2.38318 0.408642 11816
2 8 57 26.4912 0.633423 2.34094 0.415643 12180
2 8 58 25.3996 0.550672 2.31558 0.466815 11158
2 8 59 25.9286 0.59561 1.74636 0.565856 10472
2 8 60 26.7955 0.71215 1.55213 0.659389 10822
2 8 61 25.5973 0.606815 2.73476 0.544989 11704
2 8 62 26.3016 0.60261 2.07752 0.429343 11214
2 8 63 25.9903 0.772539 2.76929 0.561861 10248
2 9 0 27.2344 0.5448 2.91058 0.587188 11172
2 9 1 26.81 0.525339 2.55245 0.370241 9548
2 9 2 25.2692 0.73481 2.41166 0.536445 9114
2 9 3 26.6449 0.595784 2.27207 0.471803 6426
2 9 4 26.615 1.27319 2.52043 0.732906 7378
2 9 5 27.1928 0.682953 2.13606 0.573573 8372
2 9 6 26.2101 0.693958 2.30631 0.638819 8204
2 9 7 25.369 0.974268 3.54973 0.454824 5824
2 9 8 26.6441 0.681192 2.24593 0.63312 8708
2 9 9 27.6978 0.562847 2.48256 0.466797 7714
2 9 10 26.9368 0.615034 2.12739 0.462428 6678
2 9 11 27.063 0.716603 2.17029 0.357131 8162
2 9 12 25.5493 0.725014 2.62301 0.342915 7070
2 9 13 26.3169 0.650074 3.38758 0.274055 6370
2 9 14 27.1913 0.584025 2.3642 0.329617 10416
2 9 15 27.2944 0.494084 2.29158 0.374528 6832
2 9 16 24.0811 1.66391 6.92514 0.570174 2590
2 9 17 26.4547 0.546121 2.11899 0.379408 9380
2 9 18 27.0581 0.579382 2.46255 0.421466 7476
2 9 19 27.7282 0.780649 2.42874 0.344241 5278
2 9 20 26.7065 0.559726 2.3091 0.372209 7532
2 9 21 27.9322 1.00134 2.97507 0.525793 8372
2 9 22 27.2908 0.594048 2.60895 0.391187 6132
2 9 23 26.563 0.634646 2.50296 0.340719 8932
2 9 24 26.1985 0.617599 1.88489 0.562101 9436
2 9 25 27.185 0.876314 3.52636 0.375041 5138
2 9 26 27.0472 0.5369 2.35657 0.628086 10920
2 9 27 28.0551 0.636955 3.08212 0.467963 5950
2 9 28 27.4718 0.743502 2.03056 0.381568 5488
2 9 29 26.6424 0.561047 2.86338 0.451703 8106
2 9 30 28.9013 0.662788 1.57477 0.58775 7532
2 9 31 26.0319 0.458629 2.07288 0.495924 4662
2 9 32 26.1283 0.718806 3.12164 0.42404 5516
2 9 33 26.1081 0.697376 2.83692 0.377961 6566
2 9 34 26.5723 0.549253 2.63649 0.316583 9478
2 9 35 27.3974 0.583604 2.13134 0.557495 4914
2 9 36 26.4315 0.757771 1.9729 0.31592 6902
2 9 37 26.8607 0.968978 1.76255 0.494921 8498
2 9 38 27.7898 0.701673 3.48625 0.386819 5012
2 9 39 27.0695 0.600464 2.98808 0.387962 6678
2 9 40 26.679 0.561647 2.25636 0.451781 7392
2 9 41 27.0334 0.682129 2.30688 0.456967 5110
2 9 42 26.5889 0.741305 1.88484 0.532287 7042
2 9 43 27.1317 0.610974 2.17946 0.36177 8596
2 9 44 26.7525 0.61007 2.47725 0.362583 5124
2 9 45 35.9294 5.72815 16.0976 0.998543 6090
2 9 46 26.7127 0.803584 1.72842 0.431871 9870
2 9 47 27.0694 0.638002 3.2203 0.381643 5278
2 9 48 27.68 0.714232 1.40562 0.646875 6426
2 9 49 26.5233 0.513538 2.8243 0.453476 7560
2 9 50 28.8372 0.701601 3.67277 0.573924 6426
2 9 51 26.1611 0.582172 1.81546 0.721822 8946
2 9 52 27.05 0.782419 2.92132 0.239211 9240
2 9 53 26.8587 0.593699 2.53941 0.424082 5698
2 9 54 27.0795 0.504305 2.29184 0.496923 6790
2 9 55 27.6923 0.610429 2.52023 0.36479 8974
2 9 56 26.6723 1.15649 2.20029 0.476294 7350
2 9 57 24.9137 0.776036 2.25515 0.364306 7812
2 9 58 27.0755 0.670126 1.96827 0.342614 7280
2 9 59 26.0621 0.760194 2.1927 0.327824 9646
2 9 60 27.3209 0.622758 1.8024 0.560954 6482
2 9 61 25.4497 0.860656 1.9274 0.518798 8736
2 9 62 25.4845 0.798086 2.16498 0.555276 8946
2 9 63 26.9898 0.69225 1.98969 0.482583 7938
2 10 0 25.1337 0.532676 2.44639 0.503905 10710
2 10 1 25.2374 0.677471 1.97568 0.76683 11116
2 10 2 25.2731 0.613515 2.66904 0.467383 10668
2 10 3 25.4503 0.505068 2.62578 0.416031 9674
2 10 4 25.2443 0.447979 2.38129 0.580392 8862
2 10 5 26.7165 0.594171 2.58924 0.44499 10556
2 10 6 25.1843 0.490614 2.36698 0.5388 10234
2 10 7 24.3078 0.779406 2.41332 0.619907 10136
2 10 8 25.2163 0.589844 1.89369 0.495439 10010
2 10 9 25.6573 0.463872 2.08843 0.513705 10360
2 10 10 25.195 0.740201 3.52336 0.44768 10486
2 10 11 25.7644 0.734086 1.87499 0.526294 9730
2 10 12 27.4469 0.553728 1.87695 0.508003 9604
2 10 13 25.1087 0.524006 2.70726 0.429095 7840
2 10 14 25.8451 0.528461 2.12675 0.38792 9982
2 10 15 25.6584 0.535283 1.8209 0.546585 9324
2 10 16 26.5423 0.553869 2.52737 0.509636 11228
2 10 17 25.373 0.663601 2.73369 0.397853 9212
2 10 18 25.2826 0.46393 2.2117 0.483059 9268
2 10 19 25.2548 0.560918 2.02306 0.47658 9800
2 10 20 25.6047 0.562656 2.21285 0.559932 8890
2 10 21 25.319 0.554702 3.01853 0.46436 10542
2 10 22 26.3062 0.512 2.35089 0.357388 9044
2 10 23 25.3916 0.544813 1.9691 0.5179 8610
2 10 24 26.1801 0.514031 2.538 0.455094 9884
2 10 25 25.1754 0.615001 2.542 0.386834 9884
2 10 26 25.7056 0.580352 2.65201 0.383233 10164
2 10 27 25.6046 0.562901 1.97588 0.536609 9422
2 10 28 25.3654 0.639491 1.73693 0.52606 9058
2 10 29 23.9391 0.674549 3.70118 0.455405 9520
2 10 30 26.1042 0.599427 2.09725 0.351777 9296
2 10 31 25.5349 0.50702 2.47227 0.435807 9128
2 10 32 25.7133 0.659088 1.77611 0.561223 9324
2 10 33 26.1293 0.460263 2.33029 0.452023 8134
2 10 34 15.4286 3.30119 4.41662 0.917407 1288
2 10 35 26.865 0.553488 2.98265 0.525413 8932
2 10 36 25.6221 0.510763 1.73991 0.492516 8414
2 10 37 25.4307 0.676528 1.78667 0.686544 9296
2 10 38 24.7208 0.463606 2.4529 0.654489 7714
2 10 39 25.1827 0.485471 1.89108 0.518521 8890
2 10 40 24.8236 0.782419 1.9262 0.536523 8876
2 10 41 25.3493 0.479712 1.86491 0.595071 8106
2 10 42 25.65 0.556141 1.82673 0.533081 7546
2 10 43 24.7582 0.761605 2.58282 0.362893 8778
2 10 44 25.2814 0.626488 2.00589 0.65415 7434
2 10 45 25.4762 0.522725 2.29244 0.417946 7686
2 10 46 21.1839 0.748088 1.88635 0.728678 9366
2 10 47 25.2326 0.55742 2.96634 0.940131 7700
2 10 48 25.455 0.445737 2.44902 0.438468 8050
2 10 49 25.1264 0.425627 1.85688 0.514498 8092
2 10 50 24.6553 0.541515 2.74812 0.444646 7266
2 10 51 24.9142 0.527277 2.6484 0.466513 8232
2 10 52 24.4806 0.597058 2.30609 0.451668 7770
2 10 53 24.0677 0.828149 2.46446 0.542723 7798
2 10 54 24.9245 0.737863 1.5477 0.649306 7686
2 10 55 25.4316 0.458398 2.47106 0.398517 8078
2 10 56 25.0668 0.680679 1.86311 0.505951 8386
2 10 57 25.3734 0.511614 2.22317 0.583872 7770
2 10 58 24.4763 0.472331 1.83384 0.461908 8358
2 10 59 23.6515 0.717047 2.19476 0.571999 8526
2 10 60 24.0482 0.681802 1.86157 0.510969 7756
2 10 61 24.2401 0.470632 2.84619 0.46537 8120
2 10 62 23.1914 0.930753 1.80788 0.777774 8274
2 10 63 24.2784 0.545274 1.54563 0.618845 7840
2 11 0 26.2431 0.592706 2.81755 0.453199 7266
2 11 1 28.3722 0.779475 2.1876 0.533542 7756
2 11 2 27.1733 0.646394 2.87495 0.353692 6888
2 11 3 26.5415 0.646068 2.38137 0.416584 4984
2 11 4 28.5052 0.60637 1.57016 0.508274 6384
2 11 5 25.8546 0.776648 3.52905 0.548176 5712
2 11 6 26.9605 0.603934 2.08231 0.734321 6300
2 11 7 27.2409 0.583576 1.72554 0.592231 4088
2 11 8 27.0863 0.693595 2.15786 0.542115 5950
2 11 9 26.1882 0.532319 2.56461 0.47606 5082
2 11 10 27.3206 0.577766 2.87945 0.4923 4298
2 11 11 30.7065 6.96387 20 1.05222 7028
2 11 12 26.1375 0.718486 3.58802 0.52052 5432
2 11 13 27.5523 0.811438 3.16263 0.327104 3836
2 11 14 27.4894 0.662928 1.84406 0.541609 7798
2 11 15 24.7605 0.78393 3.77738 0.693156 5026
2 11 16 27.834 0.639366 2.52297 0.590668 4368
2 11 17 27.6151 0.652216 2.57705 0.472368 7602
2 11 18 28.0671 0.60532 2.50488 0.612566 4620
2 11 19 27.8174 0.671755 3.2112 0.323494 4060
2 11 20 26.2895 0.802286 2.43781 0.508536 6034
2 11 21 26.1341 0.679597 2.66918 0.551926 4942
2 11 22 26.6277 0.584061 2.35911 0.57509 4214
2 11 23 28.6618 0.674711 2.19827 0.314097 7378
2 11 24 26.1059 0.548427 2.61879 0.607057 6874
2 11 25 28.3164 0.640919 2.46794 0.774449 4816
2 11 26 26.9647 0.576934 2.64872 0.519993 8078
2 11 27 27.2084 0.969802 2.24915 0.612732 5418
2 11 28 27.6318 0.662943 1.97089 0.55309 4676
2 11 29 26.4973 0.76138 1.65406 0.686404 7014
2 11 30 26.9215 0.848245 3.69756 0.36507 6034
2 11 31 28.5604 0.917385 2.74806 0.360692 4004
2 11 32 26.9551 0.649176 2.83921 0.691485 4704
2 11 33 27.3113 0.683606 1.63699 0.717045 6342
2 11 34 27.1517 0.636167 2.23035 0.687924 9492
2 11 35 28.1937 0.673452 3.00341 0.588266 4690
2 11 36 26.8401 0.753845 1.46283 0.658379 6174
2 11 37 25.8241 0.610296 3.42002 0.298604 7350
2 11 38 28.2834 0.670242 2.44208 0.43365 5796
2 11 39 29.4766 0.727345 2.72999 0.438758 7924
2 11 40 26.1847 1.09535 2.2404 0.423501 6916
2 11 41 27.701 0.892306 1.69981 0.525417 5614
2 11 42 28.4552 0.728281 1.93839 0.636542 6524
2 11 43 27.7189 0.632778 2.51017 0.479071 8022
2 11 44 27.4097 0.637006 2.81221 0.451533 5292
2 11 45 33 -2 0 0 5936
2 11 46 26.3179 0.615919 2.35074 0.728494 8666
2 11 47 28.7616 0.690026 2.63495 0.45073 5222
2 11 48 26.7441 0.689995 2.32197 0.446802 6384
2 11 49 26.8162 0.632495 1.79461 0.619045 7672
2 11 50 26.3257 0.732457 2.11391 0.618984 6342
2 11 51 27.4603 0.635342 3.18297 0.443152 10178
2 11 52 26.3387 0.824167 2.79616 0.411471 8792
2 11 53 26.8145 0.749758 3.354 0.580106 6342
2 11 54 26.591 0.818227 3.4693 0.427473 6958
2 11 55 26.5424 0.657412 2.32082 0.566486 8540
2 11 56 28.2257 0.632624 2.14079 0.422112 8554
2 11 57 26.681 0.804605 2.21622 0.534551 9086
2 11 58 25.1259 0.79491 2.53742 0.460677 7742
2 11 59 26.9016 0.610602 2.54814 0.444586 9730
2 11 60 26.82 0.638903 2.89518 0.470007 7028
2 11 61 25.7757 0.80457 2.76451 0.505962 10808
2 11 62 26.7931 0.698417 2.36759 0.491851 9562
2 11 63 25.9038 0.625929 2.98824 0.33386 8778
2 12 0 28 -2 0 0 3262
2 12 1 27.1058 0.715535 2.66249 0.491403 3416
2 12 2 28.7379 2.18397 7.52612 0.499442 2618
2 12 3 26.3675 1.31574 4.49214 0.496284 2058
2 12 4 32.2747 9.22549 16.5571 0.402525 1176
2 12 5 26.828 0.889798 3.41824 0.521623 2758
2 12 6 25.9088 0.933926 3.75819 0.38262 3416
2 12 7 25.2365 1.32519 5.39513 0.307561 2842
2 12 8 27.148 1.53642 4.49515 0.493122 1820
2 12 9 25.9461 1.23357 4.77566 0.384478 2296
2 12 10 27 -2 0 0 2702
2 12 11 25.8445 1.66821 4.8122 0.424893 1540
2 12 12 29.6813 4.95385 7.58104 0.534794 1722
2 12 13 27.4562 2.08843 5.18525 0.527519 1372
2 12 14 27.8655 1.07417 2.57964 0.573657 2450
2 12 15 27.5219 1.66181 4.60018 0.376878 1414
2 12 16 0 -10 0 0 0
2 12 17 30.1013 9.2351 16.1669 0.382397 1106
2 12 18 28.4045 1.83658 5.04062 0.545208 1330
2 12 19 28.3029 2.81354 8.11989 0.296411 1540
2 12 20 28.0553 14.8674 20 0.486395 1344
2 12 21 25.7063 0.997163 3.45673 0.546324 2744
2 12 22 29 -2 0 0 2786
2 12 23 31.3589 5.87521 12.9201 0.385463 1288
2 12 24 29.4286 2.26099 7.43513 0.507448 1960
2 12 25 27.278 1.46242 4.11088 0.325432 1246
2 12 26 28.9676 9.84036 13.0577 0.59139 1470
2 12 27 29.7245 3.83366 6.56942 0.619098 1330
2 12 28 29.7678 3.49025 8.08641 0.555302 1106
2 12 29 24.5152 21.2685 19.9999 0.582503 1358
2 12 30 27 -2 0 0 1064
2 12 31 32.6625 5.65981 12.6912 0.409296 1106
2 12 32 29.7992 6.25512 13.0172 0.413547 952
2 12 33 29.7578 8.44226 13.163 0.37821 1078
2 12 34 25.4057 2.2419 5.61447 0.413801 1092
2 12 35 29.0394 2.08579 5.21361 0.371729 1120
2 12 36 29.4591 2.81813 5.81924 0.33928 1176
2 12 37 27.3174 2.71531 5.44373 0.494997 1022
2 12 38 34 -2 0 0 714
2 12 39 27.3203 38.0485 20 0.338194 840
2 12 40 23.7875 22.6917 20 0.379916 924
2 12 41 27 -2 0 0 924
2 12 42 28 -2 0 0 756
2 12 43 24.5409 2.05935 5.53815 0.26062 1036
2 12 44 24.2194 19.0803 17.1457 0.233505 756
2 12 45 34.0076 7.65157 14.9236 0.602546 938
2 12 46 26.5524 1.37561 4.2533 0.412081 1246
2 12 47 31.4843 7.67205 14.552 0.283094 854
2 12 48 31.5474 2.74099 7.37944 0.272475 770
2 12 49 25 -2 0 0 952
2 12 50 23.0921 22.7666 20 0.368826 1050
2 12 51 28.2683 18.4538 17.054 0.421378 714
2 12 52 27.4719 16.1278 20 0.421073 952
2 12 53 30.9085 17.0826 20 0.351667 742
2 12 54 29.2289 2.99557 4.6596 0.277825 602
2 12 55 28.7356 15.3006 16.6855 0.464821 826
2 12 56 23.1681 4.12113 6.07859 0.322138 896
2 12 57 31.7821 121.07 20 0.356563 756
2 12 58 32.2373 6.62241 12.4379 0.302067 770
2 12 59 23 -2 0 0 1162
2 12 60 26.0216 21.4793 20 0.460572 840
2 12 61 25.5089 18.1768 20 0.348165 770
2 12 62 25.7903 6.03352 11.8516 0.450292 1106
2 12 63 29 -2 0 0 770
2 13 0 29 -2 0 0 1120
2 13 1 31.1994 13.3455 20 0.245411 770
2 13 2 25 -2 0 0 728
2 13 3 32.9713 15.4076 20 0.234181 616
2 13 4 28 -2 0 0 742
2 13 5 29.8718 2.48496 5.93555 0.294082 714
2 13 6 27.1475 3.44562 7.15358 0.375532 784
2 13 7 32.7476 22.2508 20 0.135932 574
2 13 8 29.4323 24.1509 16.8741 0.455203 672
2 13 9 27.2254 2.37845 5.80396 0.336266 840
2 13 10 22 -2 0 0 630
2 13 11 22.4623 27.4108 20 0.232646 602
2 13 12 30.2562 3.56453 6.82983 0.290693 518
2 13 13 28.9269 22.4617 20 0.181262 434
2 13 14 29.2888 1.35013 3.41158 0.357509 1106
2 13 15 29.148 17.8955 20 0.270137 574
2 13 16 30.9432 17.3637 20 0.285768 616
2 13 17 27.8709 16.9168 20 0.358356 966
2 13 18 31 -2 0 0 728
2 13 19 31.252 9.2882 8.9626 0.268258 700
2 13 20 28 -2 0 0 798
2 13 21 27 -2 0 0 686
2 13 22 23.2136 37.9432 17.281 0.213462 588
2 13 23 27.8897 5.2158 11.7481 0.309328 1120
2 13 24 33.0872 6.43714 12.0468 0.408841 868
2 13 25 25.8639 32.5539 15.7607 0.308354 686
2 13 26 21.7034 25.0553 20 0.434521 1064
2 13 27 27 -2 0 0 1036
2 13 28 30.4955 7.15329 10.9604 0.173451 574
2 13 29 27.9921 16.8449 20 0.482854 1176
2 13 30 31.6896 3.59151 8.66233 0.279955 868
2 13 31 34.9309 17.0311 20 0.261231 686
2 13 32 22.4624 25.2293 20 0.314708 686
2 13 33 22 -2 0 0 1078
2 13 34 28.5178 2.40443 5.4039 0.36749 1176
2 13 35 32.4477 13.2877 20 0.387705 868
2 13 36 27 -2 0 0 798
2 13 37 33.0854 13.0645 19.9998 0.392127 1078
2 13 38 30.7924 4.11795 8.56223 0.3891 1498
2 13 39 29 -2 0 0 1862
2 13 40 26.1748 3.67769 7.86695 0.503231 938
2 13 41 32.1819 11.8024 20 0.296697 910
2 13 42 28.9471 2.19687 5.69707 0.314528 1344
2 13 43 25.6269 16.7163 20 0.363587 1260
2 13 44 29.1028 0.86401 2.79807 0.381669 1554
2 13 45 24.3484 21.4906 20 0.476394 1330
2 13 46 26.2695 1.47955 5.03955 0.403858 1512
2 13 47 32 -2 0 0 1778
2 13 48 33.1176 5.9052 11.7813 0.490296 1064
2 13 49 30 -2 0 0 1414
2 13 50 30.6732 4.22418 10.9809 0.589248 2072
2 13 51 25.3648 0.733417 2.9646 0.440715 3724
2 13 52 32.0769 8.28281 15.8787 0.631017 1442
2 13 53 27.2433 5.72026 12.2408 0.509351 2408
2 13 54 30.4115 3.81746 10.4497 0.399414 2016
2 13 55 26.617 0.8724 3.30902 0.402782 2996
2 13 56 26.5731 1.91076 6.3881 0.392465 2408
2 13 57 26.0401 1.22333 4.4638 0.534066 3360
2 13 58 29.9017 7.03554 15.8006 0.536485 2366
2 13 59 24.5841 1.42039 4.91273 0.392022 1778
2 13 60 26.8116 1.60689 5.96619 0.422358 2352
2 13 61 25.981 1.09189 3.98652 0.518669 4396
2 13 62 24.488 1.19417 4.27782 0.442106 3234
2 13 63 26.8097 1.30012 4.43901 0.375239 2674
2 14 0 37.5448 23.1246 20 0.156491 266
2 14 1 27 -2 0 0 350
2 14 2 30.7387 26.9219 20 0.204559 280
2 14 3 27.9985 19.4988 20 0.200768 504
2 14 4 28.222 15.1427 12.3288 0.205469 238
2 14 5 28.2161 21.5813 14.2166 0.115235 280
2 14 6 27 -2 0 0 350
2 14 7 42.7714 14.6178 20 0.0552408 308
2 14 8 36.2453 24.7699 20 0.0991684 252
2 14 9 25 -2 0 0 266
2 14 10 28.1972 22.6123 20 0.0752031 280
2 14 11 25 -2 0 0 210
2 14 12 24 -2 0 0 308
2 14 13 25.3864 -3 0 0 168
2 14 14 25.3864 -3 0 0 168
2 14 15 34.8481 23.7669 20 0.14095 238
2 14 16 33.1504 16.6743 20 0.143556 476
2 14 17 21 -2 0 0 336
2 14 18 25.3864 -3 0 0 140
2 14 19 34.7282 20.874 20 0.0190249 294
2 14 20 25.3864 -3 0 0 182
2 14 21 35.8122 21.8202 20 0.164062 378
2 14 22 30.1186 26.8675 19.9999 0.233547 252
2 14 23 39.5781 20.3811 20 0.239919 210
2 14 24 22 -2 0 0 350
2 14 25 27 -2 0 0 294
2 14 26 40.7639 24.4174 20 0.053969 224
2 14 27 30.9487 27.1284 20 0.208143 224
2 14 28 31 -2 0 0 210
2 14 29 25.3864 -3 0 0 196
2 14 30 25.3864 -3 0 0 182
2 14 31 25.3864 -3 0 0 182
2 14 32 25.3864 -3 0 0 140
2 14 33 25.3864 -3 0 0 112
2 14 34 25.3864 -3 0 0 238
2 14 35 28.01 103.866 20 0.109748 238
2 14 36 25.3864 -3 0 0 168
2 14 37 25.3864 -3 0 0 112
2 14 38 25.3864 -3 0 0 126
2 14 39 29.2833 28.6896 20 0.0972539 210
2 14 40 25.3864 -3 0 0 196
2 14 41 25.3864 -3 0 0 140
2 14 42 25.3864 -3 0 0 84
2 14 43 25.3864 -3 0 0 154
2 14 44 25.3864 -3 0 0 112
2 14 45 25.3864 -3 0 0 168
2 14 46 29.3762 34.6283 20 0.143139 210
2 14 47 25.3864 -3 0 0 70
2 14 48 25.3864 -3 0 0 154
2 14 49 25.3864 -3 0 0 140
2 14 50 25.3864 -3 0 0 168
2 14 51 28.9276 28.4912 20 0.129252 238
2 14 52 37.3628 17.2062 20 0.0842008 266
2 14 53 25.3864 -3 0 0 140
2 14 54 25.3864 -3 0 0 98
2 14 55 25.3864 -3 0 0 140
2 14 56 25.3864 -3 0 0 168
2 14 57 18 -2 0 0 210
2 14 58 25.3864 -3 0 0 196
2 14 59 25.3864 -3 0 0 182
2 14 60 25.3864 -3 0 0 168
2 14 61 25.3864 -3 0 0 154
2 14 62 25.3864 -3 0 0 182
2 14 63 27.8192 157.651 14.9605 0.19328 224
2 15 0 22 -2 0 0 266
2 15 1 25.4055 -3 0 0 112
2 15 2 25.4055 -3 0 0 98
2 15 3 25.4055 -3 0 0 126
2 15 4 25.4055 -3 0 0 112
2 15 5 25.4055 -3 0 0 84
2 15 6 25.4055 -3 0 0 168
2 15 7 25.4055 -3 0 0 84
2 15 8 25.4055 -3 0 0 154
2 15 9 25.4055 -3 0 0 168
2 15 10 25.4055 -3 0 0 112
2 15 11 25.4055 -3 0 0 182
2 15 12 25.4055 -3 0 0 70
2 15 13 25.4055 -3 0 0 112
2 15 14 25.4055 -3 0 0 168
2 15 15 25.4055 -3 0 0 112
2 15 16 25.4055 -3 0 0 112
2 15 17 25.4055 -3 0 0 84
2 15 18 25.4055 -3 0 0 98
2 15 19 25.4055 -3 0 0 154
2 15 20 25.4055 -3 0 0 112
2 15 21 25.4055 -3 0 0 140
2 15 22 25.4055 -3 0 0 126
2 15 23 25.4055 -3 0 0 98
2 15 24 25.4055 -3 0 0 182
2 15 25 25.4055 -3 0 0 70
2 15 26 25.4055 -3 0 0 140
2 15 27 25.4055 -3 0 0 196
2 15 28 25.4055 -3 0 0 168
2 15 29 25.4055 -3 0 0 140
2 15 30 25.4055 -3 0 0 98
2 15 31 25.4055 -3 0 0 154
2 15 32 25.4055 -3 0 0 196
2 15 33 25.4055 -3 0 0 140
2 15 34 25.4055 -3 0 0 84
2 15 35 25.4055 -3 0 0 98
2 15 36 25.4055 -3 0 0 182
2 15 37 25.4055 -3 0 0 154
2 15 38 26.7215 27.7996 20 0.181898 224
2 15 39 25.4055 -3 0 0 196
2 15 40 25.4055 -3 0 0 98
2 15 41 25.4055 -3 0 0 168
2 15 42 25.4055 -3 0 0 154
2 15 43 25.4055 -3 0 0 154
2 15 44 25.4055 -3 0 0 140
2 15 45 25.4055 -3 0 0 140
2 15 46 25.4055 -3 0 0 154
2 15 47 25.4055 -3 0 0 168
2 15 48 25.4055 -3 0 0 196
2 15 49 20 -2 0 0 252
2 15 50 33.2403 26.5671 20 0.125235 224
2 15 51 25.4055 -3 0 0 154
2 15 52 25.4055 -3 0 0 126
2 15 53 35.7398 20.5057 20 0.0831459 252
2 15 54 25.4055 -3 0 0 140
2 15 55 25.4055 -3 0 0 182
2 15 56 25.4055 -3 0 0 196
2 15 57 28.381 33.5417 20 0.0797721 224
2 15 58 25.4055 -3 0 0 42
2 15 59 31.0128 12.9463 13.5952 0.183017 252
2 15 60 24 -2 0 0 238
2 15 61 22 -2 0 0 350
2 15 62 29.2544 23.7535 20 0.0483728 238
2 15 63 16 -2 0 0 210
3 0 0 29.3627 1.07462 4.31186 0.306854 3780
3 0 1 24.4165 0.756432 2.72816 0.441826 2912
3 0 2 25.047 0.942958 3.27056 0.428794 2884
3 0 3 25.1253 1.20234 1.89543 0.425066 1834
3 0 4 25.67 1.21874 2.19783 0.365422 1890
3 0 5 25.0584 0.96358 2.9869 0.471917 2198
3 0 6 28.5265 1.08778 3.31418 0.436889 2814
3 0 7 30.8615 2.24413 5.78361 0.384689 2184
3 0 8 25.8235 0.81594 3.13376 0.354932 2674
3 0 9 28.8601 1.32847 3.90135 0.445859 2282
3 0 10 28.291 0.966655 3.18534 0.34462 2044
3 0 11 25.1902 0.843315 2.06253 0.369431 2702
3 0 12 33 -2 0 0 1736
3 0 13 26.455 3.97019 10.5045 0.434313 1876
3 0 14 25.0524 0.72494 2.96082 0.4302 3458
3 0 15 25.8277 27.308 19.3177 0.397871 1820
3 0 16 33 -2 0 0 2114
3 0 17 27.0086 1.14782 2.33033 0.483171 3262
3 0 18 27 -2 0 0 1988
3 0 19 28.0039 1.58466 3.69738 0.415204 1568
3 0 20 28.8718 2.03706 5.48698 0.368495 2646
3 0 21 28.4575 0.857859 2.94474 0.434258 2548
3 0 22 31.4343 2.43804 8.30509 0.369521 2142
3 0 23 25.7149 0.866014 2.56802 0.411651 2828
3 0 24 25 -2 0 0 2898
3 0 25 31.1136 2.16207 6.40034 0.422145 1638
3 0 26 24.4477 0.795531 2.96278 0.380653 3850
3 0 27 25 -2 0 0 1834
3 0 28 21.0026 141.983 20 0.44485 1512
3 0 29 22.42 1.32624 4.54656 0.468398 3948
3 0 30 25.8803 1.00644 2.47096 0.434687 2310
3 0 31 24 -2 0 0 1722
3 0 32 26.5953 0.827751 2.63155 0.390253 1792
3 0 33 26.1583 1.56581 4.3605 0.384632 1862
3 0 34 26.5037 0.9468 3.14668 0.404544 4060
3 0 35 26.0726 3.16575 9.09425 0.372323 1932
3 0 36 27.6582 0.79778 2.72035 0.458036 2226
3 0 37 30.0698 0.801516 2.69867 0.411228 3262
3 0 38 34.7551 9.47748 20 0.435712 2170
3 0 39 29 -2 0 0 2786
3 0 40 25.6132 0.87663 2.35768 0.365928 2548
3 0 41 25.8833 0.965633 2.58693 0.429494 1526
3 0 42 25.1634 1.22382 4.2059 0.481971 3024
3 0 43 26.6156 0.784515 3.0797 0.416716 3290
3 0 44 34.2118 9.14237 20 0.505908 1960
3 0 45 31.8706 17.3239 20 0.454566 1582
3 0 46 25.7996 1.47799 5.86818 0.426225 3864
3 0 47 26.8727 1.02623 3.16744 0.461318 2170
3 0 48 25.894 3.3589 6.68701 0.530008 2142
3 0 49 25.5327 0.703686 2.517 0.397426 2954
3 0 50 25.9143 19.1967 20 0.648004 2114
3 0 51 26.0597 0.730582 2.08392 0.460364 3766
3 0 52 24.5729 0.738499 2.58881 0.475753 3346
3 0 53 25.5671 1.63889 5.16518 0.448099 2156
3 0 54 29.8695 3.08309 6.84842 0.504228 2800
3 0 55 27.4166 0.859592 2.46892 0.43195 3556
3 0 56 25.3969 0.834161 3.26773 0.52623 3304
3 0 57 24.6221 0.948872 3.57405 0.33861 3696
3 0 58 23.9911 0.63971 1.99498 0.426257 2744
3 0 59 24.4411 0.794119 3.0217 0.37434 3934
3 0 60 27.9221 6.07704 10.8295 0.440152 2254
3 0 61 24.8771 1.1713 4.70646 0.343656 5054
3 0 62 25.1666 0.797883 2.75963 0.324631 4536
3 0 63 28.996 1.94292 6.51154 0.573443 3038
3 1 0 23.4435 0.636195 2.00054 0.73199 4746
3 1 1 27.6728 0.552378 2.50356 0.556807 5628
3 1 2 25.2455 0.705178 3.42843 0.560925 5502
3 1 3 26.6229 0.666343 2.22928 0.560055 6874
3 1 4 23.9149 0.576201 1.80124 0.600858 5026
3 1 5 25.0349 0.545549 2.72339 0.342098 5712
3 1 6 26.3058 0.632169 3.05008 0.472229 6510
3 1 7 27.0934 0.775839 2.82124 0.360907 8918
3 1 8 27.1312 0.620191 2.74575 0.42708 5432
3 1 9 22.9844 0.611418 2.866 0.547142 6958
3 1 10 23.9763 0.650032 1.89287 0.559924 8792
3 1 11 27.1852 0.57013 1.97831 0.520595 5040
3 1 12 24.1224 0.565925 2.32059 0.385646 6496
3 1 13 26.7145 0.75124 1.92386 0.675153 7112
3 1 14 24.1486 0.669861 2.55658 0.605413 4312
3 1 15 27.2109 0.70714 2.10789 0.412779 5880
3 1 16 26.7539 1.01826 3.23469 0.343656 10150
3 1 17 26.4306 0.767108 1.87899 0.553521 4648
3 1 18 24.4498 0.63282 1.82263 0.505795 5978
3 1 19 27.5381 0.773942 1.78939 0.530707 8358
3 1 20 25.5409 1.15262 2.67154 0.483377 5628
3 1 21 23.5538 0.607573 2.26057 0.372597 7560
3 1 22 23.3694 0.727559 1.79378 0.6918 7728
3 1 23 31.3034 3.05527 8.07743 0.841282 3990
3 1 24 27.1158 0.968957 2.28199 0.37443 4788
3 1 25 26.5373 0.743486 2.27267 0.550596 8652
3 1 26 27.1345 0.706608 3.56331 0.346964 4074
3 1 27 24.1381 0.792145 2.65022 0.362465 6048
3 1 28 27.4605 0.67996 2.58213 0.454329 6678
3 1 29 25.2683 0.568906 2.57366 0.467663 4494
3 1 30 27.3714 0.680665 1.78992 0.558846 5838
3 1 31 24.3471 0.628301 2.0067 0.486104 7588
3 1 32 24.1162 0.737106 2.45779 0.451321 7028
3 1 33 24.7355 0.956052 2.0197 0.483024 5446
3 1 34 26.1825 0.723476 2.13388 0.553113 4340
3 1 35 24.5558 0.637265 1.53902 0.52683 7112
3 1 36 24.2298 0.794443 2.51201 0.453439 5404
3 1 37 25.4736 0.570591 2.70449 0.311106 4466
3 1 38 24.6338 0.570931 2.6642 0.40819 6496
3 1 39 25.1918 0.686258 2.52908 0.586413 4844
3 1 40 28.0144 0.629219 2.34637 0.464525 5474
3 1 41 25.1555 0.848152 2.3853 0.674429 6020
3 1 42 25.261 0.748294 3.72326 0.464509 4690
3 1 43 24.8147 0.727094 1.95186 0.39642 4508
3 1 44 24.8573 0.667456 2.08662 0.591252 5810
3 1 45 26.0429 0.767428 2.54676 0.688064 5138
3 1 46 25.901 0.705705 2.4605 0.455535 4396
3 1 47 25.5074 0.90234 3.13564 0.499711 7392
3 1 48 26.533 0.67477 2.67645 0.520324 5390
3 1 49 25.0809 0.662172 3.14221 0.420462 4928
3 1 50 27.2293 0.802702 3.63486 0.44789 5488
3 1 51 27.2691 0.850694 2.54739 0.295888 4298
3 1 52 22.9796 1.05161 2.44537 0.517397 4214
3 1 53 24.8757 0.687998 2.63873 0.405074 6328
3 1 54 23.6127 0.578114 2.37031 0.531907 4662
3 1 55 22.7141 1.10558 3.45727 0.597919 3304
3 1 56 23.5191 1.22206 5.45725 0.653448 4900
3 1 57 26.2725 0.798793 3.17536 0.576121 4900
3 1 58 29 -2 0 0 4508
3 1 59 23.9657 0.643639 2.19816 0.540775 3948
3 1 60 25.2818 0.652558 2.66975 0.416107 5614
3 1 61 22.9035 0.688435 3.05347 0.436143 3864
3 1 62 23.4819 1.00854 4.32502 0.407063 3934
3 1 63 22.4589 0.749722 3.17903 0.56337 3626
3 2 0 26.721 1.60846 6.17159 0.35397 4326
3 2 1 28.4578 12.3769 17.6212 0.537929 3612
3 2 2 24.7182 0.764968 2.29265 0.447635 3486
3 2 3 25.5231 0.977761 3.22692 0.348954 2198
3 2 4 26.516 12.0868 16.0654 0.528564 3136
3 2 5 24.8231 8.47619 12.8485 0.400567 2828
3 2 6 24.4426 0.813516 3.44196 0.284513 3220
3 2 7 24.5752 0.996773 2.70652 0.394667 2058
3 2 8 24.0797 0.698039 2.25341 0.437255 2744
3 2 9 24 -2 0 0 2044
3 2 10 25.8521 18.6018 20 0.493322 1722
3 2 11 27.2414 0.879204 3.29012 0.526528 3206
3 2 12 26.3016 1.0605 3.47639 0.349818 2520
3 2 13 24.9759 1.22124 3.42549 0.458726 1666
3 2 14 25.3871 0.857288 3.19439 0.461099 4410
3 2 15 29.6222 13.84 17.6846 0.476767 2128
3 2 16 30.7757 12.4549 20 0.470993 2422
3 2 17 24.6898 1.01889 3.39049 0.384235 3318
3 2 18 25 -2 0 0 2492
3 2 19 29.1714 4.31024 8.35263 0.449323 1890
3 2 20 29.3605 7.54385 14.2747 0.477035 2450
3 2 21 29 -2 0 0 2562
3 2 22 26.0204 15.8057 20 0.450585 1848
3 2 23 24.952 0.795439 2.56252 0.344732 3192
3 2 24 24.071 0.674191 2.3298 0.470926 4074
3 2 25 26.0459 16.8529 16.2592 0.440232 1778
3 2 26 26.4093 0.797661 3.37889 0.36269 4354
3 2 27 27.6574 3.43575 8.47051 0.521781 2324
3 2 28 28.271 1.46634 4.39396 0.346472 1736
3 2 29 26.2808 1.37038 4.89485 0.565694 3192
3 2 30 24.6367 0.663037 2.18714 0.460392 2688
3 2 31 28.8903 2.47634 7.1339 0.504586 1638
3 2 32 29.0194 3.2496 9.79188 0.326256 1512
3 2 33 29.9248 3.86847 10.4283 0.447732 2212
3 2 34 24.8091 0.844986 2.87734 0.306107 4312
3 2 35 29.3093 6.25616 12.6838 0.490188 1778
3 2 36 26 -2 0 0 2366
3 2 37 27 0.753155 2.62014 0.452798 2982
3 2 38 28.122 14.8449 20 0.434813 1876
3 2 39 23.5261 1.11586 2.98213 0.562953 1750
3 2 40 24.7029 0.720248 2.43837 0.336158 2646
3 2 41 26 -2 0 0 1722
3 2 42 28.9493 3.26824 8.11852 0.518057 2324
3 2 43 32 -2 0 0 4018
3 2 44 25.5014 1.36912 4.25528 0.297852 1694
3 2 45 26 -2 0 0 2072
3 2 46 25.7956 0.876752 3.05971 0.335638 4354
3 2 47 23.6666 1.03941 3.3983 0.339968 1974
3 2 48 32.2204 6.55631 14.2696 0.535719 2086
3 2 49 28.9164 1.53633 5.1929 0.396422 2534
3 2 50 22.6299 1.58931 4.49675 0.503664 1582
3 2 51 24.6686 1.21035 4.62117 0.483395 3150
3 2 52 22.2858 0.968172 3.44605 0.450124 3416
3 2 53 22.6022 17.5963 20 0.538592 1890
3 2 54 22.3986 1.23156 3.92637 0.416375 1848
3 2 55 26 -2 0 0 3164
3 2 56 20 -2 0 0 2198
3 2 57 26.5961 0.619816 2.15342 0.54137 2198
3 2 58 23.8542 1.38211 4.83317 0.436808 2478
3 2 59 24.4834 1.29279 4.86535 0.410471 3584
3 2 60 29.2502 12.9213 20 0.471009 1918
3 2 61 24.4378 0.758607 3.38103 0.370049 3850
3 2 62 23.1273 0.926083 2.35873 0.439712 3598
3 2 63 23.3705 0.832522 2.82832 0.460159 2548
3 3 0 25.6343 0.47887 1.99892 0.603067 4564
3 3 1 28.7695 0.653753 2.74272 0.488754 4802
3 3 2 26.0076 0.609091 2.76588 0.347053 4900
3 3 3 26.6043 0.745995 3.81037 0.442055 6328
3 3 4 24.0345 0.731366 2.94162 0.417184 5614
3 3 5 25.1076 0.641766 2.70487 0.366885 5586
3 3 6 23.6123 0.570158 2.95923 0.619059 4956
3 3 7 27.6556 0.64532 2.41128 0.680185 9086
3 3 8 25.2711 0.662922 2.53238 0.594139 4466
3 3 9 24.9576 0.586123 2.77275 0.278662 6426
3 3 10 28.2855 0.742766 2.43617 0.37158 7938
3 3 11 25.3464 0.559171 2.78815 0.318744 5180
3 3 12 25.3961 0.495267 1.98291 0.553668 5712
3 3 13 28.1642 0.779177 1.93295 0.443333 8092
3 3 14 25.82 0.80161 3.07397 0.490653 4466
3 3 15 25.6602 0.594915 2.36384 0.594354 6314
3 3 16 28.1544 0.527574 2.54639 0.603899 9198
3 3 17 24.399 0.689462 1.85567 0.695122 4326
3 3 18 24.8956 1.04874 2.545 0.542236 5950
3 3 19 24.8044 0.542065 2.52336 0.717691 8288
3 3 20 25.5144 0.772565 2.41958 0.573162 5628
3 3 21 27.8625 0.852838 3.44092 0.42609 5726
3 3 22 26.4487 0.539697 2.59027 0.44026 6622
3 3 23 28.1072 0.667759 2.56264 0.46854 5208
3 3 24 25.5337 0.636416 1.87462 0.585803 4970
3 3 25 25.9612 0.480854 2.02606 0.442949 8666
3 3 26 25.6026 0.549356 1.99169 0.641541 4046
3 3 27 31 -2 0 0 6132
3 3 28 26.2341 0.911191 2.20437 0.275747 6888
3 3 29 29.2143 0.715084 2.64316 0.571913 4102
3 3 30 25.824 0.736574 1.77135 0.612166 6678
3 3 31 29.4882 0.803082 3.33913 0.324032 8708
3 3 32 25.7961 0.902423 3.11037 0.331063 7350
3 3 33 27.2694 0.774467 2.64161 0.681588 7126
3 3 34 25.9134 0.724064 3.49778 0.391167 4284
3 3 35 24.8666 0.700951 2.08769 0.436465 8890
3 3 36 28.43 0.644966 1.96328 0.578096 6048
3 3 37 23.9209 0.611205 2.44313 0.55962 5208
3 3 38 28.3215 0.624852 2.74847 0.417768 9814
3 3 39 24.5685 0.673258 3.15076 0.356797 6342
3 3 40 25.1901 0.706636 2.47315 0.349589 5950
3 3 41 26.2143 0.618007 2.14755 0.479169 7084
3 3 42 25.1253 0.603447 2.67524 0.307521 5180
3 3 43 24.603 0.655187 2.15979 0.647538 4480
3 3 44 28.76 0.61429 2.693 0.523472 8092
3 3 45 25.8254 0.603644 2.96328 0.417637 6230
3 3 46 24.7844 0.711653 3.00999 0.542208 4228
3 3 47 25.2051 0.584109 3.15841 0.473186 9324
3 3 48 25.3752 0.729318 1.51053 0.797866 6930
3 3 49 29.4245 0.597711 2.76603 0.433255 5166
3 3 50 25.3398 0.586718 3.10686 0.479211 6608
3 3 51 25.7782 0.64088 3.12591 0.437169 4942
3 3 52 27.777 0.616844 2.82335 0.608833 4564
3 3 53 25.8588 0.694571 1.24076 0.735686 7672
3 3 54 26.6811 0.740178 2.44296 0.851561 6482
3 3 55 28.5645 0.836224 3.00663 0.46679 5194
3 3 56 24.8996 0.552709 2.82232 0.424587 5782
3 3 57 27.97 0.905987 2.36707 0.639362 6188
3 3 58 27.9429 0.696287 2.06262 0.369128 5964
3 3 59 27.955 0.503069 2.30719 0.582691 4802
3 3 60 27.1963 0.721096 3.5201 0.504094 8148
3 3 61 25.1474 0.570028 2.83737 0.31365 4970
3 3 62 27.311 0.596067 2.52809 0.630412 4676
3 3 63 24.2386 0.475826 2.14021 0.732503 4662
3 4 0 29.5676 4.53463 10.4033 0.386968 2212
3 4 1 30 -2 0 0 1456
3 4 2 29.5842 13.4201 16.7979 0.298054 938
3 4 3 26.411 24.5273 20 0.239693 896
3 4 4 23 -2 0 0 462
3 4 5 23.3798 129.326 18.3767 0.299907 910
3 4 6 24 -2 0 0 700
3 4 7 26.5191 29.0218 20 0.145178 238
3 4 8 27 -2 0 0 1064
3 4 9 33.5311 13.9688 20 0.262847 1064
3 4 10 27.443 18.1473 20 0.330937 1232
3 4 11 23 -2 0 0 742
3 4 12 23 -2 0 0 434
3 4 13 27.9704 27.9616 20 0.132254 378
3 4 14 26 -2 0 0 1848
3 4 15 27.1918 24.7928 20 0.156517 336
3 4 16 22 -2 0 0 1078
3 4 17 24 -2 0 0 630
3 4 18 30.532 13.2431 14.0018 0.170256 378
3 4 19 33.1902 13.1277 16.5381 0.284067 546
3 4 20 23 -2 0 0 294
3 4 21 27.5489 4.75354 9.00185 0.297495 826
3 4 22 35.0362 8.58184 15.0552 0.390225 1120
3 4 23 29.605 26.4406 20 0.374378 588
3 4 24 27.1521 2.32209 4.44849 0.413069 1876
3 4 25 24.5756 31.4654 20 0.1747 322
3 4 26 31.2111 14.7606 20 0.257602 1008
3 4 27 31.2876 9.39364 10.8929 0.235106 364
3 4 28 24 -2 0 0 322
3 4 29 30.2324 16.7807 20 0.201075 658
3 4 30 34.0859 20.6324 20 0.17272 336
3 4 31 28.1662 31.8047 20 0.143627 308
3 4 32 27.4562 30.0891 20 0.161382 280
3 4 33 25.2901 32.5791 20 0.153904 336
3 4 34 20 -2 0 0 686
3 4 35 26 -2 0 0 350
3 4 36 25 -2 0 0 476
3 4 37 28.607 25.3372 20 0.149404 434
3 4 38 25 -2 0 0 406
3 4 39 31.4335 24.2803 20 0.104445 238
3 4 40 32 -2 0 0 350
3 4 41 23 -2 0 0 266
3 4 42 22 -2 0 0 266
3 4 43 34.6822 16.7548 18.5871 0.147926 420
3 4 44 24.3257 36.9454 19.7763 0.0675992 238
3 4 45 27 -2 0 0 364
3 4 46 25.6186 20.6148 20 0.188654 546
3 4 47 35.3617 19.0399 20 0.207451 280
3 4 48 36.2702 19.7869 20 0.158711 252
3 4 49 34.2721 19.7706 20 0.125312 322
3 4 50 30.9574 16.7589 16.0271 0.0965944 210
3 4 51 31.2127 12.5148 13.1658 0.263896 406
3 4 52 31.3212 14.973 16.208 0.128673 364
3 4 53 19 -2 0 0 378
3 4 54 20 -2 0 0 420
3 4 55 28.9841 23.6209 20 0.20274 448
3 4 56 24.9117 -3 0 0 140
3 4 57 34.0725 18.1052 20 0.21223 518
3 4 58 28 -2 0 0 294
3 4 59 29.4918 19.278 20 0.24454 518
3 4 60 31.8037 21.3691 20 0.0985979 364
3 4 61 23.0742 27.3813 20 0.246656 434
3 4 62 27.7973 16.1995 20 0.302571 616
3 4 63 26.3775 27.0269 20 0.208146 294
3 5 0 29.1587 3.80239 8.05619 0.29733 714
3 5 1 34.0597 18.1212 20 0.163489 476
3 5 2 30.605 18.8064 20 0.210357 714
3 5 3 26.537 26.1118 18.777 0.414802 1064
3 5 4 30.6798 6.27459 13.3447 0.270464 910
3 5 5 26.0645 1.75886 4.49342 0.353929 770
3 5 6 27.2131 16.649 20 0.303038 798
3 5 7 27.175 1.83844 5.29729 0.330638 1190
3 5 8 32.1289 5.7108 9.85227 0.36237 812
3 5 9 24.3713 3.84819 7.2894 0.354563 868
3 5 10 26.1049 20.5225 20 0.364884 1092
3 5 11 27 -2 0 0 714
3 5 12 25.4258 21.4098 20 0.336927 826
3 5 13 30.4999 3.14097 5.4962 0.428168 966
3 5 14 29.2435 19.1156 20 0.357119 630
3 5 15 24.5484 23.51 20 0.319107 868
3 5 16 29 -2 0 0 1078
3 5 17 20 -2 0 0 714
3 5 18 24.8474 0.880644 2.07985 0.443398 938
3 5 19 29.451 3.11101 7.07746 0.406424 1498
3 5 20 34.8246 8.84162 15.5958 0.533397 938
3 5 21 30.4745 7.20853 13.3027 0.285359 812
3 5 22 33.3775 12.6266 20 0.398021 1092
3 5 23 26.6327 19.458 20 0.473139 952
3 5 24 35.7723 15.0218 20 0.275527 504
3 5 25 28.924 2.32965 6.85625 0.4084 1358
3 5 26 26 -2 0 0 574
3 5 27 29.1361 2.40296 5.55794 0.360628 1092
3 5 28 29 -2 0 0 1232
3 5 29 28.483 1.39247 3.99431 0.389884 938
3 5 30 26.6456 2.13021 4.52161 0.529175 952
3 5 31 27.8727 1.37407 5.08776 0.42523 1764
3 5 32 24.4941 0.941968 2.72878 0.525636 1540
3 5 33 26.9768 2.60932 7.6821 0.240387 1190
3 5 34 28 -2 0 0 854
3 5 35 30.6266 7.21724 14.5898 0.548603 1862
3 5 36 27.5683 2.15406 5.21466 0.239637 980
3 5 37 23.3938 19.4787 20 0.435796 896
3 5 38 30.0525 2.79971 9.0132 0.589964 2296
3 5 39 27.8414 1.38448 5.03411 0.477453 2114
3 5 40 35.3475 5.79159 13.6805 0.3151 1120
3 5 41 25 -2 0 0 1554
3 5 42 29.8871 1.64692 4.00985 0.409644 966
3 5 43 25.5533 21.316 20 0.394936 812
3 5 44 25.0697 0.819866 2.79628 0.521947 2842
3 5 45 23 -2 0 0 1694
3 5 46 27 -2 0 0 952
3 5 47 28.5608 0.759235 2.34166 0.465111 4746
3 5 48 27.1625 5.85607 9.38415 0.373753 1190
3 5 49 22.4201 146.174 13.3673 0.569102 1022
3 5 50 28.0517 0.639472 2.14589 0.584739 2730
3 5 51 27.814 1.55385 4.33152 0.538822 2492
3 5 52 23 -2 0 0 1148
3 5 53 24.0391 1.08884 3.12752 0.449206 2282
3 5 54 23.7797 1.43317 4.27873 0.434362 2086
3 5 55 25.3438 4.32702 9.28511 0.525407 1344
3 5 56 30 -2 0 0 1764
3 5 57 33.2341 9.67127 20 0.595522 2240
3 5 58 23 -2 0 0 1344
3 5 59 26 -2 0 0 938
3 5 60 23.0655 0.882079 2.80527 0.380949 2884
3 5 61 29.0355 14.2177 17.0459 0.559276 2338
3 5 62 28.3123 7.28319 13.3266 0.449194 1694
3 5 63 32 -2 0 0 1330
3 6 0 33.9361 27.7246 20 0.248088 252
3 6 1 28.378 27.1779 20 0.0895643 336
3 6 2 26.1179 -3 0 0 196
3 6 3 26.1179 -3 0 0 98
3 6 4 22 -2 0 0 266
3 6 5 26.1179 -3 0 0 154
3 6 6 26.1179 -3 0 0 182
3 6 7 26.1179 -3 0 0 112
3 6 8 26.1179 -3 0 0 196
3 6 9 26.1179 -3 0 0 140
3 6 10 26.1179 -3 0 0 84
3 6 11 18 -2 0 0 224
3 6 12 26.1179 -3 0 0 154
3 6 13 26.1179 -3 0 0 140
3 6 14 42.5109 18.173 20 0.0366155 238
3 6 15 26.1179 -3 0 0 196
3 6 16 26.1179 -3 0 0 196
3 6 17 26.1179 -3 0 0 126
3 6 18 26.1179 -3 0 0 70
3 6 19 26.1179 -3 0 0 28
3 6 20 26.1179 -3 0 0 140
3 6 21 26.1179 -3 0 0 196
3 6 22 26.1179 -3 0 0 140
3 6 23 26.1179 -3 0 0 126
3 6 24 26.1179 -3 0 0 98
3 6 25 26.1179 -3 0 0 70
3 6 26 30.4931 30.8153 19.9999 0.300174 210
3 6 27 26.1179 -3 0 0 112
3 6 28 26.1179 -3 0 0 112
3 6 29 26.1179 -3 0 0 182
3 6 30 26.1179 -3 0 0 182
3 6 31 26.1179 -3 0 0 168
3 6 32 26.1179 -3 0 0 84
3 6 33 26.1179 -3 0 0 140
3 6 34 26.1179 -3 0 0 182
3 6 35 26.1179 -3 0 0 112
3 6 36 26.1179 -3 0 0 84
3 6 37 26.1179 -3 0 0 154
3 6 38 26.1179 -3 0 0 70
3 6 39 26.1179 -3 0 0 168
3 6 40 26.1179 -3 0 0 112
3 6 41 26.1179 -3 0 0 42
3 6 42 26.1179 -3 0 0 168
3 6 43 18 -2 0 0 210
3 6 44 26.1179 -3 0 0 154
3 6 45 26.1179 -3 0 0 70
3 6 46 26.1179 -3 0 0 126
3 6 47 26.1179 -3 0 0 56
3 6 48 26.1179 -3 0 0 154
3 6 49 26.1179 -3 0 0 42
3 6 50 26.1179 -3 0 0 70
3 6 51 26.1179 -3 0 0 126
3 6 52 26.1179 -3 0 0 70
3 6 53 26.1179 -3 0 0 84
3 6 54 26.1179 -3 0 0 84
3 6 55 26.1179 -3 0 0 70
3 6 56 26.1179 -3 0 0 42
3 6 57 26.1179 -3 0 0 84
3 6 58 26.1179 -3 0 0 84
3 6 59 26.1179 -3 0 0 140
3 6 60 26.1179 -3 0 0 56
3 6 61 26 -2 0 0 224
3 6 62 26.1179 -3 0 0 84
3 6 63 26.1179 -3 0 0 168
3 7 0 25 -2 0 0 210
3 7 1 25.5663 -3 0 0 140
3 7 2 25.5663 -3 0 0 126
3 7 3 25.5663 -3 0 0 140
3 7 4 25.5663 -3 0 0 126
3 7 5 30.2259 6.16462 7.86395 0.124158 210
3 7 6 25.5663 -3 0 0 98
3 7 7 32.318 17.2848 10.293 0.370463 252
3 7 8 25.5663 -3 0 0 112
3 7 9 24 -2 0 0 252
3 7 10 25.5663 -3 0 0 140
3 7 11 26.2535 23.2919 12.8252 0.187811 210
3 7 12 25.5663 -3 0 0 140
3 7 13 25.5663 -3 0 0 168
3 7 14 25.5663 -3 0 0 98
3 7 15 30.1634 9.79916 11.0053 0.128947 210
3 7 16 36.0982 19.2045 19.9997 0.225428 308
3 7 17 25.5663 -3 0 0 98
3 7 18 25.5663 -3 0 0 112
3 7 19 29.8233 32.1516 19.9993 0.10874 224
3 7 20 25.5663 -3 0 0 154
3 7 21 25.5663 -3 0 0 154
3 7 22 25.5663 -3 0 0 196
3 7 23 25.5663 -3 0 0 112
3 7 24 25.5663 -3 0 0 154
3 7 25 25.5663 -3 0 0 154
3 7 26 25.5663 -3 0 0 140
3 7 27 28.6642 8.4468 8.44189 0.27899 308
3 7 28 24 -2 0 0 224
3 7 29 25.5663 -3 0 0 154
3 7 30 19 -2 0 0 322
3 7 31 25.5663 -3 0 0 182
3 7 32 25.5663 -3 0 0 168
3 7 33 25.5663 -3 0 0 112
3 7 34 25.5663 -3 0 0 154
3 7 35 28.3754 36.7344 20 0.29426 308
3 7 36 25.5663 -3 0 0 168
3 7 37 25.5663 -3 0 0 140
3 7 38 35.1407 22.0856 20 0.128676 434
3 7 39 27 -2 0 0 350
3 7 40 35.9888 15.8324 20 0.080328 322
3 7 41 25.5663 -3 0 0 196
3 7 42 25.5663 -3 0 0 182
3 7 43 25.5663 -3 0 0 168
3 7 44 23 -2 0 0 294
3 7 45 25 -2 0 0 294
3 7 46 25.5663 -3 0 0 112
3 7 47 26.7857 29.1821 20 0.227442 574
3 7 48 26.654 22.81 14.4846 0.183288 210
3 7 49 25.5663 -3 0 0 140
3 7 50 32.8696 23.1956 20 0.165707 308
3 7 51 31.2799 31.1993 19.8712 0.204268 392
3 7 52 28.3802 10.6646 11.0982 0.227807 252
3 7 53 29 -2 0 0 280
3 7 54 24.2325 34.6985 20 0.291831 252
3 7 55 25.5663 -3 0 0 168
3 7 56 24.1999 32.3624 20 0.261811 266
3 7 57 22 -2 0 0 252
3 7 58 24 -2 0 0 280
3 7 59 34.2975 25.4166 20 0.0518492 238
3 7 60 29 -2 0 0 350
3 7 61 25.5663 -3 0 0 196
3 7 62 27 -2 0 0 308
3 7 63 22 -2 0 0 210
3 8 0 22.5357 0.504883 2.51813 0.367176 8736
3 8 1 23.6354 0.593652 1.92266 0.452406 7518
3 8 2 22.8375 0.573838 2.52798 0.439225 7868
3 8 3 23.914 0.506164 1.82769 0.466169 7742
3 8 4 24.2757 0.563048 1.79977 0.486682 7938
3 8 5 25.8917 0.673334 3.75309 0.54937 7826
3 8 6 23.7243 0.838292 1.68518 0.575206 8106
3 8 7 22.812 0.580949 2.3281 0.473954 8036
3 8 8 24.9739 0.605553 2.33345 0.347204 7924
3 8 9 26.6336 0.563752 2.05069 0.757246 8148
3 8 10 24.5052 0.86783 1.90219 0.564346 8106
3 8 11 24.6592 0.63636 2.30112 0.465399 8176
3 8 12 24.2029 0.590118 1.64682 0.560446 7434
3 8 13 24.5491 0.583973 1.72369 0.441257 7014
3 8 14 23.7046 0.486777 2.91007 0.619024 7630
3 8 15 24.8048 0.596022 1.44096 0.509327 7910
3 8 16 24.4081 0.543176 2.36913 0.336117 7784
3 8 17 24.6307 -3 0 0 7896
3 8 18 24.0177 0.513951 2.58005 0.34558 7966
3 8 19 24.4906 0.59885 2.7813 0.312141 7728
3 8 20 24.3061 0.681829 1.69473 0.62306 8358
3 8 21 23.0406 0.998855 2.76021 0.439722 7476
3 8 22 23.6376 0.498899 2.6174 0.46541 7224
3 8 23 24.2891 0.562887 2.43309 0.327696 9044
3 8 24 25.0755 0.56959 2.66689 0.296596 7630
3 8 25 24.2694 0.801082 1.84198 0.562991 8554
3 8 26 25.2934 0.530473 2.68716 0.572812 8106
3 8 27 24.7827 0.566371 2.11983 0.42875 8666
3 8 28 24.5834 0.514508 2.75086 0.401244 8414
3 8 29 24.5092 0.505714 2.62947 0.392264 8176
3 8 30 24.1045 0.736821 1.58605 0.482815 8162
3 8 31 24.2991 0.455842 1.86894 0.458606 9450
3 8 32 24.3851 0.621461 2.10308 0.440766 8246
3 8 33 24.3916 0.600961 2.16008 0.456549 9282
3 8 34 23.6051 0.749066 2.2521 0.68532 8652
3 8 35 23.6436 0.677295 2.42636 0.457435 9912
3 8 36 24.4421 0.74331 2.48263 0.434328 8946
3 8 37 24.7313 0.653692 2.26293 0.487928 9338
3 8 38 26.8039 0.576694 1.88078 0.555201 10822
3 8 39 23.2705 0.703033 2.66747 0.599498 11466
3 8 40 24.0199 0.579322 2.4287 0.516107 9100
3 8 41 27.6791 0.631399 1.8552 0.552581 9324
3 8 42 24.9664 0.486499 1.85334 0.540996 10150
3 8 43 26.883 0.578618 2.23581 0.49218 9898
3 8 44 23.4591 0.656697 2.35293 0.455163 9646
3 8 45 24.2363 0.435848 1.94284 0.444447 9226
3 8 46 24.4882 0.544531 2.25477 0.353106 9184
3 8 47 23.4138 0.640254 2.868 0.31631 10906
3 8 48 26.7093 0.591841 2.58766 0.420682 9226
3 8 49 27.062 0.630623 1.72291 0.629415 9366
3 8 50 24.0643 0.581648 2.76349 0.465338 10360
3 8 51 23.974 0.604237 1.91447 0.516857 11158
3 8 52 24.1984 0.661288 2.23009 0.481196 9324
3 8 53 22.9593 0.535392 2.52295 0.70982 10948
3 8 54 26.1544 0.549897 2.32002 0.510839 10500
3 8 55 27.0955 0.62994 2.02752 0.536344 9758
3 8 56 25.2819 0.665193 1.91906 0.570576 11536
3 8 57 23.1472 0.594889 2.01817 0.579534 11060
3 8 58 24.2469 0.564506 2.50498 0.569821 9618
3 8 59 22.8057 0.560607 2.35783 0.464774 9674
3 8 60 23.3018 0.517395 2.39875 0.394529 10108
3 8 61 23.7874 0.568163 2.17747 0.495998 10626
3 8 62 23.0043 0.708917 2.14875 0.46401 10668
3 8 63 26.2985 0.675869 1.66646 0.695463 10486
3 9 0 25.4396 0.990522 1.75898 0.555715 10766
3 9 1 24.311 1.05284 2.92357 0.492359 8988
3 9 2 26.8175 0.717267 1.95625 0.452348 9394
3 9 3 24.0682 0.620113 2.51747 0.449828 6636
3 9 4 24.7636 0.616019 2.1084 0.327317 6818
3 9 5 24.3754 0.597675 2.68321 0.354325 7462
3 9 6 24.2036 0.67588 2.01464 0.455873 8400
3 9 7 24.4289 0.517789 2.18484 0.422708 4186
3 9 8 26.8948 0.596967 2.47362 0.488496 9044
3 9 9 26.7742 0.755041 2.48809 0.569055 7070
3 9 10 24.6556 0.557762 2.43125 0.54308 5712
3 9 11 27.0258 0.629321 1.85435 0.363984 7980
3 9 12 25.6895 0.566175 2.82271 0.511779 6776
3 9 13 27.4688 0.702422 2.46683 0.502253 5502
3 9 14 24.3335 0.532836 1.89225 0.629563 9632
3 9 15 23.9916 1.12145 2.42669 0.462464 5572
3 9 16 23.3263 0.941648 2.39177 0.571663 4816
3 9 17 24.1956 0.457329 2.24867 0.44123 8722
3 9 18 26.4964 0.746434 2.97334 0.596344 6622
3 9 19 27.0535 0.611357 2.90653 0.375353 4984
3 9 20 24.8095 0.582266 1.8286 0.412022 6748
3 9 21 24.0457 0.590086 2.99612 0.338846 7588
3 9 22 25.2163 0.785068 1.16147 0.787023 5404
3 9 23 24.5803 0.547946 1.98511 0.585392 7252
3 9 24 27.399 0.479239 2.64155 0.415065 8582
3 9 25 24.4152 0.544684 2.43395 0.515348 4690
3 9 26 25.7106 0.53876 2.66564 0.292685 9730
3 9 27 24.3836 0.678355 2.05237 0.584091 5600
3 9 28 24.4717 0.542417 1.95799 0.656052 4746
3 9 29 25.3158 0.633506 2.44343 0.391375 8386
3 9 30 24.6474 0.493415 2.23513 0.628729 6482
3 9 31 27.7533 0.631912 2.68461 0.54783 4410
3 9 32 24.0982 0.952011 4.08252 0.429406 4774
3 9 33 25.3941 1.06683 1.63962 0.431416 5600
3 9 34 25.219 0.576561 1.95348 0.544444 8288
3 9 35 27.9529 0.708234 3.02578 0.438999 4284
3 9 36 25.5761 0.56673 2.33812 0.432816 5964
3 9 37 25.4046 0.576544 1.90752 0.674571 6496
3 9 38 24.7537 0.546817 2.30238 0.429833 4312
3 9 39 24.5262 0.746878 1.93507 0.573985 5404
3 9 40 27.2039 0.854699 3.94544 0.424225 6230
3 9 41 23.8051 0.573847 2.54698 0.478733 4480
3 9 42 24.3548 0.657151 1.96361 0.519352 6174
3 9 43 25.0071 0.55548 1.84499 0.5751 6944
3 9 44 24.7224 0.648613 1.81208 0.618059 4410
3 9 45 26.516 0.543106 2.78137 0.337204 5586
3 9 46 25.3719 0.562712 1.61933 0.654477 7728
3 9 47 25.1507 0.871658 2.30602 0.396727 3906
3 9 48 24.8771 0.525109 2.27555 0.523974 5110
3 9 49 27.7299 0.650522 2.38021 0.406934 6538
3 9 50 25.7607 0.525226 1.86876 0.548558 4970
3 9 51 26.1942 0.71484 3.74608 0.515281 7154
3 9 52 23.7551 0.783501 1.89287 0.766608 6482
3 9 53 27.5687 0.716509 2.43783 0.492621 4102
3 9 54 25.5962 3.45828 11.0938 0.902686 4984
3 9 55 26.0515 0.685931 1.91079 0.395481 6524
3 9 56 24.095 0.569542 2.15069 0.332142 6118
3 9 57 23.8809 0.698716 1.83504 0.495444 6272
3 9 58 23.042 0.618759 1.607 0.780392 5474
3 9 59 24.0062 0.599428 2.33215 0.428105 7714
3 9 60 25.4832 0.809324 2.64074 0.459041 5586
3 9 61 22.2111 0.606689 2.50523 0.346639 7070
3 9 62 24.301 0.620395 2.4125 0.480843 7616
3 9 63 24.6962 0.575541 2.59584 0.310719 6412
3 10 0 26.7742 0.581944 2.09076 0.609624 11200
3 10 1 27.4514 0.743753 2.80498 0.287499 11564
3 10 2 24.3778 0.451291 2.59379 0.424243 11396
3 10 3 26.4323 0.493182 2.5713 0.53592 9632
3 10 4 24.0632 0.44325 2.01159 0.464345 10388
3 10 5 23.1901 0.828278 2.17974 0.468848 11116
3 10 6 24.2331 0.667163 1.90602 0.561841 11102
3 10 7 25.5567 0.676824 2.62141 0.520505 10612
3 10 8 24.9289 0.486968 2.07112 0.428282 10640
3 10 9 24.2173 0.463823 2.52286 0.427155 11130
3 10 10 23.696 0.465069 2.51541 0.633098 11438
3 10 11 24.3305 0.55649 2.17917 0.481525 10024
3 10 12 23.3607 0.53806 1.78789 0.735745 10052
3 10 13 24.1068 0.490569 1.91235 0.490527 9940
3 10 14 27.0633 0.484275 2.82264 0.316142 11088
3 10 15 24.2378 0.552511 2.21575 0.35997 9884
3 10 16 23.283 0.53904 2.4806 0.573131 10668
3 10 17 24.5866 0.525264 2.74568 0.368066 10542
3 10 18 23.1713 0.526472 1.9392 0.514456 10360
3 10 19 26.9918 0.624543 1.79638 0.593198 10584
3 10 20 26.9731 0.68118 1.96791 0.600783 9590
3 10 21 23.5164 0.410073 1.71707 0.624616 10780
3 10 22 24.4216 0.835741 2.68572 0.502131 9744
3 10 23 23.9454 0.685616 2.76535 0.411777 9884
3 10 24 24.4075 0.701681 2.17745 0.406437 10276
3 10 25 23.6097 0.485546 2.72927 0.298855 9772
3 10 26 24.5143 0.510621 2.67236 0.450309 10206
3 10 27 23.7889 0.581647 1.60654 0.638842 9002
3 10 28 24.3835 0.58066 1.88108 0.438474 9562
3 10 29 26.81 0.814268 2.96853 0.415638 10794
3 10 30 29 -2 0 0 9800
3 10 31 27.1053 0.547577 2.59212 0.450634 10416
3 10 32 26.0041 0.486395 2.04001 0.640432 9464
3 10 33 23.6106 0.439362 2.1644 0.502189 8764
3 10 34 26.9574 0.510889 2.04294 0.697296 10542
3 10 35 26.3443 0.514723 2.72562 0.42963 10276
3 10 36 26.3342 0.700006 2.29802 0.344427 10206
3 10 37 25.4712 0.733296 2.96242 0.683774 10430
3 10 38 23.6745 0.389274 2.13829 0.575098 9436
3 10 39 26.3899 0.566635 2.79525 0.270677 9996
3 10 40 27.4037 0.469408 2.13464 0.441841 10472
3 10 41 23.3135 0.531911 2.35348 0.630469 8092
3 10 42 26.5367 0.6143 2.66014 0.485147 9548
3 10 43 23.9162 0.447427 2.75147 0.484237 9464
3 10 44 22.8102 0.556254 2.13472 0.669997 8834
3 10 45 26.7813 0.660841 2.26479 0.348136 9296
3 10 46 23.789 0.657276 1.94 0.565371 9576
3 10 47 23.418 0.497627 2.42552 0.485154 10164
3 10 48 22.627 0.72072 2.36565 0.663459 9254
3 10 49 26.29 0.707577 1.92648 0.669851 9828
3 10 50 26.5987 0.820998 2.42494 0.376974 9562
3 10 51 23.7312 0.453578 1.95686 0.492374 9548
3 10 52 23.3189 0.497852 1.45456 0.654479 9604
3 10 53 23.1474 0.543211 2.18171 0.508378 9618
3 10 54 23.3115 0.443537 2.11273 0.383178 9422
3 10 55 22.7094 0.629146 2.5782 0.562163 9352
3 10 56 23.5057 0.492972 2.5132 0.413341 9898
3 10 57 23.4836 0.691629 1.44924 0.615671 9982
3 10 58 22.8053 0.573526 2.24908 0.374063 8974
3 10 59 23.3208 0.56649 2.86613 0.345355 10318
3 10 60 26.5114 0.514715 2.92037 0.404001 9926
3 10 61 23.5102 0.736883 2.47923 0.657526 10430
3 10 62 25.4129 0.541499 2.2974 0.374434 10290
3 10 63 22.6514 0.511896 2.31375 0.492409 9380
3 11 0 24.7205 0.615924 2.4875 0.484336 10038
3 11 1 28.1448 0.71337 3.14466 0.461508 8946
3 11 2 23.8807 0.471509 2.40585 0.47406 8260
3 11 3 24.3502 0.769217 2.52405 0.466084 6076
3 11 4 25.1234 0.87426 2.38985 0.498673 6818
3 11 5 25.9808 0.714284 1.93488 0.446303 7014
3 11 6 24.2509 0.609084 1.52962 0.683737 6958
3 11 7 25.3406 0.825491 3.64638 0.662037 4284
3 11 8 24.6612 0.700894 2.02749 0.488973 7700
3 11 9 25.7077 0.60573 2.47341 0.400313 5978
3 11 10 24.5358 0.562415 2.83978 0.375158 5306
3 11 11 25.2294 0.615414 2.8883 0.548382 7896
3 11 12 24.8044 0.593494 2.57288 0.404005 6538
3 11 13 28.2376 0.792293 2.76483 0.500834 5586
3 11 14 25.6488 0.669424 2.6819 0.443003 9058
3 11 15 24.5879 0.559875 2.51717 0.617392 6202
3 11 16 24.966 0.496305 2.36278 0.569388 4900
3 11 17 25.195 0.574886 2.67381 0.487441 8862
3 11 18 25.2154 0.526639 2.67145 0.481524 6510
3 11 19 27.2948 0.749632 3.44925 0.426093 4732
3 11 20 25.8803 0.562294 2.05598 0.350715 7280
3 11 21 26.8184 0.984136 3.14517 0.371692 7112
3 11 22 28.2307 0.841746 2.60278 0.668878 5138
3 11 23 35 -2 0 0 8750
3 11 24 24.3556 1.31041 2.38236 0.683277 7742
3 11 25 27.6002 0.501788 2.44265 0.479537 5502
3 11 26 28.4307 0.557598 2.28545 0.488159 10402
3 11 27 25.8122 0.543389 2.07622 0.344421 6216
3 11 28 25.8818 0.666189 2.6935 0.35569 5194
3 11 29 25.6563 0.603963 2.21177 0.618681 8456
3 11 30 27.3688 0.56269 2.44331 0.625452 7322
3 11 31 33 -2 0 0 4984
3 11 32 25.5188 0.531093 1.78659 0.570134 5530
3 11 33 24.5034 0.655195 2.08064 0.42175 6272
3 11 34 28.6003 0.628144 1.99314 0.532444 9730
3 11 35 24.5548 0.721638 3.23538 0.489786 5068
3 11 36 25.0278 0.539188 2.0975 0.582599 6636
3 11 37 25.2486 0.57206 2.01523 0.381078 8568
3 11 38 24.931 0.494259 2.22731 0.427843 4914
3 11 39 25.4383 0.640172 2.82991 0.344085 7966
3 11 40 25.5552 0.480335 2.23998 0.710174 7812
3 11 41 25.3471 0.764294 1.52433 0.569545 6076
3 11 42 25.4454 0.688514 1.64439 0.496673 7518
3 11 43 25.0427 0.561225 2.28368 0.429647 8974
3 11 44 25.7669 0.655399 1.9674 0.420686 6104
3 11 45 27.2847 0.8565 3.40229 0.369188 6846
3 11 46 27.2969 0.655355 2.31499 0.649712 10290
3 11 47 24.3283 0.56337 2.56597 0.583381 5222
3 11 48 26.1426 0.549346 2.48388 0.303059 7084
3 11 49 25.0667 0.576677 2.30278 0.347422 8162
3 11 50 27.6608 0.581487 2.30963 0.464652 6510
3 11 51 25.0948 0.561765 2.78424 0.379819 9562
3 11 52 25.3804 0.529103 2.4165 0.411531 8512
3 11 53 23.4111 0.617428 2.70732 0.553404 6636
3 11 54 25.3469 0.442286 2.42772 0.447772 6790
3 11 55 25.7086 0.741466 2.24787 0.449904 9338
3 11 56 24.5959 0.626439 2.17656 0.521358 7938
3 11 57 25.4002 1.21307 3.4256 0.624333 8834
3 11 58 23.7582 0.816142 2.28751 0.423995 8204
3 11 59 24.9833 0.471021 2.07183 0.421556 9212
3 11 60 25.3285 0.560697 2.3347 0.535978 6454
3 11 61 24.4043 0.613167 2.78218 0.429981 11508
3 11 62 23.6788 0.645141 2.71974 0.367658 10052
3 11 63 23.57 0.788849 3.19653 0.353333 8512
3 12 0 27.3875 0.614866 2.49181 0.735753 6972
3 12 1 27.8768 0.617569 3.1587 0.441861 6524
3 12 2 27.2091 0.773315 2.34971 0.551685 6314
3 12 3 27.7175 0.623472 2.50677 0.421445 4872
3 12 4 28.1469 0.661549 3.47957 0.440471 4970
3 12 5 29.0513 0.757678 2.09709 0.547906 5670
3 12 6 23.6361 0.600646 2.5159 0.492038 5894
3 12 7 27.8385 0.765039 3.41129 0.34354 5040
3 12 8 27.2375 0.960635 3.69612 0.480288 5628
3 12 9 29.0076 0.759451 3.31388 0.304819 5432
3 12 10 34 -2 0 0 6244
3 12 11 27.9381 0.684844 2.76102 0.561382 3976
3 12 12 23.9022 0.800623 2.88789 0.350094 5180
3 12 13 25.1342 0.564102 2.65033 0.46719 3948
3 12 14 28.1068 0.617346 2.01251 0.529604 5642
3 12 15 28.0204 0.707062 2.68499 0.326851 3850
3 12 16 28.6738 0.680389 3.42859 0.413327 6818
3 12 17 28.603 0.951601 2.41644 0.416662 4452
3 12 18 29.2137 0.630265 2.53482 0.457334 4858
3 12 19 32 -2 0 0 3780
3 12 20 26 -2 0 0 4004
3 12 21 28.3026 0.617894 3.3972 0.484583 6006
3 12 22 24.2619 0.558995 2.45165 0.498691 5082
3 12 23 28.8461 1.01131 4.20687 0.488467 3318
3 12 24 28.1667 0.518121 2.67701 0.367684 5572
3 12 25 29.5501 1.38099 5.90873 0.628428 3598
3 12 26 28.0982 0.906607 2.99426 0.37476 4228
3 12 27 25.9256 0.791211 3.40704 0.571002 3066
3 12 28 27.0435 0.623173 2.70757 0.449367 3752
3 12 29 29.0942 0.657584 2.97672 0.422463 3640
3 12 30 28.89 0.717233 2.95061 0.637694 3780
3 12 31 27.9156 0.932555 3.23572 0.598622 4088
3 12 32 26.2534 0.691367 2.1485 0.434788 3780
3 12 33 28.5444 0.889318 3.46592 0.523503 3080
3 12 34 29.0563 0.747318 2.04924 0.377914 4060
3 12 35 30.4846 1.55546 4.99993 0.498312 2604
3 12 36 25.4184 0.601141 2.34921 0.490829 2674
3 12 37 25.8471 0.845538 3.51314 0.467306 3024
3 12 38 29.705 0.945065 4.13832 0.348694 2562
3 12 39 27.381 1.28031 5.30581 0.413308 2450
3 12 40 25.7382 1.83824 4.15252 0.461216 3500
3 12 41 24.7714 0.714531 3.22576 0.350326 2912
3 12 42 24.3972 1.26221 5.00833 0.570662 2716
3 12 43 29.4117 0.876126 3.48552 0.543893 3108
3 12 44 29.1114 0.638027 2.88684 0.403143 2450
3 12 45 33 -2 0 0 2296
3 12 46 26.4273 0.924892 3.69018 0.540132 3584
3 12 47 30.4485 2.44704 7.91835 0.564878 2436
3 12 48 24.3917 0.639235 2.13475 0.745711 2828
3 12 49 26.0823 1.14056 4.6073 0.510555 2506
3 12 50 28.862 0.653654 2.47697 0.451166 2310
3 12 51 25.5657 1.05688 3.85894 0.456219 2282
3 12 52 24.0251 16.2047 20 0.725201 2156
3 12 53 28.3915 1.78343 7.24006 0.338749 2310
3 12 54 25.8846 1.00156 4.09222 0.544074 2744
3 12 55 25.8562 0.719455 3.01686 0.546704 2464
3 12 56 27.5155 1.07536 2.39078 0.348438 2156
3 12 57 27.6175 0.738864 2.42458 0.415596 2310
3 12 58 25.3125 1.22502 4.6777 0.526342 2380
3 12 59 24.5704 0.677332 2.49464 0.528631 2702
3 12 60 25.2529 1.06123 3.65503 0.548789 2254
3 12 61 24.3892 1.6318 5.6146 0.627251 2170
3 12 62 23.463 1.0688 3.43347 0.51085 2492
3 12 63 27.8503 0.68795 2.8104 0.406228 2450
3 13 0 27.5697 3.29078 8.8984 0.547756 2436
3 13 1 25.4702 1.04688 4.03596 0.484243 2044
3 13 2 26.3376 1.60333 4.17477 0.43283 2100
3 13 3 25.0242 1.19422 2.80183 0.430271 1666
3 13 4 23.8057 0.889801 3.68054 0.30266 2254
3 13 5 28.9506 3.08908 8.12661 0.529736 1946
3 13 6 24.3039 1.11153 3.44054 0.515357 1554
3 13 7 26.3319 1.48732 4.63479 0.381894 1498
3 13 8 24 -2 0 0 2114
3 13 9 30.8353 2.74238 7.6957 0.408738 1568
3 13 10 28.662 4.04533 10.0641 0.396106 1190
3 13 11 24.6266 1.07112 4.47224 0.516116 2422
3 13 12 28.1641 1.01478 3.1473 0.492968 1456
3 13 13 24.2933 1.19087 3.07349 0.389482 1078
3 13 14 26.8513 2.2824 7.20983 0.475758 2198
3 13 15 27.0812 1.53342 4.24767 0.398034 1876
3 13 16 38 -2 0 0 1400
3 13 17 26.5442 1.67454 6.14141 0.509236 2464
3 13 18 24.6061 18.289 13.016 0.536744 1932
3 13 19 27.5542 2.92376 8.10834 0.404759 1554
3 13 20 24.9736 0.675734 2.40607 0.536036 3024
3 13 21 28.6595 1.46076 4.80119 0.422193 1764
3 13 22 27.1471 2.85329 4.86259 0.497116 1330
3 13 23 28.1299 0.847565 3.46401 0.380605 3360
3 13 24 28.6735 3.31969 9.42096 0.614858 2058
3 13 25 26 -2 0 0 2170
3 13 26 32.9803 4.57143 12.4286 0.612752 2940
3 13 27 29.3103 8.838 17.0912 0.528851 2422
3 13 28 24.7947 0.666411 2.25289 0.423829 2030
3 13 29 23.8682 0.665242 2.29148 0.464046 3682
3 13 30 24.6501 1.16961 3.60729 0.559472 2226
3 13 31 25.4693 0.803509 2.93851 0.311556 2464
3 13 32 26.6476 0.893715 3.00106 0.458697 2338
3 13 33 31.9911 5.20735 13.7419 0.611771 2758
3 13 34 24.0081 1.13466 2.74251 0.434149 3878
3 13 35 25.949 0.946491 3.61882 0.402708 2212
3 13 36 28.1441 0.739176 2.8813 0.289569 2800
3 13 37 24.4823 0.733696 2.8581 0.379996 3850
3 13 38 26 -2 0 0 3206
3 13 39 26.6307 0.606436 2.57288 0.491565 3990
3 13 40 26.894 1.074 4.47469 0.453359 2940
3 13 41 23.4709 1.56499 5.45916 0.538463 2380
3 13 42 26.2303 0.742625 3.00303 0.57344 3724
3 13 43 26.2243 0.861988 3.36215 0.447698 3822
3 13 44 30.1089 4.59978 8.77493 0.553082 3122
3 13 45 27.3403 1.48238 5.70309 0.460934 2870
3 13 46 24.9875 0.70792 2.98489 0.417646 4830
3 13 47 26.7163 0.832789 3.02795 0.533058 3822
3 13 48 26.6934 0.84108 3.09013 0.63114 2688
3 13 49 26.8369 0.810638 2.22414 0.538416 4242
3 13 50 24.6032 0.805031 3.30164 0.327039 3374
3 13 51 23.135 0.934687 2.17399 0.51937 6314
3 13 52 24.404 0.910587 2.42946 0.625817 4298
3 13 53 26.3963 1.71209 4.02506 0.652607 3276
3 13 54 24.3562 0.853735 2.71896 0.564624 4018
3 13 55 23.2485 0.739913 3.13941 0.416741 5348
3 13 56 23.0901 0.586879 2.56822 0.473436 5166
3 13 57 25.3969 0.60922 2.73368 0.491241 5922
3 13 58 23.849 0.634485 2.64824 0.354897 4312
3 13 59 26.8916 0.644133 2.42723 0.505013 4746
3 13 60 24.0912 0.677427 2.26697 0.42757 4466
3 13 61 22.4645 0.62361 2.41808 0.414325 7266
3 13 62 22.9113 0.511109 2.24648 0.57295 5446
3 13 63 21.962 0.659279 2.01746 0.601265 4242
3 14 0 29.8699 26.1463 20 0.250116 448
3 14 1 26 -2 0 0 546
3 14 2 23 -2 0 0 518
3 14 3 21 -2 0 0 476
3 14 4 25.1518 24.5269 20 0.252399 322
3 14 5 25 -2 0 0 308
3 14 6 29.695 24.2329 20 0.1889 490
3 14 7 25.1313 35.8468 20 0.26168 364
3 14 8 34.653 18.0862 20 0.0880587 252
3 14 9 37.9602 13.5039 20 0.156296 588
3 14 10 20 -2 0 0 420
3 14 11 30.646 31.8541 20 0.112988 252
3 14 12 33 -2 0 0 238
3 14 13 14 -2 0 0 238
3 14 14 32.5904 27.9122 20 0.278817 378
3 14 15 24 -2 0 0 266
3 14 16 28.6682 6.8487 10.8776 0.216314 560
3 14 17 33.956 20.5947 20 0.0862629 308
3 14 18 30.6877 31.1114 20 0.213669 350
3 14 19 26.3435 -3 0 0 168
3 14 20 30.9647 10.1741 11.5981 0.23499 294
3 14 21 30.867 21.1236 20 0.250407 532
3 14 22 26.5239 28.2096 20 0.251114 518
3 14 23 27 -2 0 0 280
3 14 24 22 -2 0 0 420
3 14 25 24 -2 0 0 434
3 14 26 26 -2 0 0 294
3 14 27 26.3435 -3 0 0 168
3 14 28 26.3435 -3 0 0 140
3 14 29 24 -2 0 0 210
3 14 30 26.3435 -3 0 0 182
3 14 31 23 -2 0 0 238
3 14 32 36.4644 20.6212 20 0.0469327 252
3 14 33 16 -2 0 0 280
3 14 34 25 -2 0 0 252
3 14 35 32.9603 36.5632 19.8951 0.163201 308
3 14 36 31.9617 26.4546 20 0.144374 280
3 14 37 28.2965 8.54854 7.3231 0.116971 252
3 14 38 35.7388 18.918 20 0.0496505 252
3 14 39 26.3435 -3 0 0 196
3 14 40 26.3435 -3 0 0 196
3 14 41 29.4909 30.8677 20 0.193072 238
3 14 42 36.8467 21.3139 19.8598 0.0934782 210
3 14 43 43.3252 17.7602 20 0.126771 350
3 14 44 15 -2 0 0 266
3 14 45 40.0926 21.0557 20 0.163728 252
3 14 46 27.5452 19.9703 11.8932 0.182129 252
3 14 47 26.3435 -3 0 0 126
3 14 48 26.3435 -3 0 0 140
3 14 49 26 -2 0 0 294
3 14 50 26.3435 -3 0 0 140
3 14 51 34.4877 25.5493 20 0.0487581 238
3 14 52 30.1521 26.7146 20 0.0513495 350
3 14 53 26.3435 -3 0 0 168
3 14 54 26.3435 -3 0 0 196
3 14 55 43.8111 16.6065 20 0.0676493 294
3 14 56 26.3435 -3 0 0 182
3 14 57 26.3435 -3 0 0 126
3 14 58 21 -2 0 0 266
3 14 59 26.3435 -3 0 0 182
3 14 60 26.3435 -3 0 0 196
3 14 61 22.8716 115.93 20 0.162264 308
3 14 62 26.3435 -3 0 0 168
3 14 63 25.6532 30.7464 20 0.146072 224
3 15 0 26.6092 -3 0 0 140
3 15 1 26.6092 -3 0 0 168
3 15 2 26.6092 -3 0 0 140
3 15 3 26.6092 -3 0 0 196
3 15 4 0 -10 0 0 0
3 15 5 26.6092 -3 0 0 56
3 15 6 26.6092 -3 0 0 196
3 15 7 32.8152 141.945 19.8092 0.100504 252
3 15 8 26.6092 -3 0 0 182
3 15 9 0 -10 0 0 0
3 15 10 26.6092 -3 0 0 168
3 15 11 26.6092 -3 0 0 154
3 15 12 26.6092 -3 0 0 154
3 15 13 30 -2 0 0 210
3 15 14 26.6092 -3 0 0 42
3 15 15 26.6092 -3 0 0 112
3 15 16 26.6092 -3 0 0 112
3 15 17 23 -2 0 0 266
3 15 18 26.6092 -3 0 0 140
3 15 19 26.6092 -3 0 0 112
3 15 20 36.7895 23.6195 20 0.0941301 224
3 15 21 26.6092 -3 0 0 154
3 15 22 0 -10 0 0 0
3 15 23 26.6092 -3 0 0 154
3 15 24 26.6092 -3 0 0 140
3 15 25 31.175 23.2692 20 0.0420635 252
3 15 26 35.6534 20.1563 20 0.137133 392
3 15 27 26.6092 -3 0 0 196
3 15 28 26.6092 -3 0 0 154
3 15 29 26.6092 -3 0 0 182
3 15 30 29 -2 0 0 294
3 15 31 26.6092 -3 0 0 126
3 15 32 26.6092 -3 0 0 168
3 15 33 28.4463 13.8618 13.0287 0.204171 294
3 15 34 33.5435 18.2016 18.8036 0.26116 322
3 15 35 37.5308 25.8942 20 0.177876 224
3 15 36 26.6092 -3 0 0 154
3 15 37 26.6092 -3 0 0 196
3 15 38 26.6092 -3 0 0 140
3 15 39 40.3541 18.4426 20 0.0754671 392
3 15 40 26.6092 -3 0 0 126
3 15 41 28.8496 31.1907 20 0.0756349 224
3 15 42 26.6092 -3 0 0 140
3 15 43 31.8629 24.7876 20 0.118305 252
3 15 44 36.4928 24.337 20 0.117275 266
3 15 45 21 -2 0 0 210
3 15 46 24.0388 26.6947 20 0.199444 224
3 15 47 30.6387 26.4106 20 0.138803 364
3 15 48 22.3979 111.736 20 0.090027 238
3 15 49 26.6092 -3 0 0 196
3 15 50 39.9248 40.6478 20 0.0922206 224
3 15 51 30.1294 17.4261 20 0.15146 672
3 15 52 23.5644 111.095 19.9948 0.129728 252
3 15 53 32.8651 22.0297 20 0.220875 350
3 15 54 34.9546 20.0961 20 0.0896804 364
3 15 55 37 -2 0 0 392
3 15 56 21 -2 0 0 252
3 15 57 38.4347 19.3475 20 0.162971 322
3 15 58 33.0015 22.5671 20 0.196043 280
3 15 59 27.2841 27.3992 20 0.231425 350
3 15 60 22.4157 113.722 20 0.124707 238
3 15 61 30.6407 20.2313 20 0.143234 602
3 15 62 24 -2 0 0 476
3 15 63 25 -2 0 0 224
4 0 0 20.7215 1.20349 2.91166 0.466645 3388
4 0 1 21 -2 0 0 2632
4 0 2 20 -2 0 0 2940
4 0 3 24.7399 1.62465 5.08362 0.236949 1540
4 0 4 26 -2 0 0 1400
4 0 5 25.0669 3.79806 7.60847 0.468079 1764
4 0 6 26.5684 3.45023 6.49592 0.449005 2058
4 0 7 23.4123 2.23636 3.86175 0.390041 1498
4 0 8 30.4239 6.59207 11.8915 0.448812 2240
4 0 9 30 -2 0 0 1946
4 0 10 28.7034 1.56958 4.72161 0.267436 1848
4 0 11 14 135.24 12.5032 0.529457 2324
4 0 12 22 -2 0 0 1036
4 0 13 21.6852 1.2766 3.11279 0.355985 1386
4 0 14 24.2163 4.57883 11.4336 0.474462 2758
4 0 15 23 -2 0 0 1512
4 0 16 29.6005 2.89141 8.03447 0.401371 1750
4 0 17 20.2684 0.730933 2.46203 0.339614 2464
4 0 18 23.0983 1.50984 3.62702 0.45615 1456
4 0 19 21.5394 0.879616 2.23376 0.3422 1442
4 0 20 25.1681 1.90979 5.10762 0.402521 2212
4 0 21 29.8065 4.51752 7.36377 0.505368 2142
4 0 22 21.1491 1.05267 2.99787 0.33152 1596
4 0 23 26.5428 0.971097 3.90351 0.313642 2702
4 0 24 20.9237 0.718406 1.96004 0.307174 2576
4 0 25 28.8207 1.83017 4.88104 0.377063 2086
4 0 26 20.5214 16.3746 20 0.488441 2688
4 0 27 22.926 4.69787 7.42948 0.426921 1736
4 0 28 19.5661 34.9302 16.5291 0.474087 1806
4 0 29 29.1338 4.32101 11.3594 0.428352 2702
4 0 30 27.483 0.96217 2.94348 0.550708 2100
4 0 31 31.5816 10.5478 20 0.418261 2002
4 0 32 21.2988 1.34242 4.16966 0.377595 1974
4 0 33 22 -2 0 0 1554
4 0 34 26.5851 0.605417 2.01662 0.489111 3416
4 0 35 29 -2 0 0 1582
4 0 36 23 -2 0 0 1428
4 0 37 24 -2 0 0 2254
4 0 38 28.0898 10.5136 16.8228 0.45942 1736
4 0 39 33.8106 7.91146 18.1127 0.499316 2170
4 0 40 32.0847 5.81861 12.0268 0.464962 2142
4 0 41 20.8419 1.13689 2.5806 0.411624 1876
4 0 42 23 -2 0 0 1932
4 0 43 19 -2 0 0 2632
4 0 44 25.8107 14.9356 19.3383 0.483398 1792
4 0 45 30.3577 6.40021 9.04953 0.454588 1806
4 0 46 29.4028 6.31723 14.4768 0.452159 3430
4 0 47 22 -2 0 0 1904
4 0 48 26.932 14.9433 18.7374 0.46995 1932
4 0 49 21.588 0.860234 2.85177 0.312681 2142
4 0 50 21.6105 1.17062 3.12893 0.449113 1764
4 0 51 21.8858 0.812212 2.72385 0.358791 3892
4 0 52 20.6711 0.684848 2.01046 0.445091 3038
4 0 53 25.0437 18.4029 20 0.527042 1904
4 0 54 26.6751 1.32328 4.59993 0.354989 2604
4 0 55 20.632 0.748268 1.76016 0.456707 3836
4 0 56 20.9131 1.03902 3.41949 0.428821 2870
4 0 57 23 -2 0 0 3486
4 0 58 20.3443 0.808415 1.70342 0.470981 2464
4 0 59 20.7392 0.688917 2.54596 0.321633 3402
4 0 60 31.4116 7.18818 16.4438 0.396175 1890
4 0 61 21.4202 0.702426 2.57745 0.4272 4172
4 0 62 23.6018 0.856145 3.47234 0.362983 4382
4 0 63 19.2407 0.787736 2.11952 0.466842 2940
4 1 0 23.5394 0.648413 2.80032 0.454476 3892
4 1 1 26.308 0.77449 2.15047 0.610837 4942
4 1 2 23.1512 0.631878 2.78139 0.38819 4088
4 1 3 26.4944 0.667488 2.86384 0.501122 6524
4 1 4 24.2297 1.02184 4.22345 0.386213 3332
4 1 5 22.6399 0.598645 2.06167 0.335385 4410
4 1 6 22.1736 0.688332 3.12189 0.403679 4998
4 1 7 22.8592 0.679388 3.16776 0.445004 4550
4 1 8 23 -2 0 0 3808
4 1 9 23.2995 0.925741 2.53858 0.424614 5656
4 1 10 22.1114 0.622178 2.55581 0.397628 5978
4 1 11 26.2313 0.684095 2.75513 0.601917 4928
4 1 12 22.5463 0.553888 2.34273 0.336035 4802
4 1 13 24.8621 2.54009 4.47967 0.639864 3696
4 1 14 22.4012 0.63395 2.53526 0.44694 3766
4 1 15 22.3031 0.812946 3.10814 0.427896 3724
4 1 16 23.2898 0.475405 2.26455 0.343569 8274
4 1 17 26.6728 0.89341 3.52406 0.315603 4172
4 1 18 20.7499 0.764656 2.61144 0.486204 3962
4 1 19 23.5276 0.802749 3.55237 0.455279 4872
4 1 20 23.0464 0.920667 3.32267 0.419666 3276
4 1 21 26.5392 0.55786 2.11812 0.44561 6398
4 1 22 23.1392 0.991736 4.21054 0.457291 5278
4 1 23 22.3339 1.1645 4.07745 0.526794 3066
4 1 24 26.3227 0.890562 1.91445 0.461343 4928
4 1 25 26.2833 0.730546 2.38799 0.447267 6650
4 1 26 22.397 0.691484 2.31941 0.530865 3458
4 1 27 26.3123 0.582764 2.33925 0.583407 5572
4 1 28 26.0462 0.674024 3.16055 0.242292 6146
4 1 29 28.7852 5.17957 12.3322 0.605222 2590
4 1 30 21.2822 0.957371 3.58774 0.39253 3052
4 1 31 25.0535 0.907905 2.64173 0.402562 6580
4 1 32 25.9664 0.803381 2.46959 0.493318 5936
4 1 33 27.0192 0.622971 2.52814 0.414032 5306
4 1 34 22.6653 1.03526 3.69835 0.546506 2926
4 1 35 26.7105 0.716268 2.79761 0.385617 5684
4 1 36 26.4937 0.789217 3.67501 0.481517 4648
4 1 37 24 -2 0 0 3402
4 1 38 26.4412 0.544128 2.38442 0.591539 6244
4 1 39 27.4363 0.630265 2.2558 0.459203 4130
4 1 40 22.637 0.914791 3.7028 0.264734 3024
4 1 41 22 -2 0 0 3892
4 1 42 23.0432 0.573612 1.96337 0.59007 2968
4 1 43 23 -2 0 0 2450
4 1 44 22.3785 0.663288 1.90866 0.507386 3626
4 1 45 26.7877 0.651295 2.28529 0.4487 4592
4 1 46 26.119 0.982544 3.48812 0.436152 3794
4 1 47 0 -10 0 0 0
4 1 48 22.296 0.610782 2.37641 0.356437 3010
4 1 49 22.1521 0.597065 2.14412 0.488844 3010
4 1 50 22 -2 0 0 3304
4 1 51 23.4837 0.732607 3.08653 0.512177 3318
4 1 52 21.6263 0.762255 2.94582 0.371109 2450
4 1 53 25.5029 0.659396 2.71415 0.449686 4578
4 1 54 20.6403 0.638674 2.69048 0.370566 3136
4 1 55 22.3846 0.61039 2.29311 0.560008 2688
4 1 56 21.8866 0.61289 2.75986 0.300373 3906
4 1 57 21.5633 0.838773 3.07868 0.368787 3612
4 1 58 22.4531 0.769776 3.02656 0.416358 2828
4 1 59 24.5496 0.68289 2.56575 0.453807 3486
4 1 60 23 -2 0 0 4060
4 1 61 24.565 1.24225 2.95493 0.487205 3318
4 1 62 24 -2 0 0 2926
4 1 63 20.1921 0.728767 2.53226 0.583779 2058
4 2 0 25.1012 0.874506 3.54214 0.504793 4844
4 2 1 21.162 0.800424 3.19766 0.484088 3514
4 2 2 26.7299 0.871393 2.48027 0.507084 3206
4 2 3 19.8597 0.958465 3.30824 0.46041 2170
4 2 4 21.5817 1.63705 5.64647 0.418407 2800
4 2 5 32.1063 5.326 14.3336 0.548161 3052
4 2 6 28.4751 2.93748 9.1917 0.48657 3360
4 2 7 19.8077 2.80544 4.07466 0.357135 2016
4 2 8 26.1426 1.96614 7.47867 0.422818 3052
4 2 9 22.9729 1.65903 5.95146 0.219662 2142
4 2 10 20.3434 1.9337 5.92046 0.422599 2044
4 2 11 27.1858 1.02789 1.86941 0.477364 3696
4 2 12 26.87 4.3021 9.82525 0.550559 2478
4 2 13 25.2645 3.83859 9.86108 0.475877 1974
4 2 14 20.9598 0.695912 1.7148 0.463066 4662
4 2 15 31.1164 5.81652 13.3658 0.458153 2240
4 2 16 26.4777 1.86261 5.64822 0.404115 2394
4 2 17 23.3901 0.87758 3.47586 0.364977 3402
4 2 18 32.2363 7.53638 17.1575 0.485614 2646
4 2 19 22.7697 0.765528 2.24058 0.404086 2128
4 2 20 27.0374 2.98671 7.32518 0.512696 3038
4 2 21 26.1432 0.860548 2.97076 0.435678 2898
4 2 22 20.3105 1.03832 3.34464 0.338568 2212
4 2 23 21.9633 0.698997 2.30765 0.471234 3318
4 2 24 21.3909 0.911015 2.20364 0.486499 3654
4 2 25 28.3674 1.12182 3.47865 0.471665 2212
4 2 26 22.294 1.12987 4.9227 0.433679 4704
4 2 27 23.4615 1.06899 2.17283 0.349502 2170
4 2 28 26.4917 1.0537 3.66681 0.296704 1890
4 2 29 22.425 0.796773 2.69053 0.465692 3290
4 2 30 22.6951 0.725433 2.27949 0.377216 2226
4 2 31 20.1197 0.843225 2.57117 0.396326 2156
4 2 32 24 -2 0 0 1862
4 2 33 20.2842 1.09659 3.61518 0.40921 2086
4 2 34 26.304 1.07966 2.27238 0.418621 5208
4 2 35 20.6999 4.98462 11.9082 0.48248 2044
4 2 36 29 -2 0 0 2772
4 2 37 21.025 0.790449 2.8877 0.465134 2856
4 2 38 26.436 1.49106 4.10204 0.461291 1974
4 2 39 25.7861 2.58314 7.94374 0.516912 3178
4 2 40 20.8086 0.884028 1.82582 0.314133 2814
4 2 41 22 -2 0 0 2044
4 2 42 25.9225 0.969489 3.84065 0.479324 3290
4 2 43 20.4266 0.948707 1.83605 0.473802 3626
4 2 44 23.0735 -3 0 0 28
4 2 45 23.8957 10.7515 20 0.439599 2044
4 2 46 21.6231 0.667983 2.81357 0.375845 4662
4 2 47 31.3161 4.76876 12.1649 0.419413 2072
4 2 48 20.5324 0.824602 2.8943 0.493085 2646
4 2 49 21.0045 0.642622 2.01254 0.493839 3304
4 2 50 24.8621 1.16657 4.08065 0.320112 2674
4 2 51 18.926 0.90419 3.39077 0.372994 5012
4 2 52 29.8952 9.9121 20 0.557217 3878
4 2 53 26.0581 3.32693 10.2891 0.421506 2450
4 2 54 23.0735 -3 0 0 196
4 2 55 0 -10 0 0 0
4 2 56 14 6.36799 5.71687 0.414279 2436
4 2 57 27.8385 3.38615 9.73522 0.514786 4256
4 2 58 31.263 5.41638 15.6288 0.414683 3164
4 2 59 29.4095 4.17371 13.0864 0.51572 5096
4 2 60 26.6824 12.831 20 0.613679 2562
4 2 61 24.1642 0.917529 3.50404 0.406704 5754
4 2 62 14 8.38875 6.45406 0.330051 434
4 2 63 10 -2 0 0 420
4 3 0 24.5474 0.683337 3.50519 0.319107 4382
4 3 1 24.382 0.936676 3.10519 0.422629 3402
4 3 2 27.1937 0.57061 2.46925 0.439971 6216
4 3 3 25.0532 1.40017 4.5896 0.442398 3136
4 3 4 27.0029 0.858024 2.6991 0.653251 5936
4 3 5 23.7986 1.04353 4.3203 0.455742 3164
4 3 6 27.0058 0.620958 3.18792 0.516363 6972
4 3 7 27.7047 0.63883 2.77388 0.469704 9716
4 3 8 24.5929 0.940936 3.90099 0.38734 3402
4 3 9 26.2681 1.43509 5.64883 0.291267 3808
4 3 10 24.3869 0.682139 3.5453 0.297406 5390
4 3 11 24.8363 0.790804 3.13777 0.353042 3472
4 3 12 26 -2 0 0 3430
4 3 13 23.0587 0.558565 2.6457 0.549804 5376
4 3 14 30 -2 0 0 2982
4 3 15 25.1449 0.68222 2.82713 0.496831 4130
4 3 16 28.0064 0.578181 3.10168 0.412208 11284
4 3 17 24.5957 0.676578 2.77065 0.477654 3290
4 3 18 27.1176 0.654895 2.5976 0.348928 7700
4 3 19 24.4453 0.793653 4.0098 0.364086 4942
4 3 20 28.0187 0.602699 2.25991 0.62991 6006
4 3 21 26.5313 0.717786 2.45665 0.597537 6790
4 3 22 24.7405 0.992151 4.22656 0.530009 3794
4 3 23 23.9759 0.62524 2.44298 0.387733 3948
4 3 24 24.2442 0.913909 1.53168 0.674821 3346
4 3 25 27.3458 0.581206 2.59002 0.351784 10374
4 3 26 31.356 7.18467 15.8368 0.686467 3122
4 3 27 23.5115 0.695765 3.12907 0.477155 4914
4 3 28 24.7416 0.740519 2.67199 0.498183 5782
4 3 29 27.3799 0.670791 3.30983 0.537459 5418
4 3 30 24.7154 0.544099 2.40664 0.465418 5124
4 3 31 25.3031 0.661544 2.68219 0.561536 7182
4 3 32 26.9161 0.583555 2.40983 0.575419 7924
4 3 33 24.3465 0.717842 3.20323 0.339295 6538
4 3 34 26.5518 0.652756 2.97614 0.479273 5040
4 3 35 24.1375 1.78027 3.52312 0.519548 6972
4 3 36 26.9717 0.671702 2.29106 0.592755 6230
4 3 37 27.5168 0.710386 2.61341 0.492555 5488
4 3 38 24.6533 0.598133 3.21545 0.405685 7042
4 3 39 23.9738 0.62876 2.76974 0.647575 4130
4 3 40 27.595 0.56327 2.87231 0.418299 5894
4 3 41 23.8992 0.508004 2.43012 0.379071 7224
4 3 42 24.8566 0.613873 2.54252 0.470126 4914
4 3 43 25.2205 0.587826 2.51179 0.479457 4564
4 3 44 24.6545 0.552237 2.88451 0.486932 5698
4 3 45 24.9303 0.452284 2.22238 0.380009 5936
4 3 46 24.7429 0.557304 2.53135 0.426479 4074
4 3 47 25.8941 1.12596 3.81928 0.402402 6524
4 3 48 23.9337 0.454746 1.98545 0.448984 5698
4 3 49 23.8535 0.617578 2.49128 0.326487 4256
4 3 50 23.4853 0.546849 2.87964 0.390558 5152
4 3 51 24.5796 1.14739 4.06366 0.717389 3556
4 3 52 26.8608 0.641698 2.27538 0.602584 5208
4 3 53 27.076 0.582164 3.09486 0.409975 8386
4 3 54 26.7682 0.641702 2.75605 0.488218 6650
4 3 55 34.9488 6.20205 14.4048 0.7993 4928
4 3 56 23.7472 0.66387 2.96863 0.493197 3822
4 3 57 33 -2 0 0 5824
4 3 58 23.9279 0.744344 2.41211 0.440939 4872
4 3 59 23.3779 0.611571 2.5645 0.604864 3696
4 3 60 22.9843 0.650486 3.05637 0.409162 4032
4 3 61 23.51 0.560467 2.02724 0.578138 3206
4 3 62 27.6737 2.75084 8.41858 0.765395 3696
4 3 63 27.5438 2.29311 1.9123 0.513956 5698
4 4 0 25.4243 2.01498 4.5882 0.418556 3738
4 4 1 30.8726 2.79554 7.35163 0.3564 3108
4 4 2 35.294 7.19014 13.4778 0.418784 2212
4 4 3 27.7715 19.5089 20 0.341055 1246
4 4 4 27.2366 25.4766 14.6046 0.344606 1260
4 4 5 31.2326 12.3101 20 0.394158 1974
4 4 6 30.6309 16.3792 20 0.445915 1610
4 4 7 29.7585 18.4969 20 0.384626 1372
4 4 8 27.5516 3.30088 7.11281 0.313048 1694
4 4 9 27.8216 18.1789 20 0.416508 1806
4 4 10 26.5139 16.8503 20 0.339721 1568
4 4 11 25.8795 23.1423 20 0.292824 1078
4 4 12 29 -2 0 0 924
4 4 13 28.9334 0.900853 2.16075 0.377378 1274
4 4 14 32.0517 4.01844 8.42496 0.488449 3108
4 4 15 26.8692 4.24636 5.00739 0.320044 1260
4 4 16 34.465 5.20091 10.8989 0.372589 1862
4 4 17 28 -2 0 0 1638
4 4 18 28 -2 0 0 980
4 4 19 28.4182 0.896677 2.56563 0.329379 1064
4 4 20 0 -10 0 0 0
4 4 21 29.6175 1.68063 3.88735 0.447631 1960
4 4 22 33.8143 7.82617 13.585 0.476217 1428
4 4 23 27.6088 18.1696 20 0.299691 1302
4 4 24 32.5547 13.1927 20 0.468575 2688
4 4 25 33.9363 5.90773 10.2075 0.383296 1120
4 4 26 28.9189 1.22587 3.25982 0.381502 2520
4 4 27 29.5974 2.45924 4.57988 0.305465 1106
4 4 28 29.9287 17.1921 20 0.291685 1218
4 4 29 31.8196 3.56673 7.87676 0.354785 1596
4 4 30 37.7495 113.098 20 0.327111 966
4 4 31 31.8822 19.4769 20 0.223326 602
4 4 32 27 -2 0 0 1288
4 4 33 29 -2 0 0 1190
4 4 34 22.6307 18.8016 20 0.420549 1876
4 4 35 33.0268 18.6854 20 0.183194 644
4 4 36 30.2999 3.51101 6.50315 0.220405 658
4 4 37 27 -2 0 0 1022
4 4 38 31.2236 18.0818 20 0.20046 658
4 4 39 30.8375 3.1717 5.48574 0.370454 616
4 4 40 28 -2 0 0 1274
4 4 41 29.1459 13.7822 14.2837 0.217154 588
4 4 42 27.1778 -3 0 0 70
4 4 43 29.2695 15.2765 20 0.34634 2142
4 4 44 29.1511 19.2636 20 0.197684 364
4 4 45 24 -2 0 0 476
4 4 46 29.5949 1.71704 5.16599 0.290644 2240
4 4 47 0 -10 0 0 0
4 4 48 26.6939 7.61107 6.62086 0.285502 462
4 4 49 31.0722 11.9415 15.8899 0.353502 1008
4 4 50 26.4313 22.9617 20 0.173049 420
4 4 51 29.6732 8.6414 13.0212 0.262044 798
4 4 52 29.9494 21.0579 20 0.261072 938
4 4 53 22 -2 0 0 546
4 4 54 36.2664 21.2741 20 0.246089 574
4 4 55 25.4048 20.8191 20 0.156962 658
4 4 56 32 -2 0 0 672
4 4 57 29.7802 19.7259 20 0.341153 812
4 4 58 31 -2 0 0 742
4 4 59 32.1004 6.31147 12.6742 0.432998 1022
4 4 60 24 -2 0 0 672
4 4 61 27.2354 11.0661 15.6617 0.313879 728
4 4 62 25.7243 2.31328 6.04144 0.345046 1344
4 4 63 27.1774 1.68523 4.05592 0.372381 854
4 5 0 23.8927 1.44155 4.4133 0.418123 1638
4 5 1 27.9361 3.10504 8.97406 0.408991 1638
4 5 2 27.6187 2.84196 7.35139 0.560512 1778
4 5 3 26.4513 1.4179 3.70916 0.505468 2520
4 5 4 26.3469 0.692258 2.33232 0.583675 1610
4 5 5 34 -2 0 0 2114
4 5 6 25.9094 0.878105 3.27179 0.387555 2086
4 5 7 24.2572 -3 0 0 168
4 5 8 26.6054 1.69687 4.78925 0.572877 1778
4 5 9 24.4856 1.35874 4.49755 0.401656 2170
4 5 10 21.1059 173.023 20 0.244106 476
4 5 11 30.9514 4.66948 12.0462 0.549653 1638
4 5 12 28.6308 0.967104 3.14399 0.586296 2212
4 5 13 24.2572 -3 0 0 56
4 5 14 26.4175 1.35594 4.46943 0.320267 1568
4 5 15 25.7974 0.747616 3.24451 0.503823 3052
4 5 16 23.0788 1.93492 3.29135 0.65202 3542
4 5 17 27.1175 1.52966 5.24917 0.3969 2058
4 5 18 30.2249 2.44529 8.65383 0.527507 2338
4 5 19 21.4754 0.683022 2.97962 0.509629 3556
4 5 20 27.9745 0.951169 3.609 0.542732 2548
4 5 21 27.3641 1.55494 5.28043 0.341399 1876
4 5 22 26.3197 0.679626 2.85175 0.559885 3556
4 5 23 27.2342 12.9276 20 0.594064 2016
4 5 24 28.9534 4.10301 8.9809 0.549741 1750
4 5 25 24.2572 -3 0 0 84
4 5 26 25.5716 15.8265 16.065 0.493239 1638
4 5 27 27.3262 0.901222 3.4633 0.482028 3654
4 5 28 26.2335 0.724038 3.44221 0.372406 4522
4 5 29 24.2572 -3 0 0 70
4 5 30 27.483 0.825325 2.82676 0.595804 3052
4 5 31 26.1717 0.647253 2.80622 0.544993 6300
4 5 32 24.2572 -3 0 0 42
4 5 33 26.183 0.813618 3.11614 0.470255 4004
4 5 34 23.5905 11.0696 13.8954 0.585048 2240
4 5 35 26.7551 0.769901 1.75108 0.469831 6020
4 5 36 24.7072 3.985 12.3039 0.535081 3290
4 5 37 25.5787 16.367 20 0.616313 2408
4 5 38 23.3245 1.35031 4.02765 0.519936 6636
4 5 39 26.5282 0.59232 2.01594 0.559175 5124
4 5 40 27.8505 3.08927 10.3081 0.640837 2562
4 5 41 19.8366 0.991146 2.95733 0.374995 4858
4 5 42 23.1823 0.623544 2.54109 0.467913 2660
4 5 43 26.5835 0.767419 2.55898 0.456997 2884
4 5 44 17.7351 0.76056 3.1827 0.575813 4060
4 5 45 27.1468 0.982976 3.66244 0.434885 4242
4 5 46 25.0676 0.802431 2.50638 0.541244 2940
4 5 47 24.2488 1.13736 2.4278 0.644345 6818
4 5 48 26.8928 2.085 6.03019 0.591002 3598
4 5 49 25.7496 0.736462 2.60801 0.590374 2870
4 5 50 20.2528 0.584681 1.80894 0.31433 4256
4 5 51 24.7159 0.692289 1.76452 0.624907 4172
4 5 52 23.0344 0.665095 2.71194 0.432981 2730
4 5 53 19.7 0.530737 1.73665 0.657057 6538
4 5 54 27.1703 4.22702 11.0953 0.707339 4200
4 5 55 26.0933 0.745464 2.33736 0.518544 3724
4 5 56 26.0687 0.917586 1.97895 0.551452 5390
4 5 57 25.1179 0.598995 2.77302 0.452008 4214
4 5 58 24.4996 0.992063 3.74954 0.562526 4088
4 5 59 25.1774 1.00098 2.79485 0.566968 2674
4 5 60 22.3069 0.951646 4.47187 0.38711 5908
4 5 61 25.2186 0.953178 4.36986 0.424877 3892
4 5 62 25.3765 0.783367 2.25344 0.42564 3248
4 5 63 29.949 4.34758 9.23329 0.607045 3626
4 6 0 35.9914 15.7269 20 0.117084 378
4 6 1 20 -2 0 0 266
4 6 2 17.6877 192.726 19.9997 0.213842 322
4 6 3 24.0151 -3 0 0 140
4 6 4 24.0151 -3 0 0 196
4 6 5 24.0151 -3 0 0 168
4 6 6 28.855 30.0771 20 0.0988835 266
4 6 7 24.0151 -3 0 0 98
4 6 8 29.8203 22.3749 20 0.0955036 266
4 6 9 24.8243 21.5325 16.4125 0.111193 238
4 6 10 24.0151 -3 0 0 154
4 6 11 22 -2 0 0 224
4 6 12 23 -2 0 0 252
4 6 13 24.0151 -3 0 0 140
4 6 14 23 -2 0 0 308
4 6 15 34.0647 25.9131 19.9998 0.0907793 224
4 6 16 24.0151 -3 0 0 196
4 6 17 26 -2 0 0 294
4 6 18 24.0151 -3 0 0 196
4 6 19 24.0151 -3 0 0 98
4 6 20 24.0151 -3 0 0 140
4 6 21 26.0809 4.10555 0.702273 0.18837 294
4 6 22 24.0151 -3 0 0 168
4 6 23 24.0151 -3 0 0 140
4 6 24 24.0151 -3 0 0 196
4 6 25 24.0151 -3 0 0 140
4 6 26 24.0151 -3 0 0 182
4 6 27 24.0151 -3 0 0 70
4 6 28 24.0151 -3 0 0 98
4 6 29 33.1891 26.2623 20 0.0263779 210
4 6 30 24.0151 -3 0 0 112
4 6 31 24.0151 -3 0 0 112
4 6 32 24.0151 -3 0 0 140
4 6 33 24.0151 -3 0 0 84
4 6 34 21.7697 37.7948 20 0.130098 266
4 6 35 24.0151 -3 0 0 28
4 6 36 24.0151 -3 0 0 112
4 6 37 24.0151 -3 0 0 154
4 6 38 24.0151 -3 0 0 154
4 6 39 24.0151 -3 0 0 112
4 6 40 24.0151 -3 0 0 14
4 6 41 24.0151 -3 0 0 84
4 6 42 24.0151 -3 0 0 182
4 6 43 24.0151 -3 0 0 196
4 6 44 24.0151 -3 0 0 140
4 6 45 24.0151 -3 0 0 126
4 6 46 18 -2 0 0 238
4 6 47 24.0151 -3 0 0 140
4 6 48 24.0151 -3 0 0 28
4 6 49 24.0151 -3 0 0 42
4 6 50 24.0151 -3 0 0 14
4 6 51 24.0151 -3 0 0 252
4 6 52 24.0151 -3 0 0 154
4 6 53 24.0151 -3 0 0 84
4 6 54 25 -2 0 0 238
4 6 55 24.0151 -3 0 0 98
4 6 56 24.0151 -3 0 0 140
4 6 57 24.0151 -3 0 0 196
4 6 58 24.0151 -3 0 0 14
4 6 59 24.0151 -3 0 0 28
4 6 60 24.0151 -3 0 0 112
4 6 61 24.0151 -3 0 0 182
4 6 62 24.0151 -3 0 0 196
4 6 63 24.0151 -3 0 0 196
4 7 0 15.3859 182.028 20 0.147393 322
4 7 1 14 202.322 20 0.144402 238
4 7 2 23 -2 0 0 238
4 7 3 22.8985 -3 0 0 168
4 7 4 22.8985 -3 0 0 28
4 7 5 22.8985 -3 0 0 168
4 7 6 36.3779 19.3738 20 0.182729 308
4 7 7 22.8985 -3 0 0 196
4 7 8 22.8985 -3 0 0 14
4 7 9 22.8985 -3 0 0 196
4 7 10 24.9566 21.742 20 0.189429 266
4 7 11 29.0505 25.5764 20 0.131429 322
4 7 12 22.8985 -3 0 0 14
4 7 13 31.3859 27.0012 20 0.299245 336
4 7 14 0 -10 0 0 0
4 7 15 28.047 23.1452 19.654 0.268739 280
4 7 16 21 -2 0 0 364
4 7 17 22.8985 -3 0 0 196
4 7 18 27.0501 27.2665 20 0.0263685 224
4 7 19 27 -2 0 0 476
4 7 20 21 -2 0 0 406
4 7 21 26.6708 35.0305 20 0.099978 238
4 7 22 22.8985 -3 0 0 168
4 7 23 22.8985 -3 0 0 182
4 7 24 17 -2 0 0 252
4 7 25 28.3681 22.8737 20 0.143751 378
4 7 26 22.8985 -3 0 0 182
4 7 27 26 -2 0 0 364
4 7 28 28.1345 13.079 18.164 0.203492 392
4 7 29 23 -2 0 0 280
4 7 30 18.9261 202.961 19.9961 0.20149 336
4 7 31 33.0843 14.5363 20 0.165746 546
4 7 32 18 -2 0 0 434
4 7 33 23.0143 27.0558 20 0.0932888 280
4 7 34 18 -2 0 0 252
4 7 35 21 -2 0 0 518
4 7 36 25.4602 6.72282 8.16236 0.215498 448
4 7 37 26 -2 0 0 210
4 7 38 28.6153 17.3692 20 0.25771 588
4 7 39 18 -2 0 0 518
4 7 40 32.8775 39.8897 20 0.366715 238
4 7 41 27.7204 12.2218 15.733 0.271187 378
4 7 42 21 -2 0 0 392
4 7 43 24 -2 0 0 252
4 7 44 28.1708 27.724 19.9999 0.378906 378
4 7 45 30.4388 20.1133 19.9999 0.090208 294
4 7 46 32.6028 33.4213 20 0.124469 224
4 7 47 27.2288 18.0924 20 0.205941 770
4 7 48 22.9401 25.5435 20 0.146272 406
4 7 49 29.6024 22.3391 20 0.180632 350
4 7 50 20 -2 0 0 406
4 7 51 20 -2 0 0 392
4 7 52 29 -2 0 0 280
4 7 53 30.0922 15.793 20 0.155448 532
4 7 54 28 -2 0 0 378
4 7 55 26.8232 14.4835 11.7844 0.300951 336
4 7 56 23.3708 36.2308 20 0.208374 490
4 7 57 28.1831 22.8228 20 0.18881 392
4 7 58 21.3448 194.811 20 0.191936 294
4 7 59 22.8985 -3 0 0 196
4 7 60 34.4453 14.5494 20 0.248004 602
4 7 61 25 -2 0 0 532
4 7 62 39.5669 19.2259 20 0.161284 420
4 7 63 32.1509 18.6602 20 0.161103 308
4 8 0 26.5851 0.958503 2.80574 0.382782 6020
4 8 1 22.3719 0.52789 2.31858 0.495606 5026
4 8 2 26.296 0.517381 2.38385 0.46103 6118
4 8 3 25.5324 0.534848 2.06502 0.504116 5712
4 8 4 22.2441 0.65806 2.9169 0.353804 6328
4 8 5 21.4622 0.556565 2.48498 0.46787 4802
4 8 6 26.5063 0.601802 2.73425 0.473742 6468
4 8 7 26.3472 0.666808 2.6756 0.338038 6482
4 8 8 22.8559 0.510855 2.24661 0.437212 4760
4 8 9 26.7559 0.506454 2.48896 0.384861 6482
4 8 10 26 -2 0 0 5012
4 8 11 26.6964 0.571501 2.04015 0.47948 6832
4 8 12 22.012 0.625596 3.3378 0.34834 5068
4 8 13 26.0182 0.654805 2.44058 0.390342 6090
4 8 14 26.7605 0.605944 2.71245 0.330023 6048
4 8 15 22.5806 0.846456 1.61545 0.555544 6188
4 8 16 25.9995 0.605346 3.32408 0.587189 6188
4 8 17 26.1221 0.590904 1.78261 0.42286 6160
4 8 18 26.2873 0.567303 2.99754 0.520674 6524
4 8 19 22.731 0.461998 1.95565 0.493956 5642
4 8 20 23 -2 0 0 6650
4 8 21 26.7836 0.605932 2.80992 0.416993 6202
4 8 22 20.7815 0.459744 2.16241 0.652454 4648
4 8 23 23.1369 0.480643 1.74893 0.468476 6888
4 8 24 26.2374 0.700176 2.5334 0.340311 6454
4 8 25 26.6611 0.629724 2.41949 0.298131 6762
4 8 26 22.7741 0.544526 2.68232 0.482247 6664
4 8 27 22.9583 0.547696 2.19282 0.601527 6370
4 8 28 26.293 0.652518 2.42997 0.448823 7462
4 8 29 27.1609 0.621072 2.40623 0.300736 7266
4 8 30 25.7823 0.543296 2.61175 0.412319 6972
4 8 31 23.6307 0.676859 3.43667 0.370941 6818
4 8 32 23.1836 0.531785 2.18561 0.526623 6636
4 8 33 23.347 0.726274 2.2382 0.330989 6944
4 8 34 21.4915 1.37914 3.41362 0.568249 7000
4 8 35 22.8366 0.469747 2.02699 0.490347 6874
4 8 36 26.0023 0.557195 2.51906 0.396586 7252
4 8 37 25.4288 0.682234 1.88892 0.519773 8134
4 8 38 25.3326 0.753366 2.53074 0.59809 9226
4 8 39 23.5997 0.595951 2.16535 0.583358 9100
4 8 40 23.4993 0.767564 2.96594 0.346249 6342
4 8 41 22.7973 0.640823 2.18561 0.43234 7098
4 8 42 26.8196 0.635813 2.7648 0.405064 8456
4 8 43 23.917 0.474213 2.25746 0.479006 6664
4 8 44 25.4597 0.941165 1.66304 0.722389 8568
4 8 45 23.4682 0.506219 2.76036 0.487067 7672
4 8 46 23.894 0.50407 2.19056 0.40568 7770
4 8 47 26.8473 0.649414 3.08755 0.273359 10290
4 8 48 23.197 0.47648 2.29083 0.474308 7252
4 8 49 23.7929 0.548514 2.03786 0.422016 7616
4 8 50 23.2707 0.755462 2.27126 0.450518 8526
4 8 51 23.4198 0.59832 2.36137 0.432927 9828
4 8 52 26.0874 0.638767 2.19729 0.599592 8330
4 8 53 25.3373 0.625707 2.00601 0.404873 9352
4 8 54 25.2833 0.7388 2.63589 0.344203 8694
4 8 55 24.5527 0.597445 3.53619 0.477174 9268
4 8 56 23.2507 0.436983 2.26898 0.506365 9436
4 8 57 25.3445 0.615518 1.98697 0.51796 10010
4 8 58 24.9657 0.653723 1.9217 0.589619 8820
4 8 59 25.8687 0.575201 2.5607 0.43739 8358
4 8 60 22.0727 0.556028 2.30934 0.333754 9464
4 8 61 25.6745 0.567847 2.98051 0.417357 10052
4 8 62 23.0232 0.452425 2.17816 0.401165 8582
4 8 63 24.7245 0.608678 3.15806 0.398601 9660
4 9 0 24.2115 0.630582 2.45107 0.412959 9198
4 9 1 27.8141 0.681823 2.36158 0.425656 9240
4 9 2 24.0544 0.528573 2.58059 0.550614 8218
4 9 3 28.3342 0.660327 3.0892 0.588107 5866
4 9 4 23.6535 0.586045 2.47731 0.300978 5852
4 9 5 22.7584 0.977472 2.23924 0.435704 6370
4 9 6 24.3242 0.669113 2.52159 0.412052 7280
4 9 7 27.9481 0.612609 2.98513 0.321218 4704
4 9 8 24.4164 0.552198 2.0465 0.465196 7098
4 9 9 27.0017 0.710253 3.39406 0.424878 6888
4 9 10 23 -2 0 0 5432
4 9 11 25.2062 0.640587 2.94516 0.489692 6328
4 9 12 23.8277 0.534724 2.25462 0.337851 5740
4 9 13 22.4125 0.836834 2.78883 0.356854 3990
4 9 14 26.9669 0.966658 2.9121 0.414654 8708
4 9 15 27.0449 1.07949 2.61255 0.375154 5712
4 9 16 27.6403 0.722154 3.54991 0.381692 5362
4 9 17 24.7604 0.584796 2.65513 0.428912 6468
4 9 18 24.5952 0.699052 3.04853 0.412329 5082
4 9 19 26.572 0.611745 2.07009 0.458333 4396
4 9 20 24.3897 0.581971 1.91763 0.432758 5516
4 9 21 26.6248 0.927066 3.10455 0.352705 7574
4 9 22 27.4867 0.676595 1.97073 0.627354 4788
4 9 23 24.9007 0.430652 2.05266 0.530758 5768
4 9 24 24.4783 0.530986 1.98178 0.352903 7546
4 9 25 23.2557 0.740411 2.89115 0.582229 3934
4 9 26 24.3718 0.731593 2.44406 0.472521 7644
4 9 27 25.3473 0.779953 1.48665 0.58041 4872
4 9 28 24.6445 0.703566 2.15169 0.496353 4438
4 9 29 26.9673 0.957754 1.86881 0.526694 6468
4 9 30 24.2391 0.568872 1.7149 0.429631 4760
4 9 31 20.9587 2.85944 6.93695 0.629522 3388
4 9 32 26.248 0.88926 3.15271 0.459562 3850
4 9 33 23.5262 0.677385 2.28235 0.552791 4620
4 9 34 24.3621 0.571238 2.67262 0.339111 7672
4 9 35 27.2263 1.22103 4.05043 0.690607 3696
4 9 36 24.9353 0.910064 1.74437 0.488196 4746
4 9 37 26.916 0.899627 2.95031 0.354313 6132
4 9 38 27.3156 0.640499 2.94962 0.565249 3836
4 9 39 23.3043 14.4814 19.3676 0.792741 4060
4 9 40 24.8915 0.537713 2.48203 0.309956 5376
4 9 41 23.5536 0.739078 1.77904 0.49221 2884
4 9 42 24.3618 0.669094 2.63172 0.449218 5362
4 9 43 23.9934 0.696205 2.88805 0.290983 6188
4 9 44 23.0626 0.885115 3.51692 0.419651 3374
4 9 45 23.09 0.712622 1.88962 0.482364 3766
4 9 46 24.1353 0.505844 2.30822 0.440797 6818
4 9 47 27.5122 0.679431 2.82966 0.461643 3794
4 9 48 28.2959 0.828471 1.81296 0.439339 4956
4 9 49 27.371 0.73493 2.7312 0.323407 5320
4 9 50 25.9382 1.03753 2.5082 0.397485 3878
4 9 51 24.6598 0.744395 2.38319 0.344681 5754
4 9 52 27.2279 0.589703 2.65422 0.28243 6300
4 9 53 26.8271 0.691058 2.52877 0.406284 3724
4 9 54 23.184 0.608669 2.29919 0.444943 3780
4 9 55 24.0927 0.93051 3.08876 0.441751 5096
4 9 56 25.3955 -3 0 0 112
4 9 57 26.3069 0.838891 2.03021 0.475887 5516
4 9 58 21.7462 0.561306 2.24579 0.390913 4914
4 9 59 27.3359 0.871203 2.68329 0.479736 6412
4 9 60 27.3953 1.01996 3.21621 0.401329 3906
4 9 61 25.894 0.601092 2.5222 0.438288 6496
4 9 62 26.0399 0.716833 2.96557 0.33269 6034
4 9 63 25.4938 0.708102 2.06709 0.555246 5222
4 10 0 22.1706 0.6179 2.05564 0.546135 10794
4 10 1 26.9 0.550612 2.38426 0.448686 10178
4 10 2 25.7959 0.651857 2.28586 0.408831 10920
4 10 3 24.9391 0.690969 2.74991 0.368573 10010
4 10 4 26.3174 0.529085 1.78295 0.644905 10178
4 10 5 26.3115 0.637597 2.2829 0.59662 10360
4 10 6 22.5516 0.454 2.02213 0.346522 10780
4 10 7 23.4121 0.563939 2.37099 0.326305 11060
4 10 8 22.623 0.550324 2.41571 0.506333 10080
4 10 9 27.0111 0.475875 2.22875 0.694451 10458
4 10 10 23.0025 0.591282 2.02339 0.570902 9576
4 10 11 22.7798 0.63097 2.07377 0.487523 10654
4 10 12 23.51 0.550789 2.55319 0.49222 10220
4 10 13 26.0211 0.64444 2.53333 0.457053 10276
4 10 14 23.7623 0.574088 2.09329 0.497391 9996
4 10 15 23.2068 0.579661 2.05553 0.28972 9660
4 10 16 24.8392 -3 0 0 10570
4 10 17 22.67 0.552052 2.33184 0.445212 9730
4 10 18 21.8999 1.00584 3.37667 0.391541 9898
4 10 19 25.7171 0.547928 2.15977 0.581221 10542
4 10 20 23.0232 0.565516 1.60844 0.705405 10276
4 10 21 22.1311 0.609174 1.98114 0.646084 10178
4 10 22 29 -2 0 0 9324
4 10 23 23.7524 0.58104 2.14582 0.529516 10080
4 10 24 23.2637 0.416248 2.49385 0.681779 9814
4 10 25 26.4869 0.56069 2.4571 0.410015 10836
4 10 26 23.1381 0.605466 2.53998 0.45146 10332
4 10 27 26.7015 0.537527 2.36382 0.501654 10150
4 10 28 23.6491 0.495451 1.81886 0.579876 10080
4 10 29 26.7314 0.665265 1.94203 0.551656 11088
4 10 30 25.2417 0.929038 2.90645 0.653424 10206
4 10 31 24.1791 0.70021 2.68603 0.311478 10220
4 10 32 26.6288 0.459761 2.46055 0.653027 9884
4 10 33 24.4895 0.446339 2.28318 0.554614 9660
4 10 34 23.3748 0.603776 2.73128 0.425319 10038
4 10 35 26.1876 0.571439 2.79066 0.524629 11018
4 10 36 26.4976 0.599767 2.24874 0.445909 10346
4 10 37 23.7714 0.651357 1.90395 0.430926 10640
4 10 38 26.339 0.513756 2.44139 0.487271 10794
4 10 39 25.821 0.506108 2.46708 0.546365 11956
4 10 40 26.147 0.536211 1.80512 0.574996 10444
4 10 41 24.7619 0.523184 1.76495 0.567684 9086
4 10 42 26.7491 0.50044 2.52435 0.460903 10430
4 10 43 26.7283 0.491597 2.1964 0.564124 10570
4 10 44 23.7652 0.515172 2.08023 0.470046 9898
4 10 45 26.7282 0.471726 2.06033 0.662389 9618
4 10 46 26.4031 0.653231 3.20582 0.3897 10990
4 10 47 24.9231 0.556454 1.80851 0.691607 11536
4 10 48 23.9738 0.445092 1.99388 0.695886 10556
4 10 49 26.3462 0.44807 2.52866 0.476196 10010
4 10 50 26.9188 0.568118 1.96901 0.47491 9688
4 10 51 24.1042 0.504661 2.23611 0.407243 11242
4 10 52 23.0608 0.63401 2.28609 0.465999 10990
4 10 53 25.6779 0.619621 2.52689 0.48387 10850
4 10 54 23.896 0.48388 1.89289 0.581905 9996
4 10 55 25.2261 0.583829 2.59382 0.769704 10444
4 10 56 25.557 0.567922 2.29741 0.445857 12040
4 10 57 25.2461 0.633301 2.80501 0.524598 11984
4 10 58 25.3286 0.581064 2.45906 0.606892 10290
4 10 59 25.9855 0.583783 1.87611 0.626116 10962
4 10 60 25.1406 0.619682 1.88073 0.682302 11508
4 10 61 24.311 0.698013 2.94115 0.413394 12236
4 10 62 25.7677 0.608433 2.48471 0.557986 10738
4 10 63 25.9296 0.551756 1.93357 0.398337 10780
4 11 0 28.2623 0.849675 2.60859 0.621688 12012
4 11 1 28.305 0.647787 2.98067 0.431034 10514
4 11 2 28.2715 0.587979 2.17604 0.506453 10010
4 11 3 29.2907 0.703735 3.32099 0.37087 6706
4 11 4 28.5785 0.561907 2.33195 0.476125 7434
4 11 5 28.5888 0.665833 2.27683 0.299464 8246
4 11 6 25.3529 0.478448 2.23391 0.517383 8246
4 11 7 27.9345 0.653843 2.83695 0.495199 5180
4 11 8 26.1124 0.680972 2.42181 0.356375 8750
4 11 9 28.6884 0.56399 2.69133 0.459525 7826
4 11 10 24.2879 0.54566 2.54915 0.514611 6020
4 11 11 26.3857 0.569817 2.02674 0.377085 8778
4 11 12 29.3405 0.714449 2.73196 0.369046 7182
4 11 13 25.585 0.630016 2.46197 0.564584 6146
4 11 14 28.7659 0.697177 3.00667 0.420568 10696
4 11 15 27.0732 0.584856 2.2962 0.475266 6580
4 11 16 24.6674 0.537177 2.46584 0.521132 6048
4 11 17 26.3931 0.527202 2.18163 0.570594 8792
4 11 18 28.4491 0.749811 3.75929 0.742197 7728
4 11 19 27.1033 0.529378 2.51978 0.478921 4872
4 11 20 26.6623 0.525083 2.30715 0.390395 7686
4 11 21 28.5897 0.625697 3.18047 0.541585 8428
4 11 22 26.4012 0.528767 2.52209 0.44116 5922
4 11 23 28.7955 0.723825 2.32737 0.471629 8750
4 11 24 28.2818 0.878096 1.8953 0.800622 9632
4 11 25 25.911 0.626653 3.14414 0.472171 4928
4 11 26 25.1956 0.682733 3.02725 0.699029 10136
4 11 27 28.4413 0.782024 2.79811 0.455339 6636
4 11 28 29.3031 0.68543 2.8614 0.344418 6174
4 11 29 29.9756 0.769609 2.04373 0.560349 9646
4 11 30 26.2324 0.582057 2.401 0.479197 6748
4 11 31 26.0274 0.875426 2.13805 0.647647 5488
4 11 32 26.4652 0.905542 2.22958 0.36977 6104
4 11 33 25.576 0.688032 2.70895 0.501238 6790
4 11 34 26.3703 0.68712 2.01823 0.504884 10542
4 11 35 25.7277 0.639918 2.89126 0.571477 4858
4 11 36 26.4392 0.67188 2.63309 0.374292 6608
4 11 37 25.9162 0.782733 2.94483 0.61157 7868
4 11 38 26.1289 0.628275 1.62518 0.689108 4718
4 11 39 27.7644 0.911995 2.86551 0.631608 7014
4 11 40 28.7305 0.61695 2.56176 0.45447 8064
4 11 41 28.8292 0.901889 2.26361 0.509757 5894
4 11 42 26.1152 0.745917 1.9108 0.560276 7588
4 11 43 26.0661 0.581087 1.98983 0.506388 9142
4 11 44 34 -2 0 0 6034
4 11 45 29.371 0.828088 1.98276 0.519487 6314
4 11 46 25.526 0.554814 2.95643 0.343351 11410
4 11 47 36 -2 0 0 5656
4 11 48 37 -2 0 0 7518
4 11 49 26.2031 0.850951 1.53593 0.509313 8932
4 11 50 25.6717 0.737294 3.62566 0.300549 6748
4 11 51 28.5163 0.656586 2.7026 0.450343 10290
4 11 52 25.9985 0.630415 1.63988 0.623991 8862
4 11 53 24.1728 0.815347 2.6433 0.444356 5474
4 11 54 26.0613 0.604765 2.76115 0.497107 6916
4 11 55 26.4964 0.598728 2.95365 0.33923 8442
4 11 56 25.003 0.504026 2.16581 0.387037 8106
4 11 57 27.7966 0.988837 2.77042 0.726221 8946
4 11 58 28.2781 0.631672 2.54537 0.506201 7644
4 11 59 25.0549 1.15843 3.50344 0.374146 9688
4 11 60 28.0433 0.594351 2.60653 0.446063 6524
4 11 61 24.0416 0.462728 2.46709 0.572656 10388
4 11 62 24.5841 0.685323 2.39173 0.720039 10626
4 11 63 27.8711 0.61851 2.12889 0.536138 9044
4 12 0 24.5833 0.467512 1.98668 0.860803 9856
4 12 1 27.1598 0.635753 3.33114 0.421825 9954
4 12 2 28.0719 0.815699 3.66031 0.404484 9562
4 12 3 25.4718 0.471764 1.78879 0.683941 7714
4 12 4 25.793 0.505538 2.35226 0.631545 6902
4 12 5 25.4794 0.654923 1.34138 0.813088 8330
4 12 6 27.6264 0.625914 2.63551 0.483988 9030
4 12 7 25.466 0.53055 1.81893 0.656181 7910
4 12 8 25.1766 0.549011 2.52379 0.482275 8288
4 12 9 25.8912 0.550384 2.85504 0.341945 9422
4 12 10 24.9851 0.515369 2.85655 0.341123 9002
4 12 11 28.096 0.660978 2.51023 0.460552 7798
4 12 12 25.5368 0.634402 2.06601 0.564129 7840
4 12 13 25.3009 0.545929 1.77225 0.671851 6790
4 12 14 25.623 0.665264 3.56475 0.454441 8596
4 12 15 25.1021 0.582453 2.1905 0.36293 7266
4 12 16 27.9549 0.533829 2.47899 0.73027 10444
4 12 17 24.579 0.516035 2.68905 0.630657 6832
4 12 18 25.7966 0.603875 1.56525 0.614022 7378
4 12 19 26.2723 0.543504 2.0512 0.471312 7392
4 12 20 26.2757 0.65096 2.15771 0.339944 6636
4 12 21 27.2214 0.581874 3.25152 0.372587 10038
4 12 22 24.4139 0.510456 2.04333 0.57131 8638
4 12 23 25.2987 0.878126 2.38206 0.420537 6972
4 12 24 25.9312 0.536339 2.4683 0.389456 7966
4 12 25 27.7907 0.593532 1.6589 0.680277 7504
4 12 26 26.5225 0.518777 1.98988 0.648037 7742
4 12 27 24.8418 0.591121 1.73685 0.584549 5978
4 12 28 25.1992 0.673569 2.51934 0.44503 6874
4 12 29 24.7702 1.0926 3.43172 0.515262 6874
4 12 30 25.9632 0.504592 2.71853 0.402053 6272
4 12 31 27.618 0.669546 2.62342 0.483224 6230
4 12 32 23.6536 0.545949 2.87581 0.480818 6188
4 12 33 26.5037 0.506154 2.01685 0.52747 5936
4 12 34 28.4702 1.02843 3.30939 0.406707 7252
4 12 35 25.019 0.602558 2.83342 0.406866 5530
4 12 36 25.0765 0.606127 3.36436 0.373409 6776
4 12 37 26.6917 0.63723 1.61346 0.601406 6426
4 12 38 26.8922 0.638047 3.13706 0.465805 5334
4 12 39 26.4251 1.03588 2.52253 0.638945 4536
4 12 40 25.8493 0.729498 2.49633 0.464614 6888
4 12 41 23.9733 0.514505 1.63265 0.680392 5824
4 12 42 25.4671 0.724156 4.0807 0.359866 6440
4 12 43 25.6605 0.791197 2.8937 0.312213 6370
4 12 44 24.9531 0.519533 1.79937 0.589579 5278
4 12 45 25.3422 0.537474 2.875 0.318209 5040
4 12 46 28.4287 0.717065 2.99033 0.322231 7588
4 12 47 28 -2 0 0 5334
4 12 48 28.8536 0.734687 2.18726 0.448888 6524
4 12 49 28.4688 0.587287 2.67175 0.475895 5502
4 12 50 27.9894 0.683566 2.2184 0.47283 5236
4 12 51 24.6264 0.630442 3.16331 0.472906 4858
4 12 52 28.4376 0.642652 3.45217 0.622801 6160
4 12 53 24.9746 0.514527 2.53786 0.574674 4620
4 12 54 24.9382 0.661278 2.37966 0.458409 5068
4 12 55 24.5338 0.665662 3.3065 0.505302 5404
4 12 56 24.9448 0.768575 3.7276 0.351269 5278
4 12 57 24.7172 0.757274 2.07442 0.674297 4956
4 12 58 24.9872 0.89186 2.19449 0.488508 5194
4 12 59 25.8855 0.643023 1.62901 0.529289 5670
4 12 60 26.2217 0.574616 2.28719 0.446712 4606
4 12 61 24.6385 0.623218 2.80003 0.481713 5096
4 12 62 25.0764 0.459672 2.24019 0.515482 5838
4 12 63 24.2527 0.730582 2.18692 0.46206 4802
4 13 0 23.7751 0.613553 3.09399 0.511266 5194
4 13 1 23.5292 0.841097 2.68071 0.53992 5124
4 13 2 24.7903 0.630956 2.70307 0.337358 4452
4 13 3 26.685 0.996814 3.57392 0.468473 3458
4 13 4 24.3141 0.739908 1.98337 0.548689 4312
4 13 5 25.5637 0.557841 2.15225 0.453068 3696
4 13 6 26.1006 0.693966 3.14908 0.50289 4158
4 13 7 24.5333 0.584741 2.10579 0.418353 2982
4 13 8 26.0209 0.599638 2.83993 0.778404 4984
4 13 9 23.7157 0.823896 3.70712 0.54348 3010
4 13 10 22.4104 0.539012 1.9804 0.453801 2926
4 13 11 24.3048 0.657646 2.74744 0.580008 5082
4 13 12 26.0221 1.1176 2.70776 0.348197 4046
4 13 13 24.0124 1.14684 3.72182 0.542491 2968
4 13 14 25.0025 0.685573 1.42607 0.583804 6286
4 13 15 23.7645 0.604186 2.32808 0.544725 3514
4 13 16 24.3916 0.844303 3.35977 0.555072 2912
4 13 17 25.0406 0.688366 2.2609 0.482297 5362
4 13 18 25.4229 0.707152 3.38633 0.352568 3584
4 13 19 27.5349 0.802914 3.56699 0.411515 3066
4 13 20 23.7631 0.962994 2.16428 0.480782 4914
4 13 21 23.9712 0.799644 2.50405 0.642317 3122
4 13 22 24.6659 0.826204 3.36776 0.4193 3164
4 13 23 25.3422 0.793573 2.04295 0.44673 5348
4 13 24 26.0205 0.910198 2.22432 0.725377 5502
4 13 25 26.2808 0.685478 2.60908 0.566892 3710
4 13 26 24.861 0.529345 2.07203 0.616954 5614
4 13 27 23.558 0.718307 2.96887 0.405664 3934
4 13 28 25.0234 0.627916 2.73134 0.515324 3416
4 13 29 25.3069 0.514087 2.08047 0.477653 6678
4 13 30 25.2224 0.556509 2.26964 0.486844 4396
4 13 31 26.5356 0.660319 2.99922 0.284544 3906
4 13 32 23.8104 0.690836 2.66275 0.531289 3206
4 13 33 23.6303 0.772046 3.68423 0.436493 4130
4 13 34 24.3958 0.554246 2.35387 0.581982 6902
4 13 35 27.5688 0.733037 3.2896 0.37349 3822
4 13 36 24.4186 0.705356 2.99785 0.435158 4242
4 13 37 25.4368 0.659848 2.24266 0.448964 5796
4 13 38 23.3546 0.729963 3.65239 0.439743 3948
4 13 39 25.2818 0.588188 2.80172 0.381061 7294
4 13 40 25.0452 0.609739 1.58144 0.522961 5544
4 13 41 24.2482 0.600918 2.65028 0.442681 4046
4 13 42 26.7434 0.610516 2.27679 0.429658 5754
4 13 43 25.0778 0.633642 2.30361 0.445654 6412
4 13 44 24.7477 0.73054 3.44154 0.219031 4886
4 13 45 23.6233 0.598921 2.27316 0.423028 4704
4 13 46 24.1549 0.764793 2.29229 0.383809 7434
4 13 47 26.6897 0.658301 2.95625 0.342798 5180
4 13 48 24.5648 0.780772 2.641 0.41617 4088
4 13 49 25.0123 0.739691 1.68966 0.518124 6580
4 13 50 26.9426 0.66527 3.13957 0.424358 5474
4 13 51 24.7785 0.76935 2.09121 0.434096 9408
4 13 52 24.2865 0.771554 3.1707 0.486987 6790
4 13 53 26.4665 0.835245 2.59017 0.519427 5488
4 13 54 23.8633 0.604978 2.5058 0.438855 5796
4 13 55 23.358 0.772826 3.07421 0.524244 6790
4 13 56 23.2746 0.863102 3.17029 0.288391 7280
4 13 57 23.1128 0.533518 2.58828 0.459403 7728
4 13 58 25.4948 0.613475 2.71398 0.417342 6426
4 13 59 24.0738 0.593969 2.73818 0.311861 8512
4 13 60 23.2272 0.631308 1.64655 0.602469 6692
4 13 61 22.2997 0.738546 3.03563 0.370404 10346
4 13 62 25.0165 0.750073 3.8873 0.478926 8176
4 13 63 23.3792 0.582699 1.75139 0.380225 7028
4 14 0 27 -2 0 0 1050
4 14 1 33.2056 8.78522 15.5187 0.335563 728
4 14 2 27 -2 0 0 924
4 14 3 24.4707 25.9311 20 0.31139 602
4 14 4 31.031 13.9209 17.9477 0.333978 588
4 14 5 25 -2 0 0 644
4 14 6 22.4245 26.034 20 0.299498 868
4 14 7 29.8633 3.41961 6.82034 0.474459 770
4 14 8 24 -2 0 0 546
4 14 9 26.8674 18.3211 20 0.25471 728
4 14 10 23 -2 0 0 1134
4 14 11 30 -2 0 0 350
4 14 12 24 -2 0 0 686
4 14 13 28.3458 19.2804 20 0.25319 504
4 14 14 26 -2 0 0 854
4 14 15 21 -2 0 0 504
4 14 16 30.6472 9.35275 15.9523 0.371172 1134
4 14 17 32.4449 10.0152 15.7676 0.226675 518
4 14 18 24.3281 27.599 20 0.264988 560
4 14 19 34.3 14.2342 20 0.251323 700
4 14 20 32.1618 149.557 20 0.275647 518
4 14 21 25.3611 25.7022 20 0.240155 574
4 14 22 26.2601 16.4293 15.4462 0.278213 546
4 14 23 30.2879 23.079 20 0.219841 364
4 14 24 28.6534 3.95067 8.98124 0.386744 784
4 14 25 28.18 29.1814 20 0.384001 546
4 14 26 19 -2 0 0 630
4 14 27 25 -2 0 0 574
4 14 28 29.2232 166.512 20 0.289001 434
4 14 29 19 -2 0 0 504
4 14 30 21 -2 0 0 392
4 14 31 30.8503 19.8229 19.9998 0.171815 378
4 14 32 25.9028 29.7068 19.4515 0.164568 420
4 14 33 22 -2 0 0 504
4 14 34 23 -2 0 0 546
4 14 35 29 -2 0 0 378
4 14 36 24 -2 0 0 294
4 14 37 29.0736 28.2475 20 0.144442 294
4 14 38 34.5601 24.9182 20 0.144492 252
4 14 39 35.7005 21.1177 20 0.166411 322
4 14 40 19 -2 0 0 350
4 14 41 27 -2 0 0 392
4 14 42 24.9853 123.484 19.9999 0.116967 280
4 14 43 29.6564 17.9713 20 0.240292 434
4 14 44 25.4072 27.9008 20 0.170185 434
4 14 45 31.1395 19.9149 20 0.190957 336
4 14 46 21 -2 0 0 588
4 14 47 29.2497 16.205 12.8252 0.184837 308
4 14 48 31.7794 22.5216 19.9999 0.277966 434
4 14 49 22 -2 0 0 294
4 14 50 28 -2 0 0 224
4 14 51 30.7049 12.299 15.7297 0.0819672 266
4 14 52 24.9233 26.42 20 0.149983 406
4 14 53 27.7823 35.9857 19.1838 0.203077 238
4 14 54 30.7918 23.0003 20 0.140762 224
4 14 55 18 -2 0 0 350
4 14 56 30 -2 0 0 406
4 14 57 33.3816 22.1936 20 0.185633 378
4 14 58 24.927 23.7197 20 0.117526 336
4 14 59 30.6266 115.193 18.5022 0.176333 308
4 14 60 27 -2 0 0 406
4 14 61 29.1962 5.76904 7.50643 0.138211 252
4 14 62 27.985 29.4305 20 0.143457 308
4 14 63 24 -2 0 0 238
4 15 0 25 -2 0 0 420
4 15 1 22.8949 107.467 20 0.189921 266
4 15 2 27 -2 0 0 336
4 15 3 25.8931 -3 0 0 126
4 15 4 33.2963 25.0007 20 0.133119 280
4 15 5 23 -2 0 0 336
4 15 6 33 -2 0 0 224
4 15 7 25.8931 -3 0 0 154
4 15 8 25.8931 -3 0 0 196
4 15 9 32.9861 22.454 20 0.0824314 252
4 15 10 28 -2 0 0 210
4 15 11 25.8931 -3 0 0 182
4 15 12 25.8931 -3 0 0 126
4 15 13 25.5261 31.3404 20 0.0872847 224
4 15 14 39.0332 13.558 15.3744 0.262278 448
4 15 15 25.8931 -3 0 0 196
4 15 16 25.8931 -3 0 0 196
4 15 17 29.6906 27.305 20 0.0865865 378
4 15 18 25.8931 -3 0 0 154
4 15 19 33.708 16.7699 16.192 0.201643 308
4 15 20 25 -2 0 0 294
4 15 21 22 -2 0 0 252
4 15 22 25.8931 -3 0 0 154
4 15 23 34.2676 24.6095 20 0.13499 266
4 15 24 26 -2 0 0 322
4 15 25 40.0402 20.8505 20 0.152413 252
4 15 26 37.9583 109.962 20 0.12372 322
4 15 27 23 -2 0 0 308
4 15 28 22.6509 108.268 20 0.106434 280
4 15 29 34.2206 20.6082 20 0.250321 378
4 15 30 32.3482 25.0465 20 0.151958 266
4 15 31 22 -2 0 0 252
4 15 32 25.8931 -3 0 0 350
4 15 33 25 -2 0 0 308
4 15 34 25.3588 29.5996 20 0.264919 546
4 15 35 34.0603 166.222 20 0.230916 378
4 15 36 28.8683 6.2308 8.24614 0.234945 308
4 15 37 21.6964 150.233 19.8838 0.393765 294
4 15 38 24 -2 0 0 336
4 15 39 28 -2 0 0 798
4 15 40 25.8931 -3 0 0 182
4 15 41 25 -2 0 0 308
4 15 42 35.6412 22.4965 20 0.124145 308
4 15 43 22 -2 0 0 476
4 15 44 23.7665 196.59 14.0934 0.300872 434
4 15 45 30.9773 21.5757 20 0.265602 434
4 15 46 23 -2 0 0 490
4 15 47 33.5894 19.1963 20 0.119659 406
4 15 48 20 -2 0 0 420
4 15 49 22.2878 35.7059 20 0.242138 462
4 15 50 28 -2 0 0 504
4 15 51 32.735 10.6566 16.9628 0.363882 1050
4 15 52 24 -2 0 0 588
4 15 53 27 -2 0 0 546
4 15 54 32.2653 24.388 20 0.165213 420
4 15 55 29 -2 0 0 560
4 15 56 29.1414 16.2028 20 0.252005 854
4 15 57 31.7446 16.8821 20 0.269373 714
4 15 58 30.2385 20.2512 20 0.322527 574
4 15 59 27 -2 0 0 756
4 15 60 19 -2 0 0 658
4 15 61 28 -2 0 0 1064
4 15 62 26.8121 20.2338 20 0.236254 756
4 15 63 30 -2 0 0 658
5 0 0 27.2284 0.849922 2.98602 0.451972 2786
5 0 1 26.4258 1.71953 5.07808 0.378548 2548
5 0 2 30.4914 7.55357 14.5578 0.399693 1862
5 0 3 28.6704 3.41458 5.71008 0.327983 1638
5 0 4 26.9671 1.0741 3.26749 0.353822 1764
5 0 5 26.5036 1.43324 4.62896 0.346489 1736
5 0 6 28.568 2.15077 5.22741 0.300723 2142
5 0 7 28 -2 0 0 1862
5 0 8 33.3561 7.31174 15.2545 0.380577 1848
5 0 9 31.3912 9.8429 16.747 0.409746 1946
5 0 10 29.7253 19.0923 20 0.503914 1568
5 0 11 25.6239 0.965247 3.60066 0.309836 2296
5 0 12 28.5785 2.43915 5.01671 0.28438 1652
5 0 13 31 -2 0 0 1554
5 0 14 28 -2 0 0 2702
5 0 15 29.5906 8.67073 14.6271 0.245216 742
5 0 16 29.0949 2.35447 4.26725 0.367017 1848
5 0 17 27.563 15.1798 20 0.366179 2170
5 0 18 23 -2 0 0 686
5 0 19 33.2397 7.60539 15.5544 0.35395 1498
5 0 20 22.7578 7.59154 4.93381 0.186858 210
5 0 21 28.6182 1.54655 3.90767 0.296213 1876
5 0 22 31 -2 0 0 1736
5 0 23 30.7115 3.17195 8.4638 0.324425 2128
5 0 24 29.3754 3.81216 9.20815 0.4796 2408
5 0 25 26.7395 3.43808 8.05679 0.354793 1652
5 0 26 30.4901 2.85065 5.67728 0.443783 3038
5 0 27 23.6162 21.3877 16.1527 0.250686 490
5 0 28 26.94 2.0118 5.37211 0.341957 1750
5 0 29 27.4112 0.717287 1.97069 0.409179 2380
5 0 30 31.8151 34.2633 20 0.181483 322
5 0 31 29.3558 12.1242 20 0.341877 1652
5 0 32 21.1841 15.3002 15.0113 0.191898 462
5 0 33 26.2888 11.9394 14.0186 0.182145 364
5 0 34 26.1211 0.753355 2.83188 0.398806 2786
5 0 35 33 -2 0 0 1736
5 0 36 26.0709 -3 0 0 182
5 0 37 34.2031 11.6341 20 0.448834 2324
5 0 38 28.9201 3.39003 9.03027 0.358669 2156
5 0 39 24.5954 28.4041 16.2876 0.337701 784
5 0 40 26.8344 13.9553 19.9997 0.37868 1568
5 0 41 21.3067 31.1687 20 0.104384 336
5 0 42 24.0064 21.4224 20 0.174102 350
5 0 43 27.901 1.4419 3.82903 0.367639 2492
5 0 44 22 -2 0 0 1036
5 0 45 17.4267 132.091 20 0.182707 462
5 0 46 27.5459 2.62252 7.4415 0.405591 2800
5 0 47 28.5922 1.53424 3.76501 0.323737 2226
5 0 48 23.9278 6.33208 8.16686 0.0904517 252
5 0 49 28.0445 1.64147 5.32387 0.394904 2842
5 0 50 25.7374 17.1425 20 0.280257 840
5 0 51 25.654 1.1032 3.712 0.381329 3458
5 0 52 31 -2 0 0 2660
5 0 53 22.6442 3.21007 6.40049 0.34335 1148
5 0 54 22.6602 19.5344 13.006 0.187347 686
5 0 55 29 -2 0 0 3122
5 0 56 14 14.4124 8.5442 0.344067 812
5 0 57 29 -2 0 0 2170
5 0 58 26.3793 1.11851 3.47186 0.418994 2492
5 0 59 25 -2 0 0 3010
5 0 60 20 -2 0 0 952
5 0 61 27.3948 5.52835 8.25691 0.442834 3654
5 0 62 27 -2 0 0 3514
5 0 63 31.2737 11.389 20 0.488917 2954
5 1 0 27.7658 0.656193 2.39008 0.438292 4312
5 1 1 27.5975 0.753771 3.58338 0.423124 4088
5 1 2 26.103 0.751838 2.84605 0.290268 3682
5 1 3 26.1789 0.783006 3.59356 0.343691 5082
5 1 4 26.5445 0.723061 2.75372 0.562682 4032
5 1 5 25.2801 1.00006 2.91065 0.646547 4564
5 1 6 31.6027 2.71612 9.61195 0.640973 4942
5 1 7 26.4763 0.70056 2.70078 0.36083 6594
5 1 8 26.5042 0.814999 2.51937 0.506079 4172
5 1 9 27.6896 0.723128 3.1912 0.458541 5922
5 1 10 27.666 0.734457 3.10375 0.461591 6216
5 1 11 31 -2 0 0 3752
5 1 12 33 -2 0 0 4522
5 1 13 26.4391 0.737953 1.98522 0.572856 5012
5 1 14 27.161 0.850636 3.29768 0.380863 3892
5 1 15 23.3086 15.5413 19.1761 0.590016 4886
5 1 16 26.7907 0.710674 2.6524 0.471482 7056
5 1 17 26.7541 1.51385 5.97931 0.456238 3388
5 1 18 27.2079 2.21081 6.91336 0.34832 1456
5 1 19 26.4506 0.72471 2.49072 0.407138 5964
5 1 20 26.9422 0.689341 1.94768 0.513787 2996
5 1 21 26.7259 0.799077 2.66615 0.269871 5040
5 1 22 27.8461 0.815763 1.40049 0.482453 5726
5 1 23 21.2057 151.431 18.7759 0.205053 350
5 1 24 29.3554 0.749854 3.19039 0.501746 3430
5 1 25 28.8951 0.798395 2.34029 0.400187 5698
5 1 26 29 -2 0 0 3052
5 1 27 28.9333 11.8386 18.1682 0.457478 2058
5 1 28 27.4655 0.730466 2.993 0.431159 4480
5 1 29 20.0345 14.3068 20 0.353271 1274
5 1 30 25.5603 25.4534 20 0.243841 462
5 1 31 27.8431 0.659111 2.42384 0.480996 4718
5 1 32 25.9805 0.76209 2.63953 0.332308 4200
5 1 33 26.7255 0.964415 3.35378 0.357711 1946
5 1 34 28.4644 0.659339 2.58504 0.482974 3080
5 1 35 28.9763 0.753938 2.69342 0.361436 4718
5 1 36 25.806 26.8304 20 0.202772 378
5 1 37 27.9409 2.02736 6.2082 0.470417 2114
5 1 38 26.2051 1.11048 4.87125 0.420816 3878
5 1 39 28.5648 0.861863 3.52589 0.509812 3388
5 1 40 26.4423 9.97209 15.5375 0.27492 1134
5 1 41 25.6292 0.866059 2.4811 0.41491 3234
5 1 42 33.8163 5.68256 14.0973 0.585724 3290
5 1 43 27.4611 1.41256 5.13994 0.305136 2450
5 1 44 26.6227 0.982207 3.85633 0.318764 3136
5 1 45 28.303 0.732123 3.12275 0.44898 3542
5 1 46 28.2537 1.09107 3.33295 0.499052 3178
5 1 47 27.5071 0.66501 2.52415 0.532608 4410
5 1 48 26.41 0.820991 3.35166 0.398635 3514
5 1 49 31.8286 2.81868 8.57184 0.590536 3346
5 1 50 26.6475 1.1503 4.45256 0.541925 3164
5 1 51 28.5517 0.856095 2.70931 0.402713 2604
5 1 52 27.3423 0.802334 3.12472 0.452662 3108
5 1 53 23.242 2.19789 5.89724 0.274888 1414
5 1 54 27.5826 2.72227 6.98109 0.544571 2842
5 1 55 27.163 1.11248 3.92383 0.423202 2744
5 1 56 25.483 1.24345 3.62483 0.443747 2800
5 1 57 27.4336 0.802474 3.17661 0.332699 2674
5 1 58 24.2734 1.07662 2.62092 0.382524 3010
5 1 59 26.1105 1.57375 5.06168 0.501196 2198
5 1 60 26.3765 1.20309 3.08259 0.376717 2982
5 1 61 27 -2 0 0 2884
5 1 62 25.6235 0.79599 3.06362 0.573071 2702
5 1 63 25.4351 1.16838 3.99398 0.486922 2884
5 2 0 26.4762 1.02452 2.87405 0.426848 4522
5 2 1 27.108 13.0423 20 0.579837 3738
5 2 2 26 -2 0 0 924
5 2 3 31.0691 2.56746 7.97502 0.423526 2268
5 2 4 19.4984 31.8573 19.9999 0.235845 714
5 2 5 30 -2 0 0 2758
5 2 6 30.5975 9.25224 20 0.422767 2548
5 2 7 33.5847 8.2061 15.5671 0.457427 1820
5 2 8 33.6374 5.50505 14.2196 0.596195 3332
5 2 9 30.0331 1.93831 5.77017 0.298715 2002
5 2 10 19 -2 0 0 1064
5 2 11 25 -2 0 0 896
5 2 12 28.1554 1.06014 4.02565 0.242811 2842
5 2 13 29.8499 1.52697 3.72188 0.466341 1806
5 2 14 25.2605 17.4833 20 0.541357 4676
5 2 15 23.9784 16.2277 15.0651 0.285997 896
5 2 16 23.6687 8.70242 15.2198 0.391823 2002
5 2 17 25.6557 1.2856 4.5106 0.423722 2744
5 2 18 22 -2 0 0 756
5 2 19 27.4106 0.997017 2.84468 0.345849 1974
5 2 20 26.4899 0.799567 3.05242 0.430246 3416
5 2 21 27.8952 1.09524 3.99074 0.379557 2520
5 2 22 25.2873 2.05161 5.82483 0.319147 1834
5 2 23 20.9929 35.2279 20 0.226623 448
5 2 24 26.9879 0.68544 1.99731 0.391804 3962
5 2 25 36 -2 0 0 2170
5 2 26 30.4683 3.17885 5.89871 0.495538 4368
5 2 27 23.1402 7.01119 9.18639 0.275827 518
5 2 28 30.5627 4.68958 12.5118 0.334213 1806
5 2 29 24.4624 13.9221 12.9484 0.260364 434
5 2 30 22 -2 0 0 616
5 2 31 31.9372 6.60142 14.435 0.443428 1988
5 2 32 29.1209 1.21064 3.86914 0.328658 1764
5 2 33 28.3512 2.60125 7.95072 0.445765 2198
5 2 34 20 -2 0 0 756
5 2 35 36.7726 8.91158 20 0.486788 2352
5 2 36 28.3351 13.5249 20 0.449053 2632
5 2 37 26.2114 22.9931 20 0.241757 364
5 2 38 28.1132 0.927131 3.0605 0.442124 2352
5 2 39 27.5323 4.50428 6.98613 0.442501 2926
5 2 40 27.6678 1.38056 4.64622 0.29721 2856
5 2 41 29.0161 5.24598 9.80387 0.457438 2100
5 2 42 25.1014 0.847538 3.29581 0.331241 2912
5 2 43 25.8813 0.69078 2.38729 0.393982 3682
5 2 44 28.4663 1.74584 4.83754 0.369849 1862
5 2 45 30.2893 2.70594 7.80305 0.483333 2436
5 2 46 27.8835 0.877416 3.03446 0.40733 4382
5 2 47 0 -10 0 0 0
5 2 48 27.7286 1.10538 3.87466 0.269405 2240
5 2 49 25.6472 1.01853 3.7515 0.381677 3682
5 2 50 27.5574 1.69453 4.26506 0.366505 1988
5 2 51 25.2834 0.966739 4.17149 0.314647 4354
5 2 52 25.3119 1.0872 4.08015 0.469779 3752
5 2 53 25.7252 17.4826 12.6301 0.447168 2254
5 2 54 27.8573 2.50787 5.19982 0.39079 2674
5 2 55 25.5085 1.66824 5.48349 0.372434 3640
5 2 56 27 -2 0 0 3724
5 2 57 26.3011 2.10154 6.59714 0.279374 1344
5 2 58 25.2671 1.54822 5.43381 0.363282 3136
5 2 59 26.5592 0.617306 2.45453 0.418962 4970
5 2 60 27.7281 1.44715 5.20258 0.311617 2604
5 2 61 25.6494 0.773401 2.9674 0.319023 5460
5 2 62 28 -2 0 0 5166
5 2 63 21.4451 110.68 18.6483 0.568741 3066
5 3 0 25.312 0.910407 4.76756 0.405665 5978
5 3 1 24.6433 0.741597 2.29443 0.625614 5670
5 3 2 26.0792 0.649243 2.10663 0.514264 6104
5 3 3 24.9975 0.843158 2.29761 0.509504 7728
5 3 4 25.7373 0.707568 2.12193 0.442825 6188
5 3 5 25.7172 0.697197 3.10668 0.413451 6216
5 3 6 24.0932 0.695162 2.21389 0.42231 6552
5 3 7 25.6903 0.580977 2.56941 0.603604 9758
5 3 8 24.4252 0.705046 2.11109 0.450062 5810
5 3 9 25.0682 0.724888 2.65518 0.645994 7854
5 3 10 25.9128 0.610423 2.58643 0.476076 9240
5 3 11 25.2747 0.579598 2.60735 0.371459 5138
5 3 12 26.1359 0.792921 1.5323 0.507473 6482
5 3 13 24.0363 0.616702 2.04255 0.480618 7854
5 3 14 27.5997 6.57088 13.9764 0.876136 4956
5 3 15 21 -2 0 0 1162
5 3 16 24.4487 0.660907 1.96896 0.70483 11200
5 3 17 25.2087 0.718671 2.92037 0.455732 3136
5 3 18 25.0434 0.770504 2.84191 0.349413 7238
5 3 19 24.1296 1.06308 3.37852 0.543829 9660
5 3 20 25.0565 0.627222 2.94142 0.510971 6104
5 3 21 27.1338 0.904132 2.36928 0.442559 7266
5 3 22 25.8789 0.582337 2.91084 0.44673 8512
5 3 23 21.5947 5.7676 8.00055 0.379349 630
5 3 24 26.3909 0.852944 2.62867 0.399816 5362
5 3 25 25.1514 0.599098 2.0269 0.448034 8554
5 3 26 24.3126 2.81866 7.58271 0.343947 1246
5 3 27 25.4452 2.8583 5.22607 0.467654 840
5 3 28 24.808 0.522325 2.28329 0.462953 7714
5 3 29 20 -2 0 0 728
5 3 30 24.2191 0.959002 2.50059 0.380923 2912
5 3 31 24.905 0.611765 2.17596 0.66633 8792
5 3 32 24.6344 0.643904 3.21368 0.412635 7266
5 3 33 24.0829 4.37443 7.54132 0.455946 1106
5 3 34 30.4902 17.2592 20 0.245555 658
5 3 35 24.9516 0.79972 2.89962 0.419369 9142
5 3 36 23.9462 4.08832 6.23636 0.36445 574
5 3 37 18.8717 151.37 16.2216 0.294022 504
5 3 38 24.9523 0.666976 3.05569 0.328927 8330
5 3 39 25.1547 0.573967 2.78675 0.492627 5936
5 3 40 25.7057 0.705493 3.33154 0.399686 5096
5 3 41 25.1155 0.583612 1.98019 0.480073 7014
5 3 42 26.0564 0.762386 3.61828 0.440793 4676
5 3 43 25.1474 0.608139 2.74574 0.322927 5054
5 3 44 26.4699 0.622573 2.07642 0.413918 6762
5 3 45 25.1125 0.642189 2.77846 0.401034 7014
5 3 46 24 -2 0 0 672
5 3 47 24.7838 0.593722 2.2556 0.506696 8218
5 3 48 21.6955 2.8841 4.08093 0.437047 532
5 3 49 20 -2 0 0 602
5 3 50 24.0685 0.717598 1.96747 0.494436 6510
5 3 51 24.7839 0.864151 3.13555 0.409699 4564
5 3 52 23.6489 0.527273 1.78595 0.723196 4298
5 3 53 23.6916 0.918983 2.49239 0.466947 6804
5 3 54 24.8211 0.651806 2.81024 0.342311 4928
5 3 55 24.7308 0.585766 2.04852 0.550545 4984
5 3 56 25.5588 0.723415 2.71491 0.51754 5936
5 3 57 24.6423 0.612297 2.7902 0.605517 5306
5 3 58 24.7172 0.719278 3.21131 0.558624 4144
5 3 59 23.8761 1.06051 3.76372 0.42236 1960
5 3 60 23.596 0.849676 3.15603 0.447159 2044
5 3 61 23.1046 0.555348 2.06851 0.60159 4564
5 3 62 22 -2 0 0 4732
5 3 63 21.4297 25.9695 20 0.368701 630
5 4 0 25.4317 0.757056 3.09134 0.320798 4872
5 4 1 30.4483 4.00728 10.7715 0.538083 3752
5 4 2 18.4336 127.502 16.6688 0.285756 924
5 4 3 28.1522 1.36845 4.91565 0.384165 2240
5 4 4 28.5221 15.6432 19.0228 0.488124 2184
5 4 5 34.0995 8.5713 16.9519 0.491772 2674
5 4 6 25.504 0.779994 3.07572 0.272436 3066
5 4 7 26.6661 1.50477 4.73667 0.378321 1778
5 4 8 25.3703 0.760008 3.07199 0.472574 3234
5 4 9 31.46 7.79625 16.6653 0.404138 2268
5 4 10 26.1515 1.11801 3.96667 0.304417 2072
5 4 11 25 -2 0 0 2618
5 4 12 25.515 1.2317 4.27569 0.428802 2450
5 4 13 30.7111 4.194 9.19551 0.349067 1540
5 4 14 28.5026 13.236 16.1338 0.482053 4158
5 4 15 30.1945 4.67427 10.1535 0.422891 2030
5 4 16 26.6414 14.8251 13.2474 0.407873 2100
5 4 17 30.2007 10.6107 20 0.482152 3262
5 4 18 26.7449 0.646347 1.77293 0.399949 2310
5 4 19 29.9865 4.92516 9.99493 0.332369 1778
5 4 20 25.6601 2.16983 4.00207 0.639253 2072
5 4 21 26.903 1.98834 6.55893 0.406643 2912
5 4 22 24 -2 0 0 1680
5 4 23 23.0565 5.10029 8.13222 0.280575 546
5 4 24 28.915 1.79896 4.4242 0.379641 3248
5 4 25 28 -2 0 0 1862
5 4 26 26.3713 1.30039 4.95324 0.414328 3682
5 4 27 22.4387 28.0086 20 0.22612 378
5 4 28 30.5716 9.37562 16.5905 0.369377 1512
5 4 29 27.3693 0.85735 2.69821 0.493032 2842
5 4 30 27.627 12.1151 20 0.399221 2058
5 4 31 27 -2 0 0 1596
5 4 32 29.7807 5.39617 12.7411 0.363179 1554
5 4 33 19 -2 0 0 490
5 4 34 25.6637 0.990977 3.62224 0.347096 3892
5 4 35 26.7905 1.79109 4.38711 0.442869 1456
5 4 36 23.0494 25.5616 19.9999 0.155916 504
5 4 37 17.6281 202.944 19.9986 0.0844383 322
5 4 38 34.1459 12.7795 20 0.396762 1400
5 4 39 26.3805 1.50886 3.83912 0.38905 1064
5 4 40 28 -2 0 0 1456
5 4 41 32.221 8.77476 18.5881 0.366744 1428
5 4 42 34 -2 0 0 1540
5 4 43 27.1709 1.36941 4.2563 0.421262 2604
5 4 44 31.455 13.6355 20 0.432324 1456
5 4 45 27 -2 0 0 1596
5 4 46 25.331 0.849846 1.96057 0.432656 3304
5 4 47 29.427 6.72317 12.6619 0.325126 798
5 4 48 30.0915 27.7296 16.6654 0.419222 924
5 4 49 19 -2 0 0 742
5 4 50 26.5929 1.83683 4.66165 0.29942 1498
5 4 51 32 -2 0 0 2744
5 4 52 27.2295 1.45003 5.14595 0.308041 2142
5 4 53 28.5758 1.86429 4.51551 0.315863 1540
5 4 54 25 -2 0 0 1246
5 4 55 26.7761 2.56742 7.94465 0.412313 2254
5 4 56 31 -2 0 0 1652
5 4 57 27.658 5.43282 11.921 0.351235 1442
5 4 58 29.2046 12.5791 20 0.392402 1442
5 4 59 25.3121 1.62714 4.59114 0.494381 2954
5 4 60 25.7235 18.5326 20 0.428392 1330
5 4 61 23.8144 1.52255 5.29248 0.457473 2758
5 4 62 27.4512 1.4198 5.47325 0.282652 2562
5 4 63 25.3013 1.09227 3.53446 0.308981 1750
5 5 0 27.9493 1.08005 3.96209 0.44422 3010
5 5 1 24.7266 0.953048 3.52013 0.391331 3122
5 5 2 27.2799 0.700648 3.14981 0.499229 3094
5 5 3 26.9775 0.712723 2.75176 0.355269 5124
5 5 4 26.6583 0.64261 2.3065 0.54965 3430
5 5 5 26.417 0.864114 3.57917 0.568064 3150
5 5 6 27.1128 0.575276 2.15116 0.58021 3724
5 5 7 25.9518 1.05923 2.29388 0.499253 6412
5 5 8 26.4131 0.664533 1.90631 0.525515 3850
5 5 9 25.8828 0.827511 3.70902 0.512434 4732
5 5 10 26.1416 0.590535 2.18268 0.56104 5320
5 5 11 26.1914 0.715736 3.46027 0.395089 3668
5 5 12 25.3752 0.774285 3.4663 0.362874 3906
5 5 13 25.8657 0.540275 2.49646 0.587103 5698
5 5 14 25.5391 0.736051 2.12096 0.548646 3346
5 5 15 26.3843 0.835953 4.09535 0.448013 5320
5 5 16 25.7756 0.59206 2.46713 0.477932 4564
5 5 17 27.0798 0.634857 1.90522 0.625268 3206
5 5 18 26.5849 0.691302 2.81189 0.565393 4144
5 5 19 26.8453 0.621979 2.24541 0.563971 6874
5 5 20 25.5269 0.721551 2.7941 0.538319 4438
5 5 21 28.1236 0.701523 2.9865 0.50598 4088
5 5 22 27.1379 0.845421 3.64732 0.461896 4690
5 5 23 26.6943 0.61894 2.16171 0.527586 4018
5 5 24 24.5786 0.912716 3.40173 0.490512 3346
5 5 25 26.898 0.705597 3.70635 0.39105 7994
5 5 26 25.6616 0.817693 3.06853 0.537333 3374
5 5 27 32 -2 0 0 560
5 5 28 27.2685 0.696596 1.75192 0.676927 6580
5 5 29 26.8974 0.802613 3.63503 0.40991 4200
5 5 30 26.4071 0.508513 1.8881 0.627003 5040
5 5 31 26.6384 0.612444 2.29437 0.576555 5698
5 5 32 27.2259 0.80275 2.17868 0.504817 6622
5 5 33 27 -2 0 0 840
5 5 34 25.7487 0.952479 3.8682 0.331487 3752
5 5 35 27.0181 0.770048 1.90845 0.800968 8498
5 5 36 27.8615 0.541477 2.44388 0.476686 5446
5 5 37 26.5975 0.855704 2.55755 0.382624 4228
5 5 38 26.9973 0.525765 2.16582 0.622866 8358
5 5 39 26.4187 0.621059 2.80179 0.3413 6748
5 5 40 26.9022 0.756787 2.01691 0.617599 5236
5 5 41 26.382 0.645126 3.14878 0.470698 6776
5 5 42 25.2381 0.997739 2.18997 0.549616 5362
5 5 43 26.6371 0.648626 2.65004 0.587676 4214
5 5 44 27.6258 0.670971 3.63082 0.301521 6818
5 5 45 26.5439 1.98249 2.05377 0.81037 5320
5 5 46 26.7708 0.686615 2.70379 0.443817 4186
5 5 47 26.6273 0.595495 2.61087 0.276782 9072
5 5 48 26.861 0.566202 2.27608 0.479402 5978
5 5 49 26.4502 0.65031 1.63399 0.692624 4900
5 5 50 26.3946 0.688799 2.30465 0.536647 6594
5 5 51 27.2345 0.741962 3.93578 0.366074 5194
5 5 52 25.6087 10.2531 12.6965 0.746565 4312
5 5 53 26.8123 0.623618 2.79181 0.409579 7826
5 5 54 24.4993 0.811965 2.22532 0.398828 5796
5 5 55 26.3979 0.600367 2.5371 0.768882 3976
5 5 56 26.8085 0.639291 2.09338 0.572718 5964
5 5 57 25.2841 0.651154 2.97531 0.557289 5712
5 5 58 26.5038 0.524969 2.02887 0.513471 5250
5 5 59 23.4317 0.825236 2.35231 0.50647 3458
5 5 60 25.5575 0.63954 2.45633 0.425862 7588
5 5 61 25.5099 0.780334 3.68464 0.441456 4858
5 5 62 26.4881 0.490502 1.93688 0.492184 4074
5 5 63 31.2945 3.96473 9.28626 0.843856 4746
5 6 0 30.1623 3.84372 9.88822 0.191229 994
5 6 1 29.7041 19.1706 20 0.160656 672
5 6 2 31.9304 10.3382 16.8873 0.155143 574
5 6 3 25.9132 -3 0 0 280
5 6 4 22.2605 119.172 20 0.0946712 224
5 6 5 26.2223 19.7847 16.5259 0.215962 364
5 6 6 26 -2 0 0 448
5 6 7 39.4619 19.2802 20 0.0884181 280
5 6 8 28 -2 0 0 434
5 6 9 25.9132 -3 0 0 112
5 6 10 35.5236 20.6687 20 0.141717 294
5 6 11 24 -2 0 0 280
5 6 12 26.5917 29.9941 20 0.0317499 238
5 6 13 32.8421 25.3745 20 0.19036 266
5 6 14 33.0919 22.0933 20 0.194972 504
5 6 15 25.9132 -3 0 0 182
5 6 16 34.3897 29.3451 20 0.219462 378
5 6 17 38.9919 20.6387 20 0.0695436 308
5 6 18 25.8599 32.377 20 0.120007 252
5 6 19 25.9132 -3 0 0 182
5 6 20 25.9132 -3 0 0 70
5 6 21 25.6858 29.5889 20 0.309985 420
5 6 22 22 -2 0 0 308
5 6 23 25.9132 -3 0 0 182
5 6 24 24.6674 33.8721 20 0.166222 378
5 6 25 25.9132 -3 0 0 168
5 6 26 34.1973 17.3771 19.9997 0.142882 392
5 6 27 36 -2 0 0 252
5 6 28 25.9132 -3 0 0 126
5 6 29 20 -2 0 0 392
5 6 30 25.9132 -3 0 0 42
5 6 31 25.9132 -3 0 0 140
5 6 32 32.4285 25.055 20 0.0726118 280
5 6 33 25.9132 -3 0 0 126
5 6 34 33.5363 18.4 19.9972 0.171547 294
5 6 35 26.5541 35.7537 20 0.129874 210
5 6 36 25.9132 -3 0 0 98
5 6 37 25.9132 -3 0 0 98
5 6 38 26.5788 1.76462 1.91069 0.310349 210
5 6 39 25.9132 -3 0 0 140
5 6 40 25.9132 -3 0 0 56
5 6 41 33.7458 125.15 18.2346 0.134026 238
5 6 42 25.9132 -3 0 0 182
5 6 43 33.2737 30.1613 20 0.079557 224
5 6 44 25.9132 -3 0 0 182
5 6 45 40.2827 21.5445 19.9999 0.166886 224
5 6 46 30.305 23.0203 20 0.150175 322
5 6 47 25.9132 -3 0 0 98
5 6 48 27.0292 116.219 18.1992 0.104792 224
5 6 49 32 -2 0 0 280
5 6 50 25.9132 -3 0 0 154
5 6 51 29 -2 0 0 420
5 6 52 20 -2 0 0 210
5 6 53 25.9132 -3 0 0 168
5 6 54 25.9132 -3 0 0 182
5 6 55 20 -2 0 0 238
5 6 56 22 -2 0 0 210
5 6 57 26.9985 31.2306 19.9999 0.328473 308
5 6 58 24 -2 0 0 266
5 6 59 16 -2 0 0 210
5 6 60 16 -2 0 0 210
5 6 61 19 -2 0 0 238
5 6 62 35.0744 25.0386 20 0.121074 210
5 6 63 25.9132 -3 0 0 154
5 7 0 26 -2 0 0 378
5 7 1 32.0151 35.9198 20 0.244593 294
5 7 2 40.5125 14.1116 19.9999 0.162604 434
5 7 3 37.8926 16.3859 20 0.252759 462
5 7 4 33.9803 23.491 20 0.211127 322
5 7 5 35.279 27.6036 20 0.203548 336
5 7 6 32.126 18.0704 18.0335 0.160396 378
5 7 7 31.2771 19.1007 20 0.227948 616
5 7 8 24 -2 0 0 350
5 7 9 35.6256 18.2765 20 0.191464 378
5 7 10 39.4989 13.4692 20 0.135844 504
5 7 11 33.2741 19.8355 20 0.0686703 364
5 7 12 26.3633 25.691 20 0.268638 574
5 7 13 36.7147 18.2387 20 0.201156 504
5 7 14 32.5777 125.664 16.2025 0.139085 224
5 7 15 26 -2 0 0 336
5 7 16 25 -2 0 0 602
5 7 17 40.1133 16.8227 20 0.141971 322
5 7 18 28.5941 9.6139 10.3572 0.186238 378
5 7 19 36.987 15.1899 20 0.237769 574
5 7 20 32.3338 8.14372 9.74811 0.265024 322
5 7 21 28.7062 32.4564 20 0.27386 434
5 7 22 37.7342 21.7707 20 0.154822 378
5 7 23 29.5588 27.1239 20 0.281978 434
5 7 24 38.3785 17.7367 20 0.307324 434
5 7 25 30.2165 24.9214 20 0.158731 672
5 7 26 31.6777 45.485 20 0.251203 280
5 7 27 32 -2 0 0 532
5 7 28 37.1569 14.5519 20 0.171141 448
5 7 29 30.8772 26.706 18.4675 0.124079 252
5 7 30 32.7817 22.6973 20 0.203057 266
5 7 31 28.8609 21.2045 20 0.19787 630
5 7 32 27.7465 25.8333 20 0.273085 644
5 7 33 25.758 21.4005 19.9999 0.263059 658
5 7 34 22 -2 0 0 350
5 7 35 28.6364 2.48031 5.25356 0.325914 798
5 7 36 28.0118 -3 0 0 168
5 7 37 28.0118 -3 0 0 154
5 7 38 21.4853 26.6537 20 0.280707 980
5 7 39 33.4381 13.3431 20 0.215866 882
5 7 40 27 -2 0 0 322
5 7 41 29 -2 0 0 672
5 7 42 29.5053 23.1182 19.9997 0.370441 616
5 7 43 32.2634 19.6292 20 0.202009 434
5 7 44 24.9326 21.7337 20 0.276967 826
5 7 45 24.8864 25.8097 20 0.221356 658
5 7 46 38.6888 22.7553 20 0.0543609 336
5 7 47 32.3563 15.4755 19.9901 0.373952 1162
5 7 48 35.5749 106.843 20 0.1899 574
5 7 49 31.7328 24.279 20 0.128889 364
5 7 50 32.3272 14.5725 20 0.256429 784
5 7 51 30.435 7.30703 11.3521 0.272786 700
5 7 52 31.2829 106.573 19.9985 0.215965 392
5 7 53 29.8507 14.8736 16.5316 0.293806 952
5 7 54 34.1075 20.6431 20 0.173019 462
5 7 55 37.7566 14.3171 20 0.180284 448
5 7 56 33.6804 14.9117 20 0.267387 840
5 7 57 30.0274 22.3312 18.0936 0.268086 672
5 7 58 27 -2 0 0 574
5 7 59 36 -2 0 0 434
5 7 60 23.947 23.0964 20 0.38511 1008
5 7 61 27 -2 0 0 686
5 7 62 29 -2 0 0 630
5 7 63 29.733 22.9774 19.9999 0.340064 700
5 8 0 26.6323 0.726384 2.43333 0.443521 5054
5 8 1 27.1057 0.687652 1.85986 0.323744 4634
5 8 2 29.1511 0.719431 2.30345 0.400181 4830
5 8 3 28.6418 0.794791 2.8372 0.411198 3962
5 8 4 26.9829 0.582235 2.60665 0.371632 4900
5 8 5 26.0404 1.61627 6.10891 0.404179 2576
5 8 6 27.2939 0.595405 2.77149 0.335778 4690
5 8 7 26.9478 0.599575 2.22449 0.485987 4158
5 8 8 27.2677 0.587843 2.36727 0.571999 4760
5 8 9 25.7061 0.605805 2.7476 0.52883 4494
5 8 10 27.0079 0.811053 3.75058 0.430166 4256
5 8 11 27.6863 0.642969 2.94524 0.505413 5054
5 8 12 26.7848 0.621893 2.62661 0.433306 4802
5 8 13 25.8954 0.905021 4.19189 0.553145 4718
5 8 14 27.6356 0.6796 2.36189 0.501083 4858
5 8 15 28.6154 1.21197 2.76638 0.445192 5194
5 8 16 26.392 0.674929 3.365 0.439212 5040
5 8 17 27.3562 0.743623 1.88871 0.380814 5152
5 8 18 26.6284 0.567006 2.06847 0.539802 5264
5 8 19 28.0785 0.673891 3.25799 0.420366 5208
5 8 20 26.713 0.829904 2.60971 0.50321 5796
5 8 21 28.4504 1.02698 2.71569 0.452217 3976
5 8 22 26.8932 0.761345 2.95999 0.5477 4648
5 8 23 27.056 0.730924 2.97055 0.412347 5866
5 8 24 29.1573 0.807114 2.60599 0.481096 4788
5 8 25 28.5077 0.729936 2.05845 0.544253 5292
5 8 26 27.3205 0.72909 2.0244 0.759609 5530
5 8 27 26.9562 0.580848 2.06397 0.355381 5726
5 8 28 27.6573 0.72531 2.09701 0.420465 5670
5 8 29 26.8149 0.733454 2.71164 0.518756 5292
5 8 30 26.625 0.570621 2.05189 0.554104 5530
5 8 31 25.3981 0.698235 3.13876 0.442784 6664
5 8 32 27.026 0.551402 2.56854 0.376762 5250
5 8 33 27.3298 0.777921 1.68153 0.553694 5194
5 8 34 27.5789 1.00127 2.12957 0.378126 5488
5 8 35 28.1595 0.760627 2.63053 0.495236 6048
5 8 36 28.2189 15.6774 20 0.34824 770
5 8 37 26.4697 0.670214 2.55642 0.437607 5516
5 8 38 27.735 0.588997 2.8932 0.468 7182
5 8 39 27.2176 0.532674 2.43089 0.62288 8806
5 8 40 27.3997 0.999883 1.93475 0.774687 6244
5 8 41 28.0049 0.777475 1.54269 0.63235 6244
5 8 42 26.8436 0.669733 3.44598 0.549263 6776
5 8 43 26.3708 0.776517 2.40721 0.508656 5880
5 8 44 25.9789 0.769645 3.71874 0.337965 7532
5 8 45 25.8383 0.639099 2.91034 0.554764 6272
5 8 46 27.8774 0.536241 2.41172 0.401386 6006
5 8 47 25.5857 0.948265 2.90491 0.405114 4984
5 8 48 26.6871 0.712204 2.46495 0.717711 6440
5 8 49 27.1908 0.657719 3.08211 0.519749 6748
5 8 50 26.5508 0.688663 2.27387 0.491539 7042
5 8 51 26.0755 0.745208 3.0184 0.30388 8092
5 8 52 24.8857 0.923236 2.32303 0.543718 6202
5 8 53 24.1153 0.900469 3.87584 0.387528 2800
5 8 54 26.9298 0.668994 2.06778 0.495026 7126
5 8 55 27.4312 0.576752 2.09982 0.570665 6888
5 8 56 26.417 0.587035 3.25118 0.535301 7728
5 8 57 25.9105 0.819118 3.22569 0.47857 8512
5 8 58 34.2226 3.86148 11.3612 0.772147 6874
5 8 59 26.2888 0.689006 2.63734 0.543051 7434
5 8 60 25.4792 0.716621 2.81514 0.45991 7952
5 8 61 25.4568 0.866887 3.09823 0.41789 8414
5 8 62 24.4439 0.572577 2.73813 0.906405 7504
5 8 63 26.2704 0.570071 2.74489 0.334868 7420
5 9 0 27.0165 0.712505 3.04615 0.352547 7784
5 9 1 24.7959 0.823762 3.79602 0.336407 6706
5 9 2 26.4922 0.601168 2.7807 0.423956 6552
5 9 3 26.1516 0.766286 3.50505 0.370223 4872
5 9 4 27.3818 1.61081 5.52891 0.344042 2114
5 9 5 27.1945 0.758115 3.30173 0.395904 4074
5 9 6 27.0711 0.965292 4.17768 0.538867 6286
5 9 7 25.6575 0.819232 3.34429 0.503892 3948
5 9 8 25.9106 0.747847 2.17062 0.336034 6132
5 9 9 26.3541 0.701647 2.07807 0.375486 5110
5 9 10 27.5157 0.831563 2.50045 0.408209 4704
5 9 11 26.4914 0.714368 2.37213 0.494887 5124
5 9 12 26 -2 0 0 2478
5 9 13 27.3268 0.788173 3.32899 0.413964 2912
5 9 14 25.2874 0.541074 2.33115 0.460855 6986
5 9 15 27.25 0.838839 3.86371 0.550746 4368
5 9 16 26.995 0.651926 2.75968 0.537125 4172
5 9 17 26 -2 0 0 6230
5 9 18 25.3685 1.9678 5.68069 0.362547 1652
5 9 19 27.1247 0.730547 2.67497 0.336637 3346
5 9 20 22 -2 0 0 1008
5 9 21 29 -2 0 0 5544
5 9 22 26.8463 0.640271 2.33541 0.548583 4158
5 9 23 29.6892 1.0901 3.01004 0.530415 1372
5 9 24 26.795 0.704701 3.22469 0.402437 6496
5 9 25 27.5822 0.706245 3.10159 0.384222 3542
5 9 26 26.9739 0.642147 2.71033 0.356908 6650
5 9 27 26.7088 0.614416 2.56626 0.42046 3948
5 9 28 25.8847 0.762706 2.80227 0.526423 3402
5 9 29 26.9236 0.64491 2.97286 0.459827 5222
5 9 30 28 -2 0 0 868
5 9 31 26.5586 0.746805 2.49857 0.329593 3752
5 9 32 28.003 0.669271 2.74312 0.513956 3374
5 9 33 29.8924 5.52245 11.0469 0.415482 1624
5 9 34 27.7965 0.659582 2.86725 0.403044 6090
5 9 35 29 -2 0 0 686
5 9 36 25 -2 0 0 588
5 9 37 32.299 4.55269 11.9902 0.365892 1638
5 9 38 27.6132 27.0707 19.9999 0.29788 448
5 9 39 31 -2 0 0 3542
5 9 40 30.9101 7.72991 12.1516 0.388037 714
5 9 41 26 -2 0 0 3416
5 9 42 30.6919 5.75401 11.339 0.309983 1092
5 9 43 26.3878 1.06021 4.32459 0.648339 5446
5 9 44 27 -2 0 0 3318
5 9 45 28 -2 0 0 1008
5 9 46 25.5245 1.16687 2.32235 0.500809 5530
5 9 47 25.5653 0.77801 3.10892 0.460632 3374
5 9 48 26.2818 2.34034 5.00977 0.413436 882
5 9 49 26.4311 0.597121 2.34854 0.514833 4886
5 9 50 25.9337 0.844904 3.49051 0.454387 3276
5 9 51 31.2431 7.921 16.1789 0.670426 4242
5 9 52 25.5353 0.679107 2.56147 0.50151 4550
5 9 53 23 -2 0 0 3080
5 9 54 24.3637 0.737443 2.18689 0.413879 3122
5 9 55 25.5619 0.902177 3.22028 0.415126 3794
5 9 56 25.678 0.634704 2.58334 0.459269 3542
5 9 57 26.9605 0.649031 2.43917 0.462491 3766
5 9 58 26.6422 0.928768 1.94365 0.471822 3878
5 9 59 25.4094 0.658598 2.30359 0.411573 4984
5 9 60 28 -2 0 0 3094
5 9 61 26.0295 0.634713 2.5364 0.495447 4578
5 9 62 25.5426 0.912138 3.74063 0.27676 4788
5 9 63 25.3185 0.818633 2.13775 0.437914 3584
5 10 0 25.2836 0.611484 3.21994 0.400815 9660
5 10 1 26.4016 0.685068 1.95184 0.496918 8890
5 10 2 25.1446 0.55802 2.75079 0.320962 9352
5 10 3 24.9944 0.655243 3.14045 0.312487 9072
5 10 4 20.6404 0.776936 3.23223 0.263348 2492
5 10 5 26.125 0.653665 1.73038 0.536616 9170
5 10 6 25.7078 0.604305 2.63732 0.485399 9184
5 10 7 26.4971 0.547431 2.60812 0.48934 9590
5 10 8 24.9676 0.491548 2.38221 0.47403 9422
5 10 9 25.1339 0.62308 2.63734 0.616627 8932
5 10 10 25.197 0.594796 2.22321 0.512297 8456
5 10 11 25.1553 0.541726 2.35259 0.420234 9548
5 10 12 25.3361 0.54284 2.80183 0.415678 8582
5 10 13 26.2068 0.666936 2.04789 0.406886 9422
5 10 14 25.7864 0.491803 2.48479 0.478331 9058
5 10 15 20.1658 0.723972 2.92726 0.481854 3248
5 10 16 25.9984 0.516258 2.65146 0.653672 9100
5 10 17 26.2028 0.538636 2.42503 0.568102 9842
5 10 18 25.2921 0.710767 2.42932 0.559264 9688
5 10 19 26.6034 0.545525 2.77112 0.326924 10052
5 10 20 22.3957 1.23848 4.41589 0.591358 1862
5 10 21 25.8457 0.557593 2.57617 0.549266 8652
5 10 22 25.8853 0.662946 2.77281 0.460708 8372
5 10 23 29 -2 0 0 3836
5 10 24 32 -2 0 0 9296
5 10 25 26.7605 0.585605 1.97171 0.528558 9338
5 10 26 26.5116 0.554117 2.48737 0.569698 9758
5 10 27 24.3757 0.772935 2.71835 0.671796 7280
5 10 28 26.2727 0.515562 2.27954 0.465132 9422
5 10 29 31 -2 0 0 5488
5 10 30 23.7714 0.880185 2.92912 0.661222 3150
5 10 31 26.2885 0.484283 2.0249 0.654985 10822
5 10 32 25.8011 0.595542 2.56067 0.481441 9548
5 10 33 23.7925 1.11891 4.37732 0.409702 3640
5 10 34 26.1448 0.528791 2.17203 0.53152 9982
5 10 35 25.3183 0.555522 2.4319 0.317333 10654
5 10 36 24.8906 0.770524 2.23962 0.595608 8638
5 10 37 29 -2 0 0 6020
5 10 38 24.8851 0.658582 2.61778 0.489513 11410
5 10 39 26.0043 0.598418 2.22485 0.37513 11816
5 10 40 22.7394 0.857435 3.57018 0.57846 2520
5 10 41 25.2274 0.699663 1.65361 0.586425 10528
5 10 42 25.235 0.489095 2.95788 0.561856 10892
5 10 43 26.5964 0.499934 2.42401 0.604529 9954
5 10 44 25.7391 0.471395 2.52983 0.459141 10612
5 10 45 23.9625 0.825444 1.97302 0.446444 5362
5 10 46 25.1507 1.00006 2.18095 0.655621 10276
5 10 47 25.612 0.519218 2.77789 0.383712 12124
5 10 48 25.4403 0.670324 1.17796 0.936247 10094
5 10 49 25.3247 0.634299 1.66333 0.536393 11046
5 10 50 26.5663 0.481475 2.18801 0.500462 10108
5 10 51 21.5198 0.678306 3.16934 0.453686 4816
5 10 52 25.7988 0.73135 1.88861 0.398064 10528
5 10 53 25.7125 0.567407 2.72833 0.327493 11522
5 10 54 25.0868 0.730174 2.35648 0.482294 10668
5 10 55 25.1382 0.821214 2.6303 0.422587 10948
5 10 56 25.1258 0.498045 2.41182 0.414874 12628
5 10 57 24.6786 0.73822 2.63228 0.442876 12642
5 10 58 25.6551 0.575093 1.96541 0.597207 10724
5 10 59 24.7493 0.701033 2.71029 0.459579 10724
5 10 60 24.9103 0.531229 2.84032 0.378228 11942
5 10 61 24.6392 0.592671 3.14834 0.440282 12866
5 10 62 24.0507 0.559161 2.57935 0.559298 10206
5 10 63 25.4335 0.728633 1.64846 0.577144 11074
5 11 0 25.7024 0.611797 2.71911 0.435014 12166
5 11 1 25.5523 0.594639 2.06953 0.414622 10570
5 11 2 20.111 0.816886 3.91368 0.3601 4410
5 11 3 26.3929 0.493811 2.35547 0.381353 7364
5 11 4 23.299 3.30047 9.78743 0.647284 1848
5 11 5 26.4264 0.62547 2.21146 0.58898 8134
5 11 6 26.8293 0.610591 1.82915 0.571079 9562
5 11 7 26.194 0.595454 3.12657 0.619693 5950
5 11 8 26.1276 0.754855 1.9532 0.586328 9016
5 11 9 26.313 0.647255 2.74139 0.347266 7588
5 11 10 26.7037 0.842956 1.77017 0.652262 7364
5 11 11 20.9959 0.644288 3.06913 0.301732 5670
5 11 12 26.7941 0.606523 3.31989 0.361391 7770
5 11 13 26.5497 0.615359 2.08858 0.405685 5936
5 11 14 24.5927 0.678747 2.5544 0.449857 11452
5 11 15 20.4254 0.658039 2.52456 0.351648 2408
5 11 16 27.1709 0.591598 2.16405 0.596656 6244
5 11 17 25.7688 0.572727 2.6974 0.305023 9562
5 11 18 26.2015 0.633955 3.04357 0.408319 5670
5 11 19 25.7744 0.6138 2.09203 0.633727 5124
5 11 20 24.5819 0.807467 3.5354 0.46984 3206
5 11 21 26.4804 0.794795 2.43454 0.560124 8372
5 11 22 26.3159 0.577892 2.17941 0.494815 6538
5 11 23 23.1112 1.44914 5.60303 0.468645 2632
5 11 24 26.1948 0.609064 2.82558 0.334488 9282
5 11 25 26.1791 0.584791 2.87154 0.510976 5026
5 11 26 26.9927 0.579752 2.77439 0.438389 9912
5 11 27 23.0359 1.10059 4.73926 0.406962 2814
5 11 28 26.4127 0.726806 2.80668 0.375124 5852
5 11 29 26.7522 0.568232 2.36707 0.456402 8652
5 11 30 25.2194 0.987905 2.14676 0.652989 4760
5 11 31 26.046 0.661549 2.44533 0.448419 4830
5 11 32 26.0033 0.585043 2.40749 0.47156 4886
5 11 33 26.1397 0.92393 4.59096 0.5256 6062
5 11 34 26.4806 0.714268 2.00432 0.615819 10066
5 11 35 27.4143 0.663891 2.44118 0.387971 4774
5 11 36 25.6334 0.644045 2.79965 0.417617 5404
5 11 37 32 -2 0 0 6230
5 11 38 27.014 0.723879 2.61791 0.446776 5054
5 11 39 25.292 0.662445 1.94792 0.35419 6468
5 11 40 22.5591 1.04899 3.19694 0.413615 1694
5 11 41 26.3142 0.599806 2.08571 0.59799 5264
5 11 42 25.9822 0.576061 2.62452 0.32024 7266
5 11 43 25.8059 0.651226 1.54847 0.567638 8624
5 11 44 25.6199 0.626281 1.91537 0.689889 4676
5 11 45 25.9314 0.84828 1.98862 0.682202 5950
5 11 46 25.7786 0.561074 2.8189 0.360565 10108
5 11 47 24.8783 0.773336 2.19601 0.670356 4802
5 11 48 26.4985 0.600979 1.7989 0.392175 6454
5 11 49 26.1814 0.541393 2.02741 0.571931 7812
5 11 50 26.036 0.63081 2.30169 0.530377 6286
5 11 51 25.6702 0.597464 2.98359 0.46719 7784
5 11 52 26.2905 0.840422 1.73625 0.53179 9170
5 11 53 25.9774 0.55328 2.05494 0.690652 4830
5 11 54 25.3731 0.497928 2.01953 0.761189 6440
5 11 55 26.3844 0.620194 1.8533 0.587828 8162
5 11 56 24.7426 0.732062 2.18223 0.459344 6636
5 11 57 24.0855 0.976169 3.17383 0.364082 7952
5 11 58 25.4845 0.815243 2.2084 0.477822 6692
5 11 59 23.7091 0.781383 2.06966 0.474977 7812
5 11 60 24.902 0.564045 1.86562 0.549691 6020
5 11 61 24.9065 0.499575 2.49844 0.422523 9128
5 11 62 25.9005 0.588389 2.0935 0.567574 8624
5 11 63 25.0173 1.1161 2.63261 0.369855 7700
5 12 0 26.2249 0.486656 2.61218 0.299912 12320
5 12 1 25.9715 0.549499 3.04964 0.369978 12446
5 12 2 25.5368 0.515206 2.29741 0.353015 11928
5 12 3 24.6322 0.721243 3.60624 0.351711 9884
5 12 4 26.4848 0.659705 2.78351 0.572097 3374
5 12 5 26.2257 0.510054 2.36115 0.507922 11088
5 12 6 26.1591 0.665351 2.78124 0.466563 11578
5 12 7 25.984 0.496677 2.17768 0.574342 10990
5 12 8 25.9241 0.522004 2.66217 0.30238 10346
5 12 9 26.1742 0.598366 1.93948 0.554837 11718
5 12 10 26.6253 0.516874 2.42608 0.538384 11704
5 12 11 24.0062 0.602558 2.08174 0.447209 10304
5 12 12 25.1557 0.949422 2.20721 0.642882 11284
5 12 13 25.7545 0.585725 1.98683 0.61189 8820
5 12 14 25.2319 0.516645 2.08731 0.507614 10262
5 12 15 25.9276 0.680403 1.95833 0.504347 9506
5 12 16 26.2442 0.56397 2.89111 0.340971 12054
5 12 17 26.3932 0.702615 2.78589 0.336761 8904
5 12 18 26.223 0.652568 1.7444 0.59088 7462
5 12 19 26.4398 0.483872 2.0898 0.576818 9618
5 12 20 26.1192 0.596842 3.4242 0.490092 9520
5 12 21 26.1098 0.634771 1.6326 0.551401 12124
5 12 22 27.3283 0.632563 2.27486 0.493276 9814
5 12 23 24.2929 0.946588 2.56924 0.501825 8162
5 12 24 25.3836 0.513045 1.67323 0.453723 10248
5 12 25 26.1194 0.566499 3.66474 0.463825 9982
5 12 26 25.9963 0.547327 2.77538 0.433083 10346
5 12 27 24.6714 0.64821 3.27574 0.450616 4802
5 12 28 25.9279 0.642545 1.58772 0.603197 8974
5 12 29 26.8055 0.625682 2.18366 0.470843 9786
5 12 30 24.4102 0.620809 2.23534 0.459224 1750
5 12 31 26.3977 0.586085 1.99081 0.830784 9996
5 12 32 26.0848 0.573582 1.43977 0.641291 9478
5 12 33 25.8412 3.52032 7.78429 0.464298 1526
5 12 34 26.0389 0.868106 2.42004 0.397036 10248
5 12 35 25.8126 0.620233 2.46115 0.32978 8792
5 12 36 25.9683 0.655465 2.64891 0.426052 10080
5 12 37 26.7033 0.760571 1.814 0.55567 2240
5 12 38 26.5502 0.70478 2.55051 0.458687 9296
5 12 39 26.7686 0.57964 2.30933 0.362373 9716
5 12 40 25.7182 0.683174 2.2771 0.417232 10164
5 12 41 26.3025 0.587691 2.5025 0.555803 8666
5 12 42 24.9797 1.92604 4.96113 0.246441 714
5 12 43 24.9695 0.647798 1.98306 0.487655 9380
5 12 44 26.2217 0.647773 2.15991 0.48436 8386
5 12 45 26.2732 0.729663 2.93695 0.515511 3850
5 12 46 23.594 0.643806 2.59395 0.52187 9408
5 12 47 23.1387 3.89968 8.97652 0.569117 1400
5 12 48 25.5724 0.947096 3.61128 0.464519 1750
5 12 49 24.3477 0.49068 2.15075 0.482525 8680
5 12 50 24.0133 1.21438 3.12396 0.509809 2128
5 12 51 25.5434 0.649028 2.91972 0.42544 8358
5 12 52 24.0479 0.751709 3.02337 0.622454 8148
5 12 53 24.0379 1.87599 5.45562 0.653202 1932
5 12 54 24.4181 0.602573 3.19013 0.506636 8792
5 12 55 26.3391 0.511923 2.80739 0.298451 8750
5 12 56 24.4063 0.56846 2.72006 0.383429 8848
5 12 57 25.9378 0.486025 2.05992 0.518754 7896
5 12 58 24.1441 0.495266 2.44986 0.487109 8988
5 12 59 23.8139 0.568662 2.41676 0.543761 9142
5 12 60 24.9819 0.909983 4.4569 0.602118 4228
5 12 61 24.3315 0.560151 2.87198 0.487656 8792
5 12 62 25.3029 0.475082 2.32764 0.564686 8470
5 12 63 24.1494 0.579901 2.24051 0.441769 8400
5 13 0 24.3758 1.015 4.3042 0.262154 2870
5 13 1 25.312 0.893643 1.80296 0.557058 7420
5 13 2 24.6071 0.881534 1.64684 0.716244 6706
5 13 3 26.1267 0.563859 2.20589 0.541003 5040
5 13 4 25.3541 0.869392 3.9581 0.340123 3402
5 13 5 25.7545 0.56234 2.52985 0.396354 6608
5 13 6 24.3448 0.725424 3.08487 0.27543 6020
5 13 7 24.6313 0.574907 2.54752 0.456629 4396
5 13 8 24.0134 1.06521 2.64067 0.371401 6454
5 13 9 25.7463 0.646452 1.51488 0.731815 4676
5 13 10 27.1027 1.66685 5.51695 0.688082 4536
5 13 11 25.5672 0.655187 2.57519 0.345117 7532
5 13 12 24.1333 0.683084 2.68269 0.591795 5460
5 13 13 24.3645 0.720382 2.41177 0.521152 3710
5 13 14 24.5158 0.549184 3.09886 0.404036 9016
5 13 15 25.614 0.673544 2.70518 0.403914 5348
5 13 16 26.237 0.734537 2.39183 0.541545 4228
5 13 17 25.8569 0.520596 2.12899 0.602376 8386
5 13 18 23.8321 0.539836 2.32311 0.541066 4774
5 13 19 24.9574 0.8352 4.02902 0.530401 4102
5 13 20 19.8711 9.60551 9.42365 0.392155 490
5 13 21 26.0578 0.581446 2.36086 0.389949 5362
5 13 22 25.5315 2.12818 6.44279 0.707396 3962
5 13 23 20 -2 0 0 574
5 13 24 26.1017 0.590554 1.79892 0.668133 7616
5 13 25 25.2014 0.721683 2.10331 0.523448 4480
5 13 26 25.8447 0.577629 2.46676 0.404615 9254
5 13 27 22.0633 136.425 19.997 0.304027 532
5 13 28 24.7528 0.745315 2.49495 0.48121 4074
5 13 29 21.5432 1.35808 3.68206 0.428341 1246
5 13 30 24.2843 0.538169 2.77829 0.482151 7056
5 13 31 25.1661 0.86011 3.71673 0.297818 4326
5 13 32 24.8949 0.709253 2.35168 0.494776 5068
5 13 33 22.8921 4.54997 6.60004 0.311264 728
5 13 34 24.7772 0.635441 1.4875 0.632809 8932
5 13 35 24.5398 0.581383 1.96215 0.463034 5376
5 13 36 24.7538 10.0924 10.6172 0.665442 476
5 13 37 23 -2 0 0 322
5 13 38 25.5079 0.718646 2.52769 0.44755 5684
5 13 39 26.0511 0.674026 2.31536 0.500035 8764
5 13 40 23.0243 3.99806 5.22624 0.32485 336
5 13 41 24.833 0.740337 2.1271 0.384644 5222
5 13 42 25.8425 2.09176 6.61415 0.419136 1442
5 13 43 24 -2 0 0 686
5 13 44 25.6485 0.765326 3.67115 0.362927 5698
5 13 45 24.7899 0.694005 2.24364 0.454812 6272
5 13 46 26.3964 0.616507 2.0028 0.398189 9870
5 13 47 25.4023 0.592635 2.09391 0.566751 5642
5 13 48 22.9329 1.16147 3.13767 0.501346 1246
5 13 49 24.4401 1.2782 4.73326 0.509796 2156
5 13 50 25.3329 0.918702 1.99579 0.712041 6412
5 13 51 23.8057 0.571071 2.76024 0.373266 11004
5 13 52 24.8869 0.946098 3.10671 0.399488 9646
5 13 53 25.5055 0.792693 2.22182 0.495524 6482
5 13 54 24.5112 0.504036 1.91977 0.586031 7504
5 13 55 24.1544 0.66889 1.72597 0.547798 9618
5 13 56 25.6707 0.606951 2.77215 0.320182 9086
5 13 57 24.6125 0.671208 2.84452 0.359618 10164
5 13 58 24.1355 0.645345 1.88285 0.50351 7896
5 13 59 24.1237 0.917312 2.17066 0.529783 10248
5 13 60 25.6257 0.571383 2.66823 0.432266 7504
5 13 61 24.0478 0.580476 2.56627 0.366112 11634
5 13 62 24.6434 0.589966 2.58925 0.32883 10556
5 13 63 23.5992 0.537063 2.10459 0.321351 8666
5 14 0 31.731 9.28436 18.1959 0.341375 1092
5 14 1 24.813 0.59963 2.34868 0.587091 4116
5 14 2 27.0138 0.678995 2.61463 0.413799 2814
5 14 3 24 -2 0 0 490
5 14 4 26.5057 1.16421 3.47211 0.275507 1358
5 14 5 24.2395 0.933963 3.87453 0.480111 3444
5 14 6 24.5642 0.97764 4.40232 0.400821 4298
5 14 7 25 -2 0 0 1526
5 14 8 27 -2 0 0 2590
5 14 9 22 -2 0 0 756
5 14 10 27.1334 1.29685 5.42846 0.481326 3682
5 14 11 26.5418 1.8716 5.00981 0.385244 1288
5 14 12 34.4856 15.9599 20 0.312085 490
5 14 13 23 -2 0 0 2268
5 14 14 27.1083 1.51776 4.86058 0.577535 3738
5 14 15 27.0748 0.73811 2.38011 0.569241 2548
5 14 16 17 -2 0 0 714
5 14 17 31.5339 9.43686 12.8374 0.2544 532
5 14 18 24.9514 3.75831 6.9919 0.306873 798
5 14 19 26.97 0.679366 2.35555 0.527439 2674
5 14 20 30 -2 0 0 700
5 14 21 27.1486 0.757967 1.99087 0.49676 4256
5 14 22 30 -2 0 0 3374
5 14 23 30.1341 3.33276 8.95335 0.503074 1610
5 14 24 25.0487 1.41044 4.13692 0.505694 1722
5 14 25 31 -2 0 0 1764
5 14 26 26.2413 9.31341 11.1526 0.467554 672
5 14 27 25.5838 -3 0 0 154
5 14 28 28 -2 0 0 1498
5 14 29 28.726 14.6965 20 0.273967 966
5 14 30 25.5838 -3 0 0 98
5 14 31 26.0106 0.926276 2.74527 0.418427 1372
5 14 32 28.3005 1.76328 4.11878 0.371439 1106
5 14 33 26 -2 0 0 1330
5 14 34 28.2651 2.2199 5.49775 0.490917 1820
5 14 35 26.5824 1.67555 5.09994 0.25637 1358
5 14 36 27.5611 2.87044 7.89439 0.442751 1344
5 14 37 27.549 4.21192 7.72994 0.45378 952
5 14 38 28.0875 11.8839 17.3275 0.492639 1120
5 14 39 33.0179 10.0488 20 0.343047 910
5 14 40 26.2032 15.9962 14.5326 0.328987 700
5 14 41 25.3052 1.48306 3.83459 0.351292 1148
5 14 42 26 -2 0 0 994
5 14 43 24.4023 14.2071 14.9333 0.449613 1414
5 14 44 19.717 28.359 20 0.389085 1120
5 14 45 25.0917 2.08077 4.80153 0.371857 1218
5 14 46 26.4086 1.84263 5.69479 0.487654 1484
5 14 47 27 -2 0 0 1148
5 14 48 27 -2 0 0 1162
5 14 49 27.1434 1.10748 3.24223 0.355252 1344
5 14 50 25.4985 1.37362 4.32419 0.469883 1176
5 14 51 25 -2 0 0 966
5 14 52 24.3264 1.86942 4.34154 0.397951 966
5 14 53 25 -2 0 0 980
5 14 54 32.0719 16.1379 20 0.417749 994
5 14 55 30.508 13.9549 19.7736 0.297633 616
5 14 56 27.7667 6.52798 12.991 0.301161 840
5 14 57 25.5794 3.1573 7.49767 0.317159 1078
5 14 58 26.2323 2.68588 6.3441 0.440487 1176
5 14 59 29.2453 3.59273 9.82481 0.336501 1274
5 14 60 24.5208 12.1152 13.8191 0.417376 1064
5 14 61 23 -2 0 0 1246
5 14 62 25 -2 0 0 1120
5 14 63 14.8003 140.769 19.9998 0.0854687 238
5 15 0 26.9946 1.16292 3.32132 0.380244 1078
5 15 1 27 -2 0 0 994
5 15 2 36.5196 23.6125 20 0.155441 308
5 15 3 25 -2 0 0 756
5 15 4 27.9341 3.78478 9.00389 0.31571 994
5 15 5 26.5348 22.7682 20 0.435537 882
5 15 6 27.4004 8.53499 9.78019 0.237438 350
5 15 7 25.9922 21.7986 20 0.287157 770
5 15 8 26 -2 0 0 770
5 15 9 31.5865 5.55697 11.187 0.40172 756
5 15 10 34 -2 0 0 840
5 15 11 25 -2 0 0 1190
5 15 12 23.5926 26.5389 20 0.386397 770
5 15 13 29.2012 33.9693 19.4177 0.316387 602
5 15 14 27.0411 1.61799 4.77855 0.352017 1414
5 15 15 28 -2 0 0 938
5 15 16 0 -10 0 0 0
5 15 17 27.8368 2.39102 4.61165 0.582087 1372
5 15 18 27 -2 0 0 798
5 15 19 32.4537 16.8785 20 0.252176 770
5 15 20 27.8292 5.71471 13.3942 0.337154 1050
5 15 21 31 -2 0 0 784
5 15 22 33.9156 13.9644 20 0.326039 756
5 15 23 25.8056 1.96376 5.27762 0.425262 1134
5 15 24 27 -2 0 0 910
5 15 25 25 -2 0 0 896
5 15 26 32.8709 12.0026 19.733 0.521293 1302
5 15 27 28.458 14.4082 20 0.332666 1036
5 15 28 38 -2 0 0 924
5 15 29 27.8061 2.6707 7.34406 0.426705 1190
5 15 30 33.3977 8.09772 16.4515 0.373502 994
5 15 31 33 -2 0 0 952
5 15 32 24.0778 24.6402 20 0.304589 854
5 15 33 27.2322 1.41872 1.72725 0.321497 1106
5 15 34 32.0828 5.72794 15.0356 0.363376 1638
5 15 35 32.9137 4.38114 9.42255 0.439967 1274
5 15 36 28 -2 0 0 1064
5 15 37 20.9628 114.809 19.3319 0.391594 1218
5 15 38 25.7176 1.07834 3.50736 0.467223 1862
5 15 39 28.1692 3.66762 9.58778 0.469965 2114
5 15 40 27 -2 0 0 1176
5 15 41 26.7726 2.35168 5.09291 0.355226 1190
5 15 42 25.6305 0.675489 2.36302 0.513278 2240
5 15 43 28 -2 0 0 1470
5 15 44 27.586 1.94922 5.49981 0.397383 1820
5 15 45 26.4197 0.915258 2.79987 0.340527 1792
5 15 46 24 -2 0 0 1722
5 15 47 29.7754 2.33036 7.80628 0.447282 1862
5 15 48 25.9681 1.31772 3.7272 0.396641 1470
5 15 49 27.4889 1.26233 4.20796 0.384325 2100
5 15 50 27.3716 0.990267 3.66852 0.397203 2170
5 15 51 24.3636 0.765552 3.17439 0.478561 3878
5 15 52 27 -2 0 0 2352
5 15 53 29.8391 2.57679 6.04983 0.396366 2310
5 15 54 28 -2 0 0 1988
5 15 55 24 -2 0 0 3430
5 15 56 28.6823 1.94049 5.08453 0.458714 2632
5 15 57 27.174 0.971381 3.51213 0.359935 3696
5 15 58 27.5163 2.05581 6.92775 0.234153 2212
5 15 59 26.5328 0.756017 2.55959 0.456859 2520
5 15 60 25.1477 0.888033 3.10527 0.3805 2520
5 15 61 25.7123 0.656135 2.66385 0.422331 4074
5 15 62 24.0084 0.739305 2.37597 0.486986 3920
5 15 63 26.4072 1.32356 5.36718 0.334925 3248
6 0 0 22 -2 0 0 1134
6 0 1 30 -2 0 0 602
6 0 2 26.1247 2.63904 6.43034 0.353501 1694
6 0 3 27.4084 191.069 20 0.229099 350
6 0 4 29.7222 4.27718 10.9616 0.320049 1330
6 0 5 20 -2 0 0 1232
6 0 6 24.3894 16.7226 20 0.1973 630
6 0 7 28.6623 27.2781 20 0.183784 252
6 0 8 23.0385 2.33847 3.90965 0.288318 980
6 0 9 22 -2 0 0 364
6 0 10 19 -2 0 0 336
6 0 11 25.9022 4.20382 7.03208 0.329003 1820
6 0 12 27.8609 37.8635 15.9023 0.0815826 210
6 0 13 31.0727 12.0673 20 0.205499 924
6 0 14 22.2537 1.70958 3.36858 0.345921 1666
6 0 15 23 -2 0 0 490
6 0 16 30.8693 5.56606 11.824 0.304994 1624
6 0 17 29 -2 0 0 2184
6 0 18 24 -2 0 0 448
6 0 19 22 -2 0 0 686
6 0 20 25.9935 22.0919 20 0.166303 532
6 0 21 24.5972 28.5488 20 0.166912 448
6 0 22 22.8794 1.95738 2.63499 0.167062 210
6 0 23 29.5462 19.8324 20 0.241774 854
6 0 24 23.1605 18.7934 20 0.399316 1820
6 0 25 27.8274 11.9785 14.9027 0.20389 560
6 0 26 23 -2 0 0 2268
6 0 27 27.4292 109.664 13.5173 0.135909 378
6 0 28 22.7601 2.30255 3.33993 0.316583 630
6 0 29 27.9048 2.48989 2.98137 0.360625 2142
6 0 30 28.6016 158.973 17.7376 0.0956316 238
6 0 31 28.8951 3.95212 8.48448 0.360766 1680
6 0 32 28.7234 9.29382 10.5086 0.194163 420
6 0 33 28.6505 27.748 20 0.191716 504
6 0 34 25.4703 1.39398 5.18937 0.339125 2562
6 0 35 27.766 22.4772 20 0.159019 518
6 0 36 25 -2 0 0 308
6 0 37 21 -2 0 0 644
6 0 38 16.8084 126.075 20 0.317229 1610
6 0 39 22.2291 23.2947 20 0.258005 868
6 0 40 34.0797 18.8229 20 0.118117 532
6 0 41 23.8975 25.0896 20 0.344557 658
6 0 42 20.8796 3.00481 4.49389 0.181237 364
6 0 43 22 -2 0 0 2310
6 0 44 19 -2 0 0 1386
6 0 45 18 -2 0 0 602
6 0 46 31.8397 8.1496 15.4564 0.364541 1526
6 0 47 20 -2 0 0 1680
6 0 48 24 -2 0 0 560
6 0 49 25 -2 0 0 784
6 0 50 20 -2 0 0 798
6 0 51 24 -2 0 0 3094
6 0 52 17.7517 119.827 20 0.207408 952
6 0 53 24.5373 18.6048 17.5992 0.374135 1652
6 0 54 23 -2 0 0 616
6 0 55 18.3135 42.9137 20 0.476719 2282
6 0 56 21 -2 0 0 854
6 0 57 22 -2 0 0 2436
6 0 58 21.4496 35.2189 20 0.293603 714
6 0 59 21 -2 0 0 2086
6 0 60 34.3851 9.66963 20 0.356535 2030
6 0 61 19.1688 1.23787 3.26168 0.393529 2380
6 0 62 21 -2 0 0 2520
6 0 63 21.42 1.04418 2.80595 0.302639 2226
6 1 0 28.8334 16.1653 20 0.480287 2394
6 1 1 24.4383 16.9087 14.5339 0.484381 2828
6 1 2 26 -2 0 0 2576
6 1 3 27.2135 1.9772 5.78841 0.215741 1680
6 1 4 26.3709 12.889 8.9686 0.338301 350
6 1 5 24.7826 0.998008 2.30747 0.350526 4116
6 1 6 32.2554 10.3357 20 0.463618 4326
6 1 7 35.4617 7.45701 17.3544 0.569027 4802
6 1 8 31.6181 18.7024 20 0.334042 1022
6 1 9 29.4375 2.77132 7.52388 0.265898 1386
6 1 10 23.7482 0.908667 2.527 0.218268 5166
6 1 11 26 -2 0 0 644
6 1 12 24.8906 1.8881 5.29468 0.280482 2142
6 1 13 24 -2 0 0 3486
6 1 14 25 -2 0 0 2086
6 1 15 24 -2 0 0 2646
6 1 16 28.0107 0.882003 2.41569 0.42792 6398
6 1 17 25.2769 20.5964 17.5321 0.28067 1148
6 1 18 24 -2 0 0 854
6 1 19 25 -2 0 0 3892
6 1 20 24 -2 0 0 406
6 1 21 24.8607 1.33383 2.49208 0.462681 2520
6 1 22 23.4615 1.2546 2.99216 0.309181 3570
6 1 23 27.0953 31.92 20 0.253415 448
6 1 24 24.306 0.953264 2.61482 0.486912 2450
6 1 25 28.4838 13.4313 20 0.415541 1792
6 1 26 28.8192 1.42435 5.08448 0.273907 3248
6 1 27 28.1291 13.9575 8.07559 0.238898 406
6 1 28 27 -2 0 0 966
6 1 29 20 -2 0 0 490
6 1 30 22 -2 0 0 448
6 1 31 23.7219 1.1555 4.12171 0.360924 3360
6 1 32 22.3208 1.16183 3.54648 0.424869 2268
6 1 33 29 -2 0 0 504
6 1 34 28.2741 3.83407 8.52098 0.267218 980
6 1 35 31 -2 0 0 3570
6 1 36 34.0957 22.1981 20 0.362846 532
6 1 37 25 -2 0 0 574
6 1 38 24.5715 0.668553 2.47459 0.395862 3682
6 1 39 30.4768 21.6992 20 0.140747 406
6 1 40 24 -2 0 0 504
6 1 41 27.9229 0.74818 2.77543 0.404788 2772
6 1 42 25 -2 0 0 1456
6 1 43 33.113 18.5566 20 0.224457 588
6 1 44 24 -2 0 0 2898
6 1 45 32.3936 7.58077 14.3879 0.243622 812
6 1 46 32 -2 0 0 1246
6 1 47 22 -2 0 0 2576
6 1 48 30.0268 16.1036 18.7162 0.499455 2254
6 1 49 29.0334 19.0465 15.5935 0.212086 672
6 1 50 26.3495 0.954417 3.16528 0.32727 2212
6 1 51 27 -2 0 0 406
6 1 52 24 -2 0 0 1302
6 1 53 30 -2 0 0 490
6 1 54 27 -2 0 0 2772
6 1 55 24.6261 20.7929 20 0.234895 896
6 1 56 29.849 25.7295 20 0.2226 336
6 1 57 25.5381 26.9811 20 0.243898 476
6 1 58 28 -2 0 0 2590
6 1 59 22 -2 0 0 1400
6 1 60 23 -2 0 0 252
6 1 61 27.5331 28.8584 20 0.181391 224
6 1 62 22 -2 0 0 896
6 1 63 29.8366 14.605 19.9995 0.390765 994
6 2 0 30 -2 0 0 1050
6 2 1 33.9916 13.0044 16.8131 0.264433 602
6 2 2 23.9897 18.3157 20 0.486175 2562
6 2 3 26 -2 0 0 1708
6 2 4 34.1531 27.0558 20 0.125276 336
6 2 5 26 -2 0 0 1134
6 2 6 24 -2 0 0 518
6 2 7 25.6508 18.3008 20 0.366483 1666
6 2 8 24.3558 1.04296 3.25065 0.386698 2688
6 2 9 30.6211 16.5242 19.8731 0.447863 2016
6 2 10 34.1862 5.37681 12.8009 0.458263 2002
6 2 11 29.3391 0.931828 2.81009 0.388932 2492
6 2 12 25.3357 1.34544 3.68265 0.42212 1764
6 2 13 28 -2 0 0 1904
6 2 14 23.9364 0.86469 3.08393 0.305522 3710
6 2 15 30.6338 3.05438 7.63113 0.465279 1834
6 2 16 23 -2 0 0 1764
6 2 17 24 -2 0 0 3094
6 2 18 29.529 5.56047 10.7075 0.210753 658
6 2 19 26.1883 22.2801 18.2118 0.412507 1512
6 2 20 24 -2 0 0 840
6 2 21 32.2699 3.84884 9.94578 0.436933 2268
6 2 22 27 -2 0 0 1918
6 2 23 33.7517 9.85596 20 0.488176 2772
6 2 24 23.2231 1.33569 4.80915 0.352815 2912
6 2 25 22.8974 15.3062 15.5255 0.338696 1302
6 2 26 26.8117 1.04841 3.30666 0.287653 3612
6 2 27 23 -2 0 0 1806
6 2 28 29.1914 1.73339 4.99477 0.406269 1722
6 2 29 30.9733 7.74189 8.63847 0.525757 3724
6 2 30 29 -2 0 0 728
6 2 31 31.2121 3.34753 7.18749 0.451378 1596
6 2 32 30.0347 1.87275 6.14277 0.289647 1708
6 2 33 27.2126 17.9256 20 0.475374 1890
6 2 34 29 -2 0 0 4200
6 2 35 32.4594 3.51863 6.89905 0.436037 2212
6 2 36 25.1494 14.0616 20 0.563152 2282
6 2 37 29.3782 0.870426 2.82622 0.365396 3052
6 2 38 29.0974 1.57084 3.99859 0.45833 2058
6 2 39 28.8164 1.05385 3.90541 0.295739 2968
6 2 40 27.1709 1.16225 3.54626 0.349685 2408
6 2 41 23.0658 18.7235 20 0.491692 1652
6 2 42 24.5044 0.943137 2.84334 0.542701 2814
6 2 43 28.3128 10.0036 20 0.531616 2954
6 2 44 31.3035 11.0618 20 0.39853 1904
6 2 45 28.1269 1.35502 3.5546 0.363795 1750
6 2 46 25 -2 0 0 1022
6 2 47 33.9388 7.68381 16.6828 0.514444 2380
6 2 48 26 -2 0 0 1876
6 2 49 23.5777 0.925271 3.15626 0.331202 2744
6 2 50 26 -2 0 0 1946
6 2 51 25.3629 0.58615 2.37329 0.434969 4228
6 2 52 22.6934 0.767146 2.59001 0.37544 3402
6 2 53 28.9322 3.44905 8.69051 0.367157 1890
6 2 54 27.4131 1.25472 4.187 0.478261 2912
6 2 55 27.6363 3.57547 5.0991 0.54356 3500
6 2 56 25.8948 0.995151 3.72793 0.353677 3360
6 2 57 32 -2 0 0 3668
6 2 58 29.6606 10.8811 20 0.558215 3024
6 2 59 31 -2 0 0 3570
6 2 60 23.9014 0.761371 2.62538 0.407803 2338
6 2 61 26.0366 0.814054 3.11371 0.366588 5250
6 2 62 28.2122 1.44702 4.48042 0.346515 4886
6 2 63 22.6536 20.5455 20 0.584839 2982
6 3 0 22.7744 0.584876 2.49333 0.37195 5642
6 3 1 21.8173 0.628403 1.98884 0.595618 5726
6 3 2 25.7133 0.519215 2.4152 0.373463 6062
6 3 3 22.378 0.622629 2.28813 0.37121 5950
6 3 4 24.6874 10.1158 10.4253 0.384629 714
6 3 5 26.6674 0.711441 2.18081 0.440094 6692
6 3 6 26.3157 0.611637 2.79832 0.425737 7826
6 3 7 26.3678 0.6843 2.19244 0.441669 9870
6 3 8 34 -2 0 0 6048
6 3 9 26.1069 0.711977 3.69746 0.224295 7798
6 3 10 27.385 0.631943 2.87875 0.434754 9576
6 3 11 24 -2 0 0 1064
6 3 12 22.8675 0.743613 2.11137 0.558626 5166
6 3 13 23.358 1.67203 6.71764 0.492271 5656
6 3 14 26.3513 0.795766 2.36337 0.490406 5236
6 3 15 22.5927 0.578008 1.91613 0.483981 3892
6 3 16 26.1808 0.706301 3.20975 0.363359 10486
6 3 17 30.2853 12.8956 20 0.343887 1120
6 3 18 29.6912 5.29127 10.4411 0.398761 1148
6 3 19 22.9831 0.651959 3.52933 0.393579 7364
6 3 20 23 -2 0 0 3094
6 3 21 28 -2 0 0 5586
6 3 22 22.6122 0.595635 2.55934 0.377784 6594
6 3 23 29.438 14.3397 18.0693 0.288573 686
6 3 24 27.0903 4.28034 11.7468 0.54931 2982
6 3 25 26.7217 0.679248 2.15646 0.583684 9072
6 3 26 31.6863 11.152 15.1315 0.363315 1232
6 3 27 27.4441 2.39493 6.49917 0.367329 1316
6 3 28 26.7533 0.645032 2.1964 0.374662 7000
6 3 29 27.1304 19.2 16.9947 0.261651 742
6 3 30 26 -2 0 0 1106
6 3 31 23.9678 0.680463 2.63981 0.473878 6524
6 3 32 23.8803 0.86479 3.53989 0.242077 5432
6 3 33 27.6462 2.238 5.13557 0.393103 1414
6 3 34 28 -2 0 0 882
6 3 35 27.1111 0.688447 3.07063 0.346263 7336
6 3 36 24.028 1.25113 5.22863 0.298909 2688
6 3 37 27 -2 0 0 966
6 3 38 22.6301 0.665416 2.06849 0.623556 6258
6 3 39 29.808 34.4078 13.0362 0.15538 364
6 3 40 27.683 0.7543 2.8824 0.324079 5782
6 3 41 21.6409 0.688339 2.89773 0.463081 4732
6 3 42 23.3109 0.761377 3.19643 0.407711 3752
6 3 43 23.9096 1.21177 4.04208 0.464304 3878
6 3 44 25 -2 0 0 5334
6 3 45 26.6821 0.788446 3.13748 0.346773 5684
6 3 46 26.6949 0.685316 3.11423 0.408646 4634
6 3 47 27.0317 0.652376 3.29171 0.396143 7238
6 3 48 26.9856 0.565687 2.6522 0.480045 5432
6 3 49 29.5597 11.6455 15.0194 0.451375 1792
6 3 50 21.6573 1.23805 3.33625 0.371927 3906
6 3 51 24.6426 9.13713 12.5691 0.655358 2548
6 3 52 24.0858 0.877536 2.67967 0.462558 2254
6 3 53 26.1226 0.607746 2.63216 0.588392 6314
6 3 54 23.6727 0.673101 2.50832 0.337381 3290
6 3 55 22.9397 0.929461 3.38314 0.542571 2632
6 3 56 30.2847 6.59454 14.9216 0.611014 2520
6 3 57 27.0024 7.07327 11.9167 0.423797 1834
6 3 58 24 -2 0 0 2478
6 3 59 21.4917 0.727431 2.94914 0.462314 4200
6 3 60 23 -2 0 0 1036
6 3 61 23.8201 0.890224 2.86966 0.537932 3640
6 3 62 22.5027 1.15836 4.38474 0.391224 2478
6 3 63 27.2276 4.7592 8.70441 0.287133 756
6 4 0 25.1086 0.954381 3.42127 0.426434 5474
6 4 1 27.0343 1.23203 3.7836 0.443423 3976
6 4 2 30 -2 0 0 4172
6 4 3 28.1816 15.8371 20 0.328709 1372
6 4 4 24 -2 0 0 2968
6 4 5 32.7722 9.57295 20 0.425262 3024
6 4 6 26.079 0.991143 3.57332 0.396419 3640
6 4 7 26.7969 1.37274 4.49719 0.299319 2296
6 4 8 23.5147 1.17572 3.14475 0.462204 2674
6 4 9 31.1695 24.3742 20 0.153808 406
6 4 10 20.5878 20.571 20 0.408451 1582
6 4 11 24.8814 0.766017 2.61004 0.289541 3108
6 4 12 25 -2 0 0 658
6 4 13 28.6994 19.49 20 0.483721 1540
6 4 14 22.3687 0.79043 2.47222 0.331434 3262
6 4 15 30.7475 3.04755 8.94217 0.438801 2478
6 4 16 24 -2 0 0 2492
6 4 17 20 -2 0 0 1288
6 4 18 27.3522 0.940029 3.16853 0.417516 2506
6 4 19 28.4721 14.8873 19.9995 0.432475 1666
6 4 20 32.2012 4.26886 12.2636 0.372302 2702
6 4 21 26 -2 0 0 1498
6 4 22 27.4551 18.8288 20 0.40282 2156
6 4 23 25.0534 0.864363 3.1375 0.31445 3584
6 4 24 32.9513 4.2558 8.77553 0.488888 4480
6 4 25 27.2201 1.00941 2.22687 0.371619 1764
6 4 26 26.2768 15.0943 12.9755 0.425646 1414
6 4 27 27.4418 1.67574 4.81942 0.385635 1638
6 4 28 20.8668 35.7808 20 0.389845 1526
6 4 29 27.8371 30.0421 20 0.28909 560
6 4 30 26.1451 1.51428 4.29351 0.470811 2674
6 4 31 26.0947 18.4153 20 0.382756 1316
6 4 32 24.5101 7.85872 12.2104 0.416829 1848
6 4 33 24.7049 1.19864 3.84623 0.313054 1792
6 4 34 26.3282 7.13333 9.20631 0.257723 700
6 4 35 29.013 2.49536 4.52602 0.40535 1848
6 4 36 26.482 1.12651 4.02326 0.289604 2618
6 4 37 27.5842 1.83934 4.73785 0.330637 1484
6 4 38 29.0755 2.51899 5.85742 0.44566 2170
6 4 39 27.868 2.7723 6.42741 0.458143 1750
6 4 40 28.9802 0.882052 2.99106 0.369348 2842
6 4 41 27.5516 1.57044 3.97093 0.362962 1988
6 4 42 23.9295 1.35765 3.17752 0.407641 2058
6 4 43 25 -2 0 0 924
6 4 44 27.1349 0.807662 2.36105 0.340542 1624
6 4 45 23 -2 0 0 1988
6 4 46 30.3322 22.7 20 0.215976 490
6 4 47 25 -2 0 0 1680
6 4 48 29.0833 4.21519 12.0671 0.395917 2142
6 4 49 29 -2 0 0 1386
6 4 50 25.2593 18.5143 20 0.481543 1442
6 4 51 28.7522 5.97946 13.7911 0.434424 2758
6 4 52 25 -2 0 0 1372
6 4 53 25.9232 3.22607 8.47011 0.388284 1974
6 4 54 26.3148 10.7819 17.3593 0.383139 1610
6 4 55 28.6472 4.57751 11.0858 0.242893 1442
6 4 56 27.1012 14.1621 20 0.524527 2016
6 4 57 23 -2 0 0 1722
6 4 58 23 -2 0 0 2170
6 4 59 28.4769 4.62237 9.4914 0.303414 882
6 4 60 22 -2 0 0 1638
6 4 61 22 -2 0 0 2814
6 4 62 26.7981 5.05702 8.87546 0.349802 1890
6 4 63 22 -2 0 0 1736
6 5 0 21 -2 0 0 4228
6 5 1 21.8917 0.771877 3.50711 0.630319 4200
6 5 2 26.6187 0.891261 2.81613 0.456932 5348
6 5 3 26.177 0.629572 2.96358 0.459415 6552
6 5 4 18.9886 0.541272 2.3931 0.418433 4760
6 5 5 22.2138 0.49729 2.21696 0.47291 5824
6 5 6 21.8632 0.638542 1.93663 0.516757 4774
6 5 7 25.6168 0.692747 2.18991 0.654916 8750
6 5 8 20.7019 0.512025 2.10559 0.460327 4830
6 5 9 20.5953 0.55236 2.26238 0.46391 5950
6 5 10 26.2794 0.675104 3.06491 0.498693 8050
6 5 11 26.967 0.740559 3.67293 0.372464 5404
6 5 12 26.8519 0.621808 3.03617 0.498143 6258
6 5 13 26.6068 0.523436 2.33334 0.525099 7784
6 5 14 29.2834 3.49227 10.6306 0.316249 1442
6 5 15 20.8504 0.593545 2.76182 0.407199 5866
6 5 16 32 -2 0 0 9058
6 5 17 22 -2 0 0 1680
6 5 18 26.3125 0.719389 3.15901 0.419461 6580
6 5 19 25.423 0.740458 1.66854 0.616043 9002
6 5 20 24.3731 0.652233 2.30975 0.467385 5810
6 5 21 22.5673 0.584303 2.7388 0.382739 5670
6 5 22 30 -2 0 0 7336
6 5 23 26.8774 0.766537 3.10805 0.483077 5390
6 5 24 24.0918 13.269 14.2832 0.694058 3612
6 5 25 25.9202 0.635337 3.02231 0.346124 9884
6 5 26 27 -2 0 0 1288
6 5 27 26.0803 2.59431 8.0266 0.499559 2086
6 5 28 26.8296 0.624626 2.2848 0.437227 7462
6 5 29 26.9078 0.628404 2.13568 0.50338 4676
6 5 30 25.5134 0.638161 3.16579 0.580414 6720
6 5 31 21.7217 0.554406 2.29486 0.371433 8330
6 5 32 26.1503 0.595354 2.14331 0.54061 8246
6 5 33 22.5131 1.19788 3.92894 0.46298 1764
6 5 34 22.9772 18.1576 20 0.287335 854
6 5 35 25.7127 0.744514 2.13727 0.606864 10626
6 5 36 19.4881 0.472095 1.94066 0.717935 4942
6 5 37 20.9484 0.478026 2.08903 0.42442 5180
6 5 38 19.502 0.580299 1.50555 0.564515 8316
6 5 39 26.7061 0.668245 2.48782 0.455969 8022
6 5 40 26.5564 0.957088 4.4368 0.710097 6412
6 5 41 20.279 0.479571 2.22748 0.303822 6972
6 5 42 22.3235 20.034 20 0.353293 672
6 5 43 21.0309 0.759681 2.89033 0.41989 2618
6 5 44 19.441 0.744838 2.94749 0.39402 3920
6 5 45 23.6868 1.24997 3.97534 0.339059 1834
6 5 46 29.4379 5.01715 12.9957 0.295867 1190
6 5 47 25.5045 0.61283 2.82746 0.578165 11536
6 5 48 25.1319 1.32857 3.09657 0.316186 7798
6 5 49 22.0224 1.76136 3.73195 0.460301 966
6 5 50 18 -2 0 0 2408
6 5 51 25.8991 0.625587 3.03852 0.638268 5992
6 5 52 19.8795 0.704202 2.50984 0.63379 3780
6 5 53 25.4042 0.557086 2.51192 0.437272 9268
6 5 54 24.2375 6.95558 13.7687 0.40591 952
6 5 55 25.6397 0.631382 2.71117 0.520273 5670
6 5 56 25.8655 0.706478 2.51357 0.470083 6762
6 5 57 22 -2 0 0 3318
6 5 58 21 -2 0 0 1050
6 5 59 25.339 0.805942 2.58567 0.492583 5614
6 5 60 25.1148 0.596034 2.44328 0.368529 9296
6 5 61 18.0624 0.676872 2.8115 0.63267 4704
6 5 62 20.3407 1.77793 3.59501 0.63593 2674
6 5 63 22.9144 14.3526 20 0.36761 1134
6 6 0 25.133 17.7177 20 0.343156 1974
6 6 1 27 -2 0 0 1386
6 6 2 27.9742 16.8292 20 0.268717 1022
6 6 3 22 -2 0 0 1092
6 6 4 27 -2 0 0 812
6 6 5 21 -2 0 0 770
6 6 6 22 -2 0 0 826
6 6 7 19 -2 0 0 560
6 6 8 26 -2 0 0 1008
6 6 9 28 -2 0 0 952
6 6 10 32.6276 12.741 20 0.272455 1092
6 6 11 33.2371 18.0268 20 0.224384 658
6 6 12 24.1094 28.9149 20 0.160598 462
6 6 13 27.3188 29.9629 20 0.260419 700
6 6 14 25 -2 0 0 1848
6 6 15 29 -2 0 0 588
6 6 16 27 -2 0 0 1050
6 6 17 32.4344 12.9186 20 0.369793 1358
6 6 18 28.8362 18.8617 20 0.142131 476
6 6 19 31.7647 19.3685 17.631 0.20094 518
6 6 20 24.546 26.4582 20 0.244801 434
6 6 21 25 -2 0 0 644
6 6 22 30.9306 17.2496 20 0.338044 1204
6 6 23 23 -2 0 0 686
6 6 24 23.261 22.4796 20 0.348143 1722
6 6 25 27.3921 32.8585 17.269 0.146626 294
6 6 26 26 -2 0 0 1316
6 6 27 32.1953 32.7359 18.0242 0.245509 392
6 6 28 25 -2 0 0 336
6 6 29 33.7459 13.2514 20 0.217479 756
6 6 30 26 -2 0 0 224
6 6 31 25.5126 7.55533 10.1462 0.332543 476
6 6 32 36.3217 18.0132 20 0.219564 392
6 6 33 25 -2 0 0 280
6 6 34 29 -2 0 0 826
6 6 35 25 -2 0 0 336
6 6 36 29.1351 8.43472 9.98179 0.267295 378
6 6 37 29.1914 16.2529 20 0.258605 672
6 6 38 20 -2 0 0 266
6 6 39 35.074 16.0111 20 0.135208 336
6 6 40 26 -2 0 0 420
6 6 41 23 -2 0 0 266
6 6 42 21 -2 0 0 406
6 6 43 23 -2 0 0 504
6 6 44 25 -2 0 0 210
6 6 45 30 -2 0 0 322
6 6 46 24 -2 0 0 616
6 6 47 12 -2 0 0 252
6 6 48 24.9891 6.99358 7.73442 0.257247 364
6 6 49 31.1506 9.7886 11.5805 0.217201 266
6 6 50 27 -2 0 0 308
6 6 51 36.8891 15.0323 20 0.230187 560
6 6 52 24 -2 0 0 602
6 6 53 26.9805 22.0885 20 0.240281 462
6 6 54 26.8942 40.2312 20 0.152307 266
6 6 55 32.3568 24.0525 20 0.155217 392
6 6 56 29.8696 23.9757 20 0.117475 266
6 6 57 28.0253 19.7537 16.0539 0.30417 560
6 6 58 23 -2 0 0 308
6 6 59 20 -2 0 0 490
6 6 60 26 -2 0 0 336
6 6 61 25 -2 0 0 714
6 6 62 18.8964 114.081 20 0.219507 560
6 6 63 21 -2 0 0 252
6 7 0 27.7068 3.10843 6.28236 0.448646 756
6 7 1 28.4758 3.26439 5.85271 0.277292 560
6 7 2 29.8131 3.19997 7.56949 0.308356 952
6 7 3 30.5424 4.23792 11.4781 0.301562 1134
6 7 4 28.7022 11.1726 16.4084 0.30496 882
6 7 5 26 -2 0 0 770
6 7 6 31.3449 3.77007 9.20076 0.350326 994
6 7 7 29.389 3.14533 9.26931 0.35013 1652
6 7 8 25.1278 17.7598 20 0.289035 714
6 7 9 30.012 11.2494 16.8156 0.287091 868
6 7 10 29.5954 3.44816 8.26417 0.515322 1302
6 7 11 25 -2 0 0 630
6 7 12 32 -2 0 0 868
6 7 13 27.8826 2.49866 6.54398 0.447464 1540
6 7 14 23.5679 25.8908 20 0.297785 854
6 7 15 28.7028 6.13305 13.1154 0.467514 1246
6 7 16 27.9897 1.78038 4.61682 0.322261 1190
6 7 17 21.6904 4.50175 8.12832 0.332727 700
6 7 18 25.7782 20.68 20 0.452941 854
6 7 19 25.9717 4.3264 5.8188 0.736807 1372
6 7 20 23 -2 0 0 770
6 7 21 29.2279 7.76295 13.8186 0.342258 910
6 7 22 30 -2 0 0 1316
6 7 23 33 -2 0 0 784
6 7 24 28.3658 19.6192 19.7707 0.398319 644
6 7 25 24.5769 1.94664 5.23272 0.486677 1652
6 7 26 25 -2 0 0 616
6 7 27 30.9973 2.40768 6.32401 0.358915 1106
6 7 28 26.4243 14.8584 20 0.57154 1302
6 7 29 21 -2 0 0 812
6 7 30 24.943 6.30812 7.33019 0.446638 1022
6 7 31 25 -2 0 0 1750
6 7 32 31.2021 3.46781 10.4603 0.489549 1806
6 7 33 24 -2 0 0 1246
6 7 34 21 -2 0 0 798
6 7 35 26 -2 0 0 2156
6 7 36 17.3495 116.791 20 0.262982 784
6 7 37 26.5897 20.432 20 0.282392 714
6 7 38 25.8629 0.788473 3.00428 0.473317 3206
6 7 39 30.2448 3.41674 9.24886 0.482774 2450
6 7 40 23 -2 0 0 434
6 7 41 26.7483 0.797786 2.59455 0.477832 2198
6 7 42 23 -2 0 0 742
6 7 43 25.1911 2.89836 7.71876 0.308996 1022
6 7 44 27 -2 0 0 2478
6 7 45 31.1681 0.932438 3.43532 0.45238 2128
6 7 46 26 -2 0 0 868
6 7 47 30.0949 2.75593 10.7969 0.629482 4410
6 7 48 26.5487 5.80246 12.1644 0.562178 1582
6 7 49 25 -2 0 0 1246
6 7 50 26.77 0.864781 3.51555 0.470436 2744
6 7 51 26 -2 0 0 1890
6 7 52 26.6167 3.99628 9.47498 0.343741 966
6 7 53 23.915 0.94227 2.9639 0.489818 2884
6 7 54 26.9842 1.48234 4.78703 0.492525 1946
6 7 55 24 -2 0 0 1582
6 7 56 22.9444 1.93977 4.9862 0.468968 1554
6 7 57 23.7048 1.80385 5.6051 0.480973 1862
6 7 58 24 -2 0 0 1834
6 7 59 26.7745 18.0409 20 0.473081 1218
6 7 60 23.3355 0.701392 2.99514 0.415028 2884
6 7 61 24 -2 0 0 1862
6 7 62 24.6323 2.83739 7.47392 0.424852 1792
6 7 63 27.6864 2.70202 7.19508 0.473471 1344
6 8 0 29.3414 14.2228 20 0.347516 812
6 8 1 25.6668 0.971102 3.3095 0.534331 3178
6 8 2 26.5122 1.53555 5.57829 0.406234 3164
6 8 3 27.2499 0.844845 2.62412 0.460652 2562
6 8 4 26.5478 2.13294 6.44796 0.562036 3332
6 8 5 26.583 0.63005 2.14488 0.51264 2842
6 8 6 27.1752 0.859349 2.68346 0.504878 3108
6 8 7 33.5421 3.56318 10.2649 0.552371 3304
6 8 8 27.3087 0.991301 3.74375 0.428405 2912
6 8 9 29.845 1.94854 6.68542 0.49812 2744
6 8 10 27.4163 0.765705 2.66163 0.386477 3500
6 8 11 26.7956 0.731245 2.89372 0.589508 3598
6 8 12 29.7563 4.01895 11.6744 0.520894 2632
6 8 13 25.5871 1.05084 2.67244 0.316396 4368
6 8 14 27.9334 0.62147 2.41774 0.489744 4158
6 8 15 27.1808 0.760979 2.98135 0.436569 3696
6 8 16 24.4684 0.798317 2.58947 0.440653 3528
6 8 17 26.7314 0.683568 2.11815 0.580943 3192
6 8 18 27.3219 0.714098 2.60039 0.461716 3318
6 8 19 34 -2 0 0 4200
6 8 20 27.0327 0.711743 3.26258 0.408327 4340
6 8 21 27.5193 1.07697 4.3811 0.390748 2982
6 8 22 20.8483 1.23793 2.95476 0.458634 3206
6 8 23 22.6385 11.1924 8.34098 0.29742 700
6 8 24 26.9653 0.909791 3.60345 0.447608 3528
6 8 25 26.525 1.11029 2.83931 0.399419 4228
6 8 26 27.0025 0.596108 2.2579 0.491216 3780
6 8 27 22.0177 1.12091 3.09217 0.47008 1456
6 8 28 27.3833 0.777292 2.8928 0.405925 3892
6 8 29 26.6349 0.679066 3.07307 0.50383 4732
6 8 30 24 -2 0 0 518
6 8 31 20.0517 0.966267 3.19685 0.360192 2142
6 8 32 27.5653 1.3484 4.64424 0.443173 4648
6 8 33 22.8707 6.95425 8.50799 0.272815 602
6 8 34 27.2906 0.855582 2.41099 0.592838 4676
6 8 35 25.8758 0.820984 3.52517 0.331461 5516
6 8 36 27.1409 0.618345 2.24677 0.57785 5040
6 8 37 23.0486 3.06845 7.58775 0.278724 770
6 8 38 19.4831 0.605268 2.35653 0.546169 4620
6 8 39 24.6023 0.765158 2.59172 0.387695 6958
6 8 40 32 -2 0 0 714
6 8 41 30 -2 0 0 4872
6 8 42 24 -2 0 0 616
6 8 43 24.0016 6.76612 10.7119 0.317359 938
6 8 44 29.0836 4.18751 7.94767 0.726659 5866
6 8 45 25.9295 0.654189 2.76708 0.484603 5348
6 8 46 25.9141 2.20556 4.87507 0.274145 854
6 8 47 26.3527 0.868251 3.48709 0.317181 6510
6 8 48 28.2957 12.0166 18.4101 0.243261 770
6 8 49 16.2446 133.224 9.73693 0.370478 1092
6 8 50 27.6651 7.2078 12.5037 0.429868 1106
6 8 51 26.5302 0.975383 2.47478 0.528199 7518
6 8 52 24 -2 0 0 854
6 8 53 24.0646 1.13816 4.7672 0.69347 5726
6 8 54 25.7265 1.00854 3.94438 0.331983 5908
6 8 55 21.1675 1.13273 3.19582 0.38923 3234
6 8 56 24.7636 0.83415 2.30185 0.457627 7084
6 8 57 25.7434 0.726775 2.8957 0.41083 6524
6 8 58 21.4072 1.21331 3.90051 0.448642 2590
6 8 59 28 -2 0 0 1218
6 8 60 24.5723 1.05762 2.1611 0.507487 6468
6 8 61 22.3928 1.3498 3.64715 0.34685 1890
6 8 62 18 -2 0 0 2492
6 8 63 27.7945 12.1008 17.1451 0.568367 2114
6 9 0 0 -10 0 0 0
6 9 1 0 -10 0 0 0
6 9 2 0 -10 0 0 0
6 9 3 0 -10 0 0 0
6 9 4 0 -10 0 0 0
6 9 5 0 -10 0 0 0
6 9 6 0 -10 0 0 0
6 9 7 0 -10 0 0 0
6 9 8 0 -10 0 0 0
6 9 9 0 -10 0 0 0
6 9 10 0 -10 0 0 0
6 9 11 0 -10 0 0 0
6 9 12 0 -10 0 0 0
6 9 13 0 -10 0 0 0
6 9 14 0 -10 0 0 0
6 9 15 0 -10 0 0 0
6 9 16 0 -10 0 0 0
6 9 17 0 -10 0 0 0
6 9 18 0 -10 0 0 0
6 9 19 0 -10 0 0 0
6 9 20 0 -10 0 0 0
6 9 21 0 -10 0 0 0
6 9 22 0 -10 0 0 0
6 9 23 0 -10 0 0 0
6 9 24 0 -10 0 0 0
6 9 25 0 -10 0 0 0
6 9 26 0 -10 0 0 0
6 9 27 0 -10 0 0 0
6 9 28 0 -10 0 0 0
6 9 29 0 -10 0 0 0
6 9 30 0 -10 0 0 0
6 9 31 0 -10 0 0 0
6 9 32 0 -10 0 0 0
6 9 33 0 -10 0 0 0
6 9 34 0 -10 0 0 0
6 9 35 0 -10 0 0 0
6 9 36 0 -10 0 0 0
6 9 37 0 -10 0 0 0
6 9 38 0 -10 0 0 0
6 9 39 0 -10 0 0 0
6 9 40 0 -10 0 0 0
6 9 41 0 -10 0 0 0
6 9 42 0 -10 0 0 0
6 9 43 0 -10 0 0 0
6 9 44 0 -10 0 0 0
6 9 45 0 -10 0 0 0
6 9 46 0 -10 0 0 0
6 9 47 0 -10 0 0 0
6 9 48 0 -10 0 0 0
6 9 49 0 -10 0 0 0
6 9 50 0 -10 0 0 0
6 9 51 0 -10 0 0 0
6 9 52 0 -10 0 0 0
6 9 53 0 -10 0 0 0
6 9 54 0 -10 0 0 0
6 9 55 0 -10 0 0 0
6 9 56 0 -10 0 0 0
6 9 57 0 -10 0 0 0
6 9 58 0 -10 0 0 0
6 9 59 0 -10 0 0 0
6 9 60 0 -10 0 0 0
6 9 61 0 -10 0 0 0
6 9 62 0 -10 0 0 0
6 9 63 0 -10 0 0 0
6 10 0 26.7187 0.607338 2.96189 0.587428 9002
6 10 1 21.6589 0.689404 3.46898 0.379467 3682
6 10 2 26.7497 0.773676 2.68852 0.540875 7672
6 10 3 26.7013 0.742449 2.10976 0.540234 7406
6 10 4 20.6283 0.504396 2.09086 0.396932 6356
6 10 5 23.0695 1.42773 3.65129 0.682284 7112
6 10 6 26.4918 0.701782 2.96082 0.393849 7616
6 10 7 28.0355 0.967078 4.31157 0.670112 7840
6 10 8 21.4251 0.438742 2.27869 0.402428 6692
6 10 9 27.1569 0.568889 2.14722 0.50163 7448
6 10 10 26.4599 0.688362 2.68208 0.651423 7518
6 10 11 22.1079 0.585795 1.7818 0.423299 7798
6 10 12 27.2225 0.560496 2.67306 0.484142 7364
6 10 13 25.7481 0.679776 1.92909 0.576125 6930
6 10 14 26.389 0.828717 2.19292 0.460343 8008
6 10 15 27.145 0.709979 1.61858 0.701617 7280
6 10 16 27.4 0.75233 1.67328 0.606204 7532
6 10 17 26.4112 0.566941 1.99575 0.420359 7238
6 10 18 27.4503 0.538187 1.9119 0.524982 7868
6 10 19 21.4634 0.866285 2.71782 0.381625 7238
6 10 20 27.2137 0.588044 2.20008 0.522536 8876
6 10 21 26.9714 0.695405 2.18229 0.439254 6930
6 10 22 26.1393 0.508599 1.95479 0.815141 7840
6 10 23 26.3718 0.713964 2.26103 0.436693 8582
6 10 24 23.1196 0.616793 1.97824 0.506974 7140
6 10 25 27.1642 0.549364 2.37238 0.489775 8666
6 10 26 25.7164 0.977846 3.99627 0.448221 2744
6 10 27 26.9439 0.658998 2.6145 0.518487 8134
6 10 28 27.5892 0.526697 2.80329 0.507337 7812
6 10 29 26.6076 0.812611 1.58028 0.540891 8400
6 10 30 25.0111 3.23643 7.65809 0.352949 1036
6 10 31 26.173 0.848861 2.5986 0.449464 9156
6 10 32 26.626 0.640094 2.1028 0.569505 8778
6 10 33 26.9869 0.600252 2.30861 0.598241 8960
6 10 34 27.1885 0.572303 3.04083 0.502221 9646
6 10 35 25.9295 1.06997 2.20709 0.530834 10136
6 10 36 27.4759 0.578329 2.57521 0.384712 8778
6 10 37 27.5027 0.550322 2.05488 0.418123 9450
6 10 38 26.5848 0.68826 1.6412 0.911993 10430
6 10 39 26.0878 0.638147 2.5697 0.501771 11984
6 10 40 24.3536 0.881431 3.91387 0.53998 3066
6 10 41 27.0868 0.58573 1.93903 0.454206 8764
6 10 42 26.433 0.570517 2.33007 0.444814 10164
6 10 43 27.9404 0.697141 2.30157 0.386264 10290
6 10 44 26.9067 0.552391 2.46855 0.631001 10108
6 10 45 26.6997 0.627148 2.62643 0.441988 9632
6 10 46 24.0215 0.927416 3.68004 0.522931 3052
6 10 47 26.9377 0.664026 2.84244 0.453024 12250
6 10 48 26.9428 0.579559 2.18986 0.521312 9058
6 10 49 20.0834 0.413496 2.11988 0.480684 6230
6 10 50 26.6255 0.534531 2.77233 0.460971 10262
6 10 51 26.1897 0.651478 2.22235 0.521053 12068
6 10 52 26.5121 0.581276 2.02198 0.726097 9884
6 10 53 26.4217 0.756868 2.6572 0.441627 10822
6 10 54 26.619 0.57867 2.13837 0.531914 9562
6 10 55 26.4469 0.589209 2.76729 0.452298 9758
6 10 56 25.9787 0.714572 2.02711 0.843783 11536
6 10 57 25.7059 0.492852 2.38075 0.653196 12026
6 10 58 25.9769 0.697118 2.15908 0.453873 10080
6 10 59 21.7788 0.899918 4.15515 0.517425 3234
6 10 60 26.1829 0.664405 2.50674 0.435575 10850
6 10 61 26.0605 0.75722 2.01109 0.516707 12544
6 10 62 25.197 0.713728 2.3309 0.585701 10318
6 10 63 26.8467 0.588246 2.14773 0.614673 10472
6 11 0 27.1096 0.589623 3.07364 0.307147 11368
6 11 1 26.5242 0.742211 2.57347 0.400674 10164
6 11 2 26.3234 0.709774 2.32209 0.387817 10892
6 11 3 27.4072 0.769838 1.68765 0.468999 7140
6 11 4 24.5683 0.92156 3.63859 0.356467 3780
6 11 5 24.0785 0.564115 2.22433 0.455331 6762
6 11 6 25.9313 0.799349 2.57588 0.386206 9072
6 11 7 23 -2 0 0 2842
6 11 8 26.387 0.55788 2.4527 0.380489 8862
6 11 9 27.0684 0.756782 2.11592 0.557336 7224
6 11 10 26.9815 0.61191 2.12232 0.453603 6692
6 11 11 23.6679 0.618596 2.57647 0.578026 5684
6 11 12 27.6079 0.671398 2.19137 0.427322 7350
6 11 13 27.5525 2.34452 6.67649 0.581365 2702
6 11 14 27.0447 0.677184 2.78795 0.233547 10962
6 11 15 25.932 0.566443 2.10085 0.497849 6552
6 11 16 26.6863 0.936132 2.7467 0.39214 5754
6 11 17 25 -2 0 0 1792
6 11 18 26.6565 0.727707 2.25321 0.455659 7140
6 11 19 26.7966 0.781273 2.99712 0.323832 5096
6 11 20 28.3315 13.6742 20 0.808086 5810
6 11 21 26.8983 0.588366 2.68848 0.37348 8484
6 11 22 23.8571 0.467973 1.82061 0.435824 4732
6 11 23 31.4607 2.61187 7.6485 0.327376 1260
6 11 24 22.7345 2.07696 5.02944 0.529473 5488
6 11 25 23.7698 0.865128 2.87238 0.399368 3500
6 11 26 26.9046 1.07949 3.55036 0.232214 1274
6 11 27 26.2396 0.981429 3.7875 0.287201 2226
6 11 28 25.592 1.64618 4.92685 0.452056 3500
6 11 29 28.7412 6.27574 11.4814 0.43416 1092
6 11 30 28.0631 4.40817 10.1009 0.296178 980
6 11 31 26.6183 7.40767 12.7711 0.67548 2996
6 11 32 24.5125 1.44632 4.48168 0.582753 3626
6 11 33 28.1567 0.669968 3.0966 0.489209 6636
6 11 34 27.4941 0.618922 2.90962 0.315144 10024
6 11 35 36.4364 14.0379 20 0.0496312 378
6 11 36 29.8038 5.95892 10.5165 0.36968 952
6 11 37 28.9921 8.98334 12.8801 0.25452 966
6 11 38 24.0742 0.985313 3.01066 0.41752 3948
6 11 39 30.7998 19.3329 18.2617 0.395102 1022
6 11 40 26 -2 0 0 1414
6 11 41 29 -2 0 0 5012
6 11 42 28.1196 6.09497 9.54833 0.412644 854
6 11 43 27.6058 1.48699 3.86097 0.292138 1162
6 11 44 27.9971 11.8477 7.77658 0.204738 434
6 11 45 26.6344 5.2815 9.1446 0.352376 672
6 11 46 30.1527 2.06257 6.03458 0.493448 2338
6 11 47 24.2094 1.21727 3.01741 0.426849 3178
6 11 48 31.6744 18.5999 19.9074 0.254218 756
6 11 49 26 -2 0 0 854
6 11 50 26.1932 -3 0 0 406
6 11 51 24 -2 0 0 1442
6 11 52 26 -2 0 0 1092
6 11 53 32.3517 7.58192 11.9329 0.415654 1274
6 11 54 0 -10 0 0 0
6 11 55 26.419 1.65914 4.09129 0.502615 3360
6 11 56 33.4957 14.0937 20 0.238687 868
6 11 57 27 -2 0 0 1190
6 11 58 28.5812 3.86856 8.01277 0.359678 644
6 11 59 25.1292 0.751801 2.17073 0.572164 8820
6 11 60 25 -2 0 0 910
6 11 61 32.9744 4.06688 10.6926 0.43345 1722
6 11 62 24.756 0.817668 3.66625 0.316215 3752
6 11 63 25.4472 0.711388 2.37907 0.422975 7798
6 12 0 28.4557 0.587743 2.73086 0.634039 12404
6 12 1 28.667 0.544718 2.70835 0.403559 12614
6 12 2 26.6188 0.786495 2.58755 0.521122 13342
6 12 3 27.8716 0.551009 2.53724 0.419417 9730
6 12 4 23.8563 1.56554 5.3886 0.445579 1540
6 12 5 21.4368 0.892598 3.1908 0.541693 6958
6 12 6 27.9804 0.48356 2.84187 0.55518 12502
6 12 7 27.1767 0.587853 1.875 0.602859 10416
6 12 8 26.1129 0.561238 2.41933 0.657337 10766
6 12 9 27.9935 0.656949 2.02173 0.455866 11564
6 12 10 28.6888 0.721607 1.89958 0.401271 12152
6 12 11 28.5942 3.90459 10.3236 0.937278 5124
6 12 12 26.6363 0.546731 2.62382 0.70742 11214
6 12 13 26.9362 0.608307 3.00309 0.434617 10164
6 12 14 23.3528 0.483522 1.92294 0.544909 8848
6 12 15 23.8702 0.608902 1.644 0.792057 8722
6 12 16 27.6957 0.474171 2.37665 0.79139 12306
6 12 17 22.7854 0.759193 3.83277 0.472989 5782
6 12 18 27.7792 0.711842 2.4491 0.38402 11130
6 12 19 28.636 0.979631 1.59201 0.632389 10696
6 12 20 21.4698 2.10727 5.29011 0.301841 1008
6 12 21 23.5458 0.601939 2.44462 0.480412 5278
6 12 22 22.5999 0.622198 2.00416 0.617263 8610
6 12 23 26.3552 0.805024 3.26464 0.330496 1792
6 12 24 23.7167 0.518324 2.62715 0.315757 6286
6 12 25 28.0857 0.582525 2.27482 0.37399 10402
6 12 26 27.3828 0.688456 2.47322 0.608646 10990
6 12 27 28.0193 0.549539 2.69505 0.572128 9828
6 12 28 28.0417 0.601985 2.33126 0.476295 10108
6 12 29 27.3457 0.863989 2.38806 0.506154 11354
6 12 30 24 -2 0 0 1050
6 12 31 27.254 0.572995 2.32327 0.65527 10752
6 12 32 22.7741 0.528694 2.57301 0.417255 8470
6 12 33 27.6953 0.639073 1.74748 0.558044 10290
6 12 34 27.9251 0.559718 2.374 0.546838 10864
6 12 35 27.6744 0.594174 3.08427 0.538918 10360
6 12 36 19 -2 0 0 1274
6 12 37 27.7341 2.79873 7.22909 0.5616 994
6 12 38 28.2112 0.559501 2.79097 0.342434 10276
6 12 39 27.4272 0.587106 2.41447 0.483342 9548
6 12 40 27.6071 1.73644 5.85472 0.303374 1372
6 12 41 28.6624 0.680557 2.59171 0.399128 9086
6 12 42 24.9821 1.29038 4.54947 0.437626 1708
6 12 43 22.9846 0.473159 2.5556 0.435516 8456
6 12 44 23.7209 0.507349 2.10355 0.697619 9450
6 12 45 23.1618 0.567826 2.34585 0.365387 8526
6 12 46 23.4328 0.42323 2.3275 0.473504 8400
6 12 47 26.6044 0.670903 2.38237 0.540372 10640
6 12 48 28.8207 0.67365 1.8241 0.726883 10640
6 12 49 27.4097 0.683716 2.40448 0.537226 10640
6 12 50 27.9408 0.524826 2.19683 0.538037 9884
6 12 51 23.1038 0.674681 2.18029 0.627069 9618
6 12 52 22.2557 0.557704 3.00005 0.484883 7994
6 12 53 28.0274 0.659872 2.60816 0.4472 10276
6 12 54 27.0392 0.672514 2.11719 0.524075 10374
6 12 55 22.7639 0.827931 1.78851 0.723764 8400
6 12 56 21.9653 0.508517 2.66655 0.372939 8204
6 12 57 25.9727 0.558139 2.65335 0.497119 10192
6 12 58 21.893 0.640456 2.87769 0.394708 5824
6 12 59 26.9834 0.621872 2.83165 0.432569 11074
6 12 60 27.0296 0.648817 2.7747 0.544407 9884
6 12 61 26.9132 0.577282 2.52135 0.521064 10948
6 12 62 23.2423 0.461653 2.61336 0.422772 9576
6 12 63 22.3646 0.414144 2.05605 0.620476 8078
6 13 0 22.9113 0.421009 2.24154 0.518974 9758
6 13 1 22.1917 0.637703 2.33503 0.366268 8064
6 13 2 26.8366 0.660413 2.67878 0.392462 8876
6 13 3 28 -2 0 0 4466
6 13 4 24.7679 2.23745 6.0944 0.54243 2100
6 13 5 22.8154 0.4588 1.9996 0.538332 4592
6 13 6 21.958 0.702799 2.99053 0.405558 6972
6 13 7 23.9963 3.97068 8.43391 0.666823 1246
6 13 8 22.3527 0.683409 2.18441 0.309729 7854
6 13 9 22.1216 0.844848 1.98883 0.61884 6230
6 13 10 23.3995 0.658664 1.92421 0.407403 5390
6 13 11 26.7965 3.14851 7.54742 0.500546 2058
6 13 12 22.0349 0.47684 2.17747 0.356486 5488
6 13 13 20.0381 0.625443 2.19029 0.548794 5096
6 13 14 32 -2 0 0 10570
6 13 15 22.4378 0.487449 2.44504 0.508433 4298
6 13 16 21.5327 0.71387 2.45642 0.611365 5054
6 13 17 21.245 0.829357 1.73197 0.715662 7798
6 13 18 30 -2 0 0 1834
6 13 19 21.2118 0.567023 2.32464 0.743635 4718
6 13 20 21.8736 0.507258 2.38739 0.525785 7882
6 13 21 23.4685 0.851606 4.30555 0.655449 6902
6 13 22 26.0396 0.797215 2.25331 0.757778 5236
6 13 23 24.6585 1.39922 4.2516 0.64173 2016
6 13 24 22.2587 0.525866 1.66165 0.412624 7826
6 13 25 27.2597 0.733083 1.78563 0.603253 5908
6 13 26 22.6003 0.453513 2.48535 0.32005 9758
6 13 27 23 -2 0 0 1218
6 13 28 27 -2 0 0 4984
6 13 29 21.6541 0.561903 1.93183 0.493489 6020
6 13 30 25.3781 0.651107 2.92752 0.630967 5796
6 13 31 26.7549 0.766354 1.63524 0.710257 5068
6 13 32 25 -2 0 0 2814
6 13 33 22.2544 0.50041 2.61797 0.582488 6076
6 13 34 21.0416 0.663344 2.18074 0.401986 8806
6 13 35 20.9745 3.58716 7.02596 0.725364 3514
6 13 36 27.4923 0.595425 1.77556 0.948298 7476
6 13 37 20.3875 0.549177 3.00427 0.445453 7322
6 13 38 27.5334 0.646456 2.41635 0.673381 5264
6 13 39 26.5686 0.671418 2.66556 0.406279 8358
6 13 40 21.8315 0.512763 1.74195 0.61466 7756
6 13 41 26.5562 0.576143 2.36191 0.55433 6510
6 13 42 27.4601 0.615937 2.05272 0.479874 7756
6 13 43 21.1537 0.733364 1.5358 0.592079 8974
6 13 44 26.1641 0.811323 2.5902 0.412974 6300
6 13 45 27.1451 0.569305 2.56388 0.514 7112
6 13 46 26.2139 0.622138 2.7121 0.433183 10626
6 13 47 22.9664 0.508386 1.8333 0.440682 5810
6 13 48 26.4027 1.30213 3.91786 0.572587 7434
6 13 49 26.1063 0.577223 2.1494 0.58438 8596
6 13 50 26.8333 0.581075 2.33398 0.496436 6538
6 13 51 27.4408 0.543715 2.40662 0.506425 11116
6 13 52 26.4668 0.679388 2.30087 0.498999 9184
6 13 53 26.791 0.609611 2.66109 0.366589 7588
6 13 54 26.5924 0.697375 2.36643 0.579053 7462
6 13 55 26.3118 0.664946 2.09126 0.399812 9338
6 13 56 26.4643 0.580555 3.28655 0.546899 9086
6 13 57 26.2884 0.562191 2.34055 0.4732 9688
6 13 58 23.3134 0.708852 1.87253 0.376658 7644
6 13 59 26.426 0.58594 2.56974 0.395037 10290
6 13 60 26.0963 0.783799 1.7278 0.82728 8148
6 13 61 24.8946 0.518365 2.39752 0.728797 13202
6 13 62 26.2059 0.606672 2.6107 0.441004 10766
6 13 63 23.1927 0.893233 2.42291 0.48525 9030
6 14 0 26.5915 0.885062 4.77164 0.768825 6762
6 14 1 21.5309 0.840878 2.78742 0.308038 5922
6 14 2 20.7247 0.593878 2.08564 0.54024 6118
6 14 3 23.4133 0.609325 2.78531 0.477276 5124
6 14 4 26.9625 0.49954 2.38337 0.543724 5656
6 14 5 26.4821 0.669682 2.107 0.416053 6006
6 14 6 26.7773 0.693998 3.33972 0.303162 5992
6 14 7 26.3544 0.665427 1.72834 0.551391 5908
6 14 8 21.9257 0.57069 2.39759 0.315375 6006
6 14 9 25.6511 0.732887 4.07138 0.453346 5964
6 14 10 25.445 0.753478 3.24918 0.640869 6398
6 14 11 22.1635 0.586172 2.65006 0.558178 4508
6 14 12 27.7072 6.89876 14.4594 0.881783 5404
6 14 13 26.578 0.989233 2.9562 0.432901 4312
6 14 14 21.2612 0.666152 3.24195 0.423385 6062
6 14 15 27.8843 0.744977 1.63662 0.603239 4424
6 14 16 22.736 0.512773 2.29397 0.467467 6426
6 14 17 27.1909 0.99079 2.16059 0.528486 5306
6 14 18 26.4881 0.855999 2.11956 0.512854 5656
6 14 19 25.0735 0.744621 3.81167 0.666461 4634
6 14 20 22.7186 0.570245 2.06768 0.463224 4466
6 14 21 26.8193 0.839963 2.71601 0.52192 5936
6 14 22 23.43 0.681214 2.66576 0.413294 5418
6 14 23 26 -2 0 0 1022
6 14 24 26.7519 0.625018 3.16566 0.430544 6342
6 14 25 27.1044 0.777177 3.86544 0.335082 3780
6 14 26 27.0977 0.65004 2.58548 0.394618 5530
6 14 27 26.9401 1.75505 7.45072 0.747513 3514
6 14 28 25.0463 0.942819 3.79871 0.479074 4088
6 14 29 21.5643 0.879928 2.74428 0.374481 4256
6 14 30 27.9398 0.619756 2.45209 0.475807 3906
6 14 31 28.5363 1.74309 5.29621 0.691419 4018
6 14 32 24 -2 0 0 3822
6 14 33 23.2152 0.890393 3.06842 0.279089 2856
6 14 34 27.161 0.618543 2.12665 0.553946 4340
6 14 35 22.2372 0.653819 2.3859 0.568539 2772
6 14 36 22.3255 0.725737 3.02343 0.416094 3332
6 14 37 24.4089 1.99613 5.99466 0.269037 980
6 14 38 27.2928 1.31382 5.52917 0.459342 2800
6 14 39 27.1802 0.868884 3.64366 0.56107 2758
6 14 40 21.6234 0.579758 2.40655 0.426146 3850
6 14 41 26.7365 0.818871 3.90865 0.463654 3290
6 14 42 26.5756 0.804294 3.37154 0.555141 3052
6 14 43 23.5173 0.797933 3.01174 0.555112 3486
6 14 44 29.1493 2.13217 7.25367 0.534411 2618
6 14 45 26.7558 0.875869 3.96175 0.488183 2856
6 14 46 22.1466 0.516405 2.54978 0.402099 4158
6 14 47 0 -10 0 0 0
6 14 48 26.9885 0.806168 2.54772 0.301387 2744
6 14 49 26.5033 0.95236 4.15235 0.442118 3164
6 14 50 28.1348 0.588315 2.29192 0.562425 2548
6 14 51 20.0069 0.701854 2.59707 0.420416 1904
6 14 52 20.7681 0.569464 2.24878 0.651712 2198
6 14 53 29.5691 2.62863 7.57545 0.567022 2198
6 14 54 26.2666 0.774478 2.84546 0.477938 2674
6 14 55 22 -2 0 0 2646
6 14 56 25.6495 1.07681 4.28037 0.447627 3038
6 14 57 24.4014 1.13054 4.06421 0.492004 2968
6 14 58 26.5683 1.23126 4.78633 0.554242 2660
6 14 59 20.1011 0.756878 2.51848 0.529908 3108
6 14 60 25.4323 0.968278 4.09148 0.517507 2716
6 14 61 25.8835 0.735568 3.08542 0.580206 2870
6 14 62 31.6342 4.13536 10.0193 0.604043 2828
6 14 63 26.0307 1.1338 4.53289 0.510069 2786
6 15 0 21.7613 0.816722 3.78336 0.413458 2744
6 15 1 23 -2 0 0 1540
6 15 2 23 -2 0 0 2366
6 15 3 21.9352 0.942494 3.13751 0.401207 1666
6 15 4 25.7611 0.736662 2.89014 0.344907 2926
6 15 5 21 -2 0 0 2184
6 15 6 25.9965 2.7151 4.83382 0.31028 560
6 15 7 21.5962 0.871536 2.66733 0.493424 1526
6 15 8 22.3827 0.639144 2.19481 0.497815 2170
6 15 9 24 -2 0 0 2016
6 15 10 21.6979 2.05163 4.15531 0.497979 1148
6 15 11 27.5231 4.32227 13.0652 0.611704 2744
6 15 12 19 -2 0 0 1372
6 15 13 31.3456 5.27402 9.39204 0.466071 1582
6 15 14 20.6991 0.557624 2.37889 0.307128 2296
6 15 15 28.1145 8.71404 15.3747 0.536142 2352
6 15 16 33 -2 0 0 490
6 15 17 26.3394 0.778393 3.09408 0.491422 2940
6 15 18 23.9054 12.6853 13.625 0.583945 2240
6 15 19 22.8935 23.6222 20 0.284401 574
6 15 20 28.1737 3.29175 7.9394 0.386861 1176
6 15 21 25 -2 0 0 1750
6 15 22 26 -2 0 0 1358
6 15 23 23 -2 0 0 4102
6 15 24 32 -2 0 0 2240
6 15 25 17.2793 7.27132 6.89233 0.462558 2240
6 15 26 27 -2 0 0 3234
6 15 27 22.3039 0.580261 1.98719 0.399583 2702
6 15 28 21 -2 0 0 2478
6 15 29 25.4497 0.748696 2.23408 0.473282 4536
6 15 30 23 -2 0 0 1638
6 15 31 21.7131 0.860792 2.99586 0.431257 1932
6 15 32 21.4737 0.785127 2.65131 0.458217 2128
6 15 33 25.1057 0.96386 3.67634 0.601718 2996
6 15 34 22.144 0.565772 2.17873 0.279555 4368
6 15 35 25.9086 0.618374 2.56236 0.425441 3220
6 15 36 26.2052 20.4678 20 0.382735 1092
6 15 37 25.3671 1.23372 4.35142 0.586352 4116
6 15 38 20.1289 1.05777 3.30137 0.512769 2352
6 15 39 26 -2 0 0 1442
6 15 40 22 -2 0 0 1064
6 15 41 25 -2 0 0 2758
6 15 42 23.3858 0.610828 2.01071 0.302378 4270
6 15 43 19.5462 16.122 11.876 0.528218 3906
6 15 44 26.1318 0.787458 3.30408 0.388268 3220
6 15 45 26.0175 0.833626 3.72311 0.420845 3486
6 15 46 26.4907 0.770096 3.2015 0.450333 5236
6 15 47 21.2356 0.659752 2.18836 0.388264 3346
6 15 48 22.2917 5.06855 5.61225 0.470864 2100
6 15 49 25.7963 0.660935 2.98796 0.351165 5110
6 15 50 25.9661 0.685669 2.7319 0.408277 4256
6 15 51 21.2472 0.742106 2.34518 0.491994 6062
6 15 52 27 -2 0 0 5264
6 15 53 21.9645 0.571774 1.8819 0.476824 2884
6 15 54 22.6206 0.503427 2.13354 0.385019 4564
6 15 55 21.586 0.759246 2.99655 0.289008 5516
6 15 56 25.6505 0.646707 2.96693 0.442196 6006
6 15 57 22.1817 0.53867 2.18751 0.6089 5670
6 15 58 25.5182 1.10785 2.27247 0.48059 4620
6 15 59 21.7163 0.566937 2.56324 0.423197 5236
6 15 60 21.2271 0.792608 3.38629 0.408595 4172
6 15 61 18.8268 2.11628 7.55263 0.665361 7448
6 15 62 21.1996 0.773548 1.50447 0.542822 6272
6 15 63 22.5157 0.626596 2.42589 0.551465 4480
7 0 0 26.8927 18.4345 20 0.284598 1288
7 0 1 34.1423 9.1185 17.6683 0.320505 1204
7 0 2 28.3267 3.27714 6.97432 0.382919 1316
7 0 3 31.7218 17.6236 20 0.26624 826
7 0 4 17 -2 0 0 210
7 0 5 27.1329 2.53201 4.27734 0.349966 882
7 0 6 34.0836 7.73112 17.0097 0.223996 1120
7 0 7 30.6055 3.10417 7.19022 0.258837 1036
7 0 8 30.7532 20.4269 20 0.305075 1022
7 0 9 24 -2 0 0 938
7 0 10 31.8855 9.73134 14.7804 0.34333 854
7 0 11 22.817 116.887 20 0.246322 224
7 0 12 26.4953 5.82965 11.6025 0.30639 1120
7 0 13 27.5742 1.45747 3.88613 0.335898 1260
7 0 14 27.5961 2.79687 6.14427 0.304144 1176
7 0 15 29.0815 9.87336 13.8331 0.258915 1036
7 0 16 32.4855 9.90159 16.1722 0.396703 1218
7 0 17 25.2086 31.4025 20 0.296022 532
7 0 18 18 -2 0 0 224
7 0 19 27 -2 0 0 1120
7 0 20 36.2366 17.7153 20 0.0447873 266
7 0 21 29.7998 22.5396 20 0.437703 1288
7 0 22 32.4328 11.2315 14.9727 0.326811 994
7 0 23 31 -2 0 0 1484
7 0 24 29.2997 5.82476 11.7725 0.361524 1148
7 0 25 31 -2 0 0 1372
7 0 26 35.6949 10.805 17.1678 0.337175 994
7 0 27 24.3628 19.6905 20 0.15976 672
7 0 28 27 -2 0 0 1288
7 0 29 29 -2 0 0 1414
7 0 30 26.0378 -3 0 0 182
7 0 31 28.9323 2.01431 4.95652 0.246331 1218
7 0 32 30.4264 5.51963 9.62536 0.390513 1274
7 0 33 32.3301 12.4692 19.4677 0.278581 1078
7 0 34 29 -2 0 0 1218
7 0 35 30 -2 0 0 1526
7 0 36 26.0378 -3 0 0 140
7 0 37 32.9603 10.1277 13.907 0.151875 294
7 0 38 31.5015 7.67086 15.2514 0.303841 1568
7 0 39 25 -2 0 0 1540
7 0 40 22.0175 109.242 20 0.173753 266
7 0 41 28.4848 2.95181 6.24755 0.345267 1232
7 0 42 25.2838 23.4856 20 0.233281 378
7 0 43 28.8357 22.7376 18.7053 0.392744 1652
7 0 44 26 -2 0 0 1652
7 0 45 27.3909 15.6786 20 0.291867 1204
7 0 46 23 -2 0 0 2072
7 0 47 30 -2 0 0 1582
7 0 48 31 -2 0 0 392
7 0 49 28.5075 15.4159 20 0.387776 1708
7 0 50 29.4827 5.24781 7.30379 0.368132 1722
7 0 51 25.9529 1.04602 3.39152 0.398876 2506
7 0 52 26.5808 4.35411 10.5192 0.347476 2142
7 0 53 22.2537 22.6674 20 0.340812 1330
7 0 54 28.8417 11.7673 17.7118 0.347262 1050
7 0 55 27 -2 0 0 2072
7 0 56 26.9351 5.53993 12.9823 0.338377 2072
7 0 57 32.0026 9.81005 19.7542 0.38285 2058
7 0 58 29.2291 2.67376 6.13444 0.293077 1932
7 0 59 28.5549 14.1238 20 0.521584 2674
7 0 60 28.4759 8.14253 13.5756 0.422608 1386
7 0 61 26 -2 0 0 2800
7 0 62 24.5204 0.978813 2.72597 0.428704 2506
7 0 63 22.8453 26.5387 14.0465 0.318197 1806
7 1 0 26.9403 0.937906 3.76382 0.304638 2688
7 1 1 32.9577 5.93307 14.26 0.456409 3304
7 1 2 26.5913 0.798853 3.10285 0.359781 2926
7 1 3 25.0982 23.5992 20 0.285136 630
7 1 4 28.1519 1.89126 5.3934 0.440753 2366
7 1 5 27.0581 2.39798 5.56581 0.397514 2478
7 1 6 26.1898 0.831598 2.92753 0.397908 3276
7 1 7 28.8855 1.16036 4.99024 0.344398 3696
7 1 8 35.8011 8.08463 19.7341 0.408519 2688
7 1 9 25.8556 10.5279 18.5642 0.319999 1288
7 1 10 26.7598 16.6646 19.9999 0.27922 756
7 1 11 26.9541 1.18281 3.16876 0.306687 1862
7 1 12 20.8066 172.14 20 0.27248 1022
7 1 13 30.5126 11.9699 17.2304 0.250543 798
7 1 14 28.0095 2.20741 3.6227 0.400108 2086
7 1 15 27.7434 172.342 20 0.134512 378
7 1 16 27.4702 0.910544 3.20821 0.31541 4340
7 1 17 27.5836 3.23848 7.92531 0.368102 2156
7 1 18 28 -2 0 0 2702
7 1 19 30 -2 0 0 3486
7 1 20 31.5913 13.8011 20 0.464821 2254
7 1 21 30 -2 0 0 3150
7 1 22 20 -2 0 0 952
7 1 23 30.5527 2.47985 5.91615 0.33437 1680
7 1 24 33 -2 0 0 2394
7 1 25 27.3835 0.982878 3.61854 0.331883 2982
7 1 26 27.589 26.4917 19.9025 0.473954 2002
7 1 27 26.995 28.4654 20 0.155271 406
7 1 28 29 -2 0 0 2310
7 1 29 34.3541 12.0146 20 0.341702 1498
7 1 30 26.659 5.75079 5.32357 0.140015 364
7 1 31 31 -2 0 0 2674
7 1 32 34.4425 7.19427 17.2646 0.403566 2114
7 1 33 33.2512 18.3549 20 0.228028 616
7 1 34 27 -2 0 0 1232
7 1 35 25.7191 0.78528 2.77492 0.410472 2198
7 1 36 25 -2 0 0 378
7 1 37 30.0302 8.65474 14.6338 0.290086 1344
7 1 38 32.4119 11.7186 18.661 0.446078 1834
7 1 39 33.1997 11.5322 20 0.381397 1610
7 1 40 23.954 34.2625 19.9999 0.261114 364
7 1 41 28.5948 0.854694 2.44835 0.470008 1848
7 1 42 28.3118 3.64923 8.37051 0.433295 1330
7 1 43 31.6013 4.22396 11.2619 0.243293 1176
7 1 44 28.1691 14.5615 20 0.429226 1666
7 1 45 29.8732 3.05592 7.46652 0.360919 1456
7 1 46 27.0954 -3 0 0 196
7 1 47 27.879 1.52164 4.74339 0.329348 1932
7 1 48 28.3939 2.17104 5.3459 0.421263 1456
7 1 49 30.7307 15.0979 19.9999 0.345526 1022
7 1 50 34.1733 7.89502 15.9634 0.494413 1778
7 1 51 25.9433 16.7118 13.6596 0.485941 1540
7 1 52 28.995 21.6874 20 0.420249 1064
7 1 53 26.6652 1.10842 3.89617 0.315225 1610
7 1 54 29.7684 2.65066 6.74892 0.25181 1260
7 1 55 26.7116 2.03256 4.23994 0.488439 1400
7 1 56 28.9162 4.7078 9.06315 0.318992 1344
7 1 57 26.0888 1.13252 2.61547 0.423841 1358
7 1 58 29 -2 0 0 1498
7 1 59 27.0954 -3 0 0 308
7 1 60 31.8164 8.64786 15.7224 0.488778 1652
7 1 61 29.2079 4.19128 9.7667 0.295985 1134
7 1 62 22.3666 3.41992 6.18791 0.412916 700
7 1 63 27.9751 10.2165 18.8772 0.370749 1204
7 2 0 30.6328 14.2302 20 0.558001 3318
7 2 1 32.8333 4.92472 11.7342 0.476546 2492
7 2 2 27.2206 1.62919 4.91066 0.365474 2254
7 2 3 25.264 18.8706 20 0.43046 1554
7 2 4 25.677 -3 0 0 140
7 2 5 25.5311 1.89486 5.18201 0.424017 1806
7 2 6 25.3589 1.0396 3.52491 0.312815 2100
7 2 7 26.7463 0.828403 2.75007 0.405845 1680
7 2 8 25.9597 1.09896 3.3984 0.415804 2562
7 2 9 24.3576 1.53587 4.59388 0.389744 1848
7 2 10 26.8127 1.48672 4.18991 0.322274 1848
7 2 11 27.2476 15.3787 20 0.133788 518
7 2 12 25.8812 1.5665 3.42326 0.29319 896
7 2 13 28 -2 0 0 1428
7 2 14 26.3116 0.951171 2.60814 0.300297 2786
7 2 15 29.6054 2.97009 7.88555 0.332777 1526
7 2 16 26.0024 1.24616 3.51029 0.325107 1750
7 2 17 30.5207 3.5833 8.18928 0.401062 2786
7 2 18 25.677 -3 0 0 196
7 2 19 37.2443 12.3319 20 0.369076 1484
7 2 20 19 -2 0 0 252
7 2 21 23.7505 22.7998 20 0.489471 2352
7 2 22 30.3063 2.76567 7.94274 0.358628 1568
7 2 23 33.3185 16.0366 20 0.34381 910
7 2 24 28.8234 4.41785 13.9236 0.381432 2674
7 2 25 36.5504 8.59912 20 0.410801 2002
7 2 26 32.886 4.6569 13.4456 0.431845 2884
7 2 27 29 -2 0 0 420
7 2 28 32.5603 4.33349 11.2718 0.408673 2002
7 2 29 27.1986 2.12194 6.4415 0.321669 1694
7 2 30 28.2616 11.1004 17.9941 0.376244 1078
7 2 31 28.6892 3.17532 7.22772 0.400115 2254
7 2 32 29.2389 1.50194 3.57802 0.422913 2016
7 2 33 21.177 23.6142 20 0.353717 1904
7 2 34 25.0451 1.15816 4.24212 0.298705 3262
7 2 35 32.7812 7.35958 16.134 0.402077 1848
7 2 36 29.5698 32.7904 9.45671 0.287092 448
7 2 37 20 -2 0 0 574
7 2 38 28.5657 1.67011 4.7957 0.30614 1708
7 2 39 36 -2 0 0 2646
7 2 40 22.481 27.9754 20 0.252732 980
7 2 41 27.9918 1.29463 3.57284 0.273488 1834
7 2 42 27.1814 7.18722 10.8461 0.197182 532
7 2 43 28.9814 12.743 20 0.526497 2982
7 2 44 27.7085 2.61287 7.62685 0.445817 1960
7 2 45 27.5984 0.985479 2.93871 0.429543 1666
7 2 46 34 -2 0 0 3444
7 2 47 26.8515 2.78613 6.97623 0.428621 1974
7 2 48 27.006 1.58919 4.34786 0.395885 1960
7 2 49 26.2473 1.01162 3.29696 0.437817 2212
7 2 50 29.0864 11.6883 19.998 0.432687 1932
7 2 51 24.7738 0.950534 2.77653 0.414364 3892
7 2 52 28.7461 9.73429 20 0.50537 3318
7 2 53 29.5899 11.9784 20 0.444847 2044
7 2 54 24.8629 1.00808 3.31312 0.41392 2590
7 2 55 23.2892 0.906299 3.48042 0.471853 3976
7 2 56 25.19 0.807554 2.85226 0.434117 3192
7 2 57 23.5277 12.3407 15.7063 0.677558 3514
7 2 58 25.2018 0.769636 2.75798 0.419953 2898
7 2 59 25.3113 1.0433 3.81742 0.424949 3962
7 2 60 23.9299 1.18285 3.57593 0.437083 2240
7 2 61 25 -2 0 0 4382
7 2 62 23.2856 13.43 20 0.494231 4382
7 2 63 25.6279 1.53114 4.95877 0.380584 2870
7 3 0 29.6828 0.927157 2.64124 0.358645 4984
7 3 1 28.7773 0.97453 1.77498 0.516433 5418
7 3 2 28.5521 0.919844 2.45542 0.420085 5292
7 3 3 29.2988 0.806692 3.48695 0.622303 5992
7 3 4 26.7305 0.945198 3.58721 0.587052 3766
7 3 5 26.8696 0.794528 2.95969 0.586786 5488
7 3 6 28.4368 1.1566 2.68313 0.305992 6314
7 3 7 27.3507 0.772542 2.54047 0.436659 8400
7 3 8 28.978 0.585415 2.45398 0.51737 4690
7 3 9 28.0505 0.863749 2.64471 0.562719 7126
7 3 10 28.3567 0.696298 3.14313 0.378861 8134
7 3 11 27.9499 0.780437 2.03251 0.529301 4788
7 3 12 27.9114 0.836952 3.57912 0.553014 5740
7 3 13 28.0921 0.908152 2.3126 0.474709 5908
7 3 14 28.1453 0.707434 2.02925 0.503671 4046
7 3 15 33.0553 6.34122 15.2621 0.833859 5026
7 3 16 27.68 1.08756 2.2045 0.742879 10248
7 3 17 27.7657 0.663688 2.82099 0.609903 4074
7 3 18 26.5445 1.39497 5.58905 0.241379 2128
7 3 19 28.2309 0.720612 3.39421 0.466042 7294
7 3 20 24.3284 2.78641 7.15782 0.256438 938
7 3 21 28.823 0.642953 2.61317 0.571785 6664
7 3 22 28.1638 0.719495 2.28964 0.497547 7014
7 3 23 29.176 15.8585 20 0.264168 686
7 3 24 28.5436 0.74852 2.33643 0.517293 4634
7 3 25 29.057 0.699157 3.43235 0.372117 6972
7 3 26 28.6087 0.90306 4.01787 0.510104 4172
7 3 27 27.5934 1.15135 4.77668 0.368095 2926
7 3 28 26.9886 0.775103 3.78308 0.44067 5614
7 3 29 26.3779 1.17764 4.42476 0.555349 2534
7 3 30 22 -2 0 0 1428
7 3 31 28.5969 0.678421 1.99828 0.440752 6146
7 3 32 28.0167 0.822427 2.81121 0.443384 4816
7 3 33 25.7823 1.33902 4.74979 0.358025 2520
7 3 34 28.5431 1.37709 3.45325 0.263509 4060
7 3 35 27.5231 0.793918 3.3077 0.418907 6328
7 3 36 23.3854 18.0952 12.2726 0.559386 784
7 3 37 29.661 0.784445 2.82706 0.392339 4410
7 3 38 30.1785 0.914844 4.10121 0.434464 5586
7 3 39 27.1889 1.08842 4.34172 0.504184 3794
7 3 40 31.6596 9.9604 19.4554 0.325719 1232
7 3 41 29.1813 0.843996 2.39913 0.424884 5138
7 3 42 28.1071 0.695997 2.87379 0.431696 4424
7 3 43 28.755 0.730555 2.90357 0.45581 4018
7 3 44 28.3561 0.733631 3.65828 0.399163 4718
7 3 45 28.2647 1.07259 4.58997 0.4825 3332
7 3 46 28.5958 0.843204 3.57408 0.367825 3038
7 3 47 28.1828 0.938756 3.64883 0.61055 5222
7 3 48 21.195 161.914 20 0.358399 1316
7 3 49 30.5629 3.86941 7.05588 0.45177 3290
7 3 50 28.0786 0.851145 3.68006 0.374961 4018
7 3 51 29.4924 1.11812 4.35441 0.358381 3332
7 3 52 28.9887 0.804987 3.47219 0.469681 3388
7 3 53 22 -2 0 0 868
7 3 54 29.775 1.40057 4.31161 0.644975 3794
7 3 55 28.6195 1.03609 4.38145 0.495588 3108
7 3 56 27.3827 0.743286 2.29777 0.394682 4088
7 3 57 27.8898 0.890005 3.52014 0.412652 4018
7 3 58 27.7207 0.728923 2.92823 0.378011 3542
7 3 59 35 -2 0 0 2814
7 3 60 26.4834 0.998894 4.49914 0.554573 3934
7 3 61 29.3259 1.58025 6.40968 0.348722 3332
7 3 62 28.4606 1.04033 2.60506 0.410079 3304
7 3 63 27.4147 0.842242 2.67183 0.479988 2968
7 4 0 27.6891 0.942612 4.14974 0.427145 5264
7 4 1 28.5041 0.678338 2.52209 0.587358 4354
7 4 2 21.1692 22.0607 20 0.33025 1372
7 4 3 26.7477 13.5823 17.3226 0.475157 2436
7 4 4 17.5468 115.088 20 0.204961 742
7 4 5 22 -2 0 0 728
7 4 6 29.7694 2.80167 9.04198 0.417114 3458
7 4 7 27.6728 1.0459 3.26343 0.342634 1918
7 4 8 28.9641 1.13379 3.96857 0.341004 3486
7 4 9 29.7695 14.8985 20 0.482823 2128
7 4 10 23.4355 19.9253 20 0.453147 1946
7 4 11 21 -2 0 0 742
7 4 12 27 -2 0 0 2590
7 4 13 29.2166 2.08243 5.92293 0.429049 2002
7 4 14 29.0699 0.875638 3.49625 0.411079 4704
7 4 15 25.9444 1.95916 5.30414 0.440592 1554
7 4 16 27.4797 0.790158 2.33981 0.456778 2548
7 4 17 24.4478 19.392 20 0.443415 1050
7 4 18 25.6665 19.5074 20 0.298758 672
7 4 19 28.8738 1.55312 4.90989 0.312046 1918
7 4 20 29.6143 174.325 20 0.0775405 378
7 4 21 29.3436 1.66804 5.1552 0.348014 2702
7 4 22 28.3907 0.965182 3.3619 0.359602 2128
7 4 23 27 -2 0 0 728
7 4 24 27.97 0.917797 3.74027 0.41542 4088
7 4 25 28.8247 1.61071 5.91636 0.32961 2324
7 4 26 22 -2 0 0 1554
7 4 27 28 -2 0 0 1568
7 4 28 29.2443 1.51657 3.80951 0.447875 1778
7 4 29 22 -2 0 0 1120
7 4 30 16 -2 0 0 266
7 4 31 28.3844 0.935769 2.61301 0.330475 2310
7 4 32 29.4984 1.5818 5.15459 0.369337 1960
7 4 33 27.216 26.8639 20 0.356845 938
7 4 34 24.4974 4.02424 5.16125 0.355408 5012
7 4 35 28.798 1.14225 3.24419 0.319354 1680
7 4 36 27.6592 0.840196 2.8248 0.461828 2730
7 4 37 30.157 3.77093 10.3682 0.409741 2898
7 4 38 30.9437 3.20324 8.86841 0.347332 2016
7 4 39 28.1425 11.7309 19.9999 0.400681 1792
7 4 40 32 -2 0 0 1750
7 4 41 30 -2 0 0 1694
7 4 42 27.3487 0.81687 2.82212 0.397259 3290
7 4 43 28.6357 0.871454 3.84601 0.47689 4200
7 4 44 26.7381 2.19201 6.83826 0.33466 1820
7 4 45 28.6043 0.919928 2.78763 0.49774 2310
7 4 46 26.3456 0.879021 2.94984 0.421523 4732
7 4 47 27.5754 1.34039 4.49058 0.306318 2044
7 4 48 26 -2 0 0 518
7 4 49 26.7643 1.05548 3.99509 0.433845 3514
7 4 50 27.2036 1.63765 4.57998 0.448029 2394
7 4 51 26.7168 0.866382 3.48745 0.47026 4452
7 4 52 26.4648 0.63539 2.38465 0.378053 3472
7 4 53 30.0086 2.15127 6.29342 0.488355 1974
7 4 54 31.2701 13.2252 20 0.498715 3038
7 4 55 29 -2 0 0 3486
7 4 56 26.1772 1.37144 5.14993 0.400094 2968
7 4 57 25.9793 1.02193 2.20063 0.354402 3388
7 4 58 25.7024 0.78794 2.81754 0.328169 2772
7 4 59 26.4276 0.671392 2.20711 0.574008 4774
7 4 60 32 -2 0 0 2576
7 4 61 25.8855 0.946132 3.83336 0.337472 4914
7 4 62 26.776 0.861402 2.43171 0.376842 4634
7 4 63 26.9372 0.866558 2.99728 0.374299 3304
7 5 0 26.0986 0.608897 2.61892 0.479023 4830
7 5 1 26.0183 0.685201 2.15464 0.544329 4718
7 5 2 24.7414 0.776914 2.77297 0.519534 5978
7 5 3 25.131 0.793553 2.70441 0.342943 7616
7 5 4 22.4281 1.69978 5.38032 0.502057 1708
7 5 5 26.1628 0.683115 3.15625 0.490189 6370
7 5 6 25.8158 0.66968 3.88428 0.306765 6734
7 5 7 25.4777 0.707337 3.29765 0.3961 9324
7 5 8 26.2736 0.618366 1.89858 0.518797 6104
7 5 9 25.7377 0.639863 3.23901 0.437964 7476
7 5 10 24.672 0.655398 3.79791 0.530374 8862
7 5 11 26.3719 0.617716 2.82557 0.541486 5446
7 5 12 26.386 0.936084 2.39876 0.445678 6776
7 5 13 26.0839 0.662925 1.84301 0.693071 7924
7 5 14 25.8057 0.678435 2.50578 0.391061 4620
7 5 15 21.2742 0.793898 3.91226 0.342633 3878
7 5 16 26.1424 0.758052 2.64839 0.394833 10934
7 5 17 27.2898 0.544494 2.23214 0.439242 4536
7 5 18 26.1378 0.585728 2.34353 0.518915 6916
7 5 19 25.8565 0.539232 2.65701 0.441429 9576
7 5 20 22.0546 22.5453 20 0.421635 1008
7 5 21 26.8396 0.542508 2.73089 0.426845 7714
7 5 22 25.2515 0.623732 2.48205 0.407112 8106
7 5 23 25.7048 0.963319 4.07766 0.424143 2450
7 5 24 33 -2 0 0 5012
7 5 25 25.8889 0.581506 2.93896 0.455454 9772
7 5 26 26.6169 0.744742 2.42659 0.497851 5110
7 5 27 20.3452 1.00198 4.01083 0.458543 2562
7 5 28 32 -2 0 0 8008
7 5 29 25.6274 0.63643 2.27462 0.412553 5208
7 5 30 21 -2 0 0 1582
7 5 31 26.0941 0.647314 2.38625 0.480322 9212
7 5 32 27.4752 0.698712 2.28502 0.349608 7938
7 5 33 22.7085 0.852603 3.22955 0.376222 5432
7 5 34 28.6945 0.86061 4.44741 0.508275 4760
7 5 35 25.3928 0.722686 2.24203 0.560795 9072
7 5 36 22.1732 2.21478 5.57943 0.325816 1120
7 5 37 26.8079 0.701842 3.2382 0.386159 5740
7 5 38 26.0912 0.563822 2.51263 0.564659 9282
7 5 39 26.2756 0.528293 2.63963 0.529832 7070
7 5 40 22 -2 0 0 1134
7 5 41 25.6927 0.556748 2.54698 0.361226 7952
7 5 42 20.0958 0.994774 3.91631 0.294303 1862
7 5 43 25.3772 0.880401 2.683 0.436397 5026
7 5 44 25.8718 0.703388 2.09846 0.426642 7938
7 5 45 26.0003 0.659561 2.5632 0.491906 7336
7 5 46 25.7912 0.831289 2.0013 0.447398 4788
7 5 47 26.7657 0.567826 2.9677 0.537451 10192
7 5 48 21.1077 1.10663 5.31398 0.376878 3122
7 5 49 25.9631 0.992391 1.28983 0.53537 4858
7 5 50 25.8114 0.615123 2.55256 0.446591 7322
7 5 51 26.6148 0.551131 1.99251 0.513942 5754
7 5 52 26.3582 0.737854 2.27815 0.381913 4984
7 5 53 26.4792 0.703785 2.50582 0.396277 8722
7 5 54 25.3249 0.743731 1.90473 0.651067 6510
7 5 55 27.69 0.779883 3.7498 0.465565 4928
7 5 56 26.2244 0.665572 2.86046 0.384864 6776
7 5 57 24.6632 0.758447 2.59178 0.393502 6188
7 5 58 24.4562 0.791402 2.37332 0.640843 6132
7 5 59 20.8113 1.18435 3.42006 0.569329 2072
7 5 60 25.0101 0.83081 2.66558 0.672309 6916
7 5 61 19.3171 7.34334 4.81985 0.430905 3710
7 5 62 26.1558 0.823436 3.46325 0.471071 4774
7 5 63 26.4024 0.666654 2.73792 0.523564 5810
7 6 0 27.988 0.867547 2.69646 0.41482 3626
7 6 1 26.0291 1.15536 3.47599 0.34683 2814
7 6 2 28.1706 3.37527 5.40512 0.348661 2282
7 6 3 27 -2 0 0 1386
7 6 4 26.6463 -3 0 0 196
7 6 5 31.2827 5.61462 9.0957 0.372196 1246
7 6 6 27.4987 22.372 20 0.241669 714
7 6 7 28 -2 0 0 1512
7 6 8 33.1039 13.2884 20 0.397836 2170
7 6 9 27.1645 22.8105 20 0.359801 1918
7 6 10 27.4499 2.70225 7.31433 0.30108 1764
7 6 11 21 -2 0 0 308
7 6 12 18 -2 0 0 350
7 6 13 29 -2 0 0 1638
7 6 14 27 -2 0 0 3318
7 6 15 25.6916 23.1137 20 0.28484 1232
7 6 16 28.4576 15.5561 20 0.327833 1694
7 6 17 27.3407 13.8251 7.20698 0.335424 2352
7 6 18 32.2683 19.0533 20 0.331791 574
7 6 19 31.5103 13.5889 20 0.334529 1358
7 6 20 32.7336 24.3032 20 0.300488 490
7 6 21 32.4337 9.62615 18.6004 0.446108 1946
7 6 22 29.245 2.17754 6.27464 0.292186 1428
7 6 23 21 -2 0 0 462
7 6 24 24.6799 1.72622 5.3483 0.240603 2576
7 6 25 34.4462 7.26855 15.54 0.280409 1036
7 6 26 26.5196 0.936808 3.0242 0.423321 2716
7 6 27 30.1826 7.49039 11.6227 0.194094 714
7 6 28 32.8913 6.25582 11.2355 0.402712 1274
7 6 29 24.2134 26.4648 20 0.229727 490
7 6 30 23 -2 0 0 224
7 6 31 28.7198 6.93693 9.72534 0.38249 770
7 6 32 29 -2 0 0 1274
7 6 33 28.7177 2.1221 5.70016 0.301398 1232
7 6 34 30.6955 6.74319 15.1661 0.413881 2380
7 6 35 33.6097 16.5226 20 0.256525 700
7 6 36 26.6463 -3 0 0 154
7 6 37 28.2439 4.42686 9.08506 0.312718 1064
7 6 38 29.2127 21.7553 20 0.252588 532
7 6 39 32.5627 14.188 20 0.294295 840
7 6 40 20 -2 0 0 448
7 6 41 30.45 18.9154 20 0.281212 826
7 6 42 30.2172 6.72005 8.99125 0.418527 994
7 6 43 24.4099 1.09237 3.29944 0.411391 2506
7 6 44 30.9713 19.6531 20 0.229577 560
7 6 45 31.2047 8.85362 14.7766 0.308859 1022
7 6 46 28.9926 2.04843 5.71253 0.372789 2226
7 6 47 28 -2 0 0 700
7 6 48 30.3144 7.30105 12.1395 0.269459 728
7 6 49 28 -2 0 0 1022
7 6 50 30.2709 22.4585 20 0.273976 616
7 6 51 31.2058 3.50539 8.42797 0.338074 1064
7 6 52 27.7064 3.51499 7.02993 0.328346 1302
7 6 53 29.4342 20.168 20 0.2299 630
7 6 54 31.3868 21.6669 20 0.300117 462
7 6 55 29.0486 14.801 17.3606 0.286696 924
7 6 56 29.6762 12.3276 18.4923 0.22473 728
7 6 57 30.0142 6.51495 12.4523 0.32152 910
7 6 58 31.615 11.4246 16.8292 0.284214 728
7 6 59 25 -2 0 0 1484
7 6 60 33.9684 14.7395 20 0.240529 602
7 6 61 28.9568 5.44424 12.4803 0.398306 1106
7 6 62 26 -2 0 0 1162
7 6 63 31 -2 0 0 798
7 7 0 31.303 3.98308 11.3163 0.572407 2002
7 7 1 28.6913 1.61698 5.66877 0.439185 1918
7 7 2 31.6623 4.06399 13.2984 0.52568 2086
7 7 3 27.4745 0.827234 3.52127 0.396997 2576
7 7 4 26.8882 1.63251 4.50684 0.647629 2212
7 7 5 29.2444 1.59052 5.38063 0.536462 2198
7 7 6 28.5486 1.02912 3.80784 0.546936 2142
7 7 7 29.1965 0.890588 3.73411 0.401696 3444
7 7 8 26.8204 1.6818 5.67509 0.489844 1890
7 7 9 25.8608 0.991646 3.18837 0.52022 2394
7 7 10 28.6954 1.11525 4.54292 0.376915 2772
7 7 11 29.115 1.02536 3.53089 0.593631 1904
7 7 12 29.0038 1.25765 4.52345 0.459672 2198
7 7 13 25.9653 1.12975 2.9712 0.394252 3220
7 7 14 32.4291 5.84243 14.8569 0.524982 1582
7 7 15 29.78 1.05559 4.80626 0.397556 2954
7 7 16 26.9684 0.97216 4.46953 0.578099 3920
7 7 17 28.6787 2.69942 7.03022 0.640703 1848
7 7 18 27.0651 0.884807 3.64854 0.356597 2702
7 7 19 27.0811 1.40369 5.56696 0.595272 3276
7 7 20 20 -2 0 0 644
7 7 21 29.8512 2.49689 8.83866 0.478433 2408
7 7 22 26.5303 1.0698 4.0388 0.665936 2912
7 7 23 32.3272 7.848 12.2969 0.276624 644
7 7 24 26.8446 1.01748 4.37729 0.425592 2128
7 7 25 27.8807 0.813266 3.6849 0.377427 3976
7 7 26 28.33 2.09525 6.77677 0.445238 2128
7 7 27 24.636 1.01011 4.32546 0.291088 3178
7 7 28 28.9607 0.847686 3.81302 0.474895 4074
7 7 29 26.9919 0.92733 3.61948 0.489459 2184
7 7 30 25.1322 3.87613 7.82264 0.369763 868
7 7 31 28.0252 0.657919 2.02838 0.579855 5642
7 7 32 27.565 0.652553 2.6153 0.488277 3962
7 7 33 27.66 1.0386 3.45312 0.466812 3654
7 7 34 27.8361 0.753354 2.80946 0.590551 2618
7 7 35 27.5831 0.733857 3.61947 0.503126 6034
7 7 36 24.7321 2.76162 8.37672 0.357897 1428
7 7 37 19.1182 17.8553 20 0.312077 952
7 7 38 33.0832 9.30406 18.5822 0.8021 6286
7 7 39 27.3322 0.780768 3.07289 0.381776 5488
7 7 40 24 -2 0 0 546
7 7 41 28.1276 0.863477 3.97289 0.33309 4830
7 7 42 22.9494 1.86934 5.3111 0.355258 1330
7 7 43 27.3436 3.24454 9.76684 0.580848 2688
7 7 44 28.4424 0.730935 2.68392 0.472738 6062
7 7 45 27.5096 0.788267 2.85893 0.439269 3836
7 7 46 28.2084 1.63302 5.21919 0.57384 2492
7 7 47 27.2087 0.844822 3.94897 0.419825 7056
7 7 48 21.9006 1.26641 4.36161 0.343299 2268
7 7 49 27.3928 0.642585 2.43313 0.468953 3598
7 7 50 27.4935 0.793005 2.02245 0.408311 5166
7 7 51 29.3588 0.803349 3.59156 0.478462 3948
7 7 52 27.8991 0.8476 2.87294 0.496357 2982
7 7 53 26.8532 1.02311 3.49678 0.336139 6104
7 7 54 28.3167 0.84643 2.06735 0.653265 4914
7 7 55 27.5725 0.962365 2.65355 0.560777 3850
7 7 56 26.2562 0.796243 3.37031 0.373247 5012
7 7 57 27.4829 0.643809 2.28207 0.554617 4480
7 7 58 27.4627 1.09211 1.9137 0.483899 4536
7 7 59 27.1609 1.11504 4.66135 0.400614 2940
7 7 60 26.9242 0.763396 2.46399 0.456666 5656
7 7 61 26.3804 0.860472 2.83219 0.435362 3528
7 7 62 26.7317 1.28628 4.90403 0.501794 3458
7 7 63 25.5368 0.931409 2.7777 0.473022 3654
7 8 0 28 -2 0 0 1974
7 8 1 29.3368 0.756064 2.70194 0.399503 2506
7 8 2 28.0033 0.952618 2.34994 0.464675 2114
7 8 3 35.0594 5.41605 12.9523 0.324533 1400
7 8 4 23.0192 22.9722 20 0.269758 742
7 8 5 28.6002 1.61388 5.35836 0.33956 1932
7 8 6 30.8977 3.12803 8.80195 0.423261 2128
7 8 7 27.8256 0.875617 2.84945 0.401375 2184
7 8 8 26.9644 1.18495 4.52733 0.370223 2394
7 8 9 29 -2 0 0 1582
7 8 10 27.008 -3 0 0 112
7 8 11 25.7904 4.6618 10.3924 0.261599 1050
7 8 12 28.557 0.836044 2.89656 0.532666 2156
7 8 13 30.9736 13.3596 17.7684 0.472255 2240
7 8 14 29.0392 2.48473 6.54285 0.500882 2240
7 8 15 25.688 1.62717 5.60614 0.341249 1890
7 8 16 33.6874 5.70878 13.3813 0.496929 2016
7 8 17 34.6393 5.17163 13.2998 0.45589 2268
7 8 18 28.6392 4.2835 11.9815 0.442526 2072
7 8 19 30.5274 11.3788 20 0.563568 2506
7 8 20 27.008 -3 0 0 168
7 8 21 28.9429 1.96887 6.17765 0.363914 1694
7 8 22 29.5141 1.57583 4.54919 0.379655 1414
7 8 23 32 -2 0 0 434
7 8 24 28.0776 1.6742 4.91179 0.370462 1820
7 8 25 34.1791 5.66255 14.7691 0.449972 2968
7 8 26 24.5078 21.3712 14.9175 0.450537 1694
7 8 27 25.863 0.822693 2.78499 0.344044 2100
7 8 28 27 -2 0 0 2954
7 8 29 23 -2 0 0 504
7 8 30 28.2819 9.20198 10.5117 0.181184 518
7 8 31 26.5307 1.2501 4.00315 0.307061 3150
7 8 32 28.5209 0.734746 2.63461 0.486669 3094
7 8 33 27.903 5.6436 12.0432 0.265235 728
7 8 34 25 -2 0 0 1820
7 8 35 32.0986 4.1114 12.1083 0.552435 3710
7 8 36 29.3271 22.2697 20 0.0577041 280
7 8 37 21 -2 0 0 420
7 8 38 28.9385 0.889585 2.62077 0.349322 3766
7 8 39 28.3339 0.868952 3.20017 0.500057 5138
7 8 40 19 -2 0 0 364
7 8 41 31.4731 4.32504 10.6136 0.53033 3682
7 8 42 25.2837 13.229 13.9708 0.306147 420
7 8 43 27.2882 0.811902 3.49114 0.330618 3402
7 8 44 26.6059 0.764705 2.84343 0.516478 3990
7 8 45 26.6924 10.8769 13.7683 0.265154 560
7 8 46 28.0699 1.33159 4.87861 0.500432 3486
7 8 47 26.3469 0.870963 3.5246 0.391576 5012
7 8 48 27.2763 13.7023 8.36238 0.203404 532
7 8 49 26.2549 0.850898 3.36269 0.391201 3724
7 8 50 26.3032 0.904678 3.31064 0.307734 2856
7 8 51 28.365 9.4008 14.2257 0.614071 5194
7 8 52 26.3397 10.797 12.2949 0.239168 490
7 8 53 26.0754 0.757453 1.9777 0.515859 4984
7 8 54 26.3778 21.2135 20 0.245325 770
7 8 55 27.7185 0.788149 3.04608 0.375755 4396
7 8 56 33.6995 5.6714 20 0.636222 4998
7 8 57 27.1959 1.24737 1.97992 0.492788 5194
7 8 58 27.2636 7.99968 13.8005 0.374621 742
7 8 59 23.935 1.92343 6.29413 0.357996 2170
7 8 60 25.7515 0.74825 2.98703 0.395052 3780
7 8 61 26.1583 0.833059 2.87085 0.323271 5208
7 8 62 26.2649 1.00696 4.4852 0.492707 4718
7 8 63 20 -2 0 0 700
7 9 0 35 -2 0 0 5138
7 9 1 35.1983 6.5684 16.8883 0.52479 3836
7 9 2 27.2708 0.889993 3.15806 0.403912 4368
7 9 3 24.5442 7.39128 9.30746 0.380769 1134
7 9 4 21.3524 28.98 20 0.261476 532
7 9 5 25.0933 10.9234 12.4012 0.403908 3150
7 9 6 30.476 3.53338 9.96287 0.475918 3360
7 9 7 27.4109 0.971537 3.70255 0.383884 2604
7 9 8 29.1953 10.6653 15.9631 0.567393 3094
7 9 9 26.8508 1.2528 4.80816 0.359929 3206
7 9 10 26.8374 0.958094 2.35771 0.525506 2996
7 9 11 29.7837 11.209 14.6191 0.488948 2478
7 9 12 32.6371 5.60338 15.4474 0.477282 2744
7 9 13 28.4456 1.44663 4.37713 0.407531 2114
7 9 14 27.4129 1.07498 4.62712 0.374392 3892
7 9 15 29.2107 3.32993 8.54102 0.343877 1218
7 9 16 28.2148 2.39566 7.43993 0.381462 2632
7 9 17 28.3283 1.77617 4.8702 0.485862 3486
7 9 18 30.8882 3.86142 11.0993 0.497831 2296
7 9 19 37.3443 9.88415 20 0.437697 2296
7 9 20 34.6466 22.5959 20 0.171125 294
7 9 21 26.3665 0.925814 3.32025 0.403179 2408
7 9 22 27.9977 0.769963 3.14325 0.399244 3094
7 9 23 33 -2 0 0 2338
7 9 24 28.6582 1.04046 4.54733 0.301026 3514
7 9 25 31 -2 0 0 1918
7 9 26 28.375 1.1727 2.02569 0.364886 3640
7 9 27 20 -2 0 0 672
7 9 28 29.0699 6.06561 14.6455 0.481092 1988
7 9 29 28.3167 1.86948 6.00053 0.420927 2674
7 9 30 25.0991 28.5624 20 0.194527 350
7 9 31 31.7736 4.90719 9.77464 0.502223 1848
7 9 32 32.9886 7.12038 14.7537 0.313749 1050
7 9 33 26.9111 21.0678 20 0.267093 630
7 9 34 28.0222 4.87187 10.7568 0.41571 1050
7 9 35 28.9568 1.50066 4.45154 0.388876 1736
7 9 36 17.8536 129.588 20 0.134883 434
7 9 37 26 -2 0 0 308
7 9 38 32.7887 18.8919 20 0.383179 1050
7 9 39 26.8991 2.94873 8.42565 0.329326 1736
7 9 40 21 -2 0 0 294
7 9 41 34.3411 4.70005 11.4328 0.549413 1638
7 9 42 27.6084 2.98038 8.3021 0.276776 1848
7 9 43 23.9301 22.7299 20 0.338766 588
7 9 44 31 -2 0 0 1484
7 9 45 31.6348 4.90616 11.1767 0.402194 1358
7 9 46 28.9674 8.27258 8.28068 0.451682 1960
7 9 47 32 -2 0 0 1288
7 9 48 26 -2 0 0 518
7 9 49 28.0973 1.40147 3.55793 0.42861 1526
7 9 50 30.3375 3.61413 9.86962 0.369762 1596
7 9 51 32.5635 9.93961 17.3597 0.471821 2002
7 9 52 29 -2 0 0 2212
7 9 53 26.7899 13.0094 16.5465 0.415963 1498
7 9 54 26.9824 1.14274 3.32934 0.346347 1834
7 9 55 26.4827 1.20437 3.5574 0.360508 1610
7 9 56 27.9893 1.64704 4.27026 0.353233 1806
7 9 57 27.2229 2.25296 5.86876 0.380352 1904
7 9 58 27.9251 2.93175 6.14657 0.395483 1456
7 9 59 26.8224 1.1207 3.63575 0.342866 1862
7 9 60 25.0427 2.75723 7.50657 0.340492 1456
7 9 61 33.9722 6.61153 15.2077 0.393421 1484
7 9 62 32.6983 10.1424 20 0.523988 1974
7 9 63 29.3061 6.78394 15.6049 0.420916 1624
7 10 0 26.0115 0.638017 2.70223 0.446189 6090
7 10 1 25.3713 0.938351 2.84457 0.447054 5810
7 10 2 26.1912 0.532528 2.45193 0.474753 5614
7 10 3 24.7464 0.607453 3.10677 0.455456 5964
7 10 4 25.9437 0.595469 2.30608 0.37619 7084
7 10 5 26.2936 0.597282 2.78909 0.348141 6104
7 10 6 25.5043 0.55861 2.9913 0.469795 6006
7 10 7 25.8407 0.640034 2.5033 0.562352 6398
7 10 8 26.1175 0.750602 2.62651 0.476854 6020
7 10 9 25.5007 0.601992 2.80911 0.381783 5558
7 10 10 24.8729 0.570763 2.4437 0.504131 5474
7 10 11 25.9748 0.585272 1.92134 0.426995 6496
7 10 12 26.1079 0.64598 2.42219 0.56851 6118
7 10 13 24.1656 1.71409 4.63403 0.395265 1190
7 10 14 25.6397 0.657046 2.23618 0.7129 5516
7 10 15 25.4664 0.574058 2.36087 0.552359 5292
7 10 16 25.0195 0.88273 2.14484 0.851118 5936
7 10 17 26.8072 0.705905 2.99423 0.526297 7056
7 10 18 25.8223 0.561583 1.59053 0.606958 7238
7 10 19 24.7321 0.695418 2.41062 0.584387 6258
7 10 20 22 -2 0 0 728
7 10 21 26.1289 0.78569 3.76435 0.438076 5810
7 10 22 25.5282 0.678758 2.82234 0.367327 6272
7 10 23 28.1707 6.3415 11.7721 0.49908 966
7 10 24 24.7115 0.707344 2.2649 0.823333 6020
7 10 25 24.5634 0.904714 3.16193 0.588999 7504
7 10 26 26.9603 0.610556 2.45783 0.499538 7112
7 10 27 26.383 1.72483 4.71773 0.29784 1050
7 10 28 24.2891 2.19935 5.82038 0.339279 1442
7 10 29 21.0933 21.8091 14.8235 0.633426 2604
7 10 30 26.8613 2.866 6.45614 0.396709 784
7 10 31 26.815 0.608839 2.0834 0.717418 7798
7 10 32 26.0195 1.69291 5.03498 0.40811 1484
7 10 33 24.1703 15.601 15.1541 0.434255 1078
7 10 34 26.2989 1.44642 5.43581 0.481643 3304
7 10 35 26.569 0.602474 2.35919 0.386866 7546
7 10 36 24.4761 2.40125 5.47488 0.214813 658
7 10 37 23.4596 1.68832 3.30523 0.589358 1050
7 10 38 26.1961 0.701397 1.69461 0.619583 8932
7 10 39 26.4168 0.855126 3.12844 0.380021 10304
7 10 40 23.6756 2.38551 3.74975 0.422706 672
7 10 41 26.2801 0.863796 3.48252 0.338934 6230
7 10 42 27 -2 0 0 1988
7 10 43 26.3055 0.565694 2.69353 0.432251 7560
7 10 44 25.3373 0.661995 1.84795 0.593555 8470
7 10 45 0 -10 0 0 0
7 10 46 25.5549 0.797304 2.2128 0.475487 8092
7 10 47 25.8774 0.674077 2.06749 0.47806 10696
7 10 48 27.7323 3.73935 9.62508 0.353702 1162
7 10 49 26.607 0.666755 2.33335 0.492532 8540
7 10 50 25.3219 0.687487 2.24108 0.386565 9380
7 10 51 26.0601 0.643282 2.68066 0.4797 11186
7 10 52 32 -2 0 0 8022
7 10 53 25.1391 0.580393 1.99852 0.624899 9464
7 10 54 25.6014 0.667565 2.63413 0.361627 9226
7 10 55 25.7892 0.451525 2.06023 0.587302 8260
7 10 56 25.9968 0.656893 1.65546 0.650898 10710
7 10 57 25.4624 0.540589 2.39487 0.430164 10864
7 10 58 25.832 0.739421 2.0097 0.368299 8862
7 10 59 23.5552 0.794101 3.00806 0.415303 5992
7 10 60 25.5426 0.584676 2.66809 0.425776 10388
7 10 61 24.5307 0.559156 1.86283 0.594942 10514
7 10 62 24.8286 0.500146 2.68303 0.366941 9380
7 10 63 24.9223 0.592141 2.72653 0.316568 9436
7 11 0 27.7196 0.728933 2.72462 0.390777 10332
7 11 1 27.8407 1.29861 2.73709 0.529621 9940
7 11 2 26.7483 0.78939 2.12551 0.542461 8890
7 11 3 33 -2 0 0 5656
7 11 4 24.3595 2.47219 7.07399 0.37845 1120
7 11 5 27.4538 0.724151 2.82273 0.448472 6790
7 11 6 27.0882 0.624221 2.59644 0.406246 8008
7 11 7 27.0752 0.731661 1.85277 0.545851 4466
7 11 8 26.1675 0.568561 2.43629 0.410476 7490
7 11 9 28.0361 0.584111 2.53706 0.506044 6916
7 11 10 27.6651 0.836748 4.11894 0.430489 6216
7 11 11 24.8247 2.59226 7.08387 0.339751 1288
7 11 12 26.3749 0.713177 2.35191 0.60418 6062
7 11 13 28.4868 0.96891 4.7651 0.423952 4676
7 11 14 26.1915 0.660683 2.93229 0.509865 8092
7 11 15 22 -2 0 0 2450
7 11 16 27.4678 0.6798 3.13478 0.570896 5432
7 11 17 26.8458 0.616243 2.82357 0.67535 5712
7 11 18 20 -2 0 0 1162
7 11 19 28.0188 0.726482 3.53212 0.368318 4004
7 11 20 21.4727 1.2255 2.26084 0.323339 476
7 11 21 27.3868 0.772875 2.64948 0.435027 8064
7 11 22 27.5161 0.7437 2.60754 0.329078 4900
7 11 23 23.4198 3.96787 8.08839 0.345849 1022
7 11 24 26.9363 0.569284 2.83108 0.553812 8050
7 11 25 27.576 0.766411 2.53819 0.358755 4144
7 11 26 27.5659 0.629827 2.54093 0.428091 8330
7 11 27 27.0791 0.600141 2.78234 0.564574 5446
7 11 28 27.9008 0.649644 2.77825 0.390051 4676
7 11 29 27.5797 0.79427 2.66727 0.394141 6902
7 11 30 25.5645 0.65328 2.94981 0.51654 5642
7 11 31 28.0109 0.704567 3.14325 0.370309 3710
7 11 32 27.6166 2.11286 5.56409 0.667702 2646
7 11 33 32 -2 0 0 1204
7 11 34 26.4125 1.2411 3.69897 0.555637 7056
7 11 35 25.7046 0.690062 2.97801 0.580593 3822
7 11 36 26 -2 0 0 868
7 11 37 23.6387 1.64841 4.9546 0.648038 1946
7 11 38 27.7152 0.649991 3.29204 0.35972 3766
7 11 39 25.8264 1.73033 5.62201 0.598673 3318
7 11 40 22 -2 0 0 602
7 11 41 27.756 0.634841 2.28267 0.517272 3220
7 11 42 26.6951 0.635213 2.44485 0.507389 4956
7 11 43 26.3357 0.645062 2.91214 0.396217 6076
7 11 44 26.414 0.713298 3.21564 0.272116 3514
7 11 45 21.3437 24.5306 20 0.366245 896
7 11 46 27.0328 0.667 3.38296 0.404327 6930
7 11 47 26.9136 1.27945 5.1268 0.516421 3570
7 11 48 25.5517 0.629137 2.29975 0.623112 4424
7 11 49 25.0644 0.818613 3.35461 0.597509 5642
7 11 50 26.4547 0.929241 4.10582 0.550846 3626
7 11 51 34 -2 0 0 5642
7 11 52 25.692 0.593827 2.75394 0.502101 5866
7 11 53 25.0747 0.828472 3.39466 0.598696 3500
7 11 54 25.4064 0.759556 1.88272 0.57255 4270
7 11 55 27.4408 1.58725 4.63167 0.480872 5082
7 11 56 27.4021 0.731192 2.94234 0.412049 4508
7 11 57 27.2436 0.674472 2.64165 0.59963 5320
7 11 58 26.7439 0.876881 2.68837 0.529887 4760
7 11 59 27.5156 0.687032 3.28692 0.454483 6832
7 11 60 27.3526 1.4292 6.07374 0.436182 3682
7 11 61 24.9975 0.827226 2.10065 0.559298 5922
7 11 62 27.0676 0.627051 2.60568 0.415001 6412
7 11 63 25.6822 0.610937 2.28471 0.61471 5236
7 12 0 26.762 0.686082 2.67615 0.33779 12530
7 12 1 28 -2 0 0 2884
7 12 2 20.0866 0.549828 2.05362 0.538788 3780
7 12 3 26.1305 0.65905 1.95711 0.774643 10206
7 12 4 19.8705 0.566559 2.66828 0.392794 3906
7 12 5 26.3093 0.553897 2.68211 0.357235 10710
7 12 6 26.4244 0.558737 2.33015 0.54651 11704
7 12 7 26.1307 0.594924 2.5168 0.537475 11130
7 12 8 26.8543 0.513315 2.40477 0.533446 10388
7 12 9 26.2313 0.612578 2.31668 0.51805 11396
7 12 10 27.4256 0.526162 2.49958 0.443751 10430
7 12 11 27.3861 0.551916 2.10757 0.389187 11900
7 12 12 26.9176 0.586177 2.25812 0.426471 10444
7 12 13 27.138 0.726125 2.55764 0.421384 9982
7 12 14 26.3888 0.530057 2.60216 0.601136 10108
7 12 15 26.8098 0.529691 2.59376 0.56359 9926
7 12 16 26.0115 0.541489 2.93331 0.542779 11410
7 12 17 27.4241 0.586006 2.53755 0.556677 10948
7 12 18 25.9574 0.699328 3.19145 0.521675 7952
7 12 19 27.2759 0.499085 3.11751 0.48418 9926
7 12 20 20.7996 0.800365 3.11005 0.530834 1932
7 12 21 28.4872 0.55849 2.75113 0.318683 10822
7 12 22 26.8692 0.654872 2.97415 0.511392 10010
7 12 23 20.024 0.640768 2.70852 0.426976 3262
7 12 24 26.9445 0.557423 2.68702 0.478501 10850
7 12 25 26.8761 0.493192 2.28669 0.509132 10598
7 12 26 27.3605 0.570635 2.35363 0.420031 10136
7 12 27 18.8638 0.577347 2.81175 0.599203 4340
7 12 28 27.0095 0.630774 1.46709 0.636074 10640
7 12 29 20.0314 0.584539 2.68844 0.47631 5992
7 12 30 21.4857 1.63652 4.69607 0.479743 1512
7 12 31 26.7813 0.582085 2.51679 0.397732 10486
7 12 32 26.7996 0.682174 2.68915 0.415402 9772
7 12 33 19.4847 0.543454 2.56933 0.764379 5460
7 12 34 26.004 0.620243 2.66414 0.449389 10584
7 12 35 26.8269 0.483679 2.548 0.469111 11564
7 12 36 26.3532 0.809357 2.54729 0.558436 10710
7 12 37 27.9759 0.579812 2.25478 0.517281 11214
7 12 38 27.3862 0.676684 2.205 0.486649 10528
7 12 39 27.1715 0.720881 2.38608 0.532021 11354
7 12 40 18.6352 1.66077 4.36731 0.677252 3108
7 12 41 27.0413 0.607885 2.58894 0.397336 9450
7 12 42 27.2878 0.513781 2.11939 0.525351 10612
7 12 43 26.7736 0.551199 2.08002 0.555485 10598
7 12 44 26.737 0.554174 2.20561 0.495545 10556
7 12 45 26.9292 0.497215 2.84959 0.402689 10360
7 12 46 27.2831 0.641748 2.74094 0.413227 10850
7 12 47 27.0905 0.556482 3.47375 0.462804 11802
7 12 48 26.4228 0.626979 2.29461 0.340976 10738
7 12 49 26.4996 0.778844 2.35026 0.346696 10178
7 12 50 27.0951 0.540473 2.81899 0.402813 10290
7 12 51 25.6578 0.531638 3.10805 0.519626 11018
7 12 52 27.1106 0.523859 2.00229 0.441547 11242
7 12 53 26.1351 0.610328 1.72585 0.604832 10052
7 12 54 27.2561 0.515935 2.68172 0.445198 10402
7 12 55 26.1214 0.687014 1.82515 0.732012 10794
7 12 56 26.5753 0.580972 2.32533 0.56203 11228
7 12 57 25.7073 0.649546 1.87653 0.50798 11424
7 12 58 25.8423 0.487223 2.23835 0.790022 10192
7 12 59 25.9546 0.568686 3.01101 0.3709 10990
7 12 60 26.0077 0.525318 2.26036 0.64998 11032
7 12 61 25.222 0.620755 3.10971 0.493875 11620
7 12 62 25.5712 0.477443 2.93358 0.415896 10962
7 12 63 25.8538 0.577862 2.16969 0.435115 11102
7 13 0 26.5044 0.602577 3.59589 0.408397 11340
7 13 1 26.5933 0.576323 2.75194 0.462834 9772
7 13 2 26.1016 0.8761 3.08106 0.456737 9604
7 13 3 27.2508 0.559154 2.34181 0.424435 6636
7 13 4 26.2789 0.798105 2.60029 0.712026 7574
7 13 5 26.3783 0.539176 2.44807 0.440454 8470
7 13 6 26.8436 0.989342 3.71353 0.507374 5670
7 13 7 26.1427 0.834514 3.3784 0.645264 5068
7 13 8 27.8137 0.604993 2.17463 0.312695 9170
7 13 9 26.6562 0.58717 2.83055 0.43715 7658
7 13 10 26.7739 0.563456 2.60702 0.423719 5936
7 13 11 25.0573 0.723006 2.60694 0.482031 5306
7 13 12 26.359 0.702275 2.56437 0.391518 7196
7 13 13 27.4927 0.753257 2.12525 0.495606 5978
7 13 14 27.0555 0.590961 3.34842 0.38787 10850
7 13 15 26.803 0.575472 2.84817 0.267301 6832
7 13 16 26.4169 0.740009 1.98424 0.520335 6076
7 13 17 26.1819 0.649028 2.11222 0.465405 9002
7 13 18 27.2917 0.578138 2.40406 0.64608 7672
7 13 19 26.1134 0.615775 2.74244 0.481953 5278
7 13 20 30.5393 12.8731 20 0.450676 1176
7 13 21 26.6743 0.62521 2.69234 0.35375 7910
7 13 22 28.6361 0.714766 2.84114 0.378858 5880
7 13 23 27.1564 1.31942 5.09546 0.371502 1904
7 13 24 26.5925 0.604093 2.35765 0.527624 9590
7 13 25 27.2366 0.545004 2.81546 0.6261 5292
7 13 26 27.3535 0.621252 2.66391 0.453331 10304
7 13 27 26.72 0.643771 2.28337 0.36545 7000
7 13 28 26.6808 0.618031 2.24187 0.533507 5852
7 13 29 27.0938 0.556604 2.73584 0.360929 9786
7 13 30 28.5358 4.7392 9.19892 0.351787 1064
7 13 31 27.7117 0.56941 2.99492 0.433883 5502
7 13 32 26.6265 0.565754 2.09342 0.505538 6230
7 13 33 27.1783 0.628855 2.45031 0.570745 6720
7 13 34 26.9013 0.697467 2.63887 0.505695 11074
7 13 35 28.2502 0.843168 3.6315 0.722966 5082
7 13 36 26.2031 1.08772 4.12487 0.497861 2254
7 13 37 26.7344 1.74075 5.64016 0.36319 1666
7 13 38 27.3527 0.991999 5.34104 0.469449 4718
7 13 39 27.4258 0.488652 2.64072 0.544217 7938
7 13 40 27.1256 1.90949 6.00394 0.429492 1624
7 13 41 27.3382 0.542815 2.55076 0.428986 5684
7 13 42 27.1429 0.639573 2.43892 0.312261 7868
7 13 43 25.5287 1.02173 4.12308 0.358821 2730
7 13 44 27.0022 0.664224 2.18337 0.438434 5964
7 13 45 33 -2 0 0 6202
7 13 46 26.5597 0.612381 2.58964 0.42072 11102
7 13 47 27.0753 0.744617 2.4407 0.621928 5362
7 13 48 26.5555 0.557136 2.78721 0.244388 7168
7 13 49 26.9633 0.611609 2.14146 0.452681 9282
7 13 50 27.2526 0.710734 1.96736 0.538676 6902
7 13 51 26.56 0.576279 2.63772 0.403856 10402
7 13 52 24.8847 0.764841 2.50027 0.675959 9380
7 13 53 25.622 0.516269 2.61114 0.529128 6034
7 13 54 26.5453 0.620012 2.84192 0.470579 7042
7 13 55 26.6999 0.630846 1.92049 0.569831 8778
7 13 56 26.4487 0.540834 2.54331 0.518777 8554
7 13 57 26.3428 0.621364 2.38202 0.632474 8722
7 13 58 25.6704 0.765629 2.19451 0.479865 7798
7 13 59 26.3925 0.508663 2.44866 0.438575 9590
7 13 60 26.253 0.681253 2.25184 0.458867 7014
7 13 61 25.0417 1.09766 2.31771 0.71094 11606
7 13 62 26.0799 0.565622 2.46869 0.388993 10150
7 13 63 25.9211 1.04611 3.24131 0.273207 8848
7 14 0 25.9404 0.589965 3.57615 0.404723 10192
7 14 1 26.2063 0.637652 2.22376 0.489567 9030
7 14 2 26.3889 0.495386 2.60856 0.520965 9436
7 14 3 24.9336 0.576325 2.18872 0.646967 7854
7 14 4 25.8797 0.741862 2.29529 0.598708 7728
7 14 5 26.3697 0.728756 2.48214 0.398697 8330
7 14 6 25.0698 0.794962 3.50708 0.434633 9184
7 14 7 25.8438 0.579958 2.8242 0.537039 8750
7 14 8 25.7159 0.512185 1.95874 0.601769 8036
7 14 9 25.3176 0.565851 2.40664 0.759402 9170
7 14 10 26.1491 0.725903 2.61186 0.511194 8554
7 14 11 26.5555 0.496221 2.468 0.537608 7588
7 14 12 25.9917 0.603427 2.65001 0.437818 8778
7 14 13 26.786 0.556073 2.44952 0.452048 8316
7 14 14 26.4231 0.597054 1.77897 0.655973 9394
7 14 15 25.9085 0.976042 2.01168 0.735106 7238
7 14 16 26.8693 0.63457 2.16354 0.837595 9436
7 14 17 26.0754 0.833423 2.39364 0.390527 7266
7 14 18 26.3148 0.532025 2.25909 0.524509 7518
7 14 19 25.9951 0.558206 2.33878 0.51639 7952
7 14 20 19.1282 0.503775 2.25294 0.420558 3374
7 14 21 25.5573 0.578838 2.66954 0.418594 9436
7 14 22 25.2949 0.580485 2.53682 0.629705 8134
7 14 23 26.3963 0.502256 2.20121 0.553252 6930
7 14 24 25.4168 0.63667 2.11864 0.466905 8246
7 14 25 25.5189 0.647246 2.03004 0.551314 7854
7 14 26 25.8359 0.510636 2.83829 0.502149 8148
7 14 27 20.0878 0.574717 2.95399 0.356667 5460
7 14 28 26.8324 0.679694 2.24416 0.482598 6608
7 14 29 26.5039 0.513354 2.33592 0.476434 7252
7 14 30 19.6087 0.776499 2.76561 0.507607 2940
7 14 31 26.3305 0.604756 2.84818 0.444875 6734
7 14 32 27.6495 0.726526 3.5498 0.51373 6244
7 14 33 26.2409 0.561191 2.9365 0.537354 6356
7 14 34 25.7737 0.548265 2.84985 0.599173 7546
7 14 35 25.4661 0.660863 2.9744 0.403525 5782
7 14 36 18.2585 0.494951 1.59208 0.554861 2590
7 14 37 26.164 0.692753 2.05855 0.506346 6580
7 14 38 26.2663 0.639666 2.07945 0.651778 5292
7 14 39 26.3704 0.758639 2.81948 0.497292 4620
7 14 40 26.5707 0.586932 2.60147 0.625258 7434
7 14 41 26.6089 0.622163 3.34197 0.338877 5516
7 14 42 25.6317 0.795 2.38026 0.456896 6860
7 14 43 26.298 0.571544 2.49035 0.575114 7182
7 14 44 27.1753 0.64995 2.40426 0.384284 5964
7 14 45 25.2421 0.909108 2.5098 0.680272 5810
7 14 46 23.8539 0.916921 3.60179 0.581168 7476
7 14 47 25.3952 0.595157 2.40914 0.644948 5950
7 14 48 25.882 0.706298 3.42679 0.35568 6650
7 14 49 26.2593 0.706206 2.65862 0.342728 5712
7 14 50 26.1204 0.589804 2.5611 0.680279 4886
7 14 51 26.025 0.68605 3.96474 0.36058 5082
7 14 52 26.1525 0.777102 2.78495 0.441775 6048
7 14 53 26.1858 0.704731 3.3414 0.584425 5474
7 14 54 26.5337 0.766833 1.85188 0.607461 4970
7 14 55 26.8976 0.768221 2.03424 0.629359 5754
7 14 56 24.9022 0.566778 1.6347 0.742244 5768
7 14 57 25.3884 1.00955 5.24537 0.758071 5362
7 14 58 26.2193 0.809935 1.68487 0.552562 5320
7 14 59 24.9252 0.78157 1.88815 0.482489 6412
7 14 60 25.4247 0.711818 2.85853 0.619985 5208
7 14 61 24.8181 0.804223 1.63473 0.792167 5768
7 14 62 24.7063 0.645861 3.18228 0.588165 5502
7 14 63 24.6937 0.604488 2.47637 0.473715 4858
7 15 0 26.6512 0.593312 2.65501 0.580714 6636
7 15 1 26.687 0.784009 2.56234 0.439663 6006
7 15 2 26.3688 0.855223 1.57336 0.656212 5124
7 15 3 25.5457 1.27301 4.26054 0.483587 3430
7 15 4 23.9559 0.769821 3.24282 0.571786 4606
7 15 5 26.3312 0.645239 2.76244 0.546789 4074
7 15 6 25.884 0.704848 3.62112 0.383953 4746
7 15 7 26.1163 1.26337 4.0933 0.445947 3248
7 15 8 26.1667 0.718494 2.44953 0.476008 5306
7 15 9 26.917 0.657149 2.95521 0.598318 4032
7 15 10 26.934 0.686188 2.94486 0.392057 3206
7 15 11 26.1067 0.833466 2.52791 0.633503 5586
7 15 12 26.7728 0.674759 2.64703 0.53308 4004
7 15 13 27.0293 0.905192 1.8883 0.430125 3374
7 15 14 26.6771 0.604738 3.0789 0.515574 6692
7 15 15 26.9514 0.641284 1.9977 0.542398 3808
7 15 16 25.6197 0.762546 3.23204 0.428466 3500
7 15 17 27.4471 0.760486 3.03729 0.37687 6118
7 15 18 21.2293 1.88747 5.00192 0.483834 2394
7 15 19 27.2267 0.768838 3.14745 0.466658 3374
7 15 20 22.6688 16.5972 12.6266 0.227355 448
7 15 21 25.732 0.82141 2.03648 0.673157 4172
7 15 22 25.929 0.774019 2.08411 0.514198 3304
7 15 23 20 -2 0 0 1050
7 15 24 26.1186 0.594673 2.40167 0.441444 5418
7 15 25 27.5587 0.598142 2.26144 0.615387 4074
7 15 26 26.169 0.596929 2.57971 0.475353 5908
7 15 27 26.6153 0.69087 3.26676 0.338752 4158
7 15 28 27.2651 0.922607 2.67187 0.324504 3640
7 15 29 20.4617 0.792596 3.59237 0.446465 4046
7 15 30 18 -2 0 0 1036
7 15 31 26.3949 0.796543 2.33472 0.393515 3906
7 15 32 27.6699 0.820533 3.31553 0.474118 3710
7 15 33 26.7336 0.667648 2.58105 0.461464 4340
7 15 34 26.3726 0.61889 2.87807 0.574055 7252
7 15 35 27.6038 0.781351 3.79186 0.414945 3962
7 15 36 24.2819 2.95385 7.51499 0.441852 1806
7 15 37 26.7048 0.573454 2.59965 0.465955 6832
7 15 38 26.7393 0.678847 2.05445 0.599634 4116
7 15 39 26.6693 0.700536 2.83954 0.366136 7014
7 15 40 25.4727 1.21026 3.70908 0.405473 5684
7 15 41 26.3884 0.930208 3.53012 0.545454 4368
7 15 42 25.9547 0.86886 3.37535 0.363935 4550
7 15 43 26.6905 0.691845 2.31855 0.388259 7406
7 15 44 25.3829 0.719087 3.5231 0.405509 4872
7 15 45 26.8474 0.68579 2.48587 0.504875 4928
7 15 46 26.2346 0.700619 2.91643 0.774575 7784
7 15 47 26.0737 0.84237 2.64454 0.307256 4970
7 15 48 24.926 5.80197 11.7896 0.559719 1414
7 15 49 25.9715 0.756571 2.63325 0.583999 6888
7 15 50 25.4419 0.605499 2.79568 0.52196 6342
7 15 51 26.3666 0.730168 2.8551 0.408776 8876
7 15 52 25.6135 0.709216 3.16839 0.538296 6930
7 15 53 25.1305 0.829993 3.35171 0.520271 5670
7 15 54 25.3466 0.763783 3.37551 0.418192 5012
7 15 55 25.5948 0.698721 3.14148 0.33307 7630
7 15 56 26.199 0.625385 3.11764 0.488839 7602
7 15 57 25.2186 0.766294 2.75047 0.436991 8358
7 15 58 17.3511 1.48006 4.11654 0.503874 2940
7 15 59 24.9058 0.628335 3.5577 0.373733 8820
7 15 60 26.2166 0.654589 2.64264 0.452531 6566
7 15 61 25.4078 0.627767 3.58892 0.383618 10360
7 15 62 25.2206 0.624764 2.8632 0.394429 8806
7 15 63 24.5794 0.890376 2.16329 0.512599 7756
8 0 0 28.354 104.763 19.4229 0.198539 392
8 0 1 34.992 24.4961 20 0.232945 448
8 0 2 24 -2 0 0 462
8 0 3 34.0668 30.4064 20 0.140502 210
8 0 4 34.1207 24.855 20 0.145775 294
8 0 5 31.2005 15.5387 14.1734 0.228373 392
8 0 6 29.0761 29.665 20 0.114982 350
8 0 7 28 -2 0 0 308
8 0 8 29.5257 20.8995 20 0.148099 476
8 0 9 34.021 24.9556 20 0.206993 252
8 0 10 38.6419 18.2088 20 0.112579 392
8 0 11 27 -2 0 0 420
8 0 12 34.4163 10.6545 11.8786 0.269767 322
8 0 13 33.2865 27.083 20 0.14182 378
8 0 14 33.0498 19.9166 20 0.234379 350
8 0 15 27.549 38.0769 20 0.135658 294
8 0 16 29 -2 0 0 322
8 0 17 26.002 31.7156 20 0.22843 378
8 0 18 41.5056 8.23292 11.3102 0.160899 378
8 0 19 27.8105 13.714 14.001 0.225994 504
8 0 20 32.3823 14.1687 20 0.224768 728
8 0 21 36.5697 20.6241 20 0.168343 406
8 0 22 38.3605 15.8031 20 0.0920155 350
8 0 23 31.2776 5.19319 9.63754 0.297444 798
8 0 24 36 -2 0 0 406
8 0 25 32.6239 28.507 14.523 0.247533 728
8 0 26 32.1158 18.0469 20 0.194178 532
8 0 27 29.7859 22.8182 20 0.225447 728
8 0 28 34.2618 17.1914 18.368 0.281628 616
8 0 29 29.6094 8.00106 12.5408 0.210626 868
8 0 30 31.9411 18.4252 20 0.285507 854
8 0 31 27.7816 21.4513 20 0.268187 910
8 0 32 30.8777 2.47871 5.92857 0.175152 896
8 0 33 28.2707 2.91641 4.3749 0.317418 924
8 0 34 24.0961 30.3171 20 0.238006 938
8 0 35 33.4948 4.48536 10.0854 0.278978 966
8 0 36 34.0511 13.6504 20 0.25106 812
8 0 37 26 -2 0 0 868
8 0 38 35.058 16.6453 20 0.231907 1106
8 0 39 24.0231 22.2385 20 0.165008 728
8 0 40 37.194 14.0325 20 0.203785 574
8 0 41 29.1942 21.6715 20 0.334028 1078
8 0 42 30.9124 20.4848 19.6994 0.196589 518
8 0 43 33.9675 15.2002 20 0.203128 742
8 0 44 27.7702 13.0239 13.0897 0.276164 966
8 0 45 22.2996 35.6009 20 0.238184 700
8 0 46 30.7055 3.21009 5.62 0.345899 868
8 0 47 36.514 109.295 20 0.311362 1064
8 0 48 33.8892 21.2647 17.3468 0.253662 434
8 0 49 29.7646 8.15676 10.3855 0.285163 644
8 0 50 33.6861 11.6225 18.3892 0.228723 798
8 0 51 30 -2 0 0 1624
8 0 52 30.7585 12.947 14.6855 0.264648 770
8 0 53 30.7365 5.8757 10.2002 0.383056 1218
8 0 54 32 -2 0 0 686
8 0 55 32.0031 16.0465 20 0.318777 1330
8 0 56 26.4127 32.8499 17.253 0.359876 1190
8 0 57 30.7242 3.07446 6.36492 0.269202 1134
8 0 58 29.5218 8.99376 13.8087 0.260715 826
8 0 59 24.9979 23.2454 20 0.213136 980
8 0 60 26 -2 0 0 1022
8 0 61 24.0607 2.32513 6.24539 0.32275 2002
8 0 62 24.6407 17.1175 20 0.325592 1162
8 0 63 31.3107 2.62401 7.40882 0.196824 1288
8 1 0 26.5444 4.11472 7.21432 0.333586 1078
8 1 1 30.2891 4.88942 10.4212 0.361668 1470
8 1 2 23.0331 19.2064 20 0.366587 1442
8 1 3 31.2919 7.55062 13.2072 0.355192 1666
8 1 4 31.4207 5.04804 10.9106 0.303712 924
8 1 5 22.805 20.8682 20 0.253474 1162
8 1 6 27.1493 1.06307 3.40751 0.308701 2408
8 1 7 21.8906 0.955643 2.78391 0.380114 2632
8 1 8 25.3312 14.7027 13.7246 0.337532 980
8 1 9 18 -2 0 0 994
8 1 10 27.1385 0.834705 2.44712 0.416037 2912
8 1 11 25.1095 12.2803 20 0.250423 980
8 1 12 24.548 1.59619 3.49392 0.294842 1050
8 1 13 35.9668 7.82682 15.0391 0.388489 1596
8 1 14 32 -2 0 0 952
8 1 15 18.9519 1.32238 2.87427 0.415956 1036
8 1 16 28 -2 0 0 2982
8 1 17 36.0775 13.6625 20 0.231705 630
8 1 18 24.4782 10.0911 15.7767 0.298657 1022
8 1 19 19 -2 0 0 1806
8 1 20 23 -2 0 0 1008
8 1 21 25.1784 3.7565 11.7515 0.336476 1946
8 1 22 29 -2 0 0 1974
8 1 23 33 -2 0 0 826
8 1 24 30.1319 8.48428 13.5385 0.380511 1134
8 1 25 24.4482 1.87896 5.22697 0.260031 1386
8 1 26 34.1965 13.3567 18.4099 0.237843 616
8 1 27 27.2889 16.1754 20 0.449337 1246
8 1 28 31.14 13.8637 20 0.370356 1218
8 1 29 32.3195 8.26334 15.2272 0.306362 896
8 1 30 21 -2 0 0 826
8 1 31 24.8338 2.31911 5.71485 0.305698 1498
8 1 32 29.3868 10.2957 18.4629 0.285781 1344
8 1 33 25.2348 3.80502 6.5637 0.361788 1176
8 1 34 28.1695 16.8114 20 0.242991 812
8 1 35 22 -2 0 0 896
8 1 36 14.0001 168.663 15.6999 0.248868 952
8 1 37 30.4553 5.31387 7.05457 0.334523 1148
8 1 38 24.8134 4.10507 7.45385 0.421603 686
8 1 39 32.3574 4.89198 9.97105 0.204233 602
8 1 40 26.2599 3.71223 6.28533 0.280616 938
8 1 41 28 -2 0 0 854
8 1 42 27.735 29.6169 19.3587 0.297492 644
8 1 43 22.4415 36.0423 17.1145 0.251616 1064
8 1 44 27.2893 23.084 20 0.220875 532
8 1 45 25.3369 7.24399 9.85627 0.329387 574
8 1 46 29.6649 22.1989 20 0.316517 812
8 1 47 23.8763 23.6848 20 0.217315 560
8 1 48 28.7886 10.9382 12.3801 0.359135 714
8 1 49 24.5073 25.9354 20 0.24661 658
8 1 50 27.8374 6.54732 8.15498 0.260629 518
8 1 51 23.1793 27.0052 20 0.192627 406
8 1 52 28 -2 0 0 728
8 1 53 34.9201 9.72761 16.0033 0.153161 420
8 1 54 18 -2 0 0 546
8 1 55 24 -2 0 0 476
8 1 56 29.2278 22.2864 20 0.286159 574
8 1 57 27.5591 21.9652 20 0.171915 504
8 1 58 23.7357 110.1 20 0.269296 518
8 1 59 28.7058 11.5958 15.8132 0.26216 644
8 1 60 27.4163 3.98832 7.20792 0.304162 882
8 1 61 30.3814 12.9552 16.0526 0.227284 658
8 1 62 24 -2 0 0 490
8 1 63 26 -2 0 0 420
8 2 0 32.4411 4.48049 11.6584 0.471856 2576
8 2 1 24.4432 1.11832 3.27071 0.470037 2254
8 2 2 32.34 10.7731 20 0.448763 1918
8 2 3 30.1549 5.99081 15.744 0.268523 1708
8 2 4 23.0595 24.2828 20 0.462053 1708
8 2 5 30 -2 0 0 1848
8 2 6 31.079 12.5473 20 0.338648 1666
8 2 7 31.5263 4.63636 9.85446 0.40672 1568
8 2 8 25.6358 22.5911 20 0.453856 1876
8 2 9 30.5554 13.0798 20 0.413742 1680
8 2 10 27.2563 2.53622 6.23736 0.300303 1442
8 2 11 31.4821 15.2259 20 0.49383 2002
8 2 12 28.8305 17.8092 20 0.50576 1512
8 2 13 29.5692 3.8862 7.96702 0.428015 1358
8 2 14 27 -2 0 0 2590
8 2 15 29.8626 5.96027 11.5617 0.484814 1330
8 2 16 27 -2 0 0 1932
8 2 17 32.2896 4.82087 11.6032 0.375955 2268
8 2 18 29.2328 2.55048 7.40525 0.31614 1484
8 2 19 29 -2 0 0 1652
8 2 20 24 -2 0 0 1736
8 2 21 32.1481 15.3215 19.5834 0.419517 1470
8 2 22 28.4705 2.82524 5.04407 0.336805 1568
8 2 23 26.456 1.04535 3.5266 0.387063 2058
8 2 24 26 -2 0 0 2310
8 2 25 29.1397 1.34708 3.70132 0.270858 1456
8 2 26 32.003 4.65265 8.9832 0.492639 2926
8 2 27 26 -2 0 0 1582
8 2 28 27.1029 0.957167 2.48258 0.445641 1638
8 2 29 26.8973 0.804243 2.5968 0.275819 2478
8 2 30 28.4364 1.88581 5.29103 0.387258 1834
8 2 31 30.6597 2.90461 8.83612 0.309802 1554
8 2 32 26.9174 1.67602 4.75376 0.311715 1554
8 2 33 28 -2 0 0 1596
8 2 34 26.15 0.73784 2.52624 0.452219 2870
8 2 35 32.6997 12.7414 20 0.339706 1624
8 2 36 23.793 117.403 19.3791 0.412679 1176
8 2 37 29 -2 0 0 2268
8 2 38 26 -2 0 0 2044
8 2 39 31.8356 6.21574 16.0873 0.396058 1918
8 2 40 30.123 3.63395 10.115 0.411891 1904
8 2 41 28.6969 18.4361 19.2445 0.41294 1442
8 2 42 28.7616 4.10842 10.1819 0.396931 1498
8 2 43 26 -2 0 0 2548
8 2 44 26.3896 8.07789 9.23123 0.319242 1862
8 2 45 25.1863 1.79271 4.73386 0.347475 1666
8 2 46 26.5044 0.866784 1.85703 0.391801 2562
8 2 47 27.4704 1.39625 2.99427 0.41546 2282
8 2 48 30.5599 6.29551 12.2594 0.432249 1372
8 2 49 27.3947 1.09588 3.74793 0.425916 2772
8 2 50 33.1919 14.3719 20 0.43629 2100
8 2 51 25 -2 0 0 3402
8 2 52 33.9165 6.02031 15.9809 0.49318 2898
8 2 53 29 -2 0 0 2408
8 2 54 27 -2 0 0 1946
8 2 55 27.2103 1.27511 4.70162 0.361496 2492
8 2 56 27.7153 0.836987 2.81078 0.477715 2296
8 2 57 33.4291 6.78682 14.2299 0.435151 3052
8 2 58 25.4292 10.2231 14.1042 0.474691 2436
8 2 59 26.2617 1.04964 4.17747 0.334446 3178
8 2 60 28.8449 3.80802 8.56513 0.340591 2030
8 2 61 25.9536 0.852383 3.41373 0.332613 3864
8 2 62 25.9672 1.92486 6.00425 0.421983 3472
8 2 63 24.2154 2.21025 5.37893 0.380158 2772
8 3 0 26.018 1.31109 2.68979 0.477962 4438
8 3 1 27.032 1.32674 4.86431 0.363016 4004
8 3 2 27.1999 0.737015 3.05017 0.490508 3654
8 3 3 36 -2 0 0 5362
8 3 4 26.31 0.81569 2.43701 0.288011 3934
8 3 5 26.6433 13.0329 20 0.662339 4466
8 3 6 27.5404 0.65285 2.74443 0.432659 5110
8 3 7 26.9724 0.821752 3.55333 0.256572 6118
8 3 8 27.2644 0.672487 2.13994 0.49168 4158
8 3 9 25.8939 0.756263 2.81234 0.395693 5936
8 3 10 27.9087 0.794994 2.57711 0.529076 6664
8 3 11 30 -2 0 0 3416
8 3 12 26.4521 0.741945 2.98268 0.443963 4424
8 3 13 26.1075 0.886749 3.76822 0.496138 4900
8 3 14 26.7772 0.782571 3.35109 0.479193 3528
8 3 15 27.3293 0.768864 2.10002 0.439045 4536
8 3 16 27.6707 0.698953 2.20187 0.523267 7028
8 3 17 27.441 0.832573 3.30861 0.363705 3094
8 3 18 27.4825 0.695521 2.65387 0.425525 3682
8 3 19 27.2056 0.754506 3.00157 0.358135 5838
8 3 20 25.7694 0.713299 2.91161 0.530359 3262
8 3 21 27.0544 0.747827 2.77473 0.373963 5306
8 3 22 27.4273 0.717117 2.00083 0.30395 5740
8 3 23 28.6152 1.07409 4.55562 0.291908 2576
8 3 24 27.4713 0.798559 3.03516 0.3792 3780
8 3 25 23.1106 1.16411 5.43195 0.331622 3612
8 3 26 24.8562 0.672593 2.69291 0.440082 2982
8 3 27 28.038 3.86878 8.86443 0.29167 882
8 3 28 27.863 0.71216 3.21348 0.404042 4452
8 3 29 26.8837 0.720448 2.86663 0.588924 2772
8 3 30 25.2073 2.62482 5.28356 0.378315 1554
8 3 31 28.9138 0.772353 2.82705 0.415552 4578
8 3 32 26.773 1.14474 4.92824 0.442345 3724
8 3 33 28.1864 0.827513 3.0218 0.438032 3794
8 3 34 27.508 1.03982 4.47509 0.365918 3038
8 3 35 26.6743 0.708321 3.3409 0.597531 4270
8 3 36 24.909 1.62679 6.43986 0.539943 3220
8 3 37 27.0911 0.997569 3.33429 0.32215 3150
8 3 38 27.7471 1.74433 6.6247 0.588008 3850
8 3 39 29 -2 0 0 3710
8 3 40 27.8713 0.67101 2.92452 0.317305 3850
8 3 41 23.2047 1.05664 3.81108 0.547122 3024
8 3 42 23.5886 0.803385 2.15433 0.275372 2758
8 3 43 29.1312 1.33183 4.28798 0.477048 2814
8 3 44 26.4733 0.806602 3.09042 0.323821 2814
8 3 45 27.1692 6.69037 12.3878 0.354914 1246
8 3 46 27.3659 0.815531 3.47337 0.417524 3178
8 3 47 25.7227 0.776362 3.15219 0.382372 3724
8 3 48 28.5658 1.55284 5.97985 0.463567 3290
8 3 49 25.8016 0.586463 1.8732 0.687831 2716
8 3 50 28.488 0.734145 2.94126 0.353821 3458
8 3 51 32.8441 2.98547 8.95397 0.535621 2646
8 3 52 28 -2 0 0 2744
8 3 53 27.3599 0.819989 3.56759 0.398364 3080
8 3 54 24.0775 20.7937 17.3598 0.383153 1260
8 3 55 25.987 1.14584 3.92848 0.561895 2436
8 3 56 24.11 0.828985 2.60004 0.529517 2590
8 3 57 24.449 10.1704 20 0.533214 2366
8 3 58 25.2266 0.806156 2.94292 0.507288 2758
8 3 59 27.4724 1.11425 3.88639 0.366414 2492
8 3 60 15 -2 0 0 1148
8 3 61 27.7026 0.77336 2.29223 0.447095 2282
8 3 62 25.9036 2.29303 6.99431 0.485765 2450
8 3 63 25.3509 1.22421 4.97518 0.431705 2926
8 4 0 26.1856 0.620538 2.86848 0.494979 4760
8 4 1 25.2806 0.730791 2.6101 0.465677 3822
8 4 2 27.2179 1.58999 3.88269 0.5249 2954
8 4 3 26 -2 0 0 2030
8 4 4 28.1032 3.56954 8.14017 0.486655 2912
8 4 5 26 -2 0 0 2380
8 4 6 26.5521 1.08547 3.56962 0.516198 2674
8 4 7 27.8907 2.16371 5.4052 0.376935 1792
8 4 8 30.3956 2.94583 9.44225 0.563141 2996
8 4 9 32.4258 5.54661 12.3233 0.464178 1918
8 4 10 26.9019 0.763082 2.6517 0.371688 2156
8 4 11 25.6344 0.731196 2.73178 0.431526 3262
8 4 12 25.4484 0.713914 2.10366 0.339651 2604
8 4 13 26 -2 0 0 1652
8 4 14 28 -2 0 0 4508
8 4 15 26.1523 21.1192 17.4154 0.462104 1834
8 4 16 24.3382 1.52334 3.623 0.393653 1862
8 4 17 25.5691 0.798408 3.29095 0.337888 3962
8 4 18 28.4533 2.94173 6.51382 0.301644 966
8 4 19 26.5609 0.936236 2.83821 0.369187 2030
8 4 20 26.6413 0.664121 2.47973 0.445178 2954
8 4 21 29.0763 12.3634 20 0.48544 2688
8 4 22 29.5169 10.8007 20 0.393051 1820
8 4 23 26.3043 0.892195 2.72857 0.467851 2702
8 4 24 25.1654 0.713112 2.27634 0.330897 3570
8 4 25 27 -2 0 0 2142
8 4 26 24.7289 0.847115 2.40742 0.427556 4102
8 4 27 27.7933 18.5144 20 0.291763 812
8 4 28 26.0795 1.10301 3.37515 0.424746 1876
8 4 29 25.3102 0.855971 2.82264 0.367917 2982
8 4 30 28.4222 1.30286 2.79207 0.450697 2576
8 4 31 27 -2 0 0 2156
8 4 32 26.4604 1.08074 3.02804 0.489487 1876
8 4 33 25.3445 0.87677 2.69605 0.366914 2072
8 4 34 26.082 0.73745 2.5278 0.496989 4270
8 4 35 26.5364 0.830654 3.14044 0.377422 2352
8 4 36 25.2569 0.712321 2.69959 0.40191 2688
8 4 37 27 -2 0 0 3164
8 4 38 26.1959 1.23192 4.14267 0.333529 1904
8 4 39 28.3299 6.64685 11.734 0.51936 3080
8 4 40 26.5942 1.50774 4.12194 0.359943 2912
8 4 41 29 -2 0 0 2114
8 4 42 25.9949 0.647278 2.32407 0.444987 2870
8 4 43 27.0722 0.652082 2.44052 0.404621 3808
8 4 44 25.6306 25.2783 18.2281 0.515853 2058
8 4 45 26.8063 0.670905 2.04834 0.374733 2240
8 4 46 25.7135 0.796777 2.58212 0.429955 4578
8 4 47 25.5294 1.00451 2.96436 0.357335 2394
8 4 48 25.6631 2.68791 7.08196 0.391189 2422
8 4 49 25.4045 0.816189 3.14554 0.336534 3584
8 4 50 26.5258 1.41564 3.38112 0.452552 2142
8 4 51 25.3904 0.671241 2.65616 0.404026 4060
8 4 52 25.5725 1.32252 3.74084 0.533567 3486
8 4 53 27.2453 2.61055 8.47004 0.32454 1862
8 4 54 25.0942 1.22064 3.85789 0.408004 2744
8 4 55 23.4601 0.717342 2.29152 0.308694 3598
8 4 56 24.7368 0.809808 3.27427 0.413601 3178
8 4 57 25.4487 0.896292 3.05322 0.424004 3220
8 4 58 25.236 0.770035 2.56443 0.397568 3052
8 4 59 24.7078 0.736682 3.2856 0.286297 4662
8 4 60 23.486 19.2417 20 0.561901 2562
8 4 61 30.6778 7.73569 16.3705 0.701353 5180
8 4 62 23.4166 0.721827 2.44747 0.452885 4942
8 4 63 26 -2 0 0 3444
8 5 0 22.2714 0.636341 2.6948 0.441899 4746
8 5 1 26.3665 0.675851 2.83267 0.483937 5292
8 5 2 23.0982 0.707804 2.23492 0.469716 5068
8 5 3 25.4377 0.761237 2.11678 0.342158 7532
8 5 4 21.3302 0.671202 2.30134 0.689894 3332
8 5 5 26.9112 0.541047 2.61406 0.515323 6174
8 5 6 26.4272 0.776141 3.86499 0.353824 6216
8 5 7 23.0451 0.982174 2.84683 0.600484 9072
8 5 8 27.1012 0.588404 2.16313 0.441352 5558
8 5 9 27.5782 0.681143 2.83805 0.344087 7630
8 5 10 21.4413 0.525757 2.28932 0.41741 6244
8 5 11 25.4448 0.568526 2.72219 0.588959 5418
8 5 12 21.276 0.555604 2.5926 0.473551 5096
8 5 13 26.9663 0.85886 2.00081 0.406952 7672
8 5 14 24.9765 0.618191 2.64977 0.337148 4690
8 5 15 25.823 0.710228 2.87787 0.555167 7420
8 5 16 26.4393 0.739673 2.88187 0.598781 10710
8 5 17 27.3242 0.648916 2.88709 0.342095 4634
8 5 18 27.5604 0.62189 3.01652 0.369805 7028
8 5 19 27.4805 0.626059 3.09818 0.514365 9338
8 5 20 26.8188 0.591081 3.04015 0.480804 5810
8 5 21 25.377 0.599186 3.19409 0.305892 7350
8 5 22 22.4747 0.646404 2.25824 0.451674 7406
8 5 23 26.1095 0.651497 3.008 0.527346 5264
8 5 24 25.7925 0.680212 3.03172 0.400385 5054
8 5 25 22.9445 0.80618 2.82496 0.337265 7854
8 5 26 26.389 0.972903 3.56305 0.431256 4508
8 5 27 27.2555 0.896155 2.36717 0.463838 6692
8 5 28 24.7794 0.903947 2.63355 0.279888 7700
8 5 29 27.4702 0.990705 2.3429 0.530711 5110
8 5 30 27.2537 0.798539 2.08284 0.461039 6048
8 5 31 22.757 0.615267 2.2264 0.430425 8652
8 5 32 23.0692 0.756921 1.79076 0.488737 6622
8 5 33 21.2863 0.635032 3.15219 0.415851 4424
8 5 34 26.3827 0.631171 3.13229 0.415522 4746
8 5 35 22.5406 0.54817 2.22116 0.392838 8120
8 5 36 26.4326 0.65175 2.79077 0.458039 5894
8 5 37 26.3225 0.565603 2.63817 0.434651 5026
8 5 38 25.4747 0.839458 2.1974 0.436667 8232
8 5 39 26.1814 0.734142 2.85858 0.670917 6286
8 5 40 26.743 0.603417 2.34983 0.461883 5810
8 5 41 27.0086 0.617376 2.31281 0.481272 7378
8 5 42 26.4141 0.573295 2.18771 0.380546 5208
8 5 43 26.6719 0.772649 2.26382 0.410796 4802
8 5 44 23.4221 0.529261 2.35553 0.438537 6384
8 5 45 19.7405 0.546678 2.17586 0.681758 4480
8 5 46 26.0163 0.733385 3.27877 0.312227 4116
8 5 47 26.6544 0.59284 2.16824 0.616573 8610
8 5 48 27.4449 0.78911 4.08506 0.538325 5600
8 5 49 31 -2 0 0 4564
8 5 50 23.5124 0.551745 2.1423 0.362528 5698
8 5 51 25.9536 0.597585 2.57764 0.660442 4858
8 5 52 33 -2 0 0 4424
8 5 53 26.1005 0.618045 2.5713 0.490358 7560
8 5 54 21.6372 0.627747 2.48949 0.576094 5544
8 5 55 25.5256 0.748954 3.34868 0.32584 4760
8 5 56 22.9578 0.42495 1.99126 0.591458 5768
8 5 57 25.6963 0.766219 2.54754 0.422441 5628
8 5 58 26.3072 0.582258 2.85248 0.52519 5222
8 5 59 26.6832 0.668047 2.90871 0.416955 4032
8 5 60 22.4918 0.518048 2.42388 0.434039 5810
8 5 61 29.4874 3.03432 11.1337 0.914041 4970
8 5 62 24.8599 0.576111 2.69793 0.544324 4438
8 5 63 25.5899 0.742169 2.51898 0.412633 4480
8 6 0 27.4884 0.790403 3.39778 0.356974 4774
8 6 1 27.5002 1.05211 3.50353 0.452874 3276
8 6 2 26.7597 0.886318 2.55083 0.450945 3402
8 6 3 26.6325 0.996395 3.40719 0.332947 2240
8 6 4 28.0465 1.28445 4.11746 0.354702 2170
8 6 5 28.2578 0.959056 3.07461 0.388221 2744
8 6 6 28.5517 1.75112 4.97968 0.461621 3094
8 6 7 27.4046 0.721096 2.348 0.383282 1708
8 6 8 26.4938 0.993231 3.01967 0.311649 3416
8 6 9 28.3816 13.973 20 0.386315 2086
8 6 10 31.9846 7.79671 12.7608 0.323894 1876
8 6 11 27.8206 1.31168 4.85304 0.359795 2590
8 6 12 27.2084 0.95076 3.35368 0.304067 2520
8 6 13 33.7436 4.54937 10.1575 0.372249 1484
8 6 14 26.8546 0.7856 2.51938 0.498028 4032
8 6 15 28.5157 1.75494 4.03911 0.33629 1918
8 6 16 30.5698 4.14978 5.07727 0.489575 1960
8 6 17 26.4813 0.876882 3.11421 0.48305 3486
8 6 18 28.3428 1.35318 4.08538 0.345703 2478
8 6 19 26.086 1.52081 4.43375 0.329202 1568
8 6 20 26.8831 1.00277 3.72828 0.32702 2142
8 6 21 28.254 1.36678 4.10651 0.350046 2366
8 6 22 27.7645 9.24896 8.74855 0.378938 1638
8 6 23 26.1645 1.05016 3.49791 0.371072 2296
8 6 24 27.2232 0.872252 3.94688 0.254473 3346
8 6 25 23 -2 0 0 1526
8 6 26 29.016 1.31857 5.14524 0.275614 3822
8 6 27 30 -2 0 0 1764
8 6 28 30.2267 4.82652 6.72775 0.457927 1862
8 6 29 27.978 1.67245 4.94445 0.356488 2982
8 6 30 28 -2 0 0 1834
8 6 31 32.6762 6.43455 13.9506 0.472433 1862
8 6 32 27.1099 0.980626 2.76122 0.373597 1512
8 6 33 28.7269 16.6822 19.9991 0.419718 1484
8 6 34 27.0331 1.058 3.96005 0.381043 4018
8 6 35 31.0485 3.41792 8.38339 0.412902 1442
8 6 36 28.7003 1.59506 3.92304 0.499634 1526
8 6 37 27 -2 0 0 2226
8 6 38 27.7104 4.48452 4.81364 0.30303 1428
8 6 39 30.67 17.6272 18.1411 0.450108 1288
8 6 40 27.068 2.64684 7.1586 0.440759 2296
8 6 41 32.2191 3.4435 8.14689 0.397773 1372
8 6 42 26 -2 0 0 1582
8 6 43 28.786 1.86246 5.60125 0.380819 2618
8 6 44 32.2661 4.12018 8.82868 0.389948 1806
8 6 45 32.9812 12.9731 20 0.324417 1414
8 6 46 27.012 0.771147 3.0458 0.405504 3444
8 6 47 0 -10 0 0 0
8 6 48 27.1303 1.12104 3.54409 0.386072 1358
8 6 49 30.3459 4.99591 11.2728 0.318166 1078
8 6 50 25.9622 17.0397 20 0.379633 1526
8 6 51 27.5788 0.899977 3.32013 0.438892 2954
8 6 52 28.8558 2.40962 7.03987 0.297091 2436
8 6 53 34.0738 10.0406 17.656 0.411149 1624
8 6 54 29.9315 4.56414 10.4897 0.436135 1428
8 6 55 30.8212 7.55384 14.6313 0.454683 2072
8 6 56 27 -2 0 0 1932
8 6 57 25.6543 7.32559 17.6172 0.364703 1750
8 6 58 26 -2 0 0 1386
8 6 59 26.0532 0.719944 2.52354 0.495321 2800
8 6 60 30.9262 2.8613 8.29928 0.314295 1624
8 6 61 28.4201 2.94809 11.2699 0.419742 2968
8 6 62 27.3784 2.18155 6.69826 0.466107 2856
8 6 63 26.7153 1.33112 4.24635 0.314892 1624
8 7 0 25.455 0.860094 3.23997 0.616348 3388
8 7 1 25.7043 0.671122 2.90555 0.57193 3444
8 7 2 27 -2 0 0 3444
8 7 3 25.0272 0.593976 2.42481 0.458889 4970
8 7 4 18.5994 0.81517 1.59324 0.665104 2534
8 7 5 22.8805 0.656653 2.77497 0.545861 3276
8 7 6 25.9776 0.553208 2.39478 0.588214 4060
8 7 7 25.6644 0.556109 2.64259 0.549212 6888
8 7 8 25.3792 0.71213 1.9526 0.448994 3556
8 7 9 25 -2 0 0 5082
8 7 10 25.1223 0.785559 2.96 0.354019 5768
8 7 11 25.7361 0.687073 2.72732 0.422783 4018
8 7 12 23.9667 0.998561 2.42285 0.481577 4256
8 7 13 25.1493 0.740747 3.81223 0.387207 5782
8 7 14 26.502 0.960206 4.80834 0.342189 3514
8 7 15 24.0069 0.676037 3.17657 0.646764 4606
8 7 16 25.6066 0.631571 2.57586 0.548756 5838
8 7 17 25.4567 0.642011 2.28722 0.768945 3430
8 7 18 24.4571 0.735771 2.15207 0.610574 4452
8 7 19 25.2696 0.686524 2.33705 0.469137 7182
8 7 20 25.1685 0.596294 2.50795 0.378876 4886
8 7 21 25.6517 0.597263 2.02532 0.517097 5180
8 7 22 22.4027 0.531108 2.39408 0.428838 4494
8 7 23 22.8809 0.595566 2.33956 0.461386 4410
8 7 24 26.0142 0.837981 3.50389 0.381079 3556
8 7 25 21.4607 0.82224 2.22609 0.644365 7504
8 7 26 28.8231 2.62225 8.4007 0.727215 3234
8 7 27 25.9095 0.649019 2.81437 0.368555 5348
8 7 28 20.8242 0.892934 1.57995 0.847044 6314
8 7 29 26.6179 0.941042 3.93789 0.370439 4578
8 7 30 25.5679 0.666928 2.30734 0.412222 5460
8 7 31 25.4315 0.589547 2.94616 0.608015 7322
8 7 32 25.5239 0.660086 2.72819 0.45539 6636
8 7 33 24.6443 0.653993 2.19837 0.578117 6062
8 7 34 26.4815 0.663961 2.22195 0.50948 3906
8 7 35 26.4358 0.724073 3.29532 0.396908 8638
8 7 36 25.178 0.471655 2.09953 0.618036 5390
8 7 37 18.9059 1.52615 3.20784 0.56811 2646
8 7 38 25.6885 0.727485 2.831 0.352276 8694
8 7 39 22.3207 0.625341 1.98752 0.527468 6650
8 7 40 20.116 0.70556 3.23544 0.417875 3724
8 7 41 24.4464 0.717568 2.00678 0.491991 6342
8 7 42 25.2097 0.652716 2.15063 0.578039 5460
8 7 43 24.9943 0.807743 1.98785 0.636759 4326
8 7 44 24.7009 0.561571 2.11634 0.473593 7028
8 7 45 23.9313 0.767855 2.31527 0.466668 4424
8 7 46 26.1839 0.673965 2.58693 0.692722 4102
8 7 47 20.133 0.497527 2.0135 0.564136 8666
8 7 48 24.9232 0.61088 2.85133 0.447279 5880
8 7 49 24.8634 0.597859 2.0774 0.502133 4942
8 7 50 24.1142 0.646755 1.83395 0.572752 6762
8 7 51 20 -2 0 0 4284
8 7 52 23.451 1.0333 4.68668 0.540886 4200
8 7 53 19.6019 0.561141 2.20445 0.446927 6986
8 7 54 29 -2 0 0 6132
8 7 55 24.4869 0.864751 2.89019 0.335841 4102
8 7 56 29.4452 3.00233 10.746 0.717245 5852
8 7 57 25.4279 0.763492 3.91817 0.430058 5460
8 7 58 25.4385 0.719244 1.91094 0.597023 5334
8 7 59 19.3186 0.555505 2.29625 0.601683 3542
8 7 60 19.0685 0.513 2.25429 0.485238 6818
8 7 61 24 -2 0 0 4130
8 7 62 20.7925 0.666067 2.64399 0.431679 4032
8 7 63 31 -2 0 0 4830
8 8 0 26 -2 0 0 826
8 8 1 31 -2 0 0 714
8 8 2 34.2397 14.4873 20 0.221552 686
8 8 3 24.8732 24.2276 20 0.331899 840
8 8 4 26.9496 20.0916 20 0.356984 798
8 8 5 26 -2 0 0 770
8 8 6 23.4663 27.772 20 0.238239 672
8 8 7 28.5555 16.4317 20 0.248921 728
8 8 8 31.0598 15.3296 20 0.181838 826
8 8 9 26.2432 21.9837 20 0.352421 798
8 8 10 25.1234 1.36491 3.2337 0.380774 840
8 8 11 28.0488 6.08963 12.5324 0.342083 952
8 8 12 29 -2 0 0 798
8 8 13 24.2488 21.9182 20 0.279108 784
8 8 14 30.0162 23.4068 20 0.385067 574
8 8 15 29.4477 3.86468 6.20854 0.28334 630
8 8 16 29.9693 43.679 17.536 0.195786 560
8 8 17 22 -2 0 0 938
8 8 18 28.9306 7.6002 12.3233 0.357223 686
8 8 19 30.2156 4.91962 12.0111 0.273499 1064
8 8 20 29.6868 12.8181 15.4751 0.436108 1512
8 8 21 29.3265 22.566 20 0.376082 686
8 8 22 25.0773 25.9292 20 0.332116 672
8 8 23 29.6848 4.0811 8.4486 0.404434 1610
8 8 24 29.4499 9.34483 13.772 0.314619 784
8 8 25 28.7688 11.6633 13.5203 0.416965 1610
8 8 26 29.6627 2.69478 6.20106 0.23441 784
8 8 27 31.9894 5.05267 10.8427 0.196548 770
8 8 28 30.1427 3.91676 7.2205 0.29378 686
8 8 29 30.2671 16.3013 20 0.433325 1428
8 8 30 25 -2 0 0 1106
8 8 31 26.5151 2.12855 5.68386 0.413094 1904
8 8 32 27 -2 0 0 1274
8 8 33 29.2873 10.9391 14.9725 0.404843 896
8 8 34 28 -2 0 0 1484
8 8 35 26.3321 2.06438 5.24617 0.494706 1848
8 8 36 27.6338 1.08135 3.87099 0.230596 1736
8 8 37 27.186 1.65902 4.01385 0.321998 1666
8 8 38 31.1732 3.33949 9.51441 0.410134 2590
8 8 39 28.0854 3.4289 6.87837 0.445872 2142
8 8 40 27.7049 7.89454 14.3922 0.365791 1288
8 8 41 26.011 1.4972 4.02199 0.400872 1722
8 8 42 31.228 8.00454 15.5771 0.372843 1414
8 8 43 25 -2 0 0 1428
8 8 44 26.4914 20.6853 20 0.504962 2464
8 8 45 31.126 5.10539 11.1898 0.403066 1400
8 8 46 32 -2 0 0 1526
8 8 47 26 -2 0 0 3304
8 8 48 33.4505 10.3988 20 0.433545 1694
8 8 49 27.8075 1.54557 3.9063 0.392473 1890
8 8 50 26.194 2.76584 7.87785 0.293522 1820
8 8 51 26.7874 0.764962 2.75356 0.304527 2352
8 8 52 25.7756 0.963329 2.68701 0.339855 1652
8 8 53 29.0051 4.81562 12.7037 0.452747 2534
8 8 54 33 -2 0 0 1680
8 8 55 26.4162 1.8445 4.98663 0.417017 2072
8 8 56 25.6971 1.81547 5.91704 0.419819 2002
8 8 57 25.5725 0.899012 3.18505 0.316044 2380
8 8 58 28 -2 0 0 1904
8 8 59 25.522 1.86924 4.30706 0.301466 1204
8 8 60 27 -2 0 0 2072
8 8 61 29.3279 3.02838 8.6082 0.456704 2730
8 8 62 25 -2 0 0 2366
8 8 63 24 -2 0 0 2100
8 9 0 29.6422 17.2117 16.1623 0.406358 2226
8 9 1 32.7103 2.28047 6.74809 0.311912 2380
8 9 2 30.479 2.73735 7.50487 0.297193 1736
8 9 3 34.1667 12.9282 19.9997 0.26876 980
8 9 4 33 -2 0 0 1232
8 9 5 35.8503 8.83471 20 0.239332 952
8 9 6 31.1985 2.51462 8.04036 0.226382 1666
8 9 7 31.1267 18.0268 20 0.29457 1344
8 9 8 31.165 2.39179 6.50437 0.37537 1610
8 9 9 30 -2 0 0 1554
8 9 10 28 -2 0 0 1512
8 9 11 32.5894 3.3439 8.56863 0.29538 1176
8 9 12 28.6534 1.88281 5.29898 0.307939 1498
8 9 13 31.0738 9.9819 11.6168 0.319342 966
8 9 14 28.4584 2.26528 6.25548 0.279883 1232
8 9 15 33.3776 12.8908 20 0.303544 1036
8 9 16 30 -2 0 0 1876
8 9 17 31.7699 4.42952 10.2576 0.433068 1484
8 9 18 31.4151 4.43874 8.74812 0.33186 1246
8 9 19 30.0319 3.73983 9.0297 0.404283 1414
8 9 20 32.359 4.50846 9.96624 0.305224 1232
8 9 21 33.6613 3.4347 9.18337 0.384363 1834
8 9 22 36.5355 4.44636 10.3775 0.296186 1036
8 9 23 31.1197 2.89681 7.04121 0.314679 1022
8 9 24 32.8135 4.3258 10.6021 0.288442 1596
8 9 25 29.2511 1.70089 5.10981 0.314217 1190
8 9 26 30.3925 20.0222 18.0864 0.313891 1330
8 9 27 28 -2 0 0 1176
8 9 28 37 -2 0 0 1134
8 9 29 30.9223 2.84605 8.12082 0.35127 1568
8 9 30 24 -2 0 0 1218
8 9 31 31.7616 3.33901 7.42011 0.283736 840
8 9 32 29.5191 3.76291 8.69668 0.224677 868
8 9 33 23 -2 0 0 714
8 9 34 30.2759 2.64004 6.8746 0.278638 1582
8 9 35 30.6362 27.0963 19.9997 0.193307 518
8 9 36 24.1176 24.3876 20 0.322865 1302
8 9 37 31.6786 7.45268 14.7591 0.350335 1344
8 9 38 30.4981 31.3072 18.7626 0.236361 462
8 9 39 33.0269 35.8713 20 0.25643 644
8 9 40 22 -2 0 0 560
8 9 41 33.5575 5.55411 10.8146 0.261612 728
8 9 42 29.9079 11.1503 7.80066 0.332951 1036
8 9 43 33 -2 0 0 1064
8 9 44 20.2155 116.053 20 0.295627 476
8 9 45 29 -2 0 0 742
8 9 46 30.0349 18.9563 20 0.32929 1204
8 9 47 27 -2 0 0 364
8 9 48 25.0229 11.6994 13.8478 0.256225 910
8 9 49 23.6921 28.2054 20 0.2362 784
8 9 50 23 -2 0 0 504
8 9 51 34.9215 17.4897 19.9991 0.18509 574
8 9 52 30.5499 7.02963 14.9458 0.249473 1050
8 9 53 24 -2 0 0 574
8 9 54 28.2533 5.40595 9.6106 0.255163 490
8 9 55 25 -2 0 0 700
8 9 56 24 -2 0 0 518
8 9 57 19 -2 0 0 518
8 9 58 21.5519 38.8232 20 0.216698 392
8 9 59 36.1208 12.0681 18.4035 0.260781 742
8 9 60 33.5514 22.1157 20 0.278595 574
8 9 61 21 -2 0 0 546
8 9 62 35.2149 12.1553 20 0.24882 812
8 9 63 29 -2 0 0 476
8 10 0 28.412 0.646563 2.37226 0.594191 4830
8 10 1 26.2956 0.54888 2.31176 0.504056 4004
8 10 2 32.7786 4.4864 13.296 0.723972 4494
8 10 3 25.4159 0.914363 4.10102 0.604952 4242
8 10 4 27.2399 0.728496 2.43188 0.567336 4620
8 10 5 26.4352 0.961521 3.00083 0.52362 3766
8 10 6 30.6573 1.29484 5.60145 0.354617 4060
8 10 7 28.7935 0.682523 2.75558 0.479095 4172
8 10 8 26.8128 0.630314 2.15198 0.551907 4606
8 10 9 27.7319 0.680004 2.84677 0.505301 4326
8 10 10 27.7714 0.691934 2.95105 0.44969 4018
8 10 11 25.9392 0.845863 3.52187 0.37537 4704
8 10 12 26.7642 0.806536 2.73426 0.431025 4312
8 10 13 25.8704 0.910094 3.47513 0.359922 4480
8 10 14 28.9815 0.792835 2.38071 0.412187 5152
8 10 15 32 -2 0 0 4718
8 10 16 28.9542 0.831903 3.33104 0.427465 5194
8 10 17 26.3419 0.666211 3.25274 0.619615 5152
8 10 18 26.9161 0.560674 2.40471 0.530062 4858
8 10 19 28.82 0.733284 3.74383 0.49203 4998
8 10 20 27.474 0.655136 2.77808 0.338963 5390
8 10 21 27.6143 0.659773 2.51688 0.57992 3892
8 10 22 28.452 0.707186 3.51618 0.462151 4452
8 10 23 27.3873 0.714279 2.44247 0.40882 4970
8 10 24 27.7889 0.678104 2.71772 0.406423 4424
8 10 25 27.6011 0.855593 2.50349 0.434675 5572
8 10 26 26.6647 0.654295 3.08914 0.523594 5236
8 10 27 28.0589 0.643236 3.03847 0.588185 5348
8 10 28 27.0587 0.686559 3.13317 0.353128 5488
8 10 29 27.9358 0.583341 2.89835 0.588516 5222
8 10 30 29.4908 0.654253 2.29972 0.436234 5096
8 10 31 27.6114 0.697936 2.16342 0.514543 6454
8 10 32 27.7018 0.742733 3.57365 0.307248 5222
8 10 33 28.2166 0.716131 2.72736 0.421489 5446
8 10 34 27.7008 0.712654 1.97239 0.495899 5446
8 10 35 25.7703 0.72443 2.59525 0.869739 5866
8 10 36 28.9277 0.61098 2.23004 0.672546 5782
8 10 37 29.1481 0.650791 2.98085 0.337702 5376
8 10 38 28.2165 0.711839 2.72028 0.322455 7210
8 10 39 27.8872 0.62731 3.03136 0.343212 8624
8 10 40 26.5519 0.832836 2.39644 0.449307 6048
8 10 41 28.1785 1.07377 1.77931 0.552923 5950
8 10 42 28.0951 0.752462 3.7019 0.337605 6636
8 10 43 28.0379 0.806319 1.8729 0.599973 5880
8 10 44 28.616 0.693141 2.12103 0.415588 7154
8 10 45 26.7601 0.780803 3.3108 0.472689 6230
8 10 46 27.7147 0.666262 2.08605 0.465575 5838
8 10 47 28.2906 0.648057 2.88683 0.422268 8386
8 10 48 28.0845 0.626749 2.28968 0.382939 6678
8 10 49 26.7391 0.700652 3.03357 0.44786 6328
8 10 50 25.1906 0.683121 3.4467 0.454289 4914
8 10 51 24.9593 0.596224 2.48382 0.375076 7938
8 10 52 26.1874 0.888265 2.77021 0.364889 6132
8 10 53 27.5224 0.607451 2.92036 0.441329 8624
8 10 54 21.1697 0.810165 2.96577 0.680897 3738
8 10 55 22.6061 0.535403 2.71996 0.439545 6496
8 10 56 27.2405 0.627666 3.24318 0.449608 8764
8 10 57 26.5599 1.11253 3.3616 0.445276 9296
8 10 58 20.5222 0.614284 2.08866 0.446636 5096
8 10 59 27.446 0.843343 2.42142 0.325772 7378
8 10 60 26.5588 0.828061 2.25851 0.445853 8904
8 10 61 25.7466 0.796979 2.15749 0.654249 9170
8 10 62 25.0651 0.787199 3.24791 0.655373 7672
8 10 63 25.8862 0.675362 2.01599 0.663634 7504
8 11 0 23.9542 0.563729 2.22973 0.586451 7994
8 11 1 24.129 0.511836 2.42573 0.389339 7070
8 11 2 26.9199 0.911254 1.96992 0.569198 7252
8 11 3 26.2602 0.67541 3.00064 0.451428 4830
8 11 4 26.8036 0.745168 2.30631 0.323773 5306
8 11 5 25.8362 0.551599 2.47232 0.418796 5194
8 11 6 27.245 0.722262 3.29524 0.337027 6902
8 11 7 26.5222 0.670035 2.6086 0.637106 3934
8 11 8 22.2396 0.514111 2.49388 0.393779 5208
8 11 9 27.1361 0.666816 2.69287 0.276247 5628
8 11 10 28.6643 7.97792 20 0.807551 4648
8 11 11 27.0009 0.801473 3.01897 0.494051 5628
8 11 12 26 -2 0 0 4634
8 11 13 27.8946 0.749208 2.84798 0.430511 2968
8 11 14 23.634 0.56626 2.73815 0.377417 7168
8 11 15 26.5235 0.766821 2.62307 0.591588 4452
8 11 16 26.6272 0.654463 2.92223 0.604823 4550
8 11 17 27.238 0.722907 3.1333 0.372405 5810
8 11 18 27.5604 0.691833 2.43124 0.508759 4648
8 11 19 27.3608 0.844826 3.77479 0.480887 3668
8 11 20 27.13 0.572625 2.60088 0.280947 4662
8 11 21 27.1096 0.637481 3.37831 0.490782 5502
8 11 22 27.7648 0.817531 2.87276 0.422558 3906
8 11 23 28.2543 0.879269 3.93305 0.449127 4718
8 11 24 26.623 0.730695 2.46167 0.370326 6328
8 11 25 28.9725 0.890194 3.53943 0.384172 3262
8 11 26 29.134 0.800166 2.66302 0.523996 6678
8 11 27 27.0594 1.75424 6.58861 0.57141 3332
8 11 28 26.9319 0.661141 2.47049 0.4328 3360
8 11 29 27.0858 0.621256 2.6233 0.36624 4634
8 11 30 29 -2 0 0 4004
8 11 31 27.454 0.635313 2.46556 0.489729 3122
8 11 32 27.2924 0.614794 2.22812 0.574148 3318
8 11 33 26.6045 0.888443 2.43694 0.455138 3248
8 11 34 28.1928 0.994158 2.45271 0.350586 6048
8 11 35 28.8634 1.63706 6.30724 0.353628 2562
8 11 36 34.2472 10.276 19.9832 0.702236 3388
8 11 37 28.1632 0.685053 1.83619 0.632476 4564
8 11 38 28.2287 0.835389 3.29777 0.500851 2898
8 11 39 26.9119 0.922027 3.01833 0.439618 3276
8 11 40 26.9735 0.720252 2.21492 0.452771 4144
8 11 41 25.5608 0.90694 3.40605 0.505094 3038
8 11 42 28.3304 0.766318 2.52238 0.44259 3416
8 11 43 27.29 0.836561 2.10635 0.440905 5110
8 11 44 28.3178 0.889428 3.22467 0.346491 3248
8 11 45 26.925 1.23922 4.57643 0.443557 3010
8 11 46 27.1112 0.991013 2.81526 0.55922 5124
8 11 47 28.4642 0.951807 3.7827 0.468363 2996
8 11 48 26.2576 0.902487 3.73282 0.538313 3108
8 11 49 28.6117 0.768766 3.06337 0.570899 4662
8 11 50 28.0516 0.978909 3.77497 0.432663 2912
8 11 51 25.9972 0.654507 2.80431 0.377157 3990
8 11 52 28.2938 0.778239 2.57334 0.514402 4074
8 11 53 26.5696 1.20413 4.84967 0.523157 2660
8 11 54 26.7603 0.723665 2.82981 0.401058 2982
8 11 55 25.1941 0.736747 3.3171 0.537498 3906
8 11 56 26.2236 0.836495 3.30409 0.442876 3122
8 11 57 26.742 0.828954 2.90171 0.680628 3402
8 11 58 26.4182 0.93189 3.93079 0.589839 3696
8 11 59 36 -2 0 0 5054
8 11 60 26.9724 0.960962 3.47507 0.434928 2884
8 11 61 25.7639 0.621309 2.53005 0.576287 4312
8 11 62 25.8394 0.864803 3.39802 0.518194 4718
8 11 63 28.3656 1.75123 5.94794 0.331578 3458
8 12 0 27.2327 0.499048 2.40573 0.551894 10108
8 12 1 27.3172 0.522305 2.4356 0.491541 9114
8 12 2 26.6975 0.583952 2.4449 0.541885 9940
8 12 3 26.4166 0.611722 2.04392 0.583697 9240
8 12 4 27.0361 0.654416 1.88324 0.504759 9716
8 12 5 27.8065 0.542954 1.99741 0.575463 8680
8 12 6 26.2831 0.449862 2.71402 0.662611 9716
8 12 7 26.9821 0.51625 2.72848 0.460725 9254
8 12 8 27.4689 0.611276 2.77831 0.461429 9184
8 12 9 27.232 0.549573 2.02404 0.480402 9618
8 12 10 33 -2 0 0 9156
8 12 11 26.2943 0.63742 2.46409 0.440455 8974
8 12 12 26.8275 0.698702 2.19069 0.359243 8792
8 12 13 26.9119 0.549415 3.45268 0.484937 8848
8 12 14 27.3799 0.663295 2.37145 0.51362 9254
8 12 15 27.8742 0.520488 2.28977 0.428394 9044
8 12 16 26.6985 0.541879 2.7713 0.457417 9422
8 12 17 26.7482 0.687654 2.14961 0.540512 9226
8 12 18 26.9282 0.562909 2.28909 0.495393 8848
8 12 19 27.033 0.54311 3.12986 0.353587 10038
8 12 20 26.693 0.627615 2.40153 0.611482 9562
8 12 21 27.7214 0.550048 1.99735 0.546775 9506
8 12 22 27.2195 0.484462 1.93569 0.698065 8428
8 12 23 27.8655 0.524735 2.17236 0.560623 10234
8 12 24 26.7726 0.555915 2.40314 0.403578 9100
8 12 25 26.7339 0.596204 2.58572 0.440935 9366
8 12 26 25.5729 0.474702 2.43796 0.484491 9408
8 12 27 26.9733 0.791644 2.2257 0.54018 9870
8 12 28 26.0986 0.544014 2.4772 0.485718 9702
8 12 29 25.7958 0.792788 2.28492 0.567832 8988
8 12 30 27.6723 0.553581 1.97287 0.458829 9072
8 12 31 25.8151 0.613608 2.40124 0.685231 10472
8 12 32 28.2506 0.562262 2.74078 0.574458 9268
8 12 33 26.2858 0.506657 2.14243 0.846571 9478
8 12 34 27.0968 0.573923 2.34338 0.52579 9912
8 12 35 27.046 0.559704 2.75825 0.522085 10472
8 12 36 24.2028 0.471458 2.72355 0.755553 5936
8 12 37 26.7927 0.533427 2.15101 0.581531 9828
8 12 38 26.9805 0.506676 3.12595 0.500605 10556
8 12 39 27.0089 0.483914 2.3185 0.67281 11396
8 12 40 27.7579 0.502361 2.19247 0.546441 10276
8 12 41 27.2113 0.513372 1.91045 0.577964 10094
8 12 42 26.4882 0.42251 2.12553 0.599937 10234
8 12 43 26.9352 1.00687 2.00605 0.659228 9520
8 12 44 25.7898 0.463995 2.49709 0.447899 10920
8 12 45 26.2136 0.687191 2.22116 0.667993 9128
8 12 46 26.896 0.606425 2.34838 0.849855 10192
8 12 47 27.4411 0.491063 2.487 0.566682 11088
8 12 48 27.3615 0.673112 2.30273 0.520282 9870
8 12 49 26.6271 0.95998 2.01999 0.702022 10920
8 12 50 26.4373 0.746168 2.40408 0.483275 9800
8 12 51 25.5582 0.594403 2.6735 0.500242 12418
8 12 52 27.203 0.486527 2.7748 0.461876 10612
8 12 53 26.2458 0.728595 2.1813 0.443288 10668
8 12 54 27.2189 0.709459 2.02997 0.55664 10976
8 12 55 26.0013 0.769007 2.31586 0.43786 10248
8 12 56 26.58 0.434458 2.60516 0.572885 11704
8 12 57 25.7471 0.621471 3.11145 0.537568 11732
8 12 58 26.1084 0.541234 2.21869 0.42018 10276
8 12 59 25.0722 0.488511 2.88705 0.476332 10682
8 12 60 26.6665 0.641166 2.85217 0.516044 11102
8 12 61 22.3661 0.692576 3.57983 0.471795 9926
8 12 62 25.1614 0.704106 2.81051 0.463193 10808
8 12 63 25.6599 0.539649 2.61835 0.375265 10920
8 13 0 21.6478 1.00414 3.58106 0.578697 4410
8 13 1 26.6808 0.690781 2.99202 0.428757 10192
8 13 2 27.0508 0.632037 2.29081 0.486968 9394
8 13 3 27.4506 0.68528 1.87581 0.614009 7000
8 13 4 28.3916 0.543529 2.43375 0.443277 7504
8 13 5 28.0736 0.563148 2.39291 0.396093 8036
8 13 6 27.7823 0.647946 2.89915 0.429302 9044
8 13 7 24.956 0.711267 3.38261 0.501192 5362
8 13 8 27.1105 0.718673 1.75365 0.629547 8358
8 13 9 26.4817 0.787495 2.92274 0.338073 7098
8 13 10 28.2019 0.970124 2.59091 0.45892 6748
8 13 11 27.2802 0.938658 2.89127 0.325093 8736
8 13 12 26.7218 0.72676 2.3706 0.539787 7392
8 13 13 26.8511 0.606787 2.8772 0.376384 5628
8 13 14 27.2134 0.620734 3.55904 0.292291 11564
8 13 15 25.7143 0.655815 2.34706 0.368128 6342
8 13 16 28.7498 0.62555 2.63779 0.4338 5726
8 13 17 27.5515 0.70464 2.77015 0.460355 9744
8 13 18 27.0314 0.854587 1.8449 0.577391 7112
8 13 19 28.1542 0.626957 3.03319 0.370095 5040
8 13 20 27.1494 0.564097 2.6901 0.630799 7546
8 13 21 27.987 0.62171 2.76579 0.572207 7770
8 13 22 28.0857 0.594008 2.51192 0.691367 6748
8 13 23 27.4309 0.608276 2.16441 0.404364 8386
8 13 24 26.841 0.575037 1.90405 0.670574 9170
8 13 25 27.7248 0.844292 3.02479 0.446696 5208
8 13 26 26.1794 0.644773 3.16278 0.377752 10220
8 13 27 27.1346 0.476715 2.19854 0.650118 6706
8 13 28 26.9834 0.590469 2.53852 0.468388 5768
8 13 29 26.7821 0.591371 2.50206 0.613855 8260
8 13 30 26.5289 0.580077 2.40529 0.488607 6986
8 13 31 27.0647 0.612709 2.93142 0.598986 4956
8 13 32 26.7959 0.478329 2.15159 0.42992 4690
8 13 33 27.1479 0.708644 2.7566 0.430566 5978
8 13 34 27.525 0.794277 3.11741 0.437568 10514
8 13 35 27.3016 0.689649 2.43221 0.51465 4914
8 13 36 27.7522 0.594015 2.65936 0.435693 6720
8 13 37 25.9176 0.913505 2.94893 0.472093 8050
8 13 38 27.6637 0.517224 2.13973 0.51731 4830
8 13 39 26.264 0.938917 3.36144 0.622755 6552
8 13 40 27.2363 0.618227 1.90978 0.721531 7084
8 13 41 28.0633 0.694346 3.03871 0.350906 5278
8 13 42 26.8274 0.695039 3.4356 0.449028 7014
8 13 43 27.2273 0.859231 2.27466 0.417995 8456
8 13 44 26.4571 0.546872 2.51106 0.701039 4620
8 13 45 25.4621 0.891372 2.681 0.49854 5726
8 13 46 26.8248 0.861604 1.82345 0.735983 10094
8 13 47 26.5822 0.656018 2.50073 0.628401 4718
8 13 48 26.5819 0.729917 2.15671 0.497484 6594
8 13 49 27.2821 0.554421 2.67659 0.644556 8022
8 13 50 26.6839 0.60483 2.87913 0.353142 5936
8 13 51 26.8548 0.569041 2.68574 0.74414 8498
8 13 52 27.4279 0.577617 2.48962 0.621693 8470
8 13 53 26.0431 0.548227 2.11849 0.606899 5600
8 13 54 26.5939 0.626817 2.02882 0.394912 6426
8 13 55 26.5934 0.610581 2.5211 0.409447 7742
8 13 56 26.4535 0.652756 3.71639 0.458321 7532
8 13 57 26.5887 0.582612 2.74711 0.346582 7980
8 13 58 27.4434 0.542698 2.68644 0.557185 6748
8 13 59 26.3541 0.78747 2.09596 0.50553 9198
8 13 60 26.4395 0.693412 1.79485 0.497192 6454
8 13 61 26.0038 0.526302 2.10691 0.543109 9464
8 13 62 24.9016 0.647883 2.77797 0.513661 9240
8 13 63 25.8439 0.657066 3.16988 0.237555 7084
8 14 0 26.7158 0.615861 2.85039 0.451682 11144
8 14 1 26.7123 0.69649 2.4574 0.610463 11410
8 14 2 27.0747 0.602317 2.13659 0.479494 10374
8 14 3 27.1454 0.609443 2.20761 0.564427 9982
8 14 4 26.4618 0.642321 1.96022 0.693707 9632
8 14 5 26.3117 0.629995 2.43271 0.549403 9506
8 14 6 24.9609 0.631918 2.79299 0.509546 10710
8 14 7 26.1977 0.519136 2.40128 0.639429 10514
8 14 8 26.1186 0.52812 2.13328 0.393319 10528
8 14 9 26.1632 0.57246 2.61153 0.585343 10472
8 14 10 26.877 0.531207 2.8216 0.554755 10822
8 14 11 26.1552 0.540189 2.62355 0.456142 9940
8 14 12 26.4312 0.54384 2.72626 0.530403 10416
8 14 13 25.6119 0.896272 2.64869 0.464692 8638
8 14 14 26.4535 0.558656 3.04865 0.538047 10836
8 14 15 25.8149 0.672206 2.30268 0.340847 7728
8 14 16 21.5441 198.701 2.19515 0.703439 10276
8 14 17 27.3287 0.647546 1.58587 0.791892 9534
8 14 18 29 -2 0 0 4004
8 14 19 26.9008 0.740858 2.95828 0.474064 10024
8 14 20 26.6028 0.469463 2.33209 0.41203 9002
8 14 21 27.4109 0.499417 2.57507 0.558586 11060
8 14 22 27.2228 0.560238 3.04677 0.480298 9912
8 14 23 26.8117 0.529849 2.69342 0.396059 8806
8 14 24 27.4889 0.520078 3.08366 0.333855 10514
8 14 25 27.0982 0.628949 2.29798 0.459026 9702
8 14 26 27.6589 0.555055 2.44138 0.37419 9912
8 14 27 23.2946 0.980929 3.4917 0.489794 3878
8 14 28 27.2815 0.603014 2.07543 0.550828 9310
8 14 29 26.8833 0.557041 2.65495 0.427727 8988
8 14 30 26.8669 0.519785 2.2018 0.319627 9758
8 14 31 27.2064 0.572155 2.46765 0.506082 9184
8 14 32 26.4369 0.688238 2.60393 0.472803 8974
8 14 33 23.4501 0.614121 2.8524 0.552522 4592
8 14 34 26.3244 0.564632 3.37015 0.372187 10052
8 14 35 27.8681 0.714441 1.74817 0.465434 8918
8 14 36 27.7523 0.583605 2.01036 0.405025 8778
8 14 37 25.9856 0.809122 2.51695 0.50308 8890
8 14 38 27.147 0.644212 2.65057 0.466858 8918
8 14 39 26.3607 0.652196 2.77412 0.420538 8722
8 14 40 27.0981 0.826821 2.19376 0.429327 7322
8 14 41 27.6813 0.654513 1.82105 0.634268 8162
8 14 42 26.7422 0.640693 2.06913 0.554663 7812
8 14 43 26.8433 0.484338 2.566 0.540405 8512
8 14 44 26.4459 0.516626 2.03678 0.881592 7896
8 14 45 26.2072 0.542216 2.46979 0.49245 8064
8 14 46 27.0644 0.568349 2.46928 0.387767 9786
8 14 47 25.9331 0.537182 2.65183 0.718711 8358
8 14 48 27.1789 0.510631 2.89953 0.467835 8358
8 14 49 25.5021 0.572175 2.1439 0.494003 7714
8 14 50 26.4702 0.620437 2.1763 0.563556 7434
8 14 51 27.0729 0.565079 2.63252 0.394482 8638
8 14 52 26.2989 0.533193 2.48086 0.448046 8050
8 14 53 27.028 0.535352 2.44505 0.583771 8232
8 14 54 25.5303 0.601568 1.92999 0.597822 8064
8 14 55 25.8347 0.489881 2.66984 0.606468 8568
8 14 56 26.0549 0.565446 2.94048 0.465912 8988
8 14 57 26.4548 0.608165 2.53504 0.600027 8148
8 14 58 25.8062 0.577326 2.46261 0.549474 8344
8 14 59 25.3507 0.58453 2.34405 0.476511 8736
8 14 60 26.5863 0.646527 3.84211 0.535389 8120
8 14 61 26.7113 0.652775 3.43998 0.390814 9534
8 14 62 25.8738 0.561475 2.82991 0.616026 8134
8 14 63 25.4592 0.885755 1.62079 0.945685 7938
8 15 0 27.0637 0.58872 3.18457 0.535088 8526
8 15 1 27.8429 0.621864 3.12452 0.377902 7812
8 15 2 27.825 0.42599 2.30027 0.488593 7140
8 15 3 27.5841 0.813002 2.74034 0.619774 5236
8 15 4 27.3981 0.602505 2.63647 0.48129 6328
8 15 5 34 -2 0 0 6342
8 15 6 28.4305 0.616978 2.82525 0.328127 5880
8 15 7 26.9766 1.03258 3.56595 0.444161 4060
8 15 8 26.3845 0.639462 3.05605 0.307365 6412
8 15 9 27.5793 0.611866 1.7972 0.641319 4816
8 15 10 29.1629 0.963752 4.94592 0.490189 5026
8 15 11 27.5637 0.664415 2.12072 0.514441 6734
8 15 12 27.1882 0.580213 2.80875 0.655253 5152
8 15 13 26.6163 0.676705 2.10505 0.525203 4326
8 15 14 27.8053 0.504992 2.33946 0.512513 8386
8 15 15 27.8571 0.832929 2.60559 0.495629 4830
8 15 16 27.5138 0.643096 2.28063 0.44297 4872
8 15 17 27.8281 0.655489 2.88182 0.50979 7728
8 15 18 26.4646 0.811272 2.47732 0.640552 5180
8 15 19 28.8404 0.672862 2.66571 0.583403 4522
8 15 20 27.4638 0.711876 1.79942 0.585428 6524
8 15 21 27.8414 0.540104 2.44484 0.438819 5586
8 15 22 27.4894 0.601746 2.46699 0.581832 3906
8 15 23 27.4641 0.714101 2.11931 0.635797 7532
8 15 24 27.3865 0.682426 3.48227 0.386656 7504
8 15 25 28.5192 0.721852 2.91209 0.459133 4270
8 15 26 27.2311 0.737538 3.06389 0.340848 9240
8 15 27 27.1346 0.54662 2.52942 0.4679 5600
8 15 28 27.418 1.01919 3.00936 0.430967 5124
8 15 29 27.9082 0.622009 1.9174 0.778187 7588
8 15 30 27.8646 1.01197 2.78815 0.53458 6160
8 15 31 27.9278 0.614922 2.81916 0.451505 4312
8 15 32 27.4009 0.754059 2.36253 0.557552 4900
8 15 33 28.4926 0.603817 2.18093 0.380995 6384
8 15 34 27.8774 0.788987 2.65326 0.396577 9016
8 15 35 27.1516 0.479768 2.08155 0.560153 5250
8 15 36 27.4356 0.53752 1.85059 0.64677 6118
8 15 37 26.6233 0.958597 2.86334 0.305412 7322
8 15 38 27.9608 0.710839 2.21258 0.543329 5390
8 15 39 28.7031 0.7024 2.08412 0.635001 7980
8 15 40 27.5886 0.856133 3.57158 0.342742 7098
8 15 41 28.2043 0.594481 3.17622 0.378663 5418
8 15 42 27.9052 0.612385 2.32801 0.586568 6986
8 15 43 27.5631 0.681963 2.73422 0.349172 8274
8 15 44 28.2779 0.666625 2.53906 0.310668 5572
8 15 45 27.5822 0.717588 2.33687 0.580022 5964
8 15 46 27.0758 0.548825 2.78733 0.497307 9338
8 15 47 34 -2 0 0 5264
8 15 48 27.5306 0.60033 2.35091 0.485107 6664
8 15 49 27.628 0.751988 2.27778 0.490434 8260
8 15 50 28.113 0.75149 2.72509 0.433044 6258
8 15 51 27.3948 0.576457 3.21305 0.413148 9688
8 15 52 28.0475 0.558547 2.93147 0.34814 8680
8 15 53 26.4803 0.68567 2.79564 0.330127 6272
8 15 54 26.5317 0.575987 2.32773 0.363213 6958
8 15 55 26.6721 0.646822 2.11364 0.549603 8778
8 15 56 27.7995 0.526924 2.67896 0.434802 7882
8 15 57 27.225 0.597334 3.26425 0.415453 9436
8 15 58 26.369 0.509393 2.37939 0.516146 7756
8 15 59 26.059 0.507411 2.73218 0.496269 10178
8 15 60 26.8907 0.823346 2.57192 0.434949 7224
8 15 61 26.8734 0.601346 2.79293 0.326125 11704
8 15 62 25.4696 0.838324 2.71291 0.586753 9954
8 15 63 24.7036 0.658847 2.12089 0.684327 8694
9 0 0 27 -2 0 0 238
9 0 1 32.9357 27.402 20 0.214789 266
9 0 2 26.5976 -3 0 0 196
9 0 3 26.5976 -3 0 0 168
9 0 4 26.5976 -3 0 0 196
9 0 5 27.1483 38.8775 20 0.163509 210
9 0 6 25 -2 0 0 224
9 0 7 26.5976 -3 0 0 168
9 0 8 26.5976 -3 0 0 224
9 0 9 24.8258 34.5324 20 0.109717 224
9 0 10 26.5976 -3 0 0 168
9 0 11 25.3898 104.692 20 0.125074 224
9 0 12 26.5976 -3 0 0 182
9 0 13 26.5976 -3 0 0 154
9 0 14 26.5017 33.0393 19.9999 0.0755631 266
9 0 15 26.5976 -3 0 0 98
9 0 16 26.5976 -3 0 0 112
9 0 17 34.6493 31.5497 20 0.144059 294
9 0 18 26.5976 -3 0 0 196
9 0 19 26.5976 -3 0 0 140
9 0 20 33.0245 36.2994 20 0.293215 224
9 0 21 26.5976 -3 0 0 196
9 0 22 40.4674 17.0817 20 0.0693398 308
9 0 23 28.6546 30.0103 20 0.0811889 210
9 0 24 24.2218 39.4429 20 0.11028 224
9 0 25 26.5976 -3 0 0 196
9 0 26 39.2397 17.3455 20 0.0425185 280
9 0 27 32.6726 27.1582 20 0.144256 224
9 0 28 26.5976 -3 0 0 196
9 0 29 25.8937 37.3463 20 0.207078 252
9 0 30 25 -2 0 0 280
9 0 31 23 -2 0 0 224
9 0 32 22 -2 0 0 210
9 0 33 26.5976 -3 0 0 168
9 0 34 25 -2 0 0 238
9 0 35 28 -2 0 0 294
9 0 36 26.5976 -3 0 0 112
9 0 37 26.5976 -3 0 0 196
9 0 38 28.9322 5.06885 8.61059 0.258637 826
9 0 39 30.231 2.93842 6.31458 0.248732 868
9 0 40 32.6002 129.933 13.2101 0.312707 238
9 0 41 25 -2 0 0 350
9 0 42 26.5976 -3 0 0 154
9 0 43 27 -2 0 0 252
9 0 44 29.0404 23.371 20 0.198459 560
9 0 45 26.5976 -3 0 0 154
9 0 46 31.8318 28.7393 20 0.233896 336
9 0 47 35.9551 14.9625 20 0.176165 812
9 0 48 17 -2 0 0 210
9 0 49 26.5976 -3 0 0 154
9 0 50 32.6777 126.642 20 0.192747 602
9 0 51 30.5776 13.9022 19.0993 0.231477 798
9 0 52 28.487 109.482 20 0.188769 462
9 0 53 26.8599 2.95533 7.00188 0.157531 994
9 0 54 26 -2 0 0 896
9 0 55 30.8862 9.9291 16.4505 0.171551 882
9 0 56 28 -2 0 0 546
9 0 57 26.66 30.3606 20 0.286571 784
9 0 58 22.4535 109.975 14.9744 0.249692 686
9 0 59 26.5976 -3 0 0 196
9 0 60 26.9914 18.584 20 0.204618 784
9 0 61 26 -2 0 0 868
9 0 62 28.0544 20.3797 20 0.233127 728
9 0 63 30.4087 13.4246 20 0.184945 938
9 1 0 32.9374 22.9744 20 0.271507 812
9 1 1 29 -2 0 0 910
9 1 2 35.2837 12.3414 20 0.221051 966
9 1 3 33.4943 13.2239 20 0.325102 1176
9 1 4 29.9985 35.7708 19.2985 0.37138 294
9 1 5 28 -2 0 0 882
9 1 6 30.0899 7.87653 13.8297 0.250065 1134
9 1 7 25 -2 0 0 1218
9 1 8 31 -2 0 0 952
9 1 9 30.6678 15.7175 20 0.30599 1106
9 1 10 30.4647 4.59273 10.3544 0.362436 1358
9 1 11 31.8216 23.9731 20 0.197087 350
9 1 12 26.9851 20.211 20 0.224671 784
9 1 13 29.0202 35.077 20 0.20221 378
9 1 14 27.6048 23.1583 20 0.272369 588
9 1 15 31.6761 30.0093 20 0.118247 364
9 1 16 29.4192 4.62683 8.32323 0.359871 1722
9 1 17 27.6316 22.2393 20 0.225236 448
9 1 18 36.6804 21.0951 20 0.344284 420
9 1 19 31.0221 19.4562 20 0.158129 532
9 1 20 25 -2 0 0 364
9 1 21 31.9381 13.7735 18.4826 0.332565 868
9 1 22 33.1527 17.0966 20 0.275109 980
9 1 23 37.6499 21.6278 20 0.0977089 224
9 1 24 31.6856 13.5684 20 0.328883 1022
9 1 25 26.2783 25.502 20 0.188993 434
9 1 26 23 -2 0 0 350
9 1 27 31.3539 27.0823 20 0.0804261 336
9 1 28 23 -2 0 0 294
9 1 29 32.488 178.835 20 0.185013 336
9 1 30 27.3547 104.426 7.54627 0.14699 280
9 1 31 30.2379 23.0246 20 0.159561 378
9 1 32 33.3553 22.5435 20 0.248201 322
9 1 33 29.4685 31.8249 20 0.124803 280
9 1 34 31.9587 25.4118 20 0.164968 364
9 1 35 36.2034 16.0214 18.4075 0.248947 350
9 1 36 26 -2 0 0 266
9 1 37 26.5774 112.459 20 0.219144 252
9 1 38 33.4122 19.3573 20 0.13864 392
9 1 39 26.5845 -3 0 0 196
9 1 40 31.5654 23.8869 20 0.120678 406
9 1 41 30.9689 27.3019 19.9999 0.232135 350
9 1 42 32.8183 18.1848 20 0.0532256 336
9 1 43 37.0894 25.8695 20 0.0329581 238
9 1 44 36.1185 17.388 19.9998 0.139743 350
9 1 45 33.1113 31.5528 20 0.132792 280
9 1 46 30.4738 26.2244 19.9999 0.150089 238
9 1 47 34.1698 23.5031 20 0.163721 420
9 1 48 27 -2 0 0 322
9 1 49 28 -2 0 0 252
9 1 50 29.8386 26.279 20 0.126238 308
9 1 51 40.6834 17.6031 20 0.0352034 266
9 1 52 24 -2 0 0 210
9 1 53 28 -2 0 0 350
9 1 54 30.6767 26.1246 20 0.144195 308
9 1 55 21 -2 0 0 266
9 1 56 35.13 18.8557 18.2015 0.347904 322
9 1 57 29.282 28.5071 20 0.117388 266
9 1 58 31.5854 11.9175 14.5855 0.145665 336
9 1 59 26.5845 -3 0 0 154
9 1 60 34.98 26.6687 20 0.16144 336
9 1 61 32.6194 26.4515 20 0.0644184 266
9 1 62 26 -2 0 0 210
9 1 63 27 -2 0 0 294
9 2 0 24 -2 0 0 966
9 2 1 28.5453 3.63888 9.31065 0.200046 1050
9 2 2 29.3555 2.55216 5.58861 0.352559 994
9 2 3 27.0116 3.95341 8.12861 0.271004 924
9 2 4 35.862 10.9836 20 0.277625 1302
9 2 5 26.8295 23.9982 17.4423 0.301762 966
9 2 6 28.6648 26.8618 20 0.301874 756
9 2 7 30 -2 0 0 1288
9 2 8 27.0579 1.17989 2.93065 0.425376 1540
9 2 9 30 -2 0 0 1078
9 2 10 31 -2 0 0 1260
9 2 11 25.9551 36.5909 14.4109 0.336968 1120
9 2 12 28.7757 3.05464 5.70012 0.344843 756
9 2 13 32.5096 9.97259 17.0901 0.390702 1316
9 2 14 29.8195 3.66932 10.4302 0.231022 1414
9 2 15 28.8918 5.36998 9.63259 0.239807 1106
9 2 16 30.0383 3.48318 6.80881 0.277358 1134
9 2 17 27.6782 3.67949 6.66781 0.416634 1792
9 2 18 32.3883 12.6937 18.1656 0.336308 868
9 2 19 29 -2 0 0 1274
9 2 20 25.7161 22.4432 20 0.295652 1358
9 2 21 32.3171 19.3482 20 0.201238 686
9 2 22 28 -2 0 0 1330
9 2 23 30.7009 5.24274 12.229 0.316138 1666
9 2 24 28 -2 0 0 1568
9 2 25 27 -2 0 0 1596
9 2 26 29.0369 1.5006 4.51844 0.372378 1932
9 2 27 32 -2 0 0 1246
9 2 28 27.2544 1.49569 3.8529 0.271046 1162
9 2 29 32.5553 6.90617 14.2625 0.533879 2002
9 2 30 26.3229 2.52672 5.20357 0.342304 1148
9 2 31 25.8844 1.99036 4.9398 0.328998 1512
9 2 32 31.4905 7.53637 14.6023 0.327998 1484
9 2 33 25.3738 2.08348 4.71751 0.245444 1456
9 2 34 33.1432 7.9211 13.972 0.530545 2590
9 2 35 27 -2 0 0 1372
9 2 36 27.1452 1.15488 3.00067 0.334486 1274
9 2 37 30.9854 3.41756 9.12132 0.31598 1652
9 2 38 29.6851 22.5174 18.5313 0.396726 1456
9 2 39 24.8406 36.9975 19.7171 0.144738 420
9 2 40 22.697 22.7538 20 0.399071 1820
9 2 41 26.3985 1.64359 4.2887 0.32302 1456
9 2 42 24.1624 20.5048 20 0.34593 1708
9 2 43 27.2574 1.55369 4.53639 0.244503 2254
9 2 44 28.5186 28.494 18.8094 0.43032 1638
9 2 45 27.231 15.3113 14.824 0.347242 1428
9 2 46 28.0132 0.700067 2.3484 0.380916 2590
9 2 47 26.9943 2.0227 5.20501 0.338003 1820
9 2 48 27 -2 0 0 1442
9 2 49 25.4981 1.1878 3.56538 0.338615 1862
9 2 50 29.9298 2.4356 6.4717 0.250278 1470
9 2 51 33.7458 11.099 20 0.473304 2954
9 2 52 31.0904 5.59225 11.9459 0.403228 2436
9 2 53 30.0597 5.78226 12.7789 0.366907 1750
9 2 54 29.188 7.13908 13.8572 0.443022 2058
9 2 55 22.4917 21.9639 20 0.398949 1988
9 2 56 23.3082 22.6444 20 0.360552 1946
9 2 57 23.5942 1.03052 3.2641 0.298994 2730
9 2 58 30 -2 0 0 1736
9 2 59 25 -2 0 0 2660
9 2 60 21.4152 39.5912 20 0.165432 462
9 2 61 24.8934 0.821703 2.78979 0.325406 2870
9 2 62 25.4594 1.92098 6.34118 0.370381 2968
9 2 63 28.3996 1.82487 5.46129 0.353075 1988
9 3 0 26.2888 0.773981 2.87416 0.439924 3262
9 3 1 27.7409 1.07819 3.46934 0.44965 3668
9 3 2 22.3208 13.5119 13.1986 0.191666 504
9 3 3 22 -2 0 0 630
9 3 4 28.0619 1.33095 5.11674 0.316309 3080
9 3 5 25.2664 0.907397 3.53859 0.435018 3346
9 3 6 25.4594 0.773517 2.9004 0.361228 3066
9 3 7 27.8056 0.902941 3.43908 0.356321 4340
9 3 8 25.892 0.762818 2.97147 0.375934 3248
9 3 9 29.1908 17.0741 18.4522 0.230399 574
9 3 10 28.423 1.25498 5.05449 0.3639 3318
9 3 11 30 -2 0 0 2660
9 3 12 30.3358 6.31851 13.0323 0.37816 1316
9 3 13 27.1723 1.68274 6.32909 0.398549 2912
9 3 14 31.1354 9.29031 16.1401 0.520788 2758
9 3 15 29 -2 0 0 1288
9 3 16 25.2385 1.68515 4.87909 0.474434 5852
9 3 17 32 -2 0 0 2576
9 3 18 33.0853 4.96327 11.3149 0.486254 2660
9 3 19 27.3425 0.716688 2.60361 0.381575 3836
9 3 20 19.8334 0.557248 1.25249 0.442921 1428
9 3 21 23.8654 1.4297 4.22119 0.207453 1288
9 3 22 27 -2 0 0 4018
9 3 23 28.378 1.25615 4.07753 0.268142 2646
9 3 24 26.066 1.24764 4.48724 0.44333 2786
9 3 25 28.8579 0.861395 2.7074 0.385058 3276
9 3 26 30.2636 2.59145 7.35328 0.506758 2450
9 3 27 25.6315 0.751191 2.27185 0.521388 2422
9 3 28 25.8428 1.28111 4.56923 0.391454 2632
9 3 29 30.6975 4.78595 9.61492 0.499319 2072
9 3 30 27.6047 1.72133 5.39248 0.570544 2296
9 3 31 33.9763 3.25101 10.5136 0.493951 3514
9 3 32 29.0195 1.82851 6.38324 0.407537 2884
9 3 33 26.4516 5.10064 11.0628 0.291006 1036
9 3 34 28.7478 2.80896 8.78952 0.452729 2254
9 3 35 27.3222 0.973277 3.49741 0.442811 3304
9 3 36 28.2124 0.728601 2.56624 0.326657 2702
9 3 37 27.0039 19.4455 20 0.45374 1834
9 3 38 27.6557 2.79292 8.62749 0.505934 2758
9 3 39 31.1285 2.08268 6.59803 0.324763 1652
9 3 40 27.5259 1.39968 4.85542 0.523858 2436
9 3 41 25.8242 1.19075 4.21222 0.456317 2814
9 3 42 29.2547 1.62088 4.44295 0.361534 2198
9 3 43 29.0566 4.36658 7.39965 0.480208 2072
9 3 44 30.4054 2.36721 7.75033 0.354623 2450
9 3 45 24.0573 1.25009 3.92684 0.414729 2086
9 3 46 27.3789 17.394 20 0.481932 2030
9 3 47 27.1622 0.847138 3.02959 0.372019 2170
9 3 48 29.3551 1.78356 5.15008 0.439276 2058
9 3 49 28 -2 0 0 1722
9 3 50 28.0773 1.49093 4.27912 0.39157 1694
9 3 51 27.175 1.58737 4.49581 0.34479 1442
9 3 52 29.1842 10.0962 14.9748 0.357229 1596
9 3 53 27.3163 17.3741 15.32 0.522613 2156
9 3 54 29.2163 3.48893 6.84521 0.423828 1610
9 3 55 30.0264 10.7837 17.3925 0.473916 1386
9 3 56 30.7392 3.37021 9.51525 0.329103 1400
9 3 57 27.1327 9.57655 18.4781 0.330996 1330
9 3 58 26.9964 24.8703 17.5514 0.398832 1484
9 3 59 28.0509 15.4306 17.8925 0.414426 1372
9 3 60 26.047 1.32149 4.89819 0.352819 1974
9 3 61 30.1721 6.73679 14.2476 0.348815 1092
9 3 62 33.42 8.25536 18.2184 0.448735 1302
9 3 63 31.8456 4.50836 13.6791 0.373817 1624
9 4 0 28 -2 0 0 3066
9 4 1 26.0823 1.21871 2.98839 0.397103 3360
9 4 2 25.8584 0.624133 2.16232 0.450593 3430
9 4 3 29.2215 7.60063 12.7834 0.384828 826
9 4 4 27.7116 21.4297 20 0.285093 658
9 4 5 25 -2 0 0 1246
9 4 6 26.262 14.4566 20 0.41332 2114
9 4 7 27.3825 0.878396 3.27717 0.351639 2394
9 4 8 21.8041 39.102 20 0.237088 322
9 4 9 27.8206 18.603 20 0.492404 2030
9 4 10 34.6058 9.68767 20 0.407704 1792
9 4 11 32 -2 0 0 280
9 4 12 24.832 1.03653 3.20757 0.432866 2114
9 4 13 27 -2 0 0 2198
9 4 14 31.4622 6.30458 13.8425 0.408796 1932
9 4 15 28.7838 14.5517 20 0.407163 1750
9 4 16 26.9181 13.7253 16.654 0.401838 1974
9 4 17 27.0074 1.88522 5.0095 0.375285 3388
9 4 18 0 -10 0 0 0
9 4 19 25.4848 1.19704 3.86648 0.388862 1932
9 4 20 23 -2 0 0 1470
9 4 21 27 -2 0 0 1708
9 4 22 23.6811 32.6631 15.8508 0.422344 2030
9 4 23 26 -2 0 0 616
9 4 24 29.0556 10.1051 20 0.429402 2898
9 4 25 31.7696 7.392 16.9518 0.32479 1624
9 4 26 25.4189 0.779437 2.91655 0.395309 3626
9 4 27 26.8698 0.903686 2.73214 0.354077 1274
9 4 28 26 -2 0 0 1862
9 4 29 28.995 14.9826 19.9929 0.44816 2688
9 4 30 25.2215 -3 0 0 168
9 4 31 29.0997 17.6595 18.123 0.369285 1666
9 4 32 29.6924 3.78654 10.7639 0.397569 1988
9 4 33 24 -2 0 0 280
9 4 34 26.3184 0.931145 2.39535 0.441964 4228
9 4 35 28.9635 11.8137 16.5674 0.396326 1764
9 4 36 0 -10 0 0 0
9 4 37 0 -10 0 0 0
9 4 38 28.2277 15.8643 20 0.495206 2408
9 4 39 20.4426 149.465 19.6912 0.228816 308
9 4 40 25.2215 -3 0 0 168
9 4 41 27.3092 20.4744 20 0.452889 1736
9 4 42 27.0346 122.056 19.995 0.168577 392
9 4 43 25.049 0.787891 2.61688 0.432834 3934
9 4 44 29.7357 15.2735 19.801 0.459312 1988
9 4 45 34.1293 14.7449 20 0.188294 588
9 4 46 26.2115 0.821312 3.04731 0.400568 4900
9 4 47 24 -2 0 0 2184
9 4 48 25.2215 -3 0 0 196
9 4 49 27.0392 0.80063 2.70779 0.427612 3416
9 4 50 28.7468 16.6115 20 0.317903 756
9 4 51 25.7848 0.786129 2.52957 0.276852 4046
9 4 52 23.1681 1.82016 4.47548 0.439456 3724
9 4 53 31.0166 9.35031 16.8247 0.449622 2240
9 4 54 25 -2 0 0 308
9 4 55 24.2977 1.32464 2.53311 0.374328 3444
9 4 56 24.7563 19.0075 14.8258 0.358977 728
9 4 57 22.3371 0.967873 2.98229 0.443529 3122
9 4 58 24.9202 1.1458 4.34381 0.364109 3360
9 4 59 23.1418 0.858809 3.32795 0.256124 3962
9 4 60 24.8021 0.898388 3.22838 0.350066 2618
9 4 61 23.538 1.48725 6.39926 0.461251 4984
9 4 62 24.0062 0.834293 2.95978 0.318763 3836
9 4 63 26 -2 0 0 2422
9 5 0 25.3199 0.707085 2.58263 0.434052 5068
9 5 1 24.7842 0.766438 2.58101 0.336766 5194
9 5 2 25.1553 0.692486 2.66382 0.4895 6230
9 5 3 21.4225 0.61224 1.99771 0.642911 3542
9 5 4 27.5181 0.801854 2.05307 0.487856 5936
9 5 5 26.6018 0.591862 2.47017 0.545667 5334
9 5 6 26.067 0.780763 2.08635 0.451806 6538
9 5 7 26.2986 0.677791 2.32023 0.294383 9296
9 5 8 29 -2 0 0 5530
9 5 9 23.9266 0.739488 3.51356 0.349735 4816
9 5 10 27.0861 0.659454 2.3495 0.439314 9422
9 5 11 22 -2 0 0 2408
9 5 12 26.3989 0.539192 2.39296 0.520091 6090
9 5 13 25.8112 0.590053 1.92883 0.498544 7266
9 5 14 21.5388 1.76737 5.36374 0.419113 2982
9 5 15 28.2255 2.93507 6.4598 0.607752 2954
9 5 16 26.0419 0.605364 2.85617 0.506272 10598
9 5 17 28.4376 7.84606 15.1161 0.7252 3738
9 5 18 26 -2 0 0 4298
9 5 19 25.8237 0.649748 3.14687 0.346614 8260
9 5 20 25.4565 0.649802 2.56016 0.419813 5460
9 5 21 26.5543 0.747028 2.76107 0.323588 7560
9 5 22 26.6113 0.702286 3.35148 0.420715 8092
9 5 23 26.0215 0.885754 2.88528 0.42382 4634
9 5 24 26.1637 1.10426 3.69507 0.566897 5208
9 5 25 26.9818 0.548285 2.22135 0.59558 8540
9 5 26 28.7351 11.8414 20 0.708333 3738
9 5 27 26.1189 8.80552 14.4493 0.302003 770
9 5 28 26.5082 0.941226 2.54888 0.576318 7308
9 5 29 28 -2 0 0 4018
9 5 30 17.9409 118.053 14.0545 0.198059 1036
9 5 31 26.1166 0.632355 1.95941 0.531152 7812
9 5 32 26.2965 1.95996 4.81481 0.277746 1008
9 5 33 25.6254 10.1174 9.84696 0.269287 756
9 5 34 22.5293 0.521748 2.09296 0.527514 3500
9 5 35 25.3847 0.642542 2.67661 0.529928 7098
9 5 36 25.9348 0.816639 2.63692 0.558343 5544
9 5 37 25.2634 0.661826 2.24296 0.610549 4718
9 5 38 24.1915 6.4891 9.53461 0.283235 938
9 5 39 26.7828 1.01134 2.34228 0.405711 4354
9 5 40 26.1595 1.07032 2.84559 0.418521 1582
9 5 41 26.7907 0.937877 2.42575 0.530976 6342
9 5 42 19 -2 0 0 630
9 5 43 25.4955 0.640678 2.76915 0.357508 4116
9 5 44 24.8614 0.953774 4.17986 0.363788 2758
9 5 45 24.7782 1.45729 4.15757 0.398096 1442
9 5 46 27.3484 0.856256 3.70253 0.475702 4200
9 5 47 26.9427 0.698084 2.49506 0.447381 5362
9 5 48 25.6168 16.628 20 0.453173 1414
9 5 49 18.9598 150.284 12.2887 0.250053 532
9 5 50 25.7454 0.739508 1.91591 0.380664 5642
9 5 51 27.2417 0.974324 3.13737 0.623727 4130
9 5 52 25 -2 0 0 1092
9 5 53 26.7058 0.882745 4.14219 0.433799 3780
9 5 54 24.1499 0.853198 2.51884 0.509158 4536
9 5 55 25.5813 0.792133 1.71656 0.5245 3948
9 5 56 27.6148 13.1018 20 0.720225 4144
9 5 57 26.4633 1.23001 4.15262 0.53671 4116
9 5 58 24.9063 0.840386 3.73369 0.214303 4368
9 5 59 26.7835 2.51562 7.92882 0.447494 1904
9 5 60 27.5222 1.74677 5.53407 0.799975 5096
9 5 61 31.9902 4.77365 10.7728 0.645608 3808
9 5 62 24.5438 0.680802 3.01428 0.476846 3906
9 5 63 24.9902 0.80509 2.84801 0.367231 4732
9 6 0 26.3792 0.813597 3.323 0.391165 4900
9 6 1 25.2802 9.57007 18.7203 0.571381 3556
9 6 2 26.7027 0.622939 2.38429 0.476225 3836
9 6 3 28.959 1.87164 4.68224 0.422282 2030
9 6 4 34.3489 7.91373 16.454 0.534834 2926
9 6 5 24.3994 0.785858 2.51712 0.356921 2716
9 6 6 26.3277 1.78233 4.07849 0.503522 3094
9 6 7 25 -2 0 0 1988
9 6 8 25.614 0.921202 2.27593 0.45788 3360
9 6 9 24.5331 18.2103 20 0.447573 2114
9 6 10 26 -2 0 0 2268
9 6 11 26.4594 0.717763 2.40224 0.399299 2912
9 6 12 26.5485 0.860417 3.12421 0.400377 2478
9 6 13 25.5618 0.82776 2.54045 0.370441 1652
9 6 14 26.1185 0.657234 1.97232 0.43005 4858
9 6 15 25.9845 2.95438 8.06123 0.463717 2240
9 6 16 33.483 8.32849 17.1378 0.57659 2562
9 6 17 26.4893 0.771346 3.08806 0.349609 3836
9 6 18 26.975 0.894768 2.84052 0.444992 2814
9 6 19 26.3464 0.881645 2.95143 0.443919 2324
9 6 20 27.3404 0.766187 2.85098 0.440284 3220
9 6 21 30 -2 0 0 2478
9 6 22 27 -2 0 0 1974
9 6 23 27.6592 1.11452 3.10103 0.403605 3416
9 6 24 26.4356 0.828534 3.09959 0.384615 3220
9 6 25 25.6489 1.85919 3.92816 0.320214 1918
9 6 26 26.8597 0.810129 3.30813 0.348399 4858
9 6 27 25.6635 18.6374 20 0.456456 1988
9 6 28 25.1981 0.892342 2.53819 0.38615 1848
9 6 29 26.9623 0.745406 2.76653 0.313512 3626
9 6 30 25.4552 0.941367 3.50909 0.338432 2520
9 6 31 25.6161 0.589866 1.67354 0.502123 1708
9 6 32 28.0384 1.30143 3.65467 0.306993 1820
9 6 33 32.7862 6.59692 13.3213 0.469671 2324
9 6 34 28.1515 1.65031 5.95689 0.521181 4788
9 6 35 27.1867 1.71953 4.84348 0.313455 1694
9 6 36 28.843 3.67494 10.4003 0.556324 2562
9 6 37 27.6626 0.78862 3.21784 0.269165 3318
9 6 38 28 -2 0 0 1904
9 6 39 20.7454 21.3753 20 0.522212 2184
9 6 40 24 -2 0 0 2940
9 6 41 27.4271 1.6719 5.82644 0.243097 1764
9 6 42 25.5577 0.697137 2.66677 0.378123 2772
9 6 43 25.5531 0.739137 2.37568 0.370191 3052
9 6 44 26.0862 1.34473 4.43663 0.293057 2044
9 6 45 28.8073 1.15443 3.83346 0.319701 2324
9 6 46 26.1347 0.772497 2.99242 0.324436 4466
9 6 47 29.4365 4.86066 11.1546 0.576738 2128
9 6 48 29.7392 15.0457 20 0.507982 2562
9 6 49 26.7802 0.787463 3.13107 0.335252 3220
9 6 50 30.0334 16.9265 20 0.544509 2156
9 6 51 25.2404 0.77308 2.72915 0.276108 3626
9 6 52 31.3966 10.5199 17.1141 0.488847 3556
9 6 53 28.1865 1.4975 5.22752 0.298092 1946
9 6 54 25.7822 0.83505 2.28402 0.329237 2296
9 6 55 25.2235 0.905457 2.47293 0.287532 3528
9 6 56 23.4421 17.9281 20 0.577061 2758
9 6 57 25.0133 0.760968 2.49622 0.384497 3262
9 6 58 23.556 1.75834 6.16945 0.380519 2562
9 6 59 25.61 20.2906 20 0.622045 4116
9 6 60 26 -2 0 0 2072
9 6 61 25.4803 0.701692 2.80991 0.270888 4242
9 6 62 25.049 1.52262 6.20294 0.462055 3976
9 6 63 25 -2 0 0 2758
9 7 0 25.4246 0.578996 2.77239 0.717983 4942
9 7 1 26.734 0.531081 2.86007 0.437901 5908
9 7 2 27.0321 0.537241 2.27666 0.518213 5544
9 7 3 25.6064 0.552569 2.97206 0.310215 7196
9 7 4 25.784 0.625501 3.05191 0.391464 5740
9 7 5 26.2001 0.833622 4.1808 0.684917 6048
9 7 6 25.9058 0.692007 1.66808 0.720659 6426
9 7 7 25.5546 0.640933 3.59995 0.52612 9478
9 7 8 26.3117 0.602543 2.89704 0.386535 5572
9 7 9 26.164 0.744723 2.03883 0.764245 7630
9 7 10 26.9036 0.617482 2.56827 0.529799 8442
9 7 11 26.2299 0.620729 1.81099 0.627701 5432
9 7 12 25.7291 0.621851 3.41145 0.31742 6300
9 7 13 31 -2 0 0 7140
9 7 14 26.8662 0.743009 2.32512 0.527041 4648
9 7 15 26.666 0.520736 2.12286 0.650747 6888
9 7 16 26.0682 0.724032 2.21159 0.536761 10178
9 7 17 26.246 0.72643 1.74475 0.604394 4494
9 7 18 26.9751 0.592883 2.4928 0.359133 6594
9 7 19 26.8019 0.56174 3.06364 0.376571 9786
9 7 20 26.8252 0.549507 1.70399 0.582345 6076
9 7 21 26.338 0.84306 3.14952 0.397381 7168
9 7 22 26.9074 0.660313 2.53405 0.484497 8134
9 7 23 27.3727 0.727664 2.63537 0.521499 5306
9 7 24 28.373 0.706757 3.03785 0.387561 4676
9 7 25 26.8765 0.575533 2.67906 0.525004 9268
9 7 26 26.9483 0.555754 2.22315 0.630848 4340
9 7 27 26.6808 0.769792 2.70713 0.43124 7504
9 7 28 25.4876 0.587298 2.83897 0.509658 7574
9 7 29 26.2453 0.496118 1.85708 0.663277 4578
9 7 30 26.8299 0.657791 2.37476 0.447009 5880
9 7 31 25.7907 0.637222 2.43847 0.431157 9324
9 7 32 25.8735 0.666347 2.45305 0.416002 8218
9 7 33 26.114 0.731064 2.00672 0.51244 6510
9 7 34 26.1447 0.619151 2.9278 0.605057 4522
9 7 35 26.1058 0.673015 2.31187 0.40184 10038
9 7 36 25.7422 0.76031 2.45279 0.355852 7224
9 7 37 26.9922 0.822774 2.13757 0.472083 5180
9 7 38 27.0673 0.581821 2.76576 0.508463 9758
9 7 39 27.0326 1.25738 2.23695 0.603361 7574
9 7 40 26.9824 0.604305 2.3325 0.522588 5600
9 7 41 28.0758 0.598731 2.63989 0.502088 8092
9 7 42 26.614 1.45961 2.86412 0.692553 5250
9 7 43 25.6195 0.937101 2.89084 0.393481 4424
9 7 44 21.2941 0.876953 3.1265 0.589223 2044
9 7 45 26.5322 0.626552 2.09817 0.465138 7070
9 7 46 27.0736 0.692731 2.16882 0.474186 5068
9 7 47 26.9744 0.673365 2.94413 0.42825 9338
9 7 48 25.7644 0.555384 1.94112 0.614091 6230
9 7 49 25.4702 0.584545 2.39042 0.454104 5082
9 7 50 27.4979 0.532457 2.57021 0.539294 8092
9 7 51 24.5563 0.886027 3.77921 0.299454 5712
9 7 52 24.8845 0.979913 2.0204 0.517695 5292
9 7 53 26.2539 0.758657 2.00076 0.647372 9198
9 7 54 27.0226 0.703161 2.21673 0.448211 6426
9 7 55 27.3595 0.707102 1.66347 0.512413 5026
9 7 56 26.2723 0.567457 2.58587 0.59076 6202
9 7 57 24.6935 0.669821 2.12364 0.753201 5992
9 7 58 26.0678 0.840236 2.13453 0.570355 5936
9 7 59 25.9625 0.727803 2.78133 0.446275 4830
9 7 60 19.4811 0.676682 2.4724 0.670071 5250
9 7 61 24.553 0.530097 2.14332 0.609964 4984
9 7 62 25.4337 0.884634 4.09451 0.526398 4522
9 7 63 25.8541 0.598929 1.9051 0.629502 5404
9 8 0 26.5704 187.513 20 0.161913 392
9 8 1 32.8491 20.107 20 0.291086 434
9 8 2 31 -2 0 0 238
9 8 3 28.3815 32.3519 20 0.0690853 238
9 8 4 25 -2 0 0 294
9 8 5 31.1116 27.9461 7.413 0.233139 308
9 8 6 30.8882 23.5631 20 0.195225 448
9 8 7 25.6939 15.2643 7.99642 0.143694 336
9 8 8 36.9375 19.6662 20 0.179851 406
9 8 9 35.7728 18.8604 20 0.130974 392
9 8 10 36.6025 37.7208 19.9445 0.183174 252
9 8 11 31.8071 21.6376 20 0.131962 378
9 8 12 30.0143 27.3979 19.9995 0.282632 378
9 8 13 35.0529 22.2117 20 0.216217 378
9 8 14 26.3686 -3 0 0 140
9 8 15 26.3686 -3 0 0 42
9 8 16 26 -2 0 0 280
9 8 17 26.3686 -3 0 0 154
9 8 18 24 -2 0 0 210
9 8 19 28 -2 0 0 308
9 8 20 26.3686 -3 0 0 70
9 8 21 23 -2 0 0 294
9 8 22 26.3686 -3 0 0 56
9 8 23 27 -2 0 0 350
9 8 24 30.6066 28.5562 20 0.152327 294
9 8 25 35.0616 11.9786 15.0863 0.229739 476
9 8 26 31.0529 19.9538 20 0.198281 602
9 8 27 26.3686 -3 0 0 56
9 8 28 22 -2 0 0 476
9 8 29 29.1229 3.96874 5.49817 0.0793635 322
9 8 30 27.3456 29.502 20 0.123002 294
9 8 31 31.4923 16.6592 20 0.13816 532
9 8 32 38.134 19.9927 20 0.120639 462
9 8 33 30.3032 37.0673 20 0.200545 350
9 8 34 35.9061 16.6268 19.9999 0.114783 336
9 8 35 32.3431 13.2285 20 0.172827 784
9 8 36 26.3686 -3 0 0 112
9 8 37 27 -2 0 0 336
9 8 38 32.7375 17.7703 20 0.310586 1274
9 8 39 29.9777 1.27406 4.10036 0.235623 1680
9 8 40 26.3686 -3 0 0 70
9 8 41 26.3686 -3 0 0 98
9 8 42 26.3686 -3 0 0 140
9 8 43 27.5981 6.51952 6.52306 0.187842 210
9 8 44 26.3686 -3 0 0 84
9 8 45 26 -2 0 0 616
9 8 46 27 -2 0 0 392
9 8 47 23.8082 22.338 20 0.376684 1806
9 8 48 26.3686 -3 0 0 14
9 8 49 26.3686 -3 0 0 84
9 8 50 26.3686 -3 0 0 84
9 8 51 34.5276 11.6532 17.595 0.295928 1302
9 8 52 25 -2 0 0 308
9 8 53 26.3686 -3 0 0 140
9 8 54 26.3686 -3 0 0 154
9 8 55 31.3067 5.68993 10.6472 0.320759 1302
9 8 56 22.9346 21.2952 20 0.262382 1036
9 8 57 31.0901 14.4755 20 0.311725 1610
9 8 58 30.0609 5.58544 10.4492 0.331233 1218
9 8 59 25 -2 0 0 602
9 8 60 26.3686 -3 0 0 140
9 8 61 30.1674 15.0679 18.8053 0.31587 1554
9 8 62 27.2175 17.7372 20 0.290613 1232
9 8 63 26.4163 3.69564 7.89072 0.235051 1246
9 9 0 28.9846 15.1982 20 0.297238 1302
9 9 1 29.2892 2.98841 7.77013 0.173054 1022
9 9 2 32.6718 5.4903 12.142 0.301702 1358
9 9 3 27.7876 3.86747 7.46327 0.309043 798
9 9 4 29.4198 19.5556 20 0.218777 476
9 9 5 24.0927 13.3789 17.1516 0.309372 840
9 9 6 30.3801 14.1581 19.9992 0.259593 966
9 9 7 35.2036 15.9545 20 0.168921 532
9 9 8 29.0658 3.78165 5.51589 0.327373 1064
9 9 9 30 -2 0 0 1134
9 9 10 29.4863 18.6876 20 0.34047 1036
9 9 11 30.3892 28.3354 20 0.198268 392
9 9 12 27.6228 1.78296 4.09659 0.222669 1120
9 9 13 32.2638 23.0423 20 0.0962049 322
9 9 14 27.6692 19.9149 18.0401 0.24162 966
9 9 15 33.1946 8.57163 11.0751 0.245245 266
9 9 16 23 -2 0 0 644
9 9 17 23.5738 36.8 20 0.318602 392
9 9 18 35.1946 26.4192 19.9999 0.0456858 238
9 9 19 33.2807 28.5756 20 0.101875 322
9 9 20 34.1569 21.8713 20 0.0575574 224
9 9 21 26.5717 1.3446 3.45546 0.30044 1302
9 9 22 34.8847 16.8724 19.0057 0.218655 686
9 9 23 27.8884 22.2751 20 0.230363 518
9 9 24 25.7624 23.3029 17.502 0.299595 896
9 9 25 26.2001 -3 0 0 182
9 9 26 24 -2 0 0 658
9 9 27 36.2287 18.8947 20 0.138351 252
9 9 28 32.3442 23.5618 20 0.129657 266
9 9 29 31.3132 21.8282 20 0.152865 392
9 9 30 26.2001 -3 0 0 196
9 9 31 26.2001 -3 0 0 196
9 9 32 31 -2 0 0 252
9 9 33 27.6994 8.55689 10.5761 0.256249 336
9 9 34 27.7715 28.3647 20 0.15643 476
9 9 35 26.2001 -3 0 0 182
9 9 36 29 -2 0 0 294
9 9 37 36.2127 20.9207 20 0.0992777 266
9 9 38 33.3359 21.7437 20 0.216017 350
9 9 39 25.7349 18.7055 13.6674 0.0916091 238
9 9 40 30.0023 26.8533 19.9994 0.161517 280
9 9 41 34.6031 19.524 20 0.100581 252
9 9 42 33.7722 33.936 13.7026 0.275596 280
9 9 43 38.332 18.9277 20 0.122619 294
9 9 44 25 -2 0 0 266
9 9 45 37.8229 26.4293 20 0.197597 238
9 9 46 28 -2 0 0 322
9 9 47 37.8339 25.8654 20 0.199802 210
9 9 48 28.2744 34.0475 20 0.185155 252
9 9 49 29 -2 0 0 266
9 9 50 35.2543 12.3617 14.7224 0.247407 308
9 9 51 17 -2 0 0 308
9 9 52 26 -2 0 0 392
9 9 53 32.0887 28.9181 20 0.190274 294
9 9 54 25 -2 0 0 238
9 9 55 21 -2 0 0 308
9 9 56 26.2001 -3 0 0 126
9 9 57 22.5349 186.526 20 0.261586 350
9 9 58 35.877 0.103165 0.1 0.184542 322
9 9 59 19 -2 0 0 252
9 9 60 24 -2 0 0 322
9 9 61 34.274 20.3896 20 0.216548 308
9 9 62 22 -2 0 0 210
9 9 63 32.2999 23.3532 20 0.187263 238
9 10 0 29.0539 3.97318 9.37031 0.464175 2170
9 10 1 27.3995 0.926659 3.69778 0.375805 2520
9 10 2 27.9195 0.757537 3.09482 0.51936 2772
9 10 3 30 -2 0 0 672
9 10 4 24.9817 0.987168 3.31642 0.504382 2646
9 10 5 25.2654 0.940709 3.34371 0.446159 2604
9 10 6 27.7384 2.15418 6.38829 0.514761 2016
9 10 7 27.825 0.919865 3.71967 0.32555 3318
9 10 8 29 -2 0 0 2842
9 10 9 30.8486 16.4114 14.9345 0.220716 294
9 10 10 26.3477 2.05083 6.16055 0.492193 2492
9 10 11 25.8815 1.44052 3.78304 0.489096 2632
9 10 12 24.8725 0.900312 3.63322 0.278732 2450
9 10 13 27.2134 0.680308 2.89362 0.25821 3052
9 10 14 27.3292 0.727926 3.0878 0.321487 2422
9 10 15 27.4538 0.86365 3.48753 0.495148 2856
9 10 16 29 -2 0 0 2758
9 10 17 28.3733 2.05408 5.64888 0.57901 3332
9 10 18 33 -2 0 0 2674
9 10 19 25.5542 0.71146 2.68348 0.55956 3514
9 10 20 25.1908 0.767922 3.30964 0.41741 2968
9 10 21 27 -2 0 0 3024
9 10 22 27.4383 1.25157 4.19801 0.399869 2324
9 10 23 26.4247 0.994816 2.8469 0.551111 3220
9 10 24 28.3458 0.703065 2.51755 0.538532 2534
9 10 25 25.482 0.657977 2.80498 0.425962 4214
9 10 26 26.9501 1.17989 4.40252 0.416788 3780
9 10 27 22.7048 2.16795 7.22528 0.593141 3066
9 10 28 28.2363 0.714516 2.07415 0.487893 3206
9 10 29 26.9717 0.715524 2.8845 0.437729 2996
9 10 30 28 -2 0 0 3150
9 10 31 27.3021 0.792991 3.39629 0.443877 4018
9 10 32 25.8401 0.795104 3.32055 0.390857 3794
9 10 33 26.2335 0.854772 3.22757 0.386102 3542
9 10 34 27.8851 1.068 4.10473 0.493574 3640
9 10 35 26.3613 0.854774 1.82611 0.490984 4340
9 10 36 27.0483 0.861218 3.89796 0.284799 3486
9 10 37 27.0395 0.785413 3.32223 0.393196 3556
9 10 38 25.848 0.645253 2.28075 0.722973 5292
9 10 39 25.4721 0.651763 2.5142 0.338773 6090
9 10 40 27.2366 1.04291 4.57229 0.396219 3934
9 10 41 25.835 0.739852 3.25473 0.458599 4438
9 10 42 27.0786 0.722014 2.3484 0.398651 4004
9 10 43 26.3647 0.940934 3.39513 0.457928 3822
9 10 44 25.201 0.73777 2.87948 0.513091 4592
9 10 45 26.1264 0.728144 2.02819 0.396684 3794
9 10 46 27.1115 0.728067 2.59403 0.423333 4564
9 10 47 30.9034 8.32479 16.4676 0.677339 6538
9 10 48 27.3041 0.983064 4.74067 0.362459 4312
9 10 49 27.7519 0.793228 3.11228 0.542962 4830
9 10 50 24.004 0.859757 3.24184 0.373303 5180
9 10 51 25.3915 0.618834 2.40164 0.464729 6258
9 10 52 25.8511 0.837765 2.31483 0.390084 4396
9 10 53 25.2456 0.589016 2.27475 0.561275 6188
9 10 54 25.8582 0.725417 2.67663 0.434125 4886
9 10 55 26.1783 0.770323 2.44761 0.453711 4984
9 10 56 22.5997 0.709085 3.36028 0.59576 5964
9 10 57 24.9859 1.22815 2.13367 0.566209 5950
9 10 58 25.1614 0.57289 2.28659 0.529016 4942
9 10 59 24.9512 0.581304 2.23646 0.438475 4648
9 10 60 26.3454 0.859843 3.81262 0.436223 5922
9 10 61 26.0283 0.610809 2.61564 0.533188 6006
9 10 62 25.7451 0.788271 3.49809 0.335852 5600
9 10 63 24.9526 0.672214 2.57816 0.528409 4662
9 11 0 26.7014 1.12807 3.10951 0.354496 5782
9 11 1 28.0716 0.693765 3.04758 0.406561 5054
9 11 2 27.1657 0.839598 1.98056 0.39628 5418
9 11 3 28.6062 1.53141 5.51035 0.50412 3108
9 11 4 29.2674 1.03422 4.08856 0.361905 3220
9 11 5 31.8812 3.05179 8.25971 0.53932 3584
9 11 6 26.4657 0.812867 3.32019 0.573738 4620
9 11 7 27.3076 0.976189 3.49229 0.40783 2884
9 11 8 28.2762 1.09093 2.80762 0.29716 4116
9 11 9 25.8168 0.895962 3.50132 0.421806 3990
9 11 10 25.9514 15.0535 17.6037 0.628674 3416
9 11 11 29.4314 1.64471 4.98527 0.472151 3626
9 11 12 28.946 1.09894 2.4486 0.487906 3066
9 11 13 29.8021 2.47242 8.63692 0.531169 2828
9 11 14 28.6485 0.749256 3.13254 0.396953 5096
9 11 15 30.3199 2.54694 7.65889 0.51853 2730
9 11 16 27.2434 1.08411 3.77324 0.346056 3556
9 11 17 29.1774 1.1471 2.23903 0.519755 3290
9 11 18 34 -2 0 0 2562
9 11 19 33 -2 0 0 2282
9 11 20 32.4655 12.8717 20 0.539161 2688
9 11 21 27.7821 0.778185 3.18119 0.395058 3878
9 11 22 28.0119 0.675432 2.44323 0.401659 3220
9 11 23 28.485 1.29824 4.91033 0.514251 3276
9 11 24 27.6745 1.05842 2.50023 0.403356 4760
9 11 25 31 -2 0 0 2380
9 11 26 28.3274 0.84992 1.88294 0.462167 4830
9 11 27 28.8745 23.541 15.2606 0.582579 2170
9 11 28 29.4649 0.812945 2.42114 0.385175 2758
9 11 29 27.0736 0.842343 2.9218 0.447564 3472
9 11 30 29.0352 0.946972 2.92554 0.334836 2422
9 11 31 35.5317 9.96322 17.9012 0.590317 2324
9 11 32 29.1336 1.26539 3.8879 0.456724 2240
9 11 33 29.0929 1.46514 4.93783 0.436828 2086
9 11 34 33.4578 3.15092 11.1213 0.585724 3920
9 11 35 30.0733 1.77649 3.57969 0.402786 2128
9 11 36 36.2825 6.86992 15.3833 0.46966 2310
9 11 37 25.227 15.9013 20 0.522474 2604
9 11 38 29 -2 0 0 1862
9 11 39 32.4404 4.65763 10.878 0.405989 1624
9 11 40 36 -2 0 0 2492
9 11 41 30.1048 1.47949 4.51865 0.376835 1820
9 11 42 28.8835 1.20589 4.15985 0.347885 1834
9 11 43 29.0962 0.868004 3.49784 0.45872 3444
9 11 44 28.9936 1.78778 5.06032 0.557342 1442
9 11 45 27.6026 0.876701 3.00196 0.390973 2072
9 11 46 27.6004 1.07989 4.42767 0.391286 3360
9 11 47 32.0575 2.0162 6.43367 0.394326 1960
9 11 48 27.3334 0.732855 2.63974 0.470901 1974
9 11 49 27.3713 0.776119 2.58951 0.482372 2436
9 11 50 30.235 3.83315 9.09603 0.385285 1190
9 11 51 29.2375 6.27155 12.8539 0.573083 2660
9 11 52 27.871 1.02341 3.90905 0.308349 2898
9 11 53 29.0812 0.973659 3.58401 0.394309 1862
9 11 54 29.8654 1.99581 6.80717 0.410895 2268
9 11 55 28.6014 1.54435 4.56671 0.533986 1932
9 11 56 28.1796 1.24188 4.09408 0.445267 2002
9 11 57 25.8241 2.53533 7.75981 0.407741 1792
9 11 58 26.913 1.01553 3.16093 0.52782 1764
9 11 59 28.68 0.880971 2.93665 0.524523 2226
9 11 60 31.2494 5.46024 11.4865 0.507233 1764
9 11 61 28.9433 1.46613 4.88986 0.489149 2212
9 11 62 27.3865 0.994726 3.53438 0.440873 2184
9 11 63 26.0102 0.701334 2.25157 0.307994 1988
9 12 0 26.4367 0.601584 2.54414 0.594976 8064
9 12 1 33 -2 0 0 7252
9 12 2 31 -2 0 0 6874
9 12 3 27.2758 0.608251 2.11074 0.53415 7238
9 12 4 25.5777 0.509462 2.66746 0.4668 7322
9 12 5 27.1278 0.641662 2.22788 0.404033 7392
9 12 6 25.1364 0.702743 2.9498 0.421824 7434
9 12 7 25.6897 0.579063 2.26555 0.549322 7336
9 12 8 25.0544 0.633165 3.23289 0.401314 7378
9 12 9 26.2397 0.70192 1.89605 0.614797 2982
9 12 10 26.9452 0.637914 3.73668 0.367949 7238
9 12 11 26.5381 0.578769 2.5658 0.37238 7896
9 12 12 26.6792 0.745957 1.53562 0.662136 6566
9 12 13 24.1635 0.50601 2.45173 0.362046 7154
9 12 14 24.8377 0.747814 2.72643 0.472532 7938
9 12 15 26.9471 0.654433 2.43766 0.403782 7770
9 12 16 25.2943 0.558326 3.22516 0.504802 7210
9 12 17 25.5444 0.685755 2.24197 0.453783 7098
9 12 18 24.3023 0.669671 3.74892 0.616174 6804
9 12 19 27.0357 0.671499 3.09912 0.446807 7854
9 12 20 26.2592 0.535684 3.03461 0.307847 7616
9 12 21 26.2949 0.503307 2.33811 0.557758 8036
9 12 22 21.0175 0.742993 2.6338 0.395646 5516
9 12 23 26.5948 0.640484 2.17712 0.546476 7574
9 12 24 26.039 0.610918 2.14308 0.427549 6580
9 12 25 27.0641 0.627145 2.29948 0.504554 7308
9 12 26 27.288 0.545547 2.97982 0.521957 7826
9 12 27 25.2253 0.527071 2.94146 0.532926 7560
9 12 28 25.6181 1.03444 2.98142 0.371434 7504
9 12 29 27.3037 0.618823 1.72109 0.540072 7504
9 12 30 26.4343 0.774195 2.45788 0.420314 7784
9 12 31 26.8768 0.698602 2.51447 0.573828 9282
9 12 32 26.8857 0.584839 2.69623 0.417998 8148
9 12 33 27.2076 0.556606 2.27425 0.525386 8694
9 12 34 26.2714 0.644997 1.82503 0.60083 7980
9 12 35 25.8105 0.68009 2.91812 0.48875 10080
9 12 36 25.8284 0.772746 2.84872 0.29491 8372
9 12 37 25.9396 0.439413 2.27868 0.490965 8708
9 12 38 26.5726 0.653841 2.75455 0.396587 10654
9 12 39 26.5906 0.603591 2.64678 0.468996 10780
9 12 40 27.1575 0.795816 2.48 0.622742 8708
9 12 41 26.2048 0.665643 2.69397 0.454121 8204
9 12 42 25.2399 0.55586 2.14149 0.427584 8834
9 12 43 27.134 0.720531 1.89033 0.472502 8260
9 12 44 25.522 0.597296 2.01478 0.60265 9226
9 12 45 24.4174 0.620731 3.68709 0.488325 9198
9 12 46 27.0533 0.988928 1.83605 0.49088 8974
9 12 47 26.1451 0.488094 2.53486 0.613935 11732
9 12 48 25.4878 0.550832 2.14015 0.533326 8792
9 12 49 25.2032 0.638714 3.15871 0.467944 9142
9 12 50 26.1983 0.554434 2.45223 0.566149 9926
9 12 51 24.5518 0.660284 2.81258 0.414745 9968
9 12 52 26.3234 0.687074 2.43653 0.478227 9856
9 12 53 25.4131 0.498044 2.53232 0.40677 10080
9 12 54 26.3367 0.797499 2.18434 0.467034 9884
9 12 55 25.7181 0.741105 2.31406 0.483473 9632
9 12 56 25.8315 0.523264 2.25845 0.436543 10584
9 12 57 24.8824 0.708308 2.10147 0.579762 10906
9 12 58 25.1931 0.732996 2.37581 0.809733 10094
9 12 59 25.778 0.602201 2.14925 0.679793 9702
9 12 60 25.2927 0.652422 2.80901 0.340819 11438
9 12 61 25.0629 0.680715 2.74992 0.480031 11592
9 12 62 25.9997 0.55871 2.72139 0.407191 10178
9 12 63 25.4315 0.742395 1.9236 0.456725 9380
9 13 0 26.337 0.780072 2.48882 0.405454 11844
9 13 1 23.9447 0.644895 2.51166 0.652462 9030
9 13 2 25.2885 0.714967 2.36094 0.416863 9520
9 13 3 25.0129 0.514217 2.51806 0.419141 5992
9 13 4 26.1921 0.724258 2.17977 0.445371 6622
9 13 5 24.3949 0.757646 2.06325 0.480323 7546
9 13 6 24.1495 0.546962 2.14232 0.555902 8092
9 13 7 25.0868 0.638755 3.34964 0.3637 4886
9 13 8 25.1146 0.584687 2.15733 0.388336 7742
9 13 9 24.886 1.003 1.95897 0.858342 7462
9 13 10 25.0417 0.572464 2.63541 0.582952 6062
9 13 11 25.7015 0.722996 2.59213 0.378823 7812
9 13 12 27 -2 0 0 6552
9 13 13 24.9529 0.629437 2.79329 0.446235 4746
9 13 14 26.5147 0.586759 2.4194 0.417454 10108
9 13 15 25.1517 0.774548 1.64103 0.768 5810
9 13 16 26.0021 0.559939 2.25219 0.622173 4886
9 13 17 25.4934 0.508673 2.35948 0.352579 8428
9 13 18 25.0084 0.554545 2.9771 0.515048 6622
9 13 19 25.507 0.574565 2.48524 0.536631 5068
9 13 20 25.8346 0.656769 1.97492 0.53314 6230
9 13 21 25.9597 0.552932 2.56456 0.370162 7784
9 13 22 24.85 0.627125 3.15881 0.310506 5572
9 13 23 25.2059 0.534144 2.45004 0.448273 6874
9 13 24 24.7137 0.552967 2.52362 0.50623 8568
9 13 25 24.6694 0.639082 2.91828 0.52281 4228
9 13 26 24.8388 0.649912 1.91706 0.456904 8708
9 13 27 24.6878 0.744453 3.25496 0.403133 5712
9 13 28 25.3535 0.634237 1.91182 0.601891 4690
9 13 29 25.554 0.636729 1.69491 0.726081 7392
9 13 30 25.8172 0.665951 1.59805 0.554331 5320
9 13 31 26.344 0.752665 2.4604 0.463247 4200
9 13 32 25.1908 0.503307 1.80756 0.60289 4438
9 13 33 25.4076 0.673843 1.87768 0.519438 5558
9 13 34 26.0058 0.51187 2.55666 0.74986 8610
9 13 35 26.2401 1.33891 5.43484 0.578918 4312
9 13 36 25.7076 0.663801 2.57523 0.271019 5054
9 13 37 24.7734 0.511369 2.28277 0.448343 6412
9 13 38 25.5538 0.925234 3.70873 0.437506 3780
9 13 39 25.394 0.58033 2.85234 0.524798 5194
9 13 40 23.9179 0.658223 2.7445 0.362937 5824
9 13 41 24.6941 1.08767 1.71017 0.567596 4144
9 13 42 24.8634 0.678035 2.44557 0.3638 5656
9 13 43 25.6058 0.631418 2.80934 0.51207 6594
9 13 44 24.5108 0.611092 2.02222 0.704822 3472
9 13 45 23.9662 0.660957 2.14486 0.497286 4858
9 13 46 25.4362 0.553541 2.58428 0.440583 8414
9 13 47 26.1901 0.634829 2.95504 0.611833 4018
9 13 48 25.0844 0.687283 2.10451 0.482647 5040
9 13 49 30 -2 0 0 6048
9 13 50 24.9245 0.673941 2.52987 0.386441 4802
9 13 51 25.7804 0.642662 2.12114 0.521776 7014
9 13 52 25.782 0.568337 2.43624 0.555769 6678
9 13 53 26.1723 0.73532 2.00466 0.644375 3794
9 13 54 26.3587 0.552949 1.83334 0.764578 4886
9 13 55 25.0524 0.659001 3.0106 0.44336 6090
9 13 56 25.9499 0.578 3.25741 0.441664 6370
9 13 57 24.7154 0.576741 2.75265 0.494413 6510
9 13 58 25.2774 0.588326 2.65346 0.656962 5614
9 13 59 24.8643 0.96372 2.33588 0.477233 7448
9 13 60 23.9526 0.568162 2.68732 0.314919 4760
9 13 61 25.3531 0.709031 1.84068 0.734984 7574
9 13 62 24.5808 0.949565 2.44595 0.361971 6944
9 13 63 24.0333 0.579263 2.8918 0.543795 5754
9 14 0 24.8757 0.539115 2.57346 0.360772 11382
9 14 1 24.0864 0.606203 2.73734 0.519775 11382
9 14 2 25.1964 0.500507 2.82203 0.419975 11746
9 14 3 25.5467 0.486914 2.49938 0.393652 10878
9 14 4 23.6858 0.877257 2.04871 0.659282 10206
9 14 5 26.0788 0.507406 1.7261 0.642576 10864
9 14 6 25.2181 0.458195 2.36538 0.426264 11004
9 14 7 21.6724 0.755132 2.62528 0.378743 1862
9 14 8 24.6671 0.442626 2.10862 0.639087 11200
9 14 9 23.6973 0.739553 3.07931 0.465677 10430
9 14 10 25.3606 0.547681 2.50451 0.420999 11284
9 14 11 24.7827 0.548464 1.71071 0.564135 10584
9 14 12 25.6215 0.483829 2.59132 0.413701 11032
9 14 13 23.6463 0.684767 2.29472 0.52569 1582
9 14 14 26.1452 0.715159 1.51595 0.609035 10962
9 14 15 20.5036 0.475877 2.32289 0.505238 3710
9 14 16 24.9656 0.526325 2.98857 0.483786 12012
9 14 17 25.9148 0.509165 2.50961 0.467223 10640
9 14 18 21.0593 0.512645 1.79795 0.609946 9310
9 14 19 24.9379 0.656628 2.18063 0.739641 11074
9 14 20 25.8199 0.402773 2.09562 0.72353 10962
9 14 21 25.1881 0.569307 2.3384 0.53859 11368
9 14 22 24.252 1.05471 4.83799 0.415313 2394
9 14 23 25.6249 0.720705 2.46817 0.547064 10360
9 14 24 24.8059 0.736977 2.65297 0.447186 11116
9 14 25 24.057 0.630537 2.50992 0.533353 10934
9 14 26 25.8356 0.477829 2.39394 0.46272 10752
9 14 27 25.1585 0.665584 2.3822 0.451715 10766
9 14 28 23.8325 0.520405 2.37147 0.452029 10038
9 14 29 24.6716 0.558156 2.49105 0.396039 11130
9 14 30 26.1603 0.460407 2.67636 0.464417 10738
9 14 31 25.2361 0.455994 2.00424 0.590282 10570
9 14 32 23.769 0.738253 2.41392 0.544849 3038
9 14 33 21.0465 0.769809 3.5816 0.393103 2772
9 14 34 24.5874 0.588953 3.01212 0.332808 10262
9 14 35 25.7326 0.538545 2.04658 0.526664 10430
9 14 36 20.4956 0.847961 2.26696 0.635888 1204
9 14 37 26.0565 0.637548 1.79216 0.587566 10346
9 14 38 25.4867 0.481793 2.35569 0.553859 10346
9 14 39 24.5514 0.443398 2.36862 0.452681 11200
9 14 40 25.5118 0.467479 2.14912 0.438963 10122
9 14 41 24.4937 0.509357 2.57699 0.403859 10094
9 14 42 25.7452 0.462174 2.08279 0.386823 11018
9 14 43 23.7649 0.48357 2.2574 0.483183 10766
9 14 44 24.2099 0.785641 1.47409 0.689482 3514
9 14 45 23.3899 1.69562 5.12122 0.741707 1848
9 14 46 24.8477 0.50631 2.97699 0.479629 10444
9 14 47 24.6314 0.547023 2.30828 0.607069 11606
9 14 48 24.1195 1.40408 4.11497 0.472795 1638
9 14 49 22.3589 0.489153 2.53652 0.468436 10276
9 14 50 24.462 0.480811 1.84108 0.695335 10416
9 14 51 24.5755 0.588125 2.17485 0.437291 10724
9 14 52 25.5845 0.592513 1.79987 0.497987 10192
9 14 53 24.4761 0.541727 1.8867 0.537731 10822
9 14 54 21.2519 0.571111 1.75411 0.485497 10052
9 14 55 24.7074 0.589646 2.46496 0.577717 9968
9 14 56 25.2366 0.487156 2.47298 0.39595 11480
9 14 57 23.2676 0.770532 2.80016 0.381864 11438
9 14 58 22.4564 0.622674 1.99646 0.533921 8904
9 14 59 25.0171 0.459307 2.07581 0.538188 10906
9 14 60 24.9535 0.589825 2.31858 0.554054 11074
9 14 61 24.9961 0.461669 2.88105 0.41999 12152
9 14 62 24.0205 0.527901 2.28948 0.368584 10808
9 14 63 22.7458 0.703139 2.41866 0.4102 10066
9 15 0 25.5878 0.511895 2.47449 0.568496 11004
9 15 1 25.5153 0.547606 2.94101 0.619329 9884
9 15 2 25.4452 0.534443 2.3847 0.403294 9184
9 15 3 25.7534 0.615387 2.11831 0.452803 6846
9 15 4 25.7819 0.422659 2.08855 0.492094 7728
9 15 5 25.5963 0.736313 3.35485 0.870227 7392
9 15 6 25.2299 0.669236 2.239 0.379003 8092
9 15 7 26.9397 0.712613 3.39897 0.465989 4802
9 15 8 25.4989 0.607196 2.12121 0.682753 8246
9 15 9 24.8108 0.570314 1.78646 0.664338 7238
9 15 10 26.0475 0.434053 2.12772 0.530962 5866
9 15 11 25.2523 0.625706 2.67179 0.432382 8834
9 15 12 25.2355 0.558936 1.58939 0.565475 6636
9 15 13 27.1426 1.51611 6.15547 0.839845 5586
9 15 14 25.5597 0.464379 2.66683 0.473354 10416
9 15 15 24.6432 0.54626 2.31132 0.493597 7070
9 15 16 26.0325 0.679825 1.81599 0.60392 4942
9 15 17 25.1917 0.544479 2.16774 0.395355 8862
9 15 18 26.0334 0.603055 2.29281 0.422683 7476
9 15 19 24.4905 0.584328 2.86969 0.681225 5726
9 15 20 25.0353 0.410949 2.09083 0.466689 8120
9 15 21 24.7007 0.578588 2.21439 0.521073 7420
9 15 22 26.1614 0.561769 2.48955 0.399955 5726
9 15 23 25.689 0.578913 2.29576 0.403173 9282
9 15 24 25.6744 0.660669 1.88549 0.444159 9198
9 15 25 25.7326 0.7303 2.14909 0.367912 5040
9 15 26 26.7288 0.576965 1.7267 0.527317 10318
9 15 27 24.7773 0.826276 2.0248 0.51952 6328
9 15 28 26.5777 0.663186 1.76631 0.6307 5726
9 15 29 26.462 0.505511 2.40541 0.446598 9604
9 15 30 25.0548 0.652839 2.34544 0.511708 6566
9 15 31 25.4277 0.490797 2.40553 0.515554 5138
9 15 32 25.7653 0.53757 1.58029 0.392093 6300
9 15 33 25.7032 0.666862 2.27931 0.54668 6790
9 15 34 24.7169 0.620408 3.03348 0.558412 11060
9 15 35 25.3719 0.685142 1.95777 0.364837 5292
9 15 36 25.8778 0.672855 3.70093 0.474358 7238
9 15 37 27.0233 0.618166 2.16903 0.375033 8288
9 15 38 25.3376 0.525803 2.33831 0.473978 5404
9 15 39 26.8678 0.487616 2.56237 0.60878 8022
9 15 40 25.7678 0.942871 2.76117 0.575876 7266
9 15 41 25.3367 0.476891 2.53448 0.508457 5992
9 15 42 25.967 0.507928 2.18994 0.410578 8358
9 15 43 26.0171 0.488232 2.16938 0.39681 8582
9 15 44 26.1251 0.589828 1.65494 0.832813 6482
9 15 45 24.9659 0.605044 1.68628 0.480856 7042
9 15 46 25.3395 0.627929 2.4166 0.389396 10682
9 15 47 31 -2 0 0 5180
9 15 48 26.1733 0.489485 2.5164 0.604694 7000
9 15 49 32 -2 0 0 8512
9 15 50 23.9166 0.557448 3.01703 0.64706 6860
9 15 51 25.3516 0.597748 2.36011 0.631376 9702
9 15 52 25.1222 0.396102 1.82904 0.54652 9562
9 15 53 26.1914 0.582609 1.85127 0.670148 5838
9 15 54 24.9085 0.571665 2.19802 0.583272 7602
9 15 55 24.909 0.601499 2.49842 0.577901 9632
9 15 56 25.7759 0.470622 2.65182 0.49066 8484
9 15 57 25.8035 0.550918 2.33005 0.627939 9506
9 15 58 24.6847 0.675413 2.4407 0.361089 7840
9 15 59 25.7288 0.59456 2.391 0.386589 10626
9 15 60 24.715 0.697933 2.24095 0.748832 7084
9 15 61 25.4298 0.746562 2.08147 0.7099 10850
9 15 62 24.8949 0.511875 2.49213 0.435987 11046
9 15 63 25.4906 0.560015 1.9591 0.455758 8834
10 0 0 25.138 -3 0 0 70
10 0 1 25.138 -3 0 0 154
10 0 2 25.138 -3 0 0 168
10 0 3 25.138 -3 0 0 70
10 0 4 25.138 -3 0 0 84
10 0 5 25.138 -3 0 0 70
10 0 6 25.138 -3 0 0 84
10 0 7 25.138 -3 0 0 126
10 0 8 25.138 -3 0 0 84
10 0 9 25.138 -3 0 0 28
10 0 10 25.138 -3 0 0 42
10 0 11 25.138 -3 0 0 140
10 0 12 25.138 -3 0 0 154
10 0 13 25.138 -3 0 0 42
10 0 14 25.138 -3 0 0 112
10 0 15 25.138 -3 0 0 70
10 0 16 25.138 -3 0 0 70
10 0 17 25.138 -3 0 0 84
10 0 18 25.138 -3 0 0 84
10 0 19 25.138 -3 0 0 14
10 0 20 25.138 -3 0 0 126
10 0 21 25.138 -3 0 0 112
10 0 22 25.138 -3 0 0 84
10 0 23 25.138 -3 0 0 126
10 0 24 25.138 -3 0 0 84
10 0 25 25.138 -3 0 0 140
10 0 26 25.138 -3 0 0 112
10 0 27 25.138 -3 0 0 98
10 0 28 25.138 -3 0 0 70
10 0 29 25.138 -3 0 0 126
10 0 30 25.138 -3 0 0 84
10 0 31 25.138 -3 0 0 112
10 0 32 25.138 -3 0 0 14
10 0 33 25.138 -3 0 0 84
10 0 34 25.138 -3 0 0 168
10 0 35 25.138 -3 0 0 42
10 0 36 25.138 -3 0 0 56
10 0 37 25.138 -3 0 0 70
10 0 38 25.138 -3 0 0 112
10 0 39 21 -2 0 0 224
10 0 40 25.138 -3 0 0 42
10 0 41 25.138 -3 0 0 84
10 0 42 25.138 -3 0 0 140
10 0 43 25.138 -3 0 0 70
10 0 44 25.138 -3 0 0 98
10 0 45 25.138 -3 0 0 98
10 0 46 25.138 -3 0 0 140
10 0 47 25.138 -3 0 0 56
10 0 48 25.138 -3 0 0 126
10 0 49 25.138 -3 0 0 154
10 0 50 25.138 -3 0 0 98
10 0 51 25.138 -3 0 0 182
10 0 52 25.138 -3 0 0 84
10 0 53 25.138 -3 0 0 168
10 0 54 25.138 -3 0 0 168
10 0 55 25.138 -3 0 0 112
10 0 56 25.138 -3 0 0 168
10 0 57 25.138 -3 0 0 196
10 0 58 26.0313 39.2738 20 0.12505 210
10 0 59 25.138 -3 0 0 182
10 0 60 25.138 -3 0 0 154
10 0 61 25.138 -3 0 0 168
10 0 62 28.502 27.6892 20 0.120882 308
10 0 63 22 -2 0 0 210
10 1 0 20 -2 0 0 210
10 1 1 24 -2 0 0 266
10 1 2 26.1397 -3 0 0 126
10 1 3 29.3331 21.579 19.9999 0.0922722 364
10 1 4 29 -2 0 0 280
10 1 5 27.9026 109.101 20 0.262033 210
10 1 6 32.6271 17.6095 14.0993 0.222504 294
10 1 7 21 -2 0 0 238
10 1 8 26.1397 -3 0 0 196
10 1 9 30.311 24.8814 20 0.176398 322
10 1 10 34.2713 27.5466 20 0.230039 350
10 1 11 32.2292 28.6057 20 0.0286914 210
10 1 12 36.3462 21.6302 20 0.155319 238
10 1 13 26 -2 0 0 266
10 1 14 26 -2 0 0 252
10 1 15 26.1397 -3 0 0 196
10 1 16 28 -2 0 0 420
10 1 17 26.1397 -3 0 0 168
10 1 18 26.1397 -3 0 0 182
10 1 19 43.8943 0.0799327 0.1 0.160721 252
10 1 20 27 -2 0 0 210
10 1 21 47 -2 0 0 238
10 1 22 32.1274 30.6697 19.8048 0.163254 280
10 1 23 26.1397 -3 0 0 182
10 1 24 26.1397 -3 0 0 182
10 1 25 23 -2 0 0 280
10 1 26 26.1397 -3 0 0 196
10 1 27 33.381 27.4267 20 0.185393 224
10 1 28 40.0377 22.3165 20 0.106826 238
10 1 29 26.1397 -3 0 0 126
10 1 30 26.1397 -3 0 0 182
10 1 31 33.0586 23.9159 20 0.0591762 238
10 1 32 26.1397 -3 0 0 168
10 1 33 23 -2 0 0 210
10 1 34 26.1397 -3 0 0 126
10 1 35 26 -2 0 0 294
10 1 36 26.1397 -3 0 0 140
10 1 37 26.1397 -3 0 0 168
10 1 38 26.1397 -3 0 0 154
10 1 39 26.1397 -3 0 0 112
10 1 40 39.7594 21.3748 19.9975 0.087884 266
10 1 41 26.1397 -3 0 0 196
10 1 42 26.1397 -3 0 0 140
10 1 43 33.8582 27.2309 20 0.151623 210
10 1 44 26.1397 -3 0 0 182
10 1 45 26.1397 -3 0 0 154
10 1 46 26.1397 -3 0 0 70
10 1 47 35.3064 51.4747 20 0.128281 322
10 1 48 26.1397 -3 0 0 84
10 1 49 26.1397 -3 0 0 126
10 1 50 26.1397 -3 0 0 168
10 1 51 26.1397 -3 0 0 140
10 1 52 27.3588 40.2199 19.9999 0.0270646 210
10 1 53 26.1397 -3 0 0 140
10 1 54 26.1397 -3 0 0 168
10 1 55 26.1397 -3 0 0 56
10 1 56 26.1397 -3 0 0 168
10 1 57 28.3996 21.8832 20 0.0942129 238
10 1 58 26.1397 -3 0 0 84
10 1 59 26.1397 -3 0 0 168
10 1 60 26.1397 -3 0 0 154
10 1 61 30.1841 29.6891 20 0.201852 210
10 1 62 26.1397 -3 0 0 84
10 1 63 26.1397 -3 0 0 98
10 2 0 27.6876 23.9734 20 0.20028 700
10 2 1 25 -2 0 0 630
10 2 2 27.2987 20.7149 19.9999 0.30125 728
10 2 3 29.7223 13.752 17.34 0.250039 728
10 2 4 29 -2 0 0 644
10 2 5 32 -2 0 0 854
10 2 6 33.9721 8.84015 14.4863 0.318096 742
10 2 7 22.827 8.62735 8.96365 0.295507 868
10 2 8 24 -2 0 0 980
10 2 9 30.2256 19.8698 20 0.233005 518
10 2 10 30.3429 18.4654 19.9991 0.171626 630
10 2 11 25.3531 26.2599 20 0.236666 686
10 2 12 27.5144 8.55378 10.9753 0.310465 966
10 2 13 25.8639 2.36853 5.29557 0.276586 1022
10 2 14 27.7314 16.3016 20 0.303018 1106
10 2 15 21 -2 0 0 966
10 2 16 29.9384 5.28438 9.60068 0.286321 742
10 2 17 25.4293 6.90127 7.89329 0.410701 756
10 2 18 35.7899 13.3514 18.6602 0.284434 756
10 2 19 31 -2 0 0 1092
10 2 20 33.3678 18.3986 20 0.287244 420
10 2 21 30.5173 16.0145 10.9942 0.276967 630
10 2 22 27.4963 3.61667 7.28137 0.297097 770
10 2 23 26.0006 7.40922 10.7147 0.435515 896
10 2 24 27 -2 0 0 1064
10 2 25 27.8835 22.6844 20 0.324959 896
10 2 26 27.9997 16.8342 20 0.291324 854
10 2 27 26.7152 2.83277 6.18689 0.270083 770
10 2 28 24.4837 27.6587 20 0.354408 1078
10 2 29 27.4736 26.1762 20 0.369278 910
10 2 30 25.7231 3.86566 5.80562 0.311678 420
10 2 31 32.231 8.18079 10.393 0.431104 1330
10 2 32 29.4892 1.57693 3.95283 0.322827 1232
10 2 33 36.915 12.801 20 0.205991 756
10 2 34 22 -2 0 0 1162
10 2 35 35.1451 13.9313 20 0.352739 1316
10 2 36 31.213 5.93032 10.254 0.243224 784
10 2 37 25.7489 17.2607 20 0.279362 1316
10 2 38 27 -2 0 0 1470
10 2 39 27.5709 15.4076 20 0.327403 1806
10 2 40 23 -2 0 0 1036
10 2 41 22.8011 29.2132 20 0.282405 1176
10 2 42 24 -2 0 0 952
10 2 43 29.6453 2.79134 6.24716 0.344329 1610
10 2 44 32.3083 6.4704 11.0027 0.346121 1106
10 2 45 27 -2 0 0 1008
10 2 46 35.9348 10.7164 20 0.284034 1176
10 2 47 31.1451 13.0411 19.205 0.331943 1694
10 2 48 29.9779 18.5176 20 0.257361 658
10 2 49 36.0143 9.68715 19.4327 0.28894 1344
10 2 50 26.3351 4.24144 9.21282 0.341228 1540
10 2 51 29 -2 0 0 2576
10 2 52 26.8848 1.58068 3.71694 0.252396 1890
10 2 53 24 -2 0 0 1666
10 2 54 28 -2 0 0 1190
10 2 55 29.5641 4.26038 9.95358 0.369147 2184
10 2 56 26.0954 17.6687 20 0.397031 1778
10 2 57 30.5425 10.5529 19.0629 0.370504 1918
10 2 58 30.0532 5.2897 11.8335 0.3165 1750
10 2 59 23.3443 15.568 20 0.344465 2044
10 2 60 23.3853 1.4074 3.71938 0.268469 1386
10 2 61 24.0339 1.62253 3.5751 0.365255 2772
10 2 62 24.5545 16.6344 20 0.333967 2282
10 2 63 29.1596 15.628 18.8461 0.398354 1484
10 3 0 0 -10 0 0 0
10 3 1 31 -2 0 0 2940
10 3 2 26.5991 3.20618 6.3637 0.46574 2758
10 3 3 29.9932 2.99204 8.73499 0.330974 1638
10 3 4 30.9283 3.11972 7.26842 0.335291 2156
10 3 5 27.5219 1.08208 2.96884 0.424754 2030
10 3 6 28.1301 0.959241 2.96915 0.38713 2912
10 3 7 23.5699 1.14923 3.96718 0.33857 3094
10 3 8 31.6127 12.2168 20 0.404661 1890
10 3 9 26.7431 1.39189 5.11242 0.484639 2912
10 3 10 25.5871 2.98536 10.1157 0.327995 3010
10 3 11 25 -2 0 0 1526
10 3 12 26.8225 1.6861 6.19531 0.354169 2688
10 3 13 31 -2 0 0 2870
10 3 14 31.393 13.5054 20 0.373691 2086
10 3 15 31.8966 4.08237 9.8527 0.478966 1638
10 3 16 0 -10 0 0 0
10 3 17 25.8055 31.0578 19.6444 0.392226 1582
10 3 18 29 -2 0 0 2184
10 3 19 23.8346 1.40353 5.75123 0.334946 2898
10 3 20 26.3273 121.029 20 0.246502 378
10 3 21 29.2677 1.07072 3.81174 0.367016 2408
10 3 22 28.6475 1.67699 5.33366 0.336511 2142
10 3 23 27.61 8.61261 14.2671 0.482363 1400
10 3 24 29.2793 1.36451 4.62446 0.232679 2114
10 3 25 25.0964 0.994427 3.06526 0.404752 2604
10 3 26 0 -10 0 0 0
10 3 27 25.0043 1.07635 2.903 0.344459 1400
10 3 28 31.6624 3.65792 10.1145 0.416714 2142
10 3 29 25 -2 0 0 1106
10 3 30 31.6081 4.51185 10.9489 0.371453 1414
10 3 31 32.6828 5.60847 13.5966 0.419088 2016
10 3 32 31.7636 12.1014 19.9999 0.351442 1862
10 3 33 34.1352 6.95986 14.7986 0.396041 1330
10 3 34 28.0603 2.53103 4.08579 0.47348 1190
10 3 35 28.864 1.54602 4.45102 0.319068 1862
10 3 36 0 -10 0 0 0
10 3 37 29.868 14.4031 20 0.283009 994
10 3 38 31.8381 6.30407 12.1288 0.435776 1652
10 3 39 31.3774 7.10316 13.6795 0.319269 1008
10 3 40 27 -2 0 0 1246
10 3 41 25.7037 18.1893 20 0.417741 1400
10 3 42 30 -2 0 0 1274
10 3 43 28.3371 1.51149 4.03488 0.239338 868
10 3 44 29.5019 2.29536 6.0452 0.335753 1456
10 3 45 25.206 1.96986 4.25896 0.288459 1526
10 3 46 28.7825 6.4149 10.5831 0.213652 798
10 3 47 30.939 5.68428 11.968 0.36316 1162
10 3 48 20.0759 0.530331 1.3843 0.592085 1932
10 3 49 27.1655 21.5062 17.3022 0.438413 966
10 3 50 27.7502 2.46681 5.72098 0.378798 1344
10 3 51 31.9932 17.3246 20 0.448638 938
10 3 52 28.4201 33.5265 19.2506 0.35484 1050
10 3 53 34.6325 13.6087 20 0.315938 1008
10 3 54 28.7548 2.19839 5.36756 0.387448 966
10 3 55 29.4146 1.79596 5.67587 0.321451 1386
10 3 56 28.1053 14.6107 20 0.280639 840
10 3 57 32 -2 0 0 952
10 3 58 19.8442 19.4314 20 0.288606 1050
10 3 59 23.725 27.1001 20 0.265226 756
10 3 60 29 -2 0 0 1022
10 3 61 27 -2 0 0 574
10 3 62 26.9757 17.6923 18.4712 0.252184 994
10 3 63 28.3342 19.2112 18.7446 0.436635 1344
10 4 0 26.2773 1.13123 4.31457 0.358319 3122
10 4 1 31 -2 0 0 2394
10 4 2 29.2521 10.2537 15.4593 0.501703 2646
10 4 3 28 -2 0 0 1694
10 4 4 28 -2 0 0 1666
10 4 5 25.5047 0.9424 2.90918 0.375734 1750
10 4 6 23.7905 1.41637 4.63463 0.300661 1932
10 4 7 27.0267 1.31541 4.25414 0.289672 1610
10 4 8 32.6268 8.8673 17.5298 0.44434 2016
10 4 9 24 -2 0 0 1638
10 4 10 33.1186 6.85591 14.5367 0.362999 1666
10 4 11 27.4752 14.4191 20 0.479501 2492
10 4 12 29.5097 2.21955 4.15263 0.418392 1652
10 4 13 25.2127 1.6191 4.37172 0.280013 1344
10 4 14 26.4123 1.57606 3.60398 0.409801 2674
10 4 15 33.9275 9.271 19.259 0.407479 1764
10 4 16 27.8934 1.74316 4.35571 0.367873 1568
10 4 17 27 -2 0 0 2618
10 4 18 27.4636 6.5287 9.87163 0.457469 1176
10 4 19 32 -2 0 0 1582
10 4 20 27 -2 0 0 1764
10 4 21 30.3043 2.79492 6.23974 0.432477 2170
10 4 22 28 -2 0 0 1540
10 4 23 26.8051 1.00255 3.36348 0.479975 2520
10 4 24 31 -2 0 0 2310
10 4 25 25.8063 1.32143 4.06669 0.233041 1834
10 4 26 33.1413 5.74851 14.9302 0.432646 2702
10 4 27 31 -2 0 0 1736
10 4 28 26 -2 0 0 1610
10 4 29 26 -2 0 0 2702
10 4 30 29 -2 0 0 1750
10 4 31 30.2231 2.45879 6.15578 0.444634 1862
10 4 32 30 -2 0 0 1638
10 4 33 32.733 8.28899 16.3 0.409756 1736
10 4 34 27.8811 2.05883 6.69278 0.373582 3318
10 4 35 30.7688 9.84902 18.5293 0.436217 1596
10 4 36 28.1579 1.26552 3.49674 0.406936 1960
10 4 37 31.7729 13.5395 20 0.631618 2800
10 4 38 25.5259 20.5827 20 0.440095 1624
10 4 39 28.9943 3.17339 9.07527 0.43943 2296
10 4 40 28 -2 0 0 1974
10 4 41 27 -2 0 0 1918
10 4 42 26.7774 1.01198 2.94908 0.368997 1722
10 4 43 32.2798 7.1667 15.1208 0.415154 2604
10 4 44 34.1241 10.9703 20 0.46329 1820
10 4 45 24.7035 2.12324 5.5736 0.47549 1540
10 4 46 25.912 0.970899 3.40322 0.334329 3164
10 4 47 26.4373 11.3316 15.4869 0.330678 1722
10 4 48 30.8906 5.23735 11.9319 0.369092 1526
10 4 49 29 -2 0 0 2422
10 4 50 26 -2 0 0 1932
10 4 51 24.54 0.840834 2.61444 0.496695 3542
10 4 52 25.9809 1.93046 6.33154 0.35825 2786
10 4 53 27 -2 0 0 1652
10 4 54 28 -2 0 0 2478
10 4 55 24.4319 0.701411 2.22775 0.522274 3318
10 4 56 31.9752 12.2738 20 0.514935 2772
10 4 57 27 -2 0 0 2996
10 4 58 24.3195 11.8254 16.2569 0.549316 2576
10 4 59 32.621 4.78781 13.4023 0.501306 3262
10 4 60 24.4858 18.0804 20 0.490097 2100
10 4 61 24.3723 1.70869 6.32018 0.476665 4536
10 4 62 23 -2 0 0 4018
10 4 63 24 -2 0 0 2730
10 5 0 23.6239 0.782507 3.60002 0.486977 4284
10 5 1 31 -2 0 0 4746
10 5 2 26.6203 0.647031 2.47175 0.416958 5068
10 5 3 25.7434 0.780984 2.50607 0.509748 5222
10 5 4 24.6619 0.648032 2.72422 0.347625 4354
10 5 5 26.815 0.559928 2.38877 0.558252 5082
10 5 6 26.4203 0.789245 2.1307 0.523677 5894
10 5 7 24.9625 0.530731 2.51994 0.416547 7546
10 5 8 26.1428 0.86423 1.98613 0.398737 4662
10 5 9 26.4194 0.912374 3.09424 0.523848 6888
10 5 10 25.6243 0.738326 2.97656 0.574432 7084
10 5 11 27.1257 2.86467 9.38162 0.501813 3710
10 5 12 26.4373 0.649006 2.5026 0.40639 5278
10 5 13 25.0395 0.797326 2.5765 0.460856 5656
10 5 14 24.8067 1.15221 1.89057 0.620611 4116
10 5 15 26.538 0.593058 2.70012 0.324079 5264
10 5 16 26.275 0.639412 2.66805 0.436278 9254
10 5 17 26.5978 0.648242 2.82239 0.453162 4116
10 5 18 26.4785 0.577339 2.42701 0.52257 4662
10 5 19 25.9231 0.911963 2.03138 0.423141 6622
10 5 20 26.029 0.668679 2.95334 0.449677 4004
10 5 21 25.3359 1.21986 4.84571 0.453846 6272
10 5 22 26.6133 0.53564 2.36877 0.506079 6650
10 5 23 24.76 0.95421 2.51503 0.647174 3738
10 5 24 27.0557 0.532286 1.93559 0.587591 4004
10 5 25 27.1213 0.562879 2.68133 0.326743 6650
10 5 26 27.4908 0.581223 2.53992 0.516625 4186
10 5 27 27.1431 0.67253 2.04868 0.57901 5012
10 5 28 24.075 0.572297 2.1767 0.498639 5194
10 5 29 26.9354 0.647149 2.28442 0.344801 3290
10 5 30 26.7771 0.573094 2.63033 0.324233 4060
10 5 31 25.098 0.659133 3.20201 0.468627 6160
10 5 32 27.6369 0.68642 2.4728 0.460828 5320
10 5 33 25.3609 0.703768 3.16495 0.362293 4340
10 5 34 27.2425 0.800461 3.55711 0.542331 3724
10 5 35 24.9858 0.627333 2.65827 0.402234 5670
10 5 36 29 -2 0 0 3808
10 5 37 26.1544 0.755475 3.06527 0.33316 3780
10 5 38 24.8177 1.0035 4.31377 0.462425 4522
10 5 39 27.2709 1.14301 4.28221 0.350756 3836
10 5 40 25.9751 1.13716 5.28306 0.575767 3836
10 5 41 25.3069 0.618117 2.84638 0.546852 4732
10 5 42 24.3948 0.792327 3.42591 0.402675 3220
10 5 43 24.9044 0.621792 2.29655 0.511798 3024
10 5 44 27.3464 0.61748 2.61202 0.350203 4172
10 5 45 26.5411 0.692572 3.07855 0.44857 3738
10 5 46 27 -2 0 0 2996
10 5 47 25.8766 0.730999 1.83201 0.618796 5208
10 5 48 27.2947 0.633621 2.74906 0.467392 3808
10 5 49 25.535 0.705646 2.12218 0.631758 2940
10 5 50 25.227 13.02 12.524 0.69185 3766
10 5 51 28.7309 0.882075 4.12161 0.33575 3612
10 5 52 24.6275 0.55082 1.71807 0.5784 3136
10 5 53 26.6716 0.810607 3.52669 0.323439 3864
10 5 54 22.558 1.00113 2.97928 0.430351 3346
10 5 55 25.271 0.761502 2.64885 0.592914 3178
10 5 56 26.5494 0.62018 2.41272 0.4449 3682
10 5 57 26.4704 0.809668 2.45381 0.518844 3626
10 5 58 32 -2 0 0 3836
10 5 59 25.5444 1.74631 7.08337 0.522158 3052
10 5 60 26.2953 0.716875 2.77431 0.609633 4172
10 5 61 26.7015 0.667606 2.96214 0.390548 2926
10 5 62 23.6365 0.625453 2.34854 0.531428 2842
10 5 63 24.1632 0.590291 2.42993 0.419724 3052
10 6 0 27.0037 0.660969 2.83595 0.445854 4536
10 6 1 28.1048 0.727148 2.5403 0.515679 3920
10 6 2 26.3434 0.894734 2.80349 0.487468 3360
10 6 3 27.1669 1.22093 3.90974 0.331254 1904
10 6 4 31.7008 3.94444 9.74631 0.59416 3136
10 6 5 27.7789 0.86089 2.78927 0.424229 2954
10 6 6 26.7552 0.844469 2.5973 0.308459 3262
10 6 7 27.5508 1.20598 3.99225 0.39073 2058
10 6 8 27.4784 0.857793 3.61796 0.345354 3304
10 6 9 29.892 2.33012 6.83595 0.409629 1876
10 6 10 30.6921 2.67032 6.00596 0.4285 1932
10 6 11 24.726 0.790502 2.65102 0.416689 3038
10 6 12 25.4359 0.974987 3.28982 0.338775 2800
10 6 13 26.559 1.29813 3.90477 0.397804 1946
10 6 14 25.0538 0.741567 2.95295 0.334444 4704
10 6 15 26 -2 0 0 1988
10 6 16 27.7301 12.7011 20 0.475839 2044
10 6 17 27.0763 0.796972 2.02577 0.451162 3850
10 6 18 25.2881 0.871258 2.64574 0.456236 2744
10 6 19 31.6223 4.74297 12.1328 0.441154 2310
10 6 20 25.9754 0.733152 1.9616 0.44425 3066
10 6 21 26.2665 1.82325 5.5173 0.320729 2058
10 6 22 25.0865 1.03514 3.25983 0.308456 2002
10 6 23 25.8027 1.30673 3.85564 0.389362 3696
10 6 24 27.698 1.3727 5.42467 0.269599 3304
10 6 25 28 -2 0 0 2044
10 6 26 25.6959 0.803701 3.10668 0.468009 4452
10 6 27 25.5204 1.23282 3.48077 0.443567 2212
10 6 28 26.5647 1.13212 3.45278 0.383232 1960
10 6 29 24.7776 0.84411 3.19909 0.491326 2996
10 6 30 26.7947 0.812732 2.91941 0.377833 2184
10 6 31 24 -2 0 0 2002
10 6 32 34.4525 5.76629 14.1471 0.395566 2044
10 6 33 23.9933 1.34184 4.11058 0.38273 2100
10 6 34 26.4753 0.749631 1.67125 0.594667 4592
10 6 35 30.2091 15.2723 20 0.478689 2170
10 6 36 29.754 3.89766 9.31819 0.464999 2800
10 6 37 27.0784 0.79184 2.86271 0.364342 3122
10 6 38 24 -2 0 0 1960
10 6 39 27.5439 0.941872 3.19381 0.474579 3276
10 6 40 24.6766 0.74241 2.68092 0.573988 2968
10 6 41 31.8844 5.08017 12.6258 0.443321 1736
10 6 42 25.382 1.3169 4.93727 0.465871 2660
10 6 43 26.4608 1.34388 4.52492 0.396891 3878
10 6 44 26.1335 1.11919 2.8971 0.322669 1736
10 6 45 28 -2 0 0 2478
10 6 46 24.6428 0.672271 2.82867 0.527505 4984
10 6 47 23.1268 1.10122 3.53301 0.329708 1876
10 6 48 28.4097 1.3851 4.16323 0.343367 2408
10 6 49 27.8968 2.07769 6.77431 0.50328 3164
10 6 50 32.318 4.67573 12.4999 0.443635 2058
10 6 51 30 -2 0 0 4326
10 6 52 27.4397 13.4632 20 0.643505 3528
10 6 53 23.3378 0.80108 2.60304 0.485807 2198
10 6 54 27.6803 1.40625 4.25565 0.540372 2702
10 6 55 23 -2 0 0 3836
10 6 56 25.7774 1.33879 4.55907 0.50739 3346
10 6 57 26.2806 0.762986 2.36586 0.449615 3934
10 6 58 26.0718 0.802991 2.94443 0.387291 3080
10 6 59 23.5252 0.87166 3.17062 0.353022 4578
10 6 60 25.3038 1.08114 4.11517 0.354207 2814
10 6 61 25.6953 0.755505 2.07987 0.55331 5264
10 6 62 24.8634 0.775861 3.14378 0.433933 5068
10 6 63 25.5407 0.820726 3.36168 0.295218 3178
10 7 0 25.2677 3.34862 10.194 0.748097 5152
10 7 1 25.1003 0.72472 3.70138 0.379847 5306
10 7 2 24.2418 0.847664 2.43593 0.730617 6132
10 7 3 23.4612 0.702385 2.51245 0.478043 7532
10 7 4 24.7514 0.646088 1.52571 0.717518 5544
10 7 5 25.9303 0.537941 2.02431 0.373796 5950
10 7 6 24.8595 0.580127 2.42375 0.524723 6776
10 7 7 23.2695 0.75586 1.79592 0.5015 9128
10 7 8 25.3578 0.54697 2.18466 0.560254 5950
10 7 9 25.2743 0.642425 2.74362 0.471987 7854
10 7 10 23.0477 0.494343 2.92756 0.411447 8918
10 7 11 23.927 0.587677 2.11488 0.429103 4802
10 7 12 24.6695 0.576763 2.58602 0.415942 7140
10 7 13 22.0277 0.866614 2.78953 0.53141 7770
10 7 14 25.7922 0.586183 2.74695 0.439298 4886
10 7 15 25.0179 0.654405 2.16019 0.482165 6594
10 7 16 22.3507 0.877229 2.87914 0.393779 10626
10 7 17 25.6447 0.552954 2.27446 0.571578 4522
10 7 18 25.7036 0.600393 2.49152 0.470157 6860
10 7 19 25.026 0.6268 2.60473 0.608515 9870
10 7 20 25.2747 0.596093 2.59948 0.374172 5726
10 7 21 24.319 1.12659 3.46825 0.519306 7658
10 7 22 25.3471 0.645654 2.53347 0.370628 8078
10 7 23 24.91 0.539644 2.49185 0.376686 4886
10 7 24 26.0474 0.62831 2.50001 0.408003 4914
10 7 25 26.119 0.536214 2.2466 0.507484 9576
10 7 26 24.8145 0.909784 4.37608 0.615983 4760
10 7 27 25.6061 0.651477 2.58039 0.717567 7042
10 7 28 24.5924 0.589232 2.29216 0.451271 7840
10 7 29 24.6645 0.586991 2.42203 0.555252 5250
10 7 30 24.6527 0.665764 1.86696 0.652733 5908
10 7 31 24.2024 0.50753 2.18382 0.437348 9352
10 7 32 23.1169 0.865526 3.2581 0.442553 7434
10 7 33 24.527 0.542543 2.65441 0.456401 7434
10 7 34 24.6188 0.675789 2.68091 0.464054 4858
10 7 35 26.4984 0.567269 2.54105 0.559708 8918
10 7 36 25.4824 0.645256 1.81473 0.546662 6902
10 7 37 23.4223 0.696409 2.76271 0.411321 5348
10 7 38 25.7837 0.675488 2.31927 0.564622 9128
10 7 39 25.1912 0.621834 2.63945 0.602837 6160
10 7 40 26.2484 0.666862 3.71236 0.317271 5488
10 7 41 23.9686 0.53583 1.98266 0.514565 7840
10 7 42 24.0609 0.590733 2.06182 0.547191 5768
10 7 43 26.4693 0.514676 1.8769 0.669602 5054
10 7 44 24.3078 0.645268 2.74543 0.453738 7308
10 7 45 25.5076 0.58236 2.75073 0.475692 6832
10 7 46 24.9676 0.614184 3.08974 0.338064 4522
10 7 47 24.613 0.664529 2.77547 0.57266 9800
10 7 48 23.3943 0.940542 1.78148 0.50244 5964
10 7 49 26.2325 0.556325 1.72274 0.505414 5320
10 7 50 26.5049 0.545081 2.71725 0.40925 7182
10 7 51 26.5845 0.521911 2.04124 0.616609 4844
10 7 52 23.8838 0.722278 2.00108 0.486594 4900
10 7 53 24.1014 0.55504 2.47818 0.479055 7910
10 7 54 25.4752 0.509223 2.26833 0.575171 6314
10 7 55 25.24 0.672203 2.07786 0.447973 4676
10 7 56 22.8228 0.744289 3.34888 0.513866 5614
10 7 57 24.76 0.664424 2.9757 0.496888 5236
10 7 58 22.4719 0.651125 2.24554 0.617392 5950
10 7 59 24.4755 0.623989 2.412 0.445046 4438
10 7 60 24.3971 0.542885 2.66154 0.518389 6412
10 7 61 29.799 2.76733 9.98463 0.79906 4746
10 7 62 22.8924 0.605726 2.56816 0.719626 4186
10 7 63 24.5442 0.764341 2.1455 0.470308 5404
10 8 0 31.7211 39.3971 11.0773 0.139206 224
10 8 1 25 -2 0 0 322
10 8 2 21 -2 0 0 210
10 8 3 24.6137 -3 0 0 84
10 8 4 24.6137 -3 0 0 84
10 8 5 26.4141 105.881 20 0.103155 210
10 8 6 24.6137 -3 0 0 140
10 8 7 24.6137 -3 0 0 196
10 8 8 24.6137 -3 0 0 126
10 8 9 24.6137 -3 0 0 168
10 8 10 37.3745 23.9787 20 0.117708 224
10 8 11 24.6137 -3 0 0 154
10 8 12 24.6137 -3 0 0 140
10 8 13 24.6137 -3 0 0 112
10 8 14 0 -10 0 0 0
10 8 15 24.6137 -3 0 0 168
10 8 16 24.6137 -3 0 0 196
10 8 17 24.6137 -3 0 0 182
10 8 18 24.6137 -3 0 0 196
10 8 19 24.9684 27.6074 20 0.193233 280
10 8 20 24.6137 -3 0 0 168
10 8 21 24.6137 -3 0 0 168
10 8 22 24.6137 -3 0 0 42
10 8 23 24.6137 -3 0 0 126
10 8 24 24.6137 -3 0 0 140
10 8 25 24.6137 -3 0 0 196
10 8 26 24.6137 -3 0 0 140
10 8 27 24.6137 -3 0 0 140
10 8 28 24.6137 -3 0 0 182
10 8 29 29.4696 11.2665 11.0082 0.160206 224
10 8 30 24.6137 -3 0 0 154
10 8 31 24.6137 -3 0 0 168
10 8 32 24.6137 -3 0 0 168
10 8 33 16 -2 0 0 280
10 8 34 24.6137 -3 0 0 196
10 8 35 29 -2 0 0 280
10 8 36 24.6137 -3 0 0 182
10 8 37 29.4879 23.6831 17.6674 0.106574 238
10 8 38 27 -2 0 0 336
10 8 39 29.2587 2.73128 4.74696 0.301997 406
10 8 40 20 -2 0 0 252
10 8 41 24.6137 -3 0 0 196
10 8 42 24.6137 -3 0 0 196
10 8 43 31.5002 32.3759 20 0.0557844 224
10 8 44 30.6017 20.716 20 0.0900667 364
10 8 45 24.6137 -3 0 0 168
10 8 46 24.6137 -3 0 0 154
10 8 47 22 -2 0 0 434
10 8 48 24.6137 -3 0 0 182
10 8 49 24.6137 -3 0 0 182
10 8 50 29.5623 11.0037 11.6734 0.176621 238
10 8 51 29.0177 24.2711 20 0.0837427 308
10 8 52 24.6137 -3 0 0 196
10 8 53 19 -2 0 0 336
10 8 54 21 -2 0 0 238
10 8 55 19.3407 125.54 20 0.204261 420
10 8 56 30.6779 24.5002 20 0.026879 280
10 8 57 28.2852 22.6799 20 0.132956 364
10 8 58 21.6291 112.633 20 0.0713634 252
10 8 59 24 -2 0 0 210
10 8 60 36.9123 16.3639 20 0.127207 364
10 8 61 0 -10 0 0 0
10 8 62 24.9255 29.8315 20 0.149453 294
10 8 63 14.0006 185.856 20 0.138766 224
10 9 0 37.2916 10.9873 10.1902 0.210301 420
10 9 1 26 -2 0 0 294
10 9 2 23 -2 0 0 224
10 9 3 24.9762 -3 0 0 70
10 9 4 24.9762 -3 0 0 98
10 9 5 24.9762 -3 0 0 70
10 9 6 23 -2 0 0 266
10 9 7 24.9762 -3 0 0 126
10 9 8 26 -2 0 0 238
10 9 9 24.9762 -3 0 0 196
10 9 10 24.9762 -3 0 0 182
10 9 11 24.9762 -3 0 0 196
10 9 12 34.7436 20.3712 19.9999 0.252228 336
10 9 13 24.9762 -3 0 0 42
10 9 14 24 -2 0 0 224
10 9 15 24.9762 -3 0 0 56
10 9 16 24.9762 -3 0 0 168
10 9 17 24.9762 -3 0 0 182
10 9 18 24.9762 -3 0 0 98
10 9 19 24.9762 -3 0 0 112
10 9 20 28.0757 26.5947 20 0.0784046 224
10 9 21 24 -2 0 0 308
10 9 22 24.9762 -3 0 0 168
10 9 23 24.9762 -3 0 0 168
10 9 24 26 -2 0 0 224
10 9 25 24.9762 -3 0 0 154
10 9 26 33.6222 33.5883 20 0.300895 224
10 9 27 24.9762 -3 0 0 70
10 9 28 24.9762 -3 0 0 84
10 9 29 24.9762 -3 0 0 196
10 9 30 24.9762 -3 0 0 42
10 9 31 24.9762 -3 0 0 28
10 9 32 24.9762 -3 0 0 28
10 9 33 24.9762 -3 0 0 112
10 9 34 21 -2 0 0 238
10 9 35 24.9762 -3 0 0 70
10 9 36 24.9762 -3 0 0 112
10 9 37 24.9762 -3 0 0 112
10 9 38 24.9762 -3 0 0 140
10 9 39 24.9762 -3 0 0 154
10 9 40 24.9762 -3 0 0 70
10 9 41 24.9762 -3 0 0 84
10 9 42 24.9762 -3 0 0 70
10 9 43 24.9762 -3 0 0 196
10 9 44 24.9762 -3 0 0 28
10 9 45 24.9762 -3 0 0 126
10 9 46 24.9762 -3 0 0 98
10 9 47 24.9762 -3 0 0 126
10 9 48 24.9762 -3 0 0 126
10 9 49 24.9762 -3 0 0 126
10 9 50 24.9762 -3 0 0 28
10 9 51 24.9762 -3 0 0 126
10 9 52 24.9762 -3 0 0 98
10 9 53 24.9762 -3 0 0 70
10 9 54 24.9762 -3 0 0 126
10 9 55 24.9762 -3 0 0 140
10 9 56 24.9762 -3 0 0 112
10 9 57 36.5689 29.4707 20 0.243649 210
10 9 58 24.9762 -3 0 0 98
10 9 59 24.9762 -3 0 0 168
10 9 60 21 -2 0 0 210
10 9 61 24.9762 -3 0 0 154
10 9 62 24.9762 -3 0 0 168
10 9 63 24.9762 -3 0 0 98
10 10 0 25 -2 0 0 1568
10 10 1 26.8314 10.2792 16.2108 0.414199 1498
10 10 2 33 -2 0 0 1316
10 10 3 27.3585 4.28118 9.77108 0.339063 1190
10 10 4 26 -2 0 0 1540
10 10 5 24.7294 18.7511 19.9999 0.476324 1666
10 10 6 28 -2 0 0 1148
10 10 7 24.6888 18.0065 20 0.465838 1806
10 10 8 25.0807 3.1384 6.78193 0.44599 1736
10 10 9 30.0172 3.70078 9.98104 0.2925 1092
10 10 10 24.4482 12.511 8.20128 0.404212 1078
10 10 11 26.658 0.791121 2.58941 0.322464 2086
10 10 12 27.0368 4.38697 11.09 0.438058 1456
10 10 13 20.9117 18.763 20 0.486637 1708
10 10 14 30.1581 1.25086 3.74834 0.38755 1834
10 10 15 32 -2 0 0 1386
10 10 16 27.2201 1.32543 3.46566 0.432931 1498
10 10 17 29.5412 5.90165 12.2034 0.382588 1610
10 10 18 25.8341 1.52887 3.17953 0.393462 1778
10 10 19 28.1248 1.59218 5.51071 0.364999 2296
10 10 20 24.3853 0.789696 2.2418 0.344153 1806
10 10 21 29 -2 0 0 1120
10 10 22 22 -2 0 0 1064
10 10 23 24.897 1.01809 3.01392 0.484567 1988
10 10 24 30.5561 3.09732 8.11142 0.560198 1960
10 10 25 27.0438 2.06975 5.77339 0.461921 2422
10 10 26 26.49 2.35756 6.82127 0.419571 1890
10 10 27 26.8876 11.7674 20 0.443686 1778
10 10 28 28.1363 1.45599 4.39325 0.463714 2170
10 10 29 26.3234 1.37987 4.13522 0.464663 1946
10 10 30 19.4228 16.7967 20 0.574898 2016
10 10 31 28.0942 12.3717 20 0.468194 2646
10 10 32 25.4272 1.08996 4.17803 0.314066 2814
10 10 33 24.0518 1.20106 2.95842 0.576124 1918
10 10 34 25.1531 0.907297 3.07769 0.419332 1694
10 10 35 24.1318 1.03467 3.19013 0.443399 3066
10 10 36 22.695 22.1696 20 0.609312 2002
10 10 37 21.9668 1.57231 6.26593 0.355656 2478
10 10 38 24.8911 0.690413 2.91876 0.330541 4242
10 10 39 25.3734 0.54942 2.29834 0.471902 4256
10 10 40 20 -2 0 0 2002
10 10 41 24.0138 1.51005 5.80021 0.349605 2758
10 10 42 22.1799 9.7216 17.62 0.396131 2142
10 10 43 25.9993 1.22361 3.63534 0.462467 2688
10 10 44 24.5156 0.706278 2.87843 0.394239 3374
10 10 45 26.2549 2.57563 9.53267 0.355048 2338
10 10 46 27.2661 0.723658 2.49043 0.457883 2408
10 10 47 0 -10 0 0 0
10 10 48 21.872 0.907933 2.93824 0.392531 2282
10 10 49 23.939 0.701173 2.44175 0.508117 2366
10 10 50 26.5606 0.886426 3.12551 0.37742 3192
10 10 51 24.0886 0.840097 2.04165 0.43781 4480
10 10 52 25.4119 0.772317 2.64762 0.448692 2618
10 10 53 24.0208 0.696957 2.65544 0.500072 4480
10 10 54 25.9499 1.64735 5.67982 0.379219 2884
10 10 55 22.7619 1.01793 4.13287 0.370051 3346
10 10 56 24.2568 0.95624 3.26516 0.425401 4522
10 10 57 23.0149 0.865373 3.17874 0.405377 3892
10 10 58 23.3374 1.04262 3.1692 0.453269 3178
10 10 59 23.2005 0.99352 3.95457 0.462388 2912
10 10 60 23.2562 0.81379 2.16851 0.503503 3598
10 10 61 25 -2 0 0 4494
10 10 62 23.0948 0.780519 3.16034 0.434202 4032
10 10 63 21.9991 0.762075 2.06178 0.559505 3402
10 11 0 23.8841 1.00255 3.76907 0.335573 4690
10 11 1 22.0051 3.72787 6.48106 0.411363 3640
10 11 2 22 -2 0 0 3290
10 11 3 29.3657 7.19935 13.0879 0.482028 2128
10 11 4 23.9382 1.02172 3.22882 0.429978 1834
10 11 5 22.6228 0.589608 1.61896 0.365587 2422
10 11 6 27.6228 0.910624 3.64431 0.283479 3808
10 11 7 27.684 2.90841 7.75045 0.447127 2492
10 11 8 22.7239 0.694312 2.41757 0.366622 2870
10 11 9 29.1269 8.45947 17.8442 0.528822 2534
10 11 10 21.461 0.833348 2.61525 0.318123 2506
10 11 11 23.2656 2.23449 5.07671 0.479942 1834
10 11 12 25.5371 0.80306 2.90322 0.375583 2282
10 11 13 27 -2 0 0 2030
10 11 14 25.8166 1.07992 3.46773 0.423824 3612
10 11 15 25.5938 0.911759 2.0518 0.485437 1974
10 11 16 24.9272 0.817563 2.75396 0.414225 2674
10 11 17 22.6227 0.977227 3.05704 0.367436 2786
10 11 18 25.742 1.46856 2.66898 0.301118 1736
10 11 19 27.7629 3.28175 8.2494 0.412646 1806
10 11 20 25.4646 1.43569 3.68018 0.424534 1358
10 11 21 22.9442 18.3906 20 0.536022 2184
10 11 22 30 -2 0 0 2170
10 11 23 24.817 1.41524 3.39675 0.361289 1918
10 11 24 29.1619 5.30218 13.1575 0.592075 3136
10 11 25 23.8682 1.36933 4.60186 0.329421 1750
10 11 26 27.6482 0.848472 2.73373 0.472119 2422
10 11 27 28.541 2.45495 4.58651 0.444393 1372
10 11 28 28 -2 0 0 1316
10 11 29 26 -2 0 0 2072
10 11 30 24 -2 0 0 1750
10 11 31 30.8582 3.65902 6.87475 0.453878 1442
10 11 32 27.3948 1.31223 3.76539 0.378147 1274
10 11 33 30.1259 7.10466 13.1826 0.498642 910
10 11 34 25 -2 0 0 1554
10 11 35 25.883 1.04469 2.96959 0.419329 1386
10 11 36 23.4575 19.4204 20 0.391447 1400
10 11 37 31 -2 0 0 1204
10 11 38 30.1156 5.91018 8.41828 0.461082 1064
10 11 39 23.5689 1.82888 5.38169 0.356219 1260
10 11 40 26.2244 2.39975 5.03416 0.365485 1512
10 11 41 25.1821 20.3335 20 0.400061 1400
10 11 42 27.3335 1.70264 4.28956 0.404266 1638
10 11 43 24.9544 0.672353 2.04106 0.436366 1624
10 11 44 32.7884 3.21764 8.91636 0.29305 1190
10 11 45 24.0504 1.43861 3.99926 0.399019 1260
10 11 46 25.0819 0.846023 2.89226 0.393434 1708
10 11 47 23 -2 0 0 714
10 11 48 28.1498 5.86566 12.3646 0.397262 1484
10 11 49 25.5215 23.1927 16.9205 0.409229 1358
10 11 50 26 -2 0 0 1246
10 11 51 27 -2 0 0 1428
10 11 52 30 -2 0 0 1778
10 11 53 23.4407 0.840352 2.32748 0.504036 1064
10 11 54 24.5097 1.13229 3.49299 0.299807 1498
10 11 55 26 -2 0 0 1134
10 11 56 26.26 1.40486 4.28392 0.316917 1400
10 11 57 23.5957 1.29631 3.71106 0.364065 1148
10 11 58 18.594 137.645 18.4715 0.441853 1148
10 11 59 26.0622 4.22493 9.6612 0.332224 1722
10 11 60 24 -2 0 0 1064
10 11 61 25 -2 0 0 1358
10 11 62 25.0486 2.24897 6.07753 0.441814 1540
10 11 63 25 -2 0 0 1778
10 12 0 26.3515 0.758726 3.81258 0.513972 6440
10 12 1 24.8002 0.651403 3.82264 0.421087 6328
10 12 2 28.2974 0.700788 3.51687 0.424838 5348
10 12 3 26.1251 0.66369 2.28846 0.570955 5754
10 12 4 25.0366 0.681467 3.1598 0.398969 6286
10 12 5 25.6563 0.657954 3.31335 0.376766 5670
10 12 6 28.593 0.879674 3.98866 0.634477 5922
10 12 7 25.0956 0.706651 2.17038 0.488962 5544
10 12 8 26.0493 0.642926 2.49969 0.442092 5866
10 12 9 27.3562 0.645526 2.42442 0.459392 5894
10 12 10 26.5725 0.514486 2.284 0.590417 5488
10 12 11 25.8224 0.657271 2.1973 0.524168 5404
10 12 12 27.1577 0.741382 2.48425 0.507385 5572
10 12 13 25.8138 0.675881 3.23613 0.510572 5278
10 12 14 26.5142 0.599112 2.28629 0.552957 5922
10 12 15 27.0752 0.668399 1.91894 0.59395 5068
10 12 16 27.8437 0.612088 2.33158 0.562774 5950
10 12 17 26.1413 0.539835 2.27809 0.461862 6440
10 12 18 25.3919 0.594766 2.77953 0.47537 6398
10 12 19 28.1832 0.671147 2.58912 0.590945 6566
10 12 20 27.7039 0.630882 3.03248 0.500783 6944
10 12 21 28.5822 0.811024 2.9709 0.437682 5810
10 12 22 25.3048 0.494251 2.12587 0.88485 5908
10 12 23 24.6634 0.499091 2.10812 0.781509 6664
10 12 24 27.3061 0.626345 2.43263 0.483762 5264
10 12 25 28.4627 0.67868 3.37392 0.436007 6510
10 12 26 27.7437 0.572387 2.22624 0.512721 6398
10 12 27 26.0197 0.524222 2.62526 0.371965 5922
10 12 28 29.2827 0.625807 2.74483 0.487354 6342
10 12 29 25.4772 0.737332 3.00027 0.542542 6118
10 12 30 27.7049 0.716088 3.93329 0.383831 6580
10 12 31 26.7326 0.896203 2.51736 0.545364 6706
10 12 32 28.436 0.648619 2.21353 0.369907 7084
10 12 33 28.1419 0.415524 2.14837 0.828713 6832
10 12 34 26.0358 0.530475 3.0186 0.452375 7546
10 12 35 27.4381 0.708082 2.27286 0.571531 7672
10 12 36 26.5165 0.591228 2.65938 0.616286 6650
10 12 37 28.1409 0.630107 3.30957 0.587898 7294
10 12 38 26.8557 0.812374 3.54759 0.411713 8680
10 12 39 26.9622 0.577133 2.36181 0.445393 9184
10 12 40 26.0217 0.5657 2.44606 0.497331 6692
10 12 41 28.4912 0.491815 2.47186 0.538542 6804
10 12 42 26.0294 0.462355 2.56341 0.462193 7462
10 12 43 27.7437 0.597721 3.01608 0.515311 7322
10 12 44 26.9097 0.647689 2.66868 0.269012 7700
10 12 45 26.6594 0.619619 3.08446 0.66049 7000
10 12 46 27.9929 0.651351 2.00917 0.657614 7518
10 12 47 29.2079 1.35623 6.14276 0.709015 9758
10 12 48 28.6625 0.731527 1.70832 0.648712 7966
10 12 49 27.03 0.811654 2.14904 0.451687 7910
10 12 50 26.5778 0.631105 2.0485 0.659706 7994
10 12 51 27.7996 0.719883 1.7485 0.636955 10556
10 12 52 27.9217 0.713875 2.50912 0.462254 7182
10 12 53 26.224 0.654084 2.7722 0.44413 8946
10 12 54 27.4309 0.701112 2.25478 0.515859 8624
10 12 55 26.5885 0.574578 2.86025 0.501501 8260
10 12 56 26.2455 0.55728 2.60107 0.452454 9450
10 12 57 27.1076 0.845799 3.50252 0.523599 9730
10 12 58 27.4178 0.713263 2.07458 0.51929 8680
10 12 59 27.5871 0.597878 1.99471 0.634422 7518
10 12 60 32 -2 0 0 9814
10 12 61 25.3602 0.544061 3.00293 0.47011 10052
10 12 62 26.5217 0.661861 3.23709 0.498963 9268
10 12 63 26.0715 0.540596 3.02477 0.628388 8330
10 13 0 25.9769 0.628805 2.24824 0.604029 9856
10 13 1 26.4334 0.626242 2.15538 0.529659 9058
10 13 2 26.3432 0.63059 2.86269 0.298632 8106
10 13 3 26.7658 0.521215 2.26663 0.529049 5544
10 13 4 27.6626 0.697769 3.02801 0.367567 5502
10 13 5 27.0774 0.762887 3.29474 0.414378 6286
10 13 6 26.3487 0.693976 2.86369 0.397659 7070
10 13 7 27.0983 0.757 2.42783 0.486677 4144
10 13 8 27.1503 0.613542 2.28929 0.402357 7294
10 13 9 28.2482 0.599771 2.04572 0.551311 6202
10 13 10 28.8747 0.819965 4.23555 0.515229 5138
10 13 11 26.9011 0.867695 2.53492 0.653027 5992
10 13 12 27.3757 0.635849 3.02239 0.310522 5446
10 13 13 26.7111 0.70486 2.67203 0.293375 4186
10 13 14 26.4902 0.681887 2.5981 0.372034 8386
10 13 15 25.6187 0.85233 1.52516 0.713977 5166
10 13 16 27.05 0.658324 2.70028 0.427626 5180
10 13 17 26.4439 0.793689 2.07495 0.574926 5922
10 13 18 26.898 0.601479 2.15846 0.582117 4942
10 13 19 25.2104 0.733102 3.041 0.691667 4144
10 13 20 26.9118 0.615072 2.84878 0.456967 5628
10 13 21 28.2956 0.613198 2.74626 0.507695 7056
10 13 22 26.5933 0.610884 2.56924 0.552464 4522
10 13 23 27.0808 0.709768 3.60894 0.504162 6300
10 13 24 25.9381 0.816141 2.43516 0.573679 7462
10 13 25 27.8066 0.869769 2.62855 0.398861 4018
10 13 26 26.4738 0.588358 2.7316 0.436311 7532
10 13 27 28.0395 0.651735 1.93463 0.637897 4788
10 13 28 27.2607 0.749597 2.61726 0.425642 4186
10 13 29 26.8132 0.694336 2.03389 0.563738 6076
10 13 30 27.1689 0.792949 2.22463 0.404741 4928
10 13 31 26.9446 0.829089 3.43719 0.389524 3584
10 13 32 28.966 2.79911 9.27229 0.585471 3178
10 13 33 25.8803 1.00352 1.8189 0.649363 4732
10 13 34 26.774 0.545229 2.42692 0.501153 6944
10 13 35 35 -2 0 0 3486
10 13 36 27.2758 0.59043 1.92789 0.474886 5236
10 13 37 26.2298 0.584266 2.7476 0.360367 5068
10 13 38 27.4355 0.696105 3.00412 0.444693 3416
10 13 39 22.8684 0.604977 2.57079 0.554506 3682
10 13 40 26.3916 0.867133 3.11724 0.377974 5040
10 13 41 28.4091 0.77606 2.66751 0.542466 3360
10 13 42 28.1011 0.98299 2.59416 0.443495 5166
10 13 43 25.7294 1.27449 4.90034 0.784492 5852
10 13 44 26.3465 0.781616 2.76282 0.549185 3290
10 13 45 25.0853 0.746974 2.76638 0.519841 3794
10 13 46 26.4814 0.817224 1.18792 0.726148 6790
10 13 47 25.6875 1.10902 5.47372 0.311146 3528
10 13 48 25.0084 1.89825 4.03632 0.542314 4144
10 13 49 27.0186 0.882427 2.4046 0.391576 5082
10 13 50 24.7165 0.974146 1.84976 0.491375 3710
10 13 51 32.736 4.40986 12.6619 0.745379 5530
10 13 52 27.7621 0.700976 2.82762 0.391657 5250
10 13 53 22.1582 0.452305 1.80822 0.603234 3612
10 13 54 25.1456 0.61146 2.73002 0.470384 4074
10 13 55 25.1834 0.660994 1.92453 0.645057 5348
10 13 56 27.7415 0.683524 2.99723 0.588436 4620
10 13 57 21.9833 0.75098 2.71643 0.457022 4494
10 13 58 24.1985 0.618507 2.33863 0.589421 4620
10 13 59 23.4863 0.592268 2.88538 0.462945 6244
10 13 60 23.6386 0.790818 3.87294 0.377028 3668
10 13 61 25.0379 0.700799 3.21645 0.506921 6076
10 13 62 23.1332 0.687352 2.9031 0.453352 5964
10 13 63 24.8318 0.564069 2.44677 0.688437 4914
10 14 0 25.7961 0.476931 2.55204 0.583478 10332
10 14 1 26.2676 0.544524 2.24548 0.534363 9800
10 14 2 27.1094 0.526939 3.14982 0.470784 10122
10 14 3 27.178 0.565961 2.09753 0.570645 10500
10 14 4 26.5898 0.596279 2.31646 0.583508 10514
10 14 5 26.1983 0.500946 2.55383 0.413588 10430
10 14 6 26.2703 0.532124 2.31714 0.39075 10374
10 14 7 25.9005 0.489029 2.66141 0.463158 10108
10 14 8 25.4086 0.489755 2.46208 0.508216 9786
10 14 9 27.6689 0.684584 2.82274 0.451088 10934
10 14 10 27.5811 0.50049 2.61479 0.596939 9646
10 14 11 25.3796 0.701122 2.05293 0.611902 9730
10 14 12 27.524 0.48535 2.98232 0.356794 9618
10 14 13 24.8847 1.07055 3.11393 0.48402 9422
10 14 14 27.2278 0.479527 2.31273 0.447284 10136
10 14 15 25.2778 0.652291 3.3644 0.451974 9926
10 14 16 25.4257 0.76468 4.58909 0.406728 10710
10 14 17 27.042 0.486199 2.162 0.492841 10122
10 14 18 25.5827 0.622611 2.2306 0.33779 10276
10 14 19 25.4391 0.588524 3.0556 0.559986 10962
10 14 20 27.1427 0.551109 2.46107 0.42334 9996
10 14 21 25.9943 0.566005 2.52274 0.450793 9968
10 14 22 25.8532 0.689798 2.81534 0.500585 9618
10 14 23 26.3004 0.497887 2.33885 0.497926 10654
10 14 24 25.7239 0.690728 3.30241 0.405274 9310
10 14 25 27.1421 0.566866 2.69729 0.347696 10500
10 14 26 26.1033 0.59221 1.95112 0.55945 10332
10 14 27 26.5224 0.603249 2.20158 0.574138 9856
10 14 28 26.2247 0.639548 2.33212 0.571095 9534
10 14 29 27.1577 0.480096 2.15061 0.40043 10654
10 14 30 25.8937 0.683723 3.06415 0.336755 9506
10 14 31 26.1121 0.686528 2.16627 0.430566 10262
10 14 32 25.997 0.508843 2.15753 0.444238 10444
10 14 33 25.4864 0.557902 2.19241 0.647596 9912
10 14 34 26.9812 0.53785 2.61304 0.470097 10430
10 14 35 27.2624 0.642635 2.72436 0.442625 11046
10 14 36 26.3319 0.63284 2.63048 0.38825 10444
10 14 37 26.1356 0.643044 2.1775 0.564186 10150
10 14 38 25.5677 0.6511 2.82702 0.524036 10570
10 14 39 24.8113 0.484949 2.26523 0.696771 11774
10 14 40 27.1366 0.575819 1.97571 0.780207 10444
10 14 41 25.6935 0.694029 2.44225 0.509171 9716
10 14 42 27.5441 0.490995 2.25683 0.59933 10612
10 14 43 25.4697 0.539159 2.88234 0.553994 11004
10 14 44 27.0528 0.510832 2.65254 0.386587 10206
10 14 45 0 -10 0 0 0
10 14 46 26.9507 0.508996 2.38055 0.643193 10710
10 14 47 25.6314 0.504804 2.53417 0.485161 12026
10 14 48 24.6411 0.633112 2.34934 0.529097 10892
10 14 49 25.5288 0.474664 2.6801 0.346317 10752
10 14 50 24.5992 0.959724 3.62208 0.436961 10626
10 14 51 25.0391 0.567311 3.09269 0.375107 11970
10 14 52 26.3814 0.706763 2.45971 0.442162 10948
10 14 53 25.8688 0.636582 2.48236 0.506283 11242
10 14 54 26.0236 0.734623 2.63542 0.435425 11046
10 14 55 26.4885 0.510138 2.53115 0.471681 11550
10 14 56 25.4221 0.449357 2.48661 0.781268 11676
10 14 57 25.9449 0.453284 2.48087 0.552723 11942
10 14 58 24.853 0.519096 2.29949 0.404843 10108
10 14 59 26.5341 0.766955 1.77099 0.620599 11312
10 14 60 24.7434 0.507773 2.3605 0.554891 10850
10 14 61 24.6121 0.647285 3.32855 0.432734 12460
10 14 62 24.9285 0.623761 2.39915 0.483622 10514
10 14 63 25.4123 0.568712 2.34364 0.571328 10192
10 15 0 25.6241 0.511699 2.74546 0.334658 11522
10 15 1 23.0685 0.579802 2.65657 0.35477 10262
10 15 2 25.5022 0.904078 1.9185 0.641949 10570
10 15 3 25.8627 0.695162 2.94385 0.595722 6566
10 15 4 24.7673 0.854846 2.71952 0.544163 7826
10 15 5 25.0657 0.550332 2.89723 0.471397 8344
10 15 6 25.9455 0.495581 2.3912 0.448452 8848
10 15 7 28.143 0.783209 2.87224 0.532149 5026
10 15 8 25.1352 0.635821 2.11819 0.607791 9128
10 15 9 26.0506 0.701812 2.01843 0.500622 7798
10 15 10 24.9974 0.686078 2.1271 0.50214 6314
10 15 11 25.4789 0.699384 2.0814 0.509308 8512
10 15 12 32 -2 0 0 7644
10 15 13 25.4632 0.425463 2.29227 0.473294 6580
10 15 14 26.0983 0.714554 1.71866 0.70095 11326
10 15 15 25.7887 0.743515 2.36145 0.71956 6958
10 15 16 26.1122 0.65259 2.49179 0.548327 6832
10 15 17 26.0867 0.497429 1.91437 0.537612 9128
10 15 18 25.7349 0.806018 1.79288 0.559872 7294
10 15 19 25.5735 0.608868 2.26076 0.646051 5432
10 15 20 34 -2 0 0 7896
10 15 21 24.7219 0.569843 2.26355 0.581461 8414
10 15 22 23.7703 0.707853 2.45566 0.387507 5628
10 15 23 25.5291 0.548695 2.48378 0.428482 8764
10 15 24 25.6732 0.653411 2.94068 0.405184 9450
10 15 25 22.9267 0.517152 1.99868 0.481113 5264
10 15 26 25.2257 0.646456 2.16731 0.501794 10234
10 15 27 26.3336 0.531667 2.776 0.421434 6552
10 15 28 25.5435 0.737172 1.51926 0.557461 5908
10 15 29 24.9129 0.523061 1.99179 0.73755 9534
10 15 30 25.2599 0.45665 2.24732 0.463006 7056
10 15 31 23.66 0.517999 2.33316 0.961583 5208
10 15 32 26.2698 0.843107 2.21985 0.463766 6132
10 15 33 25.3884 0.495571 2.3023 0.492433 6468
10 15 34 26.1949 1.10813 2.31722 0.456742 10948
10 15 35 26.6209 0.543568 2.89085 0.413733 4816
10 15 36 24.9257 0.556745 1.88909 0.505137 7378
10 15 37 26.1767 0.653272 1.54127 0.623521 8484
10 15 38 26.2139 0.493698 2.44171 0.589331 4914
10 15 39 26.4098 0.661804 1.84007 0.637546 7714
10 15 40 25.8707 0.781844 1.85057 0.585827 7574
10 15 41 26.0655 0.611066 2.57862 0.602199 5418
10 15 42 24.9293 0.782451 3.0583 0.48232 7840
10 15 43 25.0305 0.614143 3.13878 0.62137 9996
10 15 44 24.9634 0.675219 1.77151 0.71238 5796
10 15 45 25.4396 0.631621 3.13642 0.556277 6342
10 15 46 24.764 0.708882 2.68709 0.533558 10836
10 15 47 26.1262 0.748938 2.55127 0.642055 5194
10 15 48 25.5314 0.480439 2.03281 0.62528 7238
10 15 49 32 -2 0 0 9058
10 15 50 26.3664 0.702117 2.95436 0.433058 6916
10 15 51 25.3422 0.536123 1.67479 0.625035 9828
10 15 52 26.2332 0.4977 2.44554 0.36703 8414
10 15 53 26.1312 0.465208 2.00636 0.602259 6160
10 15 54 25.367 0.716932 2.04526 0.541194 6916
10 15 55 24.5989 0.633883 1.92608 0.548845 8904
10 15 56 24.6426 0.609261 2.80546 0.438639 8302
10 15 57 24.3069 0.680939 2.03191 0.540114 8568
10 15 58 25.9469 0.540026 2.49077 0.422781 7910
10 15 59 23.9688 0.59475 2.1653 0.441478 10094
10 15 60 23.4039 0.579035 2.61131 0.554841 6482
10 15 61 23.4338 0.691124 3.61067 0.3649 10276
10 15 62 23.6408 0.557883 2.19924 0.43097 10108
10 15 63 25.6093 0.565562 2.6602 0.336534 8694
11 0 0 24.2751 -3 0 0 126
11 0 1 24.2751 -3 0 0 70
11 0 2 24.2751 -3 0 0 112
11 0 3 24.2751 -3 0 0 84
11 0 4 24.2751 -3 0 0 112
11 0 5 24.2751 -3 0 0 112
11 0 6 24.2751 -3 0 0 84
11 0 7 24.2751 -3 0 0 70
11 0 8 24.2751 -3 0 0 140
11 0 9 24.2751 -3 0 0 70
11 0 10 24.2751 -3 0 0 56
11 0 11 24.2751 -3 0 0 70
11 0 12 24.2751 -3 0 0 168
11 0 13 24.2751 -3 0 0 126
11 0 14 24.2751 -3 0 0 84
11 0 15 24.2751 -3 0 0 126
11 0 16 24.2751 -3 0 0 98
11 0 17 24.2751 -3 0 0 112
11 0 18 24.2751 -3 0 0 84
11 0 19 24.2751 -3 0 0 112
11 0 20 24.2751 -3 0 0 56
11 0 21 24.2751 -3 0 0 154
11 0 22 24.2751 -3 0 0 42
11 0 23 24.2751 -3 0 0 126
11 0 24 24.2751 -3 0 0 84
11 0 25 24.2751 -3 0 0 98
11 0 26 24.2751 -3 0 0 98
11 0 27 24.2751 -3 0 0 112
11 0 28 24.2751 -3 0 0 70
11 0 29 24.2751 -3 0 0 154
11 0 30 24.2751 -3 0 0 70
11 0 31 24.2751 -3 0 0 56
11 0 32 24.2751 -3 0 0 84
11 0 33 24.2751 -3 0 0 140
11 0 34 24.2751 -3 0 0 126
11 0 35 24.2751 -3 0 0 84
11 0 36 24.2751 -3 0 0 70
11 0 37 24.2751 -3 0 0 56
11 0 38 24.2751 -3 0 0 70
11 0 39 24.2751 -3 0 0 140
11 0 40 24.2751 -3 0 0 98
11 0 41 24.2751 -3 0 0 56
11 0 42 24.2751 -3 0 0 70
11 0 43 24.2751 -3 0 0 70
11 0 44 24.2751 -3 0 0 42
11 0 45 24.2751 -3 0 0 84
11 0 46 24.2751 -3 0 0 126
11 0 47 24.2751 -3 0 0 154
11 0 48 24.2751 -3 0 0 56
11 0 49 24.2751 -3 0 0 98
11 0 50 24.2751 -3 0 0 140
11 0 51 24.2751 -3 0 0 168
11 0 52 24.2751 -3 0 0 126
11 0 53 24.2751 -3 0 0 98
11 0 54 24.2751 -3 0 0 42
11 0 55 24.2751 -3 0 0 112
11 0 56 24.2751 -3 0 0 70
11 0 57 24.2751 -3 0 0 84
11 0 58 24.2751 -3 0 0 126
11 0 59 24.2751 -3 0 0 112
11 0 60 24.2751 -3 0 0 98
11 0 61 24.2751 -3 0 0 140
11 0 62 24 -2 0 0 210
11 0 63 24.2751 -3 0 0 112
11 1 0 27.1102 -3 0 0 126
11 1 1 27.1102 -3 0 0 154
11 1 2 27.1102 -3 0 0 196
11 1 3 27.1102 -3 0 0 84
11 1 4 27.1102 -3 0 0 140
11 1 5 27.1102 -3 0 0 126
11 1 6 27.1102 -3 0 0 140
11 1 7 27.1102 -3 0 0 196
11 1 8 27.1102 -3 0 0 182
11 1 9 23 -2 0 0 210
11 1 10 27.1102 -3 0 0 168
11 1 11 27.1102 -3 0 0 84
11 1 12 27.1102 -3 0 0 140
11 1 13 27.1102 -3 0 0 168
11 1 14 27.1102 -3 0 0 98
11 1 15 27.1102 -3 0 0 154
11 1 16 27.1102 -3 0 0 168
11 1 17 27.1102 -3 0 0 182
11 1 18 26 -2 0 0 210
11 1 19 27.1102 -3 0 0 196
11 1 20 27.1102 -3 0 0 70
11 1 21 27.1102 -3 0 0 140
11 1 22 27.1102 -3 0 0 126
11 1 23 27.1102 -3 0 0 126
11 1 24 27.1102 -3 0 0 84
11 1 25 27.1102 -3 0 0 154
11 1 26 27.1102 -3 0 0 84
11 1 27 27.1102 -3 0 0 154
11 1 28 27.1102 -3 0 0 112
11 1 29 27.1102 -3 0 0 140
11 1 30 27.1102 -3 0 0 70
11 1 31 27.1102 -3 0 0 98
11 1 32 27.1102 -3 0 0 112
11 1 33 27.1102 -3 0 0 112
11 1 34 27.1102 -3 0 0 112
11 1 35 27.1102 -3 0 0 112
11 1 36 27.1102 -3 0 0 154
11 1 37 27.1102 -3 0 0 70
11 1 38 27.1102 -3 0 0 98
11 1 39 27.1102 -3 0 0 112
11 1 40 27.1102 -3 0 0 84
11 1 41 27.1102 -3 0 0 112
11 1 42 27.1102 -3 0 0 140
11 1 43 27.1102 -3 0 0 98
11 1 44 27.1102 -3 0 0 168
11 1 45 27.1102 -3 0 0 168
11 1 46 27.1102 -3 0 0 196
11 1 47 27.1102 -3 0 0 154
11 1 48 27.1102 -3 0 0 154
11 1 49 27.1102 -3 0 0 112
11 1 50 27.1102 -3 0 0 154
11 1 51 27.1102 -3 0 0 84
11 1 52 27.1102 -3 0 0 84
11 1 53 27.1102 -3 0 0 182
11 1 54 27.1102 -3 0 0 98
11 1 55 27.1102 -3 0 0 84
11 1 56 27.1102 -3 0 0 168
11 1 57 27.1102 -3 0 0 140
11 1 58 27.1102 -3 0 0 196
11 1 59 27.1102 -3 0 0 140
11 1 60 37.0377 22.4372 19.5557 0.448977 224
11 1 61 27.1102 -3 0 0 140
11 1 62 27.1102 -3 0 0 28
11 1 63 27.1102 -3 0 0 98
11 2 0 25 -2 0 0 322
11 2 1 31.625 28.4005 20 0.264511 252
11 2 2 31.0039 23.9347 20 0.102365 280
11 2 3 25.6725 -3 0 0 112
11 2 4 25.6725 -3 0 0 182
11 2 5 21.4311 123.235 20 0.138404 224
11 2 6 31.7527 24.0375 20 0.152671 308
11 2 7 25.6725 -3 0 0 112
11 2 8 25.6725 -3 0 0 168
11 2 9 32.1068 31.7086 20 0.11565 238
11 2 10 24 -2 0 0 224
11 2 11 37.1479 15.0819 20 0.102587 378
11 2 12 27 -2 0 0 210
11 2 13 25.6725 -3 0 0 196
11 2 14 27.3084 35.8929 20 0.170829 378
11 2 15 25.6725 -3 0 0 168
11 2 16 28.7648 31.3651 19.9998 0.109361 252
11 2 17 27 -2 0 0 336
11 2 18 30.9401 27.9319 20 0.100556 238
11 2 19 25.6725 -3 0 0 154
11 2 20 35.6611 24.817 20 0.177401 322
11 2 21 32.4587 20.3085 20 0.0658219 308
11 2 22 26.954 38.416 20 0.190727 238
11 2 23 25.6725 -3 0 0 196
11 2 24 35.3087 27.4937 19.4209 0.157185 266
11 2 25 25.6725 -3 0 0 112
11 2 26 30.4446 26.1848 20 0.203047 364
11 2 27 25.6725 -3 0 0 112
11 2 28 25.6725 -3 0 0 112
11 2 29 30.1081 29.9493 20 0.153716 280
11 2 30 25 -2 0 0 294
11 2 31 31.6954 22.3507 20 0.0532764 280
11 2 32 33.8524 21.9753 20 0.0545614 280
11 2 33 25.6725 -3 0 0 182
11 2 34 28 -2 0 0 392
11 2 35 24 -2 0 0 686
11 2 36 28 -2 0 0 210
11 2 37 25.6725 -3 0 0 196
11 2 38 24 -2 0 0 686
11 2 39 28.8049 3.6731 7.1668 0.20683 616
11 2 40 30.4252 6.11235 7.62868 0.259388 280
11 2 41 32.4391 23.795 20 0.13989 406
11 2 42 35.7606 21.599 20 0.191902 434
11 2 43 32.1728 33.7318 20 0.132779 280
11 2 44 28.7543 29.9029 20 0.272167 714
11 2 45 34.3531 18.7032 20 0.169414 406
11 2 46 20 -2 0 0 252
11 2 47 24 -2 0 0 966
11 2 48 30.6564 22.6428 20 0.184811 546
11 2 49 27 -2 0 0 476
11 2 50 20.4752 32.6946 20 0.271468 630
11 2 51 0 -10 0 0 0
11 2 52 30 -2 0 0 630
11 2 53 36.1567 11.5765 20 0.211507 1036
11 2 54 34.0788 16.7067 20 0.26781 868
11 2 55 29.4551 17.7344 20 0.266855 1120
11 2 56 0 -10 0 0 0
11 2 57 28.3114 21.8094 20 0.177216 574
11 2 58 29.194 21.9381 20 0.251463 742
11 2 59 27 -2 0 0 616
11 2 60 26 -2 0 0 910
11 2 61 0 -10 0 0 0
11 2 62 28.3351 12.9919 17.3507 0.284808 1162
11 2 63 32.5242 8.39332 14.9815 0.263577 980
11 3 0 32 -2 0 0 882
11 3 1 27.319 17.5773 20 0.25846 1050
11 3 2 29.572 16.8257 20 0.298153 896
11 3 3 27.7348 2.64359 6.36608 0.282892 1134
11 3 4 25 -2 0 0 770
11 3 5 27 -2 0 0 1050
11 3 6 23 -2 0 0 1050
11 3 7 24.3567 2.00648 5.24938 0.362228 1582
11 3 8 31.148 15.5446 20 0.291469 966
11 3 9 26.9189 1.70804 4.22134 0.319747 1484
11 3 10 23 -2 0 0 1400
11 3 11 32.7324 19.6706 17.99 0.269403 742
11 3 12 33.784 13.4379 20 0.200893 840
11 3 13 22 -2 0 0 714
11 3 14 29.3331 27.4164 20 0.210456 658
11 3 15 29 -2 0 0 784
11 3 16 27.7343 15.6623 20 0.39504 2016
11 3 17 28.6654 9.64913 12.6362 0.256329 630
11 3 18 34.3632 11.2719 16.4221 0.326496 728
11 3 19 27 -2 0 0 938
11 3 20 36.1122 11.5297 20 0.297496 616
11 3 21 28.7019 4.52018 11.3358 0.281578 1470
11 3 22 30.3505 17.2867 19.9999 0.337882 1022
11 3 23 31.0319 17.7018 20 0.137229 546
11 3 24 24 -2 0 0 1092
11 3 25 25.5789 22.1227 20 0.168616 630
11 3 26 25 -2 0 0 504
11 3 27 25 -2 0 0 406
11 3 28 20 -2 0 0 378
11 3 29 24 -2 0 0 448
11 3 30 33.1981 19.3319 20 0.137193 378
11 3 31 33 -2 0 0 602
11 3 32 33.9962 19.7763 20 0.156116 392
11 3 33 20 -2 0 0 308
11 3 34 22 -2 0 0 378
11 3 35 25 -2 0 0 280
11 3 36 27.2994 30.4524 20 0.174458 462
11 3 37 30.0765 22.1196 20 0.251745 392
11 3 38 24 -2 0 0 434
11 3 39 25.2576 -3 0 0 196
11 3 40 37.7886 18.3423 20 0.077675 336
11 3 41 27 -2 0 0 546
11 3 42 30.9694 27.3484 20 0.207172 406
11 3 43 28.9458 146.759 19.9688 0.310627 364
11 3 44 25 -2 0 0 350
11 3 45 24.5261 30.5504 20 0.200706 420
11 3 46 19.4917 126.516 20 0.273581 378
11 3 47 33.2825 18.8673 20 0.170301 434
11 3 48 23.279 109.134 20 0.197442 392
11 3 49 25 -2 0 0 364
11 3 50 32.0274 9.93787 12.4001 0.161321 294
11 3 51 32.2922 23.0794 20 0.1482 350
11 3 52 25 -2 0 0 406
11 3 53 30.5472 23.4765 20 0.18631 364
11 3 54 28.5662 27.8023 20 0.053635 210
11 3 55 27 -2 0 0 266
11 3 56 26 -2 0 0 266
11 3 57 21.9996 28.0327 20 0.255623 350
11 3 58 34.5974 15.0173 18.3183 0.222567 364
11 3 59 37.0285 17.6645 20 0.235532 350
11 3 60 26.5809 22.3992 20 0.212817 476
11 3 61 31.174 22.2718 20 0.0802572 252
11 3 62 20.069 112.922 20 0.161314 308
11 3 63 23 -2 0 0 336
11 4 0 27 -2 0 0 1680
11 4 1 24.7133 1.15393 3.49012 0.339613 1750
11 4 2 20.3234 18.1998 20 0.344636 1470
11 4 3 27.4318 3.06056 8.59546 0.233397 1064
11 4 4 25 -2 0 0 1232
11 4 5 28.3028 18.3273 20 0.395533 1302
11 4 6 28.7304 12.4847 12.9965 0.310498 1148
11 4 7 25.7964 19.1939 20 0.405563 1316
11 4 8 28.3215 2.49194 6.16075 0.439419 1330
11 4 9 30.4243 2.58293 7.19692 0.242147 1134
11 4 10 28.154 5.68977 11.301 0.337288 1554
11 4 11 27.2785 13.8125 20 0.436609 1778
11 4 12 31.2322 16.5579 19.9996 0.419124 966
11 4 13 25.093 21.0153 20 0.444136 1022
11 4 14 26 -2 0 0 1960
11 4 15 31.7926 13.0007 14.0342 0.520145 1428
11 4 16 26.9156 2.96963 8.06906 0.308136 1512
11 4 17 30.6545 2.75842 5.04372 0.418318 2142
11 4 18 28 -2 0 0 1036
11 4 19 25.6845 1.24427 2.3188 0.430619 1498
11 4 20 27.1004 1.75114 5.00292 0.336432 2016
11 4 21 23.2318 22.2915 20 0.304863 854
11 4 22 20 -2 0 0 1162
11 4 23 26.6572 2.82076 5.88543 0.336935 1778
11 4 24 25 -2 0 0 1708
11 4 25 24 -2 0 0 1568
11 4 26 30.0698 2.52997 6.79954 0.299493 2520
11 4 27 23 -2 0 0 1666
11 4 28 23.4163 1.31465 3.22571 0.350328 1260
11 4 29 26.7716 1.78338 5.70135 0.353817 2002
11 4 30 28 -2 0 0 1456
11 4 31 27.4207 1.14496 3.03912 0.284013 1456
11 4 32 29.045 2.51258 5.98707 0.343593 1358
11 4 33 29 -2 0 0 1344
11 4 34 30.1575 12.9417 20 0.565495 2450
11 4 35 33.4345 10.7421 19.2361 0.364948 1414
11 4 36 31.4357 14.1165 20 0.410591 1638
11 4 37 31.3353 5.22461 8.75205 0.453431 1946
11 4 38 22 -2 0 0 1638
11 4 39 27.4353 2.26741 6.73314 0.335953 1442
11 4 40 28 -2 0 0 2100
11 4 41 28.7686 2.91638 6.23915 0.383143 1694
11 4 42 33.0005 8.11111 16.4919 0.412041 1764
11 4 43 25.1473 0.987338 2.89296 0.333609 2464
11 4 44 24.9291 1.5038 4.27524 0.435441 1666
11 4 45 27.1792 21.3646 18.9008 0.296639 1428
11 4 46 27.4505 1.90658 5.80004 0.350915 2590
11 4 47 32.0237 7.08103 13.4531 0.428244 1778
11 4 48 27.2323 3.81931 11.2895 0.335476 1876
11 4 49 27 -2 0 0 2156
11 4 50 32.6136 7.02712 14.805 0.464117 1596
11 4 51 23 -2 0 0 3094
11 4 52 30.8153 13.5652 20 0.457856 1932
11 4 53 29.9654 11.448 15.3223 0.365568 1554
11 4 54 26.7558 1.20846 3.13367 0.467762 1764
11 4 55 23.9958 1.91836 5.78193 0.367841 2604
11 4 56 25.821 20.621 20 0.369206 1792
11 4 57 31.882 6.89491 14.7368 0.428299 2422
11 4 58 26 -2 0 0 1946
11 4 59 21.5371 1.41022 4.25491 0.366824 2996
11 4 60 24 -2 0 0 1764
11 4 61 26.8659 11.5059 15.5072 0.468696 3164
11 4 62 20.5529 0.939496 3.49051 0.35592 2772
11 4 63 24.8215 1.02424 3.30651 0.394202 2408
11 5 0 24.568 1.21799 4.2337 0.434389 3024
11 5 1 25.2232 0.589491 1.82842 0.609641 2940
11 5 2 27.7564 1.23501 3.63123 0.491847 3486
11 5 3 25.3923 0.656473 2.27614 0.520074 3906
11 5 4 24.6125 0.905495 3.38738 0.451116 3304
11 5 5 25.6953 0.934403 3.46728 0.407656 3500
11 5 6 27.4311 0.674696 2.41974 0.577815 3724
11 5 7 27.585 0.973152 3.21309 0.363339 5600
11 5 8 24.8708 0.731431 2.85876 0.527204 3052
11 5 9 25.6216 1.00513 3.69084 0.459316 3752
11 5 10 27.6456 0.723098 3.0978 0.453833 5152
11 5 11 29.4919 0.886935 3.01521 0.591961 3360
11 5 12 27.9038 0.73194 2.78586 0.517045 3654
11 5 13 26.1927 0.864905 3.18366 0.456267 3934
11 5 14 24 -2 0 0 2884
11 5 15 34.2378 7.70315 17.7396 0.663298 3514
11 5 16 24.147 0.666293 2.92467 0.279647 6146
11 5 17 28.4839 0.864352 3.31251 0.316928 2968
11 5 18 28 -2 0 0 3178
11 5 19 27.7718 0.744332 1.7072 0.539426 4214
11 5 20 27.8805 0.72518 2.42176 0.331305 3024
11 5 21 26.5129 0.688935 2.83327 0.500469 3794
11 5 22 28.4553 3.14428 9.53962 0.539693 4382
11 5 23 25.5929 1.08583 4.28159 0.29688 2702
11 5 24 26.5836 0.876485 2.83816 0.601778 2954
11 5 25 29.4573 6.0588 13.3677 0.557841 3766
11 5 26 28 -2 0 0 2744
11 5 27 24.9892 2.3193 6.04227 0.54736 2716
11 5 28 24.4754 1.52779 4.65629 0.461813 2856
11 5 29 25.9739 1.00867 3.39154 0.510107 2520
11 5 30 29.0067 1.32119 4.88729 0.345234 2548
11 5 31 32 -2 0 0 3892
11 5 32 27.6944 0.732521 2.30623 0.469816 2688
11 5 33 27.2538 0.91553 2.99977 0.475707 2702
11 5 34 31.9991 5.58929 15.1143 0.572894 2576
11 5 35 24.6523 0.76933 2.79648 0.415895 3164
11 5 36 28 -2 0 0 2338
11 5 37 32.2818 4.29352 13.0045 0.439641 2352
11 5 38 27.3653 1.09737 3.83753 0.634312 3458
11 5 39 30.7891 2.24349 7.19746 0.481601 2058
11 5 40 28.394 0.994749 3.86901 0.401076 2534
11 5 41 29.497 3.96775 10.2727 0.559662 2842
11 5 42 23.6638 0.707794 2.28443 0.383829 2324
11 5 43 27.7202 1.15977 4.17637 0.482125 2254
11 5 44 23.2202 0.982331 2.94979 0.316809 2856
11 5 45 24 -2 0 0 2072
11 5 46 27.5457 0.905807 2.89729 0.440972 2338
11 5 47 28.5719 0.962687 3.32561 0.442089 3094
11 5 48 26.2684 0.829119 3.13504 0.480829 2688
11 5 49 22 -2 0 0 1722
11 5 50 30 -2 0 0 1988
11 5 51 29.4015 2.22251 6.45161 0.464709 1456
11 5 52 24.1603 1.40731 4.01809 0.37429 2268
11 5 53 27.2052 0.80327 2.59008 0.478962 2884
11 5 54 28.7688 14.6099 17.1514 0.534632 1946
11 5 55 30.0726 4.74121 11.7609 0.450315 1596
11 5 56 26.7705 2.76951 7.314 0.447481 1680
11 5 57 25.444 3.13162 5.85187 0.475061 2058
11 5 58 26.2474 2.90521 7.91766 0.464664 2212
11 5 59 27.5631 1.4081 4.8979 0.348132 1862
11 5 60 35.2338 10.5712 20 0.450538 2100
11 5 61 28.1863 12.6802 20 0.456682 1484
11 5 62 24.4697 117.454 18.8644 0.427145 1512
11 5 63 26.9973 5.73308 10.4079 0.322047 1512
11 6 0 25.504 0.813611 2.5388 0.417544 3934
11 6 1 25.797 1.49935 4.20078 0.449089 3206
11 6 2 26.7933 0.687103 2.58589 0.447315 2814
11 6 3 26.4813 6.84735 13.2937 0.443586 1918
11 6 4 26.5129 1.26634 3.99363 0.308413 1764
11 6 5 26.7866 14.7565 20 0.431396 2170
11 6 6 24.3117 1.08182 2.39924 0.453523 2478
11 6 7 21.991 20.9442 20 0.390037 1176
11 6 8 34.168 6.51954 14.3168 0.543749 2758
11 6 9 27 -2 0 0 2436
11 6 10 23.1352 1.08071 3.59584 0.297325 1946
11 6 11 25.5348 0.885297 3.21007 0.266114 2604
11 6 12 24.9073 1.0139 3.3858 0.347512 2016
11 6 13 23 -2 0 0 1750
11 6 14 25.1588 0.716161 2.78245 0.454038 3766
11 6 15 22 -2 0 0 1624
11 6 16 26.7191 0.840132 2.35732 0.493693 2212
11 6 17 30.881 13.613 20 0.663827 3136
11 6 18 22 -2 0 0 1596
11 6 19 25.5725 1.105 2.36354 0.327886 1946
11 6 20 26.7151 0.722498 2.69859 0.394372 2576
11 6 21 24 -2 0 0 2114
11 6 22 25.4769 0.959011 3.41856 0.433179 2002
11 6 23 24 -2 0 0 2772
11 6 24 26.5082 0.973938 2.09296 0.240209 3164
11 6 25 26 -2 0 0 1834
11 6 26 25.6729 0.923207 2.68771 0.338851 3836
11 6 27 26.8332 15.4031 20 0.483686 2016
11 6 28 25.4338 7.28144 13.5638 0.380506 1624
11 6 29 30.9795 7.75894 16.9159 0.574342 3794
11 6 30 26.4672 1.05282 4.05897 0.371947 2492
11 6 31 27.5636 6.07012 9.50014 0.412257 1652
11 6 32 32.1616 4.48318 12.8024 0.419925 1876
11 6 33 27.8082 17.9329 18.7276 0.43954 1904
11 6 34 26.0269 0.78178 2.60917 0.504721 4284
11 6 35 30.5551 18.565 20 0.422476 2086
11 6 36 23.8904 1.02463 3.66821 0.364969 2282
11 6 37 27.1871 0.827865 2.66515 0.503591 3248
11 6 38 23.5765 0.78562 2.87926 0.397733 2198
11 6 39 28.8814 10.4895 20 0.497733 2926
11 6 40 28 -2 0 0 2688
11 6 41 20.8409 1.09807 2.26323 0.490522 1470
11 6 42 25.4627 0.763464 1.63257 0.45993 3080
11 6 43 26.0986 0.739218 2.72276 0.372845 3570
11 6 44 23.8327 7.67459 13.9851 0.574211 2338
11 6 45 26.9968 0.983526 2.86726 0.419369 1596
11 6 46 29 -2 0 0 4382
11 6 47 25.5811 1.19555 4.48766 0.370329 2436
11 6 48 24.8595 1.02242 3.37197 0.455321 1890
11 6 49 24.4643 1.23978 3.67315 0.353777 2954
11 6 50 25.9513 0.927053 2.32588 0.506327 2114
11 6 51 25.8176 0.629555 2.34106 0.480211 4214
11 6 52 24.5806 0.704407 2.10943 0.36942 3696
11 6 53 23.265 0.782153 2.6832 0.398561 2198
11 6 54 26.3278 1.31779 5.15787 0.297133 3038
11 6 55 28.2262 3.02774 7.56283 0.458969 3612
11 6 56 23.6837 0.821209 2.75196 0.453586 3500
11 6 57 21.7702 1.0945 4.13568 0.427332 3556
11 6 58 22.76 177.864 20 0.675413 3178
11 6 59 27.5636 3.06992 10.52 0.588069 4214
11 6 60 25.0331 0.989739 2.72154 0.319791 2394
11 6 61 23.4803 0.748816 3.13019 0.354798 5236
11 6 62 22.5229 0.638621 1.90587 0.577271 4662
11 6 63 27 -2 0 0 3178
11 7 0 26.5617 0.554296 2.69542 0.411559 5110
11 7 1 27.0359 0.885436 2.21279 0.537156 6020
11 7 2 25.1692 0.663251 2.34411 0.580028 6314
11 7 3 24.6485 0.620224 2.66869 0.371532 7266
11 7 4 26.9137 0.63191 2.06626 0.504241 5068
11 7 5 25.7644 0.552688 1.85186 0.586082 6398
11 7 6 26.2631 0.639481 2.4019 0.36368 6888
11 7 7 20.8399 0.6219 3.12408 0.434435 8638
11 7 8 26.5213 0.597747 2.43487 0.455794 5628
11 7 9 24.662 0.969168 3.30621 0.404964 8232
11 7 10 22.3061 0.621454 2.82254 0.480724 9240
11 7 11 22.542 0.640686 2.91539 0.544791 4788
11 7 12 22.1064 0.606482 1.73146 0.505124 5796
11 7 13 25.2349 0.78901 2.89212 0.513626 7560
11 7 14 23.3827 0.569671 2.09953 0.387017 4578
11 7 15 23.1089 0.666293 2.20477 0.466354 6034
11 7 16 22.3073 0.518216 2.69654 0.416762 10122
11 7 17 27.3466 0.628229 2.34101 0.581561 4886
11 7 18 23.6253 0.739831 1.7444 0.483543 6006
11 7 19 21.3327 0.700499 2.73984 0.38855 8540
11 7 20 27.1293 0.587988 2.22434 0.601203 5460
11 7 21 23.0047 0.561284 2.70433 0.484161 7546
11 7 22 21.9126 0.512768 2.16563 0.402358 7252
11 7 23 25.4129 0.887869 2.72994 0.479145 4382
11 7 24 27 -2 0 0 4816
11 7 25 26.663 0.704606 1.99382 0.663317 9030
11 7 26 26.4978 0.972954 4.43886 0.418208 4270
11 7 27 25.6924 0.735643 2.68947 0.484058 6258
11 7 28 23.206 0.441328 2.04648 0.71326 6132
11 7 29 27.0278 0.644969 2.77758 0.256254 4494
11 7 30 26.4128 0.513462 2.16895 0.515765 6412
11 7 31 26.9698 0.592523 3.23576 0.365995 7980
11 7 32 22.3607 0.459494 2.21074 0.364736 6328
11 7 33 26.4378 0.921152 2.62417 0.582675 5376
11 7 34 26.5026 0.603311 2.43275 0.529808 4270
11 7 35 26.1266 0.704107 2.01367 0.47646 7098
11 7 36 25.7294 0.708262 3.15145 0.52479 5278
11 7 37 26.8142 0.616944 2.47401 0.471028 4872
11 7 38 23.5365 0.663077 2.6709 0.353018 7028
11 7 39 26.8088 0.640071 3.01203 0.381123 5026
11 7 40 23.1097 0.724147 2.66629 0.422977 5124
11 7 41 23.0187 0.903435 1.97129 0.574277 5656
11 7 42 25.763 0.735257 2.07772 0.513639 4956
11 7 43 26.1759 0.591626 2.76258 0.363167 4816
11 7 44 23.9395 0.945316 2.77777 0.553624 6006
11 7 45 26.1272 0.867756 2.61879 0.447113 5348
11 7 46 27.6528 0.87551 2.68546 0.459712 4578
11 7 47 24.9213 0.712445 4.03805 0.574172 7742
11 7 48 26.6304 0.571877 2.42236 0.500802 5166
11 7 49 25.7355 0.710519 2.67172 0.61052 4340
11 7 50 22.2399 0.607064 1.86344 0.432766 5068
11 7 51 24.2622 0.575587 2.21393 0.597013 3822
11 7 52 23.4223 0.730587 1.53695 0.419116 4074
11 7 53 25.7478 0.686506 3.69021 0.471043 6510
11 7 54 22.4966 0.656619 2.6559 0.474691 4634
11 7 55 23.3279 0.606984 2.31824 0.689755 3570
11 7 56 25.3888 0.671486 3.31533 0.569995 4788
11 7 57 25.2053 0.730674 3.56685 0.587165 4424
11 7 58 25.9333 0.575194 2.5571 0.455659 4536
11 7 59 23.0362 0.940254 2.38666 0.624095 4424
11 7 60 21.3654 0.787137 2.13227 0.461634 5362
11 7 61 23.546 0.627025 2.60757 0.446314 3402
11 7 62 22.6474 0.554786 2.52974 0.593766 4242
11 7 63 25.4021 0.634445 2.38933 0.43789 4102
11 8 0 31.3069 32.4376 20 0.0705827 266
11 8 1 26.4138 -3 0 0 154
11 8 2 26.4138 -3 0 0 154
11 8 3 26.4138 -3 0 0 140
11 8 4 26.4138 -3 0 0 126
11 8 5 26.4138 -3 0 0 168
11 8 6 37.1402 25.4854 20 0.10994 210
11 8 7 26.4138 -3 0 0 140
11 8 8 26.4138 -3 0 0 126
11 8 9 26.4138 -3 0 0 56
11 8 10 26.4138 -3 0 0 112
11 8 11 26.4138 -3 0 0 140
11 8 12 26.4138 -3 0 0 98
11 8 13 26.4138 -3 0 0 168
11 8 14 26.4138 -3 0 0 140
11 8 15 26.4138 -3 0 0 140
11 8 16 26.4138 -3 0 0 182
11 8 17 26.4138 -3 0 0 168
11 8 18 26.4138 -3 0 0 140
11 8 19 26.4138 -3 0 0 84
11 8 20 26.4138 -3 0 0 70
11 8 21 32.2943 12.6704 10.038 0.145404 210
11 8 22 26.4138 -3 0 0 112
11 8 23 26.4138 -3 0 0 84
11 8 24 26.4138 -3 0 0 84
11 8 25 26.4138 -3 0 0 126
11 8 26 26.4138 -3 0 0 140
11 8 27 26.4138 -3 0 0 140
11 8 28 26.4138 -3 0 0 70
11 8 29 26.4138 -3 0 0 98
11 8 30 26.4138 -3 0 0 182
11 8 31 26.4138 -3 0 0 112
11 8 32 26.4138 -3 0 0 70
11 8 33 26.4138 -3 0 0 98
11 8 34 26.4138 -3 0 0 168
11 8 35 26.4138 -3 0 0 56
11 8 36 26.4138 -3 0 0 182
11 8 37 26.4138 -3 0 0 182
11 8 38 26.4138 -3 0 0 154
11 8 39 26.4138 -3 0 0 140
11 8 40 26.4138 -3 0 0 98
11 8 41 26.4138 -3 0 0 112
11 8 42 26.4138 -3 0 0 182
11 8 43 26.4138 -3 0 0 98
11 8 44 26.4138 -3 0 0 154
11 8 45 26.4138 -3 0 0 168
11 8 46 26.4138 -3 0 0 126
11 8 47 27 -2 0 0 266
11 8 48 26.4138 -3 0 0 140
11 8 49 26.4138 -3 0 0 168
11 8 50 26.4138 -3 0 0 112
11 8 51 23 -2 0 0 210
11 8 52 26.4138 -3 0 0 140
11 8 53 26.4138 -3 0 0 126
11 8 54 26.4138 -3 0 0 196
11 8 55 26.4138 -3 0 0 140
11 8 56 26.4138 -3 0 0 140
11 8 57 24 -2 0 0 224
11 8 58 30.3836 106.036 20 0.127975 224
11 8 59 26.4138 -3 0 0 168
11 8 60 25 -2 0 0 266
11 8 61 30.2376 29.3616 19.9999 0.0760365 210
11 8 62 23 -2 0 0 238
11 8 63 26.4138 -3 0 0 140
11 9 0 24.9246 -3 0 0 154
11 9 1 22 -2 0 0 210
11 9 2 24.9246 -3 0 0 126
11 9 3 24.9246 -3 0 0 196
11 9 4 24.9246 -3 0 0 126
11 9 5 24.9246 -3 0 0 112
11 9 6 24.9246 -3 0 0 196
11 9 7 24.9246 -3 0 0 98
11 9 8 24.9246 -3 0 0 126
11 9 9 24.9246 -3 0 0 168
11 9 10 24.9246 -3 0 0 84
11 9 11 24.9246 -3 0 0 70
11 9 12 24.9246 -3 0 0 84
11 9 13 24.9246 -3 0 0 140
11 9 14 24.9246 -3 0 0 112
11 9 15 24.9246 -3 0 0 126
11 9 16 24.9246 -3 0 0 140
11 9 17 24.9246 -3 0 0 140
11 9 18 24.9246 -3 0 0 168
11 9 19 24.9246 -3 0 0 84
11 9 20 24.9246 -3 0 0 70
11 9 21 24.9246 -3 0 0 42
11 9 22 24.9246 -3 0 0 112
11 9 23 24.9246 -3 0 0 168
11 9 24 24.9246 -3 0 0 112
11 9 25 24.9246 -3 0 0 182
11 9 26 24.9246 -3 0 0 168
11 9 27 24.9246 -3 0 0 42
11 9 28 24.9246 -3 0 0 168
11 9 29 24.9246 -3 0 0 196
11 9 30 24.9246 -3 0 0 140
11 9 31 24.9246 -3 0 0 84
11 9 32 24.9246 -3 0 0 126
11 9 33 24.9246 -3 0 0 70
11 9 34 31.1421 31.3722 20 0.143717 238
11 9 35 24.9246 -3 0 0 84
11 9 36 24.9246 -3 0 0 126
11 9 37 24.9246 -3 0 0 56
11 9 38 24.9246 -3 0 0 98
11 9 39 24.9246 -3 0 0 140
11 9 40 24.9246 -3 0 0 98
11 9 41 24.9246 -3 0 0 70
11 9 42 24.9246 -3 0 0 126
11 9 43 24.9246 -3 0 0 70
11 9 44 24.9246 -3 0 0 140
11 9 45 24.9246 -3 0 0 154
11 9 46 24.9246 -3 0 0 154
11 9 47 24.9246 -3 0 0 98
11 9 48 24.9246 -3 0 0 98
11 9 49 24.9246 -3 0 0 196
11 9 50 24.9246 -3 0 0 140
11 9 51 24.9246 -3 0 0 126
11 9 52 24.9246 -3 0 0 70
11 9 53 24.9246 -3 0 0 140
11 9 54 24.9246 -3 0 0 182
11 9 55 24.9246 -3 0 0 182
11 9 56 24.9246 -3 0 0 84
11 9 57 24.9246 -3 0 0 84
11 9 58 24.9246 -3 0 0 98
11 9 59 24.9246 -3 0 0 154
11 9 60 24.9246 -3 0 0 112
11 9 61 24.9246 -3 0 0 168
11 9 62 24.9246 -3 0 0 112
11 9 63 24.9246 -3 0 0 70
11 10 0 22.3593 36.8571 19.9991 0.120308 294
11 10 1 25 -2 0 0 448
11 10 2 21 -2 0 0 406
11 10 3 29.0599 21.6162 20 0.189954 364
11 10 4 21 -2 0 0 420
11 10 5 23.6374 38.4782 20 0.180096 364
11 10 6 18 -2 0 0 322
11 10 7 21 -2 0 0 462
11 10 8 32.852 20.2398 20 0.166221 364
11 10 9 27.9649 8.37939 11.4914 0.248101 392
11 10 10 20.5329 112.487 20 0.129785 406
11 10 11 34.4687 18.0659 14.0748 0.135789 308
11 10 12 27.4864 22.6046 20 0.216403 462
11 10 13 28.9739 8.64084 12.3147 0.293374 434
11 10 14 17 -2 0 0 532
11 10 15 25.3926 6.13648 8.82446 0.240245 406
11 10 16 18 -2 0 0 252
11 10 17 32.7761 16.0812 16.6786 0.15414 490
11 10 18 26.1148 10.7 10.0078 0.346905 448
11 10 19 21.9642 159.62 19.9998 0.271466 406
11 10 20 30.2226 159.7 20 0.128996 364
11 10 21 29.9036 25.2054 20 0.194231 322
11 10 22 32.5805 19.4871 20 0.117732 364
11 10 23 27 -2 0 0 434
11 10 24 19 -2 0 0 392
11 10 25 27 -2 0 0 364
11 10 26 28.2207 25.9488 20 0.242486 546
11 10 27 25.7341 27.8542 20 0.181717 560
11 10 28 22.2491 1.58004 3.15124 0.329699 574
11 10 29 31.7319 10.5917 15.9776 0.270518 630
11 10 30 28.5188 8.99068 11.79 0.323931 574
11 10 31 29.5608 6.22908 10.9111 0.25436 602
11 10 32 24 -2 0 0 518
11 10 33 33.7525 18.5695 20 0.232052 504
11 10 34 26 -2 0 0 546
11 10 35 27.7006 16.0037 20 0.306095 994
11 10 36 38 -2 0 0 504
11 10 37 27.9736 5.02028 8.8502 0.266533 504
11 10 38 29 -2 0 0 1470
11 10 39 25.5989 2.41045 4.85745 0.509825 1946
11 10 40 29.0371 21.9731 20 0.301065 588
11 10 41 27.7669 7.81502 11.9484 0.343448 700
11 10 42 31.7441 12.754 20 0.249826 1036
11 10 43 29.2685 16.8168 20 0.159631 574
11 10 44 27.5491 17.9784 20 0.295526 882
11 10 45 29.2035 14.9781 15.844 0.226314 518
11 10 46 20 -2 0 0 420
11 10 47 25.6786 0.915309 3.10663 0.354734 2114
11 10 48 29.0018 14.0115 20 0.137968 616
11 10 49 26 -2 0 0 910
11 10 50 23 -2 0 0 672
11 10 51 26 -2 0 0 1386
11 10 52 24 -2 0 0 1176
11 10 53 28.5156 14.0093 20 0.418382 1652
11 10 54 24 -2 0 0 994
11 10 55 25.2765 3.35213 6.26817 0.29918 1274
11 10 56 25 -2 0 0 1232
11 10 57 26.3775 2.07818 5.92282 0.281291 1568
11 10 58 24 -2 0 0 1218
11 10 59 25.0837 12.2251 14.6049 0.313607 1022
11 10 60 26.9916 14.4675 20 0.362159 1134
11 10 61 28.991 8.75815 16.8912 0.326029 1372
11 10 62 21.9241 0.82529 2.28463 0.300359 1344
11 10 63 18 -2 0 0 1344
11 11 0 27.657 3.46922 9.5037 0.235675 1750
11 11 1 20.1351 22.2358 19.9998 0.469922 1750
11 11 2 22.8246 1.56288 4.67831 0.253303 1106
11 11 3 20 -2 0 0 952
11 11 4 22.6892 2.10855 3.89862 0.443433 868
11 11 5 27.8516 16.6066 20 0.253218 1050
11 11 6 33.07 6.94878 13.0298 0.37227 1246
11 11 7 25 -2 0 0 574
11 11 8 23.3512 3.99317 7.68456 0.390826 1176
11 11 9 30.5763 7.91518 13.5521 0.334105 1260
11 11 10 30.3384 14.3636 18.3207 0.416077 1372
11 11 11 27.4728 17.5748 20 0.325795 882
11 11 12 30.3972 7.33437 13.7308 0.404847 1288
11 11 13 31.4112 5.94207 10.7948 0.267183 798
11 11 14 32.6334 4.82491 11.8485 0.323029 1218
11 11 15 31.1813 12.4037 18.7241 0.241656 840
11 11 16 28 -2 0 0 1442
11 11 17 28.1019 17.8669 20 0.254346 896
11 11 18 26 -2 0 0 910
11 11 19 27.3349 23.1751 19.9999 0.299415 630
11 11 20 32.39 35.4756 20 0.256618 336
11 11 21 24 -2 0 0 868
11 11 22 25.6809 1.94146 4.74994 0.24853 1106
11 11 23 30 -2 0 0 490
11 11 24 24.9989 18.8741 20 0.254652 1176
11 11 25 31.9474 20.8061 20 0.13037 406
11 11 26 28.0573 4.47046 9.07258 0.301662 1078
11 11 27 28.6002 27.3814 20 0.148063 378
11 11 28 33.0268 20.3091 19.4196 0.297429 280
11 11 29 36.4224 17.2721 20 0.163203 490
11 11 30 31.5896 20.8295 19.2886 0.219611 378
11 11 31 33.6764 19.317 20 0.125628 406
11 11 32 25.4652 23.5548 20 0.155998 448
11 11 33 29.1671 26.8914 20 0.169971 448
11 11 34 24 -2 0 0 546
11 11 35 24.3443 -3 0 0 196
11 11 36 26 -2 0 0 350
11 11 37 32.2979 33.0298 15.6186 0.175328 406
11 11 38 23 -2 0 0 224
11 11 39 21 -2 0 0 322
11 11 40 29.3167 10.7548 12.1688 0.223956 434
11 11 41 28.68 33.1725 20 0.163526 294
11 11 42 26.8462 23.0412 19.9999 0.225987 518
11 11 43 28.2653 29.1125 20 0.209297 490
11 11 44 27.3986 35.4564 20 0.265321 364
11 11 45 32.3203 21.2924 20 0.140577 336
11 11 46 32.5712 22.2048 20 0.276719 588
11 11 47 28.8192 15.4098 12.5039 0.261132 336
11 11 48 29.7466 11.2862 14.9944 0.289289 364
11 11 49 25.5747 23.5094 20 0.164483 378
11 11 50 22 -2 0 0 280
11 11 51 28.5961 29.9967 20 0.187263 392
11 11 52 24.4466 4.66176 5.9094 0.211251 420
11 11 53 25.6723 27.0166 18.1677 0.235512 252
11 11 54 37.0941 22.0822 20 0.0232295 280
11 11 55 26 -2 0 0 476
11 11 56 32.7706 11.6472 14.0639 0.108718 322
11 11 57 25.2555 18.1331 15.5494 0.0997361 336
11 11 58 28.5187 18.8793 20 0.215004 560
11 11 59 23 -2 0 0 588
11 11 60 24.3443 -3 0 0 182
11 11 61 25.2626 24.0907 20 0.181573 490
11 11 62 21 -2 0 0 364
11 11 63 21.876 33.9168 19.9998 0.162484 350
11 12 0 27.3381 0.551187 1.98663 0.583047 3206
11 12 1 25.6614 0.744109 3.64308 0.431669 3458
11 12 2 26.0579 0.716176 2.62258 0.551827 3542
11 12 3 26.6857 0.793351 3.07246 0.521035 2842
11 12 4 22.8789 0.74775 3.02523 0.627508 3542
11 12 5 24.6797 1.1941 2.86891 0.564439 3052
11 12 6 27.4082 1.57613 5.61703 0.573691 3346
11 12 7 25.4524 1.08993 2.54355 0.423562 3654
11 12 8 26.7754 0.672246 2.46229 0.515836 3038
11 12 9 26.3004 0.789154 3.32733 0.42096 2996
11 12 10 26.0026 0.713496 3.01368 0.568036 3388
11 12 11 26.1215 0.887567 2.56488 0.422001 3626
11 12 12 23.1674 0.607548 2.42521 0.582066 2968
11 12 13 23.1477 0.796503 2.75065 0.609734 3304
11 12 14 25.6118 0.793306 3.6512 0.508193 3794
11 12 15 25.897 0.663739 2.18193 0.394651 3444
11 12 16 26.9263 0.651784 2.71179 0.457721 3416
11 12 17 26.5765 1.29919 5.66939 0.29928 3290
11 12 18 22.1104 1.25027 5.2445 0.430824 3220
11 12 19 27.4965 0.805751 3.52333 0.521106 4228
11 12 20 25.5459 0.711489 1.80663 0.548139 3850
11 12 21 25.5663 0.716122 3.12622 0.580625 3038
11 12 22 28.2496 0.881434 3.12831 0.560595 3514
11 12 23 26.3005 1.10693 2.19882 0.484108 3822
11 12 24 32 -2 0 0 3234
11 12 25 26.2022 0.875359 3.23793 0.46768 4396
11 12 26 27.093 0.591392 2.52418 0.619144 3878
11 12 27 24.0713 0.963451 3.88469 0.406243 3626
11 12 28 23.5314 0.707202 2.41362 0.384048 3752
11 12 29 23.7021 0.678604 3.32943 0.402663 4088
11 12 30 26.7291 0.812048 3.12389 0.516704 3430
11 12 31 22.7869 0.542378 1.87016 0.619925 4592
11 12 32 25.5138 0.541983 2.06425 0.679937 4732
11 12 33 26.8488 0.755266 3.281 0.580687 4410
11 12 34 26.0642 0.838732 2.95964 0.377886 4760
11 12 35 25.4543 0.698411 1.91954 0.505044 5348
11 12 36 26.6086 0.711855 2.42761 0.369265 4900
11 12 37 26.7014 0.779251 2.10647 0.576487 5166
11 12 38 24.0344 0.519247 2.19065 0.586468 5796
11 12 39 27.0209 0.817987 1.99099 0.454385 7042
11 12 40 34 -2 0 0 4382
11 12 41 25.7208 0.878388 3.03965 0.47607 4634
11 12 42 26.2605 0.847971 1.81986 0.574233 5194
11 12 43 26.1988 0.657035 2.32434 0.38909 4704
11 12 44 26.4295 0.726757 2.20904 0.329758 6118
11 12 45 25.5599 0.748981 1.99073 0.578789 5138
11 12 46 25.5944 0.656445 2.97029 0.504685 5124
11 12 47 23.2038 0.754823 1.4375 0.712791 6412
11 12 48 26.6193 0.585804 2.56139 0.384718 4844
11 12 49 25.637 0.806312 3.73209 0.572803 5040
11 12 50 31 -2 0 0 5306
11 12 51 23.8017 0.593664 2.22419 0.39005 6944
11 12 52 24.6434 0.674385 3.09264 0.543724 5278
11 12 53 25.2142 0.633888 2.34633 0.381616 5936
11 12 54 25.8457 0.820437 2.31859 0.377281 5992
11 12 55 21.8176 0.642302 2.05467 0.430742 5446
11 12 56 25.9202 0.831251 1.75438 0.63483 6986
11 12 57 25.7008 0.981273 2.6372 0.515444 6426
11 12 58 25.5348 0.630948 2.58673 0.415106 5964
11 12 59 24.8437 0.670659 3.31664 0.424805 5740
11 12 60 24.7574 0.645271 2.41592 0.53598 6328
11 12 61 22.4788 0.736407 2.36091 0.521111 7266
11 12 62 22.5905 0.705027 2.20922 0.513354 5768
11 12 63 21.3416 0.708291 3.70835 0.307435 5530
11 13 0 25.5469 0.749201 2.33294 0.527499 6552
11 13 1 26.3878 0.784456 3.67579 0.350819 6118
11 13 2 25.8409 0.765691 3.32987 0.372806 5460
11 13 3 24.0198 0.930003 2.0439 0.418405 3668
11 13 4 29.5013 1.2302 4.43002 0.366179 3878
11 13 5 28.5085 0.858965 3.71208 0.368154 4578
11 13 6 25.6952 1.00315 2.22675 0.381107 5502
11 13 7 26.8296 0.715807 2.03952 0.42028 3570
11 13 8 25.8351 0.71069 3.14706 0.357529 4942
11 13 9 26.9263 0.659348 2.84206 0.439875 4326
11 13 10 25.4272 1.09461 3.09068 0.639029 3528
11 13 11 24.7458 0.690618 2.02322 0.385683 3906
11 13 12 25.5596 0.797832 2.32175 0.370183 4452
11 13 13 26.0332 0.943322 2.28173 0.480727 3248
11 13 14 24.2673 0.550755 2.23966 0.473209 5726
11 13 15 32 -2 0 0 3290
11 13 16 26.221 0.635116 2.20595 0.496758 3738
11 13 17 26.3719 0.695164 2.35925 0.600465 5110
11 13 18 24.3868 0.705575 2.58827 0.597033 3262
11 13 19 34 -2 0 0 3066
11 13 20 22.9934 0.718126 1.706 0.574333 3024
11 13 21 24.1402 0.715625 2.0814 0.370664 4634
11 13 22 26.4419 0.593247 2.21442 0.410099 3108
11 13 23 26.8687 0.756212 2.72696 0.475256 4116
11 13 24 25.4606 0.707442 2.3127 0.484719 4830
11 13 25 24 -2 0 0 2282
11 13 26 27.0771 0.718254 2.70861 0.472391 5320
11 13 27 26.201 0.997688 3.91157 0.570783 2940
11 13 28 25.2633 0.606029 1.7669 0.353757 3108
11 13 29 26.0417 0.852196 2.5243 0.488371 3738
11 13 30 32.187 3.06069 9.21936 0.681814 2674
11 13 31 24.0937 0.926705 2.81992 0.480652 2478
11 13 32 27.0563 1.06335 4.32369 0.37455 3108
11 13 33 24.7169 0.754884 2.8113 0.40478 2464
11 13 34 25.5675 0.839377 2.82496 0.527006 4760
11 13 35 27.999 0.782263 1.7926 0.479967 2562
11 13 36 22.0359 1.69409 3.50985 0.415417 2450
11 13 37 26.2309 0.852675 2.30009 0.558662 3528
11 13 38 23.0895 0.775906 2.18885 0.324212 2226
11 13 39 26.9719 1.39242 5.22724 0.439303 2604
11 13 40 27.1799 1.2103 4.02235 0.42486 3150
11 13 41 26.5424 1.45008 5.09133 0.525983 2408
11 13 42 29 -2 0 0 2730
11 13 43 26.0379 0.848357 3.74013 0.494011 4018
11 13 44 24.8549 1.13741 3.11094 0.552627 2058
11 13 45 24.7997 0.794482 2.93787 0.36436 2394
11 13 46 28.3115 1.193 5.32584 0.475462 4354
11 13 47 27.7615 1.20343 3.59899 0.372288 2618
11 13 48 25 -2 0 0 2646
11 13 49 28.4208 2.41324 7.44466 0.650091 2562
11 13 50 27.5498 1.1324 4.42511 0.340501 2128
11 13 51 26.9244 0.697465 2.52361 0.495358 2464
11 13 52 26.7592 0.662664 1.68578 0.480164 3780
11 13 53 26.3457 17.389 20 0.515253 1834
11 13 54 26.0651 1.38018 4.49356 0.33029 2576
11 13 55 26.4452 0.697568 2.31347 0.502237 2912
11 13 56 30.3564 3.43354 8.74777 0.53656 2114
11 13 57 26.2322 1.09459 4.1089 0.334402 2548
11 13 58 22.6802 2.2683 7.45002 0.346802 2044
11 13 59 25.8335 0.914233 1.92811 0.421355 3710
11 13 60 21 -2 0 0 1092
11 13 61 23.866 0.961839 3.85077 0.516293 2646
11 13 62 23.2108 0.800618 3.48465 0.406875 2716
11 13 63 25.0183 0.814867 2.75022 0.534429 2408
11 14 0 25.6535 0.76107 2.20752 0.786889 8596
11 14 1 26.2403 0.635215 2.82979 0.379925 7742
11 14 2 25.9507 0.551587 3.48573 0.594056 7868
11 14 3 27.4458 0.591145 1.88636 0.552936 7728
11 14 4 26.2666 0.594759 2.30695 0.497152 7854
11 14 5 26.3565 0.610102 1.93495 0.593947 7714
11 14 6 24.2559 0.535041 2.33104 0.465626 7686
11 14 7 26.9906 0.808086 2.56882 0.481235 8148
11 14 8 26.0919 0.838592 2.73977 0.506151 7672
11 14 9 25.9692 0.616958 2.53179 0.587522 7546
11 14 10 27.4996 0.597302 2.27481 0.412642 7686
11 14 11 26.5795 0.667282 1.83159 0.438773 8190
11 14 12 24.6531 0.617483 1.53168 0.672297 7294
11 14 13 26.8741 0.497716 2.61259 0.523565 7406
11 14 14 26.8638 0.669634 2.72224 0.551669 8050
11 14 15 25.6207 0.684558 2.48799 0.434825 7994
11 14 16 24.7463 0.638793 1.95797 0.694218 8106
11 14 17 27.5096 0.517956 2.33284 0.525636 8036
11 14 18 26.8206 0.633841 2.05773 0.600134 8470
11 14 19 26.6057 0.577762 2.10351 0.518343 7742
11 14 20 26.1497 0.73477 2.65588 0.355634 8778
11 14 21 27.0946 0.612092 2.62685 0.552856 7602
11 14 22 27.6284 1.12177 2.19921 0.499775 7952
11 14 23 25.9933 0.864971 1.75675 1.03409 8596
11 14 24 27.079 0.574563 2.19054 0.684154 7854
11 14 25 26.9122 0.612648 2.58787 0.525134 9338
11 14 26 26.7114 0.752894 1.74407 0.58879 8554
11 14 27 26.6324 0.569585 2.19575 0.544146 8540
11 14 28 26.8763 0.627707 2.49588 0.454347 8540
11 14 29 24.304 0.60811 1.47936 0.645597 8358
11 14 30 27.0081 0.541879 2.20849 0.371657 8414
11 14 31 0 -10 0 0 0
11 14 32 23.7678 0.679801 2.02305 0.640622 8484
11 14 33 27.8109 0.538116 2.03596 0.555477 9002
11 14 34 27.7924 0.696704 1.81024 0.431386 9702
11 14 35 26.6184 0.689282 2.65166 0.46457 10458
11 14 36 27.3767 0.528203 2.87082 0.552221 8764
11 14 37 27.551 0.5842 2.1276 0.457082 9464
11 14 38 25.5557 -3 0 0 11242
11 14 39 26.2086 0.554232 2.8862 0.512886 12768
11 14 40 27.4251 0.411987 2.27256 0.687363 8806
11 14 41 26.7885 0.518116 1.83078 0.522238 8876
11 14 42 23.5708 0.605258 1.8862 0.505122 9786
11 14 43 27.3142 0.660412 2.03674 0.552935 10234
11 14 44 26.6881 0.624353 2.59571 0.510962 10416
11 14 45 26.6929 0.583313 2.26341 0.416395 9394
11 14 46 23.3545 0.608596 3.01971 0.517119 9394
11 14 47 23.2068 0.636692 2.78147 0.428196 12026
11 14 48 23.9202 0.547025 2.55499 0.431461 9086
11 14 49 25.3138 0.703865 3.33483 0.560526 9380
11 14 50 27.1755 0.614074 2.64142 0.357076 11200
11 14 51 22.7685 0.622333 2.60553 0.343198 12572
11 14 52 23.4868 0.532732 2.09633 0.416028 9674
11 14 53 24.2683 0.69275 2.434 0.415486 10976
11 14 54 25.7273 0.719031 2.70693 0.43307 10262
11 14 55 22.2673 0.67848 2.36523 0.483005 10402
11 14 56 33 -2 0 0 12208
11 14 57 23.7079 0.687589 2.94935 0.393328 12152
11 14 58 23.2969 0.552477 2.11951 0.561092 9954
11 14 59 22.8774 0.667504 1.98789 0.50025 10472
11 14 60 24.8501 0.673767 2.44178 0.553852 11158
11 14 61 22.7986 0.482321 1.92293 0.642876 12264
11 14 62 23.3348 0.702261 2.05268 0.622148 10150
11 14 63 23.122 0.516515 1.72217 0.476725 9772
11 15 0 24.6243 0.616807 2.86645 0.463822 12054
11 15 1 25.8091 0.589335 2.74936 0.469314 10738
11 15 2 26.2431 0.560261 2.619 0.295422 10024
11 15 3 23.5867 0.648788 2.89342 0.334134 6678
11 15 4 26.645 0.664906 1.58987 0.542706 7532
11 15 5 25.9625 0.683322 1.93082 0.619669 8330
11 15 6 22.2058 0.803622 2.81312 0.503725 8526
11 15 7 25.622 0.689454 2.96498 0.355269 4662
11 15 8 25.7067 0.605919 1.9642 0.648233 8806
11 15 9 25.4359 0.996388 1.92192 0.490255 7686
11 15 10 26.3694 0.922803 1.60455 0.598747 7014
11 15 11 26.2694 0.821478 1.88867 0.45339 7770
11 15 12 25.8911 0.568393 2.05431 0.402011 6944
11 15 13 23.4602 0.58783 2.2756 0.411492 5586
11 15 14 23.0841 0.710094 2.70759 0.552891 10598
11 15 15 26.0796 0.608038 3.43826 0.38301 6188
11 15 16 20.5883 0.649726 2.91868 0.559104 4060
11 15 17 23.0212 0.571042 2.56985 0.339718 8638
11 15 18 23.3147 0.558863 2.03897 0.522233 6356
11 15 19 27.23 0.644278 2.21222 0.569722 4942
11 15 20 23.8384 0.479338 2.43413 0.357334 6832
11 15 21 25.9857 0.617411 2.37576 0.492433 8372
11 15 22 26.0274 0.720238 2.00053 0.546542 6104
11 15 23 25.9447 0.594703 2.67726 0.551179 7784
11 15 24 23.4964 0.525635 1.66195 0.49495 9226
11 15 25 26.6722 1.04438 3.74022 0.280098 4928
11 15 26 22.4047 0.787298 2.13723 0.464037 10052
11 15 27 26.5592 0.629909 2.25876 0.537168 5782
11 15 28 23.5614 0.67415 1.30268 0.908839 5278
11 15 29 26.3858 0.554577 2.26208 0.346433 8764
11 15 30 25.2216 0.620883 2.11242 0.347871 6538
11 15 31 29 -2 0 0 4606
11 15 32 24.7553 0.722882 2.94515 0.460661 4508
11 15 33 23.0763 1.09274 2.54042 0.406982 5418
11 15 34 24.6649 0.535245 2.24688 0.537377 8736
11 15 35 23.298 0.724697 2.56967 0.571764 4494
11 15 36 26.3079 0.568892 2.74311 0.464251 5866
11 15 37 26.0464 0.961711 2.71522 0.454543 7252
11 15 38 25.7953 0.699172 3.35687 0.384618 4760
11 15 39 24.854 0.680304 1.59542 0.551486 5572
11 15 40 30.7933 6.0568 12.9564 0.833466 6328
11 15 41 27.8418 0.651443 2.98489 0.555946 4760
11 15 42 22.8316 0.678628 3.16337 0.395564 5614
11 15 43 25.741 0.550171 2.2616 0.518583 8148
11 15 44 24.0229 0.557101 2.09347 0.454528 4326
11 15 45 26.4553 0.685693 2.28458 0.357886 5544
11 15 46 23.6816 0.65959 1.98884 0.52243 8288
11 15 47 23.5125 0.750432 3.03139 0.390165 3598
11 15 48 26.6464 0.48292 2.44527 0.430402 5376
11 15 49 26.0782 0.616094 2.7347 0.410364 6846
11 15 50 27.1264 0.907992 1.78343 0.437117 5208
11 15 51 25.4033 0.551948 2.79083 0.428001 7084
11 15 52 25.5408 0.674957 2.2748 0.662742 6748
11 15 53 23.2511 0.703527 2.27822 0.553776 3850
11 15 54 23.4371 0.489114 1.71268 0.606515 5194
11 15 55 26.2197 0.732369 1.7739 0.582704 7238
11 15 56 26.0565 0.693239 2.38981 0.465975 6062
11 15 57 25.1554 0.631311 3.20903 0.380046 6804
11 15 58 22.5065 0.510766 1.32993 0.717358 5600
11 15 59 24.6735 0.631371 2.1718 0.588912 8750
11 15 60 23.2125 0.448087 2.26092 0.536219 5348
11 15 61 23.4552 0.516398 2.7003 0.505669 8148
11 15 62 24.5956 0.570189 2.43808 0.577354 7798
11 15 63 25.107 0.797381 1.45969 0.615421 6482
12 0 0 35.8373 -3 0 0 56
12 0 1 35.8373 -3 0 0 70
12 0 2 35.8373 -3 0 0 98
12 0 3 35.8373 -3 0 0 70
12 0 4 35.8373 -3 0 0 42
12 0 5 35.8373 -3 0 0 28
12 0 6 35.8373 -3 0 0 42
12 0 7 35.8373 -3 0 0 56
12 0 8 35.8373 -3 0 0 84
12 0 9 35.8373 -3 0 0 14
12 0 10 0 -10 0 0 0
12 0 11 35.8373 -3 0 0 28
12 0 12 35.8373 -3 0 0 98
12 0 13 0 -10 0 0 0
12 0 14 0 -10 0 0 0
12 0 15 35.8373 -3 0 0 28
12 0 16 0 -10 0 0 0
12 0 17 0 -10 0 0 0
12 0 18 35.8373 -3 0 0 56
12 0 19 35.8373 -3 0 0 42
12 0 20 0 -10 0 0 0
12 0 21 35.8373 -3 0 0 56
12 0 22 35.8373 -3 0 0 70
12 0 23 35.8373 -3 0 0 70
12 0 24 0 -10 0 0 0
12 0 25 0 -10 0 0 0
12 0 26 35.8373 -3 0 0 42
12 0 27 35.8373 -3 0 0 14
12 0 28 35.8373 -3 0 0 42
12 0 29 35.8373 -3 0 0 84
12 0 30 35.8373 -3 0 0 84
12 0 31 35.8373 -3 0 0 42
12 0 32 35.8373 -3 0 0 70
12 0 33 35.8373 -3 0 0 70
12 0 34 35.8373 -3 0 0 56
12 0 35 35.8373 -3 0 0 70
12 0 36 35.8373 -3 0 0 70
12 0 37 35.8373 -3 0 0 56
12 0 38 35.8373 -3 0 0 98
12 0 39 35.8373 -3 0 0 28
12 0 40 35.8373 -3 0 0 56
12 0 41 35.8373 -3 0 0 56
12 0 42 35.8373 -3 0 0 126
12 0 43 35.8373 -3 0 0 84
12 0 44 35.8373 -3 0 0 56
12 0 45 35.8373 -3 0 0 98
12 0 46 35.8373 -3 0 0 98
12 0 47 35.8373 -3 0 0 70
12 0 48 35.8373 -3 0 0 42
12 0 49 35.8373 -3 0 0 56
12 0 50 35.8373 -3 0 0 42
12 0 51 35.8373 -3 0 0 56
12 0 52 35.8373 -3 0 0 126
12 0 53 35.8373 -3 0 0 126
12 0 54 35.8373 -3 0 0 56
12 0 55 35.8373 -3 0 0 28
12 0 56 35.8373 -3 0 0 56
12 0 57 35.8373 -3 0 0 42
12 0 58 35.8373 -3 0 0 56
12 0 59 35.8373 -3 0 0 84
12 0 60 0 -10 0 0 0
12 0 61 35.8373 -3 0 0 112
12 0 62 35.8373 -3 0 0 56
12 0 63 35.8373 -3 0 0 98
12 1 0 31.7096 -3 0 0 70
12 1 1 31.7096 -3 0 0 56
12 1 2 31.7096 -3 0 0 126
12 1 3 31.7096 -3 0 0 70
12 1 4 31.7096 -3 0 0 70
12 1 5 31.7096 -3 0 0 84
12 1 6 31.7096 -3 0 0 112
12 1 7 31.7096 -3 0 0 112
12 1 8 31.7096 -3 0 0 84
12 1 9 31.7096 -3 0 0 126
12 1 10 31.7096 -3 0 0 56
12 1 11 0 -10 0 0 0
12 1 12 31.7096 -3 0 0 98
12 1 13 0 -10 0 0 0
12 1 14 31.7096 -3 0 0 84
12 1 15 31.7096 -3 0 0 98
12 1 16 31.7096 -3 0 0 140
12 1 17 31.7096 -3 0 0 84
12 1 18 31.7096 -3 0 0 42
12 1 19 31.7096 -3 0 0 70
12 1 20 0 -10 0 0 0
12 1 21 31.7096 -3 0 0 56
12 1 22 31.7096 -3 0 0 84
12 1 23 31.7096 -3 0 0 98
12 1 24 31.7096 -3 0 0 126
12 1 25 31.7096 -3 0 0 112
12 1 26 31.7096 -3 0 0 42
12 1 27 31.7096 -3 0 0 70
12 1 28 31.7096 -3 0 0 84
12 1 29 31.7096 -3 0 0 70
12 1 30 31.7096 -3 0 0 42
12 1 31 31.7096 -3 0 0 112
12 1 32 31.7096 -3 0 0 70
12 1 33 31.7096 -3 0 0 56
12 1 34 31.7096 -3 0 0 140
12 1 35 31.7096 -3 0 0 70
12 1 36 31.7096 -3 0 0 154
12 1 37 31.7096 -3 0 0 84
12 1 38 31.7096 -3 0 0 140
12 1 39 31.7096 -3 0 0 70
12 1 40 0 -10 0 0 0
12 1 41 31.7096 -3 0 0 98
12 1 42 31.7096 -3 0 0 70
12 1 43 31.7096 -3 0 0 56
12 1 44 31.7096 -3 0 0 84
12 1 45 31.7096 -3 0 0 98
12 1 46 31.7096 -3 0 0 42
12 1 47 31.7096 -3 0 0 126
12 1 48 31.7096 -3 0 0 98
12 1 49 31.7096 -3 0 0 154
12 1 50 31.7096 -3 0 0 56
12 1 51 31.7096 -3 0 0 70
12 1 52 31.7096 -3 0 0 42
12 1 53 31.7096 -3 0 0 70
12 1 54 31.7096 -3 0 0 42
12 1 55 31.7096 -3 0 0 42
12 1 56 31.7096 -3 0 0 112
12 1 57 31.7096 -3 0 0 98
12 1 58 31.7096 -3 0 0 98
12 1 59 31.7096 -3 0 0 70
12 1 60 31.7096 -3 0 0 112
12 1 61 31.7096 -3 0 0 84
12 1 62 31.7096 -3 0 0 42
12 1 63 0 -10 0 0 0
12 2 0 35.7909 -3 0 0 84
12 2 1 35.7909 -3 0 0 56
12 2 2 35.7909 -3 0 0 56
12 2 3 35.7909 -3 0 0 140
12 2 4 35.7909 -3 0 0 84
12 2 5 35.7909 -3 0 0 98
12 2 6 35.7909 -3 0 0 28
12 2 7 35.7909 -3 0 0 98
12 2 8 35.7909 -3 0 0 112
12 2 9 35.7909 -3 0 0 70
12 2 10 35.7909 -3 0 0 28
12 2 11 35.7909 -3 0 0 14
12 2 12 35.7909 -3 0 0 28
12 2 13 35.7909 -3 0 0 56
12 2 14 35.7909 -3 0 0 28
12 2 15 35.7909 -3 0 0 84
12 2 16 35.7909 -3 0 0 98
12 2 17 35.7909 -3 0 0 42
12 2 18 35.7909 -3 0 0 14
12 2 19 35.7909 -3 0 0 98
12 2 20 35.7909 -3 0 0 70
12 2 21 35.7909 -3 0 0 70
12 2 22 35.7909 -3 0 0 98
12 2 23 35.7909 -3 0 0 56
12 2 24 35.7909 -3 0 0 84
12 2 25 35.7909 -3 0 0 42
12 2 26 0 -10 0 0 0
12 2 27 35.7909 -3 0 0 98
12 2 28 35.7909 -3 0 0 84
12 2 29 35.7909 -3 0 0 56
12 2 30 35.7909 -3 0 0 98
12 2 31 35.7909 -3 0 0 28
12 2 32 35.7909 -3 0 0 98
12 2 33 35.7909 -3 0 0 84
12 2 34 35.7909 -3 0 0 28
12 2 35 35.7909 -3 0 0 84
12 2 36 35.7909 -3 0 0 70
12 2 37 35.7909 -3 0 0 70
12 2 38 35.7909 -3 0 0 84
12 2 39 35.7909 -3 0 0 98
12 2 40 35.7909 -3 0 0 154
12 2 41 35.7909 -3 0 0 112
12 2 42 35.7909 -3 0 0 168
12 2 43 35.7909 -3 0 0 182
12 2 44 0 -10 0 0 0
12 2 45 0 -10 0 0 0
12 2 46 35.7909 -3 0 0 28
12 2 47 35.7909 -3 0 0 42
12 2 48 35.7909 -3 0 0 84
12 2 49 35.7909 -3 0 0 84
12 2 50 35.7909 -3 0 0 84
12 2 51 35.7909 -3 0 0 140
12 2 52 35.7909 -3 0 0 70
12 2 53 35.7909 -3 0 0 154
12 2 54 35.7909 -3 0 0 182
12 2 55 37.3618 29.2561 20 0.107515 238
12 2 56 35.7909 -3 0 0 196
12 2 57 44.4478 23.2118 20 0.0967819 224
12 2 58 35.7909 -3 0 0 70
12 2 59 35.7909 -3 0 0 98
12 2 60 35.7909 -3 0 0 196
12 2 61 35.7909 -3 0 0 112
12 2 62 35.7909 -3 0 0 126
12 2 63 35.7909 -3 0 0 98
12 3 0 37.4512 22.8832 20 0.191102 336
12 3 1 35 -2 0 0 364
12 3 2 28.7113 -3 0 0 140
12 3 3 29 -2 0 0 210
12 3 4 37.5241 23.6639 20 0.100149 266
12 3 5 33.5664 114.97 19.0308 0.0601496 252
12 3 6 29.8382 26.0447 20 0.132089 266
12 3 7 33.9115 12.9849 13.2462 0.101579 238
12 3 8 28 -2 0 0 476
12 3 9 27 -2 0 0 336
12 3 10 36.1892 28.5703 20 0.154437 280
12 3 11 34.306 23.2125 14.3816 0.138483 280
12 3 12 37.2517 21.9997 20 0.119224 294
12 3 13 36 -2 0 0 392
12 3 14 0 -10 0 0 0
12 3 15 28.7113 -3 0 0 182
12 3 16 30 -2 0 0 308
12 3 17 28.2331 37.8299 20 0.207816 238
12 3 18 28.7113 -3 0 0 126
12 3 19 36.906 24.8158 20 0.114629 252
12 3 20 28.7113 -3 0 0 154
12 3 21 28.7113 -3 0 0 126
12 3 22 28.7113 -3 0 0 182
12 3 23 28.7113 -3 0 0 126
12 3 24 0 -10 0 0 0
12 3 25 28.7113 -3 0 0 140
12 3 26 28.7113 -3 0 0 112
12 3 27 36.3873 30.7679 20 0.133548 210
12 3 28 37.8183 24.5267 20 0.111756 294
12 3 29 0 -10 0 0 0
12 3 30 0 -10 0 0 0
12 3 31 28.7113 -3 0 0 126
12 3 32 33 -2 0 0 308
12 3 33 28.7113 -3 0 0 140
12 3 34 33.1908 31.7571 20 0.122862 252
12 3 35 28.7113 -3 0 0 154
12 3 36 0 -10 0 0 0
12 3 37 28.7113 -3 0 0 168
12 3 38 0 -10 0 0 0
12 3 39 28.7113 -3 0 0 112
12 3 40 34.5045 26.0784 19.9998 0.138827 308
12 3 41 28.7113 -3 0 0 126
12 3 42 28.7113 -3 0 0 168
12 3 43 28.7113 -3 0 0 154
12 3 44 39.2392 27.4598 19.9999 0.134324 238
12 3 45 28.7113 -3 0 0 168
12 3 46 28.7113 -3 0 0 126
12 3 47 28.7113 -3 0 0 182
12 3 48 28.7113 -3 0 0 196
12 3 49 28.7113 -3 0 0 98
12 3 50 28.7113 -3 0 0 168
12 3 51 28.7113 -3 0 0 126
12 3 52 28.7113 -3 0 0 168
12 3 53 28.7113 -3 0 0 140
12 3 54 28.7113 -3 0 0 168
12 3 55 28.7113 -3 0 0 126
12 3 56 28.7113 -3 0 0 182
12 3 57 28.7113 -3 0 0 140
12 3 58 28.7113 -3 0 0 126
12 3 59 28.7113 -3 0 0 84
12 3 60 28.7113 -3 0 0 182
12 3 61 28.7113 -3 0 0 126
12 3 62 28.7113 -3 0 0 112
12 3 63 28.7113 -3 0 0 84
12 4 0 32.7735 18.1952 20 0.261792 1064
12 4 1 32.6628 17.4488 14.1389 0.316772 1358
12 4 2 29 -2 0 0 896
12 4 3 36.4862 15.2104 20 0.214248 798
12 4 4 37.7208 6.01642 10.9009 0.250716 924
12 4 5 36.6831 12.058 13.6431 0.235884 882
12 4 6 29.1109 26.7719 20 0.140776 616
12 4 7 35.1505 20.8814 20 0.220792 672
12 4 8 39.5828 13.4882 20 0.267699 840
12 4 9 29 -2 0 0 588
12 4 10 29 -2 0 0 910
12 4 11 33 -2 0 0 1148
12 4 12 33.6782 20.3896 19.9994 0.266383 812
12 4 13 35.0605 19.3336 20 0.182067 700
12 4 14 35.9399 5.50005 10.185 0.218961 588
12 4 15 29.5029 32.5983 20 0.317213 896
12 4 16 34 -2 0 0 882
12 4 17 31.7047 1.74719 4.1 0.257354 938
12 4 18 35.2566 20.1604 20 0.153789 518
12 4 19 30 -2 0 0 882
12 4 20 32 -2 0 0 448
12 4 21 34 -2 0 0 546
12 4 22 38.5927 15.4191 20 0.192985 770
12 4 23 0 -10 0 0 0
12 4 24 29 -2 0 0 1134
12 4 25 32.1327 1.31405 2.9073 0.290914 1232
12 4 26 0 -10 0 0 0
12 4 27 31 -2 0 0 896
12 4 28 28.7902 24.6852 20 0.298394 1036
12 4 29 39.7894 17.4723 20 0.0973552 546
12 4 30 32 -2 0 0 1470
12 4 31 39 -2 0 0 658
12 4 32 33.7522 23.3372 20 0.181005 672
12 4 33 35.9798 16.5368 16.2197 0.262638 1260
12 4 34 29.3411 29.5358 20 0.330608 994
12 4 35 0 -10 0 0 0
12 4 36 31 -2 0 0 1358
12 4 37 37.8229 14.3424 20 0.233399 1134
12 4 38 30.8101 21.3984 20 0.187201 952
12 4 39 36.295 18.442 17.3812 0.18036 560
12 4 40 35.1502 21.2001 17.8218 0.401662 1764
12 4 41 32 -2 0 0 1610
12 4 42 38.0733 8.14389 15.4242 0.396976 1358
12 4 43 30 -2 0 0 812
12 4 44 30 -2 0 0 840
12 4 45 33.6558 3.68605 8.24279 0.269267 1204
12 4 46 33 -2 0 0 980
12 4 47 23.5068 110.584 20 0.345533 1372
12 4 48 35.6957 14.07 20 0.22675 1218
12 4 49 30 -2 0 0 1078
12 4 50 30 -2 0 0 1176
12 4 51 33 -2 0 0 1092
12 4 52 36.0882 17.1043 19.4739 0.294634 1120
12 4 53 35 -2 0 0 1176
12 4 54 31 -2 0 0 1512
12 4 55 39.8753 8.48012 14.4113 0.24372 1358
12 4 56 30.7221 15.4343 20 0.336607 2016
12 4 57 30.3133 20.3981 20 0.272727 2086
12 4 58 31 -2 0 0 1932
12 4 59 33 -2 0 0 1148
12 4 60 37.5253 11.532 19.1236 0.325303 1414
12 4 61 33.1112 21.123 20 0.258828 1078
12 4 62 38 -2 0 0 1078
12 4 63 29.0452 29.2878 20 0.305148 1022
12 5 0 39.4742 12.7334 20 0.301408 1260
12 5 1 28.5601 25.775 20 0.275954 1330
12 5 2 33.3563 24.9163 20 0.328591 1372
12 5 3 35.5714 16.451 20 0.303404 1722
12 5 4 33.9265 22.9232 18.2286 0.358724 1918
12 5 5 38.1452 10.1178 20 0.292653 1848
12 5 6 32.8847 17.9282 20 0.304362 1526
12 5 7 28.7935 28.3999 20 0.372852 1960
12 5 8 41.1031 7.10021 16.6603 0.287758 1694
12 5 9 37 -2 0 0 1904
12 5 10 38.3165 4.16646 9.98564 0.314305 1512
12 5 11 40.0982 3.52627 10.0852 0.259226 1596
12 5 12 34.6848 19.547 20 0.321649 1722
12 5 13 33.2828 5.52963 6.88623 0.316881 1862
12 5 14 32 -2 0 0 2814
12 5 15 38.787 5.30965 11.4998 0.332724 1918
12 5 16 37.0259 4.22792 10.3444 0.325975 2184
12 5 17 41.041 11.863 17.0354 0.298994 1722
12 5 18 35.3906 2.01099 6.00619 0.25292 1456
12 5 19 39.7553 6.89948 12.4377 0.335376 1708
12 5 20 32 -2 0 0 1820
12 5 21 40.0112 14.4965 20 0.291172 1470
12 5 22 0 -10 0 0 0
12 5 23 29 -2 0 0 1610
12 5 24 37.8905 19.4385 20 0.282737 1092
12 5 25 34.7115 2.09313 6.38643 0.358836 2142
12 5 26 33 -2 0 0 1358
12 5 27 45.6366 11.7659 20 0.166798 1064
12 5 28 30.0265 26.7523 20 0.338725 1568
12 5 29 0 -10 0 0 0
12 5 30 0 -10 0 0 0
12 5 31 36 -2 0 0 980
12 5 32 38 -2 0 0 2086
12 5 33 44.8074 10.5566 20 0.187878 770
12 5 34 37.8357 22.0936 20 0.285656 1204
12 5 35 36 -2 0 0 1008
12 5 36 0 -10 0 0 0
12 5 37 34.504 143.156 20 0.28254 1610
12 5 38 0 -10 0 0 0
12 5 39 0 -10 0 0 0
12 5 40 0 -10 0 0 0
12 5 41 38.5543 18.633 20 0.310071 896
12 5 42 0 -10 0 0 0
12 5 43 34 -2 0 0 1064
12 5 44 29.4254 27.8013 20 0.356909 1134
12 5 45 40.6735 19.4282 20 0.36342 714
12 5 46 38.6636 3.72978 9.16941 0.26688 1750
12 5 47 35.8392 14.6625 20 0.243257 1386
12 5 48 31 -2 0 0 1876
12 5 49 37.005 18.3198 20 0.244503 966
12 5 50 30 -2 0 0 1106
12 5 51 36.7674 17.3645 19.6867 0.232996 1022
12 5 52 34 -2 0 0 1428
12 5 53 34 -2 0 0 1050
12 5 54 31 -2 0 0 1092
12 5 55 39.1937 6.93456 15.4595 0.18475 938
12 5 56 33 -2 0 0 826
12 5 57 32 -2 0 0 770
12 5 58 43.227 14.2139 20 0.20103 616
12 5 59 39.635 9.75544 20 0.188342 1134
12 5 60 29.0406 35.1525 20 0.18343 756
12 5 61 30 -2 0 0 994
12 5 62 33 -2 0 0 1218
12 5 63 32 -2 0 0 1330
12 6 0 35.5404 7.02222 11.9765 0.286582 1526
12 6 1 38.6516 13.1954 20 0.353482 1680
12 6 2 24.0167 29.1804 20 0.283258 1680
12 6 3 33.3613 22.8405 20 0.2275 938
12 6 4 32 -2 0 0 1190
12 6 5 39.1905 12.1498 20 0.311599 1904
12 6 6 38.5027 8.05315 14.9006 0.240208 1022
12 6 7 0 -10 0 0 0
12 6 8 30 -2 0 0 1526
12 6 9 0 -10 0 0 0
12 6 10 27.6254 110.403 19.7048 0.351722 1512
12 6 11 39.3811 6.84868 13.2258 0.296822 896
12 6 12 36.965 8.03952 14.4807 0.283741 1274
12 6 13 31.8323 1.33648 3.28751 0.40823 1890
12 6 14 33.3364 18.4683 20 0.308508 1302
12 6 15 35 -2 0 0 1904
12 6 16 30.7369 2.56319 6.67547 0.266028 1540
12 6 17 37.866 18.7904 20 0.205726 1008
12 6 18 0 -10 0 0 0
12 6 19 31.3413 2.65473 6.39824 0.309213 1470
12 6 20 37 -2 0 0 1470
12 6 21 35.5283 6.07447 12.9713 0.231695 1148
12 6 22 36.2903 19.8654 20 0.390595 924
12 6 23 32.8996 17.5373 20 0.311602 1372
12 6 24 29.0226 20.4438 20 0.452931 2674
12 6 25 33 -2 0 0 882
12 6 26 36.7809 24.0582 20 0.212837 868
12 6 27 31.7454 17.9611 14.3903 0.458967 2422
12 6 28 39.5188 5.86836 16.0639 0.31183 2646
12 6 29 32 -2 0 0 1358
12 6 30 38.4953 13.7549 20 0.36699 1904
12 6 31 38 -2 0 0 1204
12 6 32 37.396 10.9456 17.2045 0.254175 1344
12 6 33 35.0534 52.4767 15.3087 0.327227 1862
12 6 34 33.1569 1.72908 4.49984 0.295389 1358
12 6 35 33 -2 0 0 1092
12 6 36 0 -10 0 0 0
12 6 37 33.2066 1.34966 4.07782 0.281372 1652
12 6 38 36.8763 6.37331 13.2972 0.224266 1092
12 6 39 34.2246 16.5051 20 0.41716 2660
12 6 40 0 -10 0 0 0
12 6 41 29 -2 0 0 1498
12 6 42 24.4815 34.8077 19.9996 0.356152 2492
12 6 43 40.2918 10.1922 17.3748 0.469961 1652
12 6 44 36.5815 13.4595 18.7992 0.289982 1554
12 6 45 34.0322 1.60447 4.33623 0.360965 1316
12 6 46 36.4896 14.7858 20 0.205964 1232
12 6 47 38.8376 13.6922 20 0.263359 1456
12 6 48 38 -2 0 0 1330
12 6 49 40.448 13.9097 20 0.261158 1246
12 6 50 28.9935 26.0776 20 0.342642 1414
12 6 51 34 -2 0 0 2016
12 6 52 33.9196 19.729 20 0.278575 1162
12 6 53 35.337 14.9567 20 0.276977 1316
12 6 54 31.137 23.7556 20 0.35406 1890
12 6 55 36.0661 3.15716 9.18586 0.320574 2758
12 6 56 37.3477 8.54673 17.7597 0.383022 2114
12 6 57 32.9954 15.9306 20 0.352148 1750
12 6 58 33 -2 0 0 966
12 6 59 35.7313 6.97261 12.8024 0.332225 1400
12 6 60 24.5492 29.2616 20 0.312842 1358
12 6 61 29 -2 0 0 1820
12 6 62 36.519 11.4044 19.3372 0.456603 2730
12 6 63 48 -2 0 0 1218
12 7 0 33.0179 0.991629 3.30473 0.445051 2562
12 7 1 31.287 0.84784 3.05668 0.457116 3304
12 7 2 31.9917 1.32628 5.06173 0.33488 2842
12 7 3 30.2759 1.22782 5.60173 0.465851 4130
12 7 4 0 -10 0 0 0
12 7 5 34.2538 1.70743 3.82768 0.390792 2674
12 7 6 34.8806 1.65063 5.82688 0.396854 3892
12 7 7 31.9395 1.01365 3.21982 0.423074 3416
12 7 8 34.9642 7.70628 15.9862 0.66003 4284
12 7 9 31.9874 0.757002 3.33267 0.419083 4410
12 7 10 35 -2 0 0 3458
12 7 11 32.0785 0.832886 3.25444 0.451661 3668
12 7 12 36.101 5.73029 12.6696 0.711179 4508
12 7 13 30.4236 0.78224 3.86381 0.328035 5432
12 7 14 36.02 4.0743 11.0863 0.586465 4298
12 7 15 32.3398 0.987037 4.30333 0.339255 4438
12 7 16 38.4095 7.17074 15.7096 0.712448 6006
12 7 17 36 -2 0 0 3598
12 7 18 31.061 0.977098 2.83876 0.631594 4634
12 7 19 34.8155 11.2915 20 0.628816 3654
12 7 20 31.4292 0.743018 3.29226 0.418191 6244
12 7 21 29.1961 0.722309 2.84263 0.32013 3766
12 7 22 31.8627 1.08818 4.21142 0.371669 3794
12 7 23 32.9145 1.20795 3.84898 0.439193 3052
12 7 24 31.7488 0.833705 3.39942 0.532857 6930
12 7 25 29.528 0.689298 2.60024 0.422946 4676
12 7 26 30 -2 0 0 3486
12 7 27 29 -2 0 0 3612
12 7 28 36.5755 2.6722 8.21838 0.402177 2996
12 7 29 0 -10 0 0 0
12 7 30 34.6272 5.64841 14.0252 0.442055 2758
12 7 31 32.334 1.24865 4.43344 0.41816 3332
12 7 32 34 -2 0 0 3374
12 7 33 31.3632 18.2246 20 0.549506 2450
12 7 34 31.2563 0.786952 2.8484 0.424035 4802
12 7 35 32.3807 1.63091 5.97598 0.34005 2436
12 7 36 30.7855 1.0252 3.93273 0.337356 3360
12 7 37 27.6196 0.715083 3.11903 0.388193 4830
12 7 38 32.0016 0.964661 3.48117 0.333947 3934
12 7 39 0 -10 0 0 0
12 7 40 36.0868 3.52904 9.93981 0.468437 3500
12 7 41 31 -2 0 0 2772
12 7 42 32.8851 1.45766 4.59119 0.391414 2478
12 7 43 30.3715 0.952419 3.49944 0.544493 2884
12 7 44 0 -10 0 0 0
12 7 45 0 -10 0 0 0
12 7 46 32.3301 2.46697 5.21833 0.555059 4004
12 7 47 31.8944 1.10995 4.37685 0.515263 4018
12 7 48 31 -2 0 0 2562
12 7 49 31 -2 0 0 2268
12 7 50 37.8094 5.55595 13.8459 0.560027 2604
12 7 51 30 -2 0 0 3416
12 7 52 30.2561 0.754437 2.97479 0.581316 3290
12 7 53 30.2201 0.912878 2.99474 0.574858 3514
12 7 54 0 -10 0 0 0
12 7 55 35.1491 3.2872 6.60993 0.420456 2590
12 7 56 0 -10 0 0 0
12 7 57 31.212 1.12419 4.56757 0.27872 2912
12 7 58 29.386 1.05756 4.48852 0.388644 3584
12 7 59 0 -10 0 0 0
12 7 60 29.0071 0.930722 3.53418 0.446798 3500
12 7 61 30.3382 11.3457 18.5532 0.507711 2674
12 7 62 30.0029 23.0688 14.621 0.4877 2604
12 7 63 29.942 1.19559 3.68152 0.420553 2240
12 8 0 32.9742 -3 0 0 56
12 8 1 32.9742 -3 0 0 98
12 8 2 32.9742 -3 0 0 112
12 8 3 32.9742 -3 0 0 56
12 8 4 32.9742 -3 0 0 70
12 8 5 32.9742 -3 0 0 84
12 8 6 32.9742 -3 0 0 84
12 8 7 0 -10 0 0 0
12 8 8 32.9742 -3 0 0 84
12 8 9 32.9742 -3 0 0 98
12 8 10 32.9742 -3 0 0 84
12 8 11 32.9742 -3 0 0 70
12 8 12 32.9742 -3 0 0 42
12 8 13 32.9742 -3 0 0 42
12 8 14 32.9742 -3 0 0 56
12 8 15 32.9742 -3 0 0 70
12 8 16 32.9742 -3 0 0 56
12 8 17 32.9742 -3 0 0 70
12 8 18 32.9742 -3 0 0 70
12 8 19 32.9742 -3 0 0 98
12 8 20 32.9742 -3 0 0 28
12 8 21 32.9742 -3 0 0 70
12 8 22 32.9742 -3 0 0 42
12 8 23 32.9742 -3 0 0 56
12 8 24 32.9742 -3 0 0 56
12 8 25 0 -10 0 0 0
12 8 26 32.9742 -3 0 0 42
12 8 27 32.9742 -3 0 0 42
12 8 28 32.9742 -3 0 0 56
12 8 29 32.9742 -3 0 0 56
12 8 30 32.9742 -3 0 0 14
12 8 31 0 -10 0 0 0
12 8 32 32.9742 -3 0 0 84
12 8 33 32.9742 -3 0 0 42
12 8 34 33 -2 0 0 210
12 8 35 32.9742 -3 0 0 70
12 8 36 32.9742 -3 0 0 126
12 8 37 32.9742 -3 0 0 112
12 8 38 32.9742 -3 0 0 182
12 8 39 32.9742 -3 0 0 154
12 8 40 32.9742 -3 0 0 84
12 8 41 32.9742 -3 0 0 112
12 8 42 32.9742 -3 0 0 56
12 8 43 32.9742 -3 0 0 14
12 8 44 32.9742 -3 0 0 84
12 8 45 32.9742 -3 0 0 112
12 8 46 32.9742 -3 0 0 112
12 8 47 36.4698 32.6182 20 0.101223 210
12 8 48 32.9742 -3 0 0 56
12 8 49 32.9742 -3 0 0 70
12 8 50 32.9742 -3 0 0 126
12 8 51 32.9742 -3 0 0 140
12 8 52 32.9742 -3 0 0 126
12 8 53 32.9742 -3 0 0 84
12 8 54 32.9742 -3 0 0 84
12 8 55 32.9742 -3 0 0 98
12 8 56 32.9742 -3 0 0 112
12 8 57 32.9742 -3 0 0 112
12 8 58 32.9742 -3 0 0 70
12 8 59 32.9742 -3 0 0 56
12 8 60 32.9742 -3 0 0 112
12 8 61 32.9742 -3 0 0 70
12 8 62 32.9742 -3 0 0 42
12 8 63 32.9742 -3 0 0 98
12 9 0 0 -10 0 0 0
12 9 1 30.7332 -3 0 0 70
12 9 2 30.7332 -3 0 0 70
12 9 3 30.7332 -3 0 0 70
12 9 4 30.7332 -3 0 0 56
12 9 5 30.7332 -3 0 0 168
12 9 6 30.7332 -3 0 0 84
12 9 7 0 -10 0 0 0
12 9 8 30.7332 -3 0 0 42
12 9 9 0 -10 0 0 0
12 9 10 0 -10 0 0 0
12 9 11 30.7332 -3 0 0 154
12 9 12 30.7332 -3 0 0 98
12 9 13 30.7332 -3 0 0 56
12 9 14 30.7332 -3 0 0 98
12 9 15 46.6622 24.1858 20 0.0722652 210
12 9 16 30.7332 -3 0 0 70
12 9 17 30.7332 -3 0 0 84
12 9 18 30.7332 -3 0 0 70
12 9 19 30.7332 -3 0 0 84
12 9 20 0 -10 0 0 0
12 9 21 30.7332 -3 0 0 140
12 9 22 30.7332 -3 0 0 70
12 9 23 30.7332 -3 0 0 126
12 9 24 30.7332 -3 0 0 140
12 9 25 30.7332 -3 0 0 42
12 9 26 30.7332 -3 0 0 14
12 9 27 30.7332 -3 0 0 56
12 9 28 30.7332 -3 0 0 84
12 9 29 30.7332 -3 0 0 70
12 9 30 0 -10 0 0 0
12 9 31 30.7332 -3 0 0 126
12 9 32 30.7332 -3 0 0 84
12 9 33 0 -10 0 0 0
12 9 34 30.7332 -3 0 0 112
12 9 35 30.7332 -3 0 0 154
12 9 36 30.7332 -3 0 0 42
12 9 37 30.7332 -3 0 0 112
12 9 38 30.7332 -3 0 0 56
12 9 39 30.7332 -3 0 0 56
12 9 40 0 -10 0 0 0
12 9 41 30.7332 -3 0 0 56
12 9 42 30.7332 -3 0 0 140
12 9 43 30.7332 -3 0 0 112
12 9 44 30.7332 -3 0 0 84
12 9 45 30.7332 -3 0 0 56
12 9 46 0 -10 0 0 0
12 9 47 30.7332 -3 0 0 126
12 9 48 30.7332 -3 0 0 84
12 9 49 30.7332 -3 0 0 112
12 9 50 0 -10 0 0 0
12 9 51 30.7332 -3 0 0 70
12 9 52 30.7332 -3 0 0 84
12 9 53 30.7332 -3 0 0 28
12 9 54 30.7332 -3 0 0 42
12 9 55 30.7332 -3 0 0 84
12 9 56 30.7332 -3 0 0 42
12 9 57 30.7332 -3 0 0 112
12 9 58 30.7332 -3 0 0 70
12 9 59 0 -10 0 0 0
12 9 60 30.7332 -3 0 0 98
12 9 61 30.7332 -3 0 0 126
12 9 62 30.7332 -3 0 0 126
12 9 63 0 -10 0 0 0
12 10 0 36.5402 -3 0 0 98
12 10 1 36.5402 -3 0 0 196
12 10 2 36.5402 -3 0 0 56
12 10 3 36.5402 -3 0 0 112
12 10 4 36.5402 -3 0 0 112
12 10 5 36.5402 -3 0 0 126
12 10 6 36.5402 -3 0 0 98
12 10 7 36.5402 -3 0 0 182
12 10 8 36.5402 -3 0 0 98
12 10 9 36.5402 -3 0 0 98
12 10 10 36.5402 -3 0 0 84
12 10 11 36.5402 -3 0 0 182
12 10 12 36.5402 -3 0 0 56
12 10 13 36.5402 -3 0 0 126
12 10 14 36.5402 -3 0 0 154
12 10 15 36.5402 -3 0 0 84
12 10 16 36.5402 -3 0 0 154
12 10 17 36.5402 -3 0 0 154
12 10 18 36.5402 -3 0 0 140
12 10 19 36.5402 -3 0 0 42
12 10 20 36.5402 -3 0 0 84
12 10 21 36.5402 -3 0 0 112
12 10 22 36.5402 -3 0 0 98
12 10 23 36.5402 -3 0 0 182
12 10 24 36.5402 -3 0 0 196
12 10 25 36.5402 -3 0 0 154
12 10 26 36.5402 -3 0 0 84
12 10 27 36.5402 -3 0 0 84
12 10 28 36.5402 -3 0 0 196
12 10 29 36.5402 -3 0 0 126
12 10 30 0 -10 0 0 0
12 10 31 36.5402 -3 0 0 112
12 10 32 36.5402 -3 0 0 168
12 10 33 36.5402 -3 0 0 126
12 10 34 36.5402 -3 0 0 112
12 10 35 0 -10 0 0 0
12 10 36 36.5402 -3 0 0 154
12 10 37 36.5402 -3 0 0 154
12 10 38 36.5402 -3 0 0 196
12 10 39 36.5402 -3 0 0 112
12 10 40 36.5402 -3 0 0 168
12 10 41 36.5402 -3 0 0 140
12 10 42 36.5402 -3 0 0 140
12 10 43 36.5402 -3 0 0 182
12 10 44 63 -2 0 0 238
12 10 45 36.5402 -3 0 0 126
12 10 46 36.5402 -3 0 0 196
12 10 47 37.1371 49.6699 20 0.192845 252
12 10 48 36.5402 -3 0 0 266
12 10 49 42.7244 23.8739 20 0.0551709 280
12 10 50 41.782 23.2511 20 0.165215 280
12 10 51 36.274 38.9942 20 0.078914 252
12 10 52 36.5402 -3 0 0 140
12 10 53 29 -2 0 0 378
12 10 54 36.5402 -3 0 0 280
12 10 55 45.1426 21.6699 20 0.0797639 252
12 10 56 37.0502 33.684 20 0.0483778 336
12 10 57 36.5402 -3 0 0 350
12 10 58 44.1242 25.1284 20 0.0867116 252
12 10 59 39.457 105.977 13.6401 0.199523 210
12 10 60 40.3255 37.2872 20 0.0614475 238
12 10 61 30 -2 0 0 280
12 10 62 36.5402 -3 0 0 224
12 10 63 32 -2 0 0 266
12 11 0 38.1209 33.6685 19.9999 0.133882 336
12 11 1 29 -2 0 0 238
12 11 2 41.6275 0.0656556 0.1 0.441599 252
12 11 3 29.0628 16.5679 11.1995 0.0550865 210
12 11 4 26.5051 110.565 20 0.167346 210
12 11 5 37.3995 23.9752 20 0.154021 378
12 11 6 31.2289 -3 0 0 196
12 11 7 36.0947 20.183 20 0.142566 392
12 11 8 33.5939 28.4697 20 0.155945 322
12 11 9 38.4221 17.6736 20 0.0909248 378
12 11 10 28 -2 0 0 238
12 11 11 31.2289 -3 0 0 140
12 11 12 31.2289 -3 0 0 168
12 11 13 41.1225 21.3159 20 0.167962 294
12 11 14 42.8803 18.4284 20 0.0947904 294
12 11 15 31.2289 -3 0 0 182
12 11 16 31.2289 -3 0 0 182
12 11 17 31.2289 -3 0 0 98
12 11 18 24.8266 36.5061 19.9999 0.210227 238
12 11 19 31.2289 -3 0 0 70
12 11 20 31.2289 -3 0 0 196
12 11 21 33.7729 33.4267 20 0.0855805 280
12 11 22 42.1066 35.798 20 0.0877729 224
12 11 23 31.2289 -3 0 0 112
12 11 24 31.2289 -3 0 0 84
12 11 25 31.2289 -3 0 0 112
12 11 26 0 -10 0 0 0
12 11 27 31.2289 -3 0 0 140
12 11 28 0 -10 0 0 0
12 11 29 31.2289 -3 0 0 84
12 11 30 0 -10 0 0 0
12 11 31 31.2289 -3 0 0 98
12 11 32 31.2289 -3 0 0 70
12 11 33 0 -10 0 0 0
12 11 34 31.2289 -3 0 0 56
12 11 35 31.2289 -3 0 0 140
12 11 36 31.2289 -3 0 0 112
12 11 37 31.2289 -3 0 0 98
12 11 38 31.2289 -3 0 0 70
12 11 39 31.2289 -3 0 0 154
12 11 40 0 -10 0 0 0
12 11 41 31.2289 -3 0 0 168
12 11 42 31.2289 -3 0 0 168
12 11 43 31.2289 -3 0 0 126
12 11 44 31.2289 -3 0 0 112
12 11 45 31.2289 -3 0 0 126
12 11 46 31.2289 -3 0 0 126
12 11 47 31.2289 -3 0 0 56
12 11 48 31.2289 -3 0 0 98
12 11 49 31.2289 -3 0 0 70
12 11 50 31.2289 -3 0 0 42
12 11 51 31.2289 -3 0 0 112
12 11 52 31.2289 -3 0 0 112
12 11 53 31.2289 -3 0 0 154
12 11 54 31.2289 -3 0 0 28
12 11 55 31.2289 -3 0 0 98
12 11 56 31.2289 -3 0 0 84
12 11 57 31.2289 -3 0 0 112
12 11 58 31.2289 -3 0 0 154
12 11 59 31.2289 -3 0 0 98
12 11 60 31.2289 -3 0 0 84
12 11 61 31.2289 -3 0 0 140
12 11 62 31.2289 -3 0 0 126
12 11 63 31.2289 -3 0 0 112
12 12 0 38.138 14.2081 20 0.325998 1876
12 12 1 37.3033 7.201 14.8738 0.281355 1540
12 12 2 38 -2 0 0 1736
12 12 3 29.6935 29.0374 20 0.330957 1470
12 12 4 25.6022 23.1999 20 0.196134 840
12 12 5 35.1081 6.7798 15.0359 0.391434 1792
12 12 6 42.4796 31.512 20 0.30502 1246
12 12 7 40.6156 8.37052 16.3817 0.311603 1498
12 12 8 33 -2 0 0 1638
12 12 9 31.9223 1.94894 4.1439 0.404691 1386
12 12 10 0 -10 0 0 0
12 12 11 41.3691 8.28569 16.3388 0.303804 980
12 12 12 31.0735 22.5381 20 0.301601 1190
12 12 13 42.2992 13.1139 20 0.294249 966
12 12 14 29.494 30.0871 20 0.292596 1232
12 12 15 33 -2 0 0 1778
12 12 16 29.5991 15.6071 20 0.358147 1932
12 12 17 34.7758 4.13723 10.4399 0.36404 1764
12 12 18 36 -2 0 0 1008
12 12 19 41.5471 5.89782 13.6197 0.21102 994
12 12 20 34.4021 2.95906 5.59324 0.498545 1680
12 12 21 34.5295 2.86786 7.07178 0.339855 1540
12 12 22 35.4927 1.87672 6.39258 0.26456 1638
12 12 23 31 -2 0 0 1834
12 12 24 0 -10 0 0 0
12 12 25 33.9732 2.16626 5.90575 0.394471 2114
12 12 26 40.3727 6.46757 14.272 0.300635 1428
12 12 27 41.0878 15.9398 20 0.246786 1428
12 12 28 37.9392 4.46742 10.3887 0.35064 1834
12 12 29 34 -2 0 0 1876
12 12 30 0 -10 0 0 0
12 12 31 33.2935 1.83944 3.64949 0.370776 2156
12 12 32 38.6147 9.07167 15.8606 0.439234 1736
12 12 33 34 -2 0 0 1764
12 12 34 0 -10 0 0 0
12 12 35 35.5606 5.80651 11.8662 0.312854 1764
12 12 36 37.0207 7.70195 16.9063 0.404202 2002
12 12 37 33.1855 1.43721 4.90025 0.275024 1946
12 12 38 39.687 4.41395 11.4019 0.367949 2184
12 12 39 41.089 4.22964 11.3374 0.368745 2576
12 12 40 38 -2 0 0 1848
12 12 41 42.5639 7.32973 17.3961 0.412206 2268
12 12 42 37.3917 12.0491 17.7244 0.346587 1778
12 12 43 32 -2 0 0 2072
12 12 44 38.8597 4.30345 11.6444 0.377408 2450
12 12 45 35.1474 2.4215 7.37303 0.275958 1736
12 12 46 33.7546 1.27712 3.75711 0.440315 2548
12 12 47 36.0245 1.67884 6.27043 0.287588 3360
12 12 48 38.2916 8.22677 15.7831 0.444098 2422
12 12 49 41.4479 4.60343 12.8949 0.371133 3038
12 12 50 34 -2 0 0 3094
12 12 51 35.041 3.63718 9.62239 0.411893 3108
12 12 52 31.0241 25.0341 20 0.440651 2226
12 12 53 35.2224 15.3934 20 0.462781 3136
12 12 54 33.1911 1.69605 5.34476 0.330717 3360
12 12 55 36.7667 2.05891 7.5887 0.353816 3360
12 12 56 41.5191 4.07878 14.673 0.352563 3066
12 12 57 37.5899 3.13285 8.57112 0.356189 3108
12 12 58 36.9957 4.96641 12.3402 0.451535 2870
12 12 59 35.1377 13.0753 16.4886 0.308806 1988
12 12 60 35.1419 10.6879 15.2373 0.357077 2604
12 12 61 33 -2 0 0 2870
12 12 62 29.4566 27.3943 16.1748 0.424911 2506
12 12 63 0 -10 0 0 0
12 13 0 35 -2 0 0 2856
12 13 1 28.5579 27.7921 20 0.452269 2338
12 13 2 35 -2 0 0 2282
12 13 3 38.5181 3.94143 9.84961 0.364053 2296
12 13 4 39.2319 6.69809 14.1676 0.342546 1904
12 13 5 39.9273 3.72648 7.42683 0.424621 3598
12 13 6 27.9585 24.2 20 0.280475 1652
12 13 7 34.9653 19.4717 17.009 0.417777 2590
12 13 8 37.7092 3.81213 12.9895 0.373449 3192
12 13 9 37.9183 19.8784 18.0042 0.343783 2212
12 13 10 31 -2 0 0 2100
12 13 11 37.8395 3.12528 8.74784 0.27756 1568
12 13 12 36.2125 3.05345 6.382 0.365487 1960
12 13 13 31 -2 0 0 1862
12 13 14 34.0195 2.74363 7.17477 0.342962 2646
12 13 15 38.3801 11.7413 17.2562 0.321382 1792
12 13 16 35.8564 18.1817 19.8755 0.401994 2044
12 13 17 35 -2 0 0 1428
12 13 18 34.9684 18.3375 20 0.345625 1722
12 13 19 29.3865 42.6778 18.272 0.280382 1428
12 13 20 35.8647 19.0408 20 0.427727 2072
12 13 21 34 -2 0 0 2324
12 13 22 34.8513 20.1155 20 0.381952 2450
12 13 23 0 -10 0 0 0
12 13 24 0 -10 0 0 0
12 13 25 37.8687 9.36501 20 0.333191 1862
12 13 26 0 -10 0 0 0
12 13 27 33.7027 3.30396 6.46071 0.28176 1820
12 13 28 0 -10 0 0 0
12 13 29 38.3902 12.9316 19.9989 0.252325 1666
12 13 30 0 -10 0 0 0
12 13 31 36 -2 0 0 1330
12 13 32 38.0385 12.9077 20 0.33853 1498
12 13 33 0 -10 0 0 0
12 13 34 38.4315 14.9715 20 0.288265 1344
12 13 35 33 -2 0 0 1624
12 13 36 33.5153 19.0654 20 0.270489 1036
12 13 37 0 -10 0 0 0
12 13 38 39.3723 17.6357 19.1003 0.307112 854
12 13 39 38 -2 0 0 1484
12 13 40 30.963 15.7088 20 0.284541 1232
12 13 41 35.171 10.1212 20 0.321458 1862
12 13 42 0 -10 0 0 0
12 13 43 33 -2 0 0 1610
12 13 44 33 -2 0 0 1078
12 13 45 34 -2 0 0 1316
12 13 46 34.7966 20.3785 20 0.370785 1344
12 13 47 34 -2 0 0 308
12 13 48 36.412 15.7447 20 0.402526 1512
12 13 49 34.2241 31.1938 19.9998 0.199336 504
12 13 50 32.8702 23.6325 20 0.217143 840
12 13 51 31 -2 0 0 952
12 13 52 38.1273 15.3617 20 0.21926 1120
12 13 53 33 -2 0 0 1484
12 13 54 38 -2 0 0 1218
12 13 55 35.1977 160.782 20 0.314287 1358
12 13 56 29.7139 25.3561 20 0.260238 1288
12 13 57 32 -2 0 0 1246
12 13 58 34.239 19.9913 18.691 0.301016 1456
12 13 59 31 -2 0 0 1078
12 13 60 32 -2 0 0 1302
12 13 61 30.7228 22.2565 20 0.254633 994
12 13 62 35.5706 4.4096 10.1354 0.292612 1302
12 13 63 28 -2 0 0 1526
12 14 0 31.6852 0.701677 3.38147 0.533156 4508
12 14 1 31.8221 7.74869 12.3698 0.567865 4060
12 14 2 32.6846 0.830168 3.19932 0.476761 4060
12 14 3 35.6726 2.41426 9.18998 0.608502 4116
12 14 4 35.4655 7.13862 15.356 0.720463 4046
12 14 5 33.0333 0.868064 3.69028 0.513166 4172
12 14 6 37 -2 0 0 5348
12 14 7 32.7873 0.851065 3.58269 0.421693 4326
12 14 8 31.9199 0.76672 3.82616 0.352585 4144
12 14 9 30.0159 0.722273 3.05054 0.563253 4256
12 14 10 33.1224 1.13373 5 0.403167 3948
12 14 11 0 -10 0 0 0
12 14 12 33 -2 0 0 4494
12 14 13 0 -10 0 0 0
12 14 14 31.8586 0.894198 3.40782 0.493057 4116
12 14 15 31.4958 0.66757 2.95495 0.519136 4788
12 14 16 33.1107 0.803945 3.71669 0.614797 4382
12 14 17 0 -10 0 0 0
12 14 18 33.9896 0.996792 4.43661 0.44137 4312
12 14 19 33.8689 0.986765 4.62511 0.469027 4928
12 14 20 33.8299 1.59643 4.54681 0.52771 3528
12 14 21 32.6295 0.838192 3.62993 0.344512 4032
12 14 22 33.0179 1.18976 5.05598 0.508545 5012
12 14 23 32.3986 0.986757 3.65892 0.484836 4942
12 14 24 30.9174 0.669707 3.1159 0.320767 4620
12 14 25 34.6277 1.50552 3.92505 0.458876 5712
12 14 26 32.4516 1.22053 4.0203 0.673046 4480
12 14 27 32.3424 0.63019 3.17195 0.470881 4984
12 14 28 31 -2 0 0 4144
12 14 29 33.3802 0.791479 3.83317 0.536253 4396
12 14 30 0 -10 0 0 0
12 14 31 32.5076 0.794458 3.07309 0.666638 5992
12 14 32 31.1611 0.595915 2.72302 0.537073 4480
12 14 33 32.0487 1.04333 4.76072 0.390999 4424
12 14 34 37.1217 6.89287 14.6294 0.717926 4578
12 14 35 31.2096 0.678323 2.71857 0.490277 5838
12 14 36 31.8371 0.991049 3.84423 0.503115 4214
12 14 37 30.0132 0.872505 4.3883 0.555905 5754
12 14 38 33.1176 0.602546 2.63755 0.496385 4550
12 14 39 31.991 0.73309 3.55334 0.36833 5012
12 14 40 31.636 0.673075 2.85642 0.6728 4970
12 14 41 32.5239 0.777371 3.35545 0.518278 4578
12 14 42 32.5286 0.74231 3.77237 0.432571 8036
12 14 43 31.532 1.04638 3.5986 0.586574 4900
12 14 44 36.1918 1.91215 5.91876 0.630979 4536
12 14 45 31.099 0.935363 4.81611 0.463262 6174
12 14 46 31.8411 1.01919 3.76354 0.404925 4438
12 14 47 32.0686 0.774361 3.08563 0.484724 4886
12 14 48 40.1411 3.47242 11.0116 0.723422 6370
12 14 49 33.2661 0.82025 3.16134 0.503032 8106
12 14 50 33.7931 0.889394 3.97437 0.371277 5852
12 14 51 31.1005 0.89289 2.85443 0.446561 6440
12 14 52 32.8602 0.954686 3.58799 0.384636 5544
12 14 53 0 -10 0 0 0
12 14 54 31.7913 0.56572 2.81262 0.575006 8064
12 14 55 30.7277 0.665645 2.99555 0.539424 6692
12 14 56 32.9384 0.853336 4.20625 0.337211 6986
12 14 57 32.2107 0.708701 3.41385 0.438472 5390
12 14 58 31.6365 0.65918 3.24289 0.439583 9016
12 14 59 31.684 0.739156 2.98521 0.49721 5208
12 14 60 30.9982 0.746715 3.36656 0.390395 5474
12 14 61 30.5237 0.631914 2.93169 0.558611 10164
12 14 62 31.4662 0.872529 4.27824 0.330684 4676
12 14 63 0 -10 0 0 0
12 15 0 27.8322 0.660071 2.38453 0.321395 4452
12 15 1 0 -10 0 0 0
12 15 2 26.7218 1.14643 5.16359 0.464623 4410
12 15 3 27.8765 0.522896 2.68454 0.390294 8708
12 15 4 27.2822 0.731658 3.45817 0.399049 8540
12 15 5 27.9406 0.672871 2.75345 0.402896 4298
12 15 6 28.4349 1.62517 4.99209 0.625618 4886
12 15 7 26.6252 0.616573 2.5051 0.372284 7336
12 15 8 26.1895 0.711293 2.71297 0.327067 5180
12 15 9 26.5934 0.505752 2.01153 0.465188 6790
12 15 10 27.8138 0.682051 3.25091 0.309109 5236
12 15 11 27.6989 0.565034 2.50448 0.489409 4732
12 15 12 0 -10 0 0 0
12 15 13 27.2117 0.614044 2.44448 0.51482 5530
12 15 14 27.6699 0.636608 2.74968 0.454801 5082
12 15 15 28.4857 1.15174 3.94488 0.523988 3654
12 15 16 27.5343 0.718165 3.11603 0.402901 4200
12 15 17 27.2808 0.675786 2.61213 0.476526 3654
12 15 18 28.4278 0.863775 3.39226 0.407827 4116
12 15 19 26.2628 0.794935 2.50471 0.572047 4452
12 15 20 28.3685 0.651804 2.63422 0.472661 7014
12 15 21 27.5195 0.730307 2.76448 0.480457 5488
12 15 22 26.482 0.638881 2.59255 0.466981 8862
12 15 23 26.4324 0.778885 2.22582 0.507306 5166
12 15 24 26.6124 0.748976 3.47606 0.351295 5964
12 15 25 26.6706 1.52018 5.59076 0.612485 3024
12 15 26 28.3628 0.618987 2.21802 0.526285 3136
12 15 27 27.0719 0.844513 3.2156 0.328473 4284
12 15 28 27.0363 0.578379 1.94578 0.584488 4550
12 15 29 26.7281 0.612857 2.06853 0.519891 5348
12 15 30 29.2645 0.795102 3.38456 0.372228 6090
12 15 31 27.619 0.582798 2.83333 0.467524 7336
12 15 32 27.7302 0.669117 2.71393 0.470434 3388
12 15 33 0 -10 0 0 0
12 15 34 0 -10 0 0 0
12 15 35 27.6163 0.637078 2.34314 0.666033 5362
12 15 36 28.3043 1.65013 5.27862 0.533685 2954
12 15 37 0 -10 0 0 0
12 15 38 28.8581 0.66953 3.14209 0.329603 6356
12 15 39 27.5729 0.767672 3.25441 0.407632 3822
12 15 40 28 -2 0 0 4298
12 15 41 27.4324 0.539718 2.39885 0.636502 4354
12 15 42 27.652 0.978759 2.56358 0.556591 4858
12 15 43 27.8047 0.559578 2.6019 0.591096 8232
12 15 44 0 -10 0 0 0
12 15 45 26.6189 0.650567 2.74009 0.456873 3066
12 15 46 0 -10 0 0 0
12 15 47 27.3472 0.742546 3.05679 0.348786 2926
12 15 48 30.9162 2.81922 9.86178 0.573147 3248
12 15 49 27.4653 0.810935 3.30029 0.439463 5474
12 15 50 0 -10 0 0 0
12 15 51 26.6417 0.604915 2.20365 0.485519 3374
12 15 52 0 -10 0 0 0
12 15 53 24.6624 1.1941 4.4309 0.525453 4662
12 15 54 26.792 0.554656 2.55333 0.398426 4032
12 15 55 26.7602 0.699132 3.12516 0.233665 4018
12 15 56 27 -2 0 0 3486
12 15 57 25.3589 1.34831 5.19882 0.442017 3402
12 15 58 32 -2 0 0 4480
12 15 59 26.6973 0.784527 2.68118 0.440172 3486
12 15 60 0 -10 0 0 0
12 15 61 26.3232 0.676009 2.74585 0.325712 5656
12 15 62 25.5578 0.655602 3.01645 0.381272 5446
12 15 63 28.0614 0.93841 3.89439 0.402292 4438
13 0 0 26.2264 -3 0 0 70
13 0 1 26.2264 -3 0 0 42
13 0 2 26.2264 -3 0 0 98
13 0 3 26.2264 -3 0 0 70
13 0 4 26.2264 -3 0 0 42
13 0 5 26.2264 -3 0 0 56
13 0 6 26.2264 -3 0 0 56
13 0 7 26.2264 -3 0 0 70
13 0 8 26.2264 -3 0 0 56
13 0 9 26.2264 -3 0 0 42
13 0 10 26.2264 -3 0 0 70
13 0 11 26.2264 -3 0 0 14
13 0 12 26.2264 -3 0 0 42
13 0 13 26.2264 -3 0 0 56
13 0 14 26.2264 -3 0 0 84
13 0 15 26.2264 -3 0 0 56
13 0 16 26.2264 -3 0 0 56
13 0 17 26.2264 -3 0 0 98
13 0 18 26.2264 -3 0 0 84
13 0 19 26.2264 -3 0 0 70
13 0 20 26.2264 -3 0 0 84
13 0 21 26.2264 -3 0 0 84
13 0 22 26.2264 -3 0 0 28
13 0 23 26.2264 -3 0 0 98
13 0 24 26.2264 -3 0 0 42
13 0 25 26.2264 -3 0 0 42
13 0 26 26.2264 -3 0 0 70
13 0 27 26.2264 -3 0 0 14
13 0 28 26.2264 -3 0 0 42
13 0 29 26.2264 -3 0 0 56
13 0 30 26.2264 -3 0 0 70
13 0 31 26.2264 -3 0 0 98
13 0 32 26.2264 -3 0 0 56
13 0 33 26.2264 -3 0 0 56
13 0 34 26.2264 -3 0 0 56
13 0 35 26.2264 -3 0 0 28
13 0 36 26.2264 -3 0 0 84
13 0 37 26.2264 -3 0 0 84
13 0 38 26.2264 -3 0 0 42
13 0 39 26.2264 -3 0 0 56
13 0 40 26.2264 -3 0 0 42
13 0 41 26.2264 -3 0 0 56
13 0 42 26.2264 -3 0 0 42
13 0 43 26.2264 -3 0 0 28
13 0 44 26.2264 -3 0 0 42
13 0 45 26.2264 -3 0 0 84
13 0 46 26.2264 -3 0 0 126
13 0 47 26.2264 -3 0 0 70
13 0 48 26.2264 -3 0 0 112
13 0 49 26.2264 -3 0 0 126
13 0 50 26.2264 -3 0 0 42
13 0 51 26.2264 -3 0 0 98
13 0 52 26.2264 -3 0 0 42
13 0 53 26.2264 -3 0 0 14
13 0 54 26.2264 -3 0 0 98
13 0 55 26.2264 -3 0 0 84
13 0 56 26.2264 -3 0 0 42
13 0 57 26.2264 -3 0 0 56
13 0 58 26.2264 -3 0 0 42
13 0 59 26.2264 -3 0 0 84
13 0 60 26.2264 -3 0 0 56
13 0 61 26.2264 -3 0 0 182
13 0 62 26.2264 -3 0 0 70
13 0 63 26.2264 -3 0 0 28
13 1 0 28.249 -3 0 0 98
13 1 1 28.249 -3 0 0 70
13 1 2 28.249 -3 0 0 98
13 1 3 28.249 -3 0 0 56
13 1 4 28.249 -3 0 0 56
13 1 5 28.249 -3 0 0 98
13 1 6 28.249 -3 0 0 70
13 1 7 28.249 -3 0 0 98
13 1 8 28.249 -3 0 0 98
13 1 9 28.249 -3 0 0 154
13 1 10 28.249 -3 0 0 84
13 1 11 28.249 -3 0 0 112
13 1 12 28.249 -3 0 0 84
13 1 13 28.249 -3 0 0 98
13 1 14 28.249 -3 0 0 70
13 1 15 28.249 -3 0 0 56
13 1 16 28.249 -3 0 0 98
13 1 17 28.249 -3 0 0 56
13 1 18 28.249 -3 0 0 70
13 1 19 28.249 -3 0 0 70
13 1 20 28.249 -3 0 0 70
13 1 21 28.249 -3 0 0 70
13 1 22 28.249 -3 0 0 98
13 1 23 28.249 -3 0 0 42
13 1 24 28.249 -3 0 0 14
13 1 25 28.249 -3 0 0 98
13 1 26 28.249 -3 0 0 98
13 1 27 28.249 -3 0 0 84
13 1 28 28.249 -3 0 0 28
13 1 29 28.249 -3 0 0 84
13 1 30 28.249 -3 0 0 84
13 1 31 28.249 -3 0 0 112
13 1 32 28.249 -3 0 0 56
13 1 33 28.249 -3 0 0 84
13 1 34 28.249 -3 0 0 42
13 1 35 28.249 -3 0 0 126
13 1 36 28.249 -3 0 0 42
13 1 37 28.249 -3 0 0 56
13 1 38 28.249 -3 0 0 28
13 1 39 28.249 -3 0 0 126
13 1 40 28.249 -3 0 0 70
13 1 41 28.249 -3 0 0 56
13 1 42 28.249 -3 0 0 28
13 1 43 28.249 -3 0 0 56
13 1 44 28.249 -3 0 0 84
13 1 45 28.249 -3 0 0 98
13 1 46 28.249 -3 0 0 56
13 1 47 28.249 -3 0 0 140
13 1 48 28.249 -3 0 0 98
13 1 49 28.249 -3 0 0 28
13 1 50 28.249 -3 0 0 56
13 1 51 28.249 -3 0 0 70
13 1 52 28.249 -3 0 0 84
13 1 53 28.249 -3 0 0 28
13 1 54 28.249 -3 0 0 70
13 1 55 28.249 -3 0 0 56
13 1 56 28.249 -3 0 0 112
13 1 57 28.249 -3 0 0 56
13 1 58 28.249 -3 0 0 84
13 1 59 28.249 -3 0 0 56
13 1 60 28.249 -3 0 0 70
13 1 61 28.249 -3 0 0 98
13 1 62 28.249 -3 0 0 42
13 1 63 28.249 -3 0 0 42
13 2 0 26.1649 -3 0 0 42
13 2 1 26.1649 -3 0 0 70
13 2 2 26.1649 -3 0 0 84
13 2 3 26.1649 -3 0 0 112
13 2 4 26.1649 -3 0 0 70
13 2 5 26.1649 -3 0 0 98
13 2 6 26.1649 -3 0 0 70
13 2 7 26.1649 -3 0 0 42
13 2 8 26.1649 -3 0 0 70
13 2 9 26.1649 -3 0 0 70
13 2 10 26.1649 -3 0 0 56
13 2 11 26.1649 -3 0 0 84
13 2 12 26.1649 -3 0 0 56
13 2 13 26.1649 -3 0 0 28
13 2 14 26.1649 -3 0 0 168
13 2 15 26.1649 -3 0 0 42
13 2 16 26.1649 -3 0 0 70
13 2 17 26.1649 -3 0 0 42
13 2 18 26.1649 -3 0 0 70
13 2 19 26.1649 -3 0 0 42
13 2 20 26.1649 -3 0 0 84
13 2 21 26.1649 -3 0 0 84
13 2 22 26.1649 -3 0 0 98
13 2 23 26.1649 -3 0 0 56
13 2 24 26.1649 -3 0 0 42
13 2 25 26.1649 -3 0 0 28
13 2 26 26.1649 -3 0 0 70
13 2 27 26.1649 -3 0 0 28
13 2 28 26.1649 -3 0 0 14
13 2 29 26.1649 -3 0 0 56
13 2 30 26.1649 -3 0 0 42
13 2 31 26.1649 -3 0 0 42
13 2 32 0 -10 0 0 0
13 2 33 26.1649 -3 0 0 56
13 2 34 26.1649 -3 0 0 28
13 2 35 26.1649 -3 0 0 70
13 2 36 26.1649 -3 0 0 56
13 2 37 26.1649 -3 0 0 84
13 2 38 26.1649 -3 0 0 126
13 2 39 26.1649 -3 0 0 168
13 2 40 26.1649 -3 0 0 112
13 2 41 26.1649 -3 0 0 14
13 2 42 26.1649 -3 0 0 56
13 2 43 26.1649 -3 0 0 28
13 2 44 26.1649 -3 0 0 28
13 2 45 26.1649 -3 0 0 70
13 2 46 26.1649 -3 0 0 98
13 2 47 26.1649 -3 0 0 56
13 2 48 26.1649 -3 0 0 56
13 2 49 26.1649 -3 0 0 70
13 2 50 26.1649 -3 0 0 154
13 2 51 26.1649 -3 0 0 112
13 2 52 26.1649 -3 0 0 98
13 2 53 26.1649 -3 0 0 56
13 2 54 26.1649 -3 0 0 140
13 2 55 26.1649 -3 0 0 70
13 2 56 26.1649 -3 0 0 84
13 2 57 26.1649 -3 0 0 98
13 2 58 26.1649 -3 0 0 42
13 2 59 26.1649 -3 0 0 140
13 2 60 26.1649 -3 0 0 42
13 2 61 26.1649 -3 0 0 154
13 2 62 26.1649 -3 0 0 140
13 2 63 26.1649 -3 0 0 70
13 3 0 25.5164 -3 0 0 182
13 3 1 25.5164 -3 0 0 126
13 3 2 27.4836 32.5103 19.9998 0.117436 210
13 3 3 25.5164 -3 0 0 196
13 3 4 25.5164 -3 0 0 182
13 3 5 25.5164 -3 0 0 154
13 3 6 23 -2 0 0 238
13 3 7 25.5164 -3 0 0 42
13 3 8 25.5164 -3 0 0 154
13 3 9 21 -2 0 0 252
13 3 10 25.5164 -3 0 0 140
13 3 11 25.5164 -3 0 0 154
13 3 12 25.5164 -3 0 0 168
13 3 13 25.5164 -3 0 0 140
13 3 14 25.5164 -3 0 0 112
13 3 15 25.5164 -3 0 0 154
13 3 16 25.5164 -3 0 0 154
13 3 17 25.5164 -3 0 0 126
13 3 18 25.5164 -3 0 0 154
13 3 19 25.5164 -3 0 0 154
13 3 20 25.5164 -3 0 0 98
13 3 21 31.2622 15.2706 12.3848 0.183347 238
13 3 22 25.5164 -3 0 0 182
13 3 23 25.5164 -3 0 0 112
13 3 24 25.5164 -3 0 0 168
13 3 25 25.5164 -3 0 0 98
13 3 26 25.5164 -3 0 0 84
13 3 27 25.5164 -3 0 0 56
13 3 28 25.5164 -3 0 0 126
13 3 29 25.5164 -3 0 0 42
13 3 30 25.5164 -3 0 0 70
13 3 31 25.5164 -3 0 0 168
13 3 32 25.5164 -3 0 0 154
13 3 33 25.5164 -3 0 0 168
13 3 34 25.5164 -3 0 0 84
13 3 35 25.5164 -3 0 0 112
13 3 36 25.5164 -3 0 0 112
13 3 37 25.5164 -3 0 0 42
13 3 38 25.5164 -3 0 0 168
13 3 39 25.5164 -3 0 0 126
13 3 40 25.5164 -3 0 0 70
13 3 41 25.5164 -3 0 0 112
13 3 42 25.5164 -3 0 0 84
13 3 43 25.5164 -3 0 0 98
13 3 44 25.5164 -3 0 0 168
13 3 45 25.5164 -3 0 0 56
13 3 46 25.5164 -3 0 0 112
13 3 47 25.5164 -3 0 0 140
13 3 48 25.5164 -3 0 0 168
13 3 49 25.5164 -3 0 0 84
13 3 50 25.5164 -3 0 0 126
13 3 51 25.5164 -3 0 0 154
13 3 52 25.5164 -3 0 0 98
13 3 53 25.5164 -3 0 0 98
13 3 54 25.5164 -3 0 0 154
13 3 55 25.5164 -3 0 0 56
13 3 56 25.5164 -3 0 0 28
13 3 57 25.5164 -3 0 0 56
13 3 58 25.5164 -3 0 0 70
13 3 59 25.5164 -3 0 0 112
13 3 60 25.5164 -3 0 0 154
13 3 61 25.5164 -3 0 0 154
13 3 62 25.5164 -3 0 0 140
13 3 63 25.5164 -3 0 0 42
13 4 0 22.674 35.2125 20 0.19019 350
13 4 1 33.2351 21.3908 20 0.171056 434
13 4 2 38.1977 22.8728 20 0.0845337 308
13 4 3 31.0196 36.6552 19.9528 0.172942 294
13 4 4 32.3398 23.9715 18.2589 0.229886 280
13 4 5 30 -2 0 0 350
13 4 6 26 -2 0 0 294
13 4 7 27.3994 -3 0 0 196
13 4 8 27.0983 31.6576 19.9998 0.138037 280
13 4 9 30.7169 0.141124 0.142907 0.191242 294
13 4 10 26 -2 0 0 224
13 4 11 37.3404 22.1174 20 0.104203 224
13 4 12 28 -2 0 0 350
13 4 13 31.4051 29.1062 20 0.257044 378
13 4 14 32.4895 22.7817 20 0.158508 266
13 4 15 27.3994 -3 0 0 140
13 4 16 36.2454 19.1804 20 0.14498 336
13 4 17 35.409 26.4409 20 0.175077 350
13 4 18 30.7823 23.4665 18.3266 0.154506 294
13 4 19 29.9979 23.4366 20 0.0679849 266
13 4 20 28.4213 21.0833 20 0.224624 672
13 4 21 35.3044 26.8667 20 0.288412 364
13 4 22 27.3994 -3 0 0 126
13 4 23 26.1954 41.5428 20 0.34295 770
13 4 24 36.6931 23.9965 20 0.202221 266
13 4 25 27 -2 0 0 672
13 4 26 22 -2 0 0 378
13 4 27 32 -2 0 0 602
13 4 28 25 -2 0 0 532
13 4 29 30 -2 0 0 812
13 4 30 28.9937 2.26117 4.08807 0.367364 770
13 4 31 30.4672 23.7035 20 0.249626 798
13 4 32 30 -2 0 0 728
13 4 33 27 -2 0 0 686
13 4 34 25.7764 26.265 20 0.250287 868
13 4 35 36.8135 16.8989 20 0.218039 742
13 4 36 31.0711 27.088 20 0.240868 686
13 4 37 33.1979 19.8184 16.6751 0.348009 854
13 4 38 33.327 6.20549 13.1399 0.277303 1148
13 4 39 31.8476 6.16692 10.0187 0.30832 812
13 4 40 32.8677 21.6834 20 0.165463 602
13 4 41 27 -2 0 0 826
13 4 42 35.0028 18.5909 20 0.203108 532
13 4 43 28.8787 5.34841 5.91001 0.299693 910
13 4 44 34.0385 17.4677 20 0.285284 1036
13 4 45 34.4217 13.4909 20 0.1727 714
13 4 46 32.1357 21.2482 20 0.29518 826
13 4 47 28.0404 19.3574 20 0.260457 1148
13 4 48 27.2786 111.884 20 0.221787 476
13 4 49 35.6216 23.2457 20 0.104205 392
13 4 50 30.2608 17.6964 20 0.228325 882
13 4 51 31.0806 8.14773 14.2313 0.289767 1652
13 4 52 42 -2 0 0 546
13 4 53 32.5301 3.57373 7.80044 0.291789 966
13 4 54 26 -2 0 0 490
13 4 55 30.8986 6.55174 13.9417 0.232729 1176
13 4 56 33.6248 16.3453 20 0.298064 1078
13 4 57 31.9585 11.0506 15.6425 0.283871 1078
13 4 58 25 -2 0 0 560
13 4 59 27.671 23.7424 20 0.248461 714
13 4 60 26 -2 0 0 938
13 4 61 33.7866 4.26431 10.1635 0.356432 1694
13 4 62 29 -2 0 0 1036
13 4 63 23.6602 19.6205 20 0.262356 1260
13 5 0 29.6208 13.6055 20 0.324949 1050
13 5 1 29.3577 13.7175 20 0.345378 1288
13 5 2 28.5465 3.28523 7.66591 0.29331 1596
13 5 3 23.3996 20.0418 20 0.331404 1218
13 5 4 29.1211 3.20102 7.73772 0.256755 910
13 5 5 29.5341 16.1757 20 0.331802 938
13 5 6 29.2719 3.47506 8.94555 0.349918 1792
13 5 7 26.6748 16.0282 20 0.377275 2268
13 5 8 30.6146 5.08249 10.6265 0.345086 1008
13 5 9 30.0695 14.5626 19.6187 0.281188 1568
13 5 10 26 -2 0 0 2548
13 5 11 29.7449 21.5526 20 0.21079 602
13 5 12 28.3253 12.7103 16.658 0.302918 1148
13 5 13 29.0991 3.29983 7.18052 0.338197 1428
13 5 14 26.3452 17.654 20 0.337625 826
13 5 15 30.1713 4.64456 9.50739 0.301826 1176
13 5 16 25.3746 1.57837 4.24546 0.336215 2954
13 5 17 29.7004 12.5351 20 0.361751 854
13 5 18 26 -2 0 0 924
13 5 19 32.6522 13.855 20 0.425101 1680
13 5 20 26.1647 2.72222 6.49632 0.403996 1218
13 5 21 32.9684 12.4902 20 0.426094 1834
13 5 22 28.3225 3.33777 8.53673 0.368332 1554
13 5 23 33.2895 7.70592 14.6308 0.292008 952
13 5 24 23.3881 25.7691 20 0.219087 784
13 5 25 24.0215 18.8528 20 0.307527 1442
13 5 26 32.7366 19.945 20 0.175772 588
13 5 27 29.5961 6.35328 9.86116 0.310072 1316
13 5 28 29.7839 4.30999 8.85513 0.300438 1232
13 5 29 28.0364 3.04291 7.01435 0.263933 882
13 5 30 29.7201 7.15147 11.6002 0.347555 728
13 5 31 25.6361 18.952 20 0.338399 1330
13 5 32 31.1938 7.13845 14.0882 0.297604 1134
13 5 33 28.8046 12.086 11.9352 0.401319 1148
13 5 34 32.7393 7.22598 12.7654 0.278018 812
13 5 35 28.0411 8.88946 17.2594 0.184968 770
13 5 36 30 -2 0 0 840
13 5 37 34.3787 17.9687 20 0.297776 882
13 5 38 27.3836 11.0488 12.027 0.166234 504
13 5 39 33.6122 14.9241 19.4766 0.352874 672
13 5 40 25.9441 19.3266 20 0.280738 1022
13 5 41 24 -2 0 0 504
13 5 42 31.4427 16.0142 20 0.187221 602
13 5 43 29.6143 19.284 20 0.317496 854
13 5 44 30 -2 0 0 462
13 5 45 34.8162 15.2643 20 0.18692 476
13 5 46 29.2717 21.9229 20 0.287057 714
13 5 47 27 -2 0 0 826
13 5 48 33.0534 20.2877 20 0.24554 546
13 5 49 27.1546 1.38101 2.8317 0.189909 504
13 5 50 23.7533 27.009 20 0.215851 448
13 5 51 33.0581 19.6798 20 0.275387 406
13 5 52 31.2655 22.065 20 0.087206 420
13 5 53 30.6364 21.8261 20 0.175811 574
13 5 54 35.6601 14.2146 20 0.149089 532
13 5 55 27.5989 21.9037 20 0.20129 476
13 5 56 32.5522 19.7449 20 0.226769 504
13 5 57 30.6957 30.6977 20 0.229548 434
13 5 58 24 -2 0 0 462
13 5 59 30.4268 23.2672 20 0.254953 462
13 5 60 26.4256 23.1041 20 0.433884 574
13 5 61 24 -2 0 0 392
13 5 62 35.2601 18.1579 20 0.246625 476
13 5 63 21 -2 0 0 504
13 6 0 27 -2 0 0 2898
13 6 1 26.5259 0.913855 3.1966 0.453968 2422
13 6 2 27 -2 0 0 1876
13 6 3 26.3951 2.73417 5.95325 0.38291 1722
13 6 4 32.9062 7.77011 14.5127 0.42776 1904
13 6 5 26.7924 0.898392 3.02383 0.352556 1848
13 6 6 26.7201 22.7312 20 0.305723 1260
13 6 7 26.7894 21.9891 19.1748 0.38266 1624
13 6 8 28.3368 3.02612 5.4909 0.444692 1820
13 6 9 24.4422 1.8606 4.51918 0.345657 1470
13 6 10 25.3234 31.3758 18.1228 0.369128 1400
13 6 11 30.3539 6.77397 14.2469 0.355921 1876
13 6 12 27 -2 0 0 1540
13 6 13 27.5317 1.89355 5.2184 0.263552 1344
13 6 14 25.8591 2.2141 6.64902 0.428625 2562
13 6 15 25.6617 2.11062 4.70217 0.383934 1386
13 6 16 31.3198 3.47163 10.5147 0.360336 1848
13 6 17 29.3126 1.45455 4.49287 0.255971 2464
13 6 18 29.1776 2.15656 4.12152 0.349681 1582
13 6 19 28.5849 2.86586 5.85257 0.394915 1498
13 6 20 26 -2 0 0 1722
13 6 21 29.9017 3.36342 7.96551 0.345728 1386
13 6 22 27 -2 0 0 1414
13 6 23 33.2106 11.7084 16.3523 0.443315 1988
13 6 24 29.8157 9.06111 12.2606 0.492413 2016
13 6 25 31 -2 0 0 1470
13 6 26 29.0835 1.72451 5.02376 0.371511 2492
13 6 27 34.5157 10.2105 17.7294 0.339472 1330
13 6 28 27.7317 0.954982 3.11364 0.277154 1834
13 6 29 27.1006 0.932606 2.99187 0.406949 2086
13 6 30 34.05 6.57578 12.9425 0.413544 1764
13 6 31 31.3146 4.44399 11.5161 0.311235 1666
13 6 32 28 -2 0 0 1386
13 6 33 30 -2 0 0 1582
13 6 34 28.48 0.92593 3.25031 0.344108 2856
13 6 35 28.0387 2.84522 7.25392 0.268688 1414
13 6 36 28.861 1.62705 4.44732 0.327052 1204
13 6 37 26.7461 17.1457 20 0.403968 2422
13 6 38 33.5921 7.86893 16.5783 0.396932 2044
13 6 39 30.5118 2.89997 6.73929 0.345887 1946
13 6 40 28.0736 1.49127 4.05732 0.464936 1722
13 6 41 25.7403 2.02783 5.18462 0.263297 1302
13 6 42 24 -2 0 0 1596
13 6 43 27 -2 0 0 2184
13 6 44 31.8698 8.02082 16.1747 0.406453 1722
13 6 45 30 -2 0 0 1456
13 6 46 32 -2 0 0 2604
13 6 47 26.9995 1.14214 3.65567 0.265104 2212
13 6 48 29.0538 3.1211 6.64624 0.300917 1204
13 6 49 28.9331 1.7348 4.93972 0.331634 2072
13 6 50 26 -2 0 0 1974
13 6 51 26 -2 0 0 3178
13 6 52 25.5247 0.814982 2.72506 0.499995 2842
13 6 53 27 -2 0 0 2296
13 6 54 28 -2 0 0 1890
13 6 55 24.9661 1.00887 2.75251 0.397109 2828
13 6 56 33 -2 0 0 2142
13 6 57 26 -2 0 0 3052
13 6 58 27.5212 1.12177 2.75754 0.319843 2268
13 6 59 27.4877 2.3279 5.73655 0.41661 2786
13 6 60 27.3387 16.3107 20 0.377811 1848
13 6 61 25.1965 1.2286 5.15412 0.384937 4074
13 6 62 25.5019 1.18538 3.22223 0.452779 3192
13 6 63 27.1089 2.19022 6.08584 0.354929 2562
13 7 0 25.3845 0.813639 2.50076 0.532059 4144
13 7 1 24.6676 1.13532 3.4036 0.298134 3010
13 7 2 26.7982 1.40127 5.41873 0.581229 3864
13 7 3 24.9939 0.669726 2.72971 0.465247 4382
13 7 4 26 -2 0 0 3612
13 7 5 23.2181 12.2876 10.4182 0.590907 4228
13 7 6 28 -2 0 0 4970
13 7 7 25 -2 0 0 6132
13 7 8 29 -2 0 0 4158
13 7 9 25.2197 0.699231 2.32115 0.594367 5880
13 7 10 25.7833 0.685523 1.74763 0.538526 6118
13 7 11 25.7545 0.78631 2.78143 0.533844 2758
13 7 12 25.7212 0.56404 2.54444 0.330026 4116
13 7 13 25.5479 0.855622 3.91079 0.523217 4746
13 7 14 24.0107 0.698042 2.81166 0.548259 3178
13 7 15 26.1418 0.874684 3.59242 0.437794 3612
13 7 16 25.7103 0.665599 3.21865 0.37435 7084
13 7 17 26.5122 0.859675 3.20298 0.559292 3010
13 7 18 25.9526 0.906628 3.09502 0.520507 3220
13 7 19 27.2072 0.687365 2.7939 0.302114 5810
13 7 20 26.1141 0.736502 1.74884 0.51639 2828
13 7 21 25.9463 0.843567 3.38765 0.308 4984
13 7 22 24.1175 1.03025 2.402 0.404976 5320
13 7 23 26.2125 0.672234 2.20425 0.61234 2898
13 7 24 28.8795 4.88785 10.6445 0.673634 3528
13 7 25 26.3788 0.698168 2.92328 0.386296 4872
13 7 26 28 -2 0 0 2660
13 7 27 25.816 0.618042 2.58615 0.42704 3738
13 7 28 26.4881 0.493622 2.01738 0.516272 4340
13 7 29 26 -2 0 0 2604
13 7 30 31 -2 0 0 3290
13 7 31 27.9599 0.767754 2.92262 0.383285 4620
13 7 32 24.9692 1.0746 2.86894 0.48269 3850
13 7 33 26.8901 1.73604 3.06665 0.608888 3472
13 7 34 26.0911 0.67353 2.68341 0.402342 2912
13 7 35 25.3921 0.632217 2.72115 0.497987 4214
13 7 36 27 -2 0 0 3402
13 7 37 27.0559 0.896101 3.25369 0.266293 3248
13 7 38 26.3394 0.827632 3.09957 0.466656 3822
13 7 39 31 -2 0 0 3024
13 7 40 25.4649 0.623471 1.63906 0.528335 3416
13 7 41 25.2317 1.08798 3.44114 0.657947 2996
13 7 42 26.4529 0.768905 2.81176 0.488971 3234
13 7 43 26.2692 0.937492 3.74346 0.410561 2856
13 7 44 0 -10 0 0 0
13 7 45 25.3816 0.768832 3.31888 0.338505 3080
13 7 46 26.1143 0.73525 2.50385 0.45263 2814
13 7 47 25 -2 0 0 3346
13 7 48 26.8657 1.1965 4.61882 0.278414 2786
13 7 49 24.2262 0.74258 2.5524 0.439518 2450
13 7 50 29 -2 0 0 2702
13 7 51 25.8767 0.989378 3.47905 0.461864 2506
13 7 52 27 -2 0 0 2646
13 7 53 25.8105 0.823911 3.38263 0.31631 3164
13 7 54 24.6723 0.846999 3.18948 0.370003 2478
13 7 55 24.7724 0.715027 2.72385 0.378955 2338
13 7 56 26 -2 0 0 2562
13 7 57 25.1725 0.860172 2.6294 0.472602 2170
13 7 58 25.7472 1.30654 4.72071 0.387995 2422
13 7 59 26 -2 0 0 2184
13 7 60 25.0959 0.766493 2.96689 0.444373 2576
13 7 61 27 -2 0 0 2352
13 7 62 27 -2 0 0 2240
13 7 63 25.2501 0.762987 2.96625 0.485587 2716
13 8 0 24.5068 -3 0 0 126
13 8 1 24.5068 -3 0 0 42
13 8 2 24.5068 -3 0 0 84
13 8 3 24.5068 -3 0 0 14
13 8 4 24.5068 -3 0 0 42
13 8 5 24.5068 -3 0 0 56
13 8 6 24.5068 -3 0 0 112
13 8 7 24.5068 -3 0 0 28
13 8 8 24.5068 -3 0 0 42
13 8 9 24.5068 -3 0 0 70
13 8 10 24.5068 -3 0 0 70
13 8 11 24.5068 -3 0 0 56
13 8 12 24.5068 -3 0 0 112
13 8 13 24.5068 -3 0 0 70
13 8 14 24.5068 -3 0 0 98
13 8 15 24.5068 -3 0 0 42
13 8 16 24.5068 -3 0 0 154
13 8 17 24.5068 -3 0 0 56
13 8 18 24.5068 -3 0 0 56
13 8 19 24.5068 -3 0 0 84
13 8 20 24.5068 -3 0 0 70
13 8 21 24.5068 -3 0 0 84
13 8 22 24.5068 -3 0 0 28
13 8 23 24.5068 -3 0 0 84
13 8 24 24.5068 -3 0 0 42
13 8 25 24.5068 -3 0 0 28
13 8 26 24.5068 -3 0 0 42
13 8 27 24.5068 -3 0 0 42
13 8 28 24.5068 -3 0 0 42
13 8 29 24.5068 -3 0 0 70
13 8 30 24.5068 -3 0 0 70
13 8 31 24.5068 -3 0 0 84
13 8 32 24.5068 -3 0 0 56
13 8 33 24.5068 -3 0 0 56
13 8 34 24.5068 -3 0 0 56
13 8 35 24.5068 -3 0 0 42
13 8 36 24.5068 -3 0 0 56
13 8 37 24.5068 -3 0 0 196
13 8 38 24.5068 -3 0 0 112
13 8 39 24.5068 -3 0 0 140
13 8 40 24.5068 -3 0 0 70
13 8 41 24.5068 -3 0 0 84
13 8 42 24.5068 -3 0 0 56
13 8 43 24.5068 -3 0 0 28
13 8 44 24.5068 -3 0 0 112
13 8 45 24.5068 -3 0 0 70
13 8 46 24.5068 -3 0 0 28
13 8 47 24.5068 -3 0 0 196
13 8 48 24.5068 -3 0 0 98
13 8 49 24.5068 -3 0 0 56
13 8 50 24.5068 -3 0 0 154
13 8 51 24.5068 -3 0 0 70
13 8 52 24.5068 -3 0 0 70
13 8 53 24.5068 -3 0 0 70
13 8 54 24.5068 -3 0 0 112
13 8 55 24.5068 -3 0 0 84
13 8 56 24.5068 -3 0 0 98
13 8 57 24.5068 -3 0 0 126
13 8 58 24.5068 -3 0 0 56
13 8 59 24 -2 0 0 210
13 8 60 24.5068 -3 0 0 126
13 8 61 24.5068 -3 0 0 56
13 8 62 24.5068 -3 0 0 168
13 8 63 24.5068 -3 0 0 84
13 9 0 0 -10 0 0 0
13 9 1 0 -10 0 0 0
13 9 2 0 -10 0 0 0
13 9 3 0 -10 0 0 0
13 9 4 0 -10 0 0 0
13 9 5 0 -10 0 0 0
13 9 6 0 -10 0 0 0
13 9 7 0 -10 0 0 0
13 9 8 0 -10 0 0 0
13 9 9 0 -10 0 0 0
13 9 10 0 -10 0 0 0
13 9 11 0 -10 0 0 0
13 9 12 0 -10 0 0 0
13 9 13 0 -10 0 0 0
13 9 14 0 -10 0 0 0
13 9 15 0 -10 0 0 0
13 9 16 0 -10 0 0 0
13 9 17 0 -10 0 0 0
13 9 18 0 -10 0 0 0
13 9 19 0 -10 0 0 0
13 9 20 0 -10 0 0 0
13 9 21 0 -10 0 0 0
13 9 22 0 -10 0 0 0
13 9 23 0 -10 0 0 0
13 9 24 0 -10 0 0 0
13 9 25 0 -10 0 0 0
13 9 26 0 -10 0 0 0
13 9 27 0 -10 0 0 0
13 9 28 0 -10 0 0 0
13 9 29 0 -10 0 0 0
13 9 30 0 -10 0 0 0
13 9 31 0 -10 0 0 0
13 9 32 0 -10 0 0 0
13 9 33 0 -10 0 0 0
13 9 34 0 -10 0 0 0
13 9 35 0 -10 0 0 0
13 9 36 0 -10 0 0 0
13 9 37 0 -10 0 0 0
13 9 38 0 -10 0 0 0
13 9 39 0 -10 0 0 0
13 9 40 0 -10 0 0 0
13 9 41 0 -10 0 0 0
13 9 42 0 -10 0 0 0
13 9 43 0 -10 0 0 0
13 9 44 0 -10 0 0 0
13 9 45 0 -10 0 0 0
13 9 46 0 -10 0 0 0
13 9 47 0 -10 0 0 0
13 9 48 0 -10 0 0 0
13 9 49 0 -10 0 0 0
13 9 50 0 -10 0 0 0
13 9 51 0 -10 0 0 0
13 9 52 0 -10 0 0 0
13 9 53 0 -10 0 0 0
13 9 54 0 -10 0 0 0
13 9 55 0 -10 0 0 0
13 9 56 0 -10 0 0 0
13 9 57 0 -10 0 0 0
13 9 58 0 -10 0 0 0
13 9 59 0 -10 0 0 0
13 9 60 0 -10 0 0 0
13 9 61 0 -10 0 0 0
13 9 62 0 -10 0 0 0
13 9 63 0 -10 0 0 0
13 10 0 27.0175 -3 0 0 42
13 10 1 27.0175 -3 0 0 98
13 10 2 27.0175 -3 0 0 84
13 10 3 27.0175 -3 0 0 126
13 10 4 27.0175 -3 0 0 70
13 10 5 27.0175 -3 0 0 84
13 10 6 27.0175 -3 0 0 98
13 10 7 27.0175 -3 0 0 112
13 10 8 27.0175 -3 0 0 112
13 10 9 27.0175 -3 0 0 112
13 10 10 27.0175 -3 0 0 70
13 10 11 27.0175 -3 0 0 112
13 10 12 27.0175 -3 0 0 140
13 10 13 27.0175 -3 0 0 84
13 10 14 27.0175 -3 0 0 70
13 10 15 43.3143 18.9415 20 0.174884 210
13 10 16 27.0175 -3 0 0 154
13 10 17 27.0175 -3 0 0 84
13 10 18 27.0175 -3 0 0 84
13 10 19 27.0175 -3 0 0 56
13 10 20 27.0175 -3 0 0 42
13 10 21 27.0175 -3 0 0 98
13 10 22 27.0175 -3 0 0 70
13 10 23 27.0175 -3 0 0 84
13 10 24 27.0175 -3 0 0 84
13 10 25 27.0175 -3 0 0 70
13 10 26 27.0175 -3 0 0 126
13 10 27 27.0175 -3 0 0 70
13 10 28 27.0175 -3 0 0 84
13 10 29 27.0175 -3 0 0 140
13 10 30 27.0175 -3 0 0 112
13 10 31 27.0175 -3 0 0 112
13 10 32 27.0175 -3 0 0 154
13 10 33 27.0175 -3 0 0 98
13 10 34 27.0175 -3 0 0 196
13 10 35 26 -2 0 0 224
13 10 36 27.0175 -3 0 0 112
13 10 37 27.0175 -3 0 0 126
13 10 38 27.0175 -3 0 0 112
13 10 39 27.0175 -3 0 0 154
13 10 40 27.0175 -3 0 0 84
13 10 41 27.0175 -3 0 0 126
13 10 42 27.0175 -3 0 0 70
13 10 43 27.0175 -3 0 0 84
13 10 44 27.0175 -3 0 0 168
13 10 45 27.0175 -3 0 0 154
13 10 46 27.0175 -3 0 0 112
13 10 47 43.9982 13.8144 20 0.0692979 294
13 10 48 27.0175 -3 0 0 168
13 10 49 26 -2 0 0 210
13 10 50 27.0175 -3 0 0 112
13 10 51 27.0175 -3 0 0 182
13 10 52 27.0175 -3 0 0 126
13 10 53 42.0666 16.9383 20 0.0682142 280
13 10 54 27.0175 -3 0 0 84
13 10 55 27.0175 -3 0 0 182
13 10 56 34.351 24.2869 20 0.175324 294
13 10 57 27.0175 -3 0 0 196
13 10 58 27.0175 -3 0 0 112
13 10 59 27.0175 -3 0 0 98
13 10 60 27.0175 -3 0 0 154
13 10 61 27.0175 -3 0 0 98
13 10 62 27.0175 -3 0 0 196
13 10 63 27.0175 -3 0 0 140
13 11 0 40.1518 17.3649 20 0.0891644 210
13 11 1 24 -2 0 0 210
13 11 2 25.825 -3 0 0 182
13 11 3 25.825 -3 0 0 112
13 11 4 25.825 -3 0 0 112
13 11 5 25.825 -3 0 0 112
13 11 6 25.825 -3 0 0 168
13 11 7 25.825 -3 0 0 84
13 11 8 25.825 -3 0 0 182
13 11 9 25.825 -3 0 0 154
13 11 10 25.825 -3 0 0 84
13 11 11 25.825 -3 0 0 112
13 11 12 25.825 -3 0 0 168
13 11 13 25.825 -3 0 0 84
13 11 14 25.825 -3 0 0 126
13 11 15 25.825 -3 0 0 140
13 11 16 25.825 -3 0 0 98
13 11 17 25.825 -3 0 0 168
13 11 18 25.825 -3 0 0 42
13 11 19 25.825 -3 0 0 140
13 11 20 25.825 -3 0 0 98
13 11 21 25.825 -3 0 0 84
13 11 22 25.825 -3 0 0 70
13 11 23 25.825 -3 0 0 140
13 11 24 25.825 -3 0 0 182
13 11 25 25.825 -3 0 0 70
13 11 26 22 -2 0 0 252
13 11 27 25.825 -3 0 0 126
13 11 28 25.825 -3 0 0 70
13 11 29 25.825 -3 0 0 112
13 11 30 25.825 -3 0 0 84
13 11 31 25.825 -3 0 0 56
13 11 32 25.825 -3 0 0 126
13 11 33 25.825 -3 0 0 140
13 11 34 25.825 -3 0 0 168
13 11 35 25.825 -3 0 0 112
13 11 36 25.825 -3 0 0 70
13 11 37 25.825 -3 0 0 168
13 11 38 25.825 -3 0 0 98
13 11 39 25.825 -3 0 0 112
13 11 40 25.825 -3 0 0 70
13 11 41 25.825 -3 0 0 112
13 11 42 25.825 -3 0 0 98
13 11 43 25.825 -3 0 0 70
13 11 44 25.825 -3 0 0 98
13 11 45 25.825 -3 0 0 42
13 11 46 25.825 -3 0 0 70
13 11 47 25.825 -3 0 0 56
13 11 48 25.825 -3 0 0 42
13 11 49 25.825 -3 0 0 98
13 11 50 25.825 -3 0 0 70
13 11 51 25.825 -3 0 0 112
13 11 52 25.825 -3 0 0 84
13 11 53 25.825 -3 0 0 70
13 11 54 25.825 -3 0 0 84
13 11 55 25.825 -3 0 0 84
13 11 56 25.825 -3 0 0 126
13 11 57 25.825 -3 0 0 98
13 11 58 25.825 -3 0 0 84
13 11 59 25.825 -3 0 0 196
13 11 60 25.825 -3 0 0 126
13 11 61 25.825 -3 0 0 98
13 11 62 25.825 -3 0 0 84
13 11 63 25.825 -3 0 0 42
13 12 0 30.8242 2.3144 5.06125 0.437554 840
13 12 1 31.8968 12.852 16.3049 0.402706 602
13 12 2 30.3686 6.1636 10.3361 0.224135 630
13 12 3 28 -2 0 0 658
13 12 4 34.0756 19.7162 20 0.350768 644
13 12 5 34 -2 0 0 546
13 12 6 30.5946 26.3608 20 0.210691 434
13 12 7 29 -2 0 0 630
13 12 8 27.4459 2.85115 5.07454 0.25482 546
13 12 9 34 -2 0 0 630
13 12 10 30.9509 15.1339 20 0.265863 770
13 12 11 35.349 17.1953 20 0.427646 742
13 12 12 32.9813 14.7746 20 0.231502 630
13 12 13 31.614 22.7981 20 0.267679 532
13 12 14 28 -2 0 0 448
13 12 15 23 -2 0 0 518
13 12 16 27 -2 0 0 742
13 12 17 34.6205 16.4722 20 0.360698 644
13 12 18 30 -2 0 0 574
13 12 19 30 -2 0 0 826
13 12 20 33.2653 15.2004 19.9999 0.508923 1302
13 12 21 30.7264 19.2965 20 0.186747 602
13 12 22 26 -2 0 0 630
13 12 23 25.6978 2.26133 4.76925 0.395308 1330
13 12 24 26 -2 0 0 672
13 12 25 24.6248 14.2255 20 0.325782 1400
13 12 26 27 -2 0 0 854
13 12 27 34.6806 13.0095 20 0.28735 784
13 12 28 38 -2 0 0 700
13 12 29 25.4474 2.16008 6.44332 0.254116 1330
13 12 30 33 -2 0 0 644
13 12 31 29 -2 0 0 1414
13 12 32 28.3106 25.6825 20 0.381818 882
13 12 33 31.7866 13.5027 14.6151 0.36811 854
13 12 34 28.0689 17.9141 20 0.355195 1232
13 12 35 29 -2 0 0 1568
13 12 36 32.9695 13.1655 17.7438 0.365817 1414
13 12 37 28.6183 0.889506 3.09604 0.341556 1792
13 12 38 28.8198 2.23469 4.21375 0.465353 2212
13 12 39 30.3587 6.60713 16.2501 0.3907 2016
13 12 40 27 -2 0 0 1358
13 12 41 28.7506 15.2477 20 0.38431 1568
13 12 42 30.8978 18.6215 20 0.493706 1134
13 12 43 30.6328 2.95601 6.34767 0.280346 1092
13 12 44 27.9104 1.11382 3.23338 0.520156 1778
13 12 45 29.1576 12.7827 14.1595 0.365763 1190
13 12 46 30.63 13.7457 20 0.369073 1624
13 12 47 27.6788 33.9666 20 0.388464 2576
13 12 48 25 -2 0 0 1372
13 12 49 28.3577 1.33847 3.82473 0.310373 1624
13 12 50 31.1197 7.2951 13.499 0.41354 1624
13 12 51 28.7917 6.45164 15.4658 0.374404 2576
13 12 52 24.0391 20.11 20 0.47021 1470
13 12 53 28.8822 15.2924 20 0.459134 2660
13 12 54 28.0402 1.69263 4.89516 0.356135 1848
13 12 55 26.2592 1.51088 4.0698 0.374207 2030
13 12 56 31.8278 6.44207 13.7076 0.391673 2184
13 12 57 27.2299 14.6664 17.147 0.352985 2170
13 12 58 29 -2 0 0 1736
13 12 59 26 -2 0 0 1260
13 12 60 26.0783 1.25465 3.53828 0.426935 1834
13 12 61 28.2249 3.49096 7.44337 0.352652 3038
13 12 62 22 -2 0 0 1610
13 12 63 27.2669 1.67757 5.49572 0.405414 2072
13 13 0 29 -2 0 0 1792
13 13 1 25 -2 0 0 2548
13 13 2 28.1828 1.20737 3.86283 0.298803 1974
13 13 3 27.9057 6.41413 11.6848 0.380079 868
13 13 4 34.1075 12.1224 20 0.272337 1162
13 13 5 27 -2 0 0 910
13 13 6 28 -2 0 0 1302
13 13 7 30.7201 3.81239 7.84557 0.380265 1582
13 13 8 31.7049 6.97653 14.1902 0.287633 1386
13 13 9 27 -2 0 0 1554
13 13 10 25.7493 17.4138 20 0.389222 1694
13 13 11 26.2919 22.4122 20 0.385873 938
13 13 12 29.1147 2.43056 6.19947 0.391285 1540
13 13 13 24.6591 2.8544 5.77267 0.332819 1330
13 13 14 30.6333 13.5081 20 0.222398 1190
13 13 15 30.9184 7.72199 11.9421 0.369793 924
13 13 16 33.9919 6.82141 14.1061 0.346139 1792
13 13 17 29 -2 0 0 1512
13 13 18 26 -2 0 0 798
13 13 19 28 -2 0 0 1246
13 13 20 32.7841 6.80914 13.6811 0.371081 1106
13 13 21 27.5677 0.976806 3.44746 0.296643 1764
13 13 22 25.6217 24.2943 20 0.22474 630
13 13 23 32.2477 7.78401 15.9666 0.281325 1260
13 13 24 29.3617 3.36308 7.54049 0.383156 1064
13 13 25 30.4548 18.3663 19.9999 0.284846 672
13 13 26 28 -2 0 0 1218
13 13 27 28.215 1.81 4.50179 0.256983 1120
13 13 28 24 -2 0 0 840
13 13 29 31.2688 5.11764 10.0593 0.315881 924
13 13 30 29.1551 3.35436 8.2793 0.323052 1288
13 13 31 31.0554 18.9775 17.4779 0.364742 686
13 13 32 28.6024 20.9479 17.5211 0.289142 896
13 13 33 27 -2 0 0 812
13 13 34 27.1954 2.26666 4.71459 0.284348 1414
13 13 35 28.0017 33.012 20 0.27738 322
13 13 36 31.4243 4.91924 10.7638 0.308423 1134
13 13 37 28 -2 0 0 952
13 13 38 24 -2 0 0 504
13 13 39 24.1973 26.8254 20 0.226737 574
13 13 40 33 -2 0 0 952
13 13 41 36.2054 17.9456 20 0.124567 448
13 13 42 29.5933 5.17513 9.33782 0.258012 644
13 13 43 27.2103 14.9325 14.5249 0.399843 1260
13 13 44 29.7453 26.1994 20 0.147479 462
13 13 45 28 -2 0 0 420
13 13 46 28 -2 0 0 966
13 13 47 32.5845 12.9232 15.4126 0.207445 350
13 13 48 27.7948 21.6922 20 0.233822 518
13 13 49 36.8789 19.3783 20 0.119229 378
13 13 50 33.0974 18.3202 20 0.184344 406
13 13 51 31.2349 7.81709 12.8222 0.289782 714
13 13 52 24 -2 0 0 532
13 13 53 27.7962 21.3089 20 0.214669 546
13 13 54 29 -2 0 0 546
13 13 55 25 -2 0 0 588
13 13 56 24 -2 0 0 644
13 13 57 32 -2 0 0 504
13 13 58 30.0604 21.0492 19.9998 0.105435 308
13 13 59 26.4517 16.9141 20 0.253583 728
13 13 60 23 -2 0 0 462
13 13 61 24 -2 0 0 490
13 13 62 25.4025 26.1833 20 0.282316 630
13 13 63 34.0654 15.0732 20 0.174387 504
13 14 0 25.2413 0.709878 3.24086 0.599623 4368
13 14 1 24.5825 0.612189 2.70469 0.54705 3990
13 14 2 25.2671 0.652532 2.88423 0.461315 3808
13 14 3 24.7062 0.64332 2.44405 0.447548 4116
13 14 4 24.3224 0.563886 2.43456 0.59476 4130
13 14 5 25.6999 0.574626 1.56672 0.523053 3934
13 14 6 25.7684 0.743446 3.23752 0.362994 3514
13 14 7 24.803 0.789017 1.93382 0.740193 4312
13 14 8 24.1778 0.710697 2.90322 0.346574 3892
13 14 9 25.5042 0.973291 3.12889 0.497695 4396
13 14 10 25.0982 0.600935 2.18365 0.421729 4018
13 14 11 24.5316 0.629618 2.22455 0.647696 4998
13 14 12 25.6495 0.591727 2.12316 0.448391 3948
13 14 13 24.9054 0.734207 2.45341 0.295996 4186
13 14 14 24.2097 0.687756 1.99474 0.700663 4578
13 14 15 24.1806 0.681583 2.37598 0.418272 4494
13 14 16 26.1096 1.36967 6.63278 0.619543 4508
13 14 17 25.5425 0.662666 2.24372 0.471765 4704
13 14 18 25.369 0.597145 2.55657 0.41069 4956
13 14 19 25.9757 0.567212 2.60464 0.422816 4704
13 14 20 26.0207 0.584828 2.54276 0.486131 5362
13 14 21 26.2605 3.38669 8.95352 0.624567 3668
13 14 22 24.1698 0.90346 3.19336 0.462782 4088
13 14 23 25.2804 0.73364 2.573 0.510974 4522
13 14 24 23.9889 0.662823 2.55185 0.6 4508
13 14 25 32 -2 0 0 5306
13 14 26 24.8436 0.773263 2.50307 0.285245 5152
13 14 27 24.8376 0.608976 2.45841 0.493069 5096
13 14 28 24.1544 1.33924 4.48149 0.548368 4732
13 14 29 24.5541 0.747487 2.64346 0.589105 4942
13 14 30 24.2271 0.537571 2.25651 0.703961 4844
13 14 31 25.3534 0.55623 2.57341 0.458488 5600
13 14 32 24.8115 0.577267 2.88518 0.435704 5740
13 14 33 25.9802 0.564001 2.4027 0.323675 5236
13 14 34 24.9458 0.648234 2.04068 0.557764 5180
13 14 35 25.0579 0.674759 3.49288 0.489757 6356
13 14 36 24.7272 0.599922 2.03314 0.543981 5544
13 14 37 23.8349 0.641087 3.01119 0.55349 5530
13 14 38 24.8714 1.12641 3.46179 0.428166 6958
13 14 39 26.2992 0.528371 2.58965 0.427673 8456
13 14 40 25.1092 0.587306 2.12278 0.535355 5194
13 14 41 25.6203 0.742285 3.45852 0.431541 5474
13 14 42 26.5014 0.733525 2.3074 0.706628 6440
13 14 43 25.3293 0.576148 2.65635 0.507688 5488
13 14 44 25.2605 0.79193 2.35006 0.37327 6776
13 14 45 24.9197 0.574285 2.53474 0.418662 5740
13 14 46 24.9779 0.639449 2.25675 0.46112 5516
13 14 47 25.0854 0.597864 2.79633 0.40476 8666
13 14 48 24.1458 0.529602 1.87216 0.507206 6328
13 14 49 25.1499 0.706205 2.61761 0.38911 5586
13 14 50 32 -2 0 0 6594
13 14 51 24.4996 0.531155 2.54029 0.553123 7938
13 14 52 24.8025 0.845184 3.00068 0.611849 6104
13 14 53 25.1113 0.580207 2.4621 0.441151 7728
13 14 54 25.8936 0.818672 4.12882 0.435075 6244
13 14 55 25.067 0.510387 2.21863 0.463825 6482
13 14 56 24.9649 0.652955 3.35093 0.426469 8092
13 14 57 23.2974 0.797785 3.32819 0.341067 8190
13 14 58 24.2679 0.626361 2.86618 0.372254 7504
13 14 59 24.3044 0.622599 2.31924 0.569652 6636
13 14 60 25.544 0.852002 2.7433 0.414009 8666
13 14 61 24.3895 0.625797 3.11585 0.477082 8834
13 14 62 23.663 0.715171 2.31175 0.569138 7644
13 14 63 24.6865 0.564595 2.69512 0.335161 6748
13 15 0 26.5828 0.602279 2.81847 0.594237 8512
13 15 1 25.6178 0.661286 2.3958 0.393644 7476
13 15 2 26.5616 0.930342 2.06017 0.636565 7336
13 15 3 27.1357 0.80502 2.56732 0.460832 4690
13 15 4 24.6573 1.01256 3.22948 0.390948 5292
13 15 5 25.7603 0.72654 2.46701 0.433831 5698
13 15 6 26.5972 0.815539 2.27973 0.473256 6426
13 15 7 25.6501 0.697013 3.24414 0.575984 3696
13 15 8 25.23 0.671366 2.26382 0.379404 5614
13 15 9 27.8187 0.832841 2.11648 0.585228 5712
13 15 10 26.4373 0.666594 3.21623 0.421564 4466
13 15 11 25.1019 0.85012 3.05973 0.436917 4984
13 15 12 26.0006 0.752961 1.50897 0.512697 4718
13 15 13 26.14 0.778994 3.13321 0.463467 3136
13 15 14 26.0689 0.647705 2.63965 0.492341 7308
13 15 15 26.9147 0.856022 2.8452 0.400189 3724
13 15 16 26.9725 0.569548 2.57806 0.593078 4844
13 15 17 26.8803 0.743208 2.23783 0.513196 5824
13 15 18 26.3497 0.634781 2.55772 0.442229 4256
13 15 19 27.511 0.649323 2.55016 0.56826 3654
13 15 20 27.2654 0.731437 2.81201 0.454824 4354
13 15 21 26.8923 0.647951 2.90963 0.470679 5558
13 15 22 26.0687 1.12856 4.46216 0.48325 3402
13 15 23 26.7106 0.790639 3.01952 0.591088 4802
13 15 24 27.6563 0.681106 3.16833 0.473811 6118
13 15 25 27.0413 0.786894 2.89812 0.399378 3374
13 15 26 25.7528 0.654338 2.98446 0.417976 6258
13 15 27 26.0917 0.638556 2.16697 0.560017 3346
13 15 28 26.5927 0.843724 3.55447 0.490303 3066
13 15 29 26.1972 0.630767 2.4509 0.358 4606
13 15 30 26.8401 0.728266 2.02181 0.537503 4340
13 15 31 26.3571 0.728024 3.04272 0.487771 3024
13 15 32 26.0464 0.670924 2.60249 0.36567 2940
13 15 33 27.0814 0.963789 3.67631 0.406328 3486
13 15 34 26.6422 0.712037 3.29771 0.432369 5796
13 15 35 31 -2 0 0 2856
13 15 36 28.6915 0.974352 2.88091 0.592775 3402
13 15 37 26.0513 0.76324 2.11805 0.440559 4312
13 15 38 30.8112 9.26831 16.9161 0.599978 2940
13 15 39 26.7691 0.7643 3.28571 0.318153 3066
13 15 40 25.4827 0.673949 2.05604 0.51826 4046
13 15 41 27.6852 0.759106 3.13217 0.434528 3584
13 15 42 26.7741 0.718716 2.44918 0.49649 3542
13 15 43 26.2505 0.840382 3.57701 0.378444 4942
13 15 44 24 -2 0 0 3164
13 15 45 26.319 0.605619 1.89404 0.519379 2730
13 15 46 26.3011 0.818007 2.70829 0.379868 5250
13 15 47 25.7812 0.831222 3.35601 0.45187 2744
13 15 48 27.5388 0.656079 2.47735 0.518176 2940
13 15 49 26.8528 0.866287 2.07705 0.56365 4340
13 15 50 25.99 0.838201 2.37238 0.343741 2730
13 15 51 30 -2 0 0 3850
13 15 52 24.885 1.14758 2.51768 0.436021 4116
13 15 53 24.0181 1.55845 4.77345 0.517073 2478
13 15 54 24.9212 1.19037 4.48202 0.408483 2716
13 15 55 26.7907 0.875082 3.97479 0.517032 3976
13 15 56 26.0124 0.75036 3.33938 0.378568 3052
13 15 57 26.3973 0.898993 3.08573 0.349074 3150
13 15 58 25.3058 0.734632 3.10868 0.482505 3332
13 15 59 23.4939 0.936869 3.65954 0.471382 4760
13 15 60 23.7967 2.24957 5.30157 0.372121 2786
13 15 61 25.8931 1.49901 5.23776 0.556022 3822
13 15 62 24.9159 0.663437 2.90488 0.471997 4242
13 15 63 25.0204 0.608234 2.28009 0.540649 3626
14 0 0 32.7451 -3 0 0 84
14 0 1 32.7451 -3 0 0 56
14 0 2 32.7451 -3 0 0 140
14 0 3 32.7451 -3 0 0 112
14 0 4 32.7451 -3 0 0 28
14 0 5 32.7451 -3 0 0 98
14 0 6 32.7451 -3 0 0 14
14 0 7 32.7451 -3 0 0 84
14 0 8 32.7451 -3 0 0 42
14 0 9 32.7451 -3 0 0 126
14 0 10 32.7451 -3 0 0 154
14 0 11 32.7451 -3 0 0 56
14 0 12 32.7451 -3 0 0 28
14 0 13 32.7451 -3 0 0 42
14 0 14 0 -10 0 0 0
14 0 15 32.7451 -3 0 0 28
14 0 16 0 -10 0 0 0
14 0 17 32.7451 -3 0 0 70
14 0 18 32.7451 -3 0 0 56
14 0 19 32.7451 -3 0 0 56
14 0 20 32.7451 -3 0 0 70
14 0 21 32.7451 -3 0 0 70
14 0 22 32.7451 -3 0 0 56
14 0 23 32.7451 -3 0 0 14
14 0 24 32.7451 -3 0 0 98
14 0 25 32.7451 -3 0 0 28
14 0 26 32.7451 -3 0 0 84
14 0 27 32.7451 -3 0 0 84
14 0 28 32.7451 -3 0 0 28
14 0 29 32.7451 -3 0 0 42
14 0 30 32.7451 -3 0 0 28
14 0 31 32.7451 -3 0 0 70
14 0 32 32.7451 -3 0 0 42
14 0 33 32.7451 -3 0 0 70
14 0 34 32.7451 -3 0 0 70
14 0 35 32.7451 -3 0 0 56
14 0 36 32.7451 -3 0 0 56
14 0 37 32.7451 -3 0 0 70
14 0 38 32.7451 -3 0 0 28
14 0 39 32.7451 -3 0 0 56
14 0 40 32.7451 -3 0 0 42
14 0 41 32.7451 -3 0 0 56
14 0 42 32.7451 -3 0 0 42
14 0 43 32.7451 -3 0 0 28
14 0 44 32.7451 -3 0 0 28
14 0 45 32.7451 -3 0 0 28
14 0 46 32.7451 -3 0 0 112
14 0 47 32.7451 -3 0 0 42
14 0 48 32.7451 -3 0 0 28
14 0 49 32.7451 -3 0 0 56
14 0 50 32.7451 -3 0 0 42
14 0 51 32.7451 -3 0 0 56
14 0 52 32.7451 -3 0 0 84
14 0 53 32.7451 -3 0 0 112
14 0 54 32.7451 -3 0 0 56
14 0 55 32.7451 -3 0 0 70
14 0 56 32.7451 -3 0 0 84
14 0 57 0 -10 0 0 0
14 0 58 32.7451 -3 0 0 28
14 0 59 32.7451 -3 0 0 56
14 0 60 32.7451 -3 0 0 28
14 0 61 32.7451 -3 0 0 56
14 0 62 32.7451 -3 0 0 28
14 0 63 32.7451 -3 0 0 42
14 1 0 29.3295 -3 0 0 28
14 1 1 29.3295 -3 0 0 70
14 1 2 29.3295 -3 0 0 56
14 1 3 29.3295 -3 0 0 140
14 1 4 29.3295 -3 0 0 28
14 1 5 29.3295 -3 0 0 56
14 1 6 29.3295 -3 0 0 112
14 1 7 29.3295 -3 0 0 112
14 1 8 29.3295 -3 0 0 70
14 1 9 29.3295 -3 0 0 56
14 1 10 29.3295 -3 0 0 126
14 1 11 0 -10 0 0 0
14 1 12 29.3295 -3 0 0 84
14 1 13 29.3295 -3 0 0 42
14 1 14 29.3295 -3 0 0 98
14 1 15 29.3295 -3 0 0 28
14 1 16 29.3295 -3 0 0 112
14 1 17 29.3295 -3 0 0 28
14 1 18 29.3295 -3 0 0 56
14 1 19 29.3295 -3 0 0 42
14 1 20 29.3295 -3 0 0 42
14 1 21 29.3295 -3 0 0 28
14 1 22 29.3295 -3 0 0 28
14 1 23 29.3295 -3 0 0 70
14 1 24 29.3295 -3 0 0 126
14 1 25 29.3295 -3 0 0 84
14 1 26 29.3295 -3 0 0 42
14 1 27 29.3295 -3 0 0 70
14 1 28 29.3295 -3 0 0 28
14 1 29 29.3295 -3 0 0 42
14 1 30 29.3295 -3 0 0 14
14 1 31 29.3295 -3 0 0 42
14 1 32 29.3295 -3 0 0 70
14 1 33 29.3295 -3 0 0 84
14 1 34 29.3295 -3 0 0 42
14 1 35 29.3295 -3 0 0 98
14 1 36 29.3295 -3 0 0 112
14 1 37 29.3295 -3 0 0 70
14 1 38 29.3295 -3 0 0 98
14 1 39 29.3295 -3 0 0 56
14 1 40 29.3295 -3 0 0 28
14 1 41 29.3295 -3 0 0 28
14 1 42 29.3295 -3 0 0 98
14 1 43 29.3295 -3 0 0 28
14 1 44 29.3295 -3 0 0 56
14 1 45 29.3295 -3 0 0 42
14 1 46 29.3295 -3 0 0 98
14 1 47 29.3295 -3 0 0 56
14 1 48 0 -10 0 0 0
14 1 49 29.3295 -3 0 0 14
14 1 50 29.3295 -3 0 0 70
14 1 51 29.3295 -3 0 0 42
14 1 52 29.3295 -3 0 0 28
14 1 53 29.3295 -3 0 0 70
14 1 54 29.3295 -3 0 0 42
14 1 55 29.3295 -3 0 0 56
14 1 56 29.3295 -3 0 0 98
14 1 57 29.3295 -3 0 0 140
14 1 58 29.3295 -3 0 0 28
14 1 59 29.3295 -3 0 0 84
14 1 60 29.3295 -3 0 0 112
14 1 61 29.3295 -3 0 0 98
14 1 62 29.3295 -3 0 0 84
14 1 63 29.3295 -3 0 0 98
14 2 0 29.7642 -3 0 0 56
14 2 1 29.7642 -3 0 0 84
14 2 2 29.7642 -3 0 0 42
14 2 3 29.7642 -3 0 0 42
14 2 4 29.7642 -3 0 0 42
14 2 5 29.7642 -3 0 0 84
14 2 6 29.7642 -3 0 0 84
14 2 7 29.7642 -3 0 0 56
14 2 8 29.7642 -3 0 0 84
14 2 9 29.7642 -3 0 0 42
14 2 10 29.7642 -3 0 0 56
14 2 11 29.7642 -3 0 0 98
14 2 12 29.7642 -3 0 0 70
14 2 13 29.7642 -3 0 0 84
14 2 14 29.7642 -3 0 0 42
14 2 15 29.7642 -3 0 0 70
14 2 16 29.7642 -3 0 0 84
14 2 17 29.7642 -3 0 0 70
14 2 18 29.7642 -3 0 0 98
14 2 19 29.7642 -3 0 0 70
14 2 20 29.7642 -3 0 0 14
14 2 21 29.7642 -3 0 0 84
14 2 22 29.7642 -3 0 0 42
14 2 23 29.7642 -3 0 0 42
14 2 24 0 -10 0 0 0
14 2 25 29.7642 -3 0 0 56
14 2 26 29.7642 -3 0 0 28
14 2 27 29.7642 -3 0 0 56
14 2 28 29.7642 -3 0 0 56
14 2 29 29.7642 -3 0 0 84
14 2 30 29.7642 -3 0 0 14
14 2 31 29.7642 -3 0 0 56
14 2 32 0 -10 0 0 0
14 2 33 29.7642 -3 0 0 70
14 2 34 29.7642 -3 0 0 56
14 2 35 0 -10 0 0 0
14 2 36 29.7642 -3 0 0 28
14 2 37 29.7642 -3 0 0 98
14 2 38 29.7642 -3 0 0 70
14 2 39 29.7642 -3 0 0 84
14 2 40 29.7642 -3 0 0 42
14 2 41 29.7642 -3 0 0 70
14 2 42 29.7642 -3 0 0 56
14 2 43 29.7642 -3 0 0 56
14 2 44 29.7642 -3 0 0 70
14 2 45 29.7642 -3 0 0 70
14 2 46 0 -10 0 0 0
14 2 47 29.7642 -3 0 0 84
14 2 48 29.7642 -3 0 0 56
14 2 49 29.7642 -3 0 0 98
14 2 50 29.7642 -3 0 0 56
14 2 51 29.7642 -3 0 0 70
14 2 52 29.7642 -3 0 0 98
14 2 53 29.7642 -3 0 0 84
14 2 54 29.7642 -3 0 0 84
14 2 55 29.7642 -3 0 0 70
14 2 56 29.7642 -3 0 0 84
14 2 57 29.7642 -3 0 0 98
14 2 58 29.7642 -3 0 0 56
14 2 59 29.7642 -3 0 0 182
14 2 60 29.7642 -3 0 0 70
14 2 61 29.7642 -3 0 0 168
14 2 62 29.7642 -3 0 0 126
14 2 63 29.7642 -3 0 0 70
14 3 0 31.5843 -3 0 0 56
14 3 1 31.5843 -3 0 0 42
14 3 2 31.5843 -3 0 0 112
14 3 3 31.5843 -3 0 0 42
14 3 4 31.5843 -3 0 0 70
14 3 5 31.5843 -3 0 0 154
14 3 6 31.5843 -3 0 0 84
14 3 7 31.5843 -3 0 0 126
14 3 8 31.5843 -3 0 0 98
14 3 9 31.5843 -3 0 0 70
14 3 10 31.5843 -3 0 0 154
14 3 11 31.5843 -3 0 0 126
14 3 12 31.5843 -3 0 0 140
14 3 13 31.5843 -3 0 0 84
14 3 14 31.5843 -3 0 0 70
14 3 15 31.5843 -3 0 0 112
14 3 16 31.5843 -3 0 0 112
14 3 17 31.5843 -3 0 0 70
14 3 18 31.5843 -3 0 0 70
14 3 19 31.5843 -3 0 0 140
14 3 20 31.5843 -3 0 0 28
14 3 21 31.5843 -3 0 0 112
14 3 22 31.5843 -3 0 0 84
14 3 23 31.5843 -3 0 0 56
14 3 24 31.5843 -3 0 0 112
14 3 25 31.5843 -3 0 0 112
14 3 26 31.5843 -3 0 0 140
14 3 27 31.5843 -3 0 0 56
14 3 28 31.5843 -3 0 0 182
14 3 29 31.5843 -3 0 0 14
14 3 30 31.5843 -3 0 0 56
14 3 31 31.5843 -3 0 0 112
14 3 32 31.5843 -3 0 0 84
14 3 33 31.5843 -3 0 0 98
14 3 34 31.5843 -3 0 0 84
14 3 35 31.5843 -3 0 0 140
14 3 36 31.5843 -3 0 0 42
14 3 37 31.5843 -3 0 0 14
14 3 38 31.5843 -3 0 0 126
14 3 39 31.5843 -3 0 0 84
14 3 40 31.5843 -3 0 0 42
14 3 41 31.5843 -3 0 0 112
14 3 42 31.5843 -3 0 0 112
14 3 43 31.5843 -3 0 0 140
14 3 44 31.5843 -3 0 0 84
14 3 45 31.5843 -3 0 0 14
14 3 46 31.5843 -3 0 0 42
14 3 47 31.5843 -3 0 0 112
14 3 48 31.5843 -3 0 0 56
14 3 49 31.5843 -3 0 0 98
14 3 50 31.5843 -3 0 0 140
14 3 51 31.5843 -3 0 0 14
14 3 52 31.5843 -3 0 0 42
14 3 53 31.5843 -3 0 0 84
14 3 54 31.5843 -3 0 0 126
14 3 55 31.5843 -3 0 0 70
14 3 56 31.5843 -3 0 0 42
14 3 57 31.5843 -3 0 0 98
14 3 58 31.5843 -3 0 0 42
14 3 59 31.5843 -3 0 0 84
14 3 60 31.5843 -3 0 0 56
14 3 61 31.5843 -3 0 0 98
14 3 62 31.5843 -3 0 0 112
14 3 63 31.5843 -3 0 0 28
14 4 0 32.7312 -3 0 0 70
14 4 1 32.7312 -3 0 0 168
14 4 2 32.7312 -3 0 0 112
14 4 3 32.7312 -3 0 0 98
14 4 4 32.7312 -3 0 0 112
14 4 5 36.8671 26.6644 19.9974 0.183881 210
14 4 6 45.5396 30.1206 19.9999 0.0273369 210
14 4 7 32.7312 -3 0 0 140
14 4 8 32.7312 -3 0 0 168
14 4 9 32.7312 -3 0 0 182
14 4 10 32.7312 -3 0 0 154
14 4 11 32.7312 -3 0 0 154
14 4 12 32.7312 -3 0 0 154
14 4 13 32.7312 -3 0 0 98
14 4 14 28 -2 0 0 336
14 4 15 32.7312 -3 0 0 84
14 4 16 32.7312 -3 0 0 98
14 4 17 32.7312 -3 0 0 154
14 4 18 23 -2 0 0 210
14 4 19 32.7312 -3 0 0 126
14 4 20 32.7312 -3 0 0 56
14 4 21 41.1482 23.1171 20 0.0468952 266
14 4 22 32.7312 -3 0 0 84
14 4 23 32.7312 -3 0 0 196
14 4 24 32.7312 -3 0 0 196
14 4 25 32.7312 -3 0 0 140
14 4 26 32.7312 -3 0 0 168
14 4 27 32.7312 -3 0 0 140
14 4 28 32.7312 -3 0 0 112
14 4 29 32.7312 -3 0 0 154
14 4 30 32.7312 -3 0 0 126
14 4 31 32.7312 -3 0 0 196
14 4 32 32.7312 -3 0 0 98
14 4 33 32.7312 -3 0 0 98
14 4 34 39.9797 22.1457 20 0.0781671 266
14 4 35 32.7312 -3 0 0 154
14 4 36 30.9752 30.2609 19.9998 0.100811 252
14 4 37 32.7312 -3 0 0 196
14 4 38 37.9678 18.8275 20 0.180123 560
14 4 39 39.3252 12.4625 20 0.204875 840
14 4 40 32.7312 -3 0 0 140
14 4 41 32.7312 -3 0 0 140
14 4 42 35.5731 24.4435 20 0.0826494 238
14 4 43 32.7312 -3 0 0 224
14 4 44 35.9497 22.2116 20 0.0768065 378
14 4 45 32.7312 -3 0 0 84
14 4 46 39.079 127.093 18.8781 0.106653 210
14 4 47 41.6904 12.3884 18.3777 0.174256 616
14 4 48 32.7312 -3 0 0 168
14 4 49 32.7312 -3 0 0 182
14 4 50 27.3751 26.3146 20 0.161901 546
14 4 51 37.5335 13.7316 20 0.169281 1036
14 4 52 40.7822 18.2979 20 0.10128 266
14 4 53 34.8483 18.8593 19.8864 0.217 658
14 4 54 37.1663 15.0089 20 0.183315 518
14 4 55 37.3508 22.3614 20 0.223167 504
14 4 56 36.9705 7.43869 11.4628 0.222246 672
14 4 57 40.7461 13.5057 20 0.198118 868
14 4 58 36.8116 17.9569 20 0.148807 504
14 4 59 36.582 22.6669 20 0.0590685 238
14 4 60 30 -2 0 0 476
14 4 61 37.5798 13.6672 20 0.264301 1008
14 4 62 39.2649 14.2429 20 0.113192 476
14 4 63 39.6846 14.7506 20 0.108468 504
14 5 0 36 -2 0 0 686
14 5 1 33.1461 19.999 20 0.259059 882
14 5 2 29.6302 22.4057 20 0.326442 1134
14 5 3 32.1062 21.9482 20 0.166586 812
14 5 4 28 -2 0 0 322
14 5 5 41.2178 18.5992 20 0.203493 490
14 5 6 35.3682 2.34352 5.83126 0.259029 1190
14 5 7 36.3553 8.67645 13.2561 0.249869 742
14 5 8 33 -2 0 0 658
14 5 9 37.9191 13.8811 20 0.291149 1134
14 5 10 35.8583 5.1853 11.4323 0.290805 1274
14 5 11 26.8335 38.523 20 0.23279 434
14 5 12 37.8489 16.7112 20 0.207913 742
14 5 13 35 -2 0 0 364
14 5 14 31.6681 23.617 20 0.124903 392
14 5 15 41.437 20.8794 20 0.077053 238
14 5 16 38.3697 13.0361 20 0.24053 1442
14 5 17 43.6349 15.0424 19.6102 0.119444 448
14 5 18 39.1198 19.8559 20 0.126739 294
14 5 19 40.7948 14.4429 17.7191 0.202162 560
14 5 20 45.4685 19.1032 20 0.201748 308
14 5 21 33.3074 18.4487 20 0.22038 994
14 5 22 41.5738 9.35768 14.9481 0.18579 714
14 5 23 30.5343 103.401 14.1774 0.259121 224
14 5 24 31.8373 24.1913 15.971 0.243122 784
14 5 25 42.9814 23.1725 20 0.135918 336
14 5 26 26 -2 0 0 392
14 5 27 44.2454 19.6006 20 0.0655957 336
14 5 28 26 -2 0 0 266
14 5 29 44 -2 0 0 336
14 5 30 42.7284 20.2503 20 0.045545 308
14 5 31 31 -2 0 0 308
14 5 32 42.5392 107.113 19.9982 0.292939 336
14 5 33 26 -2 0 0 224
14 5 34 24.0382 165.629 20 0.188213 322
14 5 35 38.4156 16.3871 17.9914 0.176928 336
14 5 36 32.0769 -3 0 0 168
14 5 37 32.0769 -3 0 0 126
14 5 38 36.2372 19.615 16.5903 0.168259 322
14 5 39 33 -2 0 0 210
14 5 40 32.708 26.8943 20 0.138324 392
14 5 41 41.7281 32.2675 20 0.248013 266
14 5 42 39.6031 27.3605 17.1906 0.151538 280
14 5 43 37.5262 26.6071 19.9999 0.0382106 210
14 5 44 32.9431 196.524 20 0.148986 238
14 5 45 41.055 18.5643 20 0.0903519 308
14 5 46 35.958 32.7464 19.9999 0.208808 280
14 5 47 28 -2 0 0 336
14 5 48 20 -2 0 0 224
14 5 49 34.1807 136.637 20 0.119268 308
14 5 50 32.0769 -3 0 0 154
14 5 51 32.0769 -3 0 0 154
14 5 52 34.871 29.5953 20 0.267786 252
14 5 53 31 -2 0 0 224
14 5 54 32.0769 -3 0 0 126
14 5 55 20.3826 139.435 20 0.137519 238
14 5 56 27 -2 0 0 238
14 5 57 22 -2 0 0 210
14 5 58 32.0769 -3 0 0 196
14 5 59 32.0769 -3 0 0 182
14 5 60 36.7203 28.8422 20 0.20861 224
14 5 61 32.0769 -3 0 0 196
14 5 62 32.0769 -3 0 0 154
14 5 63 35.0295 12.1108 12.6369 0.218037 224
14 6 0 32 -2 0 0 1064
14 6 1 33 -2 0 0 882
14 6 2 41.4845 9.87901 20 0.325567 812
14 6 3 40.6446 15.0008 20 0.321973 1008
14 6 4 34.5661 10.1998 20 0.29685 1358
14 6 5 31.9151 4.06283 7.25409 0.373592 994
14 6 6 32.6694 6.06019 11.7751 0.242454 784
14 6 7 40.7814 7.13192 14.7418 0.306493 1008
14 6 8 28.3542 3.01432 7.25514 0.33961 1246
14 6 9 26.7241 10.9851 19.538 0.25663 1106
14 6 10 35.5711 3.60943 7.52228 0.213185 1176
14 6 11 37.799 10.4974 20 0.310254 1330
14 6 12 29.8578 18.9875 18.7793 0.364941 756
14 6 13 34.699 10.8597 20 0.269076 1078
14 6 14 29.4309 15.4499 20 0.392591 1442
14 6 15 35.2581 3.04112 7.40533 0.230808 924
14 6 16 33.1784 3.71755 8.02646 0.400882 1344
14 6 17 29.2379 1.60512 4.08144 0.309221 1638
14 6 18 35.5798 25.1783 20 0.300709 840
14 6 19 32.9899 14.5067 20 0.327903 1246
14 6 20 35.4146 9.95846 15.2698 0.316882 966
14 6 21 34.1252 5.29183 7.6439 0.272879 896
14 6 22 34.7997 13.8269 15.2576 0.38151 1092
14 6 23 29.7845 4.84835 9.43026 0.343238 1386
14 6 24 24 -2 0 0 1078
14 6 25 35.2068 1.96228 5.20233 0.287041 1512
14 6 26 35.8563 5.15324 14.0802 0.391501 1932
14 6 27 35.6108 6.50886 11.8524 0.384497 1358
14 6 28 35.7663 6.29784 12.3771 0.358404 1204
14 6 29 32.4242 6.59225 12.1161 0.472549 1904
14 6 30 31 -2 0 0 686
14 6 31 36.9992 6.3348 13.9612 0.366242 1526
14 6 32 34.2155 4.32068 8.85039 0.283996 1176
14 6 33 37.3655 6.70355 13.3159 0.366175 1624
14 6 34 36.7527 5.92009 13.4457 0.458297 2380
14 6 35 35.9652 3.56853 7.87542 0.380437 1568
14 6 36 25 -2 0 0 700
14 6 37 37.9797 6.4523 14.757 0.359268 1638
14 6 38 40.3016 11.1469 20 0.329047 1344
14 6 39 34.681 4.44043 11.9667 0.360102 1848
14 6 40 38.4003 8.03323 16.6805 0.433611 1988
14 6 41 34 -2 0 0 1554
14 6 42 32.9497 1.30536 4.0429 0.312608 1596
14 6 43 32.9446 11.8631 17.718 0.340067 2100
14 6 44 38.3557 11.4855 18.0718 0.412402 1428
14 6 45 37.3626 5.80511 13.9803 0.316216 1470
14 6 46 31.4039 1.7042 5.88244 0.334254 2520
14 6 47 40.8553 8.65669 20 0.327885 1736
14 6 48 30.7458 7.04974 12.9404 0.370816 1274
14 6 49 31.8925 2.3396 6.10652 0.330936 1708
14 6 50 26.6372 10.9908 15.7736 0.348991 1680
14 6 51 28.7096 1.05003 3.89238 0.196093 2506
14 6 52 38.7589 13.4039 16.2725 0.42969 2142
14 6 53 30.0119 27.9413 19.1376 0.376292 1890
14 6 54 27.3766 20.8885 19.9991 0.409355 1540
14 6 55 28.3705 1.08497 3.25902 0.395438 2212
14 6 56 32.7195 6.30434 13.9183 0.311515 1946
14 6 57 35.1439 5.40626 13.1309 0.412009 2506
14 6 58 35.354 15.8463 20 0.381348 1596
14 6 59 30.8061 1.29509 4.87849 0.307435 2828
14 6 60 31.5773 14.1061 17.0125 0.354734 1512
14 6 61 33 -2 0 0 3276
14 6 62 26.0955 0.848138 2.56743 0.369145 3038
14 6 63 29 -2 0 0 2114
14 7 0 31.1192 9.30353 18.9452 0.454095 3458
14 7 1 36.6195 3.90096 9.65578 0.529596 3234
14 7 2 28.8267 1.22792 4.78008 0.450568 3318
14 7 3 35.7423 6.68991 16.6491 0.6251 3444
14 7 4 27.533 0.816575 2.95131 0.421321 2842
14 7 5 30.1326 0.918656 2.42888 0.539342 3318
14 7 6 30.7136 1.3624 5.93406 0.452984 3948
14 7 7 28.2103 1.6014 4.60235 0.483835 3738
14 7 8 37.5406 3.76133 11.1693 0.489007 3346
14 7 9 27.4678 1.09924 4.79134 0.454734 4228
14 7 10 34.5258 1.36866 6.01933 0.317636 4340
14 7 11 34.4403 4.06508 12.9512 0.42805 2674
14 7 12 29.2888 1.13586 3.85652 0.448758 2926
14 7 13 33.8001 1.18356 5.01486 0.438493 2968
14 7 14 29.4403 1.43733 3.68089 0.521223 2534
14 7 15 37.4801 4.70115 10.6792 0.571339 2688
14 7 16 29.8863 0.970687 4.5998 0.397329 5628
14 7 17 27.7484 0.908815 2.87206 0.459206 2296
14 7 18 29.107 1.28502 3.50702 0.457641 2338
14 7 19 40 -2 0 0 3584
14 7 20 26 -2 0 0 1232
14 7 21 35.6273 3.05722 6.6975 0.536668 3780
14 7 22 33.8733 1.2242 3.63257 0.309126 3542
14 7 23 35.0297 1.60475 5.2323 0.433518 2296
14 7 24 30.1847 1.48687 5.6955 0.352172 2814
14 7 25 32.8296 1.50476 6.40001 0.338441 3248
14 7 26 28.5375 1.20848 4.51279 0.45767 2296
14 7 27 41.6849 8.15396 17.5751 0.423078 2198
14 7 28 30.5967 0.908388 3.03779 0.39739 2576
14 7 29 30.3456 0.807159 2.65685 0.508148 2072
14 7 30 30.589 0.867029 2.86109 0.34802 2394
14 7 31 33.6029 6.04569 13.9493 0.51343 3108
14 7 32 37.4455 5.90195 15.566 0.524535 2674
14 7 33 37.4545 7.13273 13.9739 0.346437 1862
14 7 34 31.8206 2.00423 5.95489 0.307342 2016
14 7 35 34.6088 5.79756 10.7785 0.451345 2982
14 7 36 29.4514 1.2272 4.0667 0.415668 2170
14 7 37 30.7552 2.99603 8.44045 0.407579 1582
14 7 38 33.7203 2.45834 9.00608 0.432928 2646
14 7 39 41.0966 6.00499 14.0185 0.487744 1652
14 7 40 33.291 1.25436 3.88353 0.353965 2086
14 7 41 33.2695 10.1583 20 0.390942 2422
14 7 42 30.1807 17.0293 20 0.412403 1526
14 7 43 33.5883 6.15274 12.9612 0.494935 1722
14 7 44 31.8836 1.03144 3.14927 0.508882 2422
14 7 45 33.5828 2.90214 8.70676 0.395603 1848
14 7 46 37.6302 5.68818 15.6734 0.332377 1722
14 7 47 29.8782 9.78862 15.8779 0.548715 2520
14 7 48 36.8851 2.97215 7.42431 0.335998 1736
14 7 49 34.0518 2.73349 7.36799 0.324353 1498
14 7 50 35.8711 4.76609 9.52617 0.384806 1568
14 7 51 38.0868 5.24952 13.4524 0.439748 1610
14 7 52 34.9641 6.04456 13.0057 0.465295 1372
14 7 53 26.9721 22.3846 14.8133 0.514908 1792
14 7 54 33.6386 2.99462 8.43703 0.334271 1428
14 7 55 31 -2 0 0 1246
14 7 56 34.0257 2.41877 7.36263 0.407822 1540
14 7 57 37.5098 7.30846 16.2353 0.431676 1568
14 7 58 37.6764 7.76641 17.7476 0.468531 1652
14 7 59 34.0877 8.32141 15.8557 0.363019 1274
14 7 60 35.9591 7.14529 13.8165 0.343727 1932
14 7 61 30.6395 16.1989 20 0.329067 1134
14 7 62 37.4541 9.61388 20 0.358009 1092
14 7 63 35.7332 5.91227 11.653 0.410386 1512
14 8 0 30.8808 -3 0 0 70
14 8 1 30.8808 -3 0 0 84
14 8 2 30.8808 -3 0 0 112
14 8 3 30.8808 -3 0 0 14
14 8 4 30.8808 -3 0 0 84
14 8 5 30.8808 -3 0 0 28
14 8 6 30.8808 -3 0 0 42
14 8 7 30.8808 -3 0 0 70
14 8 8 30.8808 -3 0 0 14
14 8 9 30.8808 -3 0 0 56
14 8 10 30.8808 -3 0 0 56
14 8 11 30.8808 -3 0 0 70
14 8 12 30.8808 -3 0 0 70
14 8 13 30.8808 -3 0 0 42
14 8 14 30.8808 -3 0 0 56
14 8 15 30.8808 -3 0 0 56
14 8 16 30.8808 -3 0 0 112
14 8 17 30.8808 -3 0 0 28
14 8 18 30.8808 -3 0 0 98
14 8 19 30.8808 -3 0 0 70
14 8 20 30.8808 -3 0 0 28
14 8 21 30.8808 -3 0 0 84
14 8 22 30.8808 -3 0 0 70
14 8 23 0 -10 0 0 0
14 8 24 30.8808 -3 0 0 28
14 8 25 30.8808 -3 0 0 126
14 8 26 30.8808 -3 0 0 70
14 8 27 30.8808 -3 0 0 56
14 8 28 30.8808 -3 0 0 42
14 8 29 30.8808 -3 0 0 70
14 8 30 0 -10 0 0 0
14 8 31 30.8808 -3 0 0 70
14 8 32 30.8808 -3 0 0 56
14 8 33 30.8808 -3 0 0 84
14 8 34 30.8808 -3 0 0 42
14 8 35 30.8808 -3 0 0 98
14 8 36 30.8808 -3 0 0 14
14 8 37 30.8808 -3 0 0 56
14 8 38 30.8808 -3 0 0 56
14 8 39 30.8808 -3 0 0 84
14 8 40 30.8808 -3 0 0 28
14 8 41 30.8808 -3 0 0 28
14 8 42 30.8808 -3 0 0 56
14 8 43 0 -10 0 0 0
14 8 44 30.8808 -3 0 0 70
14 8 45 30.8808 -3 0 0 42
14 8 46 30.8808 -3 0 0 126
14 8 47 30.8808 -3 0 0 42
14 8 48 30.8808 -3 0 0 70
14 8 49 30.8808 -3 0 0 42
14 8 50 30.8808 -3 0 0 98
14 8 51 30.8808 -3 0 0 70
14 8 52 30.8808 -3 0 0 28
14 8 53 30.8808 -3 0 0 126
14 8 54 30.8808 -3 0 0 42
14 8 55 30.8808 -3 0 0 56
14 8 56 30.8808 -3 0 0 56
14 8 57 30.8808 -3 0 0 98
14 8 58 30.8808 -3 0 0 140
14 8 59 30.8808 -3 0 0 126
14 8 60 30.8808 -3 0 0 70
14 8 61 30.8808 -3 0 0 112
14 8 62 30.8808 -3 0 0 56
14 8 63 30.8808 -3 0 0 84
14 9 0 28.8943 -3 0 0 98
14 9 1 28.8943 -3 0 0 84
14 9 2 28.8943 -3 0 0 112
14 9 3 28.8943 -3 0 0 112
14 9 4 28.8943 -3 0 0 98
14 9 5 28.8943 -3 0 0 14
14 9 6 28.8943 -3 0 0 84
14 9 7 28.8943 -3 0 0 42
14 9 8 28.8943 -3 0 0 70
14 9 9 28.8943 -3 0 0 56
14 9 10 28.8943 -3 0 0 70
14 9 11 28.8943 -3 0 0 14
14 9 12 28.8943 -3 0 0 42
14 9 13 28.8943 -3 0 0 28
14 9 14 28.8943 -3 0 0 28
14 9 15 28.8943 -3 0 0 42
14 9 16 28.8943 -3 0 0 28
14 9 17 28.8943 -3 0 0 70
14 9 18 28.8943 -3 0 0 98
14 9 19 28.8943 -3 0 0 42
14 9 20 28.8943 -3 0 0 84
14 9 21 28.8943 -3 0 0 98
14 9 22 28.8943 -3 0 0 70
14 9 23 28.8943 -3 0 0 56
14 9 24 28.8943 -3 0 0 70
14 9 25 28.8943 -3 0 0 84
14 9 26 28.8943 -3 0 0 70
14 9 27 28.8943 -3 0 0 98
14 9 28 28.8943 -3 0 0 56
14 9 29 28.8943 -3 0 0 14
14 9 30 28.8943 -3 0 0 14
14 9 31 28.8943 -3 0 0 84
14 9 32 28.8943 -3 0 0 42
14 9 33 28.8943 -3 0 0 56
14 9 34 28.8943 -3 0 0 126
14 9 35 28.8943 -3 0 0 154
14 9 36 0 -10 0 0 0
14 9 37 28.8943 -3 0 0 14
14 9 38 28.8943 -3 0 0 42
14 9 39 28.8943 -3 0 0 42
14 9 40 28.8943 -3 0 0 28
14 9 41 28.8943 -3 0 0 14
14 9 42 28.8943 -3 0 0 56
14 9 43 28.8943 -3 0 0 28
14 9 44 28.8943 -3 0 0 42
14 9 45 28.8943 -3 0 0 56
14 9 46 28.8943 -3 0 0 84
14 9 47 28.8943 -3 0 0 70
14 9 48 28.8943 -3 0 0 84
14 9 49 28.8943 -3 0 0 42
14 9 50 28.8943 -3 0 0 56
14 9 51 28.8943 -3 0 0 84
14 9 52 28.8943 -3 0 0 56
14 9 53 28.8943 -3 0 0 98
14 9 54 28.8943 -3 0 0 98
14 9 55 28.8943 -3 0 0 70
14 9 56 28.8943 -3 0 0 70
14 9 57 28.8943 -3 0 0 98
14 9 58 28.8943 -3 0 0 84
14 9 59 28.8943 -3 0 0 126
14 9 60 28.8943 -3 0 0 42
14 9 61 28.8943 -3 0 0 140
14 9 62 28.8943 -3 0 0 56
14 9 63 28.8943 -3 0 0 154
14 10 0 32.4492 -3 0 0 98
14 10 1 32.4492 -3 0 0 84
14 10 2 32.4492 -3 0 0 98
14 10 3 32.4492 -3 0 0 56
14 10 4 32.4492 -3 0 0 84
14 10 5 32.4492 -3 0 0 56
14 10 6 32.4492 -3 0 0 84
14 10 7 32.4492 -3 0 0 98
14 10 8 32.4492 -3 0 0 56
14 10 9 32.4492 -3 0 0 84
14 10 10 32.4492 -3 0 0 140
14 10 11 32.4492 -3 0 0 126
14 10 12 32.4492 -3 0 0 56
14 10 13 32.4492 -3 0 0 56
14 10 14 32.4492 -3 0 0 98
14 10 15 32.4492 -3 0 0 28
14 10 16 32.4492 -3 0 0 98
14 10 17 32.4492 -3 0 0 182
14 10 18 32.4492 -3 0 0 112
14 10 19 32.4492 -3 0 0 70
14 10 20 32.4492 -3 0 0 168
14 10 21 32.4492 -3 0 0 112
14 10 22 32.4492 -3 0 0 84
14 10 23 32.4492 -3 0 0 84
14 10 24 32.4492 -3 0 0 98
14 10 25 32.4492 -3 0 0 70
14 10 26 32.4492 -3 0 0 112
14 10 27 32.4492 -3 0 0 140
14 10 28 32.4492 -3 0 0 14
14 10 29 32.4492 -3 0 0 56
14 10 30 32.4492 -3 0 0 126
14 10 31 32.4492 -3 0 0 84
14 10 32 32.4492 -3 0 0 84
14 10 33 32.4492 -3 0 0 98
14 10 34 32.4492 -3 0 0 112
14 10 35 32.4492 -3 0 0 126
14 10 36 32.4492 -3 0 0 42
14 10 37 32.4492 -3 0 0 56
14 10 38 32.4492 -3 0 0 196
14 10 39 32.4492 -3 0 0 182
14 10 40 32.4492 -3 0 0 126
14 10 41 32.4492 -3 0 0 56
14 10 42 32.4492 -3 0 0 56
14 10 43 32.4492 -3 0 0 140
14 10 44 32.4492 -3 0 0 56
14 10 45 32.4492 -3 0 0 28
14 10 46 32.4492 -3 0 0 84
14 10 47 32.4492 -3 0 0 168
14 10 48 32.4492 -3 0 0 98
14 10 49 32.4492 -3 0 0 56
14 10 50 32.4492 -3 0 0 98
14 10 51 32.4492 -3 0 0 112
14 10 52 32.4492 -3 0 0 56
14 10 53 32.4492 -3 0 0 126
14 10 54 32.4492 -3 0 0 154
14 10 55 32.4492 -3 0 0 168
14 10 56 49.7144 19.8846 20 0.0512851 210
14 10 57 32.4492 -3 0 0 98
14 10 58 32.4492 -3 0 0 126
14 10 59 32.4492 -3 0 0 70
14 10 60 32.4492 -3 0 0 140
14 10 61 43.2697 27.9062 20 0.0277424 210
14 10 62 32.4492 -3 0 0 126
14 10 63 32.4492 -3 0 0 70
14 11 0 29.2457 -3 0 0 182
14 11 1 29.2457 -3 0 0 126
14 11 2 29.2457 -3 0 0 168
14 11 3 29.2457 -3 0 0 126
14 11 4 29.2457 -3 0 0 56
14 11 5 29.2457 -3 0 0 56
14 11 6 29.2457 -3 0 0 154
14 11 7 29.2457 -3 0 0 112
14 11 8 29.2457 -3 0 0 84
14 11 9 29.2457 -3 0 0 84
14 11 10 29.2457 -3 0 0 126
14 11 11 29.2457 -3 0 0 140
14 11 12 29.2457 -3 0 0 112
14 11 13 29.2457 -3 0 0 126
14 11 14 29.2457 -3 0 0 154
14 11 15 29.2457 -3 0 0 56
14 11 16 29.2457 -3 0 0 126
14 11 17 29.2457 -3 0 0 182
14 11 18 29.2457 -3 0 0 126
14 11 19 29.2457 -3 0 0 84
14 11 20 29.2457 -3 0 0 70
14 11 21 29.2457 -3 0 0 168
14 11 22 29.2457 -3 0 0 84
14 11 23 29.2457 -3 0 0 126
14 11 24 29.2457 -3 0 0 112
14 11 25 29.2457 -3 0 0 84
14 11 26 29.2457 -3 0 0 140
14 11 27 29.2457 -3 0 0 70
14 11 28 29.2457 -3 0 0 70
14 11 29 29.2457 -3 0 0 112
14 11 30 29.2457 -3 0 0 98
14 11 31 29.2457 -3 0 0 28
14 11 32 29.2457 -3 0 0 56
14 11 33 29.2457 -3 0 0 112
14 11 34 29.2457 -3 0 0 98
14 11 35 29.2457 -3 0 0 84
14 11 36 29.2457 -3 0 0 42
14 11 37 29.2457 -3 0 0 56
14 11 38 29.2457 -3 0 0 112
14 11 39 29.2457 -3 0 0 56
14 11 40 29.2457 -3 0 0 56
14 11 41 29.2457 -3 0 0 98
14 11 42 29.2457 -3 0 0 84
14 11 43 29.2457 -3 0 0 98
14 11 44 29.2457 -3 0 0 42
14 11 45 29.2457 -3 0 0 70
14 11 46 29.2457 -3 0 0 126
14 11 47 29.2457 -3 0 0 28
14 11 48 29.2457 -3 0 0 56
14 11 49 29.2457 -3 0 0 56
14 11 50 29.2457 -3 0 0 84
14 11 51 29.2457 -3 0 0 140
14 11 52 29.2457 -3 0 0 56
14 11 53 29.2457 -3 0 0 42
14 11 54 29.2457 -3 0 0 98
14 11 55 29.2457 -3 0 0 140
14 11 56 29.2457 -3 0 0 98
14 11 57 29.2457 -3 0 0 168
14 11 58 29.2457 -3 0 0 84
14 11 59 29.2457 -3 0 0 140
14 11 60 29.2457 -3 0 0 56
14 11 61 29.2457 -3 0 0 126
14 11 62 29.2457 -3 0 0 168
14 11 63 29.2457 -3 0 0 84
14 12 0 43.9264 19.92 18.305 0.148445 294
14 12 1 40.1774 23.2713 20 0.111008 280
14 12 2 39.5088 21.3886 20 0.0887568 252
14 12 3 40.3439 19.9555 19.9298 0.11958 280
14 12 4 44.437 18.5041 20 0.203485 364
14 12 5 33.1229 -3 0 0 252
14 12 6 45 -2 0 0 224
14 12 7 33.1229 -3 0 0 350
14 12 8 43.3167 19.2105 20 0.194143 308
14 12 9 43.959 53.0634 20 0.16444 434
14 12 10 45.5789 21.2822 20 0.0840204 224
14 12 11 39.7095 28.8283 20 0.108657 224
14 12 12 33.1229 -3 0 0 182
14 12 13 35 -2 0 0 266
14 12 14 28 -2 0 0 392
14 12 15 38.9232 8.76894 8.70799 0.146911 280
14 12 16 36.1244 21.2253 20 0.152276 392
14 12 17 29.5526 43.7202 20 0.11413 238
14 12 18 22 -2 0 0 350
14 12 19 30.9457 30.8605 20 0.107012 210
14 12 20 33 -2 0 0 266
14 12 21 38.593 38.954 20 0.162231 224
14 12 22 37.9437 21.1324 20 0.117135 266
14 12 23 39.6174 26.2256 16.9456 0.164043 322
14 12 24 42.3819 37.169 19.9998 0.157878 252
14 12 25 24 -2 0 0 406
14 12 26 44.4878 21.412 20 0.0893449 252
14 12 27 37 -2 0 0 378
14 12 28 38.4422 31.5044 20 0.108317 308
14 12 29 35.2247 20.2736 17.1046 0.13902 280
14 12 30 27 -2 0 0 294
14 12 31 26.1272 35.2742 20 0.178211 308
14 12 32 45.4359 13.0953 18.4085 0.254332 476
14 12 33 35.9938 23.3637 20 0.234631 434
14 12 34 33.4859 20.389 20 0.188112 378
14 12 35 48 -2 0 0 378
14 12 36 41.0883 19.7464 20 0.169275 350
14 12 37 40.9261 16.2268 10.3041 0.306334 308
14 12 38 36.2164 17.4714 15.0877 0.188186 938
14 12 39 37.553 6.15227 13.3945 0.251396 1064
14 12 40 37.9265 33.6978 20 0.153035 308
14 12 41 37.6253 13.9007 16.2065 0.163323 336
14 12 42 30.3942 25.0549 20 0.144305 434
14 12 43 36 -2 0 0 434
14 12 44 40.9427 14.3558 17.2992 0.127298 602
14 12 45 41.8512 12.5665 20 0.1926 406
14 12 46 24 -2 0 0 378
14 12 47 39.3895 8.44411 18.218 0.316297 1442
14 12 48 38.4533 20.4891 20 0.0718063 322
14 12 49 40.6777 19.2076 20 0.115836 378
14 12 50 39.2383 19.8834 20 0.159197 504
14 12 51 42 -2 0 0 1190
14 12 52 37.2776 35.9344 8.34557 0.283822 490
14 12 53 38 -2 0 0 490
14 12 54 40 -2 0 0 462
14 12 55 36.9287 10.1212 18.9722 0.296879 1162
14 12 56 37.2689 11.9718 20 0.364634 1344
14 12 57 27.6773 198.941 20 0.314559 1246
14 12 58 34.2947 14.565 17.5395 0.339072 840
14 12 59 34.3911 6.79749 9.47988 0.163877 462
14 12 60 30.6498 22.9043 20 0.187722 812
14 12 61 35.6593 5.62995 15.1106 0.232197 1176
14 12 62 35.4049 15.2733 20 0.275651 938
14 12 63 35.3115 7.01215 13.8806 0.271818 924
14 13 0 35.1031 5.86203 11.4733 0.227137 1120
14 13 1 38.4064 13.7364 20 0.204747 1008
14 13 2 35.9899 12.549 18.2311 0.308621 1190
14 13 3 38.7448 14.0313 20 0.256887 700
14 13 4 37.2702 31.0655 20 0.131075 252
14 13 5 34.6663 12.3206 16.7703 0.288712 756
14 13 6 30.1314 7.5111 12.6695 0.258991 826
14 13 7 38.033 15.7005 20 0.142726 546
14 13 8 28.2774 19.7099 20 0.318102 1050
14 13 9 40.179 10.6535 18.0528 0.196712 910
14 13 10 32.6472 3.96881 10.038 0.183945 1050
14 13 11 38.4925 12.6557 15.2303 0.252198 364
14 13 12 32.8533 17.1141 19.9981 0.254833 896
14 13 13 40.8187 8.41519 12.0648 0.113795 266
14 13 14 32.419 13.828 18.4032 0.206148 882
14 13 15 35.5075 20.2132 20 0.0612034 266
14 13 16 37.418 18.4288 20 0.232782 658
14 13 17 40 -2 0 0 378
14 13 18 24 -2 0 0 294
14 13 19 48.7609 21.8598 20 0.247301 224
14 13 20 29.9945 19.4983 16.1751 0.116131 266
14 13 21 33.2495 7.61029 14.1489 0.327057 1358
14 13 22 40.1892 18.106 20 0.164744 644
14 13 23 31.3153 32.0807 19.1525 0.404709 434
14 13 24 35.475 14.7794 20 0.199005 784
14 13 25 43.6934 18.8413 20 0.104563 308
14 13 26 28 -2 0 0 476
14 13 27 33.3017 21.516 20 0.120204 350
14 13 28 42.4725 21.8817 20 0.333065 280
14 13 29 38.2976 18.1269 20 0.106912 420
14 13 30 22 -2 0 0 308
14 13 31 31.4307 -3 0 0 154
14 13 32 32.4876 31.0631 20 0.13232 210
14 13 33 31.4307 -3 0 0 196
14 13 34 37.8896 20.6404 20 0.198206 364
14 13 35 31.4307 -3 0 0 126
14 13 36 25.0811 36.6075 9.91447 0.216023 252
14 13 37 37.3081 21.2798 20 0.0770824 266
14 13 38 28 -2 0 0 266
14 13 39 35.2684 49.2286 20 0.0619739 238
14 13 40 31.4307 -3 0 0 280
14 13 41 31.4307 -3 0 0 168
14 13 42 32.925 29.8624 20 0.118636 322
14 13 43 24 -2 0 0 406
14 13 44 31.4307 -3 0 0 182
14 13 45 41.078 19.805 19.9985 0.0861525 210
14 13 46 35.3308 23.6245 20 0.12794 280
14 13 47 26 -2 0 0 210
14 13 48 36.8688 20.629 19.9999 0.126119 224
14 13 49 40.9809 20.1284 20 0.105377 252
14 13 50 31.4307 -3 0 0 154
14 13 51 39.2313 21.7254 20 0.0358351 308
14 13 52 33.8549 23.359 20 0.208622 336
14 13 53 38.6528 167.523 20 0.140738 238
14 13 54 31.4307 -3 0 0 182
14 13 55 24.9277 113.514 20 0.115385 308
14 13 56 36.9061 22.7129 20 0.0975736 294
14 13 57 29 -2 0 0 280
14 13 58 34.5695 26.8351 20 0.109236 210
14 13 59 33.738 24.2075 20 0.053547 238
14 13 60 37.7277 33.3098 20 0.0756338 238
14 13 61 38.4924 16.3101 20 0.116138 406
14 13 62 32.1225 14.5676 14.4905 0.227597 280
14 13 63 31.4307 -3 0 0 196
14 14 0 32.8534 0.850873 3.47229 0.48579 2618
14 14 1 35.0467 1.9812 6.60006 0.401572 2282
14 14 2 33.3698 1.01284 4.10398 0.563386 2590
14 14 3 36.553 4.30293 9.61401 0.398068 2170
14 14 4 33.3375 1.55953 5.75132 0.462309 2576
14 14 5 35.9819 3.47896 9.38515 0.46297 2338
14 14 6 37.1137 3.14073 9.18901 0.616839 2170
14 14 7 35.4641 1.93958 7.2303 0.425595 2674
14 14 8 35.0853 1.32874 4.88853 0.394204 2912
14 14 9 37.4932 2.19801 6.61718 0.479135 2100
14 14 10 35.676 1.22157 2.41419 0.463194 2226
14 14 11 34.1846 1.08486 4.31438 0.349029 3080
14 14 12 35.2744 0.803343 3.05917 0.547392 2464
14 14 13 36.2684 2.71235 8.0479 0.665667 3066
14 14 14 31.4597 1.10057 4.26271 0.390495 2548
14 14 15 40.3661 7.0069 13.6614 0.552761 2268
14 14 16 37.6242 3.38738 11.836 0.513643 2982
14 14 17 33.0891 0.980505 1.86462 0.503974 2646
14 14 18 33.8809 1.20025 4.70444 0.459157 2660
14 14 19 35.0796 3.51783 9.3181 0.518517 3346
14 14 20 36.1014 1.34339 5.35028 0.346731 2702
14 14 21 34.6621 1.12013 4.62711 0.390248 2590
14 14 22 37.0264 2.27309 6.09236 0.546801 2506
14 14 23 33.3676 0.948993 3.48623 0.505532 2968
14 14 24 31.8055 0.951533 3.96469 0.462742 2660
14 14 25 34.175 1.4001 6.08445 0.361533 3612
14 14 26 34.2824 5.10526 13.8414 0.680027 3052
14 14 27 36.8583 2.13568 7.05929 0.515245 2898
14 14 28 37.1157 0.684398 2.98869 0.523469 3248
14 14 29 33.7717 0.986362 4.28927 0.478143 3192
14 14 30 40.4005 5.19306 14.1987 0.641512 2940
14 14 31 34.4937 0.988011 4.33723 0.475656 4354
14 14 32 34.9193 1.09757 3.48365 0.337726 3542
14 14 33 35.1207 3.18664 8.80011 0.62327 3024
14 14 34 32.4643 1.19977 5.46583 0.408083 3836
14 14 35 35.1233 2.71406 9.88326 0.635655 4144
14 14 36 34.8362 1.10255 4.76868 0.44278 3192
14 14 37 33.6897 0.909825 3.24939 0.431161 3262
14 14 38 36.1693 0.98604 3.25681 0.4998 4774
14 14 39 31.6513 0.941958 2.93783 0.528181 6048
14 14 40 35.1953 1.23415 5.31727 0.432848 3388
14 14 41 34.7826 0.761304 2.77531 0.511919 4200
14 14 42 38.7065 1.54798 6.39819 0.42736 3738
14 14 43 34.2585 0.71358 3.09169 0.484831 3836
14 14 44 35.5506 0.794547 2.68557 0.538047 4704
14 14 45 35.6149 1.01191 4.34526 0.426809 3682
14 14 46 33.294 1.018 3.17332 0.479659 4550
14 14 47 29.0128 0.897002 2.90877 0.437033 6146
14 14 48 36.1927 0.724813 3.13184 0.487026 4606
14 14 49 34.977 1.96289 7.77102 0.593501 4340
14 14 50 34.5736 1.02711 4.74425 0.408093 4382
14 14 51 35.0037 0.879084 3.12275 0.390442 5740
14 14 52 35.0558 0.798835 3.18645 0.437923 4116
14 14 53 31.0759 0.741164 3.39995 0.439241 5656
14 14 54 33.3681 1.27507 3.8083 0.493008 5152
14 14 55 31.7592 0.967405 5.01984 0.434093 5180
14 14 56 34.1428 0.967973 2.98575 0.536759 6062
14 14 57 34.6086 0.925891 4.17232 0.597786 5838
14 14 58 29.7729 1.06724 3.80152 0.352938 4760
14 14 59 31.7869 0.996053 3.2438 0.45299 4704
14 14 60 32.4913 1.11063 3.40627 0.396558 5922
14 14 61 30.4081 0.750545 3.45875 0.38445 6314
14 14 62 36.8123 1.00834 4.58318 0.477307 5180
14 14 63 31.2071 0.725844 3.27701 0.443707 4522
14 15 0 34.5895 1.06216 3.28432 0.468947 6272
14 15 1 35.5087 0.92347 3.65859 0.457018 5306
14 15 2 32.816 1.01914 3.25155 0.458829 5208
14 15 3 33.2079 0.847653 3.36671 0.410964 3108
14 15 4 33.6052 0.989555 3.51369 0.398532 3052
14 15 5 34.6163 0.799926 3.30951 0.339752 3654
14 15 6 35.1414 0.916486 2.81601 0.481514 4522
14 15 7 32.8748 1.01996 3.80333 0.35501 2870
14 15 8 36.5004 1.02706 3.96612 0.389858 3990
14 15 9 33.4119 0.960345 4.37914 0.304078 3962
14 15 10 37.6266 3.12639 9.76576 0.607936 3234
14 15 11 41.0469 5.60172 13.8652 0.554811 3808
14 15 12 44 -2 0 0 2926
14 15 13 36.6093 2.485 7.81765 0.490844 2954
14 15 14 35.1035 1.67007 3.7993 0.489457 4984
14 15 15 39.595 2.82672 8.2669 0.444724 2954
14 15 16 36.6364 1.09234 4.14647 0.489972 3500
14 15 17 36.7526 1.23863 4.71073 0.432947 3374
14 15 18 34.6318 2.55896 7.89081 0.403789 2534
14 15 19 33.8883 0.99227 2.98349 0.464686 2492
14 15 20 40 -2 0 0 2898
14 15 21 34.1965 0.929515 4.10484 0.481112 4368
14 15 22 35.4091 1.06867 4.22425 0.251843 3178
14 15 23 35.5576 0.930929 2.71282 0.519875 3066
14 15 24 36.4609 2.70899 8.3285 0.56741 4872
14 15 25 35.1796 1.91575 6.65496 0.426096 2702
14 15 26 34.4335 0.743769 2.66031 0.511732 4382
14 15 27 35.6035 0.845622 3.2752 0.327513 2338
14 15 28 42.0083 6.59702 15.9086 0.478621 2688
14 15 29 36.5601 2.28576 6.62817 0.501629 3612
14 15 30 38.229 5.43134 15.6235 0.452749 2548
14 15 31 32.4107 1.68006 4.74616 0.352822 2086
14 15 32 34.888 1.69689 5.26332 0.368608 2100
14 15 33 31.746 1.48121 4.44559 0.286448 2226
14 15 34 31.7287 0.825208 3.13298 0.373392 3668
14 15 35 36.6014 0.811242 2.79277 0.516767 2198
14 15 36 36 -2 0 0 2240
14 15 37 38.1231 5.93483 15.3084 0.484672 2170
14 15 38 34.0416 2.58908 6.49797 0.486817 1820
14 15 39 37.9766 8.39103 12.0611 0.457635 1610
14 15 40 36.4841 1.08271 3.60004 0.547366 2310
14 15 41 33.0647 10.5546 12.1859 0.605042 1876
14 15 42 33.0492 1.12435 3.63019 0.428409 1792
14 15 43 35.5065 1.53993 5.36096 0.425522 3290
14 15 44 35 -2 0 0 1526
14 15 45 36.8693 4.19648 10.6511 0.396486 1834
14 15 46 35.3967 0.866418 3.29063 0.45107 2982
14 15 47 34.2329 2.20835 6.95294 0.436232 1960
14 15 48 38.5091 3.81153 9.27267 0.511607 1988
14 15 49 35.5375 1.22698 4.74298 0.305959 2394
14 15 50 33.9153 2.18586 5.60563 0.405335 1372
14 15 51 39.1554 3.94061 9.77242 0.510332 2310
14 15 52 34.4629 2.22771 7.00439 0.496546 2758
14 15 53 39.1193 3.6375 10.9085 0.454787 1932
14 15 54 34.7181 2.8162 7.63286 0.428097 2156
14 15 55 35.4606 3.1686 9.17436 0.487444 2030
14 15 56 31.7873 1.35236 2.94474 0.390007 2072
14 15 57 38.0635 6.00591 15.7388 0.484888 1876
14 15 58 35 -2 0 0 1722
14 15 59 37.9558 6.22017 16.5812 0.471657 2226
14 15 60 36.2881 3.54056 10.4237 0.312248 1582
14 15 61 29.7686 1.22536 4.63491 0.369462 2408
14 15 62 34.6318 3.92097 10.487 0.53708 2156
14 15 63 37.0257 4.80151 12.8448 0.44855 1918
