#mip results PROTO15-TB2022-03
#layer chip channel mpv empv widthmpv chi2ndf nentries
0 0 0 0 -10 0 0 0
0 0 1 0 -10 0 0 0
0 0 2 0 -10 0 0 0
0 0 3 0 -10 0 0 0
0 0 4 0 -10 0 0 0
0 0 5 0 -10 0 0 0
0 0 6 0 -10 0 0 0
0 0 7 0 -10 0 0 0
0 0 8 0 -10 0 0 0
0 0 9 0 -10 0 0 0
0 0 10 0 -10 0 0 0
0 0 11 0 -10 0 0 0
0 0 12 0 -10 0 0 0
0 0 13 0 -10 0 0 0
0 0 14 0 -10 0 0 0
0 0 15 0 -10 0 0 0
0 0 16 0 -10 0 0 0
0 0 17 0 -10 0 0 0
0 0 18 0 -10 0 0 0
0 0 19 0 -10 0 0 0
0 0 20 0 -10 0 0 0
0 0 21 0 -10 0 0 0
0 0 22 0 -10 0 0 0
0 0 23 0 -10 0 0 0
0 0 24 0 -10 0 0 0
0 0 25 0 -10 0 0 0
0 0 26 0 -10 0 0 0
0 0 27 0 -10 0 0 0
0 0 28 0 -10 0 0 0
0 0 29 0 -10 0 0 0
0 0 30 0 -10 0 0 0
0 0 31 0 -10 0 0 0
0 0 32 0 -10 0 0 0
0 0 33 0 -10 0 0 0
0 0 34 0 -10 0 0 0
0 0 35 0 -10 0 0 0
0 0 36 0 -10 0 0 0
0 0 37 0 -10 0 0 0
0 0 38 0 -10 0 0 0
0 0 39 0 -10 0 0 0
0 0 40 0 -10 0 0 0
0 0 41 0 -10 0 0 0
0 0 42 0 -10 0 0 0
0 0 43 0 -10 0 0 0
0 0 44 0 -10 0 0 0
0 0 45 0 -10 0 0 0
0 0 46 0 -10 0 0 0
0 0 47 0 -10 0 0 0
0 0 48 0 -10 0 0 0
0 0 49 0 -10 0 0 0
0 0 50 0 -10 0 0 0
0 0 51 0 -10 0 0 0
0 0 52 0 -10 0 0 0
0 0 53 0 -10 0 0 0
0 0 54 0 -10 0 0 0
0 0 55 0 -10 0 0 0
0 0 56 0 -10 0 0 0
0 0 57 0 -10 0 0 0
0 0 58 0 -10 0 0 0
0 0 59 0 -10 0 0 0
0 0 60 0 -10 0 0 0
0 0 61 0 -10 0 0 0
0 0 62 0 -10 0 0 0
0 0 63 0 -10 0 0 0
0 1 0 0 -10 0 0 0
0 1 1 0 -10 0 0 0
0 1 2 0 -10 0 0 0
0 1 3 0 -10 0 0 0
0 1 4 0 -10 0 0 0
0 1 5 0 -10 0 0 0
0 1 6 0 -10 0 0 0
0 1 7 0 -10 0 0 0
0 1 8 0 -10 0 0 0
0 1 9 0 -10 0 0 0
0 1 10 0 -10 0 0 0
0 1 11 0 -10 0 0 0
0 1 12 0 -10 0 0 0
0 1 13 0 -10 0 0 0
0 1 14 0 -10 0 0 0
0 1 15 0 -10 0 0 0
0 1 16 0 -10 0 0 0
0 1 17 0 -10 0 0 0
0 1 18 0 -10 0 0 0
0 1 19 0 -10 0 0 0
0 1 20 0 -10 0 0 0
0 1 21 0 -10 0 0 0
0 1 22 0 -10 0 0 0
0 1 23 0 -10 0 0 0
0 1 24 0 -10 0 0 0
0 1 25 0 -10 0 0 0
0 1 26 0 -10 0 0 0
0 1 27 0 -10 0 0 0
0 1 28 0 -10 0 0 0
0 1 29 0 -10 0 0 0
0 1 30 0 -10 0 0 0
0 1 31 0 -10 0 0 0
0 1 32 0 -10 0 0 0
0 1 33 0 -10 0 0 0
0 1 34 0 -10 0 0 0
0 1 35 0 -10 0 0 0
0 1 36 0 -10 0 0 0
0 1 37 0 -10 0 0 0
0 1 38 0 -10 0 0 0
0 1 39 0 -10 0 0 0
0 1 40 0 -10 0 0 0
0 1 41 0 -10 0 0 0
0 1 42 0 -10 0 0 0
0 1 43 0 -10 0 0 0
0 1 44 0 -10 0 0 0
0 1 45 0 -10 0 0 0
0 1 46 0 -10 0 0 0
0 1 47 0 -10 0 0 0
0 1 48 0 -10 0 0 0
0 1 49 0 -10 0 0 0
0 1 50 0 -10 0 0 0
0 1 51 0 -10 0 0 0
0 1 52 0 -10 0 0 0
0 1 53 0 -10 0 0 0
0 1 54 0 -10 0 0 0
0 1 55 0 -10 0 0 0
0 1 56 0 -10 0 0 0
0 1 57 0 -10 0 0 0
0 1 58 0 -10 0 0 0
0 1 59 0 -10 0 0 0
0 1 60 0 -10 0 0 0
0 1 61 0 -10 0 0 0
0 1 62 0 -10 0 0 0
0 1 63 0 -10 0 0 0
0 2 0 0 -10 0 0 0
0 2 1 0 -10 0 0 0
0 2 2 0 -10 0 0 0
0 2 3 0 -10 0 0 0
0 2 4 0 -10 0 0 0
0 2 5 0 -10 0 0 0
0 2 6 0 -10 0 0 0
0 2 7 0 -10 0 0 0
0 2 8 0 -10 0 0 0
0 2 9 0 -10 0 0 0
0 2 10 0 -10 0 0 0
0 2 11 0 -10 0 0 0
0 2 12 0 -10 0 0 0
0 2 13 0 -10 0 0 0
0 2 14 0 -10 0 0 0
0 2 15 0 -10 0 0 0
0 2 16 0 -10 0 0 0
0 2 17 0 -10 0 0 0
0 2 18 0 -10 0 0 0
0 2 19 0 -10 0 0 0
0 2 20 0 -10 0 0 0
0 2 21 0 -10 0 0 0
0 2 22 0 -10 0 0 0
0 2 23 0 -10 0 0 0
0 2 24 0 -10 0 0 0
0 2 25 0 -10 0 0 0
0 2 26 0 -10 0 0 0
0 2 27 0 -10 0 0 0
0 2 28 0 -10 0 0 0
0 2 29 0 -10 0 0 0
0 2 30 0 -10 0 0 0
0 2 31 0 -10 0 0 0
0 2 32 0 -10 0 0 0
0 2 33 0 -10 0 0 0
0 2 34 0 -10 0 0 0
0 2 35 0 -10 0 0 0
0 2 36 0 -10 0 0 0
0 2 37 0 -10 0 0 0
0 2 38 0 -10 0 0 0
0 2 39 0 -10 0 0 0
0 2 40 0 -10 0 0 0
0 2 41 0 -10 0 0 0
0 2 42 0 -10 0 0 0
0 2 43 0 -10 0 0 0
0 2 44 0 -10 0 0 0
0 2 45 0 -10 0 0 0
0 2 46 0 -10 0 0 0
0 2 47 0 -10 0 0 0
0 2 48 0 -10 0 0 0
0 2 49 0 -10 0 0 0
0 2 50 0 -10 0 0 0
0 2 51 0 -10 0 0 0
0 2 52 0 -10 0 0 0
0 2 53 0 -10 0 0 0
0 2 54 0 -10 0 0 0
0 2 55 0 -10 0 0 0
0 2 56 0 -10 0 0 0
0 2 57 0 -10 0 0 0
0 2 58 0 -10 0 0 0
0 2 59 0 -10 0 0 0
0 2 60 0 -10 0 0 0
0 2 61 0 -10 0 0 0
0 2 62 0 -10 0 0 0
0 2 63 0 -10 0 0 0
0 3 0 0 -10 0 0 0
0 3 1 0 -10 0 0 0
0 3 2 0 -10 0 0 0
0 3 3 0 -10 0 0 0
0 3 4 0 -10 0 0 0
0 3 5 0 -10 0 0 0
0 3 6 0 -10 0 0 0
0 3 7 0 -10 0 0 0
0 3 8 0 -10 0 0 0
0 3 9 0 -10 0 0 0
0 3 10 0 -10 0 0 0
0 3 11 0 -10 0 0 0
0 3 12 0 -10 0 0 0
0 3 13 0 -10 0 0 0
0 3 14 0 -10 0 0 0
0 3 15 0 -10 0 0 0
0 3 16 0 -10 0 0 0
0 3 17 0 -10 0 0 0
0 3 18 0 -10 0 0 0
0 3 19 0 -10 0 0 0
0 3 20 0 -10 0 0 0
0 3 21 0 -10 0 0 0
0 3 22 0 -10 0 0 0
0 3 23 0 -10 0 0 0
0 3 24 0 -10 0 0 0
0 3 25 0 -10 0 0 0
0 3 26 0 -10 0 0 0
0 3 27 0 -10 0 0 0
0 3 28 0 -10 0 0 0
0 3 29 0 -10 0 0 0
0 3 30 0 -10 0 0 0
0 3 31 0 -10 0 0 0
0 3 32 0 -10 0 0 0
0 3 33 0 -10 0 0 0
0 3 34 0 -10 0 0 0
0 3 35 0 -10 0 0 0
0 3 36 0 -10 0 0 0
0 3 37 0 -10 0 0 0
0 3 38 0 -10 0 0 0
0 3 39 0 -10 0 0 0
0 3 40 0 -10 0 0 0
0 3 41 0 -10 0 0 0
0 3 42 0 -10 0 0 0
0 3 43 0 -10 0 0 0
0 3 44 0 -10 0 0 0
0 3 45 0 -10 0 0 0
0 3 46 0 -10 0 0 0
0 3 47 0 -10 0 0 0
0 3 48 0 -10 0 0 0
0 3 49 0 -10 0 0 0
0 3 50 0 -10 0 0 0
0 3 51 0 -10 0 0 0
0 3 52 0 -10 0 0 0
0 3 53 0 -10 0 0 0
0 3 54 0 -10 0 0 0
0 3 55 0 -10 0 0 0
0 3 56 0 -10 0 0 0
0 3 57 0 -10 0 0 0
0 3 58 0 -10 0 0 0
0 3 59 0 -10 0 0 0
0 3 60 0 -10 0 0 0
0 3 61 0 -10 0 0 0
0 3 62 0 -10 0 0 0
0 3 63 0 -10 0 0 0
0 4 0 25.5 -2 0 0 427
0 4 1 25.5 -2 0 0 342
0 4 2 25.5 -2 0 0 261
0 4 3 0 -10 0 0 122
0 4 4 0 -10 0 0 166
0 4 5 25.5 -2 0 0 211
0 4 6 25.5 -2 0 0 222
0 4 7 0 -10 0 0 119
0 4 8 25.5 -2 0 0 223
0 4 9 0 -10 0 0 148
0 4 10 0 -10 0 0 138
0 4 11 25.5 -2 0 0 230
0 4 12 0 -10 0 0 162
0 4 13 0 -10 0 0 99
0 4 14 31.7433 2.61476 7.71178 0.311011 374
0 4 15 0 -10 0 0 133
0 4 16 0 -10 0 0 117
0 4 17 29.5 -2 0 0 255
0 4 18 0 -10 0 0 132
0 4 19 0 -10 0 0 92
0 4 20 0 -10 0 0 130
0 4 21 29.5 -2 0 0 204
0 4 22 0 -10 0 0 151
0 4 23 0 -10 0 0 1
0 4 24 29.5 -2 0 0 289
0 4 25 0 -10 0 0 91
0 4 26 30.5086 1.69276 4.87716 0.336459 358
0 4 27 0 -10 0 0 94
0 4 28 0 -10 0 0 88
0 4 29 29.5 -2 0 0 227
0 4 30 0 -10 0 0 118
0 4 31 0 -10 0 0 111
0 4 32 0 -10 0 0 91
0 4 33 0 -10 0 0 82
0 4 34 29.5 -2 0 0 273
0 4 35 0 -10 0 0 95
0 4 36 0 -10 0 0 98
0 4 37 0 -10 0 0 153
0 4 38 0 -10 0 0 71
0 4 39 0 -10 0 0 120
0 4 40 0 -10 0 0 139
0 4 41 0 -10 0 0 84
0 4 42 0 -10 0 0 135
0 4 43 29.5 -2 0 0 240
0 4 44 0 -10 0 0 90
0 4 45 0 -10 0 0 93
0 4 46 29.5 -2 0 0 270
0 4 47 0 -10 0 0 59
0 4 48 0 -10 0 0 108
0 4 49 0 -10 0 0 159
0 4 50 0 -10 0 0 91
0 4 51 0 -10 0 0 153
0 4 52 0 -10 0 0 197
0 4 53 0 -10 0 0 72
0 4 54 0 -10 0 0 102
0 4 55 0 -10 0 0 200
0 4 56 0 -10 0 0 147
0 4 57 0 -10 0 0 143
0 4 58 0 -10 0 0 148
0 4 59 25.5 -2 0 0 235
0 4 60 0 -10 0 0 98
0 4 61 0 -10 0 0 196
0 4 62 25.5 -2 0 0 227
0 4 63 0 -10 0 0 152
0 5 0 0 -10 0 0 190
0 5 1 25.5 -2 0 0 202
0 5 2 25.5 -2 0 0 239
0 5 3 25.5 -2 0 0 333
0 5 4 25.5 -2 0 0 310
0 5 5 25.5 -2 0 0 297
0 5 6 25.5 -2 0 0 241
0 5 7 25.5 -2 0 0 346
0 5 8 25.5 -2 0 0 269
0 5 9 25.5 -2 0 0 292
0 5 10 29.5 -2 0 0 277
0 5 11 30.3904 2.55689 5.14439 0.389038 308
0 5 12 25.5 -2 0 0 314
0 5 13 25.5 -2 0 0 446
0 5 14 0 -10 0 0 191
0 5 15 25.5 -2 0 0 414
0 5 16 32.1053 2.10433 6.64627 0.367827 315
0 5 17 29.5 -2 0 0 299
0 5 18 25.5 -2 0 0 395
0 5 19 25.5 -2 0 0 499
0 5 20 29.5 -2 0 0 414
0 5 21 25.5 -2 0 0 290
0 5 22 25.5 -2 0 0 383
0 5 23 25.5 -2 0 0 329
0 5 24 25.5 -2 0 0 203
0 5 25 25.5 -2 0 0 583
0 5 26 25.5 -2 0 0 254
0 5 27 25.5 -2 0 0 525
0 5 28 27.7158 1.39325 4.28961 0.618371 529
0 5 29 25.5 -2 0 0 239
0 5 30 29.5 -2 0 0 460
0 5 31 25.5 -2 0 0 777
0 5 32 31.035 1.4224 4.43575 0.649975 604
0 5 33 25.5 -2 0 0 660
0 5 34 25.5 -2 0 0 289
0 5 35 25.5 -2 0 0 1010
0 5 36 25.5 -2 0 0 573
0 5 37 25.5 -2 0 0 415
0 5 38 25.5 -2 0 0 1129
0 5 39 29.5 -2 0 0 1678
0 5 40 25.5 -2 0 0 514
0 5 41 29.5 -2 0 0 775
0 5 42 29.5 -2 0 0 484
0 5 43 25.5 -2 0 0 377
0 5 44 25.5 -2 0 0 1142
0 5 45 48.3435 3.03443 12.8247 0.584171 686
0 5 46 29.31 1.14246 3.97852 0.337557 346
0 5 47 25.5 -2 0 0 1514
0 5 48 25.5 -2 0 0 771
0 5 49 25.5 -2 0 0 410
0 5 50 25.5 -2 0 0 1193
0 5 51 30.6641 1.45963 5.05642 0.332754 609
0 5 52 25.5 -2 0 0 343
0 5 53 25.5 -2 0 0 1517
0 5 54 25.5 -2 0 0 1037
0 5 55 28.6228 1.50189 5.44438 0.414279 478
0 5 56 25.5 -2 0 0 1107
0 5 57 25.5 -2 0 0 739
0 5 58 25.5 -2 0 0 689
0 5 59 25.5 -2 0 0 339
0 5 60 25.5 -2 0 0 1960
0 5 61 28.9374 1.44066 4.84914 0.575061 471
0 5 62 25.5 -2 0 0 330
0 5 63 25.5 -2 0 0 492
0 6 0 31.0376 -3 0 0 191
0 6 1 31.0376 -3 0 0 132
0 6 2 31.0376 -3 0 0 146
0 6 3 31.0376 -3 0 0 75
0 6 4 31.0376 -3 0 0 68
0 6 5 31.0376 -3 0 0 106
0 6 6 31.0376 -3 0 0 146
0 6 7 31.0376 -3 0 0 55
0 6 8 31.0376 -3 0 0 107
0 6 9 31.0376 -3 0 0 111
0 6 10 31.0376 -3 0 0 78
0 6 11 31.0376 -3 0 0 65
0 6 12 31.0376 -3 0 0 91
0 6 13 31.0376 -3 0 0 59
0 6 14 31.0376 -3 0 0 131
0 6 15 31.0376 -3 0 0 56
0 6 16 31.0376 -3 0 0 66
0 6 17 31.0376 -3 0 0 101
0 6 18 31.0376 -3 0 0 81
0 6 19 31.0376 -3 0 0 51
0 6 20 31.0376 -3 0 0 69
0 6 21 31.0376 -3 0 0 104
0 6 22 31.0376 -3 0 0 63
0 6 23 31.0376 -3 0 0 82
0 6 24 31.0376 -3 0 0 108
0 6 25 31.0376 -3 0 0 54
0 6 26 31.0376 -3 0 0 135
0 6 27 31.0376 -3 0 0 62
0 6 28 31.0376 -3 0 0 49
0 6 29 31.0376 -3 0 0 78
0 6 30 31.0376 -3 0 0 56
0 6 31 31.0376 -3 0 0 42
0 6 32 31.0376 -3 0 0 63
0 6 33 31.0376 -3 0 0 36
0 6 34 31.0376 -3 0 0 103
0 6 35 31.0376 -3 0 0 47
0 6 36 31.0376 -3 0 0 54
0 6 37 31.0376 -3 0 0 71
0 6 38 31.0376 -3 0 0 45
0 6 39 31.0376 -3 0 0 34
0 6 40 31.0376 -3 0 0 54
0 6 41 31.0376 -3 0 0 47
0 6 42 31.0376 -3 0 0 44
0 6 43 31.0376 -3 0 0 70
0 6 44 31.0376 -3 0 0 35
0 6 45 31.0376 -3 0 0 57
0 6 46 31.0376 -3 0 0 79
0 6 47 31.0376 -3 0 0 30
0 6 48 31.0376 -3 0 0 41
0 6 49 31.0376 -3 0 0 41
0 6 50 31.0376 -3 0 0 33
0 6 51 31.0376 -3 0 0 46
0 6 52 31.0376 -3 0 0 52
0 6 53 31.0376 -3 0 0 42
0 6 54 31.0376 -3 0 0 53
0 6 55 31.0376 -3 0 0 65
0 6 56 31.0376 -3 0 0 38
0 6 57 31.0376 -3 0 0 48
0 6 58 31.0376 -3 0 0 42
0 6 59 31.0376 -3 0 0 74
0 6 60 31.0376 -3 0 0 50
0 6 61 31.0376 -3 0 0 59
0 6 62 31.0376 -3 0 0 66
0 6 63 31.0376 -3 0 0 44
0 7 0 30.9796 -3 0 0 61
0 7 1 30.9796 -3 0 0 73
0 7 2 30.9796 -3 0 0 58
0 7 3 30.9796 -3 0 0 63
0 7 4 30.9796 -3 0 0 61
0 7 5 30.9796 -3 0 0 89
0 7 6 30.9796 -3 0 0 65
0 7 7 30.9796 -3 0 0 54
0 7 8 30.9796 -3 0 0 49
0 7 9 30.9796 -3 0 0 47
0 7 10 30.9796 -3 0 0 57
0 7 11 30.9796 -3 0 0 82
0 7 12 30.9796 -3 0 0 58
0 7 13 30.9796 -3 0 0 87
0 7 14 30.9796 -3 0 0 52
0 7 15 30.9796 -3 0 0 86
0 7 16 30.9796 -3 0 0 60
0 7 17 30.9796 -3 0 0 76
0 7 18 30.9796 -3 0 0 76
0 7 19 30.9796 -3 0 0 99
0 7 20 30.9796 -3 0 0 104
0 7 21 30.9796 -3 0 0 67
0 7 22 30.9796 -3 0 0 71
0 7 23 30.9796 -3 0 0 75
0 7 24 30.9796 -3 0 0 70
0 7 25 30.9796 -3 0 0 98
0 7 26 30.9796 -3 0 0 72
0 7 27 30.9796 -3 0 0 100
0 7 28 30.9796 -3 0 0 73
0 7 29 30.9796 -3 0 0 80
0 7 30 30.9796 -3 0 0 92
0 7 31 30.9796 -3 0 0 118
0 7 32 30.9796 -3 0 0 118
0 7 33 30.9796 -3 0 0 104
0 7 34 30.9796 -3 0 0 111
0 7 35 30.9796 -3 0 0 142
0 7 36 30.9796 -3 0 0 123
0 7 37 30.9796 -3 0 0 126
0 7 38 30.9796 -3 0 0 182
0 7 39 25.5 -2 0 0 291
0 7 40 30.9796 -3 0 0 108
0 7 41 30.9796 -3 0 0 132
0 7 42 30.9796 -3 0 0 149
0 7 43 30.9796 -3 0 0 100
0 7 44 25.5 -2 0 0 220
0 7 45 30.9796 -3 0 0 161
0 7 46 30.9796 -3 0 0 93
0 7 47 31.1691 1.94865 5.43532 0.356339 353
0 7 48 30.9796 -3 0 0 130
0 7 49 30.9796 -3 0 0 112
0 7 50 30.9796 -3 0 0 197
0 7 51 25.5 -2 0 0 208
0 7 52 30.9796 -3 0 0 112
0 7 53 25.5 -2 0 0 300
0 7 54 28.1823 1.61481 4.57374 0.314943 212
0 7 55 30.9796 -3 0 0 177
0 7 56 25.5 -2 0 0 236
0 7 57 25.5 -2 0 0 248
0 7 58 30.9796 -3 0 0 172
0 7 59 30.9796 -3 0 0 112
0 7 60 25.5 -2 0 0 288
0 7 61 30.9796 -3 0 0 175
0 7 62 30.9796 -3 0 0 152
0 7 63 25.5 -2 0 0 206
0 8 0 30.0903 -3 0 0 52
0 8 1 30.0903 -3 0 0 58
0 8 2 30.0903 -3 0 0 56
0 8 3 30.0903 -3 0 0 86
0 8 4 30.0903 -3 0 0 76
0 8 5 30.0903 -3 0 0 62
0 8 6 30.0903 -3 0 0 59
0 8 7 30.0903 -3 0 0 88
0 8 8 30.0903 -3 0 0 53
0 8 9 30.0903 -3 0 0 82
0 8 10 30.0903 -3 0 0 32
0 8 11 30.0903 -3 0 0 62
0 8 12 30.0903 -3 0 0 9
0 8 13 30.0903 -3 0 0 96
0 8 14 30.0903 -3 0 0 69
0 8 15 30.0903 -3 0 0 75
0 8 16 30.0903 -3 0 0 71
0 8 17 30.0903 -3 0 0 73
0 8 18 30.0903 -3 0 0 68
0 8 19 30.0903 -3 0 0 121
0 8 20 30.0903 -3 0 0 74
0 8 21 30.0903 -3 0 0 66
0 8 22 30.0903 -3 0 0 75
0 8 23 30.0903 -3 0 0 77
0 8 24 30.0903 -3 0 0 77
0 8 25 30.0903 -3 0 0 137
0 8 26 30.0903 -3 0 0 86
0 8 27 30.0903 -3 0 0 94
0 8 28 30.0903 -3 0 0 95
0 8 29 30.0903 -3 0 0 91
0 8 30 30.0903 -3 0 0 77
0 8 31 30.0903 -3 0 0 145
0 8 32 30.0903 -3 0 0 113
0 8 33 30.0903 -3 0 0 125
0 8 34 30.0903 -3 0 0 83
0 8 35 30.0903 -3 0 0 196
0 8 36 30.0903 -3 0 0 92
0 8 37 30.0903 -3 0 0 74
0 8 38 25.5 -2 0 0 237
0 8 39 30.0903 -3 0 0 186
0 8 40 30.0903 -3 0 0 71
0 8 41 30.0903 -3 0 0 144
0 8 42 30.0903 -3 0 0 88
0 8 43 30.0903 -3 0 0 80
0 8 44 30.0903 -3 0 0 146
0 8 45 30.0903 -3 0 0 143
0 8 46 30.0903 -3 0 0 73
0 8 47 25.5 -2 0 0 346
0 8 48 30.0903 -3 0 0 101
0 8 49 30.0903 -3 0 0 73
0 8 50 30.0903 -3 0 0 176
0 8 51 30.0903 -3 0 0 149
0 8 52 30.0903 -3 0 0 78
0 8 53 25.5 -2 0 0 231
0 8 54 30.0903 -3 0 0 165
0 8 55 30.0903 -3 0 0 116
0 8 56 30.0903 -3 0 0 171
0 8 57 30.0903 -3 0 0 175
0 8 58 30.0903 -3 0 0 128
0 8 59 30.0903 -3 0 0 84
0 8 60 30.0903 -3 0 0 192
0 8 61 30.0903 -3 0 0 117
0 8 62 30.0903 -3 0 0 104
0 8 63 30.0903 -3 0 0 112
0 9 0 31.1082 -3 0 0 85
0 9 1 31.1082 -3 0 0 84
0 9 2 31.1082 -3 0 0 70
0 9 3 31.1082 -3 0 0 33
0 9 4 31.1082 -3 0 0 37
0 9 5 31.1082 -3 0 0 40
0 9 6 31.1082 -3 0 0 66
0 9 7 31.1082 -3 0 0 35
0 9 8 31.1082 -3 0 0 51
0 9 9 31.1082 -3 0 0 46
0 9 10 31.1082 -3 0 0 33
0 9 11 31.1082 -3 0 0 30
0 9 12 31.1082 -3 0 0 42
0 9 13 31.1082 -3 0 0 20
0 9 14 31.1082 -3 0 0 68
0 9 15 31.1082 -3 0 0 37
0 9 16 31.1082 -3 0 0 31
0 9 17 31.1082 -3 0 0 50
0 9 18 31.1082 -3 0 0 38
0 9 19 31.1082 -3 0 0 27
0 9 20 31.1082 -3 0 0 31
0 9 21 31.1082 -3 0 0 50
0 9 22 31.1082 -3 0 0 33
0 9 23 31.1082 -3 0 0 45
0 9 24 31.1082 -3 0 0 73
0 9 25 31.1082 -3 0 0 26
0 9 26 31.1082 -3 0 0 57
0 9 27 31.1082 -3 0 0 24
0 9 28 31.1082 -3 0 0 47
0 9 29 31.1082 -3 0 0 28
0 9 30 31.1082 -3 0 0 19
0 9 31 31.1082 -3 0 0 22
0 9 32 31.1082 -3 0 0 27
0 9 33 31.1082 -3 0 0 19
0 9 34 31.1082 -3 0 0 54
0 9 35 31.1082 -3 0 0 29
0 9 36 31.1082 -3 0 0 25
0 9 37 31.1082 -3 0 0 32
0 9 38 31.1082 -3 0 0 24
0 9 39 31.1082 -3 0 0 18
0 9 40 31.1082 -3 0 0 24
0 9 41 31.1082 -3 0 0 26
0 9 42 31.1082 -3 0 0 30
0 9 43 31.1082 -3 0 0 47
0 9 44 31.1082 -3 0 0 14
0 9 45 31.1082 -3 0 0 15
0 9 46 31.1082 -3 0 0 52
0 9 47 31.1082 -3 0 0 14
0 9 48 31.1082 -3 0 0 7
0 9 49 31.1082 -3 0 0 34
0 9 50 31.1082 -3 0 0 28
0 9 51 31.1082 -3 0 0 21
0 9 52 31.1082 -3 0 0 34
0 9 53 31.1082 -3 0 0 12
0 9 54 31.1082 -3 0 0 33
0 9 55 31.1082 -3 0 0 32
0 9 56 31.1082 -3 0 0 35
0 9 57 31.1082 -3 0 0 28
0 9 58 31.1082 -3 0 0 28
0 9 59 31.1082 -3 0 0 53
0 9 60 31.1082 -3 0 0 14
0 9 61 31.1082 -3 0 0 29
0 9 62 31.1082 -3 0 0 30
0 9 63 31.1082 -3 0 0 30
0 10 0 34.2555 -3 0 0 117
0 10 1 34.2555 -3 0 0 116
0 10 2 34.2555 -3 0 0 179
0 10 3 25.5 -2 0 0 287
0 10 4 34.2555 -3 0 0 164
0 10 5 34.2555 -3 0 0 160
0 10 6 34.2555 -3 0 0 136
0 10 7 33.1922 1.87741 6.49739 0.353306 431
0 10 8 34.2555 -3 0 0 157
0 10 9 34.2555 -3 0 0 188
0 10 10 25.5 -2 0 0 229
0 10 11 34.2555 -3 0 0 163
0 10 12 34.2555 -3 0 0 196
0 10 13 29.5 -2 0 0 357
0 10 14 34.2555 -3 0 0 130
0 10 15 29.5 -2 0 0 267
0 10 16 29.5 -2 0 0 342
0 10 17 34.2555 -3 0 0 139
0 10 18 29.5 -2 0 0 215
0 10 19 25.5 -2 0 0 472
0 10 20 34.2555 -3 0 0 169
0 10 21 34.2555 -3 0 0 168
0 10 22 33.1107 1.89604 6.8739 0.235311 234
0 10 23 34.2555 -3 0 0 146
0 10 24 34.2555 -3 0 0 121
0 10 25 29.5 -2 0 0 568
0 10 26 34.2555 -3 0 0 122
0 10 27 29.5 -2 0 0 291
0 10 28 25.5 -2 0 0 346
0 10 29 34.2555 -3 0 0 142
0 10 30 34.2555 -3 0 0 180
0 10 31 34.8707 2.09014 6.56192 0.472185 716
0 10 32 29.5 -2 0 0 443
0 10 33 29.5 -2 0 0 325
0 10 34 34.2555 -3 0 0 130
0 10 35 31.8525 1.53997 4.50407 0.565265 853
0 10 36 25.5 -2 0 0 263
0 10 37 34.2555 -3 0 0 140
0 10 38 32.9987 1.50278 6.33236 0.386574 1011
0 10 39 29.5 -2 0 0 472
0 10 40 29.5 -2 0 0 209
0 10 41 25.5 -2 0 0 457
0 10 42 25.5 -2 0 0 264
0 10 43 34.2555 -3 0 0 184
0 10 44 30.6967 2.27788 7.73791 0.328918 595
0 10 45 25.5 -2 0 0 355
0 10 46 34.2555 -3 0 0 133
0 10 47 33.2517 1.27302 6.07873 0.404412 1260
0 10 48 29.5 -2 0 0 298
0 10 49 33.5 -2 0 0 211
0 10 50 25.5 -2 0 0 451
0 10 51 31.6343 2.23563 6.51078 0.229055 202
0 10 52 34.2555 -3 0 0 198
0 10 53 25.5 -2 0 0 692
0 10 54 25.5 -2 0 0 372
0 10 55 34.2555 -3 0 0 188
0 10 56 34.0091 2.80553 9.42494 0.440094 282
0 10 57 25.5 -2 0 0 241
0 10 58 25.5 -2 0 0 273
0 10 59 34.2555 -3 0 0 126
0 10 60 30.5409 1.46723 4.57615 0.502484 494
0 10 61 34.2555 -3 0 0 200
0 10 62 34.2555 -3 0 0 179
0 10 63 25.5 -2 0 0 210
0 11 0 29.76 -3 0 0 180
0 11 1 29.76 -3 0 0 130
0 11 2 29.76 -3 0 0 134
0 11 3 29.76 -3 0 0 65
0 11 4 29.76 -3 0 0 97
0 11 5 29.76 -3 0 0 107
0 11 6 29.76 -3 0 0 95
0 11 7 29.76 -3 0 0 48
0 11 8 29.76 -3 0 0 116
0 11 9 29.76 -3 0 0 80
0 11 10 29.76 -3 0 0 55
0 11 11 29.76 -3 0 0 117
0 11 12 29.76 -3 0 0 74
0 11 13 29.76 -3 0 0 53
0 11 14 29.76 -3 0 0 167
0 11 15 29.76 -3 0 0 64
0 11 16 29.76 -3 0 0 56
0 11 17 29.76 -3 0 0 105
0 11 18 29.76 -3 0 0 72
0 11 19 29.76 -3 0 0 59
0 11 20 29.76 -3 0 0 72
0 11 21 29.76 -3 0 0 98
0 11 22 29.76 -3 0 0 57
0 11 23 29.76 -3 0 0 112
0 11 24 29.76 -3 0 0 138
0 11 25 29.76 -3 0 0 54
0 11 26 29.76 -3 0 0 149
0 11 27 29.76 -3 0 0 58
0 11 28 29.76 -3 0 0 58
0 11 29 29.76 -3 0 0 122
0 11 30 29.76 -3 0 0 62
0 11 31 29.76 -3 0 0 42
0 11 32 29.76 -3 0 0 58
0 11 33 29.76 -3 0 0 66
0 11 34 29.76 -3 0 0 191
0 11 35 29.76 -3 0 0 49
0 11 36 29.76 -3 0 0 73
0 11 37 29.76 -3 0 0 89
0 11 38 29.76 -3 0 0 52
0 11 39 29.76 -3 0 0 54
0 11 40 29.76 -3 0 0 69
0 11 41 29.76 -3 0 0 32
0 11 42 29.76 -3 0 0 67
0 11 43 29.76 -3 0 0 110
0 11 44 29.76 -3 0 0 35
0 11 45 29.76 -3 0 0 69
0 11 46 29.76 -3 0 0 128
0 11 47 29.76 -3 0 0 41
0 11 48 29.76 -3 0 0 73
0 11 49 29.76 -3 0 0 106
0 11 50 29.76 -3 0 0 46
0 11 51 29.76 -3 0 0 120
0 11 52 29.76 -3 0 0 120
0 11 53 29.76 -3 0 0 33
0 11 54 29.76 -3 0 0 59
0 11 55 29.76 -3 0 0 95
0 11 56 29.76 -3 0 0 85
0 11 57 29.76 -3 0 0 80
0 11 58 29.76 -3 0 0 93
0 11 59 29.76 -3 0 0 123
0 11 60 29.76 -3 0 0 60
0 11 61 29.76 -3 0 0 108
0 11 62 29.76 -3 0 0 129
0 11 63 29.76 -3 0 0 105
0 12 0 25.5 -2 0 0 266
0 12 1 25.5 -2 0 0 275
0 12 2 29.4915 2.5694 7.84045 0.337643 313
0 12 3 25.5 -2 0 0 539
0 12 4 25.5 -2 0 0 239
0 12 5 29.7153 1.996 6.0853 0.348332 380
0 12 6 25.5 -2 0 0 404
0 12 7 25.5 -2 0 0 1153
0 12 8 25.5966 1.2023 3.62023 0.383082 280
0 12 9 25.5 -2 0 0 637
0 12 10 30.142 1.35371 5.63481 0.410537 921
0 12 11 25.5 -2 0 0 276
0 12 12 25.5 -2 0 0 447
0 12 13 25.5 -2 0 0 545
0 12 14 0 -10 0 0 196
0 12 15 28.9131 1.5138 5.71561 0.319738 471
0 12 16 25.5 -2 0 0 1399
0 12 17 25.5 -2 0 0 219
0 12 18 29.8677 1.73997 5.06597 0.336486 379
0 12 19 31.408 1.57288 6.29497 0.348365 894
0 12 20 30.9356 2.33296 7.15852 0.303841 253
0 12 21 25.5 -2 0 0 536
0 12 22 25.5 -2 0 0 698
0 12 23 0 -10 0 0 196
0 12 24 25.5 -2 0 0 261
0 12 25 25.5 -2 0 0 842
0 12 26 0 -10 0 0 179
0 12 27 29.008 1.73014 5.27187 0.35672 387
0 12 28 25.5 -2 0 0 542
0 12 29 0 -10 0 0 173
0 12 30 25.5 -2 0 0 314
0 12 31 25.5 -2 0 0 671
0 12 32 29.1383 1.33839 4.46566 0.404403 478
0 12 33 25.5 -2 0 0 365
0 12 34 0 -10 0 0 149
0 12 35 31.8093 1.89118 6.45192 0.372588 516
0 12 36 25.5 -2 0 0 217
0 12 37 0 -10 0 0 198
0 12 38 25.5 -2 0 0 454
0 12 39 0 -10 0 0 171
0 12 40 25.5 -2 0 0 212
0 12 41 31.099 2.29094 5.93524 0.439936 366
0 12 42 0 -10 0 0 192
0 12 43 0 -10 0 0 174
0 12 44 25.5 -2 0 0 326
0 12 45 25.5 -2 0 0 275
0 12 46 0 -10 0 0 155
0 12 47 25.5 -2 0 0 385
0 12 48 25.5 -2 0 0 265
0 12 49 0 -10 0 0 162
0 12 50 21.5 -2 0 0 266
0 12 51 0 -10 0 0 115
0 12 52 0 -10 0 0 143
0 12 53 25.5 -2 0 0 288
0 12 54 0 -10 0 0 199
0 12 55 0 -10 0 0 158
0 12 56 0 -10 0 0 175
0 12 57 0 -10 0 0 177
0 12 58 0 -10 0 0 181
0 12 59 0 -10 0 0 132
0 12 60 25.5 -2 0 0 214
0 12 61 0 -10 0 0 127
0 12 62 0 -10 0 0 120
0 12 63 0 -10 0 0 148
0 13 0 32.0295 -3 0 0 97
0 13 1 32.0295 -3 0 0 75
0 13 2 32.0295 -3 0 0 83
0 13 3 32.0295 -3 0 0 48
0 13 4 32.0295 -3 0 0 78
0 13 5 32.0295 -3 0 0 67
0 13 6 32.0295 -3 0 0 65
0 13 7 32.0295 -3 0 0 33
0 13 8 32.0295 -3 0 0 69
0 13 9 32.0295 -3 0 0 48
0 13 10 32.0295 -3 0 0 51
0 13 11 32.0295 -3 0 0 78
0 13 12 32.0295 -3 0 0 38
0 13 13 32.0295 -3 0 0 42
0 13 14 32.0295 -3 0 0 103
0 13 15 32.0295 -3 0 0 57
0 13 16 32.0295 -3 0 0 50
0 13 17 32.0295 -3 0 0 89
0 13 18 32.0295 -3 0 0 53
0 13 19 32.0295 -3 0 0 36
0 13 20 32.0295 -3 0 0 53
0 13 21 32.0295 -3 0 0 69
0 13 22 32.0295 -3 0 0 53
0 13 23 32.0295 -3 0 0 73
0 13 24 32.0295 -3 0 0 105
0 13 25 32.0295 -3 0 0 39
0 13 26 32.0295 -3 0 0 89
0 13 27 32.0295 -3 0 0 56
0 13 28 32.0295 -3 0 0 51
0 13 29 32.0295 -3 0 0 80
0 13 30 32.0295 -3 0 0 48
0 13 31 32.0295 -3 0 0 49
0 13 32 32.0295 -3 0 0 34
0 13 33 32.0295 -3 0 0 45
0 13 34 32.0295 -3 0 0 108
0 13 35 32.0295 -3 0 0 44
0 13 36 32.0295 -3 0 0 40
0 13 37 32.0295 -3 0 0 69
0 13 38 32.0295 -3 0 0 62
0 13 39 32.0295 -3 0 0 109
0 13 40 32.0295 -3 0 0 63
0 13 41 32.0295 -3 0 0 39
0 13 42 32.0295 -3 0 0 93
0 13 43 32.0295 -3 0 0 90
0 13 44 32.0295 -3 0 0 51
0 13 45 32.0295 -3 0 0 62
0 13 46 32.0295 -3 0 0 128
0 13 47 32.0295 -3 0 0 54
0 13 48 32.0295 -3 0 0 67
0 13 49 32.0295 -3 0 0 87
0 13 50 32.0295 -3 0 0 58
0 13 51 32.0295 -3 0 0 131
0 13 52 32.0295 -3 0 0 108
0 13 53 32.0295 -3 0 0 63
0 13 54 32.0295 -3 0 0 59
0 13 55 32.0295 -3 0 0 113
0 13 56 32.0295 -3 0 0 115
0 13 57 32.0295 -3 0 0 102
0 13 58 32.0295 -3 0 0 89
0 13 59 32.0295 -3 0 0 122
0 13 60 32.0295 -3 0 0 63
0 13 61 32.0295 -3 0 0 174
0 13 62 32.0295 -3 0 0 147
0 13 63 32.0295 -3 0 0 94
0 14 0 30.3563 -3 0 0 88
0 14 1 30.3563 -3 0 0 110
0 14 2 30.3563 -3 0 0 125
0 14 3 30.3563 -3 0 0 129
0 14 4 30.3563 -3 0 0 95
0 14 5 30.3563 -3 0 0 116
0 14 6 30.3563 -3 0 0 155
0 14 7 25.5 -2 0 0 201
0 14 8 30.3563 -3 0 0 107
0 14 9 25.5 -2 0 0 218
0 14 10 25.5 -2 0 0 213
0 14 11 30.3563 -3 0 0 89
0 14 12 30.3563 -3 0 0 138
0 14 13 30.3563 -3 0 0 142
0 14 14 30.3563 -3 0 0 71
0 14 15 30.3563 -3 0 0 132
0 14 16 25.5 -2 0 0 280
0 14 17 30.3563 -3 0 0 74
0 14 18 30.3563 -3 0 0 120
0 14 19 30.3563 -3 0 0 175
0 14 20 30.3563 -3 0 0 97
0 14 21 25.5 -2 0 0 219
0 14 22 30.3563 -3 0 0 157
0 14 23 30.3563 -3 0 0 73
0 14 24 30.3563 -3 0 0 103
0 14 25 30.3563 -3 0 0 148
0 14 26 30.3563 -3 0 0 68
0 14 27 30.3563 -3 0 0 91
0 14 28 30.3563 -3 0 0 121
0 14 29 30.3563 -3 0 0 72
0 14 30 30.3563 -3 0 0 77
0 14 31 30.3563 -3 0 0 127
0 14 32 30.3563 -3 0 0 74
0 14 33 30.3563 -3 0 0 49
0 14 34 30.3563 -3 0 0 73
0 14 35 30.3563 -3 0 0 90
0 14 36 30.3563 -3 0 0 21
0 14 37 30.3563 -3 0 0 57
0 14 38 30.3563 -3 0 0 79
0 14 39 30.3563 -3 0 0 61
0 14 40 30.3563 -3 0 0 91
0 14 41 30.3563 -3 0 0 70
0 14 42 30.3563 -3 0 0 74
0 14 43 30.3563 -3 0 0 62
0 14 44 30.3563 -3 0 0 65
0 14 45 30.3563 -3 0 0 53
0 14 46 30.3563 -3 0 0 49
0 14 47 30.3563 -3 0 0 53
0 14 48 30.3563 -3 0 0 61
0 14 49 30.3563 -3 0 0 46
0 14 50 30.3563 -3 0 0 69
0 14 51 30.3563 -3 0 0 46
0 14 52 30.3563 -3 0 0 48
0 14 53 30.3563 -3 0 0 53
0 14 54 30.3563 -3 0 0 60
0 14 55 30.3563 -3 0 0 47
0 14 56 30.3563 -3 0 0 51
0 14 57 30.3563 -3 0 0 55
0 14 58 30.3563 -3 0 0 44
0 14 59 30.3563 -3 0 0 46
0 14 60 30.3563 -3 0 0 59
0 14 61 30.3563 -3 0 0 41
0 14 62 30.3563 -3 0 0 73
0 14 63 30.3563 -3 0 0 49
0 15 0 27.5883 -3 0 0 54
0 15 1 27.5883 -3 0 0 36
0 15 2 27.5883 -3 0 0 29
0 15 3 27.5883 -3 0 0 18
0 15 4 27.5883 -3 0 0 78
0 15 5 27.5883 -3 0 0 34
0 15 6 27.5883 -3 0 0 11
0 15 7 27.5883 -3 0 0 38
0 15 8 27.5883 -3 0 0 35
0 15 9 0 -10 0 0 0
0 15 10 27.5883 -3 0 0 49
0 15 11 0 -10 0 0 0
0 15 12 27.5883 -3 0 0 19
0 15 13 27.5883 -3 0 0 32
0 15 14 0 -10 0 0 0
0 15 15 27.5883 -3 0 0 40
0 15 16 27.5883 -3 0 0 19
0 15 17 27.5883 -3 0 0 28
0 15 18 27.5883 -3 0 0 41
0 15 19 27.5883 -3 0 0 25
0 15 20 27.5883 -3 0 0 38
0 15 21 27.5883 -3 0 0 43
0 15 22 27.5883 -3 0 0 14
0 15 23 27.5883 -3 0 0 30
0 15 24 27.5883 -3 0 0 55
0 15 25 27.5883 -3 0 0 39
0 15 26 27.5883 -3 0 0 57
0 15 27 27.5883 -3 0 0 18
0 15 28 27.5883 -3 0 0 37
0 15 29 27.5883 -3 0 0 15
0 15 30 27.5883 -3 0 0 34
0 15 31 27.5883 -3 0 0 32
0 15 32 27.5883 -3 0 0 33
0 15 33 27.5883 -3 0 0 22
0 15 34 27.5883 -3 0 0 9
0 15 35 27.5883 -3 0 0 38
0 15 36 27.5883 -3 0 0 22
0 15 37 27.5883 -3 0 0 58
0 15 38 27.5883 -3 0 0 47
0 15 39 27.5883 -3 0 0 64
0 15 40 27.5883 -3 0 0 39
0 15 41 27.5883 -3 0 0 46
0 15 42 27.5883 -3 0 0 43
0 15 43 27.5883 -3 0 0 54
0 15 44 27.5883 -3 0 0 55
0 15 45 27.5883 -3 0 0 33
0 15 46 27.5883 -3 0 0 52
0 15 47 27.5883 -3 0 0 44
0 15 48 0 -10 0 0 0
0 15 49 27.5883 -3 0 0 23
0 15 50 27.5883 -3 0 0 52
0 15 51 27.5883 -3 0 0 104
0 15 52 27.5883 -3 0 0 75
0 15 53 27.5883 -3 0 0 45
0 15 54 27.5883 -3 0 0 45
0 15 55 27.5883 -3 0 0 74
0 15 56 27.5883 -3 0 0 71
0 15 57 27.5883 -3 0 0 94
0 15 58 27.5883 -3 0 0 56
0 15 59 27.5883 -3 0 0 74
0 15 60 27.5883 -3 0 0 68
0 15 61 27.5883 -3 0 0 127
0 15 62 27.5883 -3 0 0 83
0 15 63 27.5883 -3 0 0 75
1 0 0 31.2566 -3 0 0 80
1 0 1 31.2566 -3 0 0 68
1 0 2 31.2566 -3 0 0 61
1 0 3 31.2566 -3 0 0 50
1 0 4 31.2566 -3 0 0 56
1 0 5 31.2566 -3 0 0 53
1 0 6 31.2566 -3 0 0 64
1 0 7 31.2566 -3 0 0 49
1 0 8 31.2566 -3 0 0 52
1 0 9 31.2566 -3 0 0 37
1 0 10 31.2566 -3 0 0 50
1 0 11 31.2566 -3 0 0 84
1 0 12 31.2566 -3 0 0 52
1 0 13 31.2566 -3 0 0 48
1 0 14 31.2566 -3 0 0 75
1 0 15 31.2566 -3 0 0 57
1 0 16 31.2566 -3 0 0 43
1 0 17 31.2566 -3 0 0 89
1 0 18 31.2566 -3 0 0 51
1 0 19 31.2566 -3 0 0 53
1 0 20 31.2566 -3 0 0 80
1 0 21 31.2566 -3 0 0 63
1 0 22 31.2566 -3 0 0 39
1 0 23 31.2566 -3 0 0 79
1 0 24 31.2566 -3 0 0 69
1 0 25 31.2566 -3 0 0 53
1 0 26 31.2566 -3 0 0 98
1 0 27 31.2566 -3 0 0 55
1 0 28 31.2566 -3 0 0 52
1 0 29 31.2566 -3 0 0 109
1 0 30 31.2566 -3 0 0 49
1 0 31 31.2566 -3 0 0 71
1 0 32 31.2566 -3 0 0 70
1 0 33 31.2566 -3 0 0 67
1 0 34 31.2566 -3 0 0 138
1 0 35 31.2566 -3 0 0 72
1 0 36 31.2566 -3 0 0 59
1 0 37 0 -10 0 0 0
1 0 38 31.2566 -3 0 0 95
1 0 39 31.2566 -3 0 0 146
1 0 40 31.2566 -3 0 0 67
1 0 41 31.2566 -3 0 0 72
1 0 42 31.2566 -3 0 0 77
1 0 43 31.2566 -3 0 0 133
1 0 44 31.2566 -3 0 0 84
1 0 45 31.2566 -3 0 0 64
1 0 46 31.2566 -3 0 0 161
1 0 47 31.2566 -3 0 0 115
1 0 48 31.2566 -3 0 0 83
1 0 49 31.2566 -3 0 0 128
1 0 50 31.2566 -3 0 0 89
1 0 51 25.5 -2 0 0 252
1 0 52 31.2566 -3 0 0 141
1 0 53 31.2566 -3 0 0 108
1 0 54 31.2566 -3 0 0 97
1 0 55 31.2566 -3 0 0 148
1 0 56 31.2566 -3 0 0 153
1 0 57 31.2566 -3 0 0 191
1 0 58 31.2566 -3 0 0 114
1 0 59 31.2566 -3 0 0 168
1 0 60 31.2566 -3 0 0 135
1 0 61 25.5 -2 0 0 236
1 0 62 21.5 -2 0 0 237
1 0 63 31.2566 -3 0 0 141
1 1 0 25.5 -2 0 0 296
1 1 1 25.5 -2 0 0 296
1 1 2 25.5 -2 0 0 358
1 1 3 25.5 -2 0 0 231
1 1 4 0 -10 0 0 175
1 1 5 0 -10 0 0 192
1 1 6 31.2975 2.02093 6.32354 0.328822 369
1 1 7 25.5 -2 0 0 267
1 1 8 0 -10 0 0 184
1 1 9 28.9278 1.69284 6.20767 0.326962 434
1 1 10 28.6715 2.15447 7.11656 0.392494 436
1 1 11 0 -10 0 0 191
1 1 12 25.5 -2 0 0 220
1 1 13 0 -10 0 0 181
1 1 14 0 -10 0 0 184
1 1 15 0 -10 0 0 177
1 1 16 25.5 -2 0 0 456
1 1 17 0 -10 0 0 174
1 1 18 0 -10 0 0 178
1 1 19 0 -10 0 0 187
1 1 20 0 -10 0 0 23
1 1 21 25.5 -2 0 0 387
1 1 22 25.5 -2 0 0 207
1 1 23 0 -10 0 0 122
1 1 24 0 -10 0 0 172
1 1 25 0 -10 0 0 167
1 1 26 0 -10 0 0 161
1 1 27 0 -10 0 0 124
1 1 28 0 -10 0 0 126
1 1 29 0 -10 0 0 126
1 1 30 0 -10 0 0 10
1 1 31 0 -10 0 0 186
1 1 32 0 -10 0 0 110
1 1 33 0 -10 0 0 116
1 1 34 0 -10 0 0 110
1 1 35 0 -10 0 0 0
1 1 36 0 -10 0 0 82
1 1 37 0 -10 0 0 0
1 1 38 0 -10 0 0 0
1 1 39 0 -10 0 0 6
1 1 40 0 -10 0 0 111
1 1 41 0 -10 0 0 0
1 1 42 0 -10 0 0 0
1 1 43 0 -10 0 0 100
1 1 44 0 -10 0 0 0
1 1 45 0 -10 0 0 102
1 1 46 0 -10 0 0 114
1 1 47 0 -10 0 0 0
1 1 48 0 -10 0 0 92
1 1 49 0 -10 0 0 105
1 1 50 0 -10 0 0 0
1 1 51 0 -10 0 0 0
1 1 52 0 -10 0 0 70
1 1 53 0 -10 0 0 0
1 1 54 0 -10 0 0 89
1 1 55 0 -10 0 0 83
1 1 56 0 -10 0 0 116
1 1 57 0 -10 0 0 89
1 1 58 0 -10 0 0 96
1 1 59 0 -10 0 0 88
1 1 60 0 -10 0 0 0
1 1 61 0 -10 0 0 77
1 1 62 0 -10 0 0 75
1 1 63 0 -10 0 0 76
1 2 0 25.5 -2 0 0 301
1 2 1 25.5 -2 0 0 217
1 2 2 0 -10 0 0 195
1 2 3 0 -10 0 0 140
1 2 4 0 -10 0 0 173
1 2 5 0 -10 0 0 168
1 2 6 0 -10 0 0 176
1 2 7 0 -10 0 0 92
1 2 8 0 -10 0 0 181
1 2 9 0 -10 0 0 143
1 2 10 0 -10 0 0 109
1 2 11 0 -10 0 0 172
1 2 12 0 -10 0 0 151
1 2 13 0 -10 0 0 108
1 2 14 29.3185 2.11342 6.7899 0.332197 350
1 2 15 0 -10 0 0 118
1 2 16 0 -10 0 0 83
1 2 17 25.5 -2 0 0 245
1 2 18 0 -10 0 0 121
1 2 19 0 -10 0 0 100
1 2 20 0 -10 0 0 174
1 2 21 0 -10 0 0 145
1 2 22 0 -10 0 0 81
1 2 23 0 -10 0 0 199
1 2 24 25.5 -2 0 0 204
1 2 25 0 -10 0 0 93
1 2 26 25.5 -2 0 0 391
1 2 27 0 -10 0 0 95
1 2 28 0 -10 0 0 97
1 2 29 25.5 -2 0 0 278
1 2 30 0 -10 0 0 127
1 2 31 0 -10 0 0 108
1 2 32 0 -10 0 0 127
1 2 33 0 -10 0 0 134
1 2 34 29.5 -2 0 0 406
1 2 35 0 -10 0 0 104
1 2 36 0 -10 0 0 166
1 2 37 0 -10 0 0 0
1 2 38 0 -10 0 0 138
1 2 39 29.3213 1.82319 5.22445 0.297467 216
1 2 40 25.5 -2 0 0 216
1 2 41 0 -10 0 0 132
1 2 42 29.5 -2 0 0 228
1 2 43 30.93 2.58442 5.34372 0.350336 345
1 2 44 0 -10 0 0 133
1 2 45 0 -10 0 0 141
1 2 46 25.5 -2 0 0 447
1 2 47 0 -10 0 0 105
1 2 48 0 -10 0 0 166
1 2 49 25.5 -2 0 0 277
1 2 50 0 -10 0 0 184
1 2 51 30.8452 1.29702 4.42111 0.334842 412
1 2 52 31.5064 1.61576 5.39631 0.294296 438
1 2 53 0 -10 0 0 132
1 2 54 0 -10 0 0 194
1 2 55 25.5 -2 0 0 366
1 2 56 25.5 -2 0 0 223
1 2 57 31.8478 2.59303 7.7822 0.349911 341
1 2 58 25.5 -2 0 0 267
1 2 59 29.0952 2.76723 7.29869 0.349297 537
1 2 60 0 -10 0 0 179
1 2 61 28.8869 1.79267 5.73964 0.339714 712
1 2 62 29.2291 2.009 6.73512 0.286221 560
1 2 63 25.5 -2 0 0 300
1 3 0 28.699 1.71278 6.17807 0.524721 455
1 3 1 28.3968 1.22087 4.72154 0.463082 523
1 3 2 25.5 -2 0 0 589
1 3 3 30.394 1.64642 7.07013 0.374813 567
1 3 4 25.5 -2 0 0 315
1 3 5 29.414 1.5553 5.38233 0.587699 505
1 3 6 31.5392 1.39261 7.15039 0.41954 864
1 3 7 31.7233 1.25549 5.99272 0.607641 1004
1 3 8 25.5 -2 0 0 429
1 3 9 25.5 -2 0 0 1168
1 3 10 31.7872 1.06945 6.43916 0.376498 1191
1 3 11 25.5 -2 0 0 328
1 3 12 26.3476 1.43092 5.16862 0.312513 637
1 3 13 27.9783 1.75914 5.00384 0.449935 492
1 3 14 26.9944 1.9107 5.63249 0.408212 435
1 3 15 25.4024 1.07403 3.96513 0.44161 448
1 3 16 25.5 -2 0 0 1472
1 3 17 25.5 -2 0 0 292
1 3 18 25.5 -2 0 0 414
1 3 19 29.6191 1.2569 6.63273 0.436179 741
1 3 20 25.5 -2 0 0 248
1 3 21 25.5 -2 0 0 1062
1 3 22 25.5 -2 0 0 588
1 3 23 25.5 -2 0 0 255
1 3 24 31.1855 2.35818 7.24563 0.312098 362
1 3 25 29.2302 1.43099 4.63223 0.575324 565
1 3 26 31.7761 2.92602 9.13034 0.365204 294
1 3 27 25.5 -2 0 0 368
1 3 28 27.2002 1.9574 5.36592 0.428566 337
1 3 29 25.5 -2 0 0 242
1 3 30 29.5 -2 0 0 273
1 3 31 25.5 -2 0 0 510
1 3 32 25.5 -2 0 0 410
1 3 33 25.5 -2 0 0 264
1 3 34 25.5 -2 0 0 222
1 3 35 25.5 -2 0 0 461
1 3 36 25.5 -2 0 0 252
1 3 37 0 -10 0 0 0
1 3 38 28.7385 1.46139 4.89294 0.452539 375
1 3 39 25.5 -2 0 0 248
1 3 40 25.5 -2 0 0 263
1 3 41 25.5 -2 0 0 328
1 3 42 25.5 -2 0 0 227
1 3 43 25.5 -2 0 0 219
1 3 44 25.5 -2 0 0 307
1 3 45 25.5 -2 0 0 262
1 3 46 25.5 -2 0 0 247
1 3 47 28.4573 1.76986 6.68326 0.413857 337
1 3 48 25.5 -2 0 0 244
1 3 49 21.5 -2 0 0 262
1 3 50 25.5 -2 0 0 260
1 3 51 25.5 -2 0 0 222
1 3 52 25.5 -2 0 0 257
1 3 53 25.5 -2 0 0 251
1 3 54 25.5 -2 0 0 255
1 3 55 25.5 -2 0 0 220
1 3 56 21.5 -2 0 0 215
1 3 57 25.5 -2 0 0 227
1 3 58 25.5 -2 0 0 212
1 3 59 25.5 -2 0 0 250
1 3 60 25.5 -2 0 0 240
1 3 61 31.7661 -3 0 0 192
1 3 62 31.7661 -3 0 0 173
1 3 63 21.5 -2 0 0 207
1 4 0 37.9256 1.90025 6.87989 0.209677 661
1 4 1 29.5 -2 0 0 423
1 4 2 29.5 -2 0 0 313
1 4 3 35.7115 -3 0 0 127
1 4 4 35.7115 -3 0 0 159
1 4 5 35.7115 -3 0 0 175
1 4 6 29.5 -2 0 0 277
1 4 7 35.7115 -3 0 0 115
1 4 8 29.5 -2 0 0 248
1 4 9 35.7115 -3 0 0 172
1 4 10 35.7115 -3 0 0 151
1 4 11 35.7115 -3 0 0 188
1 4 12 35.7115 -3 0 0 140
1 4 13 35.7115 -3 0 0 110
1 4 14 35.8663 2.12191 6.74596 0.287854 502
1 4 15 35.7115 -3 0 0 121
1 4 16 35.7115 -3 0 0 124
1 4 17 36.1371 2.08485 7.1844 0.256197 281
1 4 18 35.7115 -3 0 0 159
1 4 19 35.7115 -3 0 0 101
1 4 20 35.7115 -3 0 0 129
1 4 21 29.5 -2 0 0 250
1 4 22 35.7115 -3 0 0 125
1 4 23 35.7115 -3 0 0 180
1 4 24 34.8465 2.21349 5.88004 0.31577 354
1 4 25 35.7115 -3 0 0 80
1 4 26 29.5 -2 0 0 372
1 4 27 35.7115 -3 0 0 82
1 4 28 35.7115 -3 0 0 105
1 4 29 32.6044 1.55518 5.00188 0.295112 279
1 4 30 35.7115 -3 0 0 125
1 4 31 35.7115 -3 0 0 93
1 4 32 35.7115 -3 0 0 93
1 4 33 35.7115 -3 0 0 87
1 4 34 29.5 -2 0 0 403
1 4 35 35.7115 -3 0 0 84
1 4 36 35.7115 -3 0 0 109
1 4 37 0 -10 0 0 0
1 4 38 35.7115 -3 0 0 92
1 4 39 35.7115 -3 0 0 132
1 4 40 35.7115 -3 0 0 154
1 4 41 35.7115 -3 0 0 80
1 4 42 35.7115 -3 0 0 106
1 4 43 33.5 -2 0 0 234
1 4 44 35.7115 -3 0 0 84
1 4 45 35.7115 -3 0 0 119
1 4 46 33.2035 2.51673 7.35312 0.273674 344
1 4 47 35.7115 -3 0 0 75
1 4 48 35.7115 -3 0 0 110
1 4 49 35.7115 -3 0 0 187
1 4 50 35.7115 -3 0 0 91
1 4 51 35.7115 -3 0 0 141
1 4 52 35.7115 -3 0 0 195
1 4 53 35.7115 -3 0 0 72
1 4 54 35.7115 -3 0 0 118
1 4 55 35.7115 -3 0 0 183
1 4 56 35.7115 -3 0 0 127
1 4 57 35.7115 -3 0 0 144
1 4 58 35.7115 -3 0 0 154
1 4 59 29.5 -2 0 0 255
1 4 60 35.7115 -3 0 0 117
1 4 61 29.5 -2 0 0 213
1 4 62 29.5 -2 0 0 266
1 4 63 35.7115 -3 0 0 135
1 5 0 25.5 -2 0 0 207
1 5 1 25.5 -2 0 0 221
1 5 2 29.5 -2 0 0 237
1 5 3 30.602 2.25658 6.13176 0.377607 277
1 5 4 25.5 -2 0 0 302
1 5 5 29.5 -2 0 0 215
1 5 6 31.2527 2.43485 7.09042 0.364362 227
1 5 7 25.5 -2 0 0 285
1 5 8 30.8538 1.62654 5.11283 0.213346 285
1 5 9 29.5 -2 0 0 251
1 5 10 25.5 -2 0 0 235
1 5 11 25.5 -2 0 0 255
1 5 12 31.2314 2.36339 6.4278 0.332035 229
1 5 13 30.223 1.53321 4.99528 0.307383 293
1 5 14 0 -10 0 0 189
1 5 15 25.5 -2 0 0 276
1 5 16 29.5 -2 0 0 300
1 5 17 25.5 -2 0 0 265
1 5 18 31.2907 1.93649 6.20465 0.325937 288
1 5 19 25.5 -2 0 0 452
1 5 20 25.5 -2 0 0 288
1 5 21 25.5 -2 0 0 268
1 5 22 30.9271 1.88959 5.79316 0.395339 254
1 5 23 33.1994 1.85608 5.76076 0.294142 326
1 5 24 0 -10 0 0 161
1 5 25 25.5 -2 0 0 502
1 5 26 25.5 -2 0 0 228
1 5 27 29.5 -2 0 0 307
1 5 28 29.9836 1.25819 4.98546 0.365697 352
1 5 29 31.3151 1.77951 5.74164 0.366068 254
1 5 30 31.0345 2.24461 5.90679 0.367841 323
1 5 31 31.491 1.46042 6.24765 0.450227 598
1 5 32 25.5 -2 0 0 425
1 5 33 31.7561 1.7713 6.31939 0.351347 429
1 5 34 25.5 -2 0 0 259
1 5 35 31.7746 1.38465 5.64234 0.389342 632
1 5 36 25.5 -2 0 0 315
1 5 37 0 -10 0 0 0
1 5 38 31.2622 1.29368 5.51684 0.428696 1069
1 5 39 31.8075 1.01124 5.25217 0.56219 1096
1 5 40 25.5 -2 0 0 388
1 5 41 29.8325 1.47251 4.45275 0.445108 464
1 5 42 30.5778 1.65806 5.8399 0.297335 329
1 5 43 25.5 -2 0 0 287
1 5 44 25.5 -2 0 0 603
1 5 45 30.1283 1.54297 5.68871 0.440405 403
1 5 46 29.5 -2 0 0 297
1 5 47 25.5 -2 0 0 1948
1 5 48 25.5 -2 0 0 403
1 5 49 29.3016 2.35579 7.12489 0.357997 313
1 5 50 28.3125 1.21731 4.9236 0.387372 675
1 5 51 30.0808 1.3203 5.2119 0.338444 613
1 5 52 25.5 -2 0 0 303
1 5 53 33.9126 1.37047 7.10645 0.457269 1269
1 5 54 29.8521 1.72969 5.50179 0.545251 664
1 5 55 25.5 -2 0 0 470
1 5 56 25.5 -2 0 0 1050
1 5 57 25.5 -2 0 0 878
1 5 58 30.8328 1.74275 6.67741 0.347422 482
1 5 59 25.5 -2 0 0 330
1 5 60 25.5 -2 0 0 1482
1 5 61 28.3908 1.41289 5.11213 0.500692 534
1 5 62 30.5937 2.06104 7.7706 0.223374 407
1 5 63 28.3033 1.81664 5.25747 0.592148 412
1 6 0 25.5 -2 0 0 224
1 6 1 32.6998 -3 0 0 159
1 6 2 32.6998 -3 0 0 174
1 6 3 32.6998 -3 0 0 73
1 6 4 32.6998 -3 0 0 65
1 6 5 32.6998 -3 0 0 91
1 6 6 32.6998 -3 0 0 132
1 6 7 32.6998 -3 0 0 65
1 6 8 32.6998 -3 0 0 111
1 6 9 32.6998 -3 0 0 88
1 6 10 32.6998 -3 0 0 60
1 6 11 32.6998 -3 0 0 78
1 6 12 32.6998 -3 0 0 89
1 6 13 32.6998 -3 0 0 60
1 6 14 32.6998 -3 0 0 155
1 6 15 32.6998 -3 0 0 66
1 6 16 32.6998 -3 0 0 95
1 6 17 32.6998 -3 0 0 89
1 6 18 32.6998 -3 0 0 60
1 6 19 32.6998 -3 0 0 68
1 6 20 32.6998 -3 0 0 81
1 6 21 32.6998 -3 0 0 112
1 6 22 32.6998 -3 0 0 72
1 6 23 32.6998 -3 0 0 86
1 6 24 32.6998 -3 0 0 134
1 6 25 32.6998 -3 0 0 58
1 6 26 32.6998 -3 0 0 154
1 6 27 32.6998 -3 0 0 37
1 6 28 32.6998 -3 0 0 36
1 6 29 32.6998 -3 0 0 81
1 6 30 32.6998 -3 0 0 50
1 6 31 32.6998 -3 0 0 43
1 6 32 32.6998 -3 0 0 47
1 6 33 32.6998 -3 0 0 42
1 6 34 32.6998 -3 0 0 107
1 6 35 32.6998 -3 0 0 46
1 6 36 32.6998 -3 0 0 49
1 6 37 0 -10 0 0 0
1 6 38 32.6998 -3 0 0 35
1 6 39 32.6998 -3 0 0 33
1 6 40 32.6998 -3 0 0 54
1 6 41 32.6998 -3 0 0 44
1 6 42 32.6998 -3 0 0 53
1 6 43 32.6998 -3 0 0 79
1 6 44 32.6998 -3 0 0 38
1 6 45 32.6998 -3 0 0 35
1 6 46 32.6998 -3 0 0 95
1 6 47 32.6998 -3 0 0 36
1 6 48 32.6998 -3 0 0 35
1 6 49 32.6998 -3 0 0 52
1 6 50 32.6998 -3 0 0 50
1 6 51 32.6998 -3 0 0 42
1 6 52 32.6998 -3 0 0 66
1 6 53 32.6998 -3 0 0 24
1 6 54 32.6998 -3 0 0 63
1 6 55 32.6998 -3 0 0 62
1 6 56 32.6998 -3 0 0 44
1 6 57 32.6998 -3 0 0 46
1 6 58 32.6998 -3 0 0 36
1 6 59 32.6998 -3 0 0 61
1 6 60 32.6998 -3 0 0 26
1 6 61 32.6998 -3 0 0 49
1 6 62 32.6998 -3 0 0 57
1 6 63 32.6998 -3 0 0 52
1 7 0 35.6699 -3 0 0 44
1 7 1 35.6699 -3 0 0 44
1 7 2 35.6699 -3 0 0 43
1 7 3 35.6699 -3 0 0 65
1 7 4 35.6699 -3 0 0 61
1 7 5 35.6699 -3 0 0 74
1 7 6 35.6699 -3 0 0 56
1 7 7 35.6699 -3 0 0 56
1 7 8 35.6699 -3 0 0 58
1 7 9 35.6699 -3 0 0 40
1 7 10 35.6699 -3 0 0 44
1 7 11 35.6699 -3 0 0 85
1 7 12 35.6699 -3 0 0 56
1 7 13 35.6699 -3 0 0 76
1 7 14 35.6699 -3 0 0 61
1 7 15 35.6699 -3 0 0 68
1 7 16 35.6699 -3 0 0 57
1 7 17 35.6699 -3 0 0 72
1 7 18 35.6699 -3 0 0 89
1 7 19 35.6699 -3 0 0 104
1 7 20 35.6699 -3 0 0 88
1 7 21 35.6699 -3 0 0 46
1 7 22 35.6699 -3 0 0 64
1 7 23 35.6699 -3 0 0 63
1 7 24 35.6699 -3 0 0 73
1 7 25 35.6699 -3 0 0 88
1 7 26 35.6699 -3 0 0 74
1 7 27 35.6699 -3 0 0 79
1 7 28 35.6699 -3 0 0 82
1 7 29 35.6699 -3 0 0 80
1 7 30 35.6699 -3 0 0 88
1 7 31 35.6699 -3 0 0 107
1 7 32 35.6699 -3 0 0 98
1 7 33 35.6699 -3 0 0 106
1 7 34 35.6699 -3 0 0 84
1 7 35 35.6699 -3 0 0 150
1 7 36 35.6699 -3 0 0 117
1 7 37 0 -10 0 0 0
1 7 38 38.7238 3.46421 10.249 0.255758 218
1 7 39 34.1287 1.77416 5.52032 0.241468 326
1 7 40 35.6699 -3 0 0 95
1 7 41 35.6699 -3 0 0 148
1 7 42 35.6699 -3 0 0 109
1 7 43 35.6699 -3 0 0 102
1 7 44 35.6699 -3 0 0 180
1 7 45 35.6699 -3 0 0 118
1 7 46 35.6699 -3 0 0 106
1 7 47 36.0446 1.7856 6.40597 0.295612 386
1 7 48 35.6699 -3 0 0 130
1 7 49 35.6699 -3 0 0 127
1 7 50 35.6699 -3 0 0 196
1 7 51 35.5035 2.94105 8.8788 0.276781 204
1 7 52 35.6699 -3 0 0 119
1 7 53 29.5 -2 0 0 307
1 7 54 35.6699 -3 0 0 178
1 7 55 35.6699 -3 0 0 151
1 7 56 31.079 1.85413 6.40055 0.269882 290
1 7 57 29.5 -2 0 0 277
1 7 58 35.6699 -3 0 0 157
1 7 59 35.6699 -3 0 0 123
1 7 60 29.5 -2 0 0 303
1 7 61 29.5 -2 0 0 209
1 7 62 35.6699 -3 0 0 142
1 7 63 35.6699 -3 0 0 140
1 8 0 35.7053 -3 0 0 44
1 8 1 35.7053 -3 0 0 54
1 8 2 35.7053 -3 0 0 57
1 8 3 35.7053 -3 0 0 97
1 8 4 35.7053 -3 0 0 73
1 8 5 35.7053 -3 0 0 51
1 8 6 35.7053 -3 0 0 55
1 8 7 35.7053 -3 0 0 81
1 8 8 35.7053 -3 0 0 49
1 8 9 35.7053 -3 0 0 61
1 8 10 35.7053 -3 0 0 67
1 8 11 35.7053 -3 0 0 76
1 8 12 35.7053 -3 0 0 59
1 8 13 35.7053 -3 0 0 118
1 8 14 35.7053 -3 0 0 56
1 8 15 35.7053 -3 0 0 88
1 8 16 35.7053 -3 0 0 86
1 8 17 35.7053 -3 0 0 59
1 8 18 35.7053 -3 0 0 72
1 8 19 35.7053 -3 0 0 108
1 8 20 35.7053 -3 0 0 82
1 8 21 35.7053 -3 0 0 67
1 8 22 35.7053 -3 0 0 72
1 8 23 35.7053 -3 0 0 79
1 8 24 35.7053 -3 0 0 44
1 8 25 35.7053 -3 0 0 120
1 8 26 35.7053 -3 0 0 66
1 8 27 35.7053 -3 0 0 78
1 8 28 35.7053 -3 0 0 113
1 8 29 35.7053 -3 0 0 81
1 8 30 35.7053 -3 0 0 77
1 8 31 35.7053 -3 0 0 174
1 8 32 35.7053 -3 0 0 105
1 8 33 35.7053 -3 0 0 124
1 8 34 35.7053 -3 0 0 79
1 8 35 35.7053 -3 0 0 174
1 8 36 35.7053 -3 0 0 82
1 8 37 0 -10 0 0 0
1 8 38 36.7422 2.07278 6.58617 0.236251 291
1 8 39 33.5 -2 0 0 209
1 8 40 0 -10 0 0 0
1 8 41 35.7053 -3 0 0 142
1 8 42 35.7053 -3 0 0 95
1 8 43 35.7053 -3 0 0 89
1 8 44 35.7053 -3 0 0 164
1 8 45 35.7053 -3 0 0 129
1 8 46 35.7053 -3 0 0 73
1 8 47 33.5 -2 0 0 456
1 8 48 35.7053 -3 0 0 100
1 8 49 35.7053 -3 0 0 110
1 8 50 35.7053 -3 0 0 152
1 8 51 35.7053 -3 0 0 109
1 8 52 35.7053 -3 0 0 101
1 8 53 35.2836 2.06521 7.00374 0.261249 270
1 8 54 35.7053 -3 0 0 133
1 8 55 35.7053 -3 0 0 107
1 8 56 35.7053 -3 0 0 174
1 8 57 35.7053 -3 0 0 160
1 8 58 35.7053 -3 0 0 106
1 8 59 35.7053 -3 0 0 78
1 8 60 41.5 -2 0 0 240
1 8 61 35.7053 -3 0 0 141
1 8 62 35.7053 -3 0 0 113
1 8 63 35.7053 -3 0 0 122
1 9 0 30.7216 -3 0 0 113
1 9 1 30.7216 -3 0 0 113
1 9 2 30.7216 -3 0 0 90
1 9 3 30.7216 -3 0 0 47
1 9 4 30.7216 -3 0 0 39
1 9 5 30.7216 -3 0 0 43
1 9 6 30.7216 -3 0 0 78
1 9 7 30.7216 -3 0 0 39
1 9 8 30.7216 -3 0 0 56
1 9 9 30.7216 -3 0 0 67
1 9 10 30.7216 -3 0 0 33
1 9 11 30.7216 -3 0 0 44
1 9 12 30.7216 -3 0 0 42
1 9 13 30.7216 -3 0 0 40
1 9 14 30.7216 -3 0 0 113
1 9 15 30.7216 -3 0 0 33
1 9 16 30.7216 -3 0 0 39
1 9 17 30.7216 -3 0 0 77
1 9 18 30.7216 -3 0 0 37
1 9 19 30.7216 -3 0 0 32
1 9 20 30.7216 -3 0 0 35
1 9 21 30.7216 -3 0 0 46
1 9 22 30.7216 -3 0 0 13
1 9 23 30.7216 -3 0 0 54
1 9 24 30.7216 -3 0 0 96
1 9 25 30.7216 -3 0 0 28
1 9 26 30.7216 -3 0 0 64
1 9 27 30.7216 -3 0 0 21
1 9 28 30.7216 -3 0 0 24
1 9 29 30.7216 -3 0 0 55
1 9 30 30.7216 -3 0 0 3
1 9 31 30.7216 -3 0 0 25
1 9 32 30.7216 -3 0 0 23
1 9 33 30.7216 -3 0 0 29
1 9 34 30.7216 -3 0 0 79
1 9 35 30.7216 -3 0 0 18
1 9 36 30.7216 -3 0 0 20
1 9 37 0 -10 0 0 0
1 9 38 30.7216 -3 0 0 28
1 9 39 0 -10 0 0 0
1 9 40 30.7216 -3 0 0 33
1 9 41 30.7216 -3 0 0 24
1 9 42 30.7216 -3 0 0 27
1 9 43 30.7216 -3 0 0 49
1 9 44 30.7216 -3 0 0 23
1 9 45 30.7216 -3 0 0 21
1 9 46 30.7216 -3 0 0 58
1 9 47 30.7216 -3 0 0 26
1 9 48 30.7216 -3 0 0 22
1 9 49 30.7216 -3 0 0 27
1 9 50 30.7216 -3 0 0 27
1 9 51 30.7216 -3 0 0 39
1 9 52 30.7216 -3 0 0 51
1 9 53 30.7216 -3 0 0 21
1 9 54 30.7216 -3 0 0 28
1 9 55 30.7216 -3 0 0 42
1 9 56 30.7216 -3 0 0 34
1 9 57 30.7216 -3 0 0 39
1 9 58 30.7216 -3 0 0 33
1 9 59 30.7216 -3 0 0 67
1 9 60 30.7216 -3 0 0 31
1 9 61 30.7216 -3 0 0 55
1 9 62 30.7216 -3 0 0 53
1 9 63 30.7216 -3 0 0 32
1 10 0 0 -10 0 0 157
1 10 1 0 -10 0 0 175
1 10 2 0 -10 0 0 189
1 10 3 25.5 -2 0 0 273
1 10 4 0 -10 0 0 188
1 10 5 25.5 -2 0 0 204
1 10 6 0 -10 0 0 200
1 10 7 30.4191 1.76174 6.28617 0.363653 537
1 10 8 0 -10 0 0 171
1 10 9 25.5 -2 0 0 258
1 10 10 25.5 -2 0 0 281
1 10 11 0 -10 0 0 162
1 10 12 29.5 -2 0 0 205
1 10 13 25.5 -2 0 0 428
1 10 14 0 -10 0 0 163
1 10 15 25.5 -2 0 0 313
1 10 16 32.6448 2.5277 6.33965 0.463275 508
1 10 17 0 -10 0 0 161
1 10 18 25.5 -2 0 0 237
1 10 19 25.5 -2 0 0 674
1 10 20 29.5 -2 0 0 247
1 10 21 25.5 -2 0 0 201
1 10 22 25.5 -2 0 0 323
1 10 23 0 -10 0 0 169
1 10 24 0 -10 0 0 152
1 10 25 30.7148 1.21417 4.91716 0.437147 704
1 10 26 0 -10 0 0 156
1 10 27 25.5 -2 0 0 317
1 10 28 30.756 1.55886 4.59096 0.441434 356
1 10 29 0 -10 0 0 158
1 10 30 0 -10 0 0 177
1 10 31 32.9675 1.43522 5.5054 0.353152 936
1 10 32 33.5 -2 0 0 431
1 10 33 25.5 -2 0 0 343
1 10 34 0 -10 0 0 153
1 10 35 31.4899 1.56914 5.51822 0.37575 1300
1 10 36 25.5 -2 0 0 307
1 10 37 0 -10 0 0 0
1 10 38 30.02 1.27624 6.0288 0.314178 1531
1 10 39 31.7112 1.49839 5.02877 0.526284 472
1 10 40 25.5 -2 0 0 227
1 10 41 32.1157 2.27588 5.61015 0.360756 513
1 10 42 25.5 -2 0 0 250
1 10 43 29.5 -2 0 0 218
1 10 44 29.4003 1.30138 4.34141 0.386852 578
1 10 45 33.5 -2 0 0 337
1 10 46 0 -10 0 0 143
1 10 47 35.2203 1.436 6.81083 0.355513 2071
1 10 48 29.5 -2 0 0 244
1 10 49 21.5 -2 0 0 311
1 10 50 30.8469 1.75657 6.4678 0.436525 614
1 10 51 25.5 -2 0 0 225
1 10 52 0 -10 0 0 172
1 10 53 32.978 1.26022 5.50623 0.31949 852
1 10 54 29.738 1.59603 5.20301 0.392789 390
1 10 55 25.5 -2 0 0 262
1 10 56 25.5 -2 0 0 364
1 10 57 29.9302 1.13084 4.64686 0.351273 313
1 10 58 25.5 -2 0 0 294
1 10 59 25.5 -2 0 0 218
1 10 60 28.2968 1.91256 6.68212 0.534364 717
1 10 61 25.5 -2 0 0 214
1 10 62 25.5 -2 0 0 210
1 10 63 25.5 -2 0 0 226
1 11 0 25.5 -2 0 0 247
1 11 1 31.083 -3 0 0 145
1 11 2 31.083 -3 0 0 134
1 11 3 31.083 -3 0 0 64
1 11 4 31.083 -3 0 0 78
1 11 5 31.083 -3 0 0 86
1 11 6 31.083 -3 0 0 109
1 11 7 31.083 -3 0 0 60
1 11 8 31.083 -3 0 0 127
1 11 9 31.083 -3 0 0 75
1 11 10 31.083 -3 0 0 64
1 11 11 31.083 -3 0 0 94
1 11 12 31.083 -3 0 0 113
1 11 13 31.083 -3 0 0 47
1 11 14 25.5 -2 0 0 209
1 11 15 31.083 -3 0 0 70
1 11 16 31.083 -3 0 0 46
1 11 17 31.083 -3 0 0 142
1 11 18 31.083 -3 0 0 71
1 11 19 31.083 -3 0 0 49
1 11 20 31.083 -3 0 0 86
1 11 21 31.083 -3 0 0 79
1 11 22 31.083 -3 0 0 64
1 11 23 31.083 -3 0 0 98
1 11 24 31.083 -3 0 0 145
1 11 25 31.083 -3 0 0 60
1 11 26 31.083 -3 0 0 187
1 11 27 31.083 -3 0 0 71
1 11 28 31.083 -3 0 0 48
1 11 29 31.083 -3 0 0 116
1 11 30 31.083 -3 0 0 69
1 11 31 31.083 -3 0 0 50
1 11 32 31.083 -3 0 0 55
1 11 33 31.083 -3 0 0 61
1 11 34 31.083 -3 0 0 175
1 11 35 31.083 -3 0 0 52
1 11 36 31.083 -3 0 0 63
1 11 37 0 -10 0 0 0
1 11 38 31.083 -3 0 0 71
1 11 39 31.083 -3 0 0 56
1 11 40 31.083 -3 0 0 86
1 11 41 31.083 -3 0 0 44
1 11 42 31.083 -3 0 0 81
1 11 43 31.083 -3 0 0 124
1 11 44 31.083 -3 0 0 35
1 11 45 31.083 -3 0 0 50
1 11 46 31.083 -3 0 0 166
1 11 47 31.083 -3 0 0 55
1 11 48 31.083 -3 0 0 63
1 11 49 31.083 -3 0 0 107
1 11 50 31.083 -3 0 0 54
1 11 51 31.083 -3 0 0 118
1 11 52 31.083 -3 0 0 129
1 11 53 31.083 -3 0 0 51
1 11 54 31.083 -3 0 0 50
1 11 55 31.083 -3 0 0 113
1 11 56 31.083 -3 0 0 73
1 11 57 31.083 -3 0 0 91
1 11 58 31.083 -3 0 0 70
1 11 59 31.083 -3 0 0 150
1 11 60 31.083 -3 0 0 52
1 11 61 31.083 -3 0 0 154
1 11 62 31.083 -3 0 0 192
1 11 63 31.083 -3 0 0 127
1 12 0 25.5 -2 0 0 305
1 12 1 28.7093 1.91471 5.05148 0.26293 314
1 12 2 25.5 -2 0 0 338
1 12 3 28.5403 0.956086 3.87541 0.359901 431
1 12 4 25.5 -2 0 0 219
1 12 5 29.5 -2 0 0 288
1 12 6 31.2423 1.40158 5.36463 0.353273 374
1 12 7 32.7624 1.24379 5.85879 0.359945 1280
1 12 8 31.213 1.9991 5.24271 0.360209 251
1 12 9 30.498 1.15036 4.81583 0.368096 727
1 12 10 25.5 -2 0 0 1108
1 12 11 29.5 -2 0 0 202
1 12 12 29.5 -2 0 0 421
1 12 13 30.8892 1.36501 5.53023 0.247924 531
1 12 14 25.5 -2 0 0 236
1 12 15 25.5 -2 0 0 372
1 12 16 25.5 -2 0 0 1970
1 12 17 0 -10 0 0 176
1 12 18 25.5 -2 0 0 301
1 12 19 25.5 -2 0 0 1086
1 12 20 31.7025 2.14921 6.50704 0.347531 213
1 12 21 31.0195 1.94562 5.4016 0.399192 623
1 12 22 29.3543 1.24856 5.31815 0.430575 575
1 12 23 0 -10 0 0 198
1 12 24 25.5 -2 0 0 241
1 12 25 31.8535 1.22848 4.92308 0.307233 707
1 12 26 0 -10 0 0 180
1 12 27 29.5 -2 0 0 319
1 12 28 30.5883 2.24094 6.89291 0.368253 591
1 12 29 0 -10 0 0 181
1 12 30 25.5 -2 0 0 234
1 12 31 30.6164 1.4845 4.75806 0.431443 789
1 12 32 25.5 -2 0 0 371
1 12 33 25.5 -2 0 0 292
1 12 34 0 -10 0 0 131
1 12 35 25.5 -2 0 0 463
1 12 36 25.5 -2 0 0 211
1 12 37 0 -10 0 0 0
1 12 38 27.7495 1.48347 6.03229 0.426318 527
1 12 39 0 -10 0 0 168
1 12 40 0 -10 0 0 181
1 12 41 25.5 -2 0 0 321
1 12 42 0 -10 0 0 182
1 12 43 0 -10 0 0 164
1 12 44 25.5 -2 0 0 275
1 12 45 31.1652 2.14939 6.70498 0.375412 241
1 12 46 0 -10 0 0 138
1 12 47 31.2317 3.11122 6.43697 0.476978 365
1 12 48 25.5 -2 0 0 249
1 12 49 0 -10 0 0 186
1 12 50 25.5 -2 0 0 214
1 12 51 0 -10 0 0 126
1 12 52 0 -10 0 0 152
1 12 53 29.5 -2 0 0 287
1 12 54 0 -10 0 0 197
1 12 55 0 -10 0 0 128
1 12 56 0 -10 0 0 167
1 12 57 0 -10 0 0 150
1 12 58 0 -10 0 0 0
1 12 59 0 -10 0 0 137
1 12 60 25.5 -2 0 0 241
1 12 61 0 -10 0 0 113
1 12 62 0 -10 0 0 109
1 12 63 0 -10 0 0 139
1 13 0 32.1142 -3 0 0 106
1 13 1 32.1142 -3 0 0 102
1 13 2 32.1142 -3 0 0 77
1 13 3 32.1142 -3 0 0 60
1 13 4 32.1142 -3 0 0 52
1 13 5 32.1142 -3 0 0 73
1 13 6 32.1142 -3 0 0 49
1 13 7 32.1142 -3 0 0 36
1 13 8 32.1142 -3 0 0 67
1 13 9 32.1142 -3 0 0 56
1 13 10 32.1142 -3 0 0 48
1 13 11 32.1142 -3 0 0 67
1 13 12 32.1142 -3 0 0 62
1 13 13 32.1142 -3 0 0 40
1 13 14 32.1142 -3 0 0 130
1 13 15 32.1142 -3 0 0 40
1 13 16 32.1142 -3 0 0 28
1 13 17 32.1142 -3 0 0 120
1 13 18 32.1142 -3 0 0 74
1 13 19 32.1142 -3 0 0 34
1 13 20 32.1142 -3 0 0 64
1 13 21 32.1142 -3 0 0 52
1 13 22 32.1142 -3 0 0 42
1 13 23 32.1142 -3 0 0 77
1 13 24 32.1142 -3 0 0 76
1 13 25 32.1142 -3 0 0 30
1 13 26 32.1142 -3 0 0 128
1 13 27 32.1142 -3 0 0 42
1 13 28 32.1142 -3 0 0 45
1 13 29 32.1142 -3 0 0 85
1 13 30 32.1142 -3 0 0 55
1 13 31 32.1142 -3 0 0 41
1 13 32 32.1142 -3 0 0 30
1 13 33 32.1142 -3 0 0 43
1 13 34 32.1142 -3 0 0 146
1 13 35 32.1142 -3 0 0 46
1 13 36 32.1142 -3 0 0 48
1 13 37 0 -10 0 0 0
1 13 38 32.1142 -3 0 0 57
1 13 39 32.1142 -3 0 0 120
1 13 40 32.1142 -3 0 0 72
1 13 41 32.1142 -3 0 0 47
1 13 42 32.1142 -3 0 0 78
1 13 43 32.1142 -3 0 0 104
1 13 44 32.1142 -3 0 0 63
1 13 45 32.1142 -3 0 0 62
1 13 46 32.1142 -3 0 0 151
1 13 47 32.1142 -3 0 0 59
1 13 48 32.1142 -3 0 0 61
1 13 49 32.1142 -3 0 0 74
1 13 50 32.1142 -3 0 0 62
1 13 51 32.1142 -3 0 0 150
1 13 52 32.1142 -3 0 0 109
1 13 53 32.1142 -3 0 0 61
1 13 54 32.1142 -3 0 0 96
1 13 55 32.1142 -3 0 0 128
1 13 56 32.1142 -3 0 0 100
1 13 57 32.1142 -3 0 0 139
1 13 58 32.1142 -3 0 0 115
1 13 59 32.1142 -3 0 0 169
1 13 60 32.1142 -3 0 0 79
1 13 61 25.5 -2 0 0 242
1 13 62 29.5 -2 0 0 201
1 13 63 32.1142 -3 0 0 92
1 14 0 35.0862 -3 0 0 133
1 14 1 35.0862 -3 0 0 104
1 14 2 35.0862 -3 0 0 138
1 14 3 35.0862 -3 0 0 101
1 14 4 35.0862 -3 0 0 78
1 14 5 35.0862 -3 0 0 101
1 14 6 35.0862 -3 0 0 180
1 14 7 35.0862 -3 0 0 149
1 14 8 35.0862 -3 0 0 83
1 14 9 35.0862 -3 0 0 186
1 14 10 29.5 -2 0 0 242
1 14 11 35.0862 -3 0 0 74
1 14 12 35.0862 -3 0 0 139
1 14 13 35.0862 -3 0 0 98
1 14 14 35.0862 -3 0 0 73
1 14 15 35.0862 -3 0 0 77
1 14 16 35.8246 2.17785 6.19896 0.340945 337
1 14 17 35.0862 -3 0 0 60
1 14 18 35.0862 -3 0 0 78
1 14 19 35.0862 -3 0 0 140
1 14 20 35.0862 -3 0 0 67
1 14 21 35.0862 -3 0 0 158
1 14 22 35.0862 -3 0 0 160
1 14 23 35.0862 -3 0 0 51
1 14 24 35.0862 -3 0 0 88
1 14 25 35.0862 -3 0 0 138
1 14 26 35.0862 -3 0 0 74
1 14 27 35.0862 -3 0 0 88
1 14 28 35.0862 -3 0 0 87
1 14 29 35.0862 -3 0 0 63
1 14 30 35.0862 -3 0 0 91
1 14 31 35.0862 -3 0 0 83
1 14 32 35.0862 -3 0 0 60
1 14 33 35.0862 -3 0 0 58
1 14 34 35.0862 -3 0 0 65
1 14 35 35.0862 -3 0 0 81
1 14 36 35.0862 -3 0 0 49
1 14 37 0 -10 0 0 0
1 14 38 35.0862 -3 0 0 70
1 14 39 35.0862 -3 0 0 41
1 14 40 35.0862 -3 0 0 64
1 14 41 35.0862 -3 0 0 87
1 14 42 35.0862 -3 0 0 55
1 14 43 35.0862 -3 0 0 43
1 14 44 35.0862 -3 0 0 64
1 14 45 35.0862 -3 0 0 57
1 14 46 35.0862 -3 0 0 58
1 14 47 35.0862 -3 0 0 39
1 14 48 35.0862 -3 0 0 49
1 14 49 35.0862 -3 0 0 51
1 14 50 35.0862 -3 0 0 66
1 14 51 35.0862 -3 0 0 25
1 14 52 35.0862 -3 0 0 43
1 14 53 35.0862 -3 0 0 39
1 14 54 35.0862 -3 0 0 42
1 14 55 35.0862 -3 0 0 42
1 14 56 35.0862 -3 0 0 45
1 14 57 35.0862 -3 0 0 26
1 14 58 35.0862 -3 0 0 49
1 14 59 35.0862 -3 0 0 51
1 14 60 35.0862 -3 0 0 39
1 14 61 35.0862 -3 0 0 38
1 14 62 35.0862 -3 0 0 48
1 14 63 35.0862 -3 0 0 38
1 15 0 33.0328 -3 0 0 42
1 15 1 33.0328 -3 0 0 28
1 15 2 33.0328 -3 0 0 27
1 15 3 33.0328 -3 0 0 26
1 15 4 33.0328 -3 0 0 22
1 15 5 33.0328 -3 0 0 20
1 15 6 33.0328 -3 0 0 20
1 15 7 33.0328 -3 0 0 27
1 15 8 33.0328 -3 0 0 32
1 15 9 33.0328 -3 0 0 29
1 15 10 33.0328 -3 0 0 20
1 15 11 33.0328 -3 0 0 33
1 15 12 33.0328 -3 0 0 38
1 15 13 33.0328 -3 0 0 21
1 15 14 33.0328 -3 0 0 37
1 15 15 33.0328 -3 0 0 36
1 15 16 33.0328 -3 0 0 8
1 15 17 33.0328 -3 0 0 50
1 15 18 33.0328 -3 0 0 29
1 15 19 33.0328 -3 0 0 25
1 15 20 33.0328 -3 0 0 35
1 15 21 33.0328 -3 0 0 20
1 15 22 33.0328 -3 0 0 24
1 15 23 33.0328 -3 0 0 42
1 15 24 33.0328 -3 0 0 40
1 15 25 33.0328 -3 0 0 28
1 15 26 33.0328 -3 0 0 59
1 15 27 33.0328 -3 0 0 28
1 15 28 33.0328 -3 0 0 34
1 15 29 33.0328 -3 0 0 45
1 15 30 33.0328 -3 0 0 29
1 15 31 33.0328 -3 0 0 44
1 15 32 33.0328 -3 0 0 30
1 15 33 33.0328 -3 0 0 25
1 15 34 33.0328 -3 0 0 50
1 15 35 33.0328 -3 0 0 37
1 15 36 33.0328 -3 0 0 23
1 15 37 0 -10 0 0 0
1 15 38 33.0328 -3 0 0 31
1 15 39 33.0328 -3 0 0 56
1 15 40 33.0328 -3 0 0 53
1 15 41 33.0328 -3 0 0 37
1 15 42 33.0328 -3 0 0 28
1 15 43 33.0328 -3 0 0 62
1 15 44 33.0328 -3 0 0 49
1 15 45 33.0328 -3 0 0 28
1 15 46 33.0328 -3 0 0 64
1 15 47 33.0328 -3 0 0 42
1 15 48 33.0328 -3 0 0 37
1 15 49 33.0328 -3 0 0 44
1 15 50 33.0328 -3 0 0 41
1 15 51 33.0328 -3 0 0 74
1 15 52 33.0328 -3 0 0 58
1 15 53 33.0328 -3 0 0 40
1 15 54 33.0328 -3 0 0 44
1 15 55 33.0328 -3 0 0 59
1 15 56 33.0328 -3 0 0 76
1 15 57 33.0328 -3 0 0 76
1 15 58 33.0328 -3 0 0 61
1 15 59 33.0328 -3 0 0 69
1 15 60 33.0328 -3 0 0 49
1 15 61 33.0328 -3 0 0 117
1 15 62 33.0328 -3 0 0 82
1 15 63 33.0328 -3 0 0 49
2 0 0 29.7234 -3 0 0 105
2 0 1 29.7234 -3 0 0 87
2 0 2 29.7234 -3 0 0 83
2 0 3 29.7234 -3 0 0 68
2 0 4 29.7234 -3 0 0 84
2 0 5 29.7234 -3 0 0 72
2 0 6 29.7234 -3 0 0 87
2 0 7 29.7234 -3 0 0 60
2 0 8 29.7234 -3 0 0 67
2 0 9 29.7234 -3 0 0 51
2 0 10 29.7234 -3 0 0 55
2 0 11 29.7234 -3 0 0 90
2 0 12 29.7234 -3 0 0 49
2 0 13 29.7234 -3 0 0 57
2 0 14 29.7234 -3 0 0 102
2 0 15 29.7234 -3 0 0 54
2 0 16 29.7234 -3 0 0 44
2 0 17 29.7234 -3 0 0 98
2 0 18 29.7234 -3 0 0 64
2 0 19 29.7234 -3 0 0 69
2 0 20 29.7234 -3 0 0 84
2 0 21 29.7234 -3 0 0 72
2 0 22 29.7234 -3 0 0 32
2 0 23 29.7234 -3 0 0 116
2 0 24 29.7234 -3 0 0 104
2 0 25 29.7234 -3 0 0 78
2 0 26 29.7234 -3 0 0 155
2 0 27 29.7234 -3 0 0 61
2 0 28 29.7234 -3 0 0 71
2 0 29 29.7234 -3 0 0 139
2 0 30 29.7234 -3 0 0 76
2 0 31 29.7234 -3 0 0 92
2 0 32 29.7234 -3 0 0 98
2 0 33 29.7234 -3 0 0 72
2 0 34 29.7234 -3 0 0 169
2 0 35 29.7234 -3 0 0 84
2 0 36 29.7234 -3 0 0 67
2 0 37 29.7234 -3 0 0 95
2 0 38 29.7234 -3 0 0 109
2 0 39 29.7234 -3 0 0 190
2 0 40 29.7234 -3 0 0 91
2 0 41 29.7234 -3 0 0 91
2 0 42 29.7234 -3 0 0 106
2 0 43 29.7234 -3 0 0 130
2 0 44 29.7234 -3 0 0 102
2 0 45 29.7234 -3 0 0 108
2 0 46 29.7234 -3 0 0 186
2 0 47 29.7234 -3 0 0 126
2 0 48 29.7234 -3 0 0 96
2 0 49 29.7234 -3 0 0 140
2 0 50 29.7234 -3 0 0 120
2 0 51 25.5 -2 0 0 324
2 0 52 29.7234 -3 0 0 147
2 0 53 29.7234 -3 0 0 119
2 0 54 29.7234 -3 0 0 106
2 0 55 25.5 -2 0 0 224
2 0 56 21.5 -2 0 0 212
2 0 57 25.5 -2 0 0 274
2 0 58 29.7234 -3 0 0 132
2 0 59 21.5 -2 0 0 208
2 0 60 29.7234 -3 0 0 181
2 0 61 21.5 -2 0 0 379
2 0 62 21.5 -2 0 0 310
2 0 63 29.7234 -3 0 0 148
2 1 0 25.5 -2 0 0 368
2 1 1 25.5 -2 0 0 439
2 1 2 25.5 -2 0 0 408
2 1 3 29.2602 1.57401 5.38106 0.295506 289
2 1 4 0 -10 0 0 195
2 1 5 25.5 -2 0 0 293
2 1 6 25.5 -2 0 0 450
2 1 7 25.5 -2 0 0 359
2 1 8 25.5 -2 0 0 282
2 1 9 29.1422 1.54813 6.09611 0.454338 572
2 1 10 30.9855 1.82369 7.06612 0.228213 538
2 1 11 29.5 -2 0 0 210
2 1 12 28.6324 2.76366 7.00696 0.38243 276
2 1 13 25.5 -2 0 0 249
2 1 14 25.5 -2 0 0 242
2 1 15 25.5 -2 0 0 214
2 1 16 29.9067 1.20466 4.70618 0.464668 746
2 1 17 25.5 -2 0 0 206
2 1 18 25.5 -2 0 0 201
2 1 19 25.5 -2 0 0 260
2 1 20 0 -10 0 0 131
2 1 21 25.5 -2 0 0 539
2 1 22 25.5 -2 0 0 317
2 1 23 0 -10 0 0 129
2 1 24 31.1233 3.03772 7.38759 0.378311 251
2 1 25 25.5 -2 0 0 223
2 1 26 0 -10 0 0 199
2 1 27 0 -10 0 0 147
2 1 28 0 -10 0 0 167
2 1 29 0 -10 0 0 130
2 1 30 0 -10 0 0 156
2 1 31 0 -10 0 0 155
2 1 32 0 -10 0 0 146
2 1 33 0 -10 0 0 114
2 1 34 0 -10 0 0 156
2 1 35 0 -10 0 0 128
2 1 36 0 -10 0 0 95
2 1 37 0 -10 0 0 116
2 1 38 0 -10 0 0 83
2 1 39 0 -10 0 0 93
2 1 40 0 -10 0 0 104
2 1 41 0 -10 0 0 118
2 1 42 0 -10 0 0 93
2 1 43 0 -10 0 0 109
2 1 44 0 -10 0 0 104
2 1 45 0 -10 0 0 119
2 1 46 0 -10 0 0 142
2 1 47 0 -10 0 0 104
2 1 48 0 -10 0 0 113
2 1 49 0 -10 0 0 97
2 1 50 0 -10 0 0 78
2 1 51 0 -10 0 0 62
2 1 52 0 -10 0 0 87
2 1 53 0 -10 0 0 67
2 1 54 0 -10 0 0 97
2 1 55 0 -10 0 0 75
2 1 56 0 -10 0 0 68
2 1 57 0 -10 0 0 76
2 1 58 0 -10 0 0 91
2 1 59 0 -10 0 0 105
2 1 60 0 -10 0 0 92
2 1 61 0 -10 0 0 79
2 1 62 0 -10 0 0 107
2 1 63 0 -10 0 0 85
2 2 0 29.5 -2 0 0 329
2 2 1 29.5 -2 0 0 266
2 2 2 29.5 -2 0 0 209
2 2 3 34.0365 -3 0 0 136
2 2 4 25.5 -2 0 0 212
2 2 5 34.0365 -3 0 0 186
2 2 6 34.0365 -3 0 0 183
2 2 7 34.0365 -3 0 0 97
2 2 8 34.0365 -3 0 0 200
2 2 9 34.0365 -3 0 0 126
2 2 10 34.0365 -3 0 0 117
2 2 11 25.5 -2 0 0 220
2 2 12 34.0365 -3 0 0 149
2 2 13 34.0365 -3 0 0 99
2 2 14 29.5 -2 0 0 361
2 2 15 34.0365 -3 0 0 148
2 2 16 0 -10 0 0 0
2 2 17 25.5 -2 0 0 298
2 2 18 34.0365 -3 0 0 134
2 2 19 34.0365 -3 0 0 140
2 2 20 25.5 -2 0 0 251
2 2 21 34.0365 -3 0 0 183
2 2 22 34.0365 -3 0 0 105
2 2 23 29.5 -2 0 0 211
2 2 24 36.5499 2.79139 10.072 0.28963 231
2 2 25 34.0365 -3 0 0 78
2 2 26 32.3228 1.9631 7.215 0.376264 471
2 2 27 34.0365 -3 0 0 129
2 2 28 34.0365 -3 0 0 110
2 2 29 25.5 -2 0 0 327
2 2 30 34.0365 -3 0 0 135
2 2 31 34.0365 -3 0 0 108
2 2 32 34.0365 -3 0 0 120
2 2 33 34.0365 -3 0 0 139
2 2 34 33.0032 1.46465 6.37562 0.348116 465
2 2 35 34.0365 -3 0 0 121
2 2 36 32.3253 2.90425 8.34129 0.323886 209
2 2 37 25.5 -2 0 0 259
2 2 38 34.0365 -3 0 0 151
2 2 39 33.5 -2 0 0 246
2 2 40 33.5 -2 0 0 216
2 2 41 34.0365 -3 0 0 135
2 2 42 29.5 -2 0 0 281
2 2 43 32.9336 1.8805 6.39413 0.34559 382
2 2 44 34.0365 -3 0 0 155
2 2 45 34.0365 -3 0 0 160
2 2 46 33.2415 2.22764 8.02301 0.306654 642
2 2 47 34.0365 -3 0 0 74
2 2 48 34.0365 -3 0 0 188
2 2 49 29.5 -2 0 0 319
2 2 50 34.0365 -3 0 0 182
2 2 51 33.5 -2 0 0 595
2 2 52 25.5 -2 0 0 502
2 2 53 34.0365 -3 0 0 185
2 2 54 29.5 -2 0 0 223
2 2 55 25.5 -2 0 0 428
2 2 56 25.5 -2 0 0 304
2 2 57 30.6182 1.34491 4.63588 0.38648 466
2 2 58 31.3718 2.45818 5.8379 0.377931 330
2 2 59 30.1778 1.43008 5.16397 0.411312 742
2 2 60 37.5 -2 0 0 203
2 2 61 25.5 -2 0 0 1142
2 2 62 25.5 -2 0 0 862
2 2 63 31.6921 1.97892 6.07342 0.346782 345
2 3 0 31.2333 1.23876 5.39551 0.323302 503
2 3 1 29.5 -2 0 0 447
2 3 2 25.5 -2 0 0 638
2 3 3 29.3544 0.942389 4.16661 0.613454 508
2 3 4 29.5 -2 0 0 263
2 3 5 29.3532 2.6449 6.7398 0.327135 424
2 3 6 32.9955 1.53751 6.4029 0.633538 717
2 3 7 34.3828 1.39099 5.45779 0.609098 813
2 3 8 29.5 -2 0 0 352
2 3 9 33.7659 1.1232 6.11478 0.638944 897
2 3 10 31.8706 0.928016 5.23389 0.846349 1088
2 3 11 35.5916 2.54661 8.82509 0.385045 252
2 3 12 31.8351 1.54372 5.40191 0.36708 539
2 3 13 25.5 -2 0 0 468
2 3 14 31.6123 2.46763 5.3223 0.448582 345
2 3 15 31.368 1.47521 6.10103 0.312916 413
2 3 16 36.5994 1.23792 7.8097 0.595216 1613
2 3 17 29.5 -2 0 0 269
2 3 18 29.5 -2 0 0 315
2 3 19 32.1422 0.944677 5.0071 0.568605 624
2 3 20 29.5 -2 0 0 204
2 3 21 32.9546 1.34489 6.10058 0.589056 912
2 3 22 30.4611 1.12062 5.52465 0.395107 641
2 3 23 25.5 -2 0 0 243
2 3 24 29.5 -2 0 0 390
2 3 25 25.5 -2 0 0 536
2 3 26 25.5 -2 0 0 277
2 3 27 25.5 -2 0 0 285
2 3 28 31.2564 2.00625 6.94621 0.512821 377
2 3 29 29.5 -2 0 0 214
2 3 30 29.5 -2 0 0 243
2 3 31 33.3291 1.58779 5.65844 0.437349 558
2 3 32 25.5 -2 0 0 355
2 3 33 25.5 -2 0 0 293
2 3 34 29.5 -2 0 0 244
2 3 35 34.9155 2.0386 7.2617 0.337299 412
2 3 36 25.5 -2 0 0 225
2 3 37 34.7491 -3 0 0 181
2 3 38 33.0476 2.2603 8.36905 0.399621 359
2 3 39 34.7491 -3 0 0 189
2 3 40 34.7491 -3 0 0 169
2 3 41 25.5 -2 0 0 320
2 3 42 34.7491 -3 0 0 197
2 3 43 29.5 -2 0 0 225
2 3 44 30.0275 1.42338 5.41995 0.322631 239
2 3 45 25.5 -2 0 0 225
2 3 46 25.5 -2 0 0 201
2 3 47 29.5 -2 0 0 294
2 3 48 29.5 -2 0 0 283
2 3 49 34.7491 -3 0 0 184
2 3 50 25.5 -2 0 0 227
2 3 51 34.7491 -3 0 0 176
2 3 52 34.7491 -3 0 0 197
2 3 53 25.5 -2 0 0 243
2 3 54 34.7491 -3 0 0 200
2 3 55 25.5 -2 0 0 229
2 3 56 34.7491 -3 0 0 175
2 3 57 34.7491 -3 0 0 154
2 3 58 29.5 -2 0 0 215
2 3 59 25.5 -2 0 0 206
2 3 60 25.5 -2 0 0 205
2 3 61 34.7491 -3 0 0 179
2 3 62 34.7491 -3 0 0 174
2 3 63 34.7491 -3 0 0 192
2 4 0 25.5 -2 0 0 1025
2 4 1 29.7448 1.3938 5.52708 0.419087 599
2 4 2 33.5 -2 0 0 413
2 4 3 0 -10 0 0 160
2 4 4 25.5 -2 0 0 226
2 4 5 25.5 -2 0 0 293
2 4 6 30.0321 1.76588 6.29442 0.275775 334
2 4 7 0 -10 0 0 128
2 4 8 25.5 -2 0 0 342
2 4 9 25.5 -2 0 0 229
2 4 10 0 -10 0 0 172
2 4 11 25.5 -2 0 0 298
2 4 12 29.5 -2 0 0 220
2 4 13 0 -10 0 0 128
2 4 14 31.7103 1.63769 5.43965 0.334092 763
2 4 15 0 -10 0 0 165
2 4 16 0 -10 0 0 173
2 4 17 25.5 -2 0 0 401
2 4 18 0 -10 0 0 163
2 4 19 0 -10 0 0 114
2 4 20 0 -10 0 0 190
2 4 21 25.5 -2 0 0 322
2 4 22 0 -10 0 0 145
2 4 23 25.5 -2 0 0 265
2 4 24 28.5478 1.52786 5.54614 0.245897 528
2 4 25 0 -10 0 0 141
2 4 26 25.5 -2 0 0 650
2 4 27 0 -10 0 0 137
2 4 28 0 -10 0 0 96
2 4 29 25.5 -2 0 0 422
2 4 30 0 -10 0 0 191
2 4 31 0 -10 0 0 112
2 4 32 0 -10 0 0 115
2 4 33 0 -10 0 0 124
2 4 34 30.3419 1.30489 4.80388 0.450369 618
2 4 35 0 -10 0 0 98
2 4 36 0 -10 0 0 169
2 4 37 25.5 -2 0 0 225
2 4 38 0 -10 0 0 92
2 4 39 0 -10 0 0 150
2 4 40 25.5 -2 0 0 231
2 4 41 0 -10 0 0 107
2 4 42 0 -10 0 0 148
2 4 43 25.5 -2 0 0 320
2 4 44 0 -10 0 0 111
2 4 45 0 -10 0 0 127
2 4 46 30.4857 1.76061 5.21919 0.468891 508
2 4 47 0 -10 0 0 103
2 4 48 0 -10 0 0 125
2 4 49 25.5 -2 0 0 220
2 4 50 0 -10 0 0 119
2 4 51 25.5 -2 0 0 224
2 4 52 25.5 -2 0 0 272
2 4 53 0 -10 0 0 110
2 4 54 0 -10 0 0 163
2 4 55 25.5 -2 0 0 271
2 4 56 0 -10 0 0 168
2 4 57 25.5 -2 0 0 232
2 4 58 0 -10 0 0 171
2 4 59 25.5 -2 0 0 366
2 4 60 0 -10 0 0 130
2 4 61 29.8538 2.15907 7.58666 0.358276 346
2 4 62 25.5 -2 0 0 361
2 4 63 0 -10 0 0 178
2 5 0 25.5 -2 0 0 211
2 5 1 25.5 -2 0 0 231
2 5 2 25.5 -2 0 0 305
2 5 3 29.5985 2.18169 5.38627 0.33744 307
2 5 4 25.5 -2 0 0 284
2 5 5 25.5 -2 0 0 253
2 5 6 25.5 -2 0 0 285
2 5 7 25.5 -2 0 0 323
2 5 8 25.7475 2.24555 3.89904 0.409756 316
2 5 9 25.5 -2 0 0 297
2 5 10 25.5 -2 0 0 358
2 5 11 25.5 -2 0 0 307
2 5 12 27.454 2.61197 6.0246 0.300595 286
2 5 13 25.5 -2 0 0 337
2 5 14 25.5 -2 0 0 207
2 5 15 25.5 -2 0 0 328
2 5 16 25.5 -2 0 0 369
2 5 17 25.5 -2 0 0 235
2 5 18 27.8674 1.79025 4.6158 0.467899 323
2 5 19 31.2359 1.42299 5.77035 0.308792 500
2 5 20 25.5 -2 0 0 337
2 5 21 21.5 -2 0 0 309
2 5 22 27.6394 1.44979 5.17048 0.267118 295
2 5 23 25.5 -2 0 0 297
2 5 24 31.675 -3 0 0 196
2 5 25 31.5643 2.04211 7.7082 0.497157 475
2 5 26 25.5 -2 0 0 275
2 5 27 25.5 -2 0 0 350
2 5 28 29.562 1.45699 5.15701 0.350755 415
2 5 29 30.9779 2.24891 6.91325 0.312111 272
2 5 30 25.5 -2 0 0 308
2 5 31 29.223 1.4053 5.59976 0.385739 684
2 5 32 30.6319 1.70844 6.1408 0.55631 429
2 5 33 27.5949 2.49617 6.92649 0.486075 366
2 5 34 25.5 -2 0 0 333
2 5 35 28.2095 0.897256 3.86616 0.548418 745
2 5 36 25.5 -2 0 0 365
2 5 37 25.5 -2 0 0 348
2 5 38 31.7596 1.3646 6.37683 0.439689 1028
2 5 39 30.4674 1.18471 5.59156 0.548834 1005
2 5 40 28.6364 2.4112 5.59086 0.335855 434
2 5 41 29.6207 1.28356 5.13047 0.440657 490
2 5 42 28.204 1.32229 5.06466 0.360781 333
2 5 43 28.156 1.64707 5.60085 0.36353 319
2 5 44 25.5 -2 0 0 646
2 5 45 28.4479 1.40841 5.1624 0.345745 525
2 5 46 25.5 -2 0 0 326
2 5 47 25.5 -2 0 0 1726
2 5 48 28.5998 2.22942 6.18188 0.454884 421
2 5 49 29.0923 2.20518 7.30743 0.260827 380
2 5 50 30.2612 1.79457 6.56178 0.431275 619
2 5 51 30.661 1.78671 6.52448 0.450795 812
2 5 52 25.5 -2 0 0 385
2 5 53 25.5 -2 0 0 1398
2 5 54 29.9601 1.62345 6.65233 0.52637 482
2 5 55 27.3372 2.37411 5.29524 0.403759 505
2 5 56 30.7019 1.7103 5.98215 0.471029 1023
2 5 57 28.5146 1.35922 6.14701 0.278318 704
2 5 58 21.5 -2 0 0 480
2 5 59 25.5 -2 0 0 385
2 5 60 31.3326 1.325 6.41636 0.423719 1334
2 5 61 26.8116 1.1087 4.18918 0.548523 499
2 5 62 21.5 -2 0 0 421
2 5 63 24.4987 2.4246 5.31749 0.418536 428
2 6 0 34.9867 2.1234 6.07839 0.282068 355
2 6 1 33.3546 3.14652 6.45113 0.263999 232
2 6 2 34.8993 -3 0 0 194
2 6 3 34.8993 -3 0 0 83
2 6 4 34.8993 -3 0 0 110
2 6 5 34.8993 -3 0 0 132
2 6 6 34.8993 -3 0 0 190
2 6 7 34.8993 -3 0 0 78
2 6 8 34.8993 -3 0 0 163
2 6 9 34.8993 -3 0 0 130
2 6 10 34.8993 -3 0 0 94
2 6 11 34.8993 -3 0 0 118
2 6 12 34.8993 -3 0 0 116
2 6 13 34.8993 -3 0 0 74
2 6 14 33.5 -2 0 0 223
2 6 15 34.8993 -3 0 0 72
2 6 16 34.8993 -3 0 0 121
2 6 17 34.8993 -3 0 0 124
2 6 18 34.8993 -3 0 0 86
2 6 19 34.8993 -3 0 0 68
2 6 20 34.8993 -3 0 0 89
2 6 21 34.8993 -3 0 0 142
2 6 22 34.8993 -3 0 0 75
2 6 23 34.8993 -3 0 0 98
2 6 24 34.8993 -3 0 0 191
2 6 25 34.8993 -3 0 0 69
2 6 26 34.8993 -3 0 0 172
2 6 27 34.8993 -3 0 0 65
2 6 28 34.8993 -3 0 0 71
2 6 29 34.8993 -3 0 0 103
2 6 30 34.8993 -3 0 0 66
2 6 31 34.8993 -3 0 0 48
2 6 32 34.8993 -3 0 0 59
2 6 33 34.8993 -3 0 0 62
2 6 34 34.8993 -3 0 0 159
2 6 35 34.8993 -3 0 0 48
2 6 36 34.8993 -3 0 0 74
2 6 37 34.8993 -3 0 0 68
2 6 38 34.8993 -3 0 0 41
2 6 39 34.8993 -3 0 0 59
2 6 40 34.8993 -3 0 0 54
2 6 41 34.8993 -3 0 0 60
2 6 42 34.8993 -3 0 0 66
2 6 43 34.8993 -3 0 0 107
2 6 44 34.8993 -3 0 0 39
2 6 45 34.8993 -3 0 0 55
2 6 46 34.8993 -3 0 0 126
2 6 47 34.8993 -3 0 0 40
2 6 48 34.8993 -3 0 0 51
2 6 49 34.8993 -3 0 0 65
2 6 50 34.8993 -3 0 0 49
2 6 51 34.8993 -3 0 0 59
2 6 52 34.8993 -3 0 0 77
2 6 53 34.8993 -3 0 0 55
2 6 54 34.8993 -3 0 0 72
2 6 55 34.8993 -3 0 0 69
2 6 56 34.8993 -3 0 0 46
2 6 57 34.8993 -3 0 0 57
2 6 58 34.8993 -3 0 0 59
2 6 59 34.8993 -3 0 0 75
2 6 60 34.8993 -3 0 0 47
2 6 61 34.8993 -3 0 0 101
2 6 62 34.8993 -3 0 0 90
2 6 63 34.8993 -3 0 0 67
2 7 0 33.8062 -3 0 0 93
2 7 1 33.8062 -3 0 0 56
2 7 2 33.8062 -3 0 0 72
2 7 3 33.8062 -3 0 0 79
2 7 4 33.8062 -3 0 0 80
2 7 5 33.8062 -3 0 0 99
2 7 6 33.8062 -3 0 0 64
2 7 7 33.8062 -3 0 0 93
2 7 8 33.8062 -3 0 0 74
2 7 9 33.8062 -3 0 0 76
2 7 10 33.8062 -3 0 0 82
2 7 11 33.8062 -3 0 0 117
2 7 12 33.8062 -3 0 0 84
2 7 13 33.8062 -3 0 0 103
2 7 14 33.8062 -3 0 0 87
2 7 15 33.8062 -3 0 0 118
2 7 16 33.8062 -3 0 0 78
2 7 17 33.8062 -3 0 0 124
2 7 18 33.8062 -3 0 0 101
2 7 19 33.8062 -3 0 0 118
2 7 20 33.8062 -3 0 0 114
2 7 21 33.8062 -3 0 0 87
2 7 22 33.8062 -3 0 0 70
2 7 23 33.8062 -3 0 0 133
2 7 24 33.8062 -3 0 0 92
2 7 25 33.8062 -3 0 0 159
2 7 26 33.8062 -3 0 0 90
2 7 27 33.8062 -3 0 0 141
2 7 28 33.8062 -3 0 0 123
2 7 29 33.8062 -3 0 0 110
2 7 30 33.8062 -3 0 0 112
2 7 31 33.8062 -3 0 0 196
2 7 32 33.8062 -3 0 0 138
2 7 33 33.8062 -3 0 0 176
2 7 34 33.8062 -3 0 0 126
2 7 35 33.5 -2 0 0 249
2 7 36 33.8062 -3 0 0 153
2 7 37 33.8062 -3 0 0 127
2 7 38 29.5992 2.87606 6.31217 0.31766 365
2 7 39 31.3701 1.79203 5.27642 0.461916 482
2 7 40 33.8062 -3 0 0 137
2 7 41 29.5 -2 0 0 218
2 7 42 33.8062 -3 0 0 170
2 7 43 33.8062 -3 0 0 150
2 7 44 33.1423 1.94216 6.25519 0.26966 320
2 7 45 29.5 -2 0 0 220
2 7 46 33.8062 -3 0 0 162
2 7 47 33.2193 1.2832 5.76557 0.424291 637
2 7 48 29.5 -2 0 0 201
2 7 49 33.8062 -3 0 0 152
2 7 50 33.2754 2.75221 8.08743 0.402924 270
2 7 51 25.5 -2 0 0 323
2 7 52 33.8062 -3 0 0 154
2 7 53 31.9051 2.29449 7.75316 0.281458 562
2 7 54 29.5 -2 0 0 340
2 7 55 31.6147 2.80155 8.21204 0.355962 227
2 7 56 25.5 -2 0 0 456
2 7 57 25.5 -2 0 0 441
2 7 58 25.5 -2 0 0 283
2 7 59 33.8062 -3 0 0 176
2 7 60 30.1463 1.88684 5.92085 0.5002 564
2 7 61 31.3148 1.91398 6.31564 0.368531 339
2 7 62 25.5 -2 0 0 269
2 7 63 25.5 -2 0 0 229
2 8 0 31.2457 -3 0 0 85
2 8 1 31.2457 -3 0 0 64
2 8 2 31.2457 -3 0 0 83
2 8 3 31.2457 -3 0 0 81
2 8 4 31.2457 -3 0 0 97
2 8 5 31.2457 -3 0 0 80
2 8 6 31.2457 -3 0 0 78
2 8 7 31.2457 -3 0 0 141
2 8 8 31.2457 -3 0 0 79
2 8 9 31.2457 -3 0 0 112
2 8 10 31.2457 -3 0 0 72
2 8 11 31.2457 -3 0 0 89
2 8 12 31.2457 -3 0 0 84
2 8 13 31.2457 -3 0 0 135
2 8 14 31.2457 -3 0 0 97
2 8 15 31.2457 -3 0 0 110
2 8 16 31.2457 -3 0 0 133
2 8 17 31.2457 -3 0 0 97
2 8 18 31.2457 -3 0 0 96
2 8 19 31.2457 -3 0 0 165
2 8 20 31.2457 -3 0 0 95
2 8 21 31.2457 -3 0 0 88
2 8 22 31.2457 -3 0 0 103
2 8 23 31.2457 -3 0 0 75
2 8 24 31.2457 -3 0 0 82
2 8 25 31.2457 -3 0 0 1
2 8 26 31.2457 -3 0 0 83
2 8 27 31.2457 -3 0 0 132
2 8 28 31.2457 -3 0 0 140
2 8 29 31.2457 -3 0 0 111
2 8 30 31.2457 -3 0 0 99
2 8 31 25.5 -2 0 0 272
2 8 32 31.2457 -3 0 0 142
2 8 33 31.2457 -3 0 0 153
2 8 34 31.2457 -3 0 0 102
2 8 35 31.622 2.61593 7.58148 0.226972 314
2 8 36 31.2457 -3 0 0 130
2 8 37 31.2457 -3 0 0 94
2 8 38 25.5 -2 0 0 454
2 8 39 25.5 -2 0 0 363
2 8 40 31.2457 -3 0 0 106
2 8 41 31.6821 3.07996 6.71664 0.334258 234
2 8 42 31.2457 -3 0 0 131
2 8 43 31.2457 -3 0 0 95
2 8 44 25.5 -2 0 0 282
2 8 45 31.2457 -3 0 0 187
2 8 46 31.2457 -3 0 0 98
2 8 47 25.5 -2 0 0 736
2 8 48 31.2457 -3 0 0 141
2 8 49 31.2457 -3 0 0 121
2 8 50 25.5 -2 0 0 251
2 8 51 25.5 -2 0 0 211
2 8 52 31.2457 -3 0 0 152
2 8 53 29.8797 1.21047 4.64249 0.293141 517
2 8 54 25.5 -2 0 0 237
2 8 55 31.2457 -3 0 0 160
2 8 56 25.5 -2 0 0 303
2 8 57 25.5 -2 0 0 278
2 8 58 25.5 -2 0 0 201
2 8 59 31.2457 -3 0 0 129
2 8 60 25.5 -2 0 0 394
2 8 61 31.2457 -3 0 0 190
2 8 62 31.2457 -3 0 0 177
2 8 63 31.2457 -3 0 0 175
2 9 0 34.2362 -3 0 0 172
2 9 1 34.2362 -3 0 0 125
2 9 2 34.2362 -3 0 0 100
2 9 3 34.2362 -3 0 0 44
2 9 4 34.2362 -3 0 0 53
2 9 5 34.2362 -3 0 0 57
2 9 6 34.2362 -3 0 0 101
2 9 7 34.2362 -3 0 0 48
2 9 8 34.2362 -3 0 0 79
2 9 9 34.2362 -3 0 0 70
2 9 10 34.2362 -3 0 0 51
2 9 11 34.2362 -3 0 0 64
2 9 12 34.2362 -3 0 0 64
2 9 13 34.2362 -3 0 0 45
2 9 14 34.2362 -3 0 0 117
2 9 15 34.2362 -3 0 0 39
2 9 16 34.2362 -3 0 0 19
2 9 17 34.2362 -3 0 0 59
2 9 18 34.2362 -3 0 0 37
2 9 19 34.2362 -3 0 0 25
2 9 20 34.2362 -3 0 0 26
2 9 21 34.2362 -3 0 0 62
2 9 22 34.2362 -3 0 0 41
2 9 23 34.2362 -3 0 0 55
2 9 24 34.2362 -3 0 0 102
2 9 25 34.2362 -3 0 0 37
2 9 26 34.2362 -3 0 0 100
2 9 27 34.2362 -3 0 0 27
2 9 28 34.2362 -3 0 0 31
2 9 29 34.2362 -3 0 0 71
2 9 30 34.2362 -3 0 0 36
2 9 31 34.2362 -3 0 0 30
2 9 32 34.2362 -3 0 0 23
2 9 33 34.2362 -3 0 0 27
2 9 34 34.2362 -3 0 0 90
2 9 35 34.2362 -3 0 0 30
2 9 36 34.2362 -3 0 0 27
2 9 37 34.2362 -3 0 0 54
2 9 38 34.2362 -3 0 0 40
2 9 39 34.2362 -3 0 0 42
2 9 40 34.2362 -3 0 0 34
2 9 41 34.2362 -3 0 0 36
2 9 42 34.2362 -3 0 0 36
2 9 43 34.2362 -3 0 0 64
2 9 44 34.2362 -3 0 0 22
2 9 45 34.2362 -3 0 0 25
2 9 46 34.2362 -3 0 0 76
2 9 47 34.2362 -3 0 0 27
2 9 48 34.2362 -3 0 0 32
2 9 49 34.2362 -3 0 0 26
2 9 50 34.2362 -3 0 0 27
2 9 51 34.2362 -3 0 0 26
2 9 52 34.2362 -3 0 0 58
2 9 53 34.2362 -3 0 0 23
2 9 54 34.2362 -3 0 0 37
2 9 55 34.2362 -3 0 0 61
2 9 56 34.2362 -3 0 0 34
2 9 57 34.2362 -3 0 0 35
2 9 58 34.2362 -3 0 0 35
2 9 59 34.2362 -3 0 0 73
2 9 60 34.2362 -3 0 0 27
2 9 61 34.2362 -3 0 0 76
2 9 62 34.2362 -3 0 0 55
2 9 63 34.2362 -3 0 0 51
2 10 0 31.8424 -3 0 0 153
2 10 1 31.8424 -3 0 0 144
2 10 2 31.8424 -3 0 0 181
2 10 3 30.556 3.054 7.49131 0.427568 308
2 10 4 31.8424 -3 0 0 189
2 10 5 25.5 -2 0 0 230
2 10 6 25.5 -2 0 0 210
2 10 7 25.5 -2 0 0 618
2 10 8 31.8424 -3 0 0 174
2 10 9 25.5 -2 0 0 301
2 10 10 25.5 -2 0 0 263
2 10 11 25.5 -2 0 0 201
2 10 12 25.5 -2 0 0 248
2 10 13 27.8596 2.55766 7.13069 0.400216 444
2 10 14 31.8424 -3 0 0 151
2 10 15 25.5 -2 0 0 311
2 10 16 30.2887 2.16922 8.44787 0.376957 466
2 10 17 31.8424 -3 0 0 162
2 10 18 29.2342 2.61823 6.08663 0.458672 275
2 10 19 30.5445 1.45347 5.62267 0.503842 653
2 10 20 25.5 -2 0 0 245
2 10 21 25.5 -2 0 0 265
2 10 22 25.5 -2 0 0 322
2 10 23 25.5 -2 0 0 201
2 10 24 31.8424 -3 0 0 159
2 10 25 29.852 1.15971 5.28498 0.518323 889
2 10 26 31.8424 -3 0 0 183
2 10 27 30.1721 1.80318 7.09363 0.348509 364
2 10 28 25.5 -2 0 0 482
2 10 29 25.5 -2 0 0 210
2 10 30 25.5 -2 0 0 245
2 10 31 31.3796 1.15582 5.97331 0.261306 1146
2 10 32 29.8241 1.43371 5.32633 0.427038 528
2 10 33 25.5 -2 0 0 402
2 10 34 31.8424 -3 0 0 28
2 10 35 30.667 1.26756 5.52007 0.375861 1364
2 10 36 30.6733 1.26312 5.17854 0.370632 314
2 10 37 31.8424 -3 0 0 176
2 10 38 31.4232 1.01941 6.04706 0.444498 1906
2 10 39 30.3919 1.4741 4.9539 0.455027 654
2 10 40 25.5 -2 0 0 280
2 10 41 25.5 -2 0 0 642
2 10 42 25.5 -2 0 0 322
2 10 43 25.5 -2 0 0 243
2 10 44 30.1776 1.31487 5.51694 0.491326 843
2 10 45 25.5 -2 0 0 581
2 10 46 31.8424 -3 0 0 14
2 10 47 25.5 -2 0 0 3018
2 10 48 30.299 1.90922 5.62774 0.343788 363
2 10 49 25.5 -2 0 0 277
2 10 50 30.4893 1.43612 5.67412 0.318326 580
2 10 51 25.5 -2 0 0 272
2 10 52 25.5 -2 0 0 228
2 10 53 27.2211 0.811343 3.76583 0.381956 441
2 10 54 28.1363 1.10974 4.35944 0.322064 433
2 10 55 25.5 -2 0 0 265
2 10 56 30.5882 1.89519 6.80696 0.442894 307
2 10 57 29.3351 2.17481 7.97834 0.410885 361
2 10 58 28.0658 1.19816 4.07759 0.476419 347
2 10 59 31.8424 -3 0 0 191
2 10 60 29.2726 1.12732 5.49423 0.356003 873
2 10 61 31.8424 -3 0 0 163
2 10 62 25.5 -2 0 0 245
2 10 63 26.6361 1.22167 4.49046 0.380898 328
2 11 0 29.5 -2 0 0 363
2 11 1 25.5 -2 0 0 304
2 11 2 29.5 -2 0 0 229
2 11 3 30.1923 -3 0 0 106
2 11 4 30.1923 -3 0 0 134
2 11 5 30.1923 -3 0 0 162
2 11 6 30.1923 -3 0 0 172
2 11 7 30.1923 -3 0 0 65
2 11 8 30.1923 -3 0 0 168
2 11 9 30.1923 -3 0 0 118
2 11 10 30.1923 -3 0 0 83
2 11 11 25.5 -2 0 0 203
2 11 12 30.1923 -3 0 0 144
2 11 13 30.1923 -3 0 0 72
2 11 14 25.5 -2 0 0 350
2 11 15 30.1923 -3 0 0 81
2 11 16 30.1923 -3 0 0 80
2 11 17 25.5 -2 0 0 211
2 11 18 30.1923 -3 0 0 109
2 11 19 30.1923 -3 0 0 108
2 11 20 30.1923 -3 0 0 128
2 11 21 30.1923 -3 0 0 139
2 11 22 30.1923 -3 0 0 80
2 11 23 30.1923 -3 0 0 176
2 11 24 25.5 -2 0 0 230
2 11 25 30.1923 -3 0 0 94
2 11 26 25.5 -2 0 0 331
2 11 27 30.1923 -3 0 0 100
2 11 28 30.1923 -3 0 0 64
2 11 29 25.5 -2 0 0 214
2 11 30 30.1923 -3 0 0 90
2 11 31 30.1923 -3 0 0 76
2 11 32 30.1923 -3 0 0 80
2 11 33 30.1923 -3 0 0 93
2 11 34 25.5 -2 0 0 332
2 11 35 30.1923 -3 0 0 63
2 11 36 30.1923 -3 0 0 87
2 11 37 30.1923 -3 0 0 129
2 11 38 30.1923 -3 0 0 79
2 11 39 30.1923 -3 0 0 101
2 11 40 30.1923 -3 0 0 94
2 11 41 30.1923 -3 0 0 70
2 11 42 30.1923 -3 0 0 107
2 11 43 30.1923 -3 0 0 195
2 11 44 30.1923 -3 0 0 55
2 11 45 30.1923 -3 0 0 79
2 11 46 29.5 -2 0 0 292
2 11 47 30.1923 -3 0 0 74
2 11 48 30.1923 -3 0 0 120
2 11 49 30.1923 -3 0 0 158
2 11 50 30.1923 -3 0 0 90
2 11 51 25.5 -2 0 0 204
2 11 52 30.1923 -3 0 0 166
2 11 53 30.1923 -3 0 0 85
2 11 54 30.1923 -3 0 0 84
2 11 55 30.1923 -3 0 0 175
2 11 56 30.1923 -3 0 0 115
2 11 57 30.1923 -3 0 0 165
2 11 58 30.1923 -3 0 0 110
2 11 59 21.5 -2 0 0 269
2 11 60 30.1923 -3 0 0 86
2 11 61 28.1223 1.75524 5.89511 0.233084 224
2 11 62 25.5 -2 0 0 250
2 11 63 30.1923 -3 0 0 157
2 12 0 25.5 -2 0 0 299
2 12 1 25.5 -2 0 0 351
2 12 2 27.3404 1.46536 4.98877 0.352876 451
2 12 3 27.4514 1.29664 4.97821 0.358495 769
2 12 4 25.5 -2 0 0 282
2 12 5 29.0476 1.42779 4.30421 0.587291 363
2 12 6 25.5 -2 0 0 470
2 12 7 25.5 -2 0 0 1926
2 12 8 30.0459 1.80801 4.93632 0.459137 316
2 12 9 32.8107 1.62212 7.37127 0.388339 869
2 12 10 32.5044 1.17536 5.75311 0.394421 1403
2 12 11 25.5 -2 0 0 269
2 12 12 29.5 -2 0 0 450
2 12 13 33.9368 1.35045 6.23253 0.335615 730
2 12 14 25.5 -2 0 0 228
2 12 15 27.7348 1.19037 4.85485 0.42139 519
2 12 16 30.8927 0.695569 4.77117 0.438722 1525
2 12 17 25.5 -2 0 0 215
2 12 18 30.0433 1.36253 5.46519 0.430149 418
2 12 19 31.2356 1.00656 4.83203 0.811746 1441
2 12 20 25.5 -2 0 0 260
2 12 21 30.0371 1.48481 4.70579 0.425566 687
2 12 22 25.5 -2 0 0 825
2 12 23 0 -10 0 0 190
2 12 24 25.5 -2 0 0 249
2 12 25 34.2219 1.40441 6.43447 0.338728 1139
2 12 26 0 -10 0 0 197
2 12 27 25.5 -2 0 0 382
2 12 28 31.1647 1.63129 6.07497 0.451866 633
2 12 29 0 -10 0 0 182
2 12 30 25.5 -2 0 0 275
2 12 31 25.5 -2 0 0 892
2 12 32 30.3295 1.40309 6.13767 0.472801 483
2 12 33 25.5 -2 0 0 337
2 12 34 0 -10 0 0 158
2 12 35 29.4998 1.28933 5.72773 0.510648 705
2 12 36 25.5 -2 0 0 255
2 12 37 0 -10 0 0 171
2 12 38 34.8916 1.6466 6.91562 0.409944 523
2 12 39 0 -10 0 0 197
2 12 40 25.5 -2 0 0 209
2 12 41 25.5 -2 0 0 384
2 12 42 0 -10 0 0 179
2 12 43 0 -10 0 0 180
2 12 44 25.5 -2 0 0 350
2 12 45 25.5 -2 0 0 308
2 12 46 0 -10 0 0 145
2 12 47 31.092 1.52815 6.09394 0.409058 512
2 12 48 25.5 -2 0 0 268
2 12 49 0 -10 0 0 177
2 12 50 25.5 -2 0 0 256
2 12 51 0 -10 0 0 110
2 12 52 0 -10 0 0 146
2 12 53 29.5 -2 0 0 295
2 12 54 25.5 -2 0 0 208
2 12 55 0 -10 0 0 112
2 12 56 0 -10 0 0 198
2 12 57 0 -10 0 0 154
2 12 58 0 -10 0 0 177
2 12 59 0 -10 0 0 116
2 12 60 25.5 -2 0 0 246
2 12 61 0 -10 0 0 133
2 12 62 0 -10 0 0 121
2 12 63 0 -10 0 0 151
2 13 0 32.5568 -3 0 0 159
2 13 1 32.5568 -3 0 0 116
2 13 2 32.5568 -3 0 0 118
2 13 3 32.5568 -3 0 0 70
2 13 4 32.5568 -3 0 0 90
2 13 5 32.5568 -3 0 0 76
2 13 6 32.5568 -3 0 0 99
2 13 7 32.5568 -3 0 0 48
2 13 8 32.5568 -3 0 0 118
2 13 9 32.5568 -3 0 0 53
2 13 10 32.5568 -3 0 0 49
2 13 11 32.5568 -3 0 0 104
2 13 12 32.5568 -3 0 0 74
2 13 13 32.5568 -3 0 0 69
2 13 14 32.5568 -3 0 0 186
2 13 15 32.5568 -3 0 0 60
2 13 16 32.5568 -3 0 0 65
2 13 17 32.5568 -3 0 0 137
2 13 18 32.5568 -3 0 0 72
2 13 19 32.5568 -3 0 0 56
2 13 20 32.5568 -3 0 0 77
2 13 21 32.5568 -3 0 0 85
2 13 22 32.5568 -3 0 0 59
2 13 23 32.5568 -3 0 0 111
2 13 24 32.5568 -3 0 0 132
2 13 25 32.5568 -3 0 0 53
2 13 26 32.5568 -3 0 0 185
2 13 27 32.5568 -3 0 0 78
2 13 28 32.5568 -3 0 0 58
2 13 29 32.5568 -3 0 0 149
2 13 30 32.5568 -3 0 0 69
2 13 31 32.5568 -3 0 0 63
2 13 32 32.5568 -3 0 0 44
2 13 33 32.5568 -3 0 0 62
2 13 34 29.5 -2 0 0 212
2 13 35 32.5568 -3 0 0 65
2 13 36 32.5568 -3 0 0 88
2 13 37 32.5568 -3 0 0 126
2 13 38 32.5568 -3 0 0 56
2 13 39 32.5568 -3 0 0 121
2 13 40 32.5568 -3 0 0 84
2 13 41 32.5568 -3 0 0 56
2 13 42 32.5568 -3 0 0 122
2 13 43 32.5568 -3 0 0 170
2 13 44 32.5568 -3 0 0 74
2 13 45 32.5568 -3 0 0 99
2 13 46 33.5 -2 0 0 241
2 13 47 32.5568 -3 0 0 77
2 13 48 32.5568 -3 0 0 71
2 13 49 32.5568 -3 0 0 163
2 13 50 32.5568 -3 0 0 102
2 13 51 29.5 -2 0 0 265
2 13 52 32.5568 -3 0 0 185
2 13 53 32.5568 -3 0 0 98
2 13 54 32.5568 -3 0 0 132
2 13 55 25.5 -2 0 0 227
2 13 56 32.5568 -3 0 0 156
2 13 57 32.5568 -3 0 0 178
2 13 58 32.5568 -3 0 0 131
2 13 59 25.5 -2 0 0 248
2 13 60 32.5568 -3 0 0 122
2 13 61 29.0983 2.14883 7.13944 0.295983 366
2 13 62 25.5 -2 0 0 285
2 13 63 32.5568 -3 0 0 153
2 14 0 31.7194 -3 0 0 163
2 14 1 31.7194 -3 0 0 193
2 14 2 25.5 -2 0 0 247
2 14 3 25.5 -2 0 0 232
2 14 4 31.7194 -3 0 0 118
2 14 5 31.7194 -3 0 0 197
2 14 6 25.5 -2 0 0 274
2 14 7 25.5 -2 0 0 364
2 14 8 31.7194 -3 0 0 167
2 14 9 25.5 -2 0 0 388
2 14 10 25.5 -2 0 0 518
2 14 11 31.7194 -3 0 0 123
2 14 12 25.5 -2 0 0 225
2 14 13 25.5 -2 0 0 209
2 14 14 31.7194 -3 0 0 142
2 14 15 31.7194 -3 0 0 183
2 14 16 31.1763 1.58571 5.81307 0.363571 699
2 14 17 31.7194 -3 0 0 133
2 14 18 31.7194 -3 0 0 170
2 14 19 25.5 -2 0 0 322
2 14 20 31.7194 -3 0 0 130
2 14 21 25.5 -2 0 0 382
2 14 22 25.5 -2 0 0 276
2 14 23 31.7194 -3 0 0 84
2 14 24 31.7194 -3 0 0 141
2 14 25 25.5 -2 0 0 261
2 14 26 31.7194 -3 0 0 120
2 14 27 31.7194 -3 0 0 153
2 14 28 31.7194 -3 0 0 169
2 14 29 31.7194 -3 0 0 93
2 14 30 31.7194 -3 0 0 137
2 14 31 31.7194 -3 0 0 168
2 14 32 31.7194 -3 0 0 106
2 14 33 31.7194 -3 0 0 101
2 14 34 31.7194 -3 0 0 108
2 14 35 31.7194 -3 0 0 142
2 14 36 31.7194 -3 0 0 101
2 14 37 31.7194 -3 0 0 89
2 14 38 31.7194 -3 0 0 122
2 14 39 31.7194 -3 0 0 69
2 14 40 31.7194 -3 0 0 107
2 14 41 31.7194 -3 0 0 113
2 14 42 31.7194 -3 0 0 91
2 14 43 31.7194 -3 0 0 95
2 14 44 31.7194 -3 0 0 78
2 14 45 31.7194 -3 0 0 87
2 14 46 31.7194 -3 0 0 88
2 14 47 31.7194 -3 0 0 23
2 14 48 31.7194 -3 0 0 96
2 14 49 31.7194 -3 0 0 83
2 14 50 31.7194 -3 0 0 102
2 14 51 31.7194 -3 0 0 48
2 14 52 31.7194 -3 0 0 73
2 14 53 31.7194 -3 0 0 81
2 14 54 31.7194 -3 0 0 79
2 14 55 31.7194 -3 0 0 73
2 14 56 31.7194 -3 0 0 78
2 14 57 31.7194 -3 0 0 52
2 14 58 31.7194 -3 0 0 67
2 14 59 31.7194 -3 0 0 89
2 14 60 31.7194 -3 0 0 76
2 14 61 31.7194 -3 0 0 58
2 14 62 31.7194 -3 0 0 65
2 14 63 31.7194 -3 0 0 80
2 15 0 28.7624 -3 0 0 63
2 15 1 28.7624 -3 0 0 56
2 15 2 28.7624 -3 0 0 32
2 15 3 28.7624 -3 0 0 43
2 15 4 28.7624 -3 0 0 45
2 15 5 28.7624 -3 0 0 26
2 15 6 28.7624 -3 0 0 38
2 15 7 28.7624 -3 0 0 29
2 15 8 28.7624 -3 0 0 48
2 15 9 28.7624 -3 0 0 31
2 15 10 28.7624 -3 0 0 45
2 15 11 28.7624 -3 0 0 66
2 15 12 28.7624 -3 0 0 42
2 15 13 28.7624 -3 0 0 41
2 15 14 28.7624 -3 0 0 73
2 15 15 28.7624 -3 0 0 51
2 15 16 28.7624 -3 0 0 20
2 15 17 28.7624 -3 0 0 58
2 15 18 28.7624 -3 0 0 53
2 15 19 28.7624 -3 0 0 35
2 15 20 28.7624 -3 0 0 40
2 15 21 28.7624 -3 0 0 40
2 15 22 28.7624 -3 0 0 29
2 15 23 28.7624 -3 0 0 49
2 15 24 28.7624 -3 0 0 54
2 15 25 28.7624 -3 0 0 48
2 15 26 28.7624 -3 0 0 71
2 15 27 28.7624 -3 0 0 45
2 15 28 28.7624 -3 0 0 42
2 15 29 28.7624 -3 0 0 65
2 15 30 28.7624 -3 0 0 54
2 15 31 28.7624 -3 0 0 45
2 15 32 28.7624 -3 0 0 41
2 15 33 28.7624 -3 0 0 36
2 15 34 28.7624 -3 0 0 112
2 15 35 28.7624 -3 0 0 42
2 15 36 28.7624 -3 0 0 41
2 15 37 28.7624 -3 0 0 63
2 15 38 28.7624 -3 0 0 52
2 15 39 28.7624 -3 0 0 90
2 15 40 28.7624 -3 0 0 51
2 15 41 28.7624 -3 0 0 54
2 15 42 28.7624 -3 0 0 59
2 15 43 28.7624 -3 0 0 86
2 15 44 28.7624 -3 0 0 59
2 15 45 28.7624 -3 0 0 49
2 15 46 28.7624 -3 0 0 118
2 15 47 28.7624 -3 0 0 56
2 15 48 28.7624 -3 0 0 64
2 15 49 28.7624 -3 0 0 92
2 15 50 28.7624 -3 0 0 64
2 15 51 28.7624 -3 0 0 157
2 15 52 28.7624 -3 0 0 97
2 15 53 28.7624 -3 0 0 69
2 15 54 28.7624 -3 0 0 61
2 15 55 28.7624 -3 0 0 111
2 15 56 28.7624 -3 0 0 98
2 15 57 28.7624 -3 0 0 114
2 15 58 28.7624 -3 0 0 81
2 15 59 28.7624 -3 0 0 112
2 15 60 28.7624 -3 0 0 94
2 15 61 28.7624 -3 0 0 182
2 15 62 28.7624 -3 0 0 126
2 15 63 28.7624 -3 0 0 92
3 0 0 34.0039 -3 0 0 103
3 0 1 34.0039 -3 0 0 80
3 0 2 34.0039 -3 0 0 74
3 0 3 34.0039 -3 0 0 63
3 0 4 34.0039 -3 0 0 84
3 0 5 34.0039 -3 0 0 64
3 0 6 34.0039 -3 0 0 72
3 0 7 34.0039 -3 0 0 69
3 0 8 34.0039 -3 0 0 68
3 0 9 34.0039 -3 0 0 45
3 0 10 34.0039 -3 0 0 61
3 0 11 34.0039 -3 0 0 94
3 0 12 34.0039 -3 0 0 62
3 0 13 34.0039 -3 0 0 43
3 0 14 34.0039 -3 0 0 111
3 0 15 34.0039 -3 0 0 56
3 0 16 34.0039 -3 0 0 42
3 0 17 34.0039 -3 0 0 120
3 0 18 34.0039 -3 0 0 67
3 0 19 34.0039 -3 0 0 68
3 0 20 34.0039 -3 0 0 71
3 0 21 34.0039 -3 0 0 70
3 0 22 34.0039 -3 0 0 38
3 0 23 34.0039 -3 0 0 108
3 0 24 34.0039 -3 0 0 90
3 0 25 34.0039 -3 0 0 78
3 0 26 34.0039 -3 0 0 129
3 0 27 34.0039 -3 0 0 79
3 0 28 34.0039 -3 0 0 59
3 0 29 34.0039 -3 0 0 125
3 0 30 34.0039 -3 0 0 58
3 0 31 34.0039 -3 0 0 75
3 0 32 34.0039 -3 0 0 101
3 0 33 34.0039 -3 0 0 80
3 0 34 29.5 -2 0 0 208
3 0 35 34.0039 -3 0 0 83
3 0 36 34.0039 -3 0 0 100
3 0 37 34.0039 -3 0 0 120
3 0 38 34.0039 -3 0 0 91
3 0 39 34.0039 -3 0 0 172
3 0 40 34.0039 -3 0 0 86
3 0 41 34.0039 -3 0 0 99
3 0 42 34.0039 -3 0 0 145
3 0 43 34.0039 -3 0 0 173
3 0 44 34.0039 -3 0 0 94
3 0 45 34.0039 -3 0 0 98
3 0 46 29.5 -2 0 0 211
3 0 47 34.0039 -3 0 0 127
3 0 48 34.0039 -3 0 0 101
3 0 49 34.0039 -3 0 0 125
3 0 50 34.0039 -3 0 0 95
3 0 51 25.5 -2 0 0 300
3 0 52 34.0039 -3 0 0 179
3 0 53 34.0039 -3 0 0 149
3 0 54 34.0039 -3 0 0 131
3 0 55 29.5 -2 0 0 233
3 0 56 29.5 -2 0 0 216
3 0 57 34.0809 2.41182 7.90269 0.277051 250
3 0 58 34.0039 -3 0 0 151
3 0 59 32.8802 2.09721 6.40655 0.279784 225
3 0 60 34.0039 -3 0 0 176
3 0 61 25.5 -2 0 0 405
3 0 62 25.5 -2 0 0 338
3 0 63 29.5 -2 0 0 201
3 1 0 30.7116 1.42947 5.78176 0.3365 412
3 1 1 25.5 -2 0 0 512
3 1 2 31.3713 1.70772 5.05027 0.44727 581
3 1 3 25.5 -2 0 0 379
3 1 4 25.5 -2 0 0 214
3 1 5 25.5 -2 0 0 317
3 1 6 31.2858 2.22856 8.01422 0.361046 617
3 1 7 25.5 -2 0 0 456
3 1 8 25.5 -2 0 0 300
3 1 9 30.902 1.38773 4.56222 0.42738 597
3 1 10 25.5 -2 0 0 650
3 1 11 25.5 -2 0 0 228
3 1 12 31.9746 1.50386 5.84159 0.358854 317
3 1 13 29.5 -2 0 0 293
3 1 14 29.5 -2 0 0 256
3 1 15 31.7113 2.04014 6.00989 0.359608 253
3 1 16 30.9302 1.2397 4.88529 0.535944 833
3 1 17 25.5 -2 0 0 250
3 1 18 30.8468 1.80895 5.57254 0.409534 244
3 1 19 29.5 -2 0 0 332
3 1 20 33.9686 -6 0 0 187
3 1 21 29.7591 1.4014 5.82902 0.473602 597
3 1 22 25.5 -2 0 0 320
3 1 23 33.9686 -6 0 0 158
3 1 24 25.5 -2 0 0 293
3 1 25 30.9215 1.84223 5.62071 0.383749 278
3 1 26 25.5 -2 0 0 212
3 1 27 33.9686 -6 0 0 157
3 1 28 29.5 -2 0 0 210
3 1 29 33.9686 -6 0 0 144
3 1 30 33.9686 -6 0 0 188
3 1 31 33.9686 -6 0 0 180
3 1 32 33.9686 -6 0 0 152
3 1 33 33.9686 -6 0 0 145
3 1 34 33.9686 -6 0 0 169
3 1 35 33.9686 -6 0 0 134
3 1 36 33.9686 -6 0 0 113
3 1 37 33.9686 -6 0 0 132
3 1 38 33.9686 -6 0 0 122
3 1 39 33.9686 -6 0 0 100
3 1 40 33.9686 -6 0 0 127
3 1 41 33.9686 -6 0 0 113
3 1 42 33.9686 -6 0 0 101
3 1 43 33.9686 -6 0 0 118
3 1 44 33.9686 -6 0 0 92
3 1 45 33.9686 -6 0 0 151
3 1 46 33.9686 -6 0 0 165
3 1 47 33.9686 -6 0 0 107
3 1 48 33.9686 -6 0 0 141
3 1 49 33.9686 -6 0 0 98
3 1 50 33.9686 -6 0 0 113
3 1 51 33.9686 -6 0 0 91
3 1 52 33.9686 -6 0 0 101
3 1 53 33.9686 -6 0 0 106
3 1 54 33.9686 -6 0 0 83
3 1 55 33.9686 -6 0 0 79
3 1 56 33.9686 -6 0 0 63
3 1 57 33.9686 -6 0 0 99
3 1 58 33.9686 -6 0 0 82
3 1 59 33.9686 -6 0 0 96
3 1 60 33.9686 -6 0 0 84
3 1 61 33.9686 -6 0 0 84
3 1 62 33.9686 -6 0 0 98
3 1 63 33.9686 -6 0 0 75
3 2 0 25.5 -2 0 0 419
3 2 1 25.5 -2 0 0 287
3 2 2 25.5 -2 0 0 270
3 2 3 33.9686 -6 0 0 112
3 2 4 25.5 -2 0 0 269
3 2 5 33.9686 -6 0 0 193
3 2 6 29.5 -2 0 0 206
3 2 7 33.9686 -6 0 0 105
3 2 8 25.5 -2 0 0 204
3 2 9 33.9686 -6 0 0 147
3 2 10 33.9686 -6 0 0 115
3 2 11 25.5 -2 0 0 341
3 2 12 33.9686 -6 0 0 174
3 2 13 33.9686 -6 0 0 107
3 2 14 25.5 -2 0 0 568
3 2 15 33.9686 -6 0 0 134
3 2 16 33.9686 -6 0 0 83
3 2 17 25.5 -2 0 0 395
3 2 18 33.9686 -6 0 0 148
3 2 19 33.9686 -6 0 0 147
3 2 20 33.5 -2 0 0 235
3 2 21 25.5 -2 0 0 209
3 2 22 33.9686 -6 0 0 116
3 2 23 25.5 -2 0 0 267
3 2 24 28.3125 1.68769 5.15855 0.473445 278
3 2 25 33.9686 -6 0 0 102
3 2 26 25.5 -2 0 0 659
3 2 27 33.9686 -6 0 0 149
3 2 28 33.9686 -6 0 0 169
3 2 29 32.3679 1.31819 4.95071 0.474647 421
3 2 30 33.9686 -6 0 0 173
3 2 31 33.9686 -6 0 0 137
3 2 32 33.9686 -6 0 0 145
3 2 33 33.9686 -6 0 0 195
3 2 34 29.5 -2 0 0 563
3 2 35 33.9686 -6 0 0 138
3 2 36 33.9686 -6 0 0 195
3 2 37 25.5 -2 0 0 416
3 2 38 33.9686 -6 0 0 161
3 2 39 30.8051 1.73433 5.65962 0.493628 301
3 2 40 33.5 -2 0 0 242
3 2 41 33.9686 -6 0 0 145
3 2 42 31.1531 2.27273 8.00659 0.32409 356
3 2 43 30.6024 1.49095 5.71353 0.403288 482
3 2 44 33.9686 -6 0 0 139
3 2 45 33.9686 -6 0 0 162
3 2 46 25.5 -2 0 0 797
3 2 47 33.9686 -6 0 0 171
3 2 48 25.5 -2 0 0 273
3 2 49 25.5 -2 0 0 399
3 2 50 33.9686 -6 0 0 193
3 2 51 25.5 -2 0 0 752
3 2 52 30.204 1.38215 5.50998 0.301323 591
3 2 53 33.9686 -6 0 0 190
3 2 54 25.5 -2 0 0 214
3 2 55 31.1097 1.45818 6.63889 0.404421 552
3 2 56 29.7442 1.33932 5.09568 0.433852 393
3 2 57 31.1452 1.40072 5.71945 0.283548 595
3 2 58 25.5 -2 0 0 345
3 2 59 30.3682 1.43445 6.21102 0.357451 929
3 2 60 33.9686 -6 0 0 200
3 2 61 25.5 -2 0 0 1524
3 2 62 25.5 -2 0 0 996
3 2 63 33.5 -2 0 0 398
3 3 0 34.8214 1.73709 5.57286 0.534691 574
3 3 1 29.5 -2 0 0 561
3 3 2 34.4808 1.52888 7.20774 0.440659 501
3 3 3 36.1453 1.84191 6.89348 0.448841 533
3 3 4 36.1958 3.362 10.2718 0.355914 259
3 3 5 29.5 -2 0 0 357
3 3 6 32.3183 1.25744 6.22191 0.390447 688
3 3 7 36.2547 2.27707 8.86611 0.582046 799
3 3 8 33.5 -2 0 0 328
3 3 9 35.793 1.58852 8.11344 0.589424 756
3 3 10 35.2529 0.99355 6.55854 0.613644 1172
3 3 11 29.5 -2 0 0 255
3 3 12 29.5 -2 0 0 395
3 3 13 25.5 -2 0 0 472
3 3 14 29.5 -2 0 0 323
3 3 15 29.5 -2 0 0 350
3 3 16 29.5 -2 0 0 1659
3 3 17 29.5 -2 0 0 255
3 3 18 37.5 -2 0 0 246
3 3 19 32.9933 1.41539 6.14934 0.329024 509
3 3 20 36.1456 -3 0 0 165
3 3 21 36.329 1.6244 7.92436 0.420637 886
3 3 22 34.0315 1.13709 5.28045 0.328169 437
3 3 23 36.1456 -3 0 0 194
3 3 24 37.5 -2 0 0 292
3 3 25 33.5425 1.65004 6.92535 0.472176 490
3 3 26 29.5 -2 0 0 233
3 3 27 29.5 -2 0 0 233
3 3 28 33.9525 1.62483 5.15275 0.477165 285
3 3 29 29.5 -2 0 0 205
3 3 30 36.1456 -3 0 0 197
3 3 31 29.5 -2 0 0 451
3 3 32 32.3938 1.55562 5.40051 0.360872 283
3 3 33 29.5 -2 0 0 277
3 3 34 35.1264 1.97053 7.07397 0.227098 220
3 3 35 33.1179 1.78933 6.73456 0.36142 348
3 3 36 29.5 -2 0 0 266
3 3 37 36.1456 -3 0 0 193
3 3 38 29.5 -2 0 0 331
3 3 39 36.1456 -3 0 0 164
3 3 40 36.1456 -3 0 0 166
3 3 41 29.5 -2 0 0 264
3 3 42 36.1456 -3 0 0 164
3 3 43 36.1456 -3 0 0 158
3 3 44 29.5 -2 0 0 268
3 3 45 36.1456 -3 0 0 178
3 3 46 29.5 -2 0 0 219
3 3 47 29.5 -2 0 0 271
3 3 48 36.1456 -3 0 0 176
3 3 49 33.5 -2 0 0 205
3 3 50 36.1456 -3 0 0 194
3 3 51 36.1456 -3 0 0 161
3 3 52 32.5912 1.88813 6.21185 0.321224 212
3 3 53 33.5 -2 0 0 212
3 3 54 25.5 -2 0 0 223
3 3 55 36.1456 -3 0 0 184
3 3 56 36.1456 -3 0 0 162
3 3 57 25.5 -2 0 0 207
3 3 58 36.1456 -3 0 0 200
3 3 59 29.5 -2 0 0 211
3 3 60 29.5 -2 0 0 217
3 3 61 36.1456 -3 0 0 155
3 3 62 36.1456 -3 0 0 193
3 3 63 36.1456 -3 0 0 156
3 4 0 33.4036 1.40145 6.60708 0.256205 1477
3 4 1 30.7229 1.10498 4.99732 0.359047 819
3 4 2 25.5 -2 0 0 618
3 4 3 34.8406 -3 0 0 154
3 4 4 25.5 -2 0 0 273
3 4 5 25.5 -2 0 0 345
3 4 6 31.465 1.42961 5.44187 0.331738 325
3 4 7 34.8406 -3 0 0 144
3 4 8 31.1507 1.44742 6.16855 0.441971 422
3 4 9 25.5 -2 0 0 254
3 4 10 33.5 -2 0 0 212
3 4 11 25.5 -2 0 0 417
3 4 12 34.8406 -3 0 0 196
3 4 13 34.8406 -3 0 0 186
3 4 14 34.2662 1.4882 7.17042 0.286698 1125
3 4 15 34.8406 -3 0 0 150
3 4 16 34.8406 -3 0 0 138
3 4 17 32.1063 1.57237 5.46578 0.38574 556
3 4 18 25.5 -2 0 0 202
3 4 19 34.8406 -3 0 0 144
3 4 20 34.8406 -3 0 0 196
3 4 21 33.3247 2.44627 6.65802 0.426057 278
3 4 22 25.5 -2 0 0 215
3 4 23 35.741 2.77557 8.60603 0.336978 314
3 4 24 25.5 -2 0 0 654
3 4 25 34.8406 -3 0 0 141
3 4 26 34.1914 1.58678 6.07423 0.319582 912
3 4 27 34.8406 -3 0 0 128
3 4 28 34.8406 -3 0 0 99
3 4 29 32.9825 1.5009 6.37408 0.245649 486
3 4 30 33.5 -2 0 0 207
3 4 31 34.8406 -3 0 0 102
3 4 32 34.8406 -3 0 0 118
3 4 33 34.8406 -3 0 0 113
3 4 34 25.5 -2 0 0 645
3 4 35 34.8406 -3 0 0 116
3 4 36 34.8406 -3 0 0 176
3 4 37 25.5 -2 0 0 280
3 4 38 34.8406 -3 0 0 117
3 4 39 34.8406 -3 0 0 158
3 4 40 29.5 -2 0 0 204
3 4 41 34.8406 -3 0 0 109
3 4 42 34.8406 -3 0 0 176
3 4 43 29.5 -2 0 0 474
3 4 44 34.8406 -3 0 0 119
3 4 45 34.8406 -3 0 0 141
3 4 46 34.154 1.52028 6.54085 0.308639 639
3 4 47 34.8406 -3 0 0 78
3 4 48 34.8406 -3 0 0 129
3 4 49 25.5 -2 0 0 290
3 4 50 34.8406 -3 0 0 137
3 4 51 33.5 -2 0 0 281
3 4 52 35.0075 2.94798 7.574 0.596405 309
3 4 53 34.8406 -3 0 0 95
3 4 54 34.8406 -3 0 0 156
3 4 55 29.5 -2 0 0 270
3 4 56 29.5 -2 0 0 235
3 4 57 25.5 -2 0 0 302
3 4 58 25.5 -2 0 0 205
3 4 59 29.5 -2 0 0 454
3 4 60 34.8406 -3 0 0 145
3 4 61 31.8787 1.27208 5.38149 0.411892 437
3 4 62 31.9023 1.77762 6.30457 0.376294 433
3 4 63 25.5 -2 0 0 209
3 5 0 25.5 -2 0 0 238
3 5 1 33.5 -2 0 0 204
3 5 2 31.4953 2.23271 6.72394 0.344202 245
3 5 3 29.5 -2 0 0 239
3 5 4 29.5 -2 0 0 252
3 5 5 29.5 -2 0 0 203
3 5 6 25.5 -2 0 0 239
3 5 7 32.7327 1.6558 6.33036 0.317461 251
3 5 8 25.5 -2 0 0 255
3 5 9 25.5 -2 0 0 307
3 5 10 25.5 -2 0 0 263
3 5 11 25.5 -2 0 0 221
3 5 12 36.701 3.46974 10.5246 0.303568 217
3 5 13 29.5 -2 0 0 301
3 5 14 33.7216 -3 0 0 165
3 5 15 25.5 -2 0 0 252
3 5 16 32.6356 2.50553 6.28041 0.510155 369
3 5 17 25.5 -2 0 0 202
3 5 18 29.5 -2 0 0 233
3 5 19 30.8974 1.19572 3.83724 0.608151 469
3 5 20 25.5 -2 0 0 323
3 5 21 25.5 -2 0 0 280
3 5 22 30.8608 2.05652 6.30203 0.335683 301
3 5 23 31.2387 1.53581 4.84665 0.340423 271
3 5 24 25.5 -2 0 0 211
3 5 25 29.5 -2 0 0 463
3 5 26 29.5 -2 0 0 227
3 5 27 29.5227 1.76787 4.23951 0.452811 355
3 5 28 29.5 -2 0 0 288
3 5 29 25.5 -2 0 0 244
3 5 30 25.5 -2 0 0 337
3 5 31 33.3906 1.83637 6.39789 0.33989 552
3 5 32 33.7957 1.76865 6.37456 0.385353 352
3 5 33 29.5 -2 0 0 316
3 5 34 25.5 -2 0 0 283
3 5 35 33.2787 1.59798 6.36057 0.525768 849
3 5 36 25.5 -2 0 0 349
3 5 37 25.5 -2 0 0 368
3 5 38 31.4563 0.944168 4.73598 0.619598 722
3 5 39 29.5 -2 0 0 1239
3 5 40 30.5256 1.67349 5.02897 0.344923 383
3 5 41 25.5 -2 0 0 339
3 5 42 25.5 -2 0 0 336
3 5 43 25.5 -2 0 0 329
3 5 44 25.5 -2 0 0 720
3 5 45 32.9542 1.91205 5.93641 0.416058 355
3 5 46 32.4375 1.88222 6.61488 0.284809 311
3 5 47 29.5 -2 0 0 1585
3 5 48 32.9192 2.51874 6.58803 0.510581 405
3 5 49 25.5 -2 0 0 277
3 5 50 25.5 -2 0 0 695
3 5 51 29.7761 1.22903 4.84916 0.435633 725
3 5 52 32.1326 1.84567 5.98652 0.404044 310
3 5 53 25.5 -2 0 0 933
3 5 54 29.8016 2.00965 7.16537 0.329339 360
3 5 55 30.0671 1.57435 5.76651 0.373208 380
3 5 56 25.5 -2 0 0 839
3 5 57 25.5 -2 0 0 706
3 5 58 30.3583 1.42149 5.08886 0.538473 444
3 5 59 31.0795 1.67656 4.92125 0.387562 374
3 5 60 32.1767 1.31303 5.26805 0.50424 777
3 5 61 25.5 -2 0 0 603
3 5 62 29.5853 1.62535 5.33892 0.509919 436
3 5 63 29.8421 1.64052 6.61362 0.379868 362
3 6 0 29.5 -2 0 0 452
3 6 1 33.6914 1.82855 6.20972 0.270729 299
3 6 2 29.5 -2 0 0 253
3 6 3 34.3341 -3 0 0 126
3 6 4 34.3341 -3 0 0 144
3 6 5 34.3341 -3 0 0 181
3 6 6 29.5 -2 0 0 287
3 6 7 34.3341 -3 0 0 101
3 6 8 34.3341 -3 0 0 192
3 6 9 34.3341 -3 0 0 145
3 6 10 34.3341 -3 0 0 140
3 6 11 34.3341 -3 0 0 124
3 6 12 34.3341 -3 0 0 184
3 6 13 34.3341 -3 0 0 66
3 6 14 36.676 3.27961 10.1292 0.37718 375
3 6 15 34.3341 -3 0 0 94
3 6 16 34.3341 -3 0 0 147
3 6 17 29.5 -2 0 0 210
3 6 18 34.3341 -3 0 0 99
3 6 19 34.3341 -3 0 0 95
3 6 20 34.3341 -3 0 0 121
3 6 21 34.3341 -3 0 0 171
3 6 22 34.3341 -3 0 0 122
3 6 23 34.3341 -3 0 0 134
3 6 24 29.5 -2 0 0 240
3 6 25 34.3341 -3 0 0 86
3 6 26 33.5 -2 0 0 231
3 6 27 34.3341 -3 0 0 77
3 6 28 34.3341 -3 0 0 61
3 6 29 34.3341 -3 0 0 169
3 6 30 34.3341 -3 0 0 77
3 6 31 34.3341 -3 0 0 80
3 6 32 34.3341 -3 0 0 55
3 6 33 34.3341 -3 0 0 48
3 6 34 34.3341 -3 0 0 182
3 6 35 34.3341 -3 0 0 48
3 6 36 34.3341 -3 0 0 61
3 6 37 34.3341 -3 0 0 79
3 6 38 34.3341 -3 0 0 42
3 6 39 34.3341 -3 0 0 46
3 6 40 34.3341 -3 0 0 75
3 6 41 34.3341 -3 0 0 65
3 6 42 34.3341 -3 0 0 107
3 6 43 34.3341 -3 0 0 163
3 6 44 34.3341 -3 0 0 56
3 6 45 34.3341 -3 0 0 74
3 6 46 34.3341 -3 0 0 171
3 6 47 34.3341 -3 0 0 50
3 6 48 34.3341 -3 0 0 67
3 6 49 34.3341 -3 0 0 80
3 6 50 34.3341 -3 0 0 46
3 6 51 34.3341 -3 0 0 60
3 6 52 34.3341 -3 0 0 101
3 6 53 34.3341 -3 0 0 56
3 6 54 34.3341 -3 0 0 70
3 6 55 34.3341 -3 0 0 98
3 6 56 34.3341 -3 0 0 60
3 6 57 34.3341 -3 0 0 71
3 6 58 34.3341 -3 0 0 65
3 6 59 34.3341 -3 0 0 151
3 6 60 34.3341 -3 0 0 61
3 6 61 34.3341 -3 0 0 101
3 6 62 34.3341 -3 0 0 83
3 6 63 34.3341 -3 0 0 85
3 7 0 34.9027 -3 0 0 67
3 7 1 34.9027 -3 0 0 78
3 7 2 34.9027 -3 0 0 65
3 7 3 34.9027 -3 0 0 120
3 7 4 34.9027 -3 0 0 88
3 7 5 34.9027 -3 0 0 82
3 7 6 34.9027 -3 0 0 94
3 7 7 34.9027 -3 0 0 86
3 7 8 34.9027 -3 0 0 66
3 7 9 34.9027 -3 0 0 77
3 7 10 34.9027 -3 0 0 66
3 7 11 34.9027 -3 0 0 82
3 7 12 34.9027 -3 0 0 76
3 7 13 34.9027 -3 0 0 105
3 7 14 34.9027 -3 0 0 68
3 7 15 34.9027 -3 0 0 96
3 7 16 34.9027 -3 0 0 86
3 7 17 34.9027 -3 0 0 98
3 7 18 34.9027 -3 0 0 99
3 7 19 34.9027 -3 0 0 166
3 7 20 34.9027 -3 0 0 155
3 7 21 34.9027 -3 0 0 97
3 7 22 34.9027 -3 0 0 91
3 7 23 34.9027 -3 0 0 105
3 7 24 34.9027 -3 0 0 116
3 7 25 34.9027 -3 0 0 142
3 7 26 34.9027 -3 0 0 123
3 7 27 34.9027 -3 0 0 129
3 7 28 34.9027 -3 0 0 128
3 7 29 34.9027 -3 0 0 107
3 7 30 34.9027 -3 0 0 119
3 7 31 34.9027 -3 0 0 183
3 7 32 34.9027 -3 0 0 186
3 7 33 34.9027 -3 0 0 189
3 7 34 34.9027 -3 0 0 160
3 7 35 34.8609 3.00249 9.17722 0.429209 312
3 7 36 34.9027 -3 0 0 173
3 7 37 34.9027 -3 0 0 167
3 7 38 36.6139 2.00243 7.05643 0.34055 392
3 7 39 33.8688 1.83575 6.24263 0.323037 702
3 7 40 34.9027 -3 0 0 159
3 7 41 29.5 -2 0 0 264
3 7 42 36.2519 3.14403 9.19197 0.38642 257
3 7 43 34.9027 -3 0 0 157
3 7 44 34.2001 1.96358 6.65924 0.451079 395
3 7 45 33.6871 2.2653 6.27178 0.403853 271
3 7 46 34.9027 -3 0 0 156
3 7 47 36.7556 2.00995 7.12655 0.280076 792
3 7 48 34.4031 2.83553 9.08627 0.427063 252
3 7 49 34.9027 -3 0 0 197
3 7 50 34.2262 2.98105 9.57614 0.326491 310
3 7 51 32.4715 1.4777 5.02674 0.377053 530
3 7 52 34.9027 -3 0 0 176
3 7 53 32.6936 1.30498 5.37099 0.305764 725
3 7 54 29.5 -2 0 0 342
3 7 55 35.0905 2.47511 6.74633 0.416209 259
3 7 56 33.5162 1.52387 6.32975 0.380299 554
3 7 57 33.4805 1.18543 5.707 0.343812 536
3 7 58 33.4103 2.07026 6.63385 0.407313 306
3 7 59 29.5 -2 0 0 230
3 7 60 25.5 -2 0 0 708
3 7 61 34.3643 2.60802 6.94653 0.371502 407
3 7 62 25.5 -2 0 0 273
3 7 63 29.7677 1.74682 5.18003 0.370302 331
3 8 0 33.9686 -6 0 0 72
3 8 1 33.9686 -6 0 0 66
3 8 2 33.9686 -6 0 0 76
3 8 3 33.9686 -6 0 0 103
3 8 4 33.9686 -6 0 0 109
3 8 5 33.9686 -6 0 0 99
3 8 6 33.9686 -6 0 0 71
3 8 7 33.9686 -6 0 0 144
3 8 8 33.9686 -6 0 0 84
3 8 9 33.9686 -6 0 0 103
3 8 10 33.9686 -6 0 0 100
3 8 11 33.9686 -6 0 0 101
3 8 12 33.9686 -6 0 0 106
3 8 13 33.9686 -6 0 0 141
3 8 14 33.9686 -6 0 0 83
3 8 15 33.9686 -6 0 0 118
3 8 16 33.9686 -6 0 0 109
3 8 17 33.9686 -6 0 0 110
3 8 18 33.9686 -6 0 0 113
3 8 19 33.9686 -6 0 0 169
3 8 20 33.9686 -6 0 0 89
3 8 21 33.9686 -6 0 0 70
3 8 22 33.9686 -6 0 0 99
3 8 23 33.9686 -6 0 0 117
3 8 24 33.9686 -6 0 0 87
3 8 25 25.5 -2 0 0 207
3 8 26 33.9686 -6 0 0 82
3 8 27 33.9686 -6 0 0 129
3 8 28 33.9686 -6 0 0 175
3 8 29 33.9686 -6 0 0 120
3 8 30 33.9686 -6 0 0 92
3 8 31 25.5 -2 0 0 226
3 8 32 33.9686 -6 0 0 179
3 8 33 33.9686 -6 0 0 179
3 8 34 33.9686 -6 0 0 133
3 8 35 30.7387 1.51552 5.85515 0.284794 332
3 8 36 33.9686 -6 0 0 159
3 8 37 33.9686 -6 0 0 117
3 8 38 30.724 2.15316 5.66997 0.427316 581
3 8 39 25.5 -2 0 0 339
3 8 40 33.9686 -6 0 0 123
3 8 41 32.7849 2.74838 8.66563 0.371883 310
3 8 42 33.9686 -6 0 0 170
3 8 43 33.9686 -6 0 0 127
3 8 44 29.0686 1.74441 5.19345 0.452938 315
3 8 45 25.5 -2 0 0 237
3 8 46 33.9686 -6 0 0 119
3 8 47 31.6717 1.39857 5.45859 0.298814 853
3 8 48 25.5 -2 0 0 209
3 8 49 33.9686 -6 0 0 158
3 8 50 25.5 -2 0 0 306
3 8 51 33.4529 3.34104 9.59892 0.310521 254
3 8 52 33.9686 -6 0 0 129
3 8 53 31.3834 2.56497 8.28064 0.331798 588
3 8 54 30.0317 1.91665 6.3026 0.36385 295
3 8 55 33.9686 -6 0 0 200
3 8 56 25.5 -2 0 0 404
3 8 57 25.5 -2 0 0 269
3 8 58 29.5 -2 0 0 205
3 8 59 33.9686 -6 0 0 139
3 8 60 31.7138 2.29106 8.21224 0.368851 443
3 8 61 33.9686 -6 0 0 192
3 8 62 33.9686 -6 0 0 165
3 8 63 33.9686 -6 0 0 195
3 9 0 34.077 -3 0 0 200
3 9 1 34.077 -3 0 0 140
3 9 2 34.077 -3 0 0 132
3 9 3 34.077 -3 0 0 63
3 9 4 34.077 -3 0 0 59
3 9 5 34.077 -3 0 0 59
3 9 6 34.077 -3 0 0 110
3 9 7 34.077 -3 0 0 55
3 9 8 34.077 -3 0 0 89
3 9 9 34.077 -3 0 0 81
3 9 10 34.077 -3 0 0 41
3 9 11 34.077 -3 0 0 101
3 9 12 34.077 -3 0 0 71
3 9 13 34.077 -3 0 0 50
3 9 14 34.077 -3 0 0 148
3 9 15 34.077 -3 0 0 50
3 9 16 34.077 -3 0 0 36
3 9 17 34.077 -3 0 0 105
3 9 18 34.077 -3 0 0 63
3 9 19 34.077 -3 0 0 44
3 9 20 34.077 -3 0 0 55
3 9 21 34.077 -3 0 0 82
3 9 22 34.077 -3 0 0 44
3 9 23 34.077 -3 0 0 60
3 9 24 34.077 -3 0 0 142
3 9 25 34.077 -3 0 0 42
3 9 26 34.077 -3 0 0 112
3 9 27 34.077 -3 0 0 40
3 9 28 34.077 -3 0 0 28
3 9 29 34.077 -3 0 0 74
3 9 30 34.077 -3 0 0 55
3 9 31 34.077 -3 0 0 31
3 9 32 34.077 -3 0 0 26
3 9 33 34.077 -3 0 0 28
3 9 34 34.077 -3 0 0 110
3 9 35 34.077 -3 0 0 30
3 9 36 34.077 -3 0 0 42
3 9 37 34.077 -3 0 0 50
3 9 38 34.077 -3 0 0 30
3 9 39 34.077 -3 0 0 35
3 9 40 34.077 -3 0 0 55
3 9 41 34.077 -3 0 0 27
3 9 42 34.077 -3 0 0 46
3 9 43 34.077 -3 0 0 88
3 9 44 34.077 -3 0 0 17
3 9 45 34.077 -3 0 0 29
3 9 46 34.077 -3 0 0 96
3 9 47 34.077 -3 0 0 27
3 9 48 34.077 -3 0 0 51
3 9 49 34.077 -3 0 0 36
3 9 50 34.077 -3 0 0 27
3 9 51 34.077 -3 0 0 50
3 9 52 34.077 -3 0 0 57
3 9 53 34.077 -3 0 0 32
3 9 54 34.077 -3 0 0 32
3 9 55 34.077 -3 0 0 48
3 9 56 34.077 -3 0 0 41
3 9 57 34.077 -3 0 0 38
3 9 58 34.077 -3 0 0 45
3 9 59 34.077 -3 0 0 77
3 9 60 34.077 -3 0 0 28
3 9 61 34.077 -3 0 0 58
3 9 62 34.077 -3 0 0 78
3 9 63 34.077 -3 0 0 36
3 10 0 34.2244 -3 0 0 162
3 10 1 34.2244 -3 0 0 132
3 10 2 29.5 -2 0 0 230
3 10 3 31.5455 1.65276 5.78731 0.426231 352
3 10 4 34.2244 -3 0 0 196
3 10 5 32.9661 2.17155 6.78619 0.389235 206
3 10 6 34.2244 -3 0 0 176
3 10 7 31.6733 1.06712 5.23899 0.479812 574
3 10 8 34.2244 -3 0 0 180
3 10 9 29.5 -2 0 0 241
3 10 10 29.5 -2 0 0 258
3 10 11 34.2244 -3 0 0 182
3 10 12 29.5 -2 0 0 204
3 10 13 25.5 -2 0 0 369
3 10 14 34.2244 -3 0 0 180
3 10 15 25.5 -2 0 0 314
3 10 16 31.7435 1.11493 4.79497 0.371987 451
3 10 17 34.2244 -3 0 0 176
3 10 18 25.5 -2 0 0 232
3 10 19 30.4237 1.23047 5.57504 0.522441 741
3 10 20 25.5 -2 0 0 220
3 10 21 31.7188 1.91235 5.87191 0.358912 208
3 10 22 32.7228 2.16768 6.82727 0.556184 306
3 10 23 34.2244 -3 0 0 155
3 10 24 34.2244 -3 0 0 158
3 10 25 32.6055 1.19457 6.75569 0.457126 752
3 10 26 34.2244 -3 0 0 152
3 10 27 31.7851 1.67113 7.26229 0.360122 317
3 10 28 33.286 1.57865 6.08152 0.373135 388
3 10 29 33.5 -2 0 0 207
3 10 30 29.5 -2 0 0 249
3 10 31 31.32 1.08862 5.41246 0.711781 1046
3 10 32 31.547 3.03327 8.09054 0.414806 577
3 10 33 32.9025 1.43739 5.51402 0.409953 334
3 10 34 34.2244 -3 0 0 150
3 10 35 36.7581 1.4775 7.10478 0.446653 1689
3 10 36 37.5 -2 0 0 301
3 10 37 25.5 -2 0 0 222
3 10 38 34.1505 1.01887 5.81163 0.432195 1462
3 10 39 25.5 -2 0 0 626
3 10 40 25.5 -2 0 0 283
3 10 41 33.6302 1.07438 5.67537 0.450339 503
3 10 42 25.5 -2 0 0 318
3 10 43 34.2244 -3 0 0 193
3 10 44 25.5 -2 0 0 785
3 10 45 33.3834 1.63811 6.71164 0.423126 538
3 10 46 34.2244 -3 0 0 161
3 10 47 29.5 -2 0 0 3013
3 10 48 25.5 -2 0 0 294
3 10 49 25.5 -2 0 0 271
3 10 50 30.8467 1.13417 5.16436 0.4682 625
3 10 51 37.5 -2 0 0 246
3 10 52 34.2244 -3 0 0 190
3 10 53 32.8796 1.20707 6.27025 0.449134 1118
3 10 54 31.612 1.58422 6.57032 0.345104 353
3 10 55 31.9388 2.23176 6.23601 0.284885 225
3 10 56 31.5872 1.24607 4.94535 0.504595 409
3 10 57 25.5 -2 0 0 290
3 10 58 34.5475 3.35893 10.6661 0.514859 291
3 10 59 34.2244 -3 0 0 170
3 10 60 33.8695 1.96094 6.91727 0.565039 900
3 10 61 31.2766 2.10732 7.35936 0.259085 320
3 10 62 25.5 -2 0 0 249
3 10 63 25.5 -2 0 0 266
3 11 0 35.8971 3.13549 8.42177 0.437436 370
3 11 1 36.5029 2.51603 8.20246 0.259048 318
3 11 2 35.1012 -3 0 0 200
3 11 3 35.1012 -3 0 0 71
3 11 4 35.1012 -3 0 0 170
3 11 5 35.1012 -3 0 0 113
3 11 6 35.1012 -3 0 0 200
3 11 7 35.1012 -3 0 0 69
3 11 8 35.1012 -3 0 0 191
3 11 9 35.1012 -3 0 0 101
3 11 10 35.1012 -3 0 0 78
3 11 11 35.1012 -3 0 0 172
3 11 12 35.1012 -3 0 0 148
3 11 13 35.1012 -3 0 0 78
3 11 14 34.2023 1.57034 5.4669 0.287866 318
3 11 15 35.1012 -3 0 0 67
3 11 16 35.1012 -3 0 0 77
3 11 17 29.5 -2 0 0 206
3 11 18 35.1012 -3 0 0 112
3 11 19 35.1012 -3 0 0 85
3 11 20 35.1012 -3 0 0 142
3 11 21 35.1012 -3 0 0 144
3 11 22 35.1012 -3 0 0 90
3 11 23 35.1012 -3 0 0 166
3 11 24 34.7489 2.19294 6.125 0.297347 237
3 11 25 35.1012 -3 0 0 67
3 11 26 33.4602 2.13983 7.01752 0.307356 361
3 11 27 35.1012 -3 0 0 108
3 11 28 35.1012 -3 0 0 37
3 11 29 29.5 -2 0 0 210
3 11 30 35.1012 -3 0 0 107
3 11 31 35.1012 -3 0 0 88
3 11 32 35.1012 -3 0 0 66
3 11 33 35.1012 -3 0 0 71
3 11 34 29.5 -2 0 0 365
3 11 35 35.1012 -3 0 0 47
3 11 36 35.1012 -3 0 0 87
3 11 37 35.1012 -3 0 0 161
3 11 38 35.1012 -3 0 0 67
3 11 39 35.1012 -3 0 0 92
3 11 40 35.1012 -3 0 0 81
3 11 41 35.1012 -3 0 0 64
3 11 42 35.1012 -3 0 0 95
3 11 43 33.5 -2 0 0 202
3 11 44 35.1012 -3 0 0 53
3 11 45 35.1012 -3 0 0 83
3 11 46 29.5 -2 0 0 308
3 11 47 35.1012 -3 0 0 64
3 11 48 35.1012 -3 0 0 104
3 11 49 35.1012 -3 0 0 124
3 11 50 35.1012 -3 0 0 74
3 11 51 35.1012 -3 0 0 154
3 11 52 35.1012 -3 0 0 153
3 11 53 35.1012 -3 0 0 59
3 11 54 35.1012 -3 0 0 88
3 11 55 35.1012 -3 0 0 155
3 11 56 35.1012 -3 0 0 97
3 11 57 35.1012 -3 0 0 150
3 11 58 35.1012 -3 0 0 125
3 11 59 33.5 -2 0 0 244
3 11 60 35.1012 -3 0 0 67
3 11 61 35.1012 -3 0 0 190
3 11 62 33.4146 2.27366 6.85409 0.23555 240
3 11 63 35.1012 -3 0 0 143
3 12 0 25.5 -2 0 0 331
3 12 1 25.5 -2 0 0 405
3 12 2 25.5 -2 0 0 450
3 12 3 25.5 -2 0 0 706
3 12 4 25.5 -2 0 0 310
3 12 5 25.5 -2 0 0 390
3 12 6 34.3818 2.07329 7.62428 0.3536 524
3 12 7 29.5 -2 0 0 1907
3 12 8 25.5 -2 0 0 382
3 12 9 25.5 -2 0 0 984
3 12 10 25.5 -2 0 0 1435
3 12 11 31.1138 2.01779 5.82509 0.330798 262
3 12 12 33.584 1.15388 5.85679 0.338425 366
3 12 13 33.4875 1.19489 6.08369 0.418839 668
3 12 14 25.5 -2 0 0 239
3 12 15 25.5 -2 0 0 576
3 12 16 29.5 -2 0 0 2954
3 12 17 25.5 -2 0 0 256
3 12 18 25.5 -2 0 0 410
3 12 19 34.9591 1.22837 6.69256 0.427291 1158
3 12 20 29.5 -2 0 0 250
3 12 21 25.5 -2 0 0 706
3 12 22 32.4261 0.833856 4.80575 0.436578 651
3 12 23 25.5 -2 0 0 246
3 12 24 29.5 -2 0 0 290
3 12 25 36.4188 1.40785 7.32368 0.336693 1153
3 12 26 29.5 -2 0 0 233
3 12 27 31.1526 1.49703 4.32265 0.62232 340
3 12 28 34.8998 1.60597 7.6835 0.511048 505
3 12 29 35.4833 -3 0 0 157
3 12 30 34.2538 1.91479 6.6576 0.498782 316
3 12 31 34.6208 1.41862 6.35939 0.426028 909
3 12 32 33.0571 1.32501 5.17269 0.660322 429
3 12 33 29.5 -2 0 0 375
3 12 34 35.4833 -3 0 0 171
3 12 35 33.3069 1.43883 5.85805 0.44599 753
3 12 36 29.5 -2 0 0 253
3 12 37 35.4833 -3 0 0 193
3 12 38 31.6695 1.25019 5.09256 0.666447 462
3 12 39 35.4833 -3 0 0 189
3 12 40 25.5 -2 0 0 215
3 12 41 32.1325 1.0301 5.03156 0.486196 410
3 12 42 35.4833 -3 0 0 194
3 12 43 29.5 -2 0 0 212
3 12 44 25.5 -2 0 0 371
3 12 45 31.0094 1.38 5.49646 0.44031 263
3 12 46 35.4833 -3 0 0 199
3 12 47 25.5 -2 0 0 597
3 12 48 29.5 -2 0 0 219
3 12 49 35.4833 -3 0 0 154
3 12 50 29.5 -2 0 0 289
3 12 51 35.4833 -3 0 0 109
3 12 52 35.4833 -3 0 0 146
3 12 53 25.5 -2 0 0 347
3 12 54 29.5 -2 0 0 278
3 12 55 35.4833 -3 0 0 115
3 12 56 35.4833 -3 0 0 187
3 12 57 35.4833 -3 0 0 173
3 12 58 35.4833 -3 0 0 147
3 12 59 35.4833 -3 0 0 142
3 12 60 30.9237 1.98841 5.86303 0.410901 255
3 12 61 35.4833 -3 0 0 161
3 12 62 35.4833 -3 0 0 123
3 12 63 35.4833 -3 0 0 150
3 13 0 33.5 -2 0 0 268
3 13 1 31.2155 -3 0 0 146
3 13 2 31.2155 -3 0 0 149
3 13 3 31.2155 -3 0 0 60
3 13 4 31.2155 -3 0 0 76
3 13 5 31.2155 -3 0 0 131
3 13 6 31.2155 -3 0 0 86
3 13 7 31.2155 -3 0 0 42
3 13 8 31.2155 -3 0 0 145
3 13 9 31.2155 -3 0 0 83
3 13 10 31.2155 -3 0 0 71
3 13 11 31.2155 -3 0 0 112
3 13 12 31.2155 -3 0 0 71
3 13 13 31.2155 -3 0 0 61
3 13 14 25.5 -2 0 0 222
3 13 15 31.2155 -3 0 0 91
3 13 16 31.2155 -3 0 0 86
3 13 17 31.2155 -3 0 0 164
3 13 18 31.2155 -3 0 0 119
3 13 19 31.2155 -3 0 0 68
3 13 20 31.2155 -3 0 0 135
3 13 21 31.2155 -3 0 0 104
3 13 22 31.2155 -3 0 0 77
3 13 23 31.2155 -3 0 0 166
3 13 24 31.2155 -3 0 0 162
3 13 25 31.2155 -3 0 0 53
3 13 26 25.5 -2 0 0 283
3 13 27 31.2155 -3 0 0 86
3 13 28 31.2155 -3 0 0 61
3 13 29 25.5 -2 0 0 222
3 13 30 31.2155 -3 0 0 84
3 13 31 31.2155 -3 0 0 59
3 13 32 31.2155 -3 0 0 59
3 13 33 31.2155 -3 0 0 81
3 13 34 25.5 -2 0 0 247
3 13 35 31.2155 -3 0 0 74
3 13 36 31.2155 -3 0 0 111
3 13 37 31.2155 -3 0 0 123
3 13 38 31.2155 -3 0 0 46
3 13 39 31.2155 -3 0 0 182
3 13 40 31.2155 -3 0 0 133
3 13 41 31.2155 -3 0 0 94
3 13 42 31.2155 -3 0 0 187
3 13 43 29.5 -2 0 0 248
3 13 44 31.2155 -3 0 0 109
3 13 45 31.2155 -3 0 0 117
3 13 46 32.918 1.82332 6.52349 0.333785 308
3 13 47 31.2155 -3 0 0 104
3 13 48 31.2155 -3 0 0 126
3 13 49 31.2155 -3 0 0 196
3 13 50 31.2155 -3 0 0 111
3 13 51 27.9259 1.57289 5.29097 0.315016 297
3 13 52 29.5 -2 0 0 215
3 13 53 31.2155 -3 0 0 110
3 13 54 31.2155 -3 0 0 118
3 13 55 29.5 -2 0 0 221
3 13 56 31.2155 -3 0 0 194
3 13 57 25.5 -2 0 0 247
3 13 58 31.2155 -3 0 0 149
3 13 59 25.5 -2 0 0 365
3 13 60 31.2155 -3 0 0 142
3 13 61 31.2392 2.58136 6.83798 0.365153 388
3 13 62 28.3073 2.1674 7.59397 0.363869 451
3 13 63 31.2155 -3 0 0 166
3 14 0 35.4082 -3 0 0 200
3 14 1 29.5 -2 0 0 219
3 14 2 33.5 -2 0 0 248
3 14 3 29.5 -2 0 0 314
3 14 4 35.4082 -3 0 0 117
3 14 5 35.4082 -3 0 0 181
3 14 6 36.9512 2.19146 8.30834 0.31762 316
3 14 7 33.223 1.34073 5.20553 0.37386 369
3 14 8 35.4082 -3 0 0 189
3 14 9 32.8001 1.58786 5.89733 0.343838 521
3 14 10 33.7956 1.60513 5.81289 0.447168 458
3 14 11 35.4082 -3 0 0 160
3 14 12 37.5 -2 0 0 243
3 14 13 33.1211 1.82443 6.23964 0.353232 281
3 14 14 35.4082 -3 0 0 145
3 14 15 33.5 -2 0 0 237
3 14 16 33.8387 1.29077 5.41222 0.431988 897
3 14 17 35.4082 -3 0 0 111
3 14 18 35.4082 -3 0 0 200
3 14 19 29.5 -2 0 0 231
3 14 20 35.4082 -3 0 0 124
3 14 21 35.9454 1.86812 6.72313 0.256711 454
3 14 22 33.8998 2.4456 7.70984 0.365238 271
3 14 23 35.4082 -3 0 0 121
3 14 24 35.4082 -3 0 0 133
3 14 25 29.5 -2 0 0 265
3 14 26 35.4082 -3 0 0 123
3 14 27 35.4082 -3 0 0 134
3 14 28 35.4082 -3 0 0 103
3 14 29 35.4082 -3 0 0 98
3 14 30 35.4082 -3 0 0 103
3 14 31 35.4082 -3 0 0 149
3 14 32 35.4082 -3 0 0 173
3 14 33 35.4082 -3 0 0 115
3 14 34 35.4082 -3 0 0 126
3 14 35 35.4082 -3 0 0 152
3 14 36 35.4082 -3 0 0 107
3 14 37 35.4082 -3 0 0 102
3 14 38 35.4082 -3 0 0 114
3 14 39 35.4082 -3 0 0 69
3 14 40 35.4082 -3 0 0 92
3 14 41 35.4082 -3 0 0 99
3 14 42 35.4082 -3 0 0 102
3 14 43 35.4082 -3 0 0 85
3 14 44 35.4082 -3 0 0 96
3 14 45 35.4082 -3 0 0 108
3 14 46 35.4082 -3 0 0 80
3 14 47 35.4082 -3 0 0 101
3 14 48 35.4082 -3 0 0 107
3 14 49 35.4082 -3 0 0 89
3 14 50 35.4082 -3 0 0 119
3 14 51 35.4082 -3 0 0 64
3 14 52 35.4082 -3 0 0 80
3 14 53 35.4082 -3 0 0 88
3 14 54 35.4082 -3 0 0 65
3 14 55 35.4082 -3 0 0 73
3 14 56 35.4082 -3 0 0 78
3 14 57 35.4082 -3 0 0 50
3 14 58 35.4082 -3 0 0 85
3 14 59 35.4082 -3 0 0 100
3 14 60 35.4082 -3 0 0 81
3 14 61 35.4082 -3 0 0 63
3 14 62 35.4082 -3 0 0 75
3 14 63 35.4082 -3 0 0 62
3 15 0 33.0246 -3 0 0 97
3 15 1 33.0246 -3 0 0 58
3 15 2 33.0246 -3 0 0 49
3 15 3 33.0246 -3 0 0 40
3 15 4 33.0246 -3 0 0 12
3 15 5 33.0246 -3 0 0 2
3 15 6 33.0246 -3 0 0 48
3 15 7 33.0246 -3 0 0 38
3 15 8 33.0246 -3 0 0 52
3 15 9 0 -10 0 0 0
3 15 10 33.0246 -3 0 0 38
3 15 11 33.0246 -3 0 0 68
3 15 12 33.0246 -3 0 0 49
3 15 13 33.0246 -3 0 0 58
3 15 14 33.0246 -3 0 0 10
3 15 15 33.0246 -3 0 0 58
3 15 16 33.0246 -3 0 0 32
3 15 17 33.0246 -3 0 0 76
3 15 18 33.0246 -3 0 0 44
3 15 19 33.0246 -3 0 0 24
3 15 20 33.0246 -3 0 0 59
3 15 21 33.0246 -3 0 0 43
3 15 22 0 -10 0 0 0
3 15 23 33.0246 -3 0 0 71
3 15 24 33.0246 -3 0 0 73
3 15 25 33.0246 -3 0 0 32
3 15 26 33.0246 -3 0 0 100
3 15 27 33.0246 -3 0 0 39
3 15 28 33.0246 -3 0 0 48
3 15 29 33.0246 -3 0 0 89
3 15 30 33.0246 -3 0 0 49
3 15 31 33.0246 -3 0 0 53
3 15 32 33.0246 -3 0 0 51
3 15 33 33.0246 -3 0 0 51
3 15 34 33.0246 -3 0 0 97
3 15 35 33.0246 -3 0 0 56
3 15 36 33.0246 -3 0 0 51
3 15 37 33.0246 -3 0 0 79
3 15 38 33.0246 -3 0 0 49
3 15 39 33.0246 -3 0 0 91
3 15 40 33.0246 -3 0 0 55
3 15 41 33.0246 -3 0 0 61
3 15 42 33.0246 -3 0 0 59
3 15 43 33.0246 -3 0 0 98
3 15 44 33.0246 -3 0 0 64
3 15 45 33.0246 -3 0 0 54
3 15 46 33.0246 -3 0 0 86
3 15 47 33.0246 -3 0 0 77
3 15 48 33.0246 -3 0 0 57
3 15 49 33.0246 -3 0 0 82
3 15 50 33.0246 -3 0 0 65
3 15 51 33.0246 -3 0 0 177
3 15 52 33.0246 -3 0 0 134
3 15 53 33.0246 -3 0 0 63
3 15 54 33.0246 -3 0 0 70
3 15 55 33.0246 -3 0 0 117
3 15 56 33.0246 -3 0 0 120
3 15 57 33.0246 -3 0 0 135
3 15 58 33.0246 -3 0 0 75
3 15 59 33.0246 -3 0 0 104
3 15 60 33.0246 -3 0 0 72
3 15 61 33.0246 -3 0 0 187
3 15 62 33.0246 -3 0 0 173
3 15 63 33.0246 -3 0 0 103
4 0 0 31.9949 -3 0 0 97
4 0 1 31.9949 -3 0 0 92
4 0 2 31.9949 -3 0 0 92
4 0 3 31.9949 -3 0 0 54
4 0 4 31.9949 -3 0 0 83
4 0 5 31.9949 -3 0 0 57
4 0 6 31.9949 -3 0 0 81
4 0 7 31.9949 -3 0 0 72
4 0 8 31.9949 -3 0 0 97
4 0 9 31.9949 -3 0 0 63
4 0 10 31.9949 -3 0 0 69
4 0 11 31.9949 -3 0 0 72
4 0 12 31.9949 -3 0 0 64
4 0 13 31.9949 -3 0 0 48
4 0 14 31.9949 -3 0 0 105
4 0 15 31.9949 -3 0 0 60
4 0 16 31.9949 -3 0 0 64
4 0 17 31.9949 -3 0 0 105
4 0 18 31.9949 -3 0 0 66
4 0 19 31.9949 -3 0 0 49
4 0 20 31.9949 -3 0 0 86
4 0 21 31.9949 -3 0 0 88
4 0 22 31.9949 -3 0 0 43
4 0 23 31.9949 -3 0 0 155
4 0 24 31.9949 -3 0 0 99
4 0 25 31.9949 -3 0 0 88
4 0 26 25.5 -2 0 0 212
4 0 27 31.9949 -3 0 0 69
4 0 28 31.9949 -3 0 0 54
4 0 29 31.9949 -3 0 0 153
4 0 30 31.9949 -3 0 0 97
4 0 31 31.9949 -3 0 0 105
4 0 32 31.9949 -3 0 0 76
4 0 33 31.9949 -3 0 0 71
4 0 34 25.5 -2 0 0 237
4 0 35 31.9949 -3 0 0 110
4 0 36 31.9949 -3 0 0 120
4 0 37 31.9949 -3 0 0 115
4 0 38 31.9949 -3 0 0 105
4 0 39 25.5 -2 0 0 232
4 0 40 31.9949 -3 0 0 155
4 0 41 31.9949 -3 0 0 83
4 0 42 31.9949 -3 0 0 117
4 0 43 31.9949 -3 0 0 150
4 0 44 31.9949 -3 0 0 96
4 0 45 31.9949 -3 0 0 152
4 0 46 25.5 -2 0 0 270
4 0 47 31.9949 -3 0 0 119
4 0 48 31.9949 -3 0 0 140
4 0 49 31.9949 -3 0 0 144
4 0 50 31.9949 -3 0 0 125
4 0 51 29.5 -2 0 0 355
4 0 52 31.9949 -3 0 0 183
4 0 53 31.9949 -3 0 0 181
4 0 54 31.9949 -3 0 0 168
4 0 55 31.7683 2.28099 7.07994 0.324902 295
4 0 56 29.5 -2 0 0 229
4 0 57 25.5 -2 0 0 270
4 0 58 31.9949 -3 0 0 185
4 0 59 33.5 -2 0 0 223
4 0 60 31.9949 -3 0 0 195
4 0 61 30.0981 1.2321 5.02451 0.32141 470
4 0 62 25.5 -2 0 0 450
4 0 63 29.5 -2 0 0 229
4 1 0 34.6407 1.55405 5.86771 0.442893 408
4 1 1 34.7955 1.73848 6.70558 0.331431 541
4 1 2 29.5 -2 0 0 492
4 1 3 36.5872 2.00907 6.57312 0.508449 422
4 1 4 36.712 -3 0 0 194
4 1 5 35.1173 2.59316 6.02995 0.375102 286
4 1 6 35.0179 1.39621 5.49151 0.403966 508
4 1 7 32.5904 1.21481 5.16137 0.229265 356
4 1 8 34.4296 2.60315 6.6817 0.431927 253
4 1 9 36.8155 1.26181 5.80368 0.296159 774
4 1 10 33.3733 1.15314 5.02975 0.450441 625
4 1 11 38.5635 2.05974 8.12193 0.259339 281
4 1 12 29.5 -2 0 0 278
4 1 13 33.6402 1.6188 6.22931 0.348312 205
4 1 14 33.5 -2 0 0 233
4 1 15 37.0595 3.38363 11.0258 0.388858 207
4 1 16 37.6878 2.22386 6.59999 0.360095 823
4 1 17 29.5 -2 0 0 275
4 1 18 29.5 -2 0 0 216
4 1 19 37.2472 1.48776 6.94904 0.289434 359
4 1 20 36.712 -3 0 0 160
4 1 21 36.5287 1.35838 5.49553 0.572308 817
4 1 22 29.5 -2 0 0 324
4 1 23 36.712 -3 0 0 133
4 1 24 29.5 -2 0 0 352
4 1 25 34.8814 1.61714 5.58986 0.391111 268
4 1 26 33.5 -2 0 0 207
4 1 27 29.5 -2 0 0 224
4 1 28 29.5 -2 0 0 227
4 1 29 36.712 -3 0 0 97
4 1 30 36.712 -3 0 0 147
4 1 31 29.5 -2 0 0 203
4 1 32 36.712 -3 0 0 167
4 1 33 36.712 -3 0 0 175
4 1 34 36.712 -3 0 0 155
4 1 35 36.712 -3 0 0 163
4 1 36 36.712 -3 0 0 136
4 1 37 36.712 -3 0 0 106
4 1 38 36.712 -3 0 0 113
4 1 39 36.712 -3 0 0 112
4 1 40 36.712 -3 0 0 107
4 1 41 36.712 -3 0 0 147
4 1 42 36.712 -3 0 0 106
4 1 43 36.712 -3 0 0 107
4 1 44 36.712 -3 0 0 81
4 1 45 36.712 -3 0 0 156
4 1 46 36.712 -3 0 0 165
4 1 47 36.712 -3 0 0 118
4 1 48 36.712 -3 0 0 78
4 1 49 36.712 -3 0 0 102
4 1 50 36.712 -3 0 0 92
4 1 51 36.712 -3 0 0 63
4 1 52 36.712 -3 0 0 86
4 1 53 36.712 -3 0 0 92
4 1 54 36.712 -3 0 0 92
4 1 55 36.712 -3 0 0 82
4 1 56 36.712 -3 0 0 67
4 1 57 36.712 -3 0 0 108
4 1 58 36.712 -3 0 0 85
4 1 59 36.712 -3 0 0 129
4 1 60 36.712 -3 0 0 65
4 1 61 36.712 -3 0 0 107
4 1 62 36.712 -3 0 0 79
4 1 63 36.712 -3 0 0 99
4 2 0 25.5 -2 0 0 464
4 2 1 21.5 -2 0 0 368
4 2 2 26.1413 1.86548 4.75226 0.535385 417
4 2 3 31.6927 -6 0 0 138
4 2 4 21.5 -2 0 0 246
4 2 5 21.5 -2 0 0 340
4 2 6 21.5 -2 0 0 300
4 2 7 31.6927 -6 0 0 139
4 2 8 21.5 -2 0 0 393
4 2 9 31.6927 -6 0 0 173
4 2 10 31.6927 -6 0 0 127
4 2 11 21.5 -2 0 0 430
4 2 12 21.5 -2 0 0 287
4 2 13 31.6927 -6 0 0 142
4 2 14 29.6987 2.00308 6.18802 0.425973 556
4 2 15 29.602 2.90239 8.84031 0.333982 209
4 2 16 31.6927 -6 0 0 163
4 2 17 26.7283 1.38455 4.78455 0.369816 497
4 2 18 25.5 -2 0 0 255
4 2 19 31.6927 -6 0 0 199
4 2 20 21.5 -2 0 0 431
4 2 21 21.5 -2 0 0 288
4 2 22 31.6927 -6 0 0 116
4 2 23 21.5 -2 0 0 338
4 2 24 21.5 -2 0 0 388
4 2 25 31.6927 -6 0 0 174
4 2 26 23.8159 0.892681 3.55815 0.587797 717
4 2 27 31.6927 -6 0 0 191
4 2 28 31.6927 -6 0 0 192
4 2 29 26.1864 1.84664 6.22638 0.238317 484
4 2 30 31.6927 -6 0 0 196
4 2 31 31.6927 -6 0 0 128
4 2 32 31.6927 -6 0 0 142
4 2 33 31.6927 -6 0 0 187
4 2 34 21.5 -2 0 0 1019
4 2 35 31.6927 -6 0 0 135
4 2 36 21.5 -2 0 0 364
4 2 37 25.5 -2 0 0 440
4 2 38 21.5 -2 0 0 245
4 2 39 21.5 -2 0 0 391
4 2 40 21.5 -2 0 0 293
4 2 41 31.6927 -6 0 0 187
4 2 42 21.5 -2 0 0 511
4 2 43 21.5 -2 0 0 562
4 2 44 31.6927 -6 0 0 2
4 2 45 31.6927 -6 0 0 182
4 2 46 21.5 -2 0 0 963
4 2 47 31.6927 -6 0 0 83
4 2 48 21.5 -2 0 0 277
4 2 49 25.3162 1.15046 4.00119 0.475902 435
4 2 50 21.5 -2 0 0 418
4 2 51 21.5 -2 0 0 897
4 2 52 23.1686 1.05877 3.37887 0.643955 989
4 2 53 21.5 -2 0 0 302
4 2 54 31.6927 -6 0 0 23
4 2 55 0 -10 0 0 0
4 2 56 25.777 1.19496 4.91219 0.39472 318
4 2 57 24.7292 1.30425 4.70486 0.485459 940
4 2 58 26.8428 1.84052 6.20377 0.392988 677
4 2 59 21.5 -2 0 0 1542
4 2 60 21.5 -2 0 0 390
4 2 61 21.5 -2 0 0 2302
4 2 62 31.6927 -6 0 0 189
4 2 63 31.6927 -6 0 0 69
4 3 0 35.1679 1.74477 7.33881 0.418714 465
4 3 1 34.3889 1.21594 5.31689 0.379852 436
4 3 2 35.5069 2.15477 5.4701 0.732056 639
4 3 3 33.1216 2.20848 6.54205 0.595286 351
4 3 4 29.5 -2 0 0 424
4 3 5 35.9092 2.76723 6.92063 0.476915 255
4 3 6 36.5076 1.33329 5.53124 0.566919 733
4 3 7 35.7413 1.38264 6.53841 0.570078 840
4 3 8 29.5 -2 0 0 248
4 3 9 34.6696 0.910783 5.39135 0.349612 654
4 3 10 38.1693 1.941 7.59929 1.00382 805
4 3 11 31.6927 -6 0 0 190
4 3 12 34.6182 1.67044 7.04812 0.44792 299
4 3 13 32.3649 1.13546 4.86594 0.477203 347
4 3 14 33.5 -2 0 0 304
4 3 15 32.6223 2.7766 7.12012 0.317544 296
4 3 16 38.3471 1.10256 7.40968 0.55827 1533
4 3 17 29.5 -2 0 0 212
4 3 18 35.076 1.42201 6.02108 0.37916 343
4 3 19 37.6518 1.51601 7.47287 0.341831 439
4 3 20 29.5 -2 0 0 206
4 3 21 36.69 1.15544 6.1246 0.544601 683
4 3 22 34.8886 1.16283 5.84766 0.379469 402
4 3 23 31.6927 -6 0 0 187
4 3 24 36.1412 2.54921 7.82247 0.474028 264
4 3 25 39.7443 2.35676 7.71881 0.431606 604
4 3 26 31.6927 -6 0 0 199
4 3 27 29.5 -2 0 0 234
4 3 28 35.854 2.05217 7.66729 0.438907 277
4 3 29 29.5 -2 0 0 254
4 3 30 31.6927 -6 0 0 176
4 3 31 35.9502 1.64853 6.96864 0.30851 353
4 3 32 33.5 -2 0 0 348
4 3 33 31.6927 -6 0 0 179
4 3 34 37.5 -2 0 0 241
4 3 35 36.8836 1.85074 6.14087 0.383623 299
4 3 36 29.5 -2 0 0 212
4 3 37 31.6927 -6 0 0 191
4 3 38 33.5 -2 0 0 274
4 3 39 31.6927 -6 0 0 144
4 3 40 29.5 -2 0 0 217
4 3 41 29.5 -2 0 0 245
4 3 42 31.6927 -6 0 0 143
4 3 43 31.6927 -6 0 0 172
4 3 44 31.6927 -6 0 0 174
4 3 45 33.5 -2 0 0 210
4 3 46 31.6927 -6 0 0 168
4 3 47 35.697 2.05997 6.44097 0.402685 229
4 3 48 38.999 3.45803 11.0959 0.343432 209
4 3 49 31.6927 -6 0 0 192
4 3 50 31.6927 -6 0 0 159
4 3 51 31.6927 -6 0 0 129
4 3 52 31.6927 -6 0 0 193
4 3 53 29.5 -2 0 0 237
4 3 54 29.5 -2 0 0 239
4 3 55 29.5 -2 0 0 221
4 3 56 31.6927 -6 0 0 171
4 3 57 29.5 -2 0 0 211
4 3 58 31.6927 -6 0 0 151
4 3 59 33.5 -2 0 0 201
4 3 60 31.6927 -6 0 0 176
4 3 61 31.6927 -6 0 0 140
4 3 62 31.6927 -6 0 0 141
4 3 63 31.6927 -6 0 0 171
4 4 0 29.5 -2 0 0 1501
4 4 1 37.3522 1.43954 6.54847 0.308889 987
4 4 2 36.6233 2.22987 7.47276 0.668709 653
4 4 3 29.5 -2 0 0 236
4 4 4 33.5 -2 0 0 339
4 4 5 35.5835 1.35194 4.96087 0.36834 350
4 4 6 29.5 -2 0 0 324
4 4 7 38.5622 -3 0 0 153
4 4 8 35.8186 1.37719 5.31017 0.413033 409
4 4 9 33.5 -2 0 0 271
4 4 10 29.5 -2 0 0 212
4 4 11 33.5 -2 0 0 403
4 4 12 38.5622 -3 0 0 192
4 4 13 38.5622 -3 0 0 153
4 4 14 29.5 -2 0 0 1268
4 4 15 38.5622 -3 0 0 191
4 4 16 38.5622 -3 0 0 136
4 4 17 35.6805 1.83471 7.90728 0.466442 627
4 4 18 39.2569 2.82316 10.586 0.365899 224
4 4 19 38.5622 -3 0 0 151
4 4 20 38.5622 -3 0 0 1
4 4 21 38.0279 1.57516 5.78234 0.491044 390
4 4 22 38.5622 -3 0 0 197
4 4 23 33.5 -2 0 0 347
4 4 24 36.9637 1.34673 5.61119 0.446752 764
4 4 25 38.5622 -3 0 0 155
4 4 26 38.8451 1.63358 6.68294 0.34049 1119
4 4 27 38.5622 -3 0 0 92
4 4 28 38.5622 -3 0 0 119
4 4 29 33.5 -2 0 0 576
4 4 30 37.5 -2 0 0 219
4 4 31 38.5622 -3 0 0 137
4 4 32 38.5622 -3 0 0 157
4 4 33 38.5622 -3 0 0 111
4 4 34 36.1485 1.21123 5.20369 0.383073 719
4 4 35 38.5622 -3 0 0 124
4 4 36 29.5 -2 0 0 216
4 4 37 33.5 -2 0 0 372
4 4 38 38.5622 -3 0 0 130
4 4 39 33.5 -2 0 0 202
4 4 40 34.1286 1.26597 5.26471 0.351221 250
4 4 41 38.5622 -3 0 0 83
4 4 42 33.5 -2 0 0 216
4 4 43 38.3397 1.86065 7.25978 0.546246 514
4 4 44 38.5622 -3 0 0 106
4 4 45 38.5622 -3 0 0 134
4 4 46 36.3567 1.47521 6.37329 0.374481 750
4 4 47 38.5622 -3 0 0 1
4 4 48 38.5622 -3 0 0 176
4 4 49 35.0377 2.86395 8.79381 0.348201 330
4 4 50 38.5622 -3 0 0 134
4 4 51 35.8321 1.62718 5.53598 0.582485 344
4 4 52 38.5622 -3 0 0 41
4 4 53 38.5622 -3 0 0 133
4 4 54 38.5622 -3 0 0 177
4 4 55 36.5758 3.25223 7.91677 0.598706 286
4 4 56 29.5 -2 0 0 204
4 4 57 29.5 -2 0 0 266
4 4 58 29.5 -2 0 0 230
4 4 59 35.6732 1.30225 6.27208 0.397455 650
4 4 60 38.5622 -3 0 0 155
4 4 61 29.5 -2 0 0 469
4 4 62 35.7761 1.41101 5.90051 0.431731 558
4 4 63 32.1065 1.62629 6.17483 0.4244 273
4 5 0 21.5 -2 0 0 206
4 5 1 21.5 -2 0 0 293
4 5 2 21.5 -2 0 0 307
4 5 3 25.5 -2 0 0 393
4 5 4 26.5708 2.5539 7.0967 0.297551 313
4 5 5 21.5 -2 0 0 300
4 5 6 30.2589 2.90739 8.34889 0.310193 344
4 5 7 31.6927 -6 0 0 8
4 5 8 21.5 -2 0 0 312
4 5 9 25.5 -2 0 0 356
4 5 10 31.6927 -6 0 0 62
4 5 11 21.5 -2 0 0 353
4 5 12 23.224 1.15504 2.89212 0.489318 309
4 5 13 31.6927 -6 0 0 20
4 5 14 25.5 -2 0 0 296
4 5 15 21.5 -2 0 0 270
4 5 16 25.5 -2 0 0 370
4 5 17 21.5 -2 0 0 361
4 5 18 21.5 -2 0 0 381
4 5 19 26.1446 1.23378 4.90409 0.528908 565
4 5 20 21.5 -2 0 0 416
4 5 21 25.5 -2 0 0 326
4 5 22 25.5 -2 0 0 291
4 5 23 25.5 -2 0 0 383
4 5 24 31.6927 -6 0 0 9
4 5 25 31.6927 -6 0 0 10
4 5 26 25.5 -2 0 0 311
4 5 27 21.5 -2 0 0 454
4 5 28 28.8613 1.86311 7.27385 0.387692 395
4 5 29 31.6927 -6 0 0 14
4 5 30 25.9818 1.74421 5.39513 0.377984 379
4 5 31 30.4348 1.63874 6.97649 0.470989 898
4 5 32 31.6927 -6 0 0 1
4 5 33 21.5 -2 0 0 490
4 5 34 25.5 -2 0 0 236
4 5 35 21.5 -2 0 0 994
4 5 36 21.5 -2 0 0 394
4 5 37 24.7144 2.011 5.67465 0.386993 456
4 5 38 31.8513 1.57619 7.00843 0.511107 1136
4 5 39 30.0844 1.3592 6.0024 0.510998 1170
4 5 40 21.5 -2 0 0 435
4 5 41 29.2613 1.71756 5.80992 0.415277 460
4 5 42 27.1405 1.40501 5.0024 0.429478 286
4 5 43 21.5 -2 0 0 446
4 5 44 27.2546 1.34192 4.71584 0.336902 332
4 5 45 25.8277 2.25706 7.26616 0.480218 523
4 5 46 25.8929 2.08129 4.38904 0.400008 423
4 5 47 21.5 -2 0 0 1603
4 5 48 24.8304 1.66096 4.17675 0.471006 478
4 5 49 21.5 -2 0 0 390
4 5 50 26.4477 1.53994 4.51616 0.548125 686
4 5 51 21.5 -2 0 0 825
4 5 52 21.5 -2 0 0 346
4 5 53 30.2473 1.66351 6.57655 0.453591 823
4 5 54 21.5 -2 0 0 324
4 5 55 24.6588 1.55054 4.6963 0.381442 582
4 5 56 31.6927 -6 0 0 39
4 5 57 21.5 -2 0 0 906
4 5 58 21.5 -2 0 0 665
4 5 59 25.9004 2.16759 4.84694 0.410349 493
4 5 60 26.0177 1.11152 5.15643 0.620052 1120
4 5 61 26.9196 1.14337 5.0708 0.41552 476
4 5 62 26.6827 1.66895 5.78872 0.350246 497
4 5 63 21.5 -2 0 0 551
4 6 0 28.8848 1.41778 5.26478 0.330638 670
4 6 1 25.5 -2 0 0 378
4 6 2 28.3887 2.27714 5.68352 0.436336 392
4 6 3 30.6632 -3 0 0 137
4 6 4 29.5 -2 0 0 201
4 6 5 25.5 -2 0 0 258
4 6 6 25.5 -2 0 0 292
4 6 7 30.6632 -3 0 0 137
4 6 8 25.5 -2 0 0 296
4 6 9 30.6632 -3 0 0 178
4 6 10 25.5 -2 0 0 203
4 6 11 30.6632 -3 0 0 150
4 6 12 25.5 -2 0 0 222
4 6 13 30.6632 -3 0 0 99
4 6 14 28.1728 1.59985 4.88862 0.42015 427
4 6 15 30.6632 -3 0 0 136
4 6 16 30.6632 -3 0 0 175
4 6 17 29.5077 1.98912 6.08021 0.413326 288
4 6 18 30.6632 -3 0 0 167
4 6 19 30.6632 -3 0 0 123
4 6 20 30.6632 -3 0 0 141
4 6 21 33.8863 2.96117 8.5008 0.360083 253
4 6 22 30.6632 -3 0 0 157
4 6 23 30.6632 -3 0 0 198
4 6 24 25.5 -2 0 0 247
4 6 25 30.6632 -3 0 0 115
4 6 26 25.5 -2 0 0 325
4 6 27 30.6632 -3 0 0 131
4 6 28 30.6632 -3 0 0 69
4 6 29 30.6632 -3 0 0 156
4 6 30 30.6632 -3 0 0 120
4 6 31 30.6632 -3 0 0 81
4 6 32 30.6632 -3 0 0 103
4 6 33 30.6632 -3 0 0 62
4 6 34 25.5 -2 0 0 234
4 6 35 30.6632 -3 0 0 89
4 6 36 30.6632 -3 0 0 84
4 6 37 30.6632 -3 0 0 155
4 6 38 30.6632 -3 0 0 81
4 6 39 30.6632 -3 0 0 88
4 6 40 30.6632 -3 0 0 12
4 6 41 30.6632 -3 0 0 95
4 6 42 30.6632 -3 0 0 103
4 6 43 25.5 -2 0 0 203
4 6 44 30.6632 -3 0 0 81
4 6 45 30.6632 -3 0 0 114
4 6 46 29.5 -2 0 0 212
4 6 47 30.6632 -3 0 0 35
4 6 48 30.6632 -3 0 0 9
4 6 49 30.6632 -3 0 0 10
4 6 50 0 -10 0 0 0
4 6 51 30.6632 -3 0 0 122
4 6 52 30.6632 -3 0 0 158
4 6 53 30.6632 -3 0 0 82
4 6 54 30.6632 -3 0 0 115
4 6 55 30.6632 -3 0 0 161
4 6 56 30.6632 -3 0 0 64
4 6 57 30.6632 -3 0 0 104
4 6 58 30.6632 -3 0 0 3
4 6 59 30.6632 -3 0 0 18
4 6 60 30.6632 -3 0 0 80
4 6 61 30.6632 -3 0 0 144
4 6 62 30.6632 -3 0 0 111
4 6 63 30.6632 -3 0 0 118
4 7 0 31.6927 -6 0 0 138
4 7 1 31.6927 -6 0 0 98
4 7 2 31.6927 -6 0 0 124
4 7 3 31.6927 -6 0 0 124
4 7 4 31.6927 -6 0 0 21
4 7 5 31.6927 -6 0 0 180
4 7 6 31.6927 -6 0 0 127
4 7 7 31.6927 -6 0 0 117
4 7 8 31.6927 -6 0 0 5
4 7 9 31.6927 -6 0 0 96
4 7 10 31.6927 -6 0 0 159
4 7 11 31.6927 -6 0 0 188
4 7 12 31.6927 -6 0 0 4
4 7 13 21.5 -2 0 0 215
4 7 14 31.6927 -6 0 0 4
4 7 15 31.6927 -6 0 0 195
4 7 16 31.6927 -6 0 0 133
4 7 17 31.6927 -6 0 0 170
4 7 18 21.5 -2 0 0 214
4 7 19 21.5 -2 0 0 259
4 7 20 31.6927 -6 0 0 200
4 7 21 31.6927 -6 0 0 153
4 7 22 31.6927 -6 0 0 90
4 7 23 21.5 -2 0 0 212
4 7 24 31.6927 -6 0 0 162
4 7 25 25.5 -2 0 0 233
4 7 26 31.6927 -6 0 0 190
4 7 27 21.5 -2 0 0 292
4 7 28 31.6927 -6 0 0 168
4 7 29 21.5 -2 0 0 215
4 7 30 31.6927 -6 0 0 177
4 7 31 21.5 -2 0 0 296
4 7 32 21.5 -2 0 0 203
4 7 33 21.5 -2 0 0 279
4 7 34 31.6927 -6 0 0 179
4 7 35 25.5 -2 0 0 347
4 7 36 21.5 -2 0 0 263
4 7 37 21.5 -2 0 0 271
4 7 38 28.9228 1.38969 5.23765 0.392099 526
4 7 39 21.5 -2 0 0 763
4 7 40 21.5 -2 0 0 296
4 7 41 29.5 -2 0 0 310
4 7 42 21.5 -2 0 0 370
4 7 43 21.5 -2 0 0 271
4 7 44 21.5 -2 0 0 619
4 7 45 21.5 -2 0 0 406
4 7 46 21.5 -2 0 0 290
4 7 47 21.5 -2 0 0 1254
4 7 48 25.5 -2 0 0 308
4 7 49 25.4675 1.83183 5.37782 0.443066 234
4 7 50 25.5 -2 0 0 445
4 7 51 24.6216 1.22763 4.01287 0.518929 534
4 7 52 21.5 -2 0 0 308
4 7 53 21.5 -2 0 0 874
4 7 54 26.6153 1.85611 5.59082 0.379863 590
4 7 55 23.3382 1.68699 4.70815 0.446165 441
4 7 56 21.5 -2 0 0 744
4 7 57 21.5 -2 0 0 823
4 7 58 21.5 -2 0 0 400
4 7 59 21.5 -2 0 0 330
4 7 60 26.6924 1.88234 7.62607 0.419603 1049
4 7 61 21.5 -2 0 0 675
4 7 62 25.3143 2.2398 5.99963 0.36963 418
4 7 63 21.5 -2 0 0 509
4 8 0 34.2298 -3 0 0 85
4 8 1 34.2298 -3 0 0 72
4 8 2 34.2298 -3 0 0 86
4 8 3 34.2298 -3 0 0 138
4 8 4 34.2298 -3 0 0 72
4 8 5 34.2298 -3 0 0 103
4 8 6 34.2298 -3 0 0 91
4 8 7 34.2298 -3 0 0 135
4 8 8 34.2298 -3 0 0 71
4 8 9 34.2298 -3 0 0 113
4 8 10 34.2298 -3 0 0 105
4 8 11 34.2298 -3 0 0 112
4 8 12 34.2298 -3 0 0 70
4 8 13 34.2298 -3 0 0 180
4 8 14 34.2298 -3 0 0 90
4 8 15 34.2298 -3 0 0 131
4 8 16 34.2298 -3 0 0 138
4 8 17 34.2298 -3 0 0 105
4 8 18 34.2298 -3 0 0 114
4 8 19 34.9752 3.06587 7.25857 0.376733 245
4 8 20 34.2298 -3 0 0 115
4 8 21 34.2298 -3 0 0 84
4 8 22 34.2298 -3 0 0 117
4 8 23 34.2298 -3 0 0 88
4 8 24 34.2298 -3 0 0 103
4 8 25 35.3467 3.22148 10.1802 0.339553 236
4 8 26 34.2298 -3 0 0 93
4 8 27 34.2298 -3 0 0 142
4 8 28 29.5 -2 0 0 219
4 8 29 34.2298 -3 0 0 130
4 8 30 34.2298 -3 0 0 159
4 8 31 36.3098 2.88953 9.09491 0.425412 260
4 8 32 29.5 -2 0 0 222
4 8 33 34.2298 -3 0 0 184
4 8 34 34.2298 -3 0 0 108
4 8 35 33.5 -2 0 0 344
4 8 36 29.5 -2 0 0 217
4 8 37 34.2298 -3 0 0 141
4 8 38 34.5263 1.63564 5.75534 0.366921 656
4 8 39 33.0477 1.44102 5.03576 0.360266 426
4 8 40 34.2298 -3 0 0 113
4 8 41 29.5 -2 0 0 284
4 8 42 29.5 -2 0 0 235
4 8 43 34.2298 -3 0 0 134
4 8 44 32.7782 2.01229 8.17793 0.342689 473
4 8 45 29.5 -2 0 0 262
4 8 46 34.2298 -3 0 0 106
4 8 47 29.5 -2 0 0 1154
4 8 48 29.5 -2 0 0 204
4 8 49 34.2298 -3 0 0 156
4 8 50 29.5 -2 0 0 314
4 8 51 29.5 -2 0 0 303
4 8 52 34.2298 -3 0 0 184
4 8 53 30.8777 1.26981 4.07485 0.581262 654
4 8 54 29.5 -2 0 0 328
4 8 55 34.2298 -3 0 0 197
4 8 56 29.7654 1.36342 5.31272 0.354238 351
4 8 57 35.7993 2.86938 9.45212 0.429027 378
4 8 58 25.5 -2 0 0 302
4 8 59 34.2298 -3 0 0 166
4 8 60 25.5 -2 0 0 538
4 8 61 30.2585 2.04515 5.85502 0.344372 260
4 8 62 34.2298 -3 0 0 187
4 8 63 29.5 -2 0 0 225
4 9 0 29.5 -2 0 0 281
4 9 1 29.5 -2 0 0 204
4 9 2 33.9616 -3 0 0 146
4 9 3 33.9616 -3 0 0 69
4 9 4 33.9616 -3 0 0 78
4 9 5 33.9616 -3 0 0 91
4 9 6 33.9616 -3 0 0 136
4 9 7 33.9616 -3 0 0 72
4 9 8 33.9616 -3 0 0 93
4 9 9 33.9616 -3 0 0 78
4 9 10 33.9616 -3 0 0 67
4 9 11 33.9616 -3 0 0 86
4 9 12 33.9616 -3 0 0 74
4 9 13 33.9616 -3 0 0 59
4 9 14 25.5 -2 0 0 207
4 9 15 33.9616 -3 0 0 61
4 9 16 33.9616 -3 0 0 80
4 9 17 33.9616 -3 0 0 117
4 9 18 33.9616 -3 0 0 72
4 9 19 33.9616 -3 0 0 50
4 9 20 33.9616 -3 0 0 52
4 9 21 33.9616 -3 0 0 115
4 9 22 33.9616 -3 0 0 49
4 9 23 33.9616 -3 0 0 80
4 9 24 33.9616 -3 0 0 155
4 9 25 33.9616 -3 0 0 43
4 9 26 33.9616 -3 0 0 137
4 9 27 33.9616 -3 0 0 45
4 9 28 33.9616 -3 0 0 45
4 9 29 33.9616 -3 0 0 80
4 9 30 33.9616 -3 0 0 53
4 9 31 33.9616 -3 0 0 44
4 9 32 33.9616 -3 0 0 45
4 9 33 33.9616 -3 0 0 36
4 9 34 33.9616 -3 0 0 153
4 9 35 33.9616 -3 0 0 38
4 9 36 33.9616 -3 0 0 54
4 9 37 33.9616 -3 0 0 77
4 9 38 33.9616 -3 0 0 43
4 9 39 33.9616 -3 0 0 48
4 9 40 33.9616 -3 0 0 51
4 9 41 33.9616 -3 0 0 31
4 9 42 33.9616 -3 0 0 51
4 9 43 33.9616 -3 0 0 88
4 9 44 33.9616 -3 0 0 18
4 9 45 33.9616 -3 0 0 41
4 9 46 33.9616 -3 0 0 120
4 9 47 33.9616 -3 0 0 36
4 9 48 33.9616 -3 0 0 38
4 9 49 33.9616 -3 0 0 56
4 9 50 33.9616 -3 0 0 49
4 9 51 33.9616 -3 0 0 62
4 9 52 33.9616 -3 0 0 89
4 9 53 33.9616 -3 0 0 36
4 9 54 33.9616 -3 0 0 31
4 9 55 33.9616 -3 0 0 81
4 9 56 33.9616 -3 0 0 4
4 9 57 33.9616 -3 0 0 82
4 9 58 33.9616 -3 0 0 40
4 9 59 33.9616 -3 0 0 125
4 9 60 33.9616 -3 0 0 33
4 9 61 33.9616 -3 0 0 75
4 9 62 33.9616 -3 0 0 100
4 9 63 33.9616 -3 0 0 53
4 10 0 31.6927 -6 0 0 143
4 10 1 25.5 -2 0 0 204
4 10 2 21.5 -2 0 0 274
4 10 3 21.5 -2 0 0 387
4 10 4 21.5 -2 0 0 257
4 10 5 21.5 -2 0 0 224
4 10 6 28.0584 1.95893 5.77976 0.312556 206
4 10 7 31.6822 2.0956 7.43233 0.424392 508
4 10 8 21.5 -2 0 0 216
4 10 9 25.5 -2 0 0 374
4 10 10 27.0811 1.8521 6.54996 0.407705 291
4 10 11 31.6927 -6 0 0 173
4 10 12 21.5 -2 0 0 233
4 10 13 28.0078 1.36496 4.52101 0.488244 481
4 10 14 31.6927 -6 0 0 198
4 10 15 25.5 -2 0 0 321
4 10 16 21.5 -2 0 0 570
4 10 17 31.6927 -6 0 0 173
4 10 18 27.6247 1.77986 6.10119 0.427695 295
4 10 19 29.0421 1.47908 5.9786 0.337786 680
4 10 20 31.6927 -6 0 0 194
4 10 21 21.5 -2 0 0 239
4 10 22 25.5 -2 0 0 319
4 10 23 31.6927 -6 0 0 181
4 10 24 31.6927 -6 0 0 174
4 10 25 30.1354 1.32153 5.89164 0.41088 994
4 10 26 31.6927 -6 0 0 189
4 10 27 21.5 -2 0 0 534
4 10 28 28.8184 1.24994 5.8815 0.308866 453
4 10 29 25.5 -2 0 0 217
4 10 30 21.5 -2 0 0 322
4 10 31 28.5526 1.29676 6.09282 0.418899 1053
4 10 32 21.5 -2 0 0 670
4 10 33 30.2346 2.04082 7.19734 0.447149 389
4 10 34 31.6927 -6 0 0 169
4 10 35 21.5 -2 0 0 1365
4 10 36 26.2135 1.74307 4.69569 0.456429 403
4 10 37 27.9423 2.39393 6.76403 0.386516 205
4 10 38 31.2472 1.44928 6.93294 0.434241 1787
4 10 39 21.5 -2 0 0 776
4 10 40 21.5 -2 0 0 293
4 10 41 26.6689 1.23699 5.49606 0.495952 568
4 10 42 26.483 1.57832 4.89675 0.496767 353
4 10 43 25.5 -2 0 0 295
4 10 44 21.5 -2 0 0 845
4 10 45 21.5 -2 0 0 668
4 10 46 21.5 -2 0 0 242
4 10 47 25.5 -2 0 0 2532
4 10 48 21.5 -2 0 0 393
4 10 49 25.5 -2 0 0 300
4 10 50 21.5 -2 0 0 610
4 10 51 29.3939 2.40303 7.33393 0.38402 322
4 10 52 21.5 -2 0 0 257
4 10 53 21.5 -2 0 0 1412
4 10 54 26.4743 1.49814 4.64014 0.520078 512
4 10 55 21.5 -2 0 0 343
4 10 56 25.9681 1.6528 6.23285 0.418574 522
4 10 57 26.5579 1.94705 4.9594 0.440625 390
4 10 58 21.5 -2 0 0 444
4 10 59 21.5 -2 0 0 226
4 10 60 26.7292 1.14416 5.74848 0.372127 975
4 10 61 25.75 2.48921 6.38101 0.447832 377
4 10 62 21.5 -2 0 0 319
4 10 63 21.5 -2 0 0 383
4 11 0 34.5034 1.623 6.1578 0.339448 597
4 11 1 35.1728 2.2358 8.34948 0.272639 344
4 11 2 29.5 -2 0 0 322
4 11 3 35.2393 -3 0 0 134
4 11 4 29.5 -2 0 0 204
4 11 5 29.5 -2 0 0 223
4 11 6 35.2393 -3 0 0 199
4 11 7 35.2393 -3 0 0 80
4 11 8 29.5 -2 0 0 245
4 11 9 35.2393 -3 0 0 155
4 11 10 35.2393 -3 0 0 104
4 11 11 36.4338 2.56044 7.74668 0.380593 238
4 11 12 35.2393 -3 0 0 178
4 11 13 35.2393 -3 0 0 103
4 11 14 35.5686 1.73194 5.84604 0.303042 437
4 11 15 35.2393 -3 0 0 95
4 11 16 35.2393 -3 0 0 82
4 11 17 29.5 -2 0 0 332
4 11 18 35.2393 -3 0 0 151
4 11 19 35.2393 -3 0 0 89
4 11 20 35.2393 -3 0 0 134
4 11 21 35.2393 -3 0 0 181
4 11 22 35.2393 -3 0 0 101
4 11 23 29.5 -2 0 0 255
4 11 24 33.9643 1.81298 5.0229 0.443777 336
4 11 25 35.2393 -3 0 0 78
4 11 26 37.2667 2.28473 7.38425 0.293422 415
4 11 27 35.2393 -3 0 0 115
4 11 28 35.2393 -3 0 0 103
4 11 29 29.5 -2 0 0 283
4 11 30 35.2393 -3 0 0 110
4 11 31 35.2393 -3 0 0 78
4 11 32 35.2393 -3 0 0 87
4 11 33 35.2393 -3 0 0 105
4 11 34 29.5 -2 0 0 353
4 11 35 35.2393 -3 0 0 58
4 11 36 35.2393 -3 0 0 110
4 11 37 35.2393 -3 0 0 147
4 11 38 35.2393 -3 0 0 71
4 11 39 35.2393 -3 0 0 107
4 11 40 35.2393 -3 0 0 160
4 11 41 35.2393 -3 0 0 101
4 11 42 35.2393 -3 0 0 128
4 11 43 33.5 -2 0 0 250
4 11 44 35.2393 -3 0 0 56
4 11 45 35.2393 -3 0 0 119
4 11 46 33.3936 2.25351 7.68162 0.226385 342
4 11 47 35.2393 -3 0 0 79
4 11 48 35.2393 -3 0 0 128
4 11 49 35.2393 -3 0 0 159
4 11 50 35.2393 -3 0 0 82
4 11 51 29.5 -2 0 0 243
4 11 52 35.2393 -3 0 0 199
4 11 53 35.2393 -3 0 0 67
4 11 54 35.2393 -3 0 0 114
4 11 55 35.2393 -3 0 0 191
4 11 56 35.2393 -3 0 0 113
4 11 57 35.2393 -3 0 0 180
4 11 58 35.2393 -3 0 0 175
4 11 59 29.5 -2 0 0 307
4 11 60 35.2393 -3 0 0 90
4 11 61 25.5 -2 0 0 229
4 11 62 33.5 -2 0 0 367
4 11 63 29.5 -2 0 0 212
4 12 0 31.5835 1.81068 6.6089 0.276869 272
4 12 1 32.5965 1.85987 7.1946 0.29958 314
4 12 2 25.5 -2 0 0 445
4 12 3 30.1032 0.997555 4.74282 0.580155 535
4 12 4 33.5 -2 0 0 264
4 12 5 30.3151 1.11431 4.60686 0.379945 312
4 12 6 33.6416 1.4216 6.30638 0.345357 498
4 12 7 29.5 -2 0 0 1358
4 12 8 29.5 -2 0 0 359
4 12 9 33.2864 1.32082 5.26499 0.474095 803
4 12 10 29.5 -2 0 0 1466
4 12 11 29.5 -2 0 0 298
4 12 12 32.9394 1.77195 6.3427 0.468669 454
4 12 13 31.6876 1.00888 5.3172 0.759957 767
4 12 14 29.5 -2 0 0 249
4 12 15 33.6639 1.5861 6.22008 0.430225 476
4 12 16 29.5 -2 0 0 2695
4 12 17 29.5 -2 0 0 205
4 12 18 33.776 1.75393 6.33183 0.52472 357
4 12 19 34.6877 1.08859 6.92078 0.446674 1079
4 12 20 36.4195 3.50332 9.70802 0.43712 256
4 12 21 32.3433 2.10399 7.92329 0.31104 661
4 12 22 32.3685 1.06143 5.49886 0.384974 783
4 12 23 35.4353 -3 0 0 176
4 12 24 25.5 -2 0 0 272
4 12 25 32.9973 1.02055 5.25723 0.391088 950
4 12 26 35.4353 -3 0 0 186
4 12 27 30.087 1.69026 6.02405 0.460236 352
4 12 28 31.6739 1.28404 5.68213 0.494244 505
4 12 29 33.5 -2 0 0 215
4 12 30 25.5 -2 0 0 303
4 12 31 35.0766 1.35258 6.23067 0.490305 921
4 12 32 34.653 1.64551 6.495 0.441208 386
4 12 33 33.3042 1.42399 5.38817 0.3828 365
4 12 34 35.4353 -3 0 0 180
4 12 35 34.9474 1.60304 6.90626 0.515281 609
4 12 36 35.4353 -3 0 0 200
4 12 37 35.4353 -3 0 0 197
4 12 38 32.8357 1.69609 5.78273 0.852874 743
4 12 39 29.5 -2 0 0 263
4 12 40 25.5 -2 0 0 211
4 12 41 29.5 -2 0 0 416
4 12 42 35.4353 -3 0 0 196
4 12 43 35.4353 -3 0 0 192
4 12 44 32.3025 1.19844 5.33145 0.377638 317
4 12 45 32.8443 1.41534 6.22609 0.297555 293
4 12 46 35.4353 -3 0 0 174
4 12 47 29.5 -2 0 0 427
4 12 48 25.5 -2 0 0 280
4 12 49 35.4353 -3 0 0 187
4 12 50 33.9838 2.5523 8.4428 0.301509 313
4 12 51 35.4353 -3 0 0 113
4 12 52 35.4353 -3 0 0 166
4 12 53 29.5 -2 0 0 268
4 12 54 29.5 -2 0 0 208
4 12 55 35.4353 -3 0 0 134
4 12 56 35.4353 -3 0 0 161
4 12 57 35.4353 -3 0 0 175
4 12 58 35.4353 -3 0 0 167
4 12 59 35.4353 -3 0 0 116
4 12 60 29.5 -2 0 0 234
4 12 61 35.4353 -3 0 0 134
4 12 62 35.4353 -3 0 0 150
4 12 63 35.4353 -3 0 0 142
4 13 0 25.5 -2 0 0 278
4 13 1 33.5 -2 0 0 205
4 13 2 31.6927 -6 0 0 138
4 13 3 31.6927 -6 0 0 112
4 13 4 31.6927 -6 0 0 120
4 13 5 31.6927 -6 0 0 149
4 13 6 31.6927 -6 0 0 141
4 13 7 31.6927 -6 0 0 48
4 13 8 31.6927 -6 0 0 159
4 13 9 31.6927 -6 0 0 77
4 13 10 31.6927 -6 0 0 69
4 13 11 31.6927 -6 0 0 184
4 13 12 31.6927 -6 0 0 121
4 13 13 31.6927 -6 0 0 80
4 13 14 31.7486 1.78521 6.06935 0.278973 264
4 13 15 31.6927 -6 0 0 78
4 13 16 31.6927 -6 0 0 70
4 13 17 33.5 -2 0 0 220
4 13 18 31.6927 -6 0 0 114
4 13 19 31.6927 -6 0 0 65
4 13 20 31.6927 -6 0 0 122
4 13 21 31.6927 -6 0 0 95
4 13 22 31.6927 -6 0 0 72
4 13 23 31.6927 -6 0 0 177
4 13 24 25.5 -2 0 0 213
4 13 25 31.6927 -6 0 0 75
4 13 26 34.8222 2.86543 8.65028 0.395576 333
4 13 27 31.6927 -6 0 0 109
4 13 28 31.6927 -6 0 0 91
4 13 29 29.5 -2 0 0 224
4 13 30 31.6927 -6 0 0 88
4 13 31 31.6927 -6 0 0 94
4 13 32 31.6927 -6 0 0 63
4 13 33 31.6927 -6 0 0 95
4 13 34 25.5 -2 0 0 305
4 13 35 31.6927 -6 0 0 92
4 13 36 31.6927 -6 0 0 100
4 13 37 31.6927 -6 0 0 188
4 13 38 31.6927 -6 0 0 81
4 13 39 31.6927 -6 0 0 155
4 13 40 31.6927 -6 0 0 146
4 13 41 31.6927 -6 0 0 101
4 13 42 31.6927 -6 0 0 190
4 13 43 30.7445 2.62095 7.79699 0.347968 230
4 13 44 31.6927 -6 0 0 102
4 13 45 31.6927 -6 0 0 130
4 13 46 25.5 -2 0 0 346
4 13 47 31.6927 -6 0 0 99
4 13 48 31.6927 -6 0 0 121
4 13 49 30.4267 1.84543 5.96915 0.327063 213
4 13 50 31.6927 -6 0 0 144
4 13 51 25.5 -2 0 0 353
4 13 52 31.5141 2.38446 6.10579 0.401768 300
4 13 53 31.6927 -6 0 0 139
4 13 54 31.6927 -6 0 0 131
4 13 55 25.5 -2 0 0 298
4 13 56 29.5 -2 0 0 230
4 13 57 31.1299 2.90062 8.46164 0.253872 289
4 13 58 31.6927 -6 0 0 176
4 13 59 30.761 1.50047 5.37057 0.314825 428
4 13 60 31.6927 -6 0 0 154
4 13 61 30.3386 1.21989 4.86624 0.280557 541
4 13 62 30.9732 1.42262 6.27466 0.218137 470
4 13 63 29.5 -2 0 0 202
4 14 0 29.5 -2 0 0 230
4 14 1 29.5 -2 0 0 261
4 14 2 34.4564 1.47853 6.33901 0.254966 366
4 14 3 33.5 -2 0 0 322
4 14 4 34.6405 -3 0 0 178
4 14 5 29.5 -2 0 0 260
4 14 6 36.3424 2.57034 8.83931 0.361707 377
4 14 7 33.7336 1.36754 5.07445 0.362975 639
4 14 8 29.5 -2 0 0 208
4 14 9 32.2809 1.87058 5.11237 0.469144 540
4 14 10 30.4465 2.5934 6.01647 0.272436 706
4 14 11 34.6405 -3 0 0 166
4 14 12 29.5 -2 0 0 242
4 14 13 35.7736 3.13101 10.3262 0.338764 285
4 14 14 34.6405 -3 0 0 152
4 14 15 37.5 -2 0 0 255
4 14 16 34.1782 1.25713 5.51169 0.360056 959
4 14 17 34.6405 -3 0 0 131
4 14 18 29.5 -2 0 0 222
4 14 19 33.7015 1.58463 6.56112 0.323416 460
4 14 20 34.6405 -3 0 0 126
4 14 21 25.5 -2 0 0 459
4 14 22 32.3884 1.21408 5.05415 0.510481 392
4 14 23 34.6405 -3 0 0 118
4 14 24 34.6405 -3 0 0 147
4 14 25 37.5 -2 0 0 346
4 14 26 34.6405 -3 0 0 146
4 14 27 33.1576 2.18997 7.29635 0.37871 206
4 14 28 32.4668 1.56081 5.32299 0.302154 237
4 14 29 34.6405 -3 0 0 123
4 14 30 34.6405 -3 0 0 182
4 14 31 29.5 -2 0 0 234
4 14 32 34.6405 -3 0 0 143
4 14 33 34.6405 -3 0 0 142
4 14 34 34.6405 -3 0 0 132
4 14 35 37.5 -2 0 0 208
4 14 36 34.6405 -3 0 0 134
4 14 37 34.6405 -3 0 0 94
4 14 38 34.6405 -3 0 0 171
4 14 39 34.6405 -3 0 0 106
4 14 40 34.6405 -3 0 0 133
4 14 41 34.6405 -3 0 0 152
4 14 42 34.6405 -3 0 0 136
4 14 43 34.6405 -3 0 0 107
4 14 44 34.6405 -3 0 0 137
4 14 45 34.6405 -3 0 0 108
4 14 46 34.6405 -3 0 0 98
4 14 47 34.6405 -3 0 0 131
4 14 48 34.6405 -3 0 0 114
4 14 49 34.6405 -3 0 0 82
4 14 50 34.6405 -3 0 0 66
4 14 51 34.6405 -3 0 0 47
4 14 52 34.6405 -3 0 0 81
4 14 53 34.6405 -3 0 0 85
4 14 54 34.6405 -3 0 0 64
4 14 55 34.6405 -3 0 0 90
4 14 56 34.6405 -3 0 0 86
4 14 57 34.6405 -3 0 0 95
4 14 58 34.6405 -3 0 0 75
4 14 59 34.6405 -3 0 0 93
4 14 60 34.6405 -3 0 0 97
4 14 61 34.6405 -3 0 0 57
4 14 62 34.6405 -3 0 0 74
4 14 63 34.6405 -3 0 0 86
4 15 0 34.3309 -3 0 0 73
4 15 1 34.3309 -3 0 0 51
4 15 2 34.3309 -3 0 0 62
4 15 3 34.3309 -3 0 0 31
4 15 4 34.3309 -3 0 0 71
4 15 5 34.3309 -3 0 0 42
4 15 6 34.3309 -3 0 0 53
4 15 7 34.3309 -3 0 0 32
4 15 8 34.3309 -3 0 0 65
4 15 9 34.3309 -3 0 0 41
4 15 10 34.3309 -3 0 0 42
4 15 11 34.3309 -3 0 0 61
4 15 12 34.3309 -3 0 0 42
4 15 13 34.3309 -3 0 0 41
4 15 14 34.3309 -3 0 0 92
4 15 15 34.3309 -3 0 0 54
4 15 16 34.3309 -3 0 0 16
4 15 17 34.3309 -3 0 0 78
4 15 18 34.3309 -3 0 0 63
4 15 19 34.3309 -3 0 0 48
4 15 20 34.3309 -3 0 0 67
4 15 21 34.3309 -3 0 0 39
4 15 22 34.3309 -3 0 0 44
4 15 23 34.3309 -3 0 0 83
4 15 24 34.3309 -3 0 0 75
4 15 25 34.3309 -3 0 0 44
4 15 26 34.3309 -3 0 0 94
4 15 27 34.3309 -3 0 0 33
4 15 28 34.3309 -3 0 0 39
4 15 29 34.3309 -3 0 0 100
4 15 30 34.3309 -3 0 0 54
4 15 31 34.3309 -3 0 0 43
4 15 32 34.3309 -3 0 0 52
4 15 33 34.3309 -3 0 0 48
4 15 34 34.3309 -3 0 0 106
4 15 35 34.3309 -3 0 0 56
4 15 36 34.3309 -3 0 0 57
4 15 37 34.3309 -3 0 0 80
4 15 38 34.3309 -3 0 0 61
4 15 39 34.3309 -3 0 0 121
4 15 40 34.3309 -3 0 0 70
4 15 41 34.3309 -3 0 0 48
4 15 42 34.3309 -3 0 0 96
4 15 43 34.3309 -3 0 0 98
4 15 44 34.3309 -3 0 0 63
4 15 45 34.3309 -3 0 0 63
4 15 46 34.3309 -3 0 0 100
4 15 47 34.3309 -3 0 0 70
4 15 48 34.3309 -3 0 0 61
4 15 49 34.3309 -3 0 0 86
4 15 50 34.3309 -3 0 0 69
4 15 51 29.5 -2 0 0 208
4 15 52 34.3309 -3 0 0 127
4 15 53 34.3309 -3 0 0 86
4 15 54 34.3309 -3 0 0 73
4 15 55 34.3309 -3 0 0 143
4 15 56 34.3309 -3 0 0 107
4 15 57 34.3309 -3 0 0 132
4 15 58 34.3309 -3 0 0 88
4 15 59 34.3309 -3 0 0 150
4 15 60 34.3309 -3 0 0 105
4 15 61 29.5 -2 0 0 246
4 15 62 34.3309 -3 0 0 168
4 15 63 34.3309 -3 0 0 146
5 0 0 35.0241 -3 0 0 139
5 0 1 35.0241 -3 0 0 127
5 0 2 35.0241 -3 0 0 75
5 0 3 35.0241 -3 0 0 30
5 0 4 35.0241 -3 0 0 110
5 0 5 35.0241 -3 0 0 118
5 0 6 35.0241 -3 0 0 112
5 0 7 35.0241 -3 0 0 58
5 0 8 35.0241 -3 0 0 102
5 0 9 35.0241 -3 0 0 73
5 0 10 35.0241 -3 0 0 62
5 0 11 35.0241 -3 0 0 115
5 0 12 35.0241 -3 0 0 100
5 0 13 35.0241 -3 0 0 70
5 0 14 35.0241 -3 0 0 169
5 0 15 35.0241 -3 0 0 92
5 0 16 35.0241 -3 0 0 68
5 0 17 35.0241 -3 0 0 151
5 0 18 35.0241 -3 0 0 49
5 0 19 35.0241 -3 0 0 83
5 0 20 35.0241 -3 0 0 58
5 0 21 35.0241 -3 0 0 91
5 0 22 35.0241 -3 0 0 37
5 0 23 35.0241 -3 0 0 149
5 0 24 35.0241 -3 0 0 132
5 0 25 35.0241 -3 0 0 109
5 0 26 33.5 -2 0 0 214
5 0 27 35.0241 -3 0 0 43
5 0 28 35.0241 -3 0 0 33
5 0 29 35.0241 -3 0 0 189
5 0 30 35.0241 -3 0 0 32
5 0 31 35.0241 -3 0 0 118
5 0 32 35.0241 -3 0 0 114
5 0 33 35.0241 -3 0 0 143
5 0 34 29.5 -2 0 0 252
5 0 35 35.0241 -3 0 0 144
5 0 36 35.0241 -3 0 0 12
5 0 37 35.0241 -3 0 0 184
5 0 38 35.0241 -3 0 0 148
5 0 39 35.0241 -3 0 0 122
5 0 40 35.0241 -3 0 0 179
5 0 41 35.0241 -3 0 0 47
5 0 42 35.0241 -3 0 0 199
5 0 43 29.5 -2 0 0 254
5 0 44 35.0241 -3 0 0 60
5 0 45 35.0241 -3 0 0 42
5 0 46 29.5 -2 0 0 285
5 0 47 35.0241 -3 0 0 200
5 0 48 35.0241 -3 0 0 80
5 0 49 35.0241 -3 0 0 47
5 0 50 29.5 -2 0 0 227
5 0 51 34.4889 2.33432 6.85036 0.278226 557
5 0 52 29.5 -2 0 0 247
5 0 53 35.0241 -3 0 0 90
5 0 54 35.0241 -3 0 0 49
5 0 55 29.5 -2 0 0 369
5 0 56 30.3776 2.17734 6.90317 0.365216 407
5 0 57 25.5 -2 0 0 485
5 0 58 29.5 -2 0 0 256
5 0 59 25.5 -2 0 0 421
5 0 60 35.0241 -3 0 0 144
5 0 61 35.7449 2.61585 8.39703 0.399509 684
5 0 62 25.5 -2 0 0 502
5 0 63 25.5 -2 0 0 326
5 1 0 33.9347 1.53835 6.3243 0.425691 605
5 1 1 34.2428 2.02324 8.30321 0.366407 653
5 1 2 35.1295 1.58513 7.59318 0.335237 683
5 1 3 34.347 1.46326 6.10635 0.278132 443
5 1 4 36.5619 2.42375 9.14579 0.469849 302
5 1 5 29.5 -2 0 0 442
5 1 6 34.7388 1.51561 6.46205 0.299267 825
5 1 7 34.5452 1.51442 6.07075 0.325035 573
5 1 8 33.9155 1.50537 6.29672 0.429551 373
5 1 9 33.049 1.00223 4.78455 0.414722 783
5 1 10 33.9725 1.11823 5.43453 0.492705 938
5 1 11 34.3576 1.5124 5.3137 0.507123 321
5 1 12 30.7957 1.57294 5.8005 0.446191 492
5 1 13 33.5 -2 0 0 364
5 1 14 33.8976 1.78971 6.63767 0.328323 368
5 1 15 34.0663 1.76444 6.79383 0.460893 333
5 1 16 35.7928 1.34291 6.56939 0.345749 1044
5 1 17 33.5 -2 0 0 285
5 1 18 33.6016 2.29105 8.25222 0.410803 333
5 1 19 33.7739 1.41325 5.58044 0.526424 446
5 1 20 36.122 -3 0 0 103
5 1 21 35.6618 1.33295 5.86507 0.304884 778
5 1 22 35.5853 1.39416 6.43022 0.38844 470
5 1 23 36.122 -3 0 0 71
5 1 24 37.5 -2 0 0 377
5 1 25 33.8761 2.37508 8.43141 0.385679 313
5 1 26 29.5 -2 0 0 277
5 1 27 33.5 -2 0 0 241
5 1 28 32.7539 1.51836 6.0094 0.338346 262
5 1 29 36.122 -3 0 0 197
5 1 30 33.5 -2 0 0 220
5 1 31 29.5 -2 0 0 256
5 1 32 33.5 -2 0 0 226
5 1 33 36.122 -3 0 0 154
5 1 34 33.5 -2 0 0 230
5 1 35 36.122 -3 0 0 200
5 1 36 36.122 -3 0 0 155
5 1 37 36.122 -3 0 0 171
5 1 38 36.122 -3 0 0 158
5 1 39 36.122 -3 0 0 123
5 1 40 36.122 -3 0 0 185
5 1 41 36.122 -3 0 0 149
5 1 42 36.122 -3 0 0 138
5 1 43 36.122 -3 0 0 75
5 1 44 36.122 -3 0 0 120
5 1 45 36.122 -3 0 0 160
5 1 46 36.122 -3 0 0 197
5 1 47 36.122 -3 0 0 127
5 1 48 36.122 -3 0 0 153
5 1 49 36.122 -3 0 0 145
5 1 50 36.122 -3 0 0 122
5 1 51 36.122 -3 0 0 102
5 1 52 36.122 -3 0 0 48
5 1 53 36.122 -3 0 0 112
5 1 54 36.122 -3 0 0 111
5 1 55 36.122 -3 0 0 100
5 1 56 36.122 -3 0 0 96
5 1 57 36.122 -3 0 0 103
5 1 58 36.122 -3 0 0 118
5 1 59 36.122 -3 0 0 82
5 1 60 36.122 -3 0 0 121
5 1 61 36.122 -3 0 0 111
5 1 62 36.122 -3 0 0 131
5 1 63 36.122 -3 0 0 111
5 2 0 35.0831 1.36346 6.2906 0.209068 625
5 2 1 34.6199 2.68327 9.58843 0.55469 390
5 2 2 28.9852 1.86628 4.80407 0.396535 285
5 2 3 34.0892 -3 0 0 188
5 2 4 34.0892 -3 0 0 141
5 2 5 30.6897 1.57312 4.96223 0.370411 331
5 2 6 34.0892 -3 0 0 182
5 2 7 34.0892 -3 0 0 136
5 2 8 35.5643 1.84446 7.6407 0.374396 325
5 2 9 34.0892 -3 0 0 176
5 2 10 34.0892 -3 0 0 103
5 2 11 34.0892 -3 0 0 150
5 2 12 29.5 -2 0 0 228
5 2 13 34.0892 -3 0 0 67
5 2 14 32.7837 1.61227 5.65304 0.530449 616
5 2 15 34.0892 -3 0 0 81
5 2 16 34.0892 -3 0 0 135
5 2 17 29.0722 1.58033 4.77525 0.433835 297
5 2 18 34.0892 -3 0 0 87
5 2 19 34.0892 -3 0 0 160
5 2 20 29.5 -2 0 0 422
5 2 21 34.0892 -3 0 0 118
5 2 22 34.0892 -3 0 0 101
5 2 23 34.0892 -3 0 0 114
5 2 24 35.1308 1.72215 6.7347 0.479816 421
5 2 25 34.0892 -3 0 0 170
5 2 26 33.1192 1.30211 6.37989 0.349223 911
5 2 27 34.0892 -3 0 0 69
5 2 28 34.0892 -3 0 0 66
5 2 29 34.0892 -3 0 0 182
5 2 30 34.0892 -3 0 0 63
5 2 31 34.0892 -3 0 0 151
5 2 32 34.0892 -3 0 0 190
5 2 33 34.0892 -3 0 0 114
5 2 34 29.7245 1.55788 4.19941 0.452994 426
5 2 35 34.0892 -3 0 0 163
5 2 36 34.0892 -3 0 0 63
5 2 37 35.6161 1.792 7.58742 0.500205 459
5 2 38 34.0892 -3 0 0 161
5 2 39 29.5 -2 0 0 350
5 2 40 34.0892 -3 0 0 77
5 2 41 25.5 -2 0 0 211
5 2 42 33.3097 1.34844 4.7552 0.542489 435
5 2 43 30.7404 1.70338 5.51413 0.479901 319
5 2 44 33.5 -2 0 0 212
5 2 45 29.5 -2 0 0 287
5 2 46 31.4213 1.10612 4.46614 0.318592 550
5 2 47 0 -10 0 0 0
5 2 48 33.5 -2 0 0 301
5 2 49 34.3 1.44616 6.20662 0.445514 483
5 2 50 25.5 -2 0 0 259
5 2 51 33.8366 1.30189 6.57851 0.292477 1094
5 2 52 25.5 -2 0 0 939
5 2 53 29.5 -2 0 0 276
5 2 54 29.5 -2 0 0 390
5 2 55 33.7218 1.38601 5.49186 0.444042 867
5 2 56 25.5 -2 0 0 634
5 2 57 27.6769 1.793 6.03862 0.31409 340
5 2 58 32.4102 1.52215 5.67274 0.327337 521
5 2 59 29.9888 1.10137 4.77194 0.340265 497
5 2 60 31.5034 2.52704 8.04189 0.454554 312
5 2 61 25.5 -2 0 0 2276
5 2 62 34.4141 1.3514 6.67008 0.339205 1602
5 2 63 34.7523 1.71488 7.01192 0.441088 571
5 3 0 31.7298 1.26071 5.85795 0.475924 549
5 3 1 31.1954 2.26279 5.92741 0.425298 600
5 3 2 25.5 -2 0 0 581
5 3 3 27.4896 1.69961 6.10475 0.347107 496
5 3 4 33.8279 -6 0 0 111
5 3 5 31.6205 2.25127 6.12769 0.440615 541
5 3 6 31.984 1.10176 5.36319 0.378044 720
5 3 7 31.0686 1.20655 5.48882 0.496128 900
5 3 8 25.5 -2 0 0 351
5 3 9 25.5 -2 0 0 945
5 3 10 25.5 -2 0 0 1141
5 3 11 29.5 -2 0 0 214
5 3 12 29.4658 1.28125 4.59739 0.690222 291
5 3 13 25.5 -2 0 0 675
5 3 14 31.015 2.09382 7.5879 0.416573 486
5 3 15 25.5 -2 0 0 372
5 3 16 25.5 -2 0 0 1397
5 3 17 25.5 -2 0 0 285
5 3 18 33.8279 -6 0 0 126
5 3 19 28.5608 1.30777 4.59969 0.363816 500
5 3 20 33.8279 -6 0 0 43
5 3 21 25.5 -2 0 0 912
5 3 22 25.5 -2 0 0 432
5 3 23 33.8279 -6 0 0 61
5 3 24 30.369 1.18617 4.62521 0.404161 430
5 3 25 28.5555 0.93555 3.84427 0.431542 285
5 3 26 33.8279 -6 0 0 82
5 3 27 33.8279 -6 0 0 84
5 3 28 33.8279 -6 0 0 139
5 3 29 33.8279 -6 0 0 86
5 3 30 33.8279 -6 0 0 97
5 3 31 30.8123 1.26634 5.74312 0.381273 580
5 3 32 31.7913 2.26609 6.05119 0.405334 393
5 3 33 33.8279 -6 0 0 118
5 3 34 33.8279 -6 0 0 114
5 3 35 25.5 -2 0 0 555
5 3 36 33.8279 -6 0 0 56
5 3 37 33.8279 -6 0 0 42
5 3 38 25.5 -2 0 0 358
5 3 39 25.5 -2 0 0 261
5 3 40 25.5 -2 0 0 286
5 3 41 29.0266 1.2797 4.21102 0.473309 328
5 3 42 33.8279 -6 0 0 44
5 3 43 29.5 -2 0 0 207
5 3 44 29.5 -2 0 0 221
5 3 45 33.8279 -6 0 0 89
5 3 46 25.5 -2 0 0 312
5 3 47 25.5 -2 0 0 333
5 3 48 25.5 -2 0 0 279
5 3 49 33.8279 -6 0 0 58
5 3 50 25.5 -2 0 0 244
5 3 51 25.5 -2 0 0 207
5 3 52 33.8279 -6 0 0 159
5 3 53 25.5 -2 0 0 286
5 3 54 33.8279 -6 0 0 178
5 3 55 25.5 -2 0 0 253
5 3 56 25.5 -2 0 0 240
5 3 57 29.5685 2.05019 5.90943 0.377128 217
5 3 58 29.9184 2.20138 5.79382 0.306014 264
5 3 59 33.8279 -6 0 0 121
5 3 60 33.8279 -6 0 0 43
5 3 61 25.5 -2 0 0 210
5 3 62 21.5 -2 0 0 226
5 3 63 33.8279 -6 0 0 56
5 4 0 35.1377 1.51337 6.84755 0.339535 2011
5 4 1 28.0483 1.08865 3.9548 0.323704 645
5 4 2 30.1007 2.89209 8.16198 0.707002 244
5 4 3 29.2162 1.78567 5.87121 0.355259 283
5 4 4 32.8346 2.06954 6.05441 0.37282 409
5 4 5 25.5 -2 0 0 430
5 4 6 31.8063 1.4011 5.48017 0.535232 560
5 4 7 25.5 -2 0 0 204
5 4 8 31.0711 1.482 6.31403 0.385961 614
5 4 9 25.5 -2 0 0 362
5 4 10 25.5 -2 0 0 251
5 4 11 25.5 -2 0 0 497
5 4 12 30.1053 1.55579 5.31054 0.371909 337
5 4 13 25.5 -2 0 0 206
5 4 14 25.5 -2 0 0 1486
5 4 15 25.5 -2 0 0 225
5 4 16 25.5 -2 0 0 237
5 4 17 25.5 -2 0 0 676
5 4 18 29.5 -2 0 0 222
5 4 19 33.8279 -6 0 0 158
5 4 20 33.8279 -6 0 0 93
5 4 21 32.9537 1.523 5.91602 0.41194 459
5 4 22 25.5 -2 0 0 236
5 4 23 33.8279 -6 0 0 100
5 4 24 25.5 -2 0 0 914
5 4 25 33.8279 -6 0 0 174
5 4 26 25.5 -2 0 0 1306
5 4 27 33.8279 -6 0 0 55
5 4 28 33.8279 -6 0 0 182
5 4 29 32.5568 1.38184 6.15429 0.327512 718
5 4 30 33.8279 -6 0 0 66
5 4 31 33.8279 -6 0 0 164
5 4 32 33.8279 -6 0 0 147
5 4 33 33.8279 -6 0 0 71
5 4 34 25.5 -2 0 0 1023
5 4 35 33.8279 -6 0 0 150
5 4 36 33.8279 -6 0 0 53
5 4 37 33.8279 -6 0 0 67
5 4 38 33.8279 -6 0 0 143
5 4 39 25.5 -2 0 0 239
5 4 40 33.8279 -6 0 0 89
5 4 41 33.8279 -6 0 0 178
5 4 42 33.8279 -6 0 0 75
5 4 43 29.7782 1.17005 5.0239 0.527093 648
5 4 44 33.8279 -6 0 0 151
5 4 45 33.8279 -6 0 0 176
5 4 46 25.5 -2 0 0 875
5 4 47 33.8279 -6 0 0 127
5 4 48 25.5 -2 0 0 246
5 4 49 25.5 -2 0 0 202
5 4 50 33.8279 -6 0 0 186
5 4 51 30.2661 2.72128 8.64195 0.595498 384
5 4 52 29.2361 1.83867 6.75128 0.44234 486
5 4 53 33.8279 -6 0 0 165
5 4 54 30.605 2.47965 8.5488 0.382033 255
5 4 55 30.2249 1.71099 6.89421 0.326749 410
5 4 56 25.5 -2 0 0 285
5 4 57 32.1207 2.00063 7.35722 0.464484 297
5 4 58 29.9029 1.58565 6.52362 0.289 268
5 4 59 25.5 -2 0 0 720
5 4 60 33.8279 -6 0 0 178
5 4 61 30.1158 1.70519 6.54219 0.370546 558
5 4 62 29.8894 1.90685 7.34582 0.520722 693
5 4 63 27.4091 1.78846 6.41578 0.517909 362
5 5 0 35.98 -3 0 0 193
5 5 1 25.5 -2 0 0 230
5 5 2 29.5 -2 0 0 222
5 5 3 29.5 -2 0 0 299
5 5 4 29.5 -2 0 0 212
5 5 5 29.5 -2 0 0 247
5 5 6 29.5 -2 0 0 265
5 5 7 35.1308 1.54325 6.06431 0.352482 372
5 5 8 29.5 -2 0 0 247
5 5 9 29.5 -2 0 0 258
5 5 10 29.5 -2 0 0 397
5 5 11 33.6814 2.01177 6.32577 0.398528 286
5 5 12 29.5 -2 0 0 217
5 5 13 36.0022 3.26314 10.1482 0.468366 328
5 5 14 37.5 -2 0 0 217
5 5 15 35.98 -3 0 0 134
5 5 16 35.98 -3 0 0 80
5 5 17 29.5 -2 0 0 242
5 5 18 34.5787 2.59923 7.1475 0.360053 305
5 5 19 33.29 1.12728 4.69211 0.611716 418
5 5 20 29.5 -2 0 0 631
5 5 21 34.9783 1.77643 6.57741 0.190969 284
5 5 22 29.5 -2 0 0 300
5 5 23 36.3732 2.31401 6.85465 0.327061 270
5 5 24 35.98 -3 0 0 167
5 5 25 36.7725 2.15428 6.94672 0.403534 483
5 5 26 29.5 -2 0 0 218
5 5 27 29.5 -2 0 0 325
5 5 28 35.98 -3 0 0 137
5 5 29 35.98 -3 0 0 195
5 5 30 36.3656 2.27744 7.84597 0.327925 307
5 5 31 33.0442 2.36475 7.19962 0.210588 236
5 5 32 33.0224 2.56507 7.63597 0.293683 358
5 5 33 35.3515 1.94648 7.39035 0.405902 321
5 5 34 33.5 -2 0 0 258
5 5 35 31.9909 1.67758 6.48364 0.511537 739
5 5 36 29.5 -2 0 0 326
5 5 37 25.5 -2 0 0 327
5 5 38 32.6997 1.19841 5.89417 0.386054 804
5 5 39 33.7171 1.40012 5.61693 0.631604 713
5 5 40 29.5 -2 0 0 299
5 5 41 32.8153 1.45696 5.03432 0.490656 420
5 5 42 36.4709 2.52357 9.42342 0.400807 317
5 5 43 32.4817 1.90256 5.65397 0.380562 320
5 5 44 33.3591 1.24693 5.16775 0.537825 547
5 5 45 33.3329 1.29175 5.20652 0.355078 383
5 5 46 34.7393 3.41284 9.81551 0.395201 321
5 5 47 29.5 -2 0 0 1841
5 5 48 29.5 -2 0 0 351
5 5 49 34.7715 2.52703 7.79164 0.356511 264
5 5 50 29.5 -2 0 0 533
5 5 51 33.1527 1.78843 5.40288 0.436305 659
5 5 52 29.5 -2 0 0 299
5 5 53 35.5866 1.45818 7.18912 0.385969 904
5 5 54 33.3213 1.31396 5.71415 0.282617 396
5 5 55 33.0457 1.58352 5.78727 0.352403 406
5 5 56 33.6548 1.61442 5.59417 0.372541 684
5 5 57 32.7576 1.35474 5.31176 0.351339 602
5 5 58 34.2911 2.86018 9.37429 0.382053 423
5 5 59 32.0419 2.02145 7.32152 0.340652 377
5 5 60 32.6777 1.07962 5.21692 0.432575 806
5 5 61 34.7941 1.66811 6.98538 0.3325 570
5 5 62 31.3726 1.48162 5.30809 0.346144 407
5 5 63 25.5 -2 0 0 442
5 6 0 34.5428 1.87252 5.90298 0.210715 739
5 6 1 29.5 -2 0 0 502
5 6 2 25.5 -2 0 0 365
5 6 3 34.3148 -3 0 0 158
5 6 4 29.5 -2 0 0 228
5 6 5 29.5 -2 0 0 239
5 6 6 30.6389 1.60588 4.50664 0.376619 350
5 6 7 34.3148 -3 0 0 117
5 6 8 30.3236 1.68768 5.76522 0.383052 319
5 6 9 29.5 -2 0 0 206
5 6 10 25.5 -2 0 0 201
5 6 11 34.3148 -3 0 0 80
5 6 12 29.5 -2 0 0 227
5 6 13 34.3148 -3 0 0 125
5 6 14 31.6291 1.34041 5.50164 0.388984 515
5 6 15 34.3148 -3 0 0 132
5 6 16 34.3148 -3 0 0 178
5 6 17 34.3148 -3 0 0 197
5 6 18 34.3148 -3 0 0 171
5 6 19 34.3148 -3 0 0 110
5 6 20 34.3148 -3 0 0 34
5 6 21 29.5 -2 0 0 263
5 6 22 34.3148 -3 0 0 141
5 6 23 33.5 -2 0 0 219
5 6 24 29.5 -2 0 0 351
5 6 25 34.3148 -3 0 0 127
5 6 26 34.9231 2.17141 6.791 0.321006 342
5 6 27 34.3148 -3 0 0 115
5 6 28 34.3148 -3 0 0 99
5 6 29 34.3148 -3 0 0 108
5 6 30 34.3148 -3 0 0 102
5 6 31 34.3148 -3 0 0 91
5 6 32 34.3148 -3 0 0 113
5 6 33 34.3148 -3 0 0 78
5 6 34 29.5 -2 0 0 307
5 6 35 34.3148 -3 0 0 83
5 6 36 34.3148 -3 0 0 49
5 6 37 34.3148 -3 0 0 35
5 6 38 34.3148 -3 0 0 70
5 6 39 34.3148 -3 0 0 92
5 6 40 34.3148 -3 0 0 25
5 6 41 34.3148 -3 0 0 89
5 6 42 34.3148 -3 0 0 131
5 6 43 34.3148 -3 0 0 179
5 6 44 34.3148 -3 0 0 83
5 6 45 34.3148 -3 0 0 97
5 6 46 36.974 2.53591 9.35298 0.300662 245
5 6 47 34.3148 -3 0 0 25
5 6 48 34.3148 -3 0 0 52
5 6 49 34.3148 -3 0 0 122
5 6 50 34.3148 -3 0 0 66
5 6 51 34.3148 -3 0 0 97
5 6 52 34.3148 -3 0 0 159
5 6 53 34.3148 -3 0 0 58
5 6 54 34.3148 -3 0 0 117
5 6 55 34.3148 -3 0 0 125
5 6 56 34.3148 -3 0 0 94
5 6 57 34.3148 -3 0 0 102
5 6 58 34.3148 -3 0 0 81
5 6 59 34.3148 -3 0 0 165
5 6 60 34.3148 -3 0 0 77
5 6 61 34.3148 -3 0 0 134
5 6 62 34.3148 -3 0 0 154
5 6 63 34.3148 -3 0 0 114
5 7 0 38.0898 -3 0 0 114
5 7 1 38.0898 -3 0 0 96
5 7 2 38.0898 -3 0 0 130
5 7 3 38.0898 -3 0 0 124
5 7 4 38.0898 -3 0 0 125
5 7 5 38.0898 -3 0 0 139
5 7 6 38.0898 -3 0 0 97
5 7 7 38.0898 -3 0 0 140
5 7 8 38.0898 -3 0 0 93
5 7 9 38.0898 -3 0 0 95
5 7 10 38.0898 -3 0 0 119
5 7 11 38.0898 -3 0 0 164
5 7 12 38.0898 -3 0 0 91
5 7 13 38.0898 -3 0 0 172
5 7 14 38.0898 -3 0 0 116
5 7 15 38.0898 -3 0 0 172
5 7 16 38.0898 -3 0 0 125
5 7 17 38.0898 -3 0 0 130
5 7 18 38.0898 -3 0 0 171
5 7 19 29.5 -2 0 0 233
5 7 20 38.0898 -3 0 0 179
5 7 21 38.0898 -3 0 0 125
5 7 22 38.0898 -3 0 0 134
5 7 23 38.0898 -3 0 0 163
5 7 24 38.0898 -3 0 0 117
5 7 25 33.5 -2 0 0 239
5 7 26 38.0898 -3 0 0 154
5 7 27 38.0898 -3 0 0 171
5 7 28 36.2463 2.93998 9.64462 0.430864 208
5 7 29 38.0898 -3 0 0 188
5 7 30 38.0898 -3 0 0 199
5 7 31 40.5732 3.11714 10.4197 0.542588 368
5 7 32 39.6403 2.27179 9.2232 0.37134 301
5 7 33 38.0898 -3 0 0 130
5 7 34 29.5 -2 0 0 206
5 7 35 38.0898 -3 0 0 194
5 7 36 35.1557 2.57485 8.17178 0.418322 258
5 7 37 37.3321 2.31372 8.37961 0.345245 245
5 7 38 37.0864 2.75194 7.65128 0.570392 285
5 7 39 29.5 -2 0 0 986
5 7 40 29.5 -2 0 0 298
5 7 41 38.0898 -3 0 0 146
5 7 42 38.6798 2.06551 7.49049 0.463749 341
5 7 43 33.5 -2 0 0 231
5 7 44 36.7171 1.47023 5.8768 0.369207 585
5 7 45 35.2637 1.149 4.90008 0.554073 430
5 7 46 33.5 -2 0 0 235
5 7 47 35.1447 1.43149 5.85514 0.338412 600
5 7 48 39.4726 3.6279 12.4913 0.596243 318
5 7 49 36.0489 1.93174 7.64798 0.387599 275
5 7 50 29.5 -2 0 0 518
5 7 51 36.4307 1.39634 6.28935 0.324732 633
5 7 52 29.5 -2 0 0 288
5 7 53 29.5 -2 0 0 909
5 7 54 29.5 -2 0 0 546
5 7 55 34.8936 1.66537 7.03505 0.320331 394
5 7 56 35.9126 1.44933 5.57802 0.533623 810
5 7 57 38.288 1.50764 6.9164 0.347743 749
5 7 58 35.59 2.10791 6.77423 0.478263 458
5 7 59 37.8058 2.91092 8.96789 0.398767 290
5 7 60 35.2527 1.67929 6.32401 0.43225 879
5 7 61 34.9271 3.34709 10.1026 0.397523 555
5 7 62 34.399 1.635 6.87742 0.528961 395
5 7 63 34.5174 1.40808 5.30554 0.411232 443
5 8 0 35.2293 -3 0 0 72
5 8 1 35.2293 -3 0 0 68
5 8 2 35.2293 -3 0 0 111
5 8 3 35.2293 -3 0 0 138
5 8 4 35.2293 -3 0 0 139
5 8 5 35.2293 -3 0 0 44
5 8 6 35.2293 -3 0 0 70
5 8 7 35.2293 -3 0 0 168
5 8 8 35.2293 -3 0 0 66
5 8 9 35.2293 -3 0 0 127
5 8 10 35.2293 -3 0 0 143
5 8 11 35.2293 -3 0 0 66
5 8 12 35.2293 -3 0 0 116
5 8 13 29.5 -2 0 0 203
5 8 14 35.2293 -3 0 0 112
5 8 15 35.2293 -3 0 0 153
5 8 16 35.2293 -3 0 0 161
5 8 17 35.2293 -3 0 0 113
5 8 18 35.2293 -3 0 0 52
5 8 19 33.8046 2.56586 8.80952 0.271218 253
5 8 20 35.2293 -3 0 0 76
5 8 21 35.2293 -3 0 0 112
5 8 22 35.2293 -3 0 0 157
5 8 23 35.2293 -3 0 0 133
5 8 24 35.2293 -3 0 0 116
5 8 25 35.8526 3.52291 11.6492 0.460423 292
5 8 26 35.2293 -3 0 0 125
5 8 27 29.5 -2 0 0 209
5 8 28 29.5 -2 0 0 219
5 8 29 35.2293 -3 0 0 159
5 8 30 35.2293 -3 0 0 193
5 8 31 32.6296 1.68919 6.27872 0.423668 328
5 8 32 35.4729 1.81466 6.64702 0.319956 278
5 8 33 33.5871 1.8923 6.62711 0.414493 229
5 8 34 35.2293 -3 0 0 130
5 8 35 34.8944 1.53217 6.16077 0.315226 538
5 8 36 29.5 -2 0 0 236
5 8 37 35.2293 -3 0 0 155
5 8 38 33.6579 1.24338 5.52445 0.363333 762
5 8 39 33.4104 1.38401 5.11149 0.421849 586
5 8 40 29.5 -2 0 0 205
5 8 41 29.5 -2 0 0 388
5 8 42 33.6714 1.71548 6.74118 0.332304 230
5 8 43 35.2293 -3 0 0 167
5 8 44 34.7005 1.614 5.997 0.318381 524
5 8 45 29.5 -2 0 0 305
5 8 46 35.2293 -3 0 0 151
5 8 47 30.1955 1.03457 4.57111 0.333467 683
5 8 48 29.5 -2 0 0 290
5 8 49 35.2293 -3 0 0 179
5 8 50 33.5852 1.55266 6.18352 0.499999 414
5 8 51 29.5 -2 0 0 353
5 8 52 35.2293 -3 0 0 199
5 8 53 34.1336 1.52283 6.17809 0.309777 794
5 8 54 36.3064 2.20875 8.14992 0.315643 364
5 8 55 25.5 -2 0 0 260
5 8 56 33.379 2.00714 7.13859 0.525226 473
5 8 57 32.9673 1.83324 5.93633 0.50819 429
5 8 58 25.5 -2 0 0 316
5 8 59 35.2293 -3 0 0 166
5 8 60 33.3878 1.59327 6.59776 0.417367 677
5 8 61 25.5 -2 0 0 307
5 8 62 25.5 -2 0 0 241
5 8 63 25.5 -2 0 0 262
5 9 0 29.5 -2 0 0 314
5 9 1 25.5 -2 0 0 239
5 9 2 36.2739 -3 0 0 194
5 9 3 36.2739 -3 0 0 38
5 9 4 36.2739 -3 0 0 27
5 9 5 36.2739 -3 0 0 90
5 9 6 36.2739 -3 0 0 151
5 9 7 36.2739 -3 0 0 57
5 9 8 36.2739 -3 0 0 114
5 9 9 36.2739 -3 0 0 116
5 9 10 36.2739 -3 0 0 78
5 9 11 36.2739 -3 0 0 42
5 9 12 36.2739 -3 0 0 48
5 9 13 36.2739 -3 0 0 69
5 9 14 29.5 -2 0 0 234
5 9 15 36.2739 -3 0 0 67
5 9 16 36.2739 -3 0 0 69
5 9 17 36.2739 -3 0 0 82
5 9 18 36.2739 -3 0 0 35
5 9 19 36.2739 -3 0 0 61
5 9 20 36.2739 -3 0 0 87
5 9 21 36.2739 -3 0 0 113
5 9 22 36.2739 -3 0 0 39
5 9 23 36.2739 -3 0 0 43
5 9 24 36.2739 -3 0 0 185
5 9 25 36.2739 -3 0 0 55
5 9 26 36.2739 -3 0 0 176
5 9 27 36.2739 -3 0 0 36
5 9 28 36.2739 -3 0 0 58
5 9 29 36.2739 -3 0 0 121
5 9 30 36.2739 -3 0 0 77
5 9 31 36.2739 -3 0 0 50
5 9 32 36.2739 -3 0 0 40
5 9 33 36.2739 -3 0 0 22
5 9 34 36.2739 -3 0 0 160
5 9 35 36.2739 -3 0 0 22
5 9 36 36.2739 -3 0 0 74
5 9 37 36.2739 -3 0 0 55
5 9 38 36.2739 -3 0 0 9
5 9 39 36.2739 -3 0 0 44
5 9 40 36.2739 -3 0 0 14
5 9 41 36.2739 -3 0 0 40
5 9 42 36.2739 -3 0 0 27
5 9 43 36.2739 -3 0 0 67
5 9 44 36.2739 -3 0 0 23
5 9 45 36.2739 -3 0 0 47
5 9 46 36.2739 -3 0 0 149
5 9 47 36.2739 -3 0 0 31
5 9 48 36.2739 -3 0 0 34
5 9 49 36.2739 -3 0 0 49
5 9 50 36.2739 -3 0 0 42
5 9 51 36.2739 -3 0 0 77
5 9 52 36.2739 -3 0 0 77
5 9 53 36.2739 -3 0 0 15
5 9 54 36.2739 -3 0 0 36
5 9 55 36.2739 -3 0 0 81
5 9 56 36.2739 -3 0 0 34
5 9 57 36.2739 -3 0 0 66
5 9 58 36.2739 -3 0 0 41
5 9 59 36.2739 -3 0 0 119
5 9 60 36.2739 -3 0 0 39
5 9 61 36.2739 -3 0 0 74
5 9 62 36.2739 -3 0 0 98
5 9 63 36.2739 -3 0 0 81
5 10 0 33.8279 -6 0 0 171
5 10 1 33.8279 -6 0 0 173
5 10 2 25.5 -2 0 0 272
5 10 3 25.5 -2 0 0 259
5 10 4 25.5 -2 0 0 247
5 10 5 25.5 -2 0 0 242
5 10 6 29.6654 1.70773 5.64721 0.367889 245
5 10 7 30.6618 1.25641 5.05418 0.371336 627
5 10 8 25.5 -2 0 0 202
5 10 9 25.5 -2 0 0 306
5 10 10 33.8279 -6 0 0 141
5 10 11 25.5 -2 0 0 212
5 10 12 25.5 -2 0 0 274
5 10 13 29.0439 1.30771 5.22758 0.438186 253
5 10 14 33.8279 -6 0 0 166
5 10 15 29.5 -2 0 0 255
5 10 16 25.5 -2 0 0 538
5 10 17 25.5 -2 0 0 208
5 10 18 25.5 -2 0 0 280
5 10 19 31.2782 1.37274 6.43213 0.310718 668
5 10 20 33.8279 -6 0 0 53
5 10 21 25.5 -2 0 0 254
5 10 22 29.5 -2 0 0 203
5 10 23 33.8279 -6 0 0 175
5 10 24 33.8279 -6 0 0 192
5 10 25 32.6046 1.33937 7.41662 0.412578 949
5 10 26 33.8279 -6 0 0 196
5 10 27 25.5 -2 0 0 394
5 10 28 28.0074 1.08064 4.20281 0.372921 484
5 10 29 33.8279 -6 0 0 196
5 10 30 27.0452 1.13223 4.24545 0.444858 300
5 10 31 31.2377 1.2564 5.57894 0.623603 1076
5 10 32 31.2779 1.72423 5.83317 0.456679 521
5 10 33 33.8279 -6 0 0 128
5 10 34 33.8279 -6 0 0 174
5 10 35 31.3661 1.08363 6.56837 0.441592 1284
5 10 36 25.5 -2 0 0 368
5 10 37 33.8279 -6 0 0 95
5 10 38 25.5 -2 0 0 1558
5 10 39 25.5 -2 0 0 752
5 10 40 25.5 -2 0 0 294
5 10 41 28.9781 1.2969 5.43292 0.589989 612
5 10 42 28.1428 1.62069 5.66276 0.369726 308
5 10 43 31.308 2.4377 6.80682 0.316024 234
5 10 44 25.5 -2 0 0 946
5 10 45 29.5 -2 0 0 283
5 10 46 25.5 -2 0 0 202
5 10 47 25.5 -2 0 0 2532
5 10 48 29.5 -2 0 0 417
5 10 49 29.5765 1.7515 6.72877 0.272415 292
5 10 50 31.0014 1.49117 6.40834 0.401251 701
5 10 51 30.2249 2.56475 7.30852 0.437886 363
5 10 52 25.5 -2 0 0 287
5 10 53 30.9929 1.32104 5.92101 0.82173 1274
5 10 54 29.7633 1.7524 7.25925 0.509464 456
5 10 55 30.8358 2.0349 7.0803 0.443706 319
5 10 56 30.5819 1.44557 5.58543 0.477998 479
5 10 57 25.5 -2 0 0 405
5 10 58 28.1569 1.24692 5.17531 0.391584 435
5 10 59 25.5 -2 0 0 246
5 10 60 31.4433 1.23024 6.25386 0.413806 975
5 10 61 25.5 -2 0 0 376
5 10 62 25.5 -2 0 0 258
5 10 63 25.5 -2 0 0 330
5 11 0 31.6536 1.30599 5.38348 0.386212 751
5 11 1 31.8528 1.88626 5.76708 0.363452 445
5 11 2 25.5 -2 0 0 218
5 11 3 33.8279 -6 0 0 146
5 11 4 33.8279 -6 0 0 115
5 11 5 33.8279 -6 0 0 191
5 11 6 31.0745 2.20227 5.87997 0.417002 282
5 11 7 33.8279 -6 0 0 97
5 11 8 29.5 -2 0 0 305
5 11 9 33.8279 -6 0 0 169
5 11 10 33.8279 -6 0 0 144
5 11 11 33.5 -2 0 0 240
5 11 12 33.8279 -6 0 0 191
5 11 13 33.8279 -6 0 0 119
5 11 14 25.5 -2 0 0 582
5 11 15 33.8279 -6 0 0 69
5 11 16 33.8279 -6 0 0 130
5 11 17 29.5 -2 0 0 358
5 11 18 33.8279 -6 0 0 163
5 11 19 33.8279 -6 0 0 131
5 11 20 33.8279 -6 0 0 38
5 11 21 25.5 -2 0 0 224
5 11 22 33.8279 -6 0 0 119
5 11 23 25.5 -2 0 0 278
5 11 24 29.5 -2 0 0 387
5 11 25 33.8279 -6 0 0 103
5 11 26 30.7727 1.25329 4.96429 0.3091 533
5 11 27 33.8279 -6 0 0 87
5 11 28 33.8279 -6 0 0 68
5 11 29 25.5 -2 0 0 372
5 11 30 33.8279 -6 0 0 62
5 11 31 33.8279 -6 0 0 97
5 11 32 33.8279 -6 0 0 118
5 11 33 33.8279 -6 0 0 111
5 11 34 25.5 -2 0 0 507
5 11 35 33.8279 -6 0 0 79
5 11 36 33.8279 -6 0 0 142
5 11 37 33.8279 -6 0 0 126
5 11 38 33.8279 -6 0 0 103
5 11 39 33.8279 -6 0 0 138
5 11 40 33.8279 -6 0 0 158
5 11 41 33.8279 -6 0 0 96
5 11 42 33.8279 -6 0 0 173
5 11 43 25.5 -2 0 0 310
5 11 44 33.8279 -6 0 0 97
5 11 45 33.8279 -6 0 0 111
5 11 46 25.5 -2 0 0 433
5 11 47 33.8279 -6 0 0 70
5 11 48 33.8279 -6 0 0 137
5 11 49 25.5 -2 0 0 240
5 11 50 33.8279 -6 0 0 101
5 11 51 25.5 -2 0 0 280
5 11 52 25.5 -2 0 0 276
5 11 53 33.8279 -6 0 0 81
5 11 54 33.8279 -6 0 0 141
5 11 55 29.5 -2 0 0 226
5 11 56 33.8279 -6 0 0 183
5 11 57 33.8279 -6 0 0 191
5 11 58 25.5 -2 0 0 222
5 11 59 29.0397 1.63314 6.23582 0.288969 420
5 11 60 33.8279 -6 0 0 104
5 11 61 25.5 -2 0 0 337
5 11 62 25.5 -2 0 0 397
5 11 63 25.5 -2 0 0 211
5 12 0 25.5 -2 0 0 299
5 12 1 25.5 -2 0 0 362
5 12 2 32.9921 1.82574 7.26745 0.279837 372
5 12 3 29.9725 2.9179 8.69098 0.615692 635
5 12 4 34.5638 -3 0 0 185
5 12 5 30.2973 1.15336 4.73538 0.44169 382
5 12 6 31.7934 1.58235 5.42897 0.602973 546
5 12 7 34.8754 1.29298 6.60277 0.528946 1698
5 12 8 31.8144 2.69579 6.49044 0.566321 333
5 12 9 32.7363 1.18891 5.30652 0.524985 807
5 12 10 29.5363 0.892888 4.55913 0.261035 758
5 12 11 25.5 -2 0 0 277
5 12 12 34.0391 2.04019 7.01906 0.519683 532
5 12 13 32.8665 1.1924 6.10082 0.488301 626
5 12 14 29.5 -2 0 0 238
5 12 15 32.4742 1.26476 4.68363 0.393717 363
5 12 16 36.6714 1.30795 7.27345 0.513859 2520
5 12 17 29.5 -2 0 0 251
5 12 18 31.0434 1.13578 4.91255 0.406799 344
5 12 19 34.2018 1.18004 6.2673 0.429544 1191
5 12 20 31.8913 2.91109 8.65032 0.2839 297
5 12 21 32.5875 1.14612 5.53863 0.414258 642
5 12 22 34.8342 1.22038 6.36827 0.477208 800
5 12 23 34.5638 -3 0 0 97
5 12 24 25.5 -2 0 0 259
5 12 25 31.2583 0.925788 4.64069 0.764409 992
5 12 26 29.5 -2 0 0 223
5 12 27 33.4539 1.39768 6.33529 0.501215 291
5 12 28 25.5 -2 0 0 605
5 12 29 25.5 -2 0 0 222
5 12 30 25.5 -2 0 0 306
5 12 31 25.5 -2 0 0 860
5 12 32 30.2675 1.03855 4.34939 0.454439 407
5 12 33 32.2449 1.74624 5.36874 0.52459 317
5 12 34 34.5638 -3 0 0 163
5 12 35 32.2121 1.15894 4.67764 0.75434 738
5 12 36 34.5638 -3 0 0 95
5 12 37 25.5 -2 0 0 202
5 12 38 34.0611 1.79175 7.49272 0.467874 530
5 12 39 29.5 -2 0 0 238
5 12 40 36.4825 2.51846 9.44712 0.36943 264
5 12 41 25.5 -2 0 0 266
5 12 42 29.5 -2 0 0 204
5 12 43 34.5638 -3 0 0 153
5 12 44 31.5973 1.61953 4.91025 0.394033 409
5 12 45 35.7368 2.83791 9.23342 0.470927 361
5 12 46 34.5638 -3 0 0 170
5 12 47 30.7746 2.16059 5.28563 0.551951 368
5 12 48 25.5 -2 0 0 210
5 12 49 34.5638 -3 0 0 144
5 12 50 34.5638 -3 0 0 52
5 12 51 34.5638 -3 0 0 138
5 12 52 34.5638 -3 0 0 161
5 12 53 33.5 -2 0 0 211
5 12 54 34.5638 -3 0 0 153
5 12 55 34.5638 -3 0 0 143
5 12 56 34.5638 -3 0 0 155
5 12 57 34.5638 -3 0 0 198
5 12 58 34.5638 -3 0 0 168
5 12 59 34.5638 -3 0 0 157
5 12 60 25.5 -2 0 0 223
5 12 61 34.5638 -3 0 0 129
5 12 62 34.5638 -3 0 0 156
5 12 63 34.5638 -3 0 0 130
5 13 0 25.5 -2 0 0 274
5 13 1 25.5 -2 0 0 249
5 13 2 33.8279 -6 0 0 196
5 13 3 33.8279 -6 0 0 115
5 13 4 33.8279 -6 0 0 158
5 13 5 33.8279 -6 0 0 165
5 13 6 33.8279 -6 0 0 157
5 13 7 33.8279 -6 0 0 78
5 13 8 33.8279 -6 0 0 182
5 13 9 33.8279 -6 0 0 117
5 13 10 33.8279 -6 0 0 76
5 13 11 33.8279 -6 0 0 163
5 13 12 33.8279 -6 0 0 114
5 13 13 33.8279 -6 0 0 89
5 13 14 25.5 -2 0 0 366
5 13 15 33.8279 -6 0 0 48
5 13 16 33.8279 -6 0 0 91
5 13 17 30.4399 2.97553 8.51501 0.218181 293
5 13 18 33.8279 -6 0 0 137
5 13 19 33.8279 -6 0 0 77
5 13 20 33.8279 -6 0 0 130
5 13 21 33.8279 -6 0 0 141
5 13 22 33.8279 -6 0 0 93
5 13 23 33.8279 -6 0 0 23
5 13 24 25.5 -2 0 0 289
5 13 25 33.8279 -6 0 0 79
5 13 26 31.0647 1.56058 6.25462 0.233486 416
5 13 27 33.8279 -6 0 0 14
5 13 28 33.8279 -6 0 0 12
5 13 29 33.8279 -6 0 0 142
5 13 30 33.8279 -6 0 0 174
5 13 31 33.8279 -6 0 0 85
5 13 32 33.8279 -6 0 0 93
5 13 33 33.8279 -6 0 0 126
5 13 34 31.2901 2.14157 6.12682 0.402935 400
5 13 35 33.8279 -6 0 0 85
5 13 36 33.8279 -6 0 0 12
5 13 37 33.8279 -6 0 0 16
5 13 38 33.8279 -6 0 0 129
5 13 39 25.5 -2 0 0 219
5 13 40 33.8279 -6 0 0 10
5 13 41 33.8279 -6 0 0 104
5 13 42 25.5 -2 0 0 267
5 13 43 33.8279 -6 0 0 79
5 13 44 33.8279 -6 0 0 131
5 13 45 33.8279 -6 0 0 150
5 13 46 32.5139 1.56935 5.62453 0.291014 520
5 13 47 33.8279 -6 0 0 127
5 13 48 33.8279 -6 0 0 26
5 13 49 25.5 -2 0 0 293
5 13 50 33.8279 -6 0 0 160
5 13 51 29.1778 1.53709 5.06193 0.361286 444
5 13 52 25.5 -2 0 0 374
5 13 53 33.8279 -6 0 0 135
5 13 54 33.8279 -6 0 0 197
5 13 55 28.8216 1.31033 5.52022 0.377652 387
5 13 56 25.5 -2 0 0 298
5 13 57 30.814 2.38284 6.50208 0.465504 346
5 13 58 25.5 -2 0 0 216
5 13 59 25.5 -2 0 0 526
5 13 60 33.8279 -6 0 0 166
5 13 61 28.3502 1.21043 4.89199 0.455238 693
5 13 62 28.1662 1.31602 4.67271 0.360071 655
5 13 63 30.4366 2.20514 7.2005 0.307679 292
5 14 0 25.5 -2 0 0 299
5 14 1 29.5 -2 0 0 357
5 14 2 31.1833 1.59958 6.19242 0.246721 437
5 14 3 28.6478 1.50477 4.44281 0.374531 224
5 14 4 29.9943 2.55078 7.47581 0.325534 275
5 14 5 29.5 -2 0 0 381
5 14 6 25.5 -2 0 0 524
5 14 7 28.341 1.1869 4.32965 0.226788 210
5 14 8 25.5 -2 0 0 293
5 14 9 27.3529 1.06691 3.79813 0.375093 263
5 14 10 28.0407 0.981195 3.85427 0.328555 356
5 14 11 29.5 -2 0 0 203
5 14 12 31.7619 1.15264 4.70915 0.341831 425
5 14 13 33.9546 1.7304 6.54919 0.379285 462
5 14 14 32.7972 -3 0 0 108
5 14 15 25.5 -2 0 0 341
5 14 16 27.3353 0.902851 3.19152 0.3216 358
5 14 17 32.7972 -3 0 0 39
5 14 18 32.7972 -3 0 0 51
5 14 19 31.4724 1.38557 5.67132 0.317293 641
5 14 20 34.5051 2.59637 6.72545 0.383073 235
5 14 21 32.106 1.5449 5.64603 0.377901 762
5 14 22 31.637 2.76752 6.09221 0.488457 731
5 14 23 32.7972 -3 0 0 185
5 14 24 25.5 -2 0 0 247
5 14 25 34.4923 1.71543 6.55267 0.308885 446
5 14 26 32.7972 -3 0 0 53
5 14 27 29.5 -2 0 0 281
5 14 28 32.215 2.25663 5.78009 0.482288 342
5 14 29 32.7972 -3 0 0 170
5 14 30 32.7972 -3 0 0 38
5 14 31 32.4743 1.24622 5.39887 0.325941 304
5 14 32 29.5 -2 0 0 239
5 14 33 32.7972 -3 0 0 172
5 14 34 32.7972 -3 0 0 179
5 14 35 25.5 -2 0 0 237
5 14 36 32.7972 -3 0 0 184
5 14 37 32.7972 -3 0 0 145
5 14 38 25.5 -2 0 0 220
5 14 39 32.7972 -3 0 0 99
5 14 40 32.7972 -3 0 0 152
5 14 41 32.7972 -3 0 0 169
5 14 42 32.7972 -3 0 0 158
5 14 43 32.7972 -3 0 0 140
5 14 44 32.7972 -3 0 0 90
5 14 45 32.7972 -3 0 0 59
5 14 46 32.7972 -3 0 0 156
5 14 47 32.7972 -3 0 0 171
5 14 48 32.7972 -3 0 0 112
5 14 49 32.7972 -3 0 0 97
5 14 50 32.7972 -3 0 0 80
5 14 51 32.7972 -3 0 0 39
5 14 52 32.7972 -3 0 0 105
5 14 53 32.7972 -3 0 0 145
5 14 54 32.7972 -3 0 0 114
5 14 55 32.7972 -3 0 0 55
5 14 56 32.7972 -3 0 0 126
5 14 57 32.7972 -3 0 0 79
5 14 58 32.7972 -3 0 0 78
5 14 59 32.7972 -3 0 0 115
5 14 60 32.7972 -3 0 0 131
5 14 61 32.7972 -3 0 0 97
5 14 62 32.7972 -3 0 0 108
5 14 63 32.7972 -3 0 0 20
5 15 0 33.5911 -3 0 0 117
5 15 1 33.5911 -3 0 0 9
5 15 2 33.5911 -3 0 0 89
5 15 3 33.5911 -3 0 0 58
5 15 4 33.5911 -3 0 0 67
5 15 5 33.5911 -3 0 0 56
5 15 6 33.5911 -3 0 0 15
5 15 7 33.5911 -3 0 0 47
5 15 8 33.5911 -3 0 0 88
5 15 9 33.5911 -3 0 0 46
5 15 10 33.5911 -3 0 0 35
5 15 11 33.5911 -3 0 0 91
5 15 12 33.5911 -3 0 0 51
5 15 13 33.5911 -3 0 0 51
5 15 14 33.5911 -3 0 0 111
5 15 15 33.5911 -3 0 0 43
5 15 16 0 -10 0 0 0
5 15 17 33.5911 -3 0 0 105
5 15 18 33.5911 -3 0 0 56
5 15 19 33.5911 -3 0 0 47
5 15 20 33.5911 -3 0 0 66
5 15 21 33.5911 -3 0 0 58
5 15 22 33.5911 -3 0 0 48
5 15 23 33.5911 -3 0 0 81
5 15 24 33.5911 -3 0 0 91
5 15 25 33.5911 -3 0 0 53
5 15 26 33.5911 -3 0 0 134
5 15 27 33.5911 -3 0 0 52
5 15 28 33.5911 -3 0 0 57
5 15 29 33.5911 -3 0 0 125
5 15 30 33.5911 -3 0 0 81
5 15 31 33.5911 -3 0 0 48
5 15 32 33.5911 -3 0 0 42
5 15 33 33.5911 -3 0 0 51
5 15 34 33.5911 -3 0 0 163
5 15 35 33.5911 -3 0 0 22
5 15 36 33.5911 -3 0 0 71
5 15 37 33.5911 -3 0 0 104
5 15 38 33.5911 -3 0 0 29
5 15 39 33.5911 -3 0 0 133
5 15 40 33.5911 -3 0 0 88
5 15 41 33.5911 -3 0 0 59
5 15 42 33.5911 -3 0 0 55
5 15 43 33.5911 -3 0 0 145
5 15 44 33.5911 -3 0 0 56
5 15 45 33.5911 -3 0 0 83
5 15 46 33.5911 -3 0 0 151
5 15 47 33.5911 -3 0 0 49
5 15 48 33.5911 -3 0 0 89
5 15 49 33.5911 -3 0 0 134
5 15 50 33.5911 -3 0 0 77
5 15 51 36.6253 3.53081 9.45197 0.301603 239
5 15 52 33.5911 -3 0 0 161
5 15 53 33.5911 -3 0 0 68
5 15 54 33.5911 -3 0 0 108
5 15 55 33.5911 -3 0 0 172
5 15 56 33.5911 -3 0 0 153
5 15 57 29.5 -2 0 0 210
5 15 58 33.5911 -3 0 0 120
5 15 59 33.5911 -3 0 0 192
5 15 60 33.5911 -3 0 0 93
5 15 61 31.2528 2.11614 6.27762 0.309929 291
5 15 62 25.5 -2 0 0 234
5 15 63 33.5911 -3 0 0 135
6 0 0 32.7564 -3 0 0 106
6 0 1 32.7564 -3 0 0 71
6 0 2 32.7564 -3 0 0 163
6 0 3 32.7564 -3 0 0 32
6 0 4 32.7564 -3 0 0 122
6 0 5 32.7564 -3 0 0 101
6 0 6 32.7564 -3 0 0 72
6 0 7 32.7564 -3 0 0 27
6 0 8 32.7564 -3 0 0 83
6 0 9 32.7564 -3 0 0 28
6 0 10 32.7564 -3 0 0 20
6 0 11 32.7564 -3 0 0 137
6 0 12 32.7564 -3 0 0 36
6 0 13 32.7564 -3 0 0 72
6 0 14 32.7564 -3 0 0 134
6 0 15 32.7564 -3 0 0 43
6 0 16 32.7564 -3 0 0 86
6 0 17 32.7564 -3 0 0 179
6 0 18 32.7564 -3 0 0 59
6 0 19 32.7564 -3 0 0 65
6 0 20 32.7564 -3 0 0 61
6 0 21 32.7564 -3 0 0 42
6 0 22 32.7564 -3 0 0 25
6 0 23 32.7564 -3 0 0 101
6 0 24 32.7564 -3 0 0 132
6 0 25 32.7564 -3 0 0 54
6 0 26 29.5 -2 0 0 203
6 0 27 32.7564 -3 0 0 40
6 0 28 32.7564 -3 0 0 60
6 0 29 32.7564 -3 0 0 175
6 0 30 32.7564 -3 0 0 37
6 0 31 32.7564 -3 0 0 144
6 0 32 32.7564 -3 0 0 64
6 0 33 32.7564 -3 0 0 67
6 0 34 25.5 -2 0 0 324
6 0 35 32.7564 -3 0 0 65
6 0 36 32.7564 -3 0 0 53
6 0 37 32.7564 -3 0 0 108
6 0 38 32.7564 -3 0 0 131
6 0 39 32.7564 -3 0 0 189
6 0 40 32.7564 -3 0 0 78
6 0 41 32.7564 -3 0 0 89
6 0 42 32.7564 -3 0 0 93
6 0 43 29.5 -2 0 0 234
6 0 44 32.7564 -3 0 0 121
6 0 45 32.7564 -3 0 0 90
6 0 46 32.7564 -3 0 0 190
6 0 47 32.7564 -3 0 0 182
6 0 48 32.7564 -3 0 0 91
6 0 49 32.7564 -3 0 0 161
6 0 50 32.7564 -3 0 0 118
6 0 51 32.1699 1.77081 6.22719 0.240256 509
6 0 52 32.7564 -3 0 0 167
6 0 53 32.7564 -3 0 0 183
6 0 54 32.7564 -3 0 0 138
6 0 55 31.1917 1.29429 4.72443 0.29963 333
6 0 56 29.5 -2 0 0 225
6 0 57 33.2027 1.82725 6.93748 0.211597 440
6 0 58 32.7564 -3 0 0 150
6 0 59 29.5246 2.19872 5.49697 0.29343 322
6 0 60 25.5 -2 0 0 237
6 0 61 30.6538 1.0842 4.29975 0.282697 611
6 0 62 31.3069 1.75491 6.81057 0.353042 475
6 0 63 29.5 -2 0 0 260
6 1 0 38.2689 1.37416 6.10151 0.371806 471
6 1 1 36.6335 2.5466 6.12298 0.574834 619
6 1 2 40.2163 1.96996 7.70497 0.332158 620
6 1 3 37.5 -2 0 0 292
6 1 4 37.5301 -3 0 0 103
6 1 5 29.5 -2 0 0 620
6 1 6 36.8045 1.23201 6.03238 0.278233 809
6 1 7 37.1616 1.47551 5.88129 0.318833 596
6 1 8 36.008 1.18811 4.2753 0.496831 255
6 1 9 37.3501 0.957121 4.66556 0.301542 517
6 1 10 36.4201 1.1307 5.73085 0.352662 987
6 1 11 37.5301 -3 0 0 143
6 1 12 34.2158 1.2978 5.15247 0.402163 354
6 1 13 38.4026 2.90981 9.13546 0.461312 340
6 1 14 39.4873 2.9186 7.04935 0.425625 285
6 1 15 36.9296 1.75717 6.55582 0.35174 336
6 1 16 37.48 1.46904 5.48325 0.295549 1315
6 1 17 37.5 -2 0 0 216
6 1 18 37.5301 -3 0 0 169
6 1 19 40.3774 2.16897 8.88139 0.468669 387
6 1 20 37.5301 -3 0 0 81
6 1 21 39.1752 1.32529 5.82681 0.321387 737
6 1 22 37.3322 1.5912 5.59432 0.308915 522
6 1 23 37.5301 -3 0 0 85
6 1 24 33.5 -2 0 0 396
6 1 25 36.5414 2.9877 8.31398 0.429302 224
6 1 26 40.0011 1.95779 6.97981 0.281764 267
6 1 27 37.5301 -3 0 0 77
6 1 28 37.5301 -3 0 0 167
6 1 29 37.5301 -3 0 0 74
6 1 30 37.5301 -3 0 0 106
6 1 31 33.5 -2 0 0 214
6 1 32 37.0284 1.89668 6.56053 0.390711 220
6 1 33 37.5301 -3 0 0 111
6 1 34 37.5301 -3 0 0 140
6 1 35 29.5 -2 0 0 251
6 1 36 37.5301 -3 0 0 67
6 1 37 37.5301 -3 0 0 54
6 1 38 37.5301 -3 0 0 168
6 1 39 37.5301 -3 0 0 34
6 1 40 37.5301 -3 0 0 79
6 1 41 37.5301 -3 0 0 169
6 1 42 37.5301 -3 0 0 100
6 1 43 37.5301 -3 0 0 84
6 1 44 37.5301 -3 0 0 116
6 1 45 37.5301 -3 0 0 113
6 1 46 37.5301 -3 0 0 137
6 1 47 37.5301 -3 0 0 113
6 1 48 37.5301 -3 0 0 132
6 1 49 37.5301 -3 0 0 76
6 1 50 37.5301 -3 0 0 107
6 1 51 37.5301 -3 0 0 44
6 1 52 37.5301 -3 0 0 103
6 1 53 37.5301 -3 0 0 49
6 1 54 37.5301 -3 0 0 154
6 1 55 37.5301 -3 0 0 91
6 1 56 37.5301 -3 0 0 41
6 1 57 37.5301 -3 0 0 46
6 1 58 37.5301 -3 0 0 176
6 1 59 37.5301 -3 0 0 132
6 1 60 37.5301 -3 0 0 28
6 1 61 37.5301 -3 0 0 44
6 1 62 37.5301 -3 0 0 101
6 1 63 37.5301 -3 0 0 71
6 2 0 35.0491 1.08852 4.56062 0.437116 310
6 2 1 36.8053 -3 0 0 151
6 2 2 40.1118 3.53129 11.0763 0.51808 303
6 2 3 36.8053 -3 0 0 162
6 2 4 36.8053 -3 0 0 108
6 2 5 36.8053 -3 0 0 182
6 2 6 36.8053 -3 0 0 119
6 2 7 36.8053 -3 0 0 100
6 2 8 33.5 -2 0 0 324
6 2 9 29.5 -2 0 0 206
6 2 10 36.8053 -3 0 0 154
6 2 11 36.4982 1.64989 6.52886 0.363124 438
6 2 12 36.8053 -3 0 0 192
6 2 13 36.8053 -3 0 0 131
6 2 14 36.7115 1.27508 6.56972 0.27059 559
6 2 15 36.8053 -3 0 0 183
6 2 16 36.8053 -3 0 0 89
6 2 17 36.7731 1.45409 7.39742 0.325442 467
6 2 18 36.8053 -3 0 0 130
6 2 19 36.8053 -3 0 0 111
6 2 20 36.8053 -3 0 0 189
6 2 21 33.5 -2 0 0 278
6 2 22 36.8053 -3 0 0 105
6 2 23 37.1213 2.06055 8.8135 0.40411 412
6 2 24 35.087 1.16764 5.28603 0.416596 424
6 2 25 36.8053 -3 0 0 82
6 2 26 29.5 -2 0 0 726
6 2 27 36.8053 -3 0 0 166
6 2 28 36.8053 -3 0 0 176
6 2 29 34.6955 1.71253 6.84209 0.456989 498
6 2 30 36.8053 -3 0 0 104
6 2 31 36.8053 -3 0 0 162
6 2 32 36.8053 -3 0 0 132
6 2 33 36.8053 -3 0 0 191
6 2 34 36.1978 1.14373 5.28357 0.434656 760
6 2 35 36.8053 -3 0 0 170
6 2 36 29.5 -2 0 0 252
6 2 37 40.9546 2.78948 11.1384 0.408761 412
6 2 38 33.5 -2 0 0 219
6 2 39 35.5234 1.54074 5.93558 0.374031 436
6 2 40 29.5 -2 0 0 383
6 2 41 36.8053 -3 0 0 167
6 2 42 36.5076 1.50403 6.22973 0.342932 370
6 2 43 36.3842 1.26103 5.6499 0.363865 534
6 2 44 36.8053 -3 0 0 180
6 2 45 33.5 -2 0 0 217
6 2 46 37.243 2.78806 5.40033 0.693754 431
6 2 47 36.8053 -3 0 0 195
6 2 48 29.5 -2 0 0 257
6 2 49 29.5 -2 0 0 500
6 2 50 31.7281 1.68033 6.14309 0.324453 242
6 2 51 34.797 1.34818 6.81394 0.29082 983
6 2 52 34.0724 1.02208 4.90646 0.386914 669
6 2 53 38.1265 3.77214 10.3081 0.419039 232
6 2 54 36.0139 2.00994 7.62991 0.469483 386
6 2 55 34.6002 1.14519 5.6714 0.443981 710
6 2 56 34.3679 1.2892 5.90992 0.402941 534
6 2 57 33.1278 1.02506 4.59185 0.538545 729
6 2 58 34.0671 1.6219 6.34495 0.419969 529
6 2 59 36.6066 1.39403 6.99369 0.405383 1075
6 2 60 29.5 -2 0 0 267
6 2 61 35.2066 1.31369 6.75716 0.33288 2071
6 2 62 36.8321 1.5407 7.07384 0.375336 1493
6 2 63 33.0693 1.96676 7.49352 0.338783 542
6 3 0 25.5 -2 0 0 670
6 3 1 32.7479 1.22217 5.69675 0.402913 531
6 3 2 29.5 -2 0 0 753
6 3 3 28.3698 0.885311 4.00834 0.509581 439
6 3 4 34.6303 -3 0 0 144
6 3 5 31.641 1.5047 5.90554 0.324144 395
6 3 6 25.5 -2 0 0 766
6 3 7 25.5 -2 0 0 925
6 3 8 34.0752 2.29737 7.33034 0.3554 265
6 3 9 34.4632 1.3284 6.96025 0.388055 945
6 3 10 32.9826 0.977006 5.72524 0.507509 744
6 3 11 34.6303 -3 0 0 121
6 3 12 31.3273 1.30605 5.80147 0.367303 358
6 3 13 33.3751 1.88031 5.91462 0.428399 371
6 3 14 31.794 1.47312 4.95019 0.330865 413
6 3 15 33.3289 1.60439 6.44987 0.485077 364
6 3 16 29.5 -2 0 0 1727
6 3 17 34.6303 -3 0 0 160
6 3 18 34.6303 -3 0 0 112
6 3 19 29.8551 1.7266 6.01376 0.277739 534
6 3 20 29.5 -2 0 0 207
6 3 21 30.4571 0.832197 3.85431 0.697756 587
6 3 22 30.6746 1.06468 4.73675 0.53699 534
6 3 23 34.6303 -3 0 0 118
6 3 24 34.2646 1.59213 5.87824 0.384461 272
6 3 25 25.5 -2 0 0 657
6 3 26 34.6303 -3 0 0 176
6 3 27 34.6303 -3 0 0 120
6 3 28 31.766 2.47502 8.01354 0.317278 355
6 3 29 34.6303 -3 0 0 87
6 3 30 34.6303 -3 0 0 96
6 3 31 29.5 -2 0 0 367
6 3 32 32.0701 1.26435 4.91192 0.350734 284
6 3 33 34.6303 -3 0 0 136
6 3 34 34.6303 -3 0 0 104
6 3 35 32.8033 1.42222 5.51814 0.446927 469
6 3 36 34.6303 -3 0 0 165
6 3 37 34.6303 -3 0 0 87
6 3 38 34.7962 3.00272 7.39876 0.391393 302
6 3 39 34.6303 -3 0 0 56
6 3 40 33.5 -2 0 0 274
6 3 41 35.8356 3.1081 9.82338 0.378385 244
6 3 42 34.6303 -3 0 0 165
6 3 43 37.1747 3.65046 9.3934 0.342484 216
6 3 44 33.5 -2 0 0 211
6 3 45 25.5 -2 0 0 303
6 3 46 33.5 -2 0 0 223
6 3 47 32.6455 2.33846 7.97499 0.319325 346
6 3 48 29.5 -2 0 0 217
6 3 49 34.6303 -3 0 0 148
6 3 50 34.6303 -3 0 0 179
6 3 51 34.6303 -3 0 0 140
6 3 52 34.6303 -3 0 0 152
6 3 53 29.5 -2 0 0 315
6 3 54 34.6303 -3 0 0 186
6 3 55 34.6303 -3 0 0 181
6 3 56 34.6303 -3 0 0 163
6 3 57 34.6303 -3 0 0 139
6 3 58 34.6303 -3 0 0 174
6 3 59 29.5 -2 0 0 214
6 3 60 34.6303 -3 0 0 82
6 3 61 29.5 -2 0 0 225
6 3 62 34.6303 -3 0 0 162
6 3 63 34.6303 -3 0 0 77
6 4 0 29.5 -2 0 0 2228
6 4 1 35.4764 1.32767 6.37712 0.299262 1257
6 4 2 25.5 -2 0 0 788
6 4 3 35.8099 -3 0 0 186
6 4 4 32.6648 1.87397 6.8868 0.518128 424
6 4 5 37.3631 1.35501 5.82152 0.321775 298
6 4 6 32.5068 1.07239 5.15687 0.436222 598
6 4 7 25.5 -2 0 0 230
6 4 8 35.3454 1.94478 8.00292 0.445766 511
6 4 9 35.8099 -3 0 0 95
6 4 10 29.5 -2 0 0 206
6 4 11 29.5 -2 0 0 573
6 4 12 37.5 -2 0 0 215
6 4 13 35.8099 -3 0 0 169
6 4 14 35.8721 1.27549 6.46065 0.349847 1352
6 4 15 35.5516 2.96664 8.64984 0.393992 254
6 4 16 33.5 -2 0 0 243
6 4 17 33.3079 0.937166 3.76044 0.597781 517
6 4 18 35.7894 2.83998 9.54533 0.398638 329
6 4 19 35.8099 -3 0 0 137
6 4 20 29.5 -2 0 0 406
6 4 21 33.5 -2 0 0 318
6 4 22 34.54 2.21442 8.40463 0.336545 237
6 4 23 34.5318 1.91214 8.3268 0.414618 451
6 4 24 34.4788 1.56681 5.94682 0.59356 673
6 4 25 35.8099 -3 0 0 166
6 4 26 34.469 1.00282 4.60358 0.341202 832
6 4 27 35.8099 -3 0 0 181
6 4 28 35.8099 -3 0 0 171
6 4 29 35.4909 1.26108 5.1091 0.3798 273
6 4 30 35.3421 2.75219 9.51038 0.526121 261
6 4 31 35.8099 -3 0 0 107
6 4 32 35.8099 -3 0 0 154
6 4 33 35.8099 -3 0 0 141
6 4 34 34.0349 1.39547 4.59868 0.41977 384
6 4 35 35.8099 -3 0 0 148
6 4 36 34.8586 2.51154 8.58244 0.518719 216
6 4 37 36.7001 1.4127 5.89218 0.422796 291
6 4 38 35.8099 -3 0 0 163
6 4 39 35.024 2.58141 9.08831 0.282869 255
6 4 40 33.9986 2.12539 6.80969 0.51994 406
6 4 41 35.8099 -3 0 0 155
6 4 42 40.1342 3.56864 11.4728 0.500545 255
6 4 43 34.5313 1.07455 3.65957 0.398358 308
6 4 44 35.8099 -3 0 0 124
6 4 45 35.8099 -3 0 0 146
6 4 46 32.7665 0.960107 4.11801 0.412 355
6 4 47 35.8099 -3 0 0 105
6 4 48 29.5 -2 0 0 210
6 4 49 33.5 -2 0 0 277
6 4 50 35.8099 -3 0 0 151
6 4 51 33.5 -2 0 0 336
6 4 52 37.5 -2 0 0 255
6 4 53 35.8099 -3 0 0 120
6 4 54 35.8099 -3 0 0 190
6 4 55 36.2967 1.56163 5.99527 0.462308 290
6 4 56 33.5 -2 0 0 231
6 4 57 31.8408 1.30459 5.62038 0.398433 321
6 4 58 36.4603 2.98347 10.6054 0.430442 228
6 4 59 33.3354 1.18593 3.69357 0.45672 296
6 4 60 35.8099 -3 0 0 129
6 4 61 36.73 2.1816 8.89448 0.59505 432
6 4 62 36.3065 1.36232 6.23148 0.401465 429
6 4 63 33.5 -2 0 0 266
6 5 0 31.5444 -3 0 0 188
6 5 1 29.5 -2 0 0 225
6 5 2 25.5 -2 0 0 247
6 5 3 25.5 -2 0 0 224
6 5 4 31.5444 -3 0 0 187
6 5 5 29.6147 2.02679 4.87781 0.362145 249
6 5 6 29.5 -2 0 0 214
6 5 7 25.5 -2 0 0 394
6 5 8 25.5 -2 0 0 209
6 5 9 25.5 -2 0 0 234
6 5 10 25.5 -2 0 0 330
6 5 11 29.6252 2.65907 6.216 0.452307 369
6 5 12 29.5 -2 0 0 234
6 5 13 25.5 -2 0 0 400
6 5 14 31.5444 -3 0 0 100
6 5 15 30.8724 1.49471 4.84218 0.38838 239
6 5 16 25.5 -2 0 0 373
6 5 17 31.5444 -3 0 0 126
6 5 18 30.9419 1.99794 6.43683 0.301792 302
6 5 19 26.482 1.28156 3.44179 0.567552 527
6 5 20 25.5 -2 0 0 377
6 5 21 29.4023 2.22666 5.69192 0.290878 280
6 5 22 30.6259 2.04095 5.59725 0.370337 282
6 5 23 25.5 -2 0 0 366
6 5 24 31.5444 -3 0 0 155
6 5 25 29.294 1.37405 5.93653 0.336603 680
6 5 26 31.5444 -3 0 0 139
6 5 27 31.5444 -3 0 0 146
6 5 28 29.5 -2 0 0 295
6 5 29 30.582 2.36238 6.66213 0.427061 310
6 5 30 28.0849 1.20081 4.10506 0.380897 318
6 5 31 31.4199 1.3741 6.24508 0.374858 675
6 5 32 29.7585 1.25403 4.78019 0.433079 325
6 5 33 25.5 -2 0 0 261
6 5 34 31.5444 -3 0 0 116
6 5 35 30.5284 2.73439 5.93931 0.473706 1002
6 5 36 29.5 -2 0 0 286
6 5 37 29.3522 1.58741 4.56033 0.490645 413
6 5 38 35.5365 2.18871 9.60653 0.71263 1351
6 5 39 30.1721 1.55567 5.57126 0.550138 575
6 5 40 30.4408 1.74396 7.00184 0.347166 380
6 5 41 29.5 -2 0 0 368
6 5 42 31.5444 -3 0 0 114
6 5 43 31.5444 -3 0 0 200
6 5 44 25.5 -2 0 0 359
6 5 45 31.5444 -3 0 0 188
6 5 46 31.5444 -3 0 0 158
6 5 47 30.7872 1.04397 6.08607 0.48988 1585
6 5 48 31.4694 2.0428 6.79189 0.37601 266
6 5 49 31.5444 -3 0 0 127
6 5 50 27.796 1.14684 4.37225 0.363751 292
6 5 51 29.0853 1.3552 4.9587 0.358343 887
6 5 52 29.5 -2 0 0 258
6 5 53 25.5 -2 0 0 1241
6 5 54 31.5444 -3 0 0 150
6 5 55 25.5 -2 0 0 618
6 5 56 29.1157 1.27654 5.36769 0.428422 902
6 5 57 25.5 -2 0 0 420
6 5 58 25.5 -2 0 0 217
6 5 59 28.1063 2.6096 5.71703 0.435351 530
6 5 60 25.5 -2 0 0 1364
6 5 61 29.971 1.62389 6.2291 0.327252 474
6 5 62 28.2777 1.55099 4.34857 0.425277 260
6 5 63 31.5444 -3 0 0 152
6 6 0 33.3789 1.52897 4.44584 0.433953 584
6 6 1 34.5039 1.50637 6.02492 0.317645 523
6 6 2 36.7694 2.08747 7.33509 0.316785 385
6 6 3 35.9909 -3 0 0 160
6 6 4 35.9909 -3 0 0 187
6 6 5 33.5 -2 0 0 236
6 6 6 33.5 -2 0 0 330
6 6 7 35.9909 -3 0 0 110
6 6 8 33.5 -2 0 0 280
6 6 9 29.5 -2 0 0 242
6 6 10 35.9909 -3 0 0 180
6 6 11 35.9909 -3 0 0 181
6 6 12 36.6424 2.46393 8.05628 0.38564 205
6 6 13 35.9909 -3 0 0 112
6 6 14 37.0736 1.71967 6.36291 0.243751 430
6 6 15 35.9909 -3 0 0 134
6 6 16 35.9909 -3 0 0 138
6 6 17 34.77 1.51913 5.68521 0.30273 267
6 6 18 35.9909 -3 0 0 144
6 6 19 35.9909 -3 0 0 151
6 6 20 35.9909 -3 0 0 146
6 6 21 37.5 -2 0 0 215
6 6 22 35.9909 -3 0 0 179
6 6 23 29.5 -2 0 0 216
6 6 24 34.1181 1.85323 6.06598 0.384107 350
6 6 25 35.9909 -3 0 0 129
6 6 26 36.1228 2.02869 6.31088 0.325824 346
6 6 27 35.9909 -3 0 0 104
6 6 28 35.9909 -3 0 0 80
6 6 29 36.1923 1.77366 7.012 0.333975 250
6 6 30 35.9909 -3 0 0 131
6 6 31 35.9909 -3 0 0 80
6 6 32 35.9909 -3 0 0 82
6 6 33 35.9909 -3 0 0 98
6 6 34 35.155 1.49245 5.8287 0.359473 345
6 6 35 35.9909 -3 0 0 88
6 6 36 35.9909 -3 0 0 131
6 6 37 35.9909 -3 0 0 130
6 6 38 35.9909 -3 0 0 66
6 6 39 35.9909 -3 0 0 60
6 6 40 35.9909 -3 0 0 130
6 6 41 35.9909 -3 0 0 71
6 6 42 35.9909 -3 0 0 115
6 6 43 35.9909 -3 0 0 161
6 6 44 35.9909 -3 0 0 57
6 6 45 35.9909 -3 0 0 79
6 6 46 29.5 -2 0 0 261
6 6 47 35.9909 -3 0 0 54
6 6 48 35.9909 -3 0 0 71
6 6 49 35.9909 -3 0 0 115
6 6 50 35.9909 -3 0 0 65
6 6 51 35.9909 -3 0 0 121
6 6 52 35.9909 -3 0 0 144
6 6 53 35.9909 -3 0 0 59
6 6 54 35.9909 -3 0 0 84
6 6 55 35.9909 -3 0 0 128
6 6 56 35.9909 -3 0 0 85
6 6 57 35.9909 -3 0 0 108
6 6 58 35.9909 -3 0 0 85
6 6 59 35.9909 -3 0 0 184
6 6 60 35.9909 -3 0 0 80
6 6 61 35.9909 -3 0 0 142
6 6 62 35.9909 -3 0 0 142
6 6 63 35.9909 -3 0 0 94
6 7 0 35.4674 -3 0 0 142
6 7 1 35.4674 -3 0 0 106
6 7 2 35.4674 -3 0 0 126
6 7 3 35.4674 -3 0 0 155
6 7 4 35.4674 -3 0 0 130
6 7 5 35.4674 -3 0 0 103
6 7 6 35.4674 -3 0 0 137
6 7 7 35.4674 -3 0 0 173
6 7 8 35.4674 -3 0 0 112
6 7 9 35.4674 -3 0 0 123
6 7 10 35.4674 -3 0 0 128
6 7 11 35.4674 -3 0 0 144
6 7 12 35.4674 -3 0 0 133
6 7 13 35.4674 -3 0 0 185
6 7 14 35.4674 -3 0 0 141
6 7 15 35.4674 -3 0 0 150
6 7 16 35.4674 -3 0 0 144
6 7 17 35.4674 -3 0 0 133
6 7 18 35.4674 -3 0 0 130
6 7 19 35.4674 -3 0 0 180
6 7 20 35.4674 -3 0 0 173
6 7 21 35.4674 -3 0 0 146
6 7 22 35.4674 -3 0 0 148
6 7 23 33.5024 1.41365 5.19193 0.465389 213
6 7 24 35.4674 -3 0 0 115
6 7 25 29.5 -2 0 0 212
6 7 26 35.4674 -3 0 0 137
6 7 27 29.5 -2 0 0 246
6 7 28 35.4674 -3 0 0 200
6 7 29 35.4674 -3 0 0 146
6 7 30 35.4674 -3 0 0 192
6 7 31 34.7482 1.80936 6.65473 0.442677 319
6 7 32 36.8748 1.95162 7.18914 0.400726 324
6 7 33 37.0898 2.35386 8.59014 0.515513 243
6 7 34 35.4674 -3 0 0 173
6 7 35 31.3584 1.07377 5.07218 0.582046 504
6 7 36 35.4674 -3 0 0 195
6 7 37 35.4674 -3 0 0 172
6 7 38 35.1221 1.99619 8.23273 0.478478 695
6 7 39 35.016 1.58742 5.62546 0.37258 840
6 7 40 35.4674 -3 0 0 188
6 7 41 29.5 -2 0 0 367
6 7 42 29.5 -2 0 0 240
6 7 43 35.4674 -3 0 0 196
6 7 44 32.7208 1.23568 5.75304 0.338147 511
6 7 45 29.5 -2 0 0 404
6 7 46 37.5 -2 0 0 247
6 7 47 35.3236 1.38103 5.92154 0.360181 1226
6 7 48 29.5 -2 0 0 303
6 7 49 35.7435 1.92938 7.0021 0.362089 263
6 7 50 32.9599 1.07163 4.72152 0.357634 521
6 7 51 34.7054 1.77784 6.0169 0.451044 515
6 7 52 29.5 -2 0 0 231
6 7 53 32.9246 1.2638 6.03133 0.350487 953
6 7 54 32.354 1.19625 5.22174 0.513297 572
6 7 55 30.9201 1.33427 5.47746 0.412067 333
6 7 56 33.7099 1.77719 5.64344 0.487879 716
6 7 57 32.3655 0.970269 4.73519 0.303885 652
6 7 58 30.5456 1.34653 5.74388 0.409208 491
6 7 59 32.4062 1.62752 6.68223 0.357396 260
6 7 60 35.3921 1.42238 6.162 0.324608 899
6 7 61 31.9421 1.36047 6.08312 0.381848 465
6 7 62 33.4839 1.81386 7.29407 0.398446 312
6 7 63 32.5473 1.42636 5.2322 0.458883 457
6 8 0 33.5837 -6 0 0 47
6 8 1 33.5837 -6 0 0 107
6 8 2 33.5837 -6 0 0 132
6 8 3 33.5837 -6 0 0 177
6 8 4 33.5837 -6 0 0 74
6 8 5 33.5837 -6 0 0 136
6 8 6 33.5837 -6 0 0 132
6 8 7 25.5 -2 0 0 232
6 8 8 33.5837 -6 0 0 150
6 8 9 33.5837 -6 0 0 160
6 8 10 33.5837 -6 0 0 163
6 8 11 33.5837 -6 0 0 171
6 8 12 33.5837 -6 0 0 167
6 8 13 25.5 -2 0 0 228
6 8 14 33.5837 -6 0 0 139
6 8 15 25.5 -2 0 0 219
6 8 16 33.5837 -6 0 0 177
6 8 17 33.5837 -6 0 0 141
6 8 18 33.5837 -6 0 0 195
6 8 19 25.5 -2 0 0 272
6 8 20 25.5 -2 0 0 237
6 8 21 33.5837 -6 0 0 111
6 8 22 33.5837 -6 0 0 134
6 8 23 33.5837 -6 0 0 58
6 8 24 33.5837 -6 0 0 131
6 8 25 25.5 -2 0 0 313
6 8 26 33.5837 -6 0 0 156
6 8 27 33.5837 -6 0 0 103
6 8 28 25.5 -2 0 0 302
6 8 29 25.5 -2 0 0 208
6 8 30 33.5837 -6 0 0 63
6 8 31 29.5 -2 0 0 210
6 8 32 25.5 -2 0 0 375
6 8 33 33.5837 -6 0 0 69
6 8 34 33.5837 -6 0 0 193
6 8 35 30.9893 1.50276 6.50556 0.318077 691
6 8 36 25.5 -2 0 0 322
6 8 37 33.5837 -6 0 0 71
6 8 38 31.3022 1.04057 5.36376 0.253213 610
6 8 39 25.5 -2 0 0 657
6 8 40 33.5837 -6 0 0 51
6 8 41 30.8482 1.38703 6.0495 0.25955 543
6 8 42 33.5837 -6 0 0 73
6 8 43 33.5837 -6 0 0 55
6 8 44 31.0261 1.28853 5.93602 0.303048 649
6 8 45 30.8012 1.20707 4.8798 0.417058 450
6 8 46 33.5837 -6 0 0 62
6 8 47 30.5828 1.2173 5.64726 0.320723 1658
6 8 48 33.5837 -6 0 0 68
6 8 49 33.5837 -6 0 0 90
6 8 50 33.5837 -6 0 0 147
6 8 51 29.0204 1.35959 5.40141 0.379593 444
6 8 52 33.5837 -6 0 0 88
6 8 53 31.2857 1.6567 6.31268 0.369496 1083
6 8 54 25.5 -2 0 0 478
6 8 55 33.5837 -6 0 0 159
6 8 56 27.7296 1.89721 6.25856 0.427269 639
6 8 57 30.018 1.69042 6.75928 0.360135 540
6 8 58 25.5 -2 0 0 227
6 8 59 33.5837 -6 0 0 86
6 8 60 29.908 1.19062 5.83237 0.282942 865
6 8 61 33.5837 -6 0 0 142
6 8 62 33.5837 -6 0 0 169
6 8 63 33.5837 -6 0 0 155
6 9 0 0 -10 0 0 0
6 9 1 0 -10 0 0 0
6 9 2 0 -10 0 0 0
6 9 3 0 -10 0 0 0
6 9 4 0 -10 0 0 0
6 9 5 0 -10 0 0 0
6 9 6 0 -10 0 0 0
6 9 7 0 -10 0 0 0
6 9 8 0 -10 0 0 0
6 9 9 0 -10 0 0 0
6 9 10 0 -10 0 0 0
6 9 11 0 -10 0 0 0
6 9 12 0 -10 0 0 0
6 9 13 0 -10 0 0 0
6 9 14 0 -10 0 0 0
6 9 15 0 -10 0 0 0
6 9 16 0 -10 0 0 0
6 9 17 0 -10 0 0 0
6 9 18 0 -10 0 0 0
6 9 19 0 -10 0 0 0
6 9 20 0 -10 0 0 0
6 9 21 0 -10 0 0 0
6 9 22 0 -10 0 0 0
6 9 23 0 -10 0 0 0
6 9 24 0 -10 0 0 0
6 9 25 0 -10 0 0 0
6 9 26 0 -10 0 0 0
6 9 27 0 -10 0 0 0
6 9 28 0 -10 0 0 0
6 9 29 0 -10 0 0 0
6 9 30 0 -10 0 0 0
6 9 31 0 -10 0 0 0
6 9 32 0 -10 0 0 0
6 9 33 0 -10 0 0 0
6 9 34 0 -10 0 0 0
6 9 35 0 -10 0 0 0
6 9 36 0 -10 0 0 0
6 9 37 0 -10 0 0 0
6 9 38 0 -10 0 0 0
6 9 39 0 -10 0 0 0
6 9 40 0 -10 0 0 0
6 9 41 0 -10 0 0 0
6 9 42 0 -10 0 0 0
6 9 43 0 -10 0 0 0
6 9 44 0 -10 0 0 0
6 9 45 0 -10 0 0 0
6 9 46 0 -10 0 0 0
6 9 47 0 -10 0 0 0
6 9 48 0 -10 0 0 0
6 9 49 0 -10 0 0 0
6 9 50 0 -10 0 0 0
6 9 51 0 -10 0 0 0
6 9 52 0 -10 0 0 0
6 9 53 0 -10 0 0 0
6 9 54 0 -10 0 0 0
6 9 55 0 -10 0 0 0
6 9 56 0 -10 0 0 0
6 9 57 0 -10 0 0 0
6 9 58 0 -10 0 0 0
6 9 59 0 -10 0 0 0
6 9 60 0 -10 0 0 0
6 9 61 0 -10 0 0 0
6 9 62 0 -10 0 0 0
6 9 63 0 -10 0 0 0
6 10 0 30.1524 2.68776 7.08913 0.365133 203
6 10 1 33.5837 -6 0 0 101
6 10 2 25.5 -2 0 0 249
6 10 3 29.7451 2.45147 5.29088 0.44691 359
6 10 4 33.5837 -6 0 0 154
6 10 5 33.5 -2 0 0 235
6 10 6 31.4868 3.12973 8.44031 0.425605 286
6 10 7 31.2311 1.50133 6.07971 0.367014 592
6 10 8 33.5837 -6 0 0 149
6 10 9 29.5 -2 0 0 342
6 10 10 31.7721 1.84274 6.89207 0.339873 384
6 10 11 33.5837 -6 0 0 173
6 10 12 25.5 -2 0 0 278
6 10 13 30.4939 1.68209 7.05959 0.346624 629
6 10 14 25.5 -2 0 0 215
6 10 15 29.812 2.30086 7.79977 0.537514 379
6 10 16 29.5 -2 0 0 583
6 10 17 33.5837 -6 0 0 140
6 10 18 31.3593 1.69506 6.18601 0.354783 355
6 10 19 30.3106 1.24164 5.33626 0.627478 456
6 10 20 25.5 -2 0 0 270
6 10 21 30.8963 2.40107 5.87696 0.449236 272
6 10 22 31.4739 1.58036 6.14815 0.352391 388
6 10 23 25.5 -2 0 0 250
6 10 24 33.5837 -6 0 0 162
6 10 25 31.7358 1.35164 5.8265 0.523401 733
6 10 26 33.5837 -6 0 0 94
6 10 27 25.5 -2 0 0 408
6 10 28 30.2984 2.0261 5.69797 0.560842 547
6 10 29 33.5837 -6 0 0 150
6 10 30 33.5837 -6 0 0 54
6 10 31 25.5 -2 0 0 1000
6 10 32 29.8376 1.44748 5.2451 0.532796 591
6 10 33 27.541 1.1019 4.48974 0.387208 453
6 10 34 25.5 -2 0 0 205
6 10 35 25.5 -2 0 0 1216
6 10 36 32.0168 1.43547 5.89087 0.318368 419
6 10 37 25.5 -2 0 0 240
6 10 38 30.4885 1.1626 5.35644 0.894387 1548
6 10 39 25.5 -2 0 0 771
6 10 40 33.5837 -6 0 0 137
6 10 41 30.0429 1.12274 5.80531 0.406173 552
6 10 42 29.5 -2 0 0 227
6 10 43 25.5 -2 0 0 299
6 10 44 25.5 -2 0 0 878
6 10 45 31.8681 1.27675 5.54239 0.391681 401
6 10 46 33.5837 -6 0 0 107
6 10 47 25.5 -2 0 0 2358
6 10 48 33.5 -2 0 0 269
6 10 49 29.5 -2 0 0 211
6 10 50 31.658 1.79932 7.32598 0.473329 511
6 10 51 25.5 -2 0 0 354
6 10 52 25.5 -2 0 0 315
6 10 53 25.5 -2 0 0 1415
6 10 54 30.8124 1.5624 6.86324 0.393084 556
6 10 55 25.5 -2 0 0 353
6 10 56 31.5494 1.56944 6.79706 0.44609 510
6 10 57 25.5 -2 0 0 410
6 10 58 30.5197 1.60036 5.16659 0.348416 314
6 10 59 33.5837 -6 0 0 112
6 10 60 30.8047 1.6131 5.56628 0.672652 970
6 10 61 30.2447 1.92232 6.97027 0.283591 372
6 10 62 25.5 -2 0 0 304
6 10 63 21.5 -2 0 0 394
6 11 0 34.9374 1.79885 6.05376 0.293005 836
6 11 1 31.7754 1.2065 5.07621 0.345055 503
6 11 2 32.388 1.83993 6.73201 0.28224 427
6 11 3 34.9243 -3 0 0 173
6 11 4 34.9243 -3 0 0 161
6 11 5 29.5 -2 0 0 204
6 11 6 29.5 -2 0 0 334
6 11 7 34.9243 -3 0 0 83
6 11 8 34.2443 1.56987 5.50614 0.430284 326
6 11 9 34.9243 -3 0 0 184
6 11 10 34.9243 -3 0 0 143
6 11 11 33.5 -2 0 0 258
6 11 12 34.9243 -3 0 0 187
6 11 13 34.9243 -3 0 0 85
6 11 14 36.1386 1.8988 6.3927 0.305644 633
6 11 15 34.9243 -3 0 0 133
6 11 16 34.9243 -3 0 0 135
6 11 17 36.1527 1.92125 6.18728 0.466113 425
6 11 18 34.9243 -3 0 0 189
6 11 19 34.9243 -3 0 0 146
6 11 20 34.9243 -3 0 0 174
6 11 21 29.5 -2 0 0 235
6 11 22 34.9243 -3 0 0 114
6 11 23 34.9243 -3 0 0 129
6 11 24 37.5 -2 0 0 316
6 11 25 34.9243 -3 0 0 86
6 11 26 36.9887 3.06871 9.60265 0.340466 599
6 11 27 34.9243 -3 0 0 71
6 11 28 34.9243 -3 0 0 93
6 11 29 34.9243 -3 0 0 103
6 11 30 34.9243 -3 0 0 45
6 11 31 34.9243 -3 0 0 76
6 11 32 34.9243 -3 0 0 79
6 11 33 34.9243 -3 0 0 170
6 11 34 29.5 -2 0 0 552
6 11 35 34.9243 -3 0 0 25
6 11 36 34.9243 -3 0 0 38
6 11 37 34.9243 -3 0 0 72
6 11 38 34.9243 -3 0 0 76
6 11 39 34.9243 -3 0 0 50
6 11 40 34.9243 -3 0 0 78
6 11 41 34.9243 -3 0 0 123
6 11 42 34.9243 -3 0 0 50
6 11 43 34.9243 -3 0 0 123
6 11 44 34.9243 -3 0 0 15
6 11 45 34.9243 -3 0 0 38
6 11 46 37.1043 1.74767 6.56118 0.329437 270
6 11 47 34.9243 -3 0 0 79
6 11 48 34.9243 -3 0 0 41
6 11 49 34.9243 -3 0 0 84
6 11 50 0 -10 0 0 0
6 11 51 34.9243 -3 0 0 154
6 11 52 34.9243 -3 0 0 107
6 11 53 34.9243 -3 0 0 55
6 11 54 34.9243 -3 0 0 61
6 11 55 33.5 -2 0 0 217
6 11 56 34.9243 -3 0 0 56
6 11 57 34.9243 -3 0 0 95
6 11 58 34.9243 -3 0 0 62
6 11 59 25.5 -2 0 0 543
6 11 60 34.9243 -3 0 0 52
6 11 61 34.9243 -3 0 0 131
6 11 62 29.5 -2 0 0 310
6 11 63 25.5 -2 0 0 312
6 12 0 31.7648 1.61674 4.50275 0.610579 408
6 12 1 29.5 -2 0 0 424
6 12 2 34.1832 1.75148 6.30731 0.340164 523
6 12 3 33.2654 1.2801 5.17373 0.443121 477
6 12 4 35.4578 -3 0 0 104
6 12 5 32.6557 1.59204 5.25329 0.35975 295
6 12 6 35.2236 2.32388 7.70109 0.442667 377
6 12 7 29.5 -2 0 0 2024
6 12 8 25.5 -2 0 0 408
6 12 9 31.1129 1.05768 4.33355 0.836551 977
6 12 10 25.5 -2 0 0 1455
6 12 11 29.5 -2 0 0 224
6 12 12 31.2093 1.32416 4.75969 0.405044 418
6 12 13 34.5552 1.06617 5.49838 0.467437 692
6 12 14 35.4578 -3 0 0 196
6 12 15 31.5155 0.976414 4.42036 0.495472 450
6 12 16 34.0894 0.961943 6.31425 0.343093 1737
6 12 17 35.4578 -3 0 0 138
6 12 18 29.5 -2 0 0 285
6 12 19 32.7872 0.915721 5.89069 0.493521 901
6 12 20 35.4578 -3 0 0 72
6 12 21 35.8135 1.46773 6.25326 0.464484 788
6 12 22 32.6031 0.956252 5.62577 0.345797 639
6 12 23 35.4578 -3 0 0 83
6 12 24 33.5 -2 0 0 317
6 12 25 35.2114 1.1517 5.97715 0.350784 1092
6 12 26 29.5 -2 0 0 230
6 12 27 35.1861 1.39087 5.93713 0.447102 472
6 12 28 33.2578 1.3136 5.11272 0.409106 529
6 12 29 29.5 -2 0 0 226
6 12 30 35.4578 -3 0 0 80
6 12 31 36.631 1.39697 7.09766 0.439665 1062
6 12 32 33.5 -2 0 0 445
6 12 33 29.5 -2 0 0 512
6 12 34 35.4578 -3 0 0 146
6 12 35 35.7134 1.55312 6.40744 0.513295 708
6 12 36 35.4578 -3 0 0 85
6 12 37 35.4578 -3 0 0 69
6 12 38 33.8872 1.18069 6.06784 0.375626 468
6 12 39 33.4365 1.51222 5.77521 0.381952 300
6 12 40 35.4578 -3 0 0 70
6 12 41 31.517 1.32727 5.84437 0.391687 353
6 12 42 35.4578 -3 0 0 86
6 12 43 35.4578 -3 0 0 142
6 12 44 29.5 -2 0 0 378
6 12 45 34.9611 3.16509 10.5045 0.523342 340
6 12 46 35.4578 -3 0 0 159
6 12 47 31.568 1.39573 5.65242 0.551749 524
6 12 48 34.388 2.13719 5.73561 0.329372 216
6 12 49 35.4578 -3 0 0 169
6 12 50 29.5 -2 0 0 253
6 12 51 35.4578 -3 0 0 123
6 12 52 35.4578 -3 0 0 142
6 12 53 34.9344 1.80837 6.26976 0.427685 345
6 12 54 35.4578 -3 0 0 196
6 12 55 35.4578 -3 0 0 128
6 12 56 35.4578 -3 0 0 153
6 12 57 25.5 -2 0 0 227
6 12 58 35.4578 -3 0 0 121
6 12 59 35.4578 -3 0 0 144
6 12 60 33.5 -2 0 0 251
6 12 61 35.4578 -3 0 0 167
6 12 62 35.4578 -3 0 0 126
6 12 63 35.4578 -3 0 0 137
6 13 0 28.978 1.14223 4.38679 0.330467 327
6 13 1 25.5 -2 0 0 212
6 13 2 29.5 -2 0 0 255
6 13 3 31.897 -3 0 0 74
6 13 4 31.897 -3 0 0 90
6 13 5 31.897 -3 0 0 118
6 13 6 31.897 -3 0 0 160
6 13 7 31.897 -3 0 0 37
6 13 8 31.897 -3 0 0 198
6 13 9 31.897 -3 0 0 100
6 13 10 31.897 -3 0 0 69
6 13 11 31.897 -3 0 0 102
6 13 12 31.897 -3 0 0 101
6 13 13 31.897 -3 0 0 81
6 13 14 34.6687 1.77823 6.97972 0.306217 414
6 13 15 31.897 -3 0 0 80
6 13 16 31.897 -3 0 0 106
6 13 17 29.5 -2 0 0 254
6 13 18 31.897 -3 0 0 81
6 13 19 31.897 -3 0 0 74
6 13 20 31.897 -3 0 0 142
6 13 21 31.897 -3 0 0 151
6 13 22 31.897 -3 0 0 127
6 13 23 31.897 -3 0 0 87
6 13 24 29.5 -2 0 0 218
6 13 25 31.897 -3 0 0 109
6 13 26 32.1851 1.41709 5.23542 0.36295 362
6 13 27 31.897 -3 0 0 37
6 13 28 31.897 -3 0 0 86
6 13 29 32.6793 2.44427 7.33401 0.387989 212
6 13 30 31.897 -3 0 0 110
6 13 31 31.897 -3 0 0 86
6 13 32 31.897 -3 0 0 59
6 13 33 31.897 -3 0 0 91
6 13 34 30.1599 1.26903 4.61881 0.492528 373
6 13 35 31.897 -3 0 0 62
6 13 36 31.897 -3 0 0 129
6 13 37 33.7075 2.22545 6.8636 0.354367 213
6 13 38 31.897 -3 0 0 115
6 13 39 25.5 -2 0 0 255
6 13 40 31.897 -3 0 0 184
6 13 41 31.897 -3 0 0 130
6 13 42 25.5 -2 0 0 255
6 13 43 30.5897 1.36878 5.3014 0.299483 304
6 13 44 31.897 -3 0 0 140
6 13 45 31.897 -3 0 0 166
6 13 46 29.537 1.32982 4.66026 0.352615 431
6 13 47 31.897 -3 0 0 100
6 13 48 31.897 -3 0 0 140
6 13 49 25.5 -2 0 0 318
6 13 50 31.897 -3 0 0 164
6 13 51 31.7418 1.7086 5.87567 0.339081 543
6 13 52 25.5 -2 0 0 330
6 13 53 31.897 -3 0 0 162
6 13 54 29.5 -2 0 0 227
6 13 55 29.2609 1.32616 5.03331 0.432015 494
6 13 56 25.5 -2 0 0 305
6 13 57 28.9096 1.71868 5.12128 0.392655 392
6 13 58 25.5 -2 0 0 244
6 13 59 28.5208 1.28816 5.31658 0.323349 646
6 13 60 25.5 -2 0 0 207
6 13 61 25.5 -2 0 0 786
6 13 62 29.957 1.49143 5.60633 0.341883 700
6 13 63 27.6111 1.41368 5.53141 0.355996 317
6 14 0 30.4497 2.38944 6.61006 0.465736 359
6 14 1 25.5 -2 0 0 306
6 14 2 32.0911 2.18123 7.47794 0.324446 330
6 14 3 31.8264 1.86331 6.31315 0.494545 466
6 14 4 25.5 -2 0 0 329
6 14 5 31.7292 1.9248 7.12911 0.440433 457
6 14 6 25.5 -2 0 0 647
6 14 7 25.5 -2 0 0 815
6 14 8 31.8653 2.09559 7.86336 0.310359 246
6 14 9 25.5 -2 0 0 890
6 14 10 28.956 1.22398 5.64547 0.514374 938
6 14 11 33.5837 -6 0 0 190
6 14 12 29.5 -2 0 0 357
6 14 13 30.2691 1.51465 6.28239 0.328213 477
6 14 14 33.5 -2 0 0 231
6 14 15 32.3543 1.83866 6.78478 0.4424 424
6 14 16 25.5 -2 0 0 1146
6 14 17 25.5 -2 0 0 233
6 14 18 30.9847 1.61778 6.15199 0.323541 344
6 14 19 30.9306 1.79925 6.08585 0.444347 556
6 14 20 33.5837 -6 0 0 188
6 14 21 30.6568 1.177 5.52209 0.449635 703
6 14 22 35.2753 2.52658 9.52036 0.596894 530
6 14 23 33.5837 -6 0 0 125
6 14 24 25.5 -2 0 0 270
6 14 25 28.2562 1.26358 4.90375 0.447341 476
6 14 26 32.029 2.40506 7.4531 0.302827 204
6 14 27 31.6455 2.00577 5.64966 0.509905 242
6 14 28 25.5 -2 0 0 373
6 14 29 33.5837 -6 0 0 143
6 14 30 29.5 -2 0 0 231
6 14 31 30.6023 1.90691 6.4184 0.424187 369
6 14 32 29.5 -2 0 0 248
6 14 33 33.5837 -6 0 0 184
6 14 34 33.5837 -6 0 0 191
6 14 35 29.4761 1.80813 5.6094 0.374045 207
6 14 36 33.5837 -6 0 0 181
6 14 37 33.5837 -6 0 0 71
6 14 38 25.5 -2 0 0 201
6 14 39 33.5837 -6 0 0 159
6 14 40 33.5837 -6 0 0 124
6 14 41 25.5 -2 0 0 213
6 14 42 33.5837 -6 0 0 186
6 14 43 33.5837 -6 0 0 132
6 14 44 33.5837 -6 0 0 149
6 14 45 33.5837 -6 0 0 149
6 14 46 33.5837 -6 0 0 113
6 14 47 0 -10 0 0 0
6 14 48 33.5837 -6 0 0 168
6 14 49 33.5837 -6 0 0 99
6 14 50 33.5837 -6 0 0 134
6 14 51 33.5837 -6 0 0 57
6 14 52 33.5837 -6 0 0 101
6 14 53 33.5837 -6 0 0 170
6 14 54 33.5837 -6 0 0 118
6 14 55 33.5837 -6 0 0 74
6 14 56 33.5837 -6 0 0 118
6 14 57 33.5837 -6 0 0 100
6 14 58 33.5837 -6 0 0 109
6 14 59 33.5837 -6 0 0 86
6 14 60 33.5837 -6 0 0 110
6 14 61 33.5837 -6 0 0 102
6 14 62 33.5837 -6 0 0 120
6 14 63 33.5837 -6 0 0 135
6 15 0 32.3244 -3 0 0 100
6 15 1 32.3244 -3 0 0 56
6 15 2 32.3244 -3 0 0 61
6 15 3 32.3244 -3 0 0 53
6 15 4 32.3244 -3 0 0 89
6 15 5 32.3244 -3 0 0 49
6 15 6 32.3244 -3 0 0 44
6 15 7 32.3244 -3 0 0 30
6 15 8 32.3244 -3 0 0 63
6 15 9 32.3244 -3 0 0 44
6 15 10 32.3244 -3 0 0 38
6 15 11 32.3244 -3 0 0 110
6 15 12 32.3244 -3 0 0 51
6 15 13 32.3244 -3 0 0 65
6 15 14 32.3244 -3 0 0 88
6 15 15 32.3244 -3 0 0 61
6 15 16 32.3244 -3 0 0 18
6 15 17 32.3244 -3 0 0 117
6 15 18 32.3244 -3 0 0 54
6 15 19 32.3244 -3 0 0 25
6 15 20 32.3244 -3 0 0 32
6 15 21 32.3244 -3 0 0 46
6 15 22 32.3244 -3 0 0 60
6 15 23 32.3244 -3 0 0 93
6 15 24 32.3244 -3 0 0 109
6 15 25 32.3244 -3 0 0 43
6 15 26 32.3244 -3 0 0 109
6 15 27 32.3244 -3 0 0 67
6 15 28 32.3244 -3 0 0 60
6 15 29 32.3244 -3 0 0 170
6 15 30 32.3244 -3 0 0 57
6 15 31 32.3244 -3 0 0 43
6 15 32 32.3244 -3 0 0 47
6 15 33 32.3244 -3 0 0 72
6 15 34 32.3244 -3 0 0 139
6 15 35 32.3244 -3 0 0 73
6 15 36 32.3244 -3 0 0 50
6 15 37 32.3244 -3 0 0 131
6 15 38 32.3244 -3 0 0 66
6 15 39 32.3244 -3 0 0 73
6 15 40 32.3244 -3 0 0 45
6 15 41 32.3244 -3 0 0 80
6 15 42 32.3244 -3 0 0 121
6 15 43 32.3244 -3 0 0 133
6 15 44 32.3244 -3 0 0 116
6 15 45 32.3244 -3 0 0 62
6 15 46 25.5 -2 0 0 213
6 15 47 32.3244 -3 0 0 70
6 15 48 32.3244 -3 0 0 70
6 15 49 32.3244 -3 0 0 124
6 15 50 32.3244 -3 0 0 94
6 15 51 29.5 -2 0 0 265
6 15 52 32.3244 -3 0 0 153
6 15 53 32.3244 -3 0 0 112
6 15 54 32.3244 -3 0 0 113
6 15 55 32.3244 -3 0 0 156
6 15 56 32.3244 -3 0 0 154
6 15 57 32.3244 -3 0 0 163
6 15 58 32.3244 -3 0 0 115
6 15 59 25.5 -2 0 0 208
6 15 60 32.3244 -3 0 0 98
6 15 61 25.5 -2 0 0 287
6 15 62 33.5 -2 0 0 263
6 15 63 32.3244 -3 0 0 155
7 0 0 33.6562 -3 0 0 155
7 0 1 33.6562 -3 0 0 134
7 0 2 33.6562 -3 0 0 137
7 0 3 33.6562 -3 0 0 72
7 0 4 33.6562 -3 0 0 37
7 0 5 33.6562 -3 0 0 126
7 0 6 33.6562 -3 0 0 115
7 0 7 33.6562 -3 0 0 83
7 0 8 33.6562 -3 0 0 76
7 0 9 33.6562 -3 0 0 79
7 0 10 33.6562 -3 0 0 68
7 0 11 33.6562 -3 0 0 67
7 0 12 33.6562 -3 0 0 113
7 0 13 33.6562 -3 0 0 112
7 0 14 33.6562 -3 0 0 113
7 0 15 33.6562 -3 0 0 70
7 0 16 33.6562 -3 0 0 65
7 0 17 33.6562 -3 0 0 66
7 0 18 33.6562 -3 0 0 50
7 0 19 33.6562 -3 0 0 92
7 0 20 33.6562 -3 0 0 20
7 0 21 33.6562 -3 0 0 101
7 0 22 33.6562 -3 0 0 78
7 0 23 29.5 -2 0 0 219
7 0 24 33.6562 -3 0 0 81
7 0 25 33.6562 -3 0 0 116
7 0 26 33.6562 -3 0 0 116
7 0 27 33.6562 -3 0 0 79
7 0 28 33.6562 -3 0 0 129
7 0 29 33.6562 -3 0 0 112
7 0 30 33.6562 -3 0 0 23
7 0 31 33.6562 -3 0 0 130
7 0 32 33.6562 -3 0 0 130
7 0 33 33.6562 -3 0 0 70
7 0 34 25.5 -2 0 0 319
7 0 35 33.6562 -3 0 0 114
7 0 36 33.6562 -3 0 0 28
7 0 37 33.6562 -3 0 0 93
7 0 38 33.6562 -3 0 0 158
7 0 39 29.5 -2 0 0 313
7 0 40 33.6562 -3 0 0 30
7 0 41 33.6562 -3 0 0 149
7 0 42 33.6562 -3 0 0 61
7 0 43 29.5 -2 0 0 264
7 0 44 33.6562 -3 0 0 188
7 0 45 33.6562 -3 0 0 86
7 0 46 25.5 -2 0 0 372
7 0 47 35.3689 3.25254 9.1352 0.284993 203
7 0 48 33.6562 -3 0 0 197
7 0 49 29.5 -2 0 0 289
7 0 50 33.6562 -3 0 0 78
7 0 51 34.3588 1.78532 7.3955 0.237783 628
7 0 52 30.8769 1.73283 5.08199 0.455226 337
7 0 53 29.5 -2 0 0 227
7 0 54 33.6562 -3 0 0 86
7 0 55 32.6527 2.04839 7.8311 0.31217 411
7 0 56 29.7378 1.60905 4.8187 0.447787 414
7 0 57 32.3669 1.61225 5.55455 0.370782 507
7 0 58 35.2795 2.48553 8.71222 0.30451 293
7 0 59 31.1504 1.41599 5.63406 0.320508 460
7 0 60 33.6562 -3 0 0 171
7 0 61 29.9858 1.26632 4.09341 0.723541 775
7 0 62 25.5 -2 0 0 546
7 0 63 31.5816 2.59467 7.01441 0.464193 326
7 1 0 32.7477 1.08679 4.82063 0.575004 642
7 1 1 29.5 -2 0 0 727
7 1 2 34.83 1.41229 5.997 0.367042 842
7 1 3 35.045 -3 0 0 199
7 1 4 33.5 -2 0 0 373
7 1 5 35.7893 2.02258 7.58322 0.517532 549
7 1 6 33.8553 1.17472 6.14912 0.30256 922
7 1 7 29.5 -2 0 0 754
7 1 8 34.7867 1.57283 6.66552 0.371286 543
7 1 9 29.5216 0.879282 3.92813 0.384348 405
7 1 10 28.8913 0.769109 3.56445 0.257818 320
7 1 11 34.7981 1.7701 6.95539 0.384823 370
7 1 12 35.3745 1.29965 6.13966 0.378379 579
7 1 13 35.045 -3 0 0 186
7 1 14 34.4885 1.77294 6.27555 0.493615 487
7 1 15 35.045 -3 0 0 137
7 1 16 30.3684 0.743088 3.85463 0.464666 592
7 1 17 29.5 -2 0 0 342
7 1 18 33.5 -2 0 0 431
7 1 19 29.5 -2 0 0 577
7 1 20 29.5 -2 0 0 304
7 1 21 33.819 1.17392 6.19794 0.435329 1061
7 1 22 32.6646 1.28191 5.35787 0.508792 423
7 1 23 37.5 -2 0 0 253
7 1 24 33.5045 1.40116 5.78365 0.353257 471
7 1 25 29.5 -2 0 0 445
7 1 26 33.9085 1.54906 5.50321 0.461035 319
7 1 27 35.045 -3 0 0 87
7 1 28 35.045 -3 0 0 149
7 1 29 29.5 -2 0 0 262
7 1 30 35.045 -3 0 0 57
7 1 31 37.5897 3.63596 11.7713 0.525896 326
7 1 32 34.6961 3.01503 9.55233 0.50586 277
7 1 33 34.3202 2.2988 8.60947 0.377493 234
7 1 34 29.5 -2 0 0 245
7 1 35 29.5 -2 0 0 220
7 1 36 35.045 -3 0 0 44
7 1 37 35.045 -3 0 0 181
7 1 38 35.045 -3 0 0 180
7 1 39 35.045 -3 0 0 137
7 1 40 35.045 -3 0 0 188
7 1 41 35.045 -3 0 0 199
7 1 42 35.045 -3 0 0 185
7 1 43 35.902 2.28558 8.78319 0.422616 218
7 1 44 35.045 -3 0 0 133
7 1 45 35.045 -3 0 0 172
7 1 46 33.5 -2 0 0 351
7 1 47 35.045 -3 0 0 164
7 1 48 35.045 -3 0 0 188
7 1 49 35.045 -3 0 0 145
7 1 50 35.045 -3 0 0 151
7 1 51 35.045 -3 0 0 107
7 1 52 35.045 -3 0 0 145
7 1 53 35.045 -3 0 0 121
7 1 54 35.045 -3 0 0 131
7 1 55 35.045 -3 0 0 124
7 1 56 35.045 -3 0 0 120
7 1 57 35.045 -3 0 0 111
7 1 58 35.045 -3 0 0 142
7 1 59 0 -10 0 0 0
7 1 60 35.045 -3 0 0 102
7 1 61 35.045 -3 0 0 118
7 1 62 35.045 -3 0 0 54
7 1 63 35.045 -3 0 0 138
7 2 0 30.6169 1.54842 6.5356 0.410915 549
7 2 1 31.6665 1.19259 5.16083 0.43018 353
7 2 2 29.5 -2 0 0 325
7 2 3 33.758 -6 0 0 196
7 2 4 25.5 -2 0 0 269
7 2 5 25.5 -2 0 0 275
7 2 6 25.5 -2 0 0 299
7 2 7 33.758 -6 0 0 133
7 2 8 30.285 1.35542 4.96094 0.487946 359
7 2 9 33.758 -6 0 0 189
7 2 10 33.758 -6 0 0 164
7 2 11 25.5 -2 0 0 431
7 2 12 35.1857 1.99931 7.74607 0.331317 312
7 2 13 33.758 -6 0 0 142
7 2 14 31.8687 1.35524 5.19626 0.536442 635
7 2 15 33.758 -6 0 0 189
7 2 16 33.758 -6 0 0 129
7 2 17 29.5 -2 0 0 511
7 2 18 29.5 -2 0 0 243
7 2 19 33.758 -6 0 0 158
7 2 20 29.5 -2 0 0 393
7 2 21 25.5 -2 0 0 262
7 2 22 33.758 -6 0 0 131
7 2 23 33.758 -6 0 0 70
7 2 24 31.628 1.84748 7.24072 0.577755 454
7 2 25 33.758 -6 0 0 128
7 2 26 33.2158 1.32824 6.1367 0.465906 941
7 2 27 33.758 -6 0 0 137
7 2 28 33.758 -6 0 0 179
7 2 29 25.5 -2 0 0 273
7 2 30 33.758 -6 0 0 117
7 2 31 33.758 -6 0 0 163
7 2 32 33.758 -6 0 0 198
7 2 33 25.5 -2 0 0 239
7 2 34 31.1625 1.23193 6.13575 0.524028 628
7 2 35 33.758 -6 0 0 155
7 2 36 33.758 -6 0 0 127
7 2 37 33.758 -6 0 0 126
7 2 38 33.758 -6 0 0 181
7 2 39 25.5 -2 0 0 404
7 2 40 25.5 -2 0 0 403
7 2 41 25.5 -2 0 0 208
7 2 42 33.758 -6 0 0 161
7 2 43 31.1979 1.16649 5.51728 0.454336 452
7 2 44 25.5 -2 0 0 226
7 2 45 25.5 -2 0 0 259
7 2 46 29.5037 1.09922 4.69804 0.267081 619
7 2 47 33.758 -6 0 0 197
7 2 48 33.758 -6 0 0 121
7 2 49 29.5049 1.19501 4.34776 0.367004 324
7 2 50 25.5 -2 0 0 298
7 2 51 33.8579 1.25849 5.86802 0.496782 1092
7 2 52 30.6284 1.4498 4.83723 0.640743 923
7 2 53 29.5 -2 0 0 270
7 2 54 25.5 -2 0 0 363
7 2 55 30.4312 1.18446 5.65263 0.466937 840
7 2 56 25.5 -2 0 0 575
7 2 57 31.069 1.16195 5.51176 0.404296 863
7 2 58 32.1692 1.63103 6.13176 0.43299 533
7 2 59 25.5 -2 0 0 1245
7 2 60 30.0917 1.92733 5.83576 0.476535 359
7 2 61 25.5 -2 0 0 1968
7 2 62 25.5 -2 0 0 1430
7 2 63 25.5 -2 0 0 642
7 3 0 33.5246 1.71256 6.76597 0.475436 670
7 3 1 25.5 -2 0 0 552
7 3 2 32.9131 1.45912 6.39203 0.411234 577
7 3 3 31.8138 1.17943 6.00911 0.45301 561
7 3 4 35.0761 -3 0 0 151
7 3 5 36.1055 2.48665 7.74308 0.388183 600
7 3 6 32.5262 1.27242 6.05798 0.501603 684
7 3 7 25.5 -2 0 0 855
7 3 8 29.5 -2 0 0 359
7 3 9 33.0155 1.69008 5.08752 0.756026 670
7 3 10 35.5093 1.32349 6.96483 0.566394 1395
7 3 11 34.2495 2.5558 8.62406 0.483709 276
7 3 12 32.9177 1.33747 6.74738 0.330224 523
7 3 13 29.5 -2 0 0 556
7 3 14 34.2385 2.2643 7.13483 0.434795 513
7 3 15 32.0892 1.81291 6.31834 0.433047 245
7 3 16 36.0323 1.27807 7.82296 0.460115 1366
7 3 17 29.9279 1.53565 4.11113 0.514119 275
7 3 18 35.0761 -3 0 0 117
7 3 19 30.8436 1.14418 4.5495 0.556436 719
7 3 20 35.0761 -3 0 0 96
7 3 21 31.8173 1.27314 5.00195 0.754363 838
7 3 22 33.182 1.28079 6.2174 0.312515 701
7 3 23 35.0761 -3 0 0 102
7 3 24 29.5 -2 0 0 442
7 3 25 31.6191 1.27163 5.12073 0.339 548
7 3 26 29.5 -2 0 0 282
7 3 27 35.0761 -3 0 0 122
7 3 28 29.5 -2 0 0 235
7 3 29 35.0761 -3 0 0 130
7 3 30 35.0761 -3 0 0 87
7 3 31 33.9452 1.77984 6.18713 0.510797 701
7 3 32 34.5437 2.31549 7.00114 0.267561 257
7 3 33 35.0761 -3 0 0 151
7 3 34 35.0939 2.86039 9.35235 0.347504 317
7 3 35 34.2812 2.00137 6.68371 0.432266 504
7 3 36 35.0761 -3 0 0 103
7 3 37 35.0761 -3 0 0 90
7 3 38 31.4819 1.829 6.78833 0.476597 440
7 3 39 29.5 -2 0 0 234
7 3 40 35.0761 -3 0 0 84
7 3 41 29.5 -2 0 0 357
7 3 42 25.5 -2 0 0 259
7 3 43 35.0761 -3 0 0 190
7 3 44 29.5 -2 0 0 321
7 3 45 35.0761 -3 0 0 160
7 3 46 35.0761 -3 0 0 117
7 3 47 35.0761 -3 0 0 197
7 3 48 25.5 -2 0 0 275
7 3 49 25.5 -2 0 0 250
7 3 50 35.0761 -3 0 0 161
7 3 51 33.5 -2 0 0 209
7 3 52 29.5 -2 0 0 285
7 3 53 36.1631 2.51045 8.33532 0.323358 239
7 3 54 25.5 -2 0 0 246
7 3 55 29.5 -2 0 0 254
7 3 56 25.5 -2 0 0 230
7 3 57 35.0761 -3 0 0 196
7 3 58 25.5 -2 0 0 262
7 3 59 29.5 -2 0 0 244
7 3 60 35.0761 -3 0 0 118
7 3 61 25.5 -2 0 0 252
7 3 62 29.5 -2 0 0 271
7 3 63 35.0761 -3 0 0 200
7 4 0 35.4515 1.35702 7.66029 0.291518 2173
7 4 1 36.8157 1.51488 7.14385 0.362334 1285
7 4 2 29.648 1.10453 4.77889 0.431479 292
7 4 3 33.9385 1.50142 6.63105 0.356355 322
7 4 4 35.2631 -3 0 0 104
7 4 5 29.5 -2 0 0 210
7 4 6 35.8197 1.83855 7.146 0.417084 574
7 4 7 29.5 -2 0 0 223
7 4 8 30.4798 1.32685 5.0717 0.297282 360
7 4 9 29.5 -2 0 0 381
7 4 10 33.8122 1.90492 7.2224 0.403386 275
7 4 11 35.2631 -3 0 0 188
7 4 12 29.5 -2 0 0 429
7 4 13 35.3201 2.82957 7.8419 0.507134 234
7 4 14 34.9116 1.15011 6.27679 0.375051 1720
7 4 15 35.2631 -3 0 0 101
7 4 16 29.5 -2 0 0 239
7 4 17 31.2631 0.955143 4.05387 0.291938 326
7 4 18 35.2631 -3 0 0 114
7 4 19 29.5 -2 0 0 215
7 4 20 35.2631 -3 0 0 48
7 4 21 34.1671 1.87226 6.10107 0.657425 474
7 4 22 35.2631 -3 0 0 182
7 4 23 35.2631 -3 0 0 168
7 4 24 35.2274 1.58535 6.5637 0.577229 1030
7 4 25 35.2631 -3 0 0 171
7 4 26 35.2653 1.36005 6.19236 0.423587 1365
7 4 27 35.2631 -3 0 0 79
7 4 28 35.2631 -3 0 0 130
7 4 29 37.5 -2 0 0 326
7 4 30 35.2631 -3 0 0 70
7 4 31 35.2631 -3 0 0 181
7 4 32 29.5 -2 0 0 202
7 4 33 35.2631 -3 0 0 77
7 4 34 32.7332 1.18961 5.41889 0.486493 818
7 4 35 35.2631 -3 0 0 156
7 4 36 35.2631 -3 0 0 50
7 4 37 29.5 -2 0 0 210
7 4 38 35.2631 -3 0 0 168
7 4 39 35.9199 3.39966 9.86081 0.471062 254
7 4 40 35.2631 -3 0 0 120
7 4 41 35.2631 -3 0 0 184
7 4 42 35.2631 -3 0 0 113
7 4 43 34.4748 1.13997 5.97317 0.44052 808
7 4 44 35.2631 -3 0 0 178
7 4 45 35.2631 -3 0 0 111
7 4 46 25.5 -2 0 0 1013
7 4 47 35.2631 -3 0 0 105
7 4 48 35.2631 -3 0 0 89
7 4 49 34.628 1.4944 6.72167 0.481358 448
7 4 50 32.8423 2.39002 7.8299 0.421093 227
7 4 51 34.5387 1.52178 6.91463 0.362617 424
7 4 52 32.4462 1.34166 5.07568 0.688983 566
7 4 53 35.2631 -3 0 0 144
7 4 54 35.2631 -3 0 0 184
7 4 55 32.1849 2.36773 8.77512 0.677019 464
7 4 56 25.5 -2 0 0 274
7 4 57 25.5 -2 0 0 372
7 4 58 29.5 -2 0 0 272
7 4 59 25.5 -2 0 0 836
7 4 60 35.2631 -3 0 0 176
7 4 61 36.8688 2.33123 9.48116 0.556959 638
7 4 62 32.3632 1.56397 5.98448 0.592555 722
7 4 63 29.7854 1.66731 6.53314 0.451014 410
7 5 0 25.5 -2 0 0 248
7 5 1 28.4441 1.56642 4.55058 0.369827 234
7 5 2 25.5 -2 0 0 291
7 5 3 25.5 -2 0 0 385
7 5 4 33.758 -6 0 0 90
7 5 5 25.5 -2 0 0 295
7 5 6 25.5 -2 0 0 296
7 5 7 27.9332 1.46067 5.16571 0.43288 370
7 5 8 25.5 -2 0 0 270
7 5 9 25.5 -2 0 0 302
7 5 10 31.4753 2.22753 6.55773 0.321889 308
7 5 11 25.5 -2 0 0 316
7 5 12 25.5 -2 0 0 289
7 5 13 25.5 -2 0 0 356
7 5 14 25.5 -2 0 0 246
7 5 15 25.5 -2 0 0 287
7 5 16 28.6318 1.79102 4.71661 0.418548 347
7 5 17 25.5 -2 0 0 283
7 5 18 28.516 1.3126 5.03992 0.401572 355
7 5 19 31.7231 1.4856 6.64313 0.357972 484
7 5 20 29.9966 1.84383 5.05294 0.313008 241
7 5 21 25.5 -2 0 0 320
7 5 22 25.5 -2 0 0 341
7 5 23 25.5 -2 0 0 308
7 5 24 27.2653 1.48744 3.85838 0.415529 217
7 5 25 29.6849 1.21974 5.1715 0.464473 555
7 5 26 25.5 -2 0 0 296
7 5 27 33.758 -6 0 0 159
7 5 28 28.5181 2.23511 7.19195 0.386331 355
7 5 29 25.5 -2 0 0 259
7 5 30 33.758 -6 0 0 92
7 5 31 30.5892 1.44193 5.15272 0.465102 653
7 5 32 28.389 1.49926 4.33723 0.498414 439
7 5 33 29.5 -2 0 0 264
7 5 34 25.5 -2 0 0 352
7 5 35 30.0253 1.07476 4.87831 0.252407 800
7 5 36 33.758 -6 0 0 115
7 5 37 25.5 -2 0 0 402
7 5 38 30.3586 1.35382 6.04344 0.370149 902
7 5 39 31.56 1.43692 6.44524 0.378373 890
7 5 40 33.758 -6 0 0 175
7 5 41 30.855 1.33933 5.20033 0.422972 535
7 5 42 33.758 -6 0 0 156
7 5 43 26.8777 2.49115 6.08011 0.229419 398
7 5 44 29.6932 1.38006 5.94414 0.392064 667
7 5 45 28.5773 1.57244 5.7546 0.318393 342
7 5 46 29.2213 2.58929 7.77925 0.379677 396
7 5 47 25.5 -2 0 0 1300
7 5 48 29.5 -2 0 0 221
7 5 49 25.5 -2 0 0 229
7 5 50 29.9051 1.61234 6.44064 0.503187 1080
7 5 51 27.9257 1.26793 3.90052 0.557511 712
7 5 52 28.5156 1.30585 4.72534 0.308266 348
7 5 53 25.5 -2 0 0 986
7 5 54 31.0244 2.08098 6.77545 0.545589 556
7 5 55 30.2011 1.79322 6.11722 0.299512 570
7 5 56 25.5 -2 0 0 985
7 5 57 30.8263 1.26502 5.43886 0.457956 708
7 5 58 30.5872 2.05776 7.93755 0.358445 565
7 5 59 25.5 -2 0 0 324
7 5 60 25.5 -2 0 0 720
7 5 61 29.2292 1.62734 5.7376 0.335163 438
7 5 62 29.5465 1.39545 5.73944 0.255567 477
7 5 63 31.5542 1.92674 6.53517 0.505619 553
7 6 0 34.2501 1.80923 6.35316 0.30645 823
7 6 1 33.9264 1.78674 6.4317 0.404637 627
7 6 2 25.5 -2 0 0 489
7 6 3 25.5 -2 0 0 204
7 6 4 37.5438 3.09926 10.1695 0.315323 229
7 6 5 25.5 -2 0 0 270
7 6 6 32.3755 1.98769 5.67295 0.472409 405
7 6 7 34.9591 -3 0 0 120
7 6 8 29.5 -2 0 0 395
7 6 9 29.5 -2 0 0 246
7 6 10 34.9591 -3 0 0 156
7 6 11 34.9591 -3 0 0 109
7 6 12 25.5 -2 0 0 268
7 6 13 34.9591 -3 0 0 153
7 6 14 33.2596 1.4227 6.25307 0.297988 625
7 6 15 34.9591 -3 0 0 159
7 6 16 34.9591 -3 0 0 135
7 6 17 33.5735 1.89324 6.60528 0.276643 359
7 6 18 34.9591 -3 0 0 192
7 6 19 34.9591 -3 0 0 141
7 6 20 34.9591 -3 0 0 129
7 6 21 31.9605 1.80823 5.6452 0.506337 316
7 6 22 34.9591 -3 0 0 140
7 6 23 29.5 -2 0 0 274
7 6 24 29.5 -2 0 0 419
7 6 25 34.9591 -3 0 0 119
7 6 26 31.6877 2.05754 7.13811 0.335096 476
7 6 27 34.9591 -3 0 0 121
7 6 28 34.9591 -3 0 0 109
7 6 29 34.9591 -3 0 0 102
7 6 30 34.9591 -3 0 0 162
7 6 31 34.9591 -3 0 0 110
7 6 32 34.9591 -3 0 0 99
7 6 33 34.9591 -3 0 0 122
7 6 34 29.5 -2 0 0 364
7 6 35 34.9591 -3 0 0 114
7 6 36 34.9591 -3 0 0 130
7 6 37 29.5 -2 0 0 203
7 6 38 34.9591 -3 0 0 55
7 6 39 34.9591 -3 0 0 115
7 6 40 34.9591 -3 0 0 132
7 6 41 34.9591 -3 0 0 109
7 6 42 34.9591 -3 0 0 142
7 6 43 34.9591 -3 0 0 137
7 6 44 34.9591 -3 0 0 79
7 6 45 34.9591 -3 0 0 106
7 6 46 31.9992 2.30875 6.26912 0.374968 324
7 6 47 34.9591 -3 0 0 64
7 6 48 34.9591 -3 0 0 95
7 6 49 34.9591 -3 0 0 137
7 6 50 34.9591 -3 0 0 86
7 6 51 34.9591 -3 0 0 127
7 6 52 34.9591 -3 0 0 175
7 6 53 34.9591 -3 0 0 75
7 6 54 34.9591 -3 0 0 95
7 6 55 34.9591 -3 0 0 147
7 6 56 34.9591 -3 0 0 116
7 6 57 34.9591 -3 0 0 113
7 6 58 34.9591 -3 0 0 102
7 6 59 34.9591 -3 0 0 198
7 6 60 34.9591 -3 0 0 86
7 6 61 34.9591 -3 0 0 154
7 6 62 34.9591 -3 0 0 182
7 6 63 34.9591 -3 0 0 130
7 7 0 35.9353 -3 0 0 146
7 7 1 35.9353 -3 0 0 122
7 7 2 35.9353 -3 0 0 116
7 7 3 35.9353 -3 0 0 141
7 7 4 35.9353 -3 0 0 177
7 7 5 35.9353 -3 0 0 138
7 7 6 35.9353 -3 0 0 125
7 7 7 35.9353 -3 0 0 145
7 7 8 35.9353 -3 0 0 144
7 7 9 35.9353 -3 0 0 122
7 7 10 35.9353 -3 0 0 145
7 7 11 35.9353 -3 0 0 186
7 7 12 35.9353 -3 0 0 160
7 7 13 29.5 -2 0 0 224
7 7 14 35.9353 -3 0 0 124
7 7 15 29.5 -2 0 0 201
7 7 16 35.9353 -3 0 0 136
7 7 17 35.9353 -3 0 0 165
7 7 18 35.9353 -3 0 0 91
7 7 19 33.5 -2 0 0 219
7 7 20 35.9353 -3 0 0 97
7 7 21 35.9353 -3 0 0 140
7 7 22 35.9353 -3 0 0 136
7 7 23 35.9353 -3 0 0 147
7 7 24 35.9353 -3 0 0 122
7 7 25 35.476 2.57805 7.08774 0.476808 292
7 7 26 35.9353 -3 0 0 176
7 7 27 29.5 -2 0 0 257
7 7 28 29.5 -2 0 0 248
7 7 29 25.5 -2 0 0 211
7 7 30 35.9353 -3 0 0 78
7 7 31 35.0552 1.78904 6.89821 0.483156 377
7 7 32 38.4912 2.99485 10.8882 0.437904 343
7 7 33 35.885 2.06304 7.73491 0.524654 347
7 7 34 29.5 -2 0 0 207
7 7 35 33.993 1.85553 6.6979 0.51721 455
7 7 36 35.9353 -3 0 0 115
7 7 37 29.5 -2 0 0 264
7 7 38 32.227 1.30306 5.79981 0.446917 743
7 7 39 33.9246 2.02204 7.93956 0.394468 902
7 7 40 31.6214 1.39079 5.57701 0.51075 355
7 7 41 35.003 1.62214 6.65172 0.567034 435
7 7 42 35.9353 -3 0 0 150
7 7 43 35.9353 -3 0 0 161
7 7 44 33.887 1.48846 6.8397 0.383931 687
7 7 45 25.5 -2 0 0 467
7 7 46 37.5 -2 0 0 298
7 7 47 32.8896 1.12821 5.6238 0.447666 1199
7 7 48 35.2715 1.46583 7.23178 0.405689 325
7 7 49 35.9353 -3 0 0 184
7 7 50 32.8073 1.51932 6.13766 0.354394 629
7 7 51 36.408 1.6024 7.0639 0.36881 736
7 7 52 29.5 -2 0 0 348
7 7 53 34.6077 1.551 7.49342 0.391389 1054
7 7 54 32.3973 1.92308 7.59742 0.421429 562
7 7 55 32.8779 1.61456 6.78952 0.526699 458
7 7 56 34.3117 1.41273 6.20452 0.440111 990
7 7 57 34.1817 1.36426 6.31491 0.480305 791
7 7 58 25.5 -2 0 0 585
7 7 59 34.5418 2.30929 7.87963 0.467231 312
7 7 60 30.9972 1.21771 5.38553 0.665538 963
7 7 61 33.1875 1.93026 8.41265 0.377921 670
7 7 62 31.0773 2.03676 7.02307 0.356681 435
7 7 63 25.5 -2 0 0 583
7 8 0 33.8775 -3 0 0 112
7 8 1 33.8775 -3 0 0 100
7 8 2 33.8775 -3 0 0 112
7 8 3 33.8775 -3 0 0 177
7 8 4 33.8775 -3 0 0 90
7 8 5 33.8775 -3 0 0 174
7 8 6 33.8775 -3 0 0 107
7 8 7 29.5 -2 0 0 238
7 8 8 33.8775 -3 0 0 120
7 8 9 33.8775 -3 0 0 168
7 8 10 33.8775 -3 0 0 6
7 8 11 33.8775 -3 0 0 168
7 8 12 33.8775 -3 0 0 158
7 8 13 25.5 -2 0 0 219
7 8 14 33.8775 -3 0 0 116
7 8 15 29.5 -2 0 0 241
7 8 16 33.8775 -3 0 0 199
7 8 17 33.8775 -3 0 0 159
7 8 18 33.8775 -3 0 0 67
7 8 19 35.204 2.00106 7.91563 0.302685 297
7 8 20 33.8775 -3 0 0 78
7 8 21 33.8775 -3 0 0 155
7 8 22 33.8775 -3 0 0 169
7 8 23 33.8775 -3 0 0 46
7 8 24 33.8775 -3 0 0 129
7 8 25 29.5 -2 0 0 368
7 8 26 33.8775 -3 0 0 151
7 8 27 33.8775 -3 0 0 197
7 8 28 32.7112 1.89647 6.10645 0.329581 323
7 8 29 33.8775 -3 0 0 135
7 8 30 33.8775 -3 0 0 51
7 8 31 32.9904 1.62387 6.09805 0.428754 499
7 8 32 34.2277 3.397 10.2668 0.403832 202
7 8 33 34.7113 1.73237 7.39856 0.272848 358
7 8 34 33.8775 -3 0 0 164
7 8 35 32.7098 1.23676 5.79542 0.270168 677
7 8 36 33.8775 -3 0 0 43
7 8 37 33.8775 -3 0 0 30
7 8 38 25.5 -2 0 0 1041
7 8 39 31.2389 1.58648 5.33481 0.271294 304
7 8 40 33.8775 -3 0 0 27
7 8 41 29.9929 1.47374 5.44371 0.378138 244
7 8 42 33.8775 -3 0 0 78
7 8 43 29.5 -2 0 0 221
7 8 44 32.9153 1.29694 5.58364 0.461754 732
7 8 45 33.8775 -3 0 0 128
7 8 46 33.8775 -3 0 0 172
7 8 47 33.7538 1.50394 7.23572 0.286102 1461
7 8 48 33.8775 -3 0 0 68
7 8 49 29.5 -2 0 0 327
7 8 50 31.8337 2.47826 6.12887 0.342918 441
7 8 51 33.6624 2.44157 7.58772 0.510035 428
7 8 52 33.8775 -3 0 0 56
7 8 53 32.7175 1.13823 5.69884 0.297469 972
7 8 54 33.8775 -3 0 0 172
7 8 55 34.5551 2.44846 8.84232 0.357786 367
7 8 56 25.5 -2 0 0 716
7 8 57 29.3409 2.08665 6.50933 0.381158 511
7 8 58 33.8775 -3 0 0 83
7 8 59 33.8775 -3 0 0 131
7 8 60 30.4255 1.08985 5.19007 0.357974 601
7 8 61 25.5 -2 0 0 422
7 8 62 25.5 -2 0 0 320
7 8 63 33.8775 -3 0 0 132
7 9 0 36.3917 2.56419 8.71079 0.378573 425
7 9 1 29.5 -2 0 0 334
7 9 2 33.5 -2 0 0 246
7 9 3 33.6377 -3 0 0 57
7 9 4 33.6377 -3 0 0 32
7 9 5 33.6377 -3 0 0 160
7 9 6 25.5 -2 0 0 209
7 9 7 33.6377 -3 0 0 83
7 9 8 33.6377 -3 0 0 168
7 9 9 33.6377 -3 0 0 66
7 9 10 33.6377 -3 0 0 57
7 9 11 33.6377 -3 0 0 144
7 9 12 33.6377 -3 0 0 117
7 9 13 33.6377 -3 0 0 81
7 9 14 34.7847 3.19018 9.87887 0.323628 317
7 9 15 33.6377 -3 0 0 25
7 9 16 33.6377 -3 0 0 93
7 9 17 33.6377 -3 0 0 171
7 9 18 33.6377 -3 0 0 30
7 9 19 33.6377 -3 0 0 73
7 9 20 33.6377 -3 0 0 20
7 9 21 33.6377 -3 0 0 90
7 9 22 33.6377 -3 0 0 94
7 9 23 33.6377 -3 0 0 34
7 9 24 33.2122 2.41686 8.53785 0.264255 260
7 9 25 33.6377 -3 0 0 57
7 9 26 29.5 -2 0 0 284
7 9 27 33.6377 -3 0 0 35
7 9 28 33.6377 -3 0 0 46
7 9 29 33.6377 -3 0 0 150
7 9 30 33.6377 -3 0 0 46
7 9 31 33.6377 -3 0 0 53
7 9 32 33.6377 -3 0 0 77
7 9 33 33.6377 -3 0 0 22
7 9 34 33.6377 -3 0 0 126
7 9 35 33.6377 -3 0 0 57
7 9 36 33.6377 -3 0 0 21
7 9 37 33.6377 -3 0 0 22
7 9 38 33.6377 -3 0 0 51
7 9 39 33.6377 -3 0 0 71
7 9 40 33.6377 -3 0 0 13
7 9 41 33.6377 -3 0 0 71
7 9 42 33.6377 -3 0 0 41
7 9 43 33.6377 -3 0 0 61
7 9 44 33.6377 -3 0 0 45
7 9 45 33.6377 -3 0 0 24
7 9 46 25.5 -2 0 0 202
7 9 47 33.6377 -3 0 0 45
7 9 48 33.6377 -3 0 0 68
7 9 49 33.6377 -3 0 0 86
7 9 50 33.6377 -3 0 0 68
7 9 51 33.6377 -3 0 0 94
7 9 52 33.6377 -3 0 0 127
7 9 53 33.6377 -3 0 0 49
7 9 54 33.6377 -3 0 0 64
7 9 55 33.6377 -3 0 0 118
7 9 56 33.6377 -3 0 0 64
7 9 57 33.6377 -3 0 0 68
7 9 58 33.6377 -3 0 0 78
7 9 59 33.6377 -3 0 0 150
7 9 60 33.6377 -3 0 0 37
7 9 61 33.6377 -3 0 0 117
7 9 62 33.6377 -3 0 0 119
7 9 63 33.6377 -3 0 0 83
7 10 0 34.4605 -3 0 0 177
7 10 1 25.5 -2 0 0 232
7 10 2 25.5 -2 0 0 253
7 10 3 34.9191 2.41981 7.97008 0.428858 385
7 10 4 34.4605 -3 0 0 118
7 10 5 32.7747 2.47086 7.40047 0.329406 277
7 10 6 29.5 -2 0 0 249
7 10 7 36.1881 1.74281 7.28449 0.333145 614
7 10 8 25.5 -2 0 0 223
7 10 9 33.5 -2 0 0 358
7 10 10 29.5 -2 0 0 241
7 10 11 25.5 -2 0 0 295
7 10 12 25.5 -2 0 0 275
7 10 13 29.5 -2 0 0 209
7 10 14 29.5 -2 0 0 215
7 10 15 25.5 -2 0 0 290
7 10 16 33.149 1.38402 5.92653 0.3105 606
7 10 17 25.5 -2 0 0 225
7 10 18 29.5 -2 0 0 272
7 10 19 33.7417 1.22328 6.04624 0.45948 873
7 10 20 34.4605 -3 0 0 53
7 10 21 29.5 -2 0 0 288
7 10 22 29.5446 1.08263 4.34615 0.436437 252
7 10 23 34.4605 -3 0 0 67
7 10 24 29.5 -2 0 0 209
7 10 25 28.9605 0.97337 4.78684 0.419296 379
7 10 26 25.5 -2 0 0 218
7 10 27 34.4605 -3 0 0 108
7 10 28 34.4605 -3 0 0 185
7 10 29 29.5 -2 0 0 215
7 10 30 34.4605 -3 0 0 59
7 10 31 30.5929 0.811561 4.70903 0.373602 581
7 10 32 28.8956 1.03921 3.59467 0.380704 204
7 10 33 34.4605 -3 0 0 127
7 10 34 34.4605 -3 0 0 95
7 10 35 36.3693 1.52153 7.26901 0.385898 1847
7 10 36 34.4605 -3 0 0 73
7 10 37 34.4605 -3 0 0 53
7 10 38 25.5 -2 0 0 2026
7 10 39 34.336 1.34422 6.27771 0.387979 871
7 10 40 34.4605 -3 0 0 47
7 10 41 30.7331 1.1396 5.01597 0.418832 370
7 10 42 35.8844 2.06959 7.75644 0.533733 495
7 10 43 34.4605 -3 0 0 103
7 10 44 29.8039 0.775507 3.99603 0.406249 430
7 10 45 0 -10 0 0 0
7 10 46 34.4605 -3 0 0 138
7 10 47 29.5 -2 0 0 2828
7 10 48 34.4605 -3 0 0 116
7 10 49 34.4605 -3 0 0 158
7 10 50 29.0171 1.171 4.21416 0.607043 264
7 10 51 29.5 -2 0 0 415
7 10 52 29.5 -2 0 0 284
7 10 53 35.3607 1.24665 6.71374 0.370526 1558
7 10 54 30.9623 1.09986 5.08662 0.453839 325
7 10 55 31.1981 1.80646 6.41276 0.294238 321
7 10 56 30.6405 1.46858 6.30581 0.383686 604
7 10 57 32.256 1.34385 5.03423 0.521724 554
7 10 58 25.5 -2 0 0 482
7 10 59 34.4605 -3 0 0 91
7 10 60 31.4207 1.01825 6.06909 0.411102 1065
7 10 61 25.5 -2 0 0 396
7 10 62 34.4605 -3 0 0 169
7 10 63 31.194 1.63971 6.90068 0.519362 400
7 11 0 31.3512 1.07133 5.10052 0.4808 951
7 11 1 25.5 -2 0 0 314
7 11 2 29.5 -2 0 0 469
7 11 3 33.2461 -3 0 0 180
7 11 4 33.2461 -3 0 0 52
7 11 5 33.2461 -3 0 0 175
7 11 6 33.6364 2.00147 6.46412 0.461215 359
7 11 7 33.2461 -3 0 0 123
7 11 8 33.2461 -3 0 0 152
7 11 9 29.5 -2 0 0 222
7 11 10 33.2461 -3 0 0 167
7 11 11 33.2461 -3 0 0 84
7 11 12 33.2461 -3 0 0 159
7 11 13 33.2461 -3 0 0 70
7 11 14 31.6891 1.61995 5.24623 0.427165 305
7 11 15 33.2461 -3 0 0 69
7 11 16 33.2461 -3 0 0 130
7 11 17 33.2461 -3 0 0 139
7 11 18 33.2461 -3 0 0 62
7 11 19 33.2461 -3 0 0 161
7 11 20 33.2461 -3 0 0 17
7 11 21 29.5 -2 0 0 254
7 11 22 33.2461 -3 0 0 163
7 11 23 32.1119 1.82498 6.75708 0.359033 324
7 11 24 32.1992 1.41048 4.91134 0.430477 582
7 11 25 33.2461 -3 0 0 120
7 11 26 31.5873 1.67556 5.20282 0.391332 275
7 11 27 33.2461 -3 0 0 99
7 11 28 33.2461 -3 0 0 75
7 11 29 33.8688 1.96374 5.58193 0.454295 479
7 11 30 33.2461 -3 0 0 54
7 11 31 33.2461 -3 0 0 117
7 11 32 33.2461 -3 0 0 127
7 11 33 33.2461 -3 0 0 160
7 11 34 33.41 1.52504 5.84895 0.392797 661
7 11 35 33.2461 -3 0 0 116
7 11 36 33.2461 -3 0 0 21
7 11 37 33.2461 -3 0 0 74
7 11 38 33.2461 -3 0 0 113
7 11 39 33.2461 -3 0 0 67
7 11 40 33.2461 -3 0 0 28
7 11 41 33.2461 -3 0 0 45
7 11 42 33.2461 -3 0 0 54
7 11 43 30.5345 1.20224 5.03848 0.411873 427
7 11 44 33.2461 -3 0 0 74
7 11 45 33.2461 -3 0 0 135
7 11 46 31.4952 1.41223 4.87156 0.340623 576
7 11 47 33.2461 -3 0 0 79
7 11 48 33.2461 -3 0 0 196
7 11 49 33.2461 -3 0 0 197
7 11 50 33.2461 -3 0 0 57
7 11 51 31.0071 1.66453 5.33608 0.409403 366
7 11 52 25.5 -2 0 0 353
7 11 53 33.2461 -3 0 0 52
7 11 54 33.2461 -3 0 0 42
7 11 55 29.5 -2 0 0 290
7 11 56 33.2461 -3 0 0 193
7 11 57 29.5 -2 0 0 255
7 11 58 25.5 -2 0 0 228
7 11 59 25.5 -2 0 0 487
7 11 60 33.2461 -3 0 0 152
7 11 61 25.5 -2 0 0 390
7 11 62 25.5 -2 0 0 479
7 11 63 25.5 -2 0 0 233
7 12 0 25.5 -2 0 0 400
7 12 1 25.5 -2 0 0 251
7 12 2 33.758 -6 0 0 167
7 12 3 29.2188 1.36601 4.85479 0.44733 670
7 12 4 33.758 -6 0 0 127
7 12 5 25.5 -2 0 0 437
7 12 6 31.3472 1.82536 5.68039 0.431131 578
7 12 7 25.5 -2 0 0 1731
7 12 8 25.5 -2 0 0 428
7 12 9 29.5932 1.40449 5.91794 0.769057 1039
7 12 10 31.227 1.12358 5.62735 0.501571 1291
7 12 11 25.5 -2 0 0 435
7 12 12 28.3461 1.12287 4.98921 0.546548 520
7 12 13 30.3432 1.30071 5.15867 0.490558 730
7 12 14 25.5 -2 0 0 317
7 12 15 25.5 -2 0 0 514
7 12 16 25.5 -2 0 0 2120
7 12 17 25.5 -2 0 0 308
7 12 18 30.4109 1.73587 6.73932 0.446271 332
7 12 19 25.5 -2 0 0 1094
7 12 20 25.5 -2 0 0 207
7 12 21 30.0846 1.38513 5.17757 0.442386 752
7 12 22 28.1514 0.937774 4.08439 0.627441 864
7 12 23 33.758 -6 0 0 86
7 12 24 29.7821 2.05086 5.88089 0.36396 319
7 12 25 29.819 1.51938 4.91992 0.752856 981
7 12 26 33.758 -6 0 0 115
7 12 27 33.758 -6 0 0 197
7 12 28 27.4311 1.0011 4.13057 0.490341 642
7 12 29 33.758 -6 0 0 110
7 12 30 33.758 -6 0 0 83
7 12 31 25.5 -2 0 0 858
7 12 32 30.0032 1.67147 6.58751 0.424589 554
7 12 33 25.5 -2 0 0 201
7 12 34 33.758 -6 0 0 85
7 12 35 25.5 -2 0 0 621
7 12 36 33.758 -6 0 0 116
7 12 37 25.5 -2 0 0 248
7 12 38 25.5 -2 0 0 523
7 12 39 25.5 -2 0 0 254
7 12 40 33.758 -6 0 0 102
7 12 41 29.4474 1.46994 6.08298 0.339538 437
7 12 42 25.5 -2 0 0 270
7 12 43 30.0339 2.02138 5.90615 0.465947 242
7 12 44 30.784 1.73903 6.15791 0.31999 414
7 12 45 29.8714 2.93278 5.66956 0.607554 375
7 12 46 25.5 -2 0 0 208
7 12 47 25.5 -2 0 0 536
7 12 48 25.5 -2 0 0 327
7 12 49 25.5 -2 0 0 209
7 12 50 31.292 2.04868 6.65228 0.353949 297
7 12 51 33.758 -6 0 0 153
7 12 52 21.5 -2 0 0 205
7 12 53 30.0411 1.3911 5.31179 0.395904 381
7 12 54 25.5 -2 0 0 233
7 12 55 33.758 -6 0 0 159
7 12 56 25.5 -2 0 0 216
7 12 57 33.758 -6 0 0 182
7 12 58 33.758 -6 0 0 198
7 12 59 33.758 -6 0 0 186
7 12 60 21.5 -2 0 0 287
7 12 61 33.758 -6 0 0 183
7 12 62 33.758 -6 0 0 189
7 12 63 33.758 -6 0 0 185
7 13 0 33.9737 2.4293 8.68986 0.348374 413
7 13 1 38.9865 2.62228 8.97029 0.279706 244
7 13 2 29.5 -2 0 0 222
7 13 3 36.386 -3 0 0 154
7 13 4 36.386 -3 0 0 113
7 13 5 36.386 -3 0 0 172
7 13 6 36.386 -3 0 0 150
7 13 7 36.386 -3 0 0 85
7 13 8 29.5 -2 0 0 222
7 13 9 36.386 -3 0 0 142
7 13 10 36.386 -3 0 0 103
7 13 11 36.386 -3 0 0 123
7 13 12 36.386 -3 0 0 150
7 13 13 36.386 -3 0 0 116
7 13 14 29.5 -2 0 0 395
7 13 15 36.386 -3 0 0 135
7 13 16 36.386 -3 0 0 82
7 13 17 29.5 -2 0 0 329
7 13 18 36.386 -3 0 0 59
7 13 19 36.386 -3 0 0 78
7 13 20 36.386 -3 0 0 52
7 13 21 36.386 -3 0 0 145
7 13 22 36.386 -3 0 0 90
7 13 23 37.4721 2.14738 7.44033 0.415959 262
7 13 24 29.5 -2 0 0 294
7 13 25 36.386 -3 0 0 89
7 13 26 29.5 -2 0 0 460
7 13 27 36.386 -3 0 0 122
7 13 28 36.386 -3 0 0 97
7 13 29 35.5549 1.73636 7.18511 0.221167 261
7 13 30 36.386 -3 0 0 37
7 13 31 36.386 -3 0 0 91
7 13 32 36.386 -3 0 0 90
7 13 33 36.386 -3 0 0 103
7 13 34 36.2311 2.01594 7.89391 0.390598 547
7 13 35 36.386 -3 0 0 113
7 13 36 36.386 -3 0 0 50
7 13 37 36.386 -3 0 0 96
7 13 38 36.386 -3 0 0 79
7 13 39 33.5 -2 0 0 248
7 13 40 36.386 -3 0 0 50
7 13 41 36.386 -3 0 0 114
7 13 42 35.9925 1.64318 5.94624 0.277079 255
7 13 43 36.386 -3 0 0 171
7 13 44 36.386 -3 0 0 139
7 13 45 36.386 -3 0 0 142
7 13 46 36.0609 1.56073 6.10447 0.351522 562
7 13 47 36.386 -3 0 0 126
7 13 48 36.386 -3 0 0 182
7 13 49 35.3292 1.59265 5.63497 0.312631 279
7 13 50 36.386 -3 0 0 165
7 13 51 35.5228 2.71229 7.53711 0.406889 455
7 13 52 32.9233 1.25283 4.77541 0.363288 440
7 13 53 36.386 -3 0 0 151
7 13 54 36.386 -3 0 0 192
7 13 55 37.2179 1.91107 7.40679 0.490922 447
7 13 56 29.5 -2 0 0 296
7 13 57 29.5 -2 0 0 242
7 13 58 34.3648 2.07076 6.23756 0.334832 218
7 13 59 29.5 -2 0 0 380
7 13 60 36.386 -3 0 0 200
7 13 61 34.4077 1.5757 6.74138 0.306077 747
7 13 62 35.7337 1.42127 6.22081 0.279291 659
7 13 63 35.1722 1.70213 7.0318 0.333541 316
7 14 0 25.5 -2 0 0 374
7 14 1 29.8377 1.72086 6.68338 0.5166 408
7 14 2 25.5 -2 0 0 485
7 14 3 29.795 1.29528 5.53482 0.453243 493
7 14 4 29.6124 1.73998 5.26891 0.553305 316
7 14 5 29.8975 1.81909 5.9963 0.533147 432
7 14 6 29.8612 1.34097 5.17133 0.533768 617
7 14 7 31.1723 1.22598 6.05034 0.265896 886
7 14 8 29.3512 1.38424 5.2963 0.486674 370
7 14 9 31.6936 1.35813 5.96098 0.403652 872
7 14 10 25.5 -2 0 0 1007
7 14 11 25.5 -2 0 0 288
7 14 12 30.5177 1.42104 5.39547 0.437177 470
7 14 13 25.5 -2 0 0 435
7 14 14 25.5 -2 0 0 238
7 14 15 31.1186 1.52761 6.3467 0.333772 413
7 14 16 25.5 -2 0 0 1447
7 14 17 25.5 -2 0 0 211
7 14 18 25.5 -2 0 0 333
7 14 19 25.5 -2 0 0 579
7 14 20 33.758 -6 0 0 120
7 14 21 30.2522 1.23155 5.41139 0.335405 773
7 14 22 25.5 -2 0 0 583
7 14 23 25.5 -2 0 0 230
7 14 24 31.2818 1.83819 6.62419 0.464197 276
7 14 25 29.1327 1.29161 5.55809 0.413612 484
7 14 26 33.758 -6 0 0 198
7 14 27 25.5 -2 0 0 274
7 14 28 25.5 -2 0 0 374
7 14 29 33.758 -6 0 0 192
7 14 30 33.758 -6 0 0 139
7 14 31 29.1968 1.50349 6.70009 0.348306 344
7 14 32 33.5 -2 0 0 251
7 14 33 25.5 -2 0 0 224
7 14 34 33.758 -6 0 0 195
7 14 35 25.5 -2 0 0 274
7 14 36 33.758 -6 0 0 100
7 14 37 33.758 -6 0 0 143
7 14 38 30.808 1.88578 6.48858 0.306758 236
7 14 39 33.758 -6 0 0 154
7 14 40 25.5 -2 0 0 225
7 14 41 29.5 -2 0 0 203
7 14 42 33.758 -6 0 0 168
7 14 43 33.758 -6 0 0 142
7 14 44 33.758 -6 0 0 171
7 14 45 33.758 -6 0 0 162
7 14 46 33.758 -6 0 0 139
7 14 47 25.5 -2 0 0 202
7 14 48 33.758 -6 0 0 170
7 14 49 33.758 -6 0 0 133
7 14 50 33.758 -6 0 0 181
7 14 51 33.758 -6 0 0 94
7 14 52 33.758 -6 0 0 121
7 14 53 33.758 -6 0 0 156
7 14 54 33.758 -6 0 0 159
7 14 55 33.758 -6 0 0 118
7 14 56 33.758 -6 0 0 121
7 14 57 33.758 -6 0 0 87
7 14 58 33.758 -6 0 0 103
7 14 59 33.758 -6 0 0 112
7 14 60 33.758 -6 0 0 128
7 14 61 33.758 -6 0 0 103
7 14 62 33.758 -6 0 0 89
7 14 63 33.758 -6 0 0 118
7 15 0 33.758 -6 0 0 118
7 15 1 33.758 -6 0 0 98
7 15 2 33.758 -6 0 0 82
7 15 3 33.758 -6 0 0 81
7 15 4 33.758 -6 0 0 35
7 15 5 33.758 -6 0 0 69
7 15 6 33.758 -6 0 0 80
7 15 7 33.758 -6 0 0 47
7 15 8 33.758 -6 0 0 104
7 15 9 33.758 -6 0 0 56
7 15 10 33.758 -6 0 0 70
7 15 11 33.758 -6 0 0 84
7 15 12 33.758 -6 0 0 68
7 15 13 33.758 -6 0 0 61
7 15 14 33.758 -6 0 0 131
7 15 15 33.758 -6 0 0 83
7 15 16 33.758 -6 0 0 44
7 15 17 33.758 -6 0 0 121
7 15 18 33.758 -6 0 0 39
7 15 19 33.758 -6 0 0 66
7 15 20 33.758 -6 0 0 25
7 15 21 33.758 -6 0 0 60
7 15 22 33.758 -6 0 0 41
7 15 23 33.758 -6 0 0 33
7 15 24 33.758 -6 0 0 113
7 15 25 33.758 -6 0 0 66
7 15 26 33.758 -6 0 0 152
7 15 27 33.758 -6 0 0 39
7 15 28 33.758 -6 0 0 63
7 15 29 33.758 -6 0 0 136
7 15 30 33.758 -6 0 0 13
7 15 31 33.758 -6 0 0 88
7 15 32 33.758 -6 0 0 92
7 15 33 33.758 -6 0 0 39
7 15 34 33.758 -6 0 0 179
7 15 35 33.758 -6 0 0 67
7 15 36 33.758 -6 0 0 26
7 15 37 33.758 -6 0 0 141
7 15 38 33.758 -6 0 0 97
7 15 39 33.758 -6 0 0 156
7 15 40 33.758 -6 0 0 131
7 15 41 33.758 -6 0 0 92
7 15 42 33.758 -6 0 0 56
7 15 43 33.758 -6 0 0 187
7 15 44 33.758 -6 0 0 92
7 15 45 33.758 -6 0 0 71
7 15 46 25.5 -2 0 0 228
7 15 47 33.758 -6 0 0 113
7 15 48 33.758 -6 0 0 27
7 15 49 33.758 -6 0 0 159
7 15 50 33.758 -6 0 0 125
7 15 51 36.549 3.55632 9.74902 0.348842 319
7 15 52 33.758 -6 0 0 183
7 15 53 33.758 -6 0 0 118
7 15 54 33.758 -6 0 0 111
7 15 55 25.5 -2 0 0 215
7 15 56 33.758 -6 0 0 118
7 15 57 29.5 -2 0 0 228
7 15 58 33.758 -6 0 0 187
7 15 59 25.5 -2 0 0 240
7 15 60 33.758 -6 0 0 163
7 15 61 25.5 -2 0 0 429
7 15 62 28.9776 2.10718 6.76511 0.303092 293
7 15 63 25.5 -2 0 0 202
8 0 0 36.6653 -3 0 0 147
8 0 1 36.6653 -3 0 0 117
8 0 2 36.6653 -3 0 0 129
8 0 3 36.6653 -3 0 0 59
8 0 4 36.6653 -3 0 0 132
8 0 5 36.6653 -3 0 0 124
8 0 6 36.6653 -3 0 0 101
8 0 7 36.6653 -3 0 0 93
8 0 8 36.6653 -3 0 0 126
8 0 9 36.6653 -3 0 0 83
8 0 10 36.6653 -3 0 0 44
8 0 11 36.6653 -3 0 0 156
8 0 12 36.6653 -3 0 0 87
8 0 13 36.6653 -3 0 0 109
8 0 14 36.6653 -3 0 0 176
8 0 15 36.6653 -3 0 0 108
8 0 16 36.6653 -3 0 0 60
8 0 17 36.6653 -3 0 0 187
8 0 18 36.6653 -3 0 0 108
8 0 19 36.6653 -3 0 0 100
8 0 20 36.6653 -3 0 0 156
8 0 21 36.6653 -3 0 0 84
8 0 22 36.6653 -3 0 0 56
8 0 23 36.6653 -3 0 0 183
8 0 24 36.6653 -3 0 0 137
8 0 25 36.6653 -3 0 0 120
8 0 26 33.5 -2 0 0 217
8 0 27 36.6653 -3 0 0 108
8 0 28 36.6653 -3 0 0 115
8 0 29 36.6653 -3 0 0 199
8 0 30 36.6653 -3 0 0 124
8 0 31 36.6653 -3 0 0 132
8 0 32 36.6653 -3 0 0 109
8 0 33 36.6653 -3 0 0 131
8 0 34 29.5 -2 0 0 276
8 0 35 36.6653 -3 0 0 147
8 0 36 36.6653 -3 0 0 141
8 0 37 29.5 -2 0 0 218
8 0 38 36.6653 -3 0 0 146
8 0 39 29.5 -2 0 0 290
8 0 40 36.6653 -3 0 0 181
8 0 41 36.6653 -3 0 0 154
8 0 42 29.5 -2 0 0 227
8 0 43 38.1658 2.9712 9.90911 0.372344 243
8 0 44 36.6653 -3 0 0 158
8 0 45 36.6653 -3 0 0 153
8 0 46 37.5 -2 0 0 320
8 0 47 35.6432 2.59585 7.8865 0.314008 203
8 0 48 29.5 -2 0 0 203
8 0 49 35.3324 3.3363 7.40584 0.428327 258
8 0 50 36.6653 -3 0 0 173
8 0 51 36.0872 2.02202 6.70945 0.322688 565
8 0 52 29.5 -2 0 0 347
8 0 53 34.9148 2.02435 6.83113 0.335983 246
8 0 54 29.5 -2 0 0 222
8 0 55 33.2104 1.69338 5.36536 0.465028 408
8 0 56 33.4895 1.93839 6.26998 0.40514 430
8 0 57 29.5 -2 0 0 442
8 0 58 29.5 -2 0 0 285
8 0 59 29.5 -2 0 0 459
8 0 60 29.5 -2 0 0 249
8 0 61 31.7103 2.2622 7.15244 0.349956 752
8 0 62 34.9906 1.92895 8.03803 0.328782 535
8 0 63 29.5 -2 0 0 319
8 1 0 32.3503 1.52063 6.1914 0.379061 654
8 1 1 25.5 -2 0 0 741
8 1 2 25.5 -2 0 0 774
8 1 3 31.5487 1.24249 5.71546 0.363738 669
8 1 4 33.8877 1.71994 8.41628 0.395556 411
8 1 5 25.5 -2 0 0 542
8 1 6 25.5 -2 0 0 913
8 1 7 31.5485 1.251 5.455 0.421902 678
8 1 8 25.5 -2 0 0 462
8 1 9 28.7061 1.0331 4.56376 0.519607 560
8 1 10 32.9507 1.39377 6.32539 0.349481 896
8 1 11 29.5 -2 0 0 316
8 1 12 30.9603 1.70118 5.72493 0.678091 546
8 1 13 30.3573 1.61193 5.70135 0.571513 429
8 1 14 30.9449 1.42524 5.83312 0.387815 444
8 1 15 29.5 -2 0 0 253
8 1 16 31.1854 1.35413 6.29462 0.396315 1004
8 1 17 25.5 -2 0 0 342
8 1 18 31.1628 1.90647 5.65733 0.478156 278
8 1 19 30.0848 1.41579 6.44935 0.366155 491
8 1 20 34.8606 -6 0 0 186
8 1 21 31.9677 1.38969 6.00023 0.599837 710
8 1 22 31.7643 1.22903 6.52199 0.33231 543
8 1 23 29.5 -2 0 0 252
8 1 24 33.4938 2.13722 7.81757 0.392528 397
8 1 25 31.7391 1.65399 5.97772 0.463324 357
8 1 26 30.8973 1.56382 5.51719 0.500906 338
8 1 27 32.5261 2.42936 8.02515 0.491588 274
8 1 28 29.5 -2 0 0 258
8 1 29 25.5 -2 0 0 252
8 1 30 32.4978 1.61128 6.17667 0.468174 228
8 1 31 25.5 -2 0 0 247
8 1 32 34.8606 -6 0 0 196
8 1 33 34.8606 -6 0 0 194
8 1 34 25.5 -2 0 0 273
8 1 35 29.5 -2 0 0 230
8 1 36 34.8606 -6 0 0 144
8 1 37 29.5 -2 0 0 204
8 1 38 34.8606 -6 0 0 169
8 1 39 34.8606 -6 0 0 146
8 1 40 25.5 -2 0 0 209
8 1 41 25.5 -2 0 0 212
8 1 42 34.8606 -6 0 0 197
8 1 43 34.8606 -6 0 0 172
8 1 44 34.8606 -6 0 0 140
8 1 45 34.8606 -6 0 0 129
8 1 46 29.5 -2 0 0 233
8 1 47 34.8606 -6 0 0 131
8 1 48 34.8606 -6 0 0 159
8 1 49 34.8606 -6 0 0 183
8 1 50 34.8606 -6 0 0 149
8 1 51 34.8606 -6 0 0 112
8 1 52 34.8606 -6 0 0 155
8 1 53 34.8606 -6 0 0 121
8 1 54 34.8606 -6 0 0 137
8 1 55 34.8606 -6 0 0 102
8 1 56 34.8606 -6 0 0 115
8 1 57 34.8606 -6 0 0 118
8 1 58 34.8606 -6 0 0 147
8 1 59 34.8606 -6 0 0 191
8 1 60 34.8606 -6 0 0 100
8 1 61 34.8606 -6 0 0 138
8 1 62 34.8606 -6 0 0 165
8 1 63 34.8606 -6 0 0 131
8 2 0 32.2143 1.04603 4.83513 0.451307 595
8 2 1 31.9829 1.22661 4.97828 0.4247 410
8 2 2 25.5 -2 0 0 347
8 2 3 35.6104 -3 0 0 183
8 2 4 29.5 -2 0 0 251
8 2 5 29.5 -2 0 0 231
8 2 6 25.5 -2 0 0 267
8 2 7 35.6104 -3 0 0 118
8 2 8 29.5 -2 0 0 346
8 2 9 35.6104 -3 0 0 177
8 2 10 35.6104 -3 0 0 135
8 2 11 36.6265 1.81206 7.64895 0.388056 387
8 2 12 29.5 -2 0 0 236
8 2 13 35.6104 -3 0 0 152
8 2 14 32.7003 1.42025 5.74824 0.432284 553
8 2 15 29.5 -2 0 0 223
8 2 16 35.6104 -3 0 0 149
8 2 17 32.6045 1.70683 7.00546 0.520406 468
8 2 18 29.5 -2 0 0 202
8 2 19 35.6104 -3 0 0 155
8 2 20 32.97 1.40075 5.71956 0.454984 360
8 2 21 35.0942 3.35265 10.2652 0.398812 217
8 2 22 35.6104 -3 0 0 128
8 2 23 36.2929 2.28162 8.29001 0.554276 342
8 2 24 29.5 -2 0 0 370
8 2 25 35.6104 -3 0 0 148
8 2 26 33.8782 1.58147 5.71583 0.457189 751
8 2 27 35.6104 -3 0 0 196
8 2 28 35.6104 -3 0 0 175
8 2 29 33.6684 1.80583 8.15002 0.541372 478
8 2 30 29.5 -2 0 0 228
8 2 31 35.6104 -3 0 0 167
8 2 32 33.5 -2 0 0 203
8 2 33 29.5 -2 0 0 222
8 2 34 36.6367 2.18698 9.46125 0.621756 838
8 2 35 35.6104 -3 0 0 157
8 2 36 29.5 -2 0 0 306
8 2 37 35.0378 2.09753 6.67514 0.537419 474
8 2 38 35.6104 -3 0 0 175
8 2 39 33.1457 2.48477 8.11894 0.57707 385
8 2 40 31.7143 3.15307 8.59641 0.465583 331
8 2 41 35.6104 -3 0 0 197
8 2 42 34.6111 1.38815 6.1989 0.447101 423
8 2 43 36.0999 1.52361 7.42687 0.419383 558
8 2 44 29.5 -2 0 0 223
8 2 45 29.5 -2 0 0 274
8 2 46 34.1635 1.30436 6.53601 0.431103 890
8 2 47 35.6104 -3 0 0 200
8 2 48 29.5 -2 0 0 321
8 2 49 30.6956 1.09784 5.12646 0.383821 512
8 2 50 25.5 -2 0 0 277
8 2 51 33.7847 1.16916 5.75014 0.519821 984
8 2 52 31.6939 1.71261 6.97268 0.405203 741
8 2 53 25.5 -2 0 0 277
8 2 54 33.2092 3.0988 9.52755 0.429618 374
8 2 55 33.0205 1.23919 5.95026 0.313822 756
8 2 56 36.6578 2.02487 7.86567 0.455968 560
8 2 57 34.784 1.69817 7.20928 0.415032 818
8 2 58 31.7998 1.5792 5.95309 0.448321 475
8 2 59 33.4032 1.37255 6.45857 0.418211 1204
8 2 60 25.5 -2 0 0 340
8 2 61 33.6212 1.21884 6.13624 0.364646 1762
8 2 62 32.985 1.35733 7.0076 0.3472 1389
8 2 63 25.5 -2 0 0 546
8 3 0 34.6918 1.65861 7.61829 0.423587 616
8 3 1 34.059 1.35489 5.97248 0.338842 519
8 3 2 33.7339 1.61413 7.09271 0.608363 573
8 3 3 32.919 1.44956 6.03205 0.407663 508
8 3 4 29.5 -2 0 0 668
8 3 5 36.5701 2.40358 9.14662 0.367452 448
8 3 6 35.6426 1.39976 6.50247 0.523027 643
8 3 7 34.4118 1.03363 5.50225 0.497952 676
8 3 8 32.8635 1.42115 4.71131 0.539209 370
8 3 9 32.4223 0.988788 5.47716 0.663155 773
8 3 10 32.6163 1.08007 5.65267 0.624805 927
8 3 11 29.5 -2 0 0 252
8 3 12 33.4814 1.83931 7.05822 0.506333 419
8 3 13 25.5 -2 0 0 465
8 3 14 35.6029 1.5923 6.20172 0.403598 441
8 3 15 34.8214 1.77627 6.53843 0.445272 383
8 3 16 35.8123 1.08387 6.97982 0.495976 1182
8 3 17 29.5 -2 0 0 263
8 3 18 34.213 1.79321 7.46729 0.44476 335
8 3 19 33.3034 1.30458 5.3134 0.578839 669
8 3 20 33.5 -2 0 0 234
8 3 21 36.8358 1.50352 7.01711 0.504131 986
8 3 22 34.2286 1.32245 5.94206 0.492396 721
8 3 23 29.5 -2 0 0 235
8 3 24 33.3724 1.40446 4.96343 0.357018 328
8 3 25 34.7685 1.37114 6.17846 0.405265 484
8 3 26 29.5 -2 0 0 319
8 3 27 29.5 -2 0 0 271
8 3 28 29.5 -2 0 0 354
8 3 29 35.2504 2.19316 7.83374 0.34351 221
8 3 30 36.6432 -3 0 0 166
8 3 31 29.5 -2 0 0 464
8 3 32 34.8692 2.60852 9.28226 0.399255 368
8 3 33 29.5 -2 0 0 266
8 3 34 29.5 -2 0 0 235
8 3 35 33.5 -2 0 0 425
8 3 36 38.1623 3.16491 10.8872 0.31214 217
8 3 37 36.6432 -3 0 0 177
8 3 38 37.9257 2.70421 10.1777 0.356456 336
8 3 39 29.5 -2 0 0 275
8 3 40 36.6432 -3 0 0 199
8 3 41 33.5 -2 0 0 202
8 3 42 36.6432 -3 0 0 178
8 3 43 29.5 -2 0 0 221
8 3 44 33.7356 2.21908 6.04012 0.388205 257
8 3 45 29.5 -2 0 0 235
8 3 46 29.5 -2 0 0 276
8 3 47 36.8422 2.38446 8.33521 0.359074 239
8 3 48 29.5 -2 0 0 272
8 3 49 33.951 2.55917 7.31266 0.334308 207
8 3 50 35.9653 3.38437 10.624 0.349359 238
8 3 51 36.6432 -3 0 0 197
8 3 52 29.5 -2 0 0 210
8 3 53 25.5 -2 0 0 243
8 3 54 36.6432 -3 0 0 110
8 3 55 34.4549 3.25391 9.33889 0.307868 229
8 3 56 36.6432 -3 0 0 198
8 3 57 36.6432 -3 0 0 177
8 3 58 36.6432 -3 0 0 194
8 3 59 29.5 -2 0 0 214
8 3 60 36.6432 -3 0 0 176
8 3 61 29.5 -2 0 0 212
8 3 62 25.5 -2 0 0 214
8 3 63 36.6432 -3 0 0 161
8 4 0 36.4899 1.40497 6.86047 0.323388 1710
8 4 1 34.5362 1.0289 5.47983 0.476137 952
8 4 2 36.4329 1.88688 6.77997 0.581449 716
8 4 3 29.5 -2 0 0 235
8 4 4 29.5 -2 0 0 362
8 4 5 35.0338 1.67643 6.59501 0.614718 422
8 4 6 34.1524 1.49455 6.00999 0.438556 554
8 4 7 36.6081 -3 0 0 176
8 4 8 32.8638 1.06452 5.00826 0.502905 527
8 4 9 33.5514 1.48967 5.88802 0.463586 337
8 4 10 29.5 -2 0 0 249
8 4 11 34.6463 1.38443 5.53854 0.591029 485
8 4 12 31.9755 1.10879 4.85172 0.383439 344
8 4 13 36.6081 -3 0 0 168
8 4 14 36.1539 1.31177 6.31707 0.382274 1262
8 4 15 37.5 -2 0 0 234
8 4 16 36.6081 -3 0 0 155
8 4 17 35.5744 1.20813 5.53516 0.441442 731
8 4 18 33.5 -2 0 0 258
8 4 19 36.6081 -3 0 0 142
8 4 20 37.8607 2.50986 8.19315 0.450275 314
8 4 21 32.3151 1.39032 5.25249 0.440198 399
8 4 22 33.5 -2 0 0 205
8 4 23 33.7737 1.30648 5.60599 0.600819 448
8 4 24 35.5732 1.28135 6.46163 0.442475 851
8 4 25 36.6081 -3 0 0 159
8 4 26 29.5 -2 0 0 1087
8 4 27 36.6081 -3 0 0 164
8 4 28 36.6081 -3 0 0 153
8 4 29 36.1915 1.39573 7.25897 0.485734 683
8 4 30 39.1143 3.18087 9.08914 0.535329 232
8 4 31 36.6081 -3 0 0 158
8 4 32 36.6081 -3 0 0 160
8 4 33 36.6081 -3 0 0 188
8 4 34 33.2501 1.34242 6.94527 0.74108 1012
8 4 35 36.6081 -3 0 0 134
8 4 36 36.6081 -3 0 0 200
8 4 37 33.6519 1.18529 5.09366 0.420229 404
8 4 38 36.6081 -3 0 0 101
8 4 39 33.5 -2 0 0 233
8 4 40 34.9322 1.85418 6.74856 0.402254 323
8 4 41 36.6081 -3 0 0 163
8 4 42 29.5 -2 0 0 260
8 4 43 33.7542 1.16824 5.71902 0.36949 597
8 4 44 36.6081 -3 0 0 144
8 4 45 36.6081 -3 0 0 177
8 4 46 34.845 1.50723 7.33601 0.407652 803
8 4 47 36.6081 -3 0 0 112
8 4 48 37.5 -2 0 0 202
8 4 49 29.5 -2 0 0 338
8 4 50 36.6081 -3 0 0 128
8 4 51 33.5892 1.26631 5.46877 0.398412 402
8 4 52 25.5 -2 0 0 453
8 4 53 36.6081 -3 0 0 150
8 4 54 35.0448 1.84374 7.06877 0.331531 204
8 4 55 35.2057 2.54068 8.17958 0.532309 409
8 4 56 29.5 -2 0 0 228
8 4 57 35.1206 1.79059 7.02822 0.56507 301
8 4 58 29.5 -2 0 0 252
8 4 59 33.901 1.66321 7.71696 0.454288 672
8 4 60 36.6081 -3 0 0 170
8 4 61 31.8321 1.98573 7.58743 0.545546 576
8 4 62 33.4003 1.36999 6.4983 0.330016 589
8 4 63 36.5131 3.31819 10.8397 0.583616 330
8 5 0 34.8606 -6 0 0 183
8 5 1 25.5 -2 0 0 225
8 5 2 25.5 -2 0 0 264
8 5 3 30.8575 1.81946 5.70203 0.367088 309
8 5 4 34.8606 -6 0 0 167
8 5 5 25.5 -2 0 0 283
8 5 6 25.5 -2 0 0 272
8 5 7 25.5 -2 0 0 373
8 5 8 25.5 -2 0 0 270
8 5 9 25.5 -2 0 0 241
8 5 10 25.5 -2 0 0 271
8 5 11 25.5 -2 0 0 260
8 5 12 34.8606 -6 0 0 193
8 5 13 25.5 -2 0 0 365
8 5 14 25.5 -2 0 0 267
8 5 15 25.5 -2 0 0 291
8 5 16 29.4024 1.69887 5.66395 0.367382 376
8 5 17 29.5 -2 0 0 307
8 5 18 25.5 -2 0 0 332
8 5 19 31.7765 1.33469 6.09871 0.364991 520
8 5 20 28.6162 1.57156 5.55112 0.403101 382
8 5 21 29.5 -2 0 0 295
8 5 22 25.5 -2 0 0 311
8 5 23 25.5 -2 0 0 302
8 5 24 25.5 -2 0 0 221
8 5 25 30.3705 1.35438 5.18238 0.376782 526
8 5 26 29.5 -2 0 0 275
8 5 27 31.0417 1.5276 5.22626 0.434443 377
8 5 28 32.922 2.30412 7.5499 0.405453 319
8 5 29 29.5 -2 0 0 288
8 5 30 25.5 -2 0 0 336
8 5 31 31.4438 1.49235 5.03879 0.545388 631
8 5 32 28.7264 2.10076 5.24431 0.486092 455
8 5 33 29.5 -2 0 0 211
8 5 34 33.0498 1.67595 6.23327 0.316821 299
8 5 35 29.0072 0.990383 4.30198 0.639922 822
8 5 36 31.6744 2.37784 5.46928 0.380038 305
8 5 37 25.5 -2 0 0 347
8 5 38 28.7039 1.01716 4.14447 0.520739 788
8 5 39 25.5 -2 0 0 744
8 5 40 31.2944 1.74195 6.61447 0.406522 373
8 5 41 31.4142 2.06149 7.71279 0.402607 310
8 5 42 25.5 -2 0 0 388
8 5 43 25.5 -2 0 0 359
8 5 44 29.5 -2 0 0 694
8 5 45 25.5 -2 0 0 487
8 5 46 25.5 -2 0 0 342
8 5 47 25.5 -2 0 0 1062
8 5 48 25.5 -2 0 0 660
8 5 49 25.5 -2 0 0 330
8 5 50 29.5 -2 0 0 450
8 5 51 25.5 -2 0 0 602
8 5 52 25.5 -2 0 0 388
8 5 53 25.5 -2 0 0 937
8 5 54 25.5 -2 0 0 397
8 5 55 25.5 -2 0 0 488
8 5 56 25.5 -2 0 0 1131
8 5 57 30.766 1.65105 6.97565 0.338818 574
8 5 58 28.9147 1.46547 5.66189 0.409904 543
8 5 59 25.5 -2 0 0 394
8 5 60 31.381 1.31348 5.83886 0.654574 1103
8 5 61 25.5 -2 0 0 588
8 5 62 27.5211 1.43638 4.83881 0.454962 437
8 5 63 25.5 -2 0 0 459
8 6 0 34.5215 1.55932 5.69158 0.298028 865
8 6 1 34.2904 1.46346 5.47028 0.443208 580
8 6 2 34.6825 1.80417 7.39171 0.29368 467
8 6 3 34.8606 -6 0 0 181
8 6 4 29.5 -2 0 0 244
8 6 5 34.5145 2.15581 6.33114 0.450515 290
8 6 6 29.5 -2 0 0 373
8 6 7 34.8606 -6 0 0 132
8 6 8 37.5 -2 0 0 325
8 6 9 36.0961 2.5846 7.17489 0.400383 228
8 6 10 29.5 -2 0 0 210
8 6 11 29.5 -2 0 0 277
8 6 12 29.5 -2 0 0 206
8 6 13 34.8606 -6 0 0 131
8 6 14 33.7516 1.49029 4.73328 0.410996 515
8 6 15 34.8606 -6 0 0 180
8 6 16 37.5 -2 0 0 202
8 6 17 29.5 -2 0 0 368
8 6 18 37.5 -2 0 0 208
8 6 19 34.8606 -6 0 0 112
8 6 20 34.8606 -6 0 0 194
8 6 21 29.5 -2 0 0 319
8 6 22 34.8606 -6 0 0 146
8 6 23 36.0566 3.04609 8.70235 0.398098 234
8 6 24 36.4509 2.63243 9.31967 0.48438 416
8 6 25 34.8606 -6 0 0 117
8 6 26 35.2422 1.78839 6.04874 0.500953 433
8 6 27 34.8606 -6 0 0 132
8 6 28 34.8606 -6 0 0 98
8 6 29 41.6875 3.60688 10.7714 0.334029 240
8 6 30 34.8606 -6 0 0 159
8 6 31 34.8606 -6 0 0 95
8 6 32 34.8606 -6 0 0 108
8 6 33 34.8606 -6 0 0 124
8 6 34 32.8069 1.44906 5.24274 0.443234 343
8 6 35 34.8606 -6 0 0 103
8 6 36 34.8606 -6 0 0 121
8 6 37 34.8606 -6 0 0 178
8 6 38 34.8606 -6 0 0 79
8 6 39 34.8606 -6 0 0 107
8 6 40 34.8606 -6 0 0 157
8 6 41 34.8606 -6 0 0 75
8 6 42 34.8606 -6 0 0 146
8 6 43 29.5 -2 0 0 207
8 6 44 34.8606 -6 0 0 80
8 6 45 34.8606 -6 0 0 91
8 6 46 29.5 -2 0 0 281
8 6 47 0 -10 0 0 0
8 6 48 34.8606 -6 0 0 104
8 6 49 34.8606 -6 0 0 143
8 6 50 34.8606 -6 0 0 72
8 6 51 34.8606 -6 0 0 151
8 6 52 34.8606 -6 0 0 190
8 6 53 34.8606 -6 0 0 76
8 6 54 34.8606 -6 0 0 106
8 6 55 34.8606 -6 0 0 137
8 6 56 34.8606 -6 0 0 119
8 6 57 34.8606 -6 0 0 136
8 6 58 34.8606 -6 0 0 101
8 6 59 34.8606 -6 0 0 189
8 6 60 34.8606 -6 0 0 96
8 6 61 34.8606 -6 0 0 166
8 6 62 34.8606 -6 0 0 187
8 6 63 34.8606 -6 0 0 140
8 7 0 34.8606 -6 0 0 137
8 7 1 34.8606 -6 0 0 111
8 7 2 34.8606 -6 0 0 145
8 7 3 34.8606 -6 0 0 160
8 7 4 34.8606 -6 0 0 143
8 7 5 34.8606 -6 0 0 145
8 7 6 34.8606 -6 0 0 141
8 7 7 34.8606 -6 0 0 199
8 7 8 34.8606 -6 0 0 144
8 7 9 34.8606 -6 0 0 118
8 7 10 34.8606 -6 0 0 162
8 7 11 34.8606 -6 0 0 172
8 7 12 34.8606 -6 0 0 137
8 7 13 28.9795 1.29613 4.59361 0.510485 239
8 7 14 34.8606 -6 0 0 115
8 7 15 34.8606 -6 0 0 176
8 7 16 34.8606 -6 0 0 158
8 7 17 34.8606 -6 0 0 188
8 7 18 29.5 -2 0 0 203
8 7 19 25.5 -2 0 0 250
8 7 20 25.5 -2 0 0 231
8 7 21 34.8606 -6 0 0 133
8 7 22 34.8606 -6 0 0 140
8 7 23 34.8606 -6 0 0 196
8 7 24 34.8606 -6 0 0 133
8 7 25 31.2943 1.85169 6.9205 0.381504 285
8 7 26 34.8606 -6 0 0 177
8 7 27 25.5 -2 0 0 270
8 7 28 34.8606 -6 0 0 176
8 7 29 34.8606 -6 0 0 196
8 7 30 29.5 -2 0 0 234
8 7 31 25.5 -2 0 0 400
8 7 32 29.5906 1.89705 7.83164 0.480387 345
8 7 33 26.5662 1.20896 4.08348 0.400064 233
8 7 34 25.5 -2 0 0 224
8 7 35 31.0575 1.32792 5.76912 0.319247 522
8 7 36 25.5 -2 0 0 355
8 7 37 25.5 -2 0 0 285
8 7 38 29.9573 1.14104 5.21955 0.692799 717
8 7 39 25.5 -2 0 0 890
8 7 40 25.5 -2 0 0 273
8 7 41 30.3645 1.28793 5.43197 0.414877 448
8 7 42 30.21 2.56379 8.9454 0.435319 442
8 7 43 25.5 -2 0 0 259
8 7 44 30.0816 1.42303 4.90969 0.517924 626
8 7 45 25.5 -2 0 0 469
8 7 46 25.5 -2 0 0 312
8 7 47 30.4852 1.16968 5.96793 0.404606 1180
8 7 48 30.6974 1.46121 5.59912 0.506377 432
8 7 49 30.1789 1.43349 5.68093 0.367703 405
8 7 50 25.5 -2 0 0 632
8 7 51 31.0559 1.59946 5.97298 0.348898 547
8 7 52 30.7986 1.67498 6.62156 0.347476 387
8 7 53 25.5 -2 0 0 1145
8 7 54 28.4204 1.19167 4.55936 0.632437 571
8 7 55 29.0183 1.66524 6.26876 0.389176 483
8 7 56 31.6223 1.87942 8.19106 0.450548 973
8 7 57 29.341 1.31102 6.24476 0.400819 810
8 7 58 28.9433 1.20985 5.63816 0.436638 562
8 7 59 27.5483 1.46131 5.43129 0.37021 250
8 7 60 28.9991 1.1254 4.96419 0.387315 770
8 7 61 29.1678 1.19952 5.36728 0.30754 514
8 7 62 29.399 1.68987 5.61385 0.509657 390
8 7 63 21.5 -2 0 0 527
8 8 0 35.1867 -3 0 0 95
8 8 1 35.1867 -3 0 0 101
8 8 2 35.1867 -3 0 0 109
8 8 3 35.1867 -3 0 0 136
8 8 4 35.1867 -3 0 0 135
8 8 5 35.1867 -3 0 0 121
8 8 6 35.1867 -3 0 0 115
8 8 7 35.1867 -3 0 0 180
8 8 8 35.1867 -3 0 0 116
8 8 9 35.1867 -3 0 0 127
8 8 10 35.1867 -3 0 0 129
8 8 11 35.1867 -3 0 0 148
8 8 12 35.1867 -3 0 0 127
8 8 13 35.1867 -3 0 0 193
8 8 14 35.1867 -3 0 0 104
8 8 15 35.1867 -3 0 0 185
8 8 16 35.1867 -3 0 0 158
8 8 17 35.1867 -3 0 0 87
8 8 18 35.1867 -3 0 0 178
8 8 19 29.5 -2 0 0 257
8 8 20 35.1867 -3 0 0 190
8 8 21 35.1867 -3 0 0 113
8 8 22 35.1867 -3 0 0 156
8 8 23 35.1867 -3 0 0 137
8 8 24 35.1867 -3 0 0 111
8 8 25 32.7691 1.67627 5.34246 0.530916 316
8 8 26 35.1867 -3 0 0 142
8 8 27 35.1821 3.20209 10.0219 0.432658 224
8 8 28 25.5 -2 0 0 240
8 8 29 35.1867 -3 0 0 175
8 8 30 35.1867 -3 0 0 185
8 8 31 25.5 -2 0 0 392
8 8 32 36.0625 2.81802 9.44123 0.429147 311
8 8 33 29.5 -2 0 0 306
8 8 34 35.1867 -3 0 0 156
8 8 35 34.1089 1.447 6.46712 0.37736 533
8 8 36 29.5 -2 0 0 241
8 8 37 29.5 -2 0 0 202
8 8 38 34.2203 1.1525 5.29776 0.465918 717
8 8 39 34.9449 1.438 6.5748 0.43865 649
8 8 40 34.0183 3.25495 9.65848 0.410261 212
8 8 41 31.1273 1.17947 4.61871 0.562793 462
8 8 42 34.9078 2.12674 7.29232 0.438708 269
8 8 43 35.1867 -3 0 0 193
8 8 44 33.6548 1.2889 5.46909 0.483878 533
8 8 45 29.5 -2 0 0 350
8 8 46 35.1867 -3 0 0 145
8 8 47 36.0016 1.63854 6.83188 0.319856 1248
8 8 48 25.5 -2 0 0 276
8 8 49 29.5 -2 0 0 269
8 8 50 31.4402 1.39587 5.30896 0.633031 501
8 8 51 33.0079 1.66537 6.011 0.456799 393
8 8 52 34.4123 2.72484 9.90876 0.354705 228
8 8 53 31.1055 1.45613 6.47332 0.384068 869
8 8 54 35.4979 2.08731 7.66752 0.418112 416
8 8 55 29.5 -2 0 0 296
8 8 56 31.1628 1.26909 4.84412 0.457528 525
8 8 57 32.3453 1.34545 5.11362 0.3672 473
8 8 58 33.6527 2.41821 7.17374 0.505957 298
8 8 59 29.5 -2 0 0 218
8 8 60 33.6571 1.74306 7.65924 0.360994 738
8 8 61 25.5 -2 0 0 332
8 8 62 29.5 -2 0 0 278
8 8 63 29.5 -2 0 0 289
8 9 0 32.007 2.92237 7.94384 0.330833 409
8 9 1 29.5 -2 0 0 290
8 9 2 29.5 -2 0 0 230
8 9 3 35.6983 -3 0 0 97
8 9 4 35.6983 -3 0 0 134
8 9 5 35.6983 -3 0 0 107
8 9 6 35.6983 -3 0 0 182
8 9 7 35.6983 -3 0 0 75
8 9 8 35.6983 -3 0 0 187
8 9 9 35.6983 -3 0 0 130
8 9 10 35.6983 -3 0 0 97
8 9 11 35.6983 -3 0 0 150
8 9 12 35.6983 -3 0 0 108
8 9 13 35.6983 -3 0 0 71
8 9 14 29.5 -2 0 0 267
8 9 15 35.6983 -3 0 0 71
8 9 16 35.6983 -3 0 0 94
8 9 17 35.6983 -3 0 0 174
8 9 18 35.6983 -3 0 0 90
8 9 19 35.6983 -3 0 0 61
8 9 20 35.6983 -3 0 0 89
8 9 21 35.6983 -3 0 0 145
8 9 22 35.6983 -3 0 0 97
8 9 23 35.6983 -3 0 0 148
8 9 24 29.5 -2 0 0 239
8 9 25 35.6983 -3 0 0 51
8 9 26 29.5 -2 0 0 250
8 9 27 35.6983 -3 0 0 65
8 9 28 35.6983 -3 0 0 66
8 9 29 35.6983 -3 0 0 139
8 9 30 35.6983 -3 0 0 62
8 9 31 35.6983 -3 0 0 55
8 9 32 35.6983 -3 0 0 52
8 9 33 35.6983 -3 0 0 39
8 9 34 33.0961 2.00784 6.79166 0.348766 227
8 9 35 35.6983 -3 0 0 45
8 9 36 35.6983 -3 0 0 68
8 9 37 35.6983 -3 0 0 111
8 9 38 35.6983 -3 0 0 50
8 9 39 35.6983 -3 0 0 56
8 9 40 35.6983 -3 0 0 55
8 9 41 35.6983 -3 0 0 46
8 9 42 35.6983 -3 0 0 76
8 9 43 35.6983 -3 0 0 123
8 9 44 35.6983 -3 0 0 28
8 9 45 35.6983 -3 0 0 44
8 9 46 35.6983 -3 0 0 183
8 9 47 35.6983 -3 0 0 44
8 9 48 35.6983 -3 0 0 45
8 9 49 35.6983 -3 0 0 95
8 9 50 35.6983 -3 0 0 31
8 9 51 35.6983 -3 0 0 104
8 9 52 35.6983 -3 0 0 131
8 9 53 35.6983 -3 0 0 37
8 9 54 35.6983 -3 0 0 50
8 9 55 35.6983 -3 0 0 119
8 9 56 35.6983 -3 0 0 64
8 9 57 35.6983 -3 0 0 77
8 9 58 35.6983 -3 0 0 46
8 9 59 35.6983 -3 0 0 156
8 9 60 35.6983 -3 0 0 48
8 9 61 35.6983 -3 0 0 105
8 9 62 35.6983 -3 0 0 136
8 9 63 35.6983 -3 0 0 77
8 10 0 36.5341 -3 0 0 186
8 10 1 36.5341 -3 0 0 185
8 10 2 25.5 -2 0 0 201
8 10 3 32.2365 1.88954 7.00219 0.449184 309
8 10 4 29.5 -2 0 0 215
8 10 5 33.5 -2 0 0 243
8 10 6 29.5 -2 0 0 254
8 10 7 25.5 -2 0 0 526
8 10 8 36.5341 -3 0 0 194
8 10 9 25.5 -2 0 0 293
8 10 10 33.2578 1.8444 6.72895 0.391386 298
8 10 11 36.5341 -3 0 0 197
8 10 12 29.5 -2 0 0 259
8 10 13 32.4185 1.10698 4.72257 0.476553 413
8 10 14 25.5 -2 0 0 227
8 10 15 25.5 -2 0 0 359
8 10 16 36.0796 2.24894 8.54475 0.42553 518
8 10 17 36.5341 -3 0 0 183
8 10 18 25.5 -2 0 0 247
8 10 19 25.5 -2 0 0 655
8 10 20 29.5 -2 0 0 271
8 10 21 29.5 -2 0 0 273
8 10 22 32.8158 1.77986 6.73477 0.29444 355
8 10 23 29.5 -2 0 0 229
8 10 24 36.5341 -3 0 0 197
8 10 25 34.4407 1.31972 6.13938 0.472683 729
8 10 26 29.5 -2 0 0 213
8 10 27 35.3854 2.23493 7.46201 0.611615 434
8 10 28 25.5 -2 0 0 407
8 10 29 34.4261 2.28093 7.38749 0.33471 211
8 10 30 32.2255 1.69628 6.52273 0.400262 304
8 10 31 34.662 1.58017 7.91017 0.398476 854
8 10 32 33.2372 1.54314 6.95153 0.487404 565
8 10 33 32.5164 1.15197 5.75198 0.51726 445
8 10 34 36.5341 -3 0 0 198
8 10 35 29.5 -2 0 0 1651
8 10 36 35.9966 3.39475 9.5404 0.619562 296
8 10 37 29.5 -2 0 0 216
8 10 38 36.3911 1.75835 7.78574 0.533405 1397
8 10 39 29.5 -2 0 0 798
8 10 40 25.5 -2 0 0 277
8 10 41 35.7225 1.8552 8.36121 0.453364 711
8 10 42 25.5 -2 0 0 336
8 10 43 36.1648 3.29625 9.78785 0.357737 248
8 10 44 31.9528 1.89351 7.7472 0.479658 844
8 10 45 30.7396 1.72942 6.34603 0.423126 486
8 10 46 36.5341 -3 0 0 193
8 10 47 29.5 -2 0 0 2143
8 10 48 36.2176 2.04499 8.22673 0.54599 568
8 10 49 35.7337 2.21898 8.61505 0.409454 263
8 10 50 32.726 1.68841 5.92341 0.420994 479
8 10 51 29.5 -2 0 0 384
8 10 52 25.5 -2 0 0 268
8 10 53 34.678 1.23826 7.32471 0.481814 1363
8 10 54 35.4145 1.5158 7.32378 0.404794 453
8 10 55 29.5 -2 0 0 298
8 10 56 31.8003 1.6265 5.51759 0.556451 559
8 10 57 30.9991 1.42077 6.04533 0.410694 473
8 10 58 31.0059 1.92335 6.54556 0.439443 254
8 10 59 25.5 -2 0 0 253
8 10 60 25.5 -2 0 0 961
8 10 61 35.127 3.47661 10.8802 0.566687 311
8 10 62 25.5 -2 0 0 256
8 10 63 25.5 -2 0 0 400
8 11 0 32.0695 1.32846 5.72669 0.25121 765
8 11 1 31.8669 1.06706 4.64933 0.39962 481
8 11 2 31.4849 1.60719 6.22515 0.333407 480
8 11 3 34.0598 -3 0 0 151
8 11 4 25.5 -2 0 0 258
8 11 5 33.5 -2 0 0 269
8 11 6 29.5 -2 0 0 317
8 11 7 34.0598 -3 0 0 102
8 11 8 29.5 -2 0 0 257
8 11 9 25.5 -2 0 0 202
8 11 10 34.0598 -3 0 0 177
8 11 11 29.5 -2 0 0 347
8 11 12 34.0598 -3 0 0 152
8 11 13 34.0598 -3 0 0 104
8 11 14 30.9991 1.52099 5.61005 0.332306 620
8 11 15 34.0598 -3 0 0 146
8 11 16 34.0598 -3 0 0 114
8 11 17 30.8189 0.940079 4.09446 0.535409 393
8 11 18 29.5 -2 0 0 210
8 11 19 34.0598 -3 0 0 112
8 11 20 29.5 -2 0 0 232
8 11 21 31.4141 1.65728 4.72052 0.415215 254
8 11 22 34.0598 -3 0 0 150
8 11 23 29.5 -2 0 0 326
8 11 24 32.6707 1.72976 6.27277 0.388003 451
8 11 25 34.0598 -3 0 0 108
8 11 26 29.5 -2 0 0 655
8 11 27 34.0598 -3 0 0 158
8 11 28 34.0598 -3 0 0 111
8 11 29 32.5651 1.92571 6.06207 0.420567 404
8 11 30 34.0598 -3 0 0 173
8 11 31 34.0598 -3 0 0 110
8 11 32 34.0598 -3 0 0 120
8 11 33 34.0598 -3 0 0 137
8 11 34 33.7796 1.38242 5.70119 0.302028 615
8 11 35 34.0598 -3 0 0 101
8 11 36 34.0598 -3 0 0 156
8 11 37 33.5 -2 0 0 283
8 11 38 34.0598 -3 0 0 102
8 11 39 34.0598 -3 0 0 137
8 11 40 29.5 -2 0 0 206
8 11 41 34.0598 -3 0 0 102
8 11 42 34.0598 -3 0 0 193
8 11 43 30.1693 1.26615 5.06777 0.396227 360
8 11 44 34.0598 -3 0 0 102
8 11 45 34.0598 -3 0 0 122
8 11 46 37.7872 2.7442 9.59176 0.474292 470
8 11 47 34.0598 -3 0 0 94
8 11 48 34.0598 -3 0 0 140
8 11 49 29.5 -2 0 0 259
8 11 50 34.0598 -3 0 0 117
8 11 51 32.5316 1.64304 6.47974 0.372585 311
8 11 52 30.998 2.44036 7.56044 0.358476 330
8 11 53 34.0598 -3 0 0 92
8 11 54 34.0598 -3 0 0 154
8 11 55 25.5 -2 0 0 293
8 11 56 34.0598 -3 0 0 172
8 11 57 29.5 -2 0 0 242
8 11 58 33.5 -2 0 0 211
8 11 59 30.8656 1.38311 5.75008 0.356586 424
8 11 60 34.0598 -3 0 0 133
8 11 61 25.5 -2 0 0 374
8 11 62 32.5669 2.0813 8.04201 0.257787 439
8 11 63 25.5 -2 0 0 255
8 12 0 34.9524 2.65456 8.34167 0.390594 343
8 12 1 34.5513 2.59418 8.44521 0.457279 365
8 12 2 25.5 -2 0 0 461
8 12 3 25.5 -2 0 0 570
8 12 4 25.5 -2 0 0 304
8 12 5 25.5 -2 0 0 409
8 12 6 25.5 -2 0 0 458
8 12 7 31.389 0.971178 5.16472 0.952949 1373
8 12 8 31 1.14021 4.99426 0.403373 355
8 12 9 35.074 1.37023 6.97243 0.391809 948
8 12 10 29.5 -2 0 0 1332
8 12 11 25.5 -2 0 0 335
8 12 12 31.0632 1.31554 5.06844 0.491986 481
8 12 13 25.5 -2 0 0 617
8 12 14 29.5 -2 0 0 272
8 12 15 32.1895 1.58073 5.65232 0.48117 589
8 12 16 35.7265 1.39719 7.12129 0.437044 1807
8 12 17 29.5 -2 0 0 250
8 12 18 25.5 -2 0 0 409
8 12 19 32.57 0.981884 5.815 0.516287 1101
8 12 20 25.5 -2 0 0 314
8 12 21 25.5 -2 0 0 655
8 12 22 29.5 -2 0 0 1130
8 12 23 29.5 -2 0 0 240
8 12 24 25.5 -2 0 0 326
8 12 25 32.1008 1.1301 5.2589 0.533429 1098
8 12 26 29.5 -2 0 0 225
8 12 27 31.4302 1.84355 7.11974 0.329584 452
8 12 28 29.7385 2.03274 5.95591 0.368988 547
8 12 29 32.1204 2.85646 5.09581 0.458237 202
8 12 30 29.5 -2 0 0 318
8 12 31 33.8505 1.19497 6.10341 0.353275 714
8 12 32 25.5 -2 0 0 507
8 12 33 33.1813 1.48861 7.0078 0.277172 366
8 12 34 35.2025 -3 0 0 175
8 12 35 25.5 -2 0 0 694
8 12 36 29.5 -2 0 0 237
8 12 37 36.001 2.8229 9.56509 0.405724 212
8 12 38 32.7779 1.45812 5.94177 0.565316 494
8 12 39 34.0352 2.5766 7.88961 0.464145 255
8 12 40 25.5 -2 0 0 239
8 12 41 30.1327 2.47682 6.80489 0.383016 388
8 12 42 25.5 -2 0 0 227
8 12 43 25.5 -2 0 0 201
8 12 44 25.5 -2 0 0 360
8 12 45 32.6376 1.95731 6.28647 0.51142 309
8 12 46 29.5 -2 0 0 208
8 12 47 34.2556 1.34629 6.18083 0.3335 523
8 12 48 25.5 -2 0 0 202
8 12 49 35.2025 -3 0 0 197
8 12 50 29.5 -2 0 0 409
8 12 51 35.2025 -3 0 0 143
8 12 52 35.2025 -3 0 0 189
8 12 53 31.8421 1.78254 6.9346 0.42812 362
8 12 54 25.5 -2 0 0 239
8 12 55 35.2025 -3 0 0 158
8 12 56 35.2025 -3 0 0 189
8 12 57 35.2025 -3 0 0 180
8 12 58 35.2025 -3 0 0 199
8 12 59 35.2025 -3 0 0 168
8 12 60 30.1203 1.61397 5.654 0.367143 295
8 12 61 35.2025 -3 0 0 163
8 12 62 35.2025 -3 0 0 168
8 12 63 35.2025 -3 0 0 180
8 13 0 27.0207 1.29537 5.26181 0.253604 249
8 13 1 25.5 -2 0 0 295
8 13 2 32.7747 3.21528 10.0108 0.407584 214
8 13 3 34.7136 -3 0 0 129
8 13 4 34.7136 -3 0 0 199
8 13 5 34.7136 -3 0 0 183
8 13 6 29.5 -2 0 0 203
8 13 7 34.7136 -3 0 0 76
8 13 8 29.5 -2 0 0 212
8 13 9 34.7136 -3 0 0 125
8 13 10 34.7136 -3 0 0 108
8 13 11 36.7186 3.0259 9.74544 0.429038 254
8 13 12 34.7136 -3 0 0 152
8 13 13 34.7136 -3 0 0 108
8 13 14 36.3187 2.14964 7.62215 0.347315 462
8 13 15 34.7136 -3 0 0 120
8 13 16 34.7136 -3 0 0 92
8 13 17 36.4216 1.62377 7.05923 0.33528 336
8 13 18 34.7136 -3 0 0 162
8 13 19 34.7136 -3 0 0 88
8 13 20 34.7136 -3 0 0 194
8 13 21 34.7136 -3 0 0 154
8 13 22 34.7136 -3 0 0 108
8 13 23 29.5 -2 0 0 242
8 13 24 33.4657 1.99875 7.02033 0.364549 306
8 13 25 34.7136 -3 0 0 112
8 13 26 32.9976 1.2005 5.70117 0.494755 441
8 13 27 34.7136 -3 0 0 121
8 13 28 34.7136 -3 0 0 98
8 13 29 34.5245 2.22434 8.14738 0.406492 367
8 13 30 34.7136 -3 0 0 168
8 13 31 34.7136 -3 0 0 106
8 13 32 34.7136 -3 0 0 114
8 13 33 34.7136 -3 0 0 128
8 13 34 33.2442 1.91765 5.62512 0.478369 550
8 13 35 34.7136 -3 0 0 102
8 13 36 34.7136 -3 0 0 158
8 13 37 29.5 -2 0 0 290
8 13 38 34.7136 -3 0 0 115
8 13 39 29.5 -2 0 0 228
8 13 40 29.5 -2 0 0 230
8 13 41 34.7136 -3 0 0 129
8 13 42 29.5 -2 0 0 258
8 13 43 29.5 -2 0 0 407
8 13 44 34.7136 -3 0 0 131
8 13 45 34.7136 -3 0 0 165
8 13 46 35.8465 1.83221 6.78815 0.436195 545
8 13 47 34.7136 -3 0 0 157
8 13 48 34.7136 -3 0 0 185
8 13 49 34.3931 2.00385 6.79074 0.398791 348
8 13 50 34.7136 -3 0 0 163
8 13 51 33.7128 1.71299 7.28495 0.317713 548
8 13 52 29.5 -2 0 0 424
8 13 53 34.7136 -3 0 0 147
8 13 54 32.7564 2.33231 7.0965 0.425891 227
8 13 55 29.5 -2 0 0 412
8 13 56 33.1649 2.01151 6.71052 0.362468 279
8 13 57 29.5 -2 0 0 405
8 13 58 25.5 -2 0 0 248
8 13 59 30.7438 1.54019 6.33179 0.373656 631
8 13 60 34.7136 -3 0 0 187
8 13 61 25.5 -2 0 0 838
8 13 62 25.5 -2 0 0 627
8 13 63 29.9106 2.44882 8.0698 0.301612 299
8 14 0 25.5 -2 0 0 346
8 14 1 33.0355 1.71103 6.77367 0.508559 381
8 14 2 35.7723 2.07269 8.46592 0.51583 462
8 14 3 32.557 1.82957 6.1873 0.605888 509
8 14 4 33.9715 2.3329 8.48071 0.373409 290
8 14 5 42.0418 2.94823 11.5791 0.575466 430
8 14 6 31.4503 1.44138 6.66769 0.423734 552
8 14 7 32.3737 1.09399 5.62157 0.449312 857
8 14 8 25.5 -2 0 0 329
8 14 9 33.7833 1.40104 5.79749 0.356362 829
8 14 10 32.1183 1.5283 5.61083 0.483954 971
8 14 11 29.5 -2 0 0 247
8 14 12 25.5 -2 0 0 439
8 14 13 33.3949 1.51397 7.04852 0.269891 460
8 14 14 29.5 -2 0 0 247
8 14 15 31.1881 1.27479 5.92416 0.300137 381
8 14 16 35.4769 1.46905 6.5248 0.40487 1352
8 14 17 29.5 -2 0 0 215
8 14 18 29.5 -2 0 0 309
8 14 19 31.54 1.38537 5.50264 0.44889 585
8 14 20 29.5 -2 0 0 264
8 14 21 31.8385 1.70488 7.3111 0.405537 647
8 14 22 32.813 1.75906 6.01355 0.491693 606
8 14 23 36.9689 2.53403 10.2071 0.249105 216
8 14 24 25.5 -2 0 0 287
8 14 25 32.8078 1.26225 5.41167 0.442802 428
8 14 26 35.0015 -3 0 0 172
8 14 27 29.5 -2 0 0 292
8 14 28 30.1683 1.10021 4.27636 0.67908 390
8 14 29 35.0015 -3 0 0 168
8 14 30 29.5 -2 0 0 236
8 14 31 29.5 -2 0 0 338
8 14 32 29.5 -2 0 0 232
8 14 33 29.5 -2 0 0 238
8 14 34 35.0015 -3 0 0 171
8 14 35 25.5 -2 0 0 257
8 14 36 35.0015 -3 0 0 187
8 14 37 35.0015 -3 0 0 151
8 14 38 29.5 -2 0 0 219
8 14 39 35.0015 -3 0 0 99
8 14 40 35.0015 -3 0 0 184
8 14 41 29.5 -2 0 0 210
8 14 42 35.0015 -3 0 0 172
8 14 43 35.0015 -3 0 0 138
8 14 44 35.0015 -3 0 0 156
8 14 45 35.0015 -3 0 0 132
8 14 46 35.0015 -3 0 0 164
8 14 47 35.0015 -3 0 0 175
8 14 48 35.0015 -3 0 0 122
8 14 49 35.0015 -3 0 0 132
8 14 50 35.0015 -3 0 0 167
8 14 51 35.0015 -3 0 0 92
8 14 52 35.0015 -3 0 0 112
8 14 53 35.0015 -3 0 0 167
8 14 54 35.0015 -3 0 0 141
8 14 55 35.0015 -3 0 0 87
8 14 56 35.0015 -3 0 0 128
8 14 57 35.0015 -3 0 0 112
8 14 58 35.0015 -3 0 0 125
8 14 59 35.0015 -3 0 0 110
8 14 60 35.0015 -3 0 0 141
8 14 61 35.0015 -3 0 0 97
8 14 62 35.0015 -3 0 0 104
8 14 63 35.0015 -3 0 0 106
8 15 0 35.7622 -3 0 0 112
8 15 1 35.7622 -3 0 0 99
8 15 2 35.7622 -3 0 0 106
8 15 3 35.7622 -3 0 0 64
8 15 4 35.7622 -3 0 0 83
8 15 5 35.7622 -3 0 0 72
8 15 6 35.7622 -3 0 0 56
8 15 7 35.7622 -3 0 0 44
8 15 8 35.7622 -3 0 0 70
8 15 9 35.7622 -3 0 0 58
8 15 10 35.7622 -3 0 0 53
8 15 11 35.7622 -3 0 0 97
8 15 12 35.7622 -3 0 0 69
8 15 13 35.7622 -3 0 0 54
8 15 14 35.7622 -3 0 0 117
8 15 15 35.7622 -3 0 0 70
8 15 16 35.7622 -3 0 0 48
8 15 17 35.7622 -3 0 0 132
8 15 18 35.7622 -3 0 0 65
8 15 19 35.7622 -3 0 0 62
8 15 20 35.7622 -3 0 0 86
8 15 21 35.7622 -3 0 0 67
8 15 22 35.7622 -3 0 0 55
8 15 23 35.7622 -3 0 0 123
8 15 24 35.7622 -3 0 0 109
8 15 25 35.7622 -3 0 0 62
8 15 26 35.7622 -3 0 0 157
8 15 27 35.7622 -3 0 0 69
8 15 28 35.7622 -3 0 0 57
8 15 29 35.7622 -3 0 0 158
8 15 30 35.7622 -3 0 0 80
8 15 31 35.7622 -3 0 0 71
8 15 32 35.7622 -3 0 0 76
8 15 33 35.7622 -3 0 0 89
8 15 34 33.5 -2 0 0 201
8 15 35 35.7622 -3 0 0 77
8 15 36 35.7622 -3 0 0 72
8 15 37 35.7622 -3 0 0 140
8 15 38 35.7622 -3 0 0 84
8 15 39 35.7622 -3 0 0 158
8 15 40 35.7622 -3 0 0 113
8 15 41 35.7622 -3 0 0 94
8 15 42 35.7622 -3 0 0 145
8 15 43 35.7622 -3 0 0 172
8 15 44 35.7622 -3 0 0 102
8 15 45 35.7622 -3 0 0 90
8 15 46 33.5 -2 0 0 206
8 15 47 35.7622 -3 0 0 102
8 15 48 35.7622 -3 0 0 106
8 15 49 35.7622 -3 0 0 142
8 15 50 35.7622 -3 0 0 107
8 15 51 33.5 -2 0 0 296
8 15 52 35.7622 -3 0 0 184
8 15 53 35.7622 -3 0 0 95
8 15 54 35.7622 -3 0 0 125
8 15 55 33.5 -2 0 0 237
8 15 56 35.7622 -3 0 0 188
8 15 57 33.5 -2 0 0 220
8 15 58 35.7622 -3 0 0 147
8 15 59 25.5 -2 0 0 248
8 15 60 35.7622 -3 0 0 138
8 15 61 34.6664 2.35583 7.54971 0.3786 383
8 15 62 32.8258 1.83389 5.94626 0.324364 289
8 15 63 35.7622 -3 0 0 162
9 0 0 34.8965 -3 0 0 156
9 0 1 34.8965 -3 0 0 142
9 0 2 34.8965 -3 0 0 118
9 0 3 34.8965 -3 0 0 95
9 0 4 34.8965 -3 0 0 129
9 0 5 34.8965 -3 0 0 129
9 0 6 34.8965 -3 0 0 121
9 0 7 34.8965 -3 0 0 89
9 0 8 34.8965 -3 0 0 118
9 0 9 34.8965 -3 0 0 90
9 0 10 34.8965 -3 0 0 64
9 0 11 34.8965 -3 0 0 174
9 0 12 34.8965 -3 0 0 93
9 0 13 34.8965 -3 0 0 85
9 0 14 34.8965 -3 0 0 163
9 0 15 34.8965 -3 0 0 103
9 0 16 34.8965 -3 0 0 73
9 0 17 34.8965 -3 0 0 166
9 0 18 34.8965 -3 0 0 108
9 0 19 34.8965 -3 0 0 88
9 0 20 34.8965 -3 0 0 155
9 0 21 34.8965 -3 0 0 78
9 0 22 34.8965 -3 0 0 69
9 0 23 34.8965 -3 0 0 179
9 0 24 34.8965 -3 0 0 162
9 0 25 34.8965 -3 0 0 96
9 0 26 33.395 1.87895 6.65799 0.366114 258
9 0 27 34.8965 -3 0 0 125
9 0 28 34.8965 -3 0 0 106
9 0 29 29.5 -2 0 0 231
9 0 30 34.8965 -3 0 0 131
9 0 31 34.8965 -3 0 0 149
9 0 32 34.8965 -3 0 0 138
9 0 33 34.8965 -3 0 0 130
9 0 34 29.5 -2 0 0 294
9 0 35 34.8965 -3 0 0 150
9 0 36 34.8965 -3 0 0 144
9 0 37 29.5 -2 0 0 227
9 0 38 34.8965 -3 0 0 148
9 0 39 32.8569 1.39332 5.1817 0.385675 331
9 0 40 34.8965 -3 0 0 198
9 0 41 34.8965 -3 0 0 149
9 0 42 29.5 -2 0 0 210
9 0 43 29.5 -2 0 0 280
9 0 44 34.8965 -3 0 0 169
9 0 45 34.8965 -3 0 0 165
9 0 46 25.5 -2 0 0 376
9 0 47 29.5 -2 0 0 209
9 0 48 34.8965 -3 0 0 196
9 0 49 29.5 -2 0 0 231
9 0 50 29.5 -2 0 0 210
9 0 51 32.3118 1.43541 4.81219 0.336585 658
9 0 52 29.5 -2 0 0 364
9 0 53 34.8965 -3 0 0 196
9 0 54 34.5159 3.18655 10.6099 0.388106 255
9 0 55 31.7779 1.79341 6.94088 0.383726 449
9 0 56 29.5 -2 0 0 414
9 0 57 31.0787 1.61958 5.86127 0.309735 479
9 0 58 33.5 -2 0 0 277
9 0 59 31.9056 1.87514 6.53859 0.285196 437
9 0 60 25.5 -2 0 0 262
9 0 61 25.5 -2 0 0 802
9 0 62 25.5 -2 0 0 565
9 0 63 25.5 -2 0 0 357
9 1 0 33.4895 1.27608 5.5023 0.322704 606
9 1 1 32.0908 1.42079 6.09313 0.459223 721
9 1 2 35.5925 2.77026 10.7643 0.618304 754
9 1 3 33.2437 1.24176 6.04298 0.433429 576
9 1 4 25.5 -2 0 0 373
9 1 5 31.6119 1.23992 5.66321 0.432057 515
9 1 6 34.2458 1.47221 6.69209 0.435819 732
9 1 7 25.5 -2 0 0 630
9 1 8 35.2115 1.87593 6.62247 0.455757 463
9 1 9 33.5981 1.19039 5.35227 0.605031 870
9 1 10 36.0652 1.41251 6.60755 0.405031 997
9 1 11 34.4218 1.85472 7.65362 0.375535 329
9 1 12 35.1468 1.57042 6.21431 0.404466 474
9 1 13 34.24 1.3763 5.72799 0.448975 451
9 1 14 29.5 -2 0 0 413
9 1 15 29.5 -2 0 0 353
9 1 16 35.1332 1.21201 6.41571 0.271357 1053
9 1 17 29.5 -2 0 0 341
9 1 18 29.5 -2 0 0 346
9 1 19 35.3267 1.60763 6.67066 0.40574 498
9 1 20 25.5 -2 0 0 265
9 1 21 31.7449 1.02817 4.77775 0.533797 820
9 1 22 31.504 0.946626 4.88738 0.556317 542
9 1 23 29.5 -2 0 0 278
9 1 24 29.5 -2 0 0 418
9 1 25 35.4458 1.63837 6.91601 0.445055 394
9 1 26 29.5 -2 0 0 344
9 1 27 25.5 -2 0 0 341
9 1 28 33.0077 1.819 5.43085 0.562166 300
9 1 29 34.1407 3.14896 9.54467 0.45429 247
9 1 30 29.5 -2 0 0 256
9 1 31 34.3422 2.23877 8.54176 0.249285 257
9 1 32 29.5 -2 0 0 226
9 1 33 33.5 -2 0 0 218
9 1 34 29.5 -2 0 0 219
9 1 35 29.5 -2 0 0 208
9 1 36 35.5566 -3 0 0 181
9 1 37 35.5566 -3 0 0 183
9 1 38 35.5566 -3 0 0 163
9 1 39 35.5566 -3 0 0 137
9 1 40 25.5 -2 0 0 206
9 1 41 35.5566 -3 0 0 198
9 1 42 35.5566 -3 0 0 168
9 1 43 29.5 -2 0 0 207
9 1 44 35.5566 -3 0 0 137
9 1 45 35.5566 -3 0 0 179
9 1 46 35.5566 -3 0 0 187
9 1 47 35.5566 -3 0 0 120
9 1 48 35.5566 -3 0 0 161
9 1 49 35.5566 -3 0 0 167
9 1 50 35.5566 -3 0 0 136
9 1 51 35.5566 -3 0 0 124
9 1 52 35.5566 -3 0 0 161
9 1 53 35.5566 -3 0 0 135
9 1 54 35.5566 -3 0 0 147
9 1 55 35.5566 -3 0 0 116
9 1 56 35.5566 -3 0 0 97
9 1 57 35.5566 -3 0 0 128
9 1 58 35.5566 -3 0 0 127
9 1 59 35.5566 -3 0 0 164
9 1 60 35.5566 -3 0 0 108
9 1 61 35.5566 -3 0 0 123
9 1 62 35.5566 -3 0 0 121
9 1 63 35.5566 -3 0 0 123
9 2 0 25.5 -2 0 0 528
9 2 1 35.0868 2.47491 8.01347 0.554629 411
9 2 2 41.5 -2 0 0 353
9 2 3 35.3618 -3 0 0 162
9 2 4 32.8785 1.66473 6.45394 0.449047 314
9 2 5 34.2553 2.179 7.44196 0.451045 275
9 2 6 29.5 -2 0 0 299
9 2 7 35.3618 -3 0 0 126
9 2 8 34.8784 2.35914 7.93257 0.484253 309
9 2 9 29.5 -2 0 0 201
9 2 10 35.3618 -3 0 0 152
9 2 11 25.5 -2 0 0 421
9 2 12 31.4816 2.10176 5.59538 0.431594 236
9 2 13 35.3618 -3 0 0 151
9 2 14 34.8604 1.32957 6.82357 0.394961 583
9 2 15 29.5 -2 0 0 207
9 2 16 35.3618 -3 0 0 127
9 2 17 34.6872 1.66999 6.49016 0.532902 451
9 2 18 36.1032 2.77962 10.1035 0.411552 229
9 2 19 35.3618 -3 0 0 147
9 2 20 35.4126 1.65763 6.92275 0.448227 400
9 2 21 25.5 -2 0 0 212
9 2 22 35.3618 -3 0 0 142
9 2 23 29.5 -2 0 0 403
9 2 24 35.4283 2.50886 8.24413 0.683638 435
9 2 25 35.3618 -3 0 0 150
9 2 26 25.5 -2 0 0 786
9 2 27 35.3618 -3 0 0 168
9 2 28 31.4648 2.12532 6.60414 0.32465 201
9 2 29 29.5 -2 0 0 553
9 2 30 29.5 -2 0 0 212
9 2 31 35.3618 -3 0 0 128
9 2 32 35.3618 -3 0 0 190
9 2 33 35.826 1.7952 7.29452 0.334898 225
9 2 34 35.4485 2.6096 7.51086 0.635271 807
9 2 35 35.3618 -3 0 0 166
9 2 36 33.8467 1.98341 8.50339 0.361498 303
9 2 37 29.5 -2 0 0 437
9 2 38 35.3618 -3 0 0 162
9 2 39 35.3618 -3 0 0 134
9 2 40 33.5 -2 0 0 339
9 2 41 35.3618 -3 0 0 194
9 2 42 33.1851 1.29625 5.36628 0.351903 374
9 2 43 33.4655 2.01834 6.34604 0.584208 606
9 2 44 33.5 -2 0 0 213
9 2 45 29.5 -2 0 0 238
9 2 46 34.0166 1.19293 5.56371 0.458151 924
9 2 47 25.5 -2 0 0 222
9 2 48 32.7334 2.85362 9.41146 0.46352 332
9 2 49 25.5 -2 0 0 565
9 2 50 29.5 -2 0 0 271
9 2 51 35.9991 1.53564 7.47592 0.418189 1073
9 2 52 31.8006 1.26696 5.77572 0.329025 720
9 2 53 29.5 -2 0 0 260
9 2 54 33.8188 2.07246 7.47968 0.485229 348
9 2 55 33.7674 1.25175 5.6313 0.520195 776
9 2 56 29.2609 1.25843 5.29618 0.530883 525
9 2 57 31.5116 1.23954 5.29862 0.492987 830
9 2 58 32.881 1.32575 5.95233 0.362711 519
9 2 59 25.5 -2 0 0 1200
9 2 60 25.5 -2 0 0 320
9 2 61 32.9979 1.17856 6.69337 0.380957 1693
9 2 62 31.8212 1.1071 5.14069 0.476928 1284
9 2 63 31.0012 1.48993 6.71613 0.407405 579
9 3 0 29.9204 1.47386 6.00304 0.349569 526
9 3 1 29.3442 1.53169 6.37984 0.31668 576
9 3 2 36.3722 2.38543 8.9092 0.437796 684
9 3 3 30.0834 1.0752 4.48189 0.53383 431
9 3 4 27.5756 2.49955 6.52573 0.448269 342
9 3 5 25.5 -2 0 0 511
9 3 6 30.8478 1.19892 5.79781 0.46345 888
9 3 7 31.2882 1.51129 6.20179 0.375573 838
9 3 8 29.3342 1.43319 5.78861 0.402361 343
9 3 9 30.9982 1.2947 5.2315 0.428596 728
9 3 10 29.6792 1.11414 4.40981 0.856283 1018
9 3 11 30.7722 1.64652 5.36594 0.385216 321
9 3 12 25.5 -2 0 0 525
9 3 13 25.5 -2 0 0 501
9 3 14 25.5 -2 0 0 480
9 3 15 25.5 -2 0 0 489
9 3 16 31.1 0.970713 5.31745 0.586792 1214
9 3 17 29.5 -2 0 0 332
9 3 18 32.5154 1.82845 6.39579 0.449774 297
9 3 19 31.1542 1.28749 5.40944 0.463434 676
9 3 20 34.5263 -6 0 0 171
9 3 21 25.5 -2 0 0 648
9 3 22 25.5 -2 0 0 631
9 3 23 25.5 -2 0 0 239
9 3 24 25.5 -2 0 0 486
9 3 25 29.7221 1.34404 4.4607 0.560013 669
9 3 26 29.5 -2 0 0 312
9 3 27 30.7337 1.78617 5.95056 0.490847 263
9 3 28 25.5 -2 0 0 400
9 3 29 29.5 -2 0 0 251
9 3 30 25.5 -2 0 0 289
9 3 31 25.5 -2 0 0 591
9 3 32 25.5 -2 0 0 414
9 3 33 25.5 -2 0 0 202
9 3 34 25.5 -2 0 0 274
9 3 35 31.3763 2.02729 6.12394 0.413646 479
9 3 36 25.5 -2 0 0 244
9 3 37 25.5 -2 0 0 226
9 3 38 25.5 -2 0 0 366
9 3 39 29.5 -2 0 0 241
9 3 40 25.5 -2 0 0 262
9 3 41 25.5 -2 0 0 309
9 3 42 25.5 -2 0 0 254
9 3 43 25.5 -2 0 0 266
9 3 44 25.5 -2 0 0 283
9 3 45 29.5 -2 0 0 298
9 3 46 25.5 -2 0 0 342
9 3 47 30.8102 1.77314 5.80769 0.461512 351
9 3 48 30.9679 1.95317 7.33663 0.372253 299
9 3 49 25.5 -2 0 0 228
9 3 50 25.5 -2 0 0 271
9 3 51 25.5 -2 0 0 206
9 3 52 25.5 -2 0 0 240
9 3 53 25.5 -2 0 0 252
9 3 54 25.5 -2 0 0 263
9 3 55 25.5 -2 0 0 212
9 3 56 25.5 -2 0 0 259
9 3 57 25.5 -2 0 0 218
9 3 58 31.1598 2.84158 9.28058 0.289197 231
9 3 59 25.5 -2 0 0 244
9 3 60 25.5 -2 0 0 243
9 3 61 21.5 -2 0 0 263
9 3 62 21.5 -2 0 0 218
9 3 63 25.5 -2 0 0 217
9 4 0 33.7305 1.37328 6.32001 0.274824 1697
9 4 1 32.7119 1.48212 5.7558 0.418302 1054
9 4 2 31.8742 1.31285 5.5307 0.397225 711
9 4 3 34.7035 -3 0 0 101
9 4 4 34.7035 -3 0 0 51
9 4 5 25.5 -2 0 0 482
9 4 6 33.091 1.66286 7.53148 0.307233 549
9 4 7 34.7035 -3 0 0 184
9 4 8 25.5 -2 0 0 597
9 4 9 25.5 -2 0 0 402
9 4 10 33.5 -2 0 0 247
9 4 11 25.5 -2 0 0 520
9 4 12 31.1682 1.50532 5.89204 0.453953 352
9 4 13 29.5 -2 0 0 221
9 4 14 34.8639 1.41158 6.41076 0.491407 1509
9 4 15 34.7035 -3 0 0 111
9 4 16 25.5 -2 0 0 234
9 4 17 30.6279 0.981901 5.07336 0.439032 843
9 4 18 0 -10 0 0 0
9 4 19 34.7035 -3 0 0 169
9 4 20 32.4229 1.50464 5.29584 0.52473 346
9 4 21 25.5 -2 0 0 424
9 4 22 29.5 -2 0 0 251
9 4 23 29.5 -2 0 0 393
9 4 24 25.5 -2 0 0 800
9 4 25 34.7035 -3 0 0 178
9 4 26 36.0198 2.46736 7.51704 0.444782 1270
9 4 27 34.7035 -3 0 0 43
9 4 28 34.7035 -3 0 0 199
9 4 29 33.9997 1.42849 5.8742 0.55177 711
9 4 30 34.7035 -3 0 0 177
9 4 31 34.7035 -3 0 0 154
9 4 32 34.7035 -3 0 0 198
9 4 33 34.7035 -3 0 0 48
9 4 34 34.987 1.33444 6.9277 0.362713 1026
9 4 35 34.7035 -3 0 0 152
9 4 36 0 -10 0 0 0
9 4 37 0 -10 0 0 0
9 4 38 34.7035 -3 0 0 146
9 4 39 29.5 -2 0 0 238
9 4 40 34.227 1.46809 5.90451 0.442302 447
9 4 41 34.7035 -3 0 0 180
9 4 42 34.7035 -3 0 0 35
9 4 43 33.5663 1.62179 7.12061 0.473878 600
9 4 44 34.7035 -3 0 0 151
9 4 45 34.7035 -3 0 0 197
9 4 46 25.5 -2 0 0 971
9 4 47 34.7035 -3 0 0 114
9 4 48 35.6832 2.35305 8.99219 0.449327 234
9 4 49 25.5 -2 0 0 446
9 4 50 34.7035 -3 0 0 166
9 4 51 29.5 -2 0 0 462
9 4 52 25.5 -2 0 0 516
9 4 53 34.7035 -3 0 0 158
9 4 54 25.5 -2 0 0 229
9 4 55 31.7171 2.18063 8.5738 0.491211 413
9 4 56 25.5 -2 0 0 246
9 4 57 25.5 -2 0 0 381
9 4 58 29.5 -2 0 0 301
9 4 59 31.4652 1.93905 7.64142 0.455702 779
9 4 60 25.5 -2 0 0 208
9 4 61 31.6968 2.00499 6.51696 0.737043 630
9 4 62 30.6415 1.20727 4.97041 0.497576 650
9 4 63 25.5 -2 0 0 380
9 5 0 29.5 -2 0 0 226
9 5 1 29.5 -2 0 0 212
9 5 2 31.8018 1.84118 5.7359 0.381896 266
9 5 3 25.5 -2 0 0 280
9 5 4 29.5 -2 0 0 281
9 5 5 29.5 -2 0 0 257
9 5 6 29.5 -2 0 0 321
9 5 7 29.5 -2 0 0 454
9 5 8 33.8775 2.14493 6.35361 0.383315 258
9 5 9 29.5 -2 0 0 219
9 5 10 29.5 -2 0 0 307
9 5 11 29.5 -2 0 0 327
9 5 12 29.5 -2 0 0 267
9 5 13 30.6827 1.27916 4.82758 0.400484 362
9 5 14 29.5 -2 0 0 280
9 5 15 34.0418 2.26002 7.7125 0.256232 257
9 5 16 29.5 -2 0 0 428
9 5 17 29.5 -2 0 0 282
9 5 18 29.5 -2 0 0 214
9 5 19 34.1199 1.49343 5.65461 0.357373 489
9 5 20 29.5 -2 0 0 441
9 5 21 29.5 -2 0 0 291
9 5 22 31.2895 1.97577 5.32491 0.526309 320
9 5 23 29.5 -2 0 0 327
9 5 24 29.5 -2 0 0 204
9 5 25 33.3962 1.32264 5.56741 0.282553 580
9 5 26 25.5 -2 0 0 295
9 5 27 34.3652 -3 0 0 150
9 5 28 29.5 -2 0 0 441
9 5 29 29.5 -2 0 0 219
9 5 30 29.5 -2 0 0 265
9 5 31 33.5423 1.23342 6.11212 0.328761 715
9 5 32 33.9298 2.09825 8.5798 0.525634 522
9 5 33 34.3652 -3 0 0 83
9 5 34 29.5 -2 0 0 247
9 5 35 25.5 -2 0 0 880
9 5 36 25.5 -2 0 0 387
9 5 37 25.5 -2 0 0 403
9 5 38 33.4385 1.08738 5.85955 0.385947 952
9 5 39 32.5632 1.21158 5.33118 0.442336 898
9 5 40 34.3652 -3 0 0 50
9 5 41 33.2726 1.66663 6.03951 0.642108 467
9 5 42 34.3652 -3 0 0 188
9 5 43 30.6025 1.618 5.73464 0.488784 414
9 5 44 32.9646 1.24445 5.3982 0.655764 1048
9 5 45 34.3652 -3 0 0 59
9 5 46 32.4971 2.16654 7.5745 0.296336 336
9 5 47 35.6235 1.29613 7.08762 0.489279 1547
9 5 48 29.5 -2 0 0 361
9 5 49 25.5 -2 0 0 403
9 5 50 30.3404 0.906351 4.7075 0.224893 433
9 5 51 31.5426 1.12482 5.07394 0.331896 703
9 5 52 25.5 -2 0 0 390
9 5 53 25.5 -2 0 0 237
9 5 54 29.5662 0.894824 3.80668 0.753271 757
9 5 55 29.9146 1.3067 5.11888 0.487404 558
9 5 56 29.7772 1.09867 4.79659 0.556113 731
9 5 57 31.2 1.40176 6.45179 0.302538 677
9 5 58 31.414 2.28612 7.89248 0.321094 499
9 5 59 29.5 -2 0 0 354
9 5 60 25.5 -2 0 0 995
9 5 61 28.1582 1.16596 5.44665 0.342095 599
9 5 62 25.5 -2 0 0 475
9 5 63 29.8286 1.66259 5.34077 0.463449 445
9 6 0 33.1555 0.983483 4.37361 0.534082 769
9 6 1 29.5 -2 0 0 578
9 6 2 37.3629 2.11587 7.21933 0.221881 490
9 6 3 36.5682 -3 0 0 197
9 6 4 29.5 -2 0 0 259
9 6 5 29.5 -2 0 0 319
9 6 6 32.7457 1.75884 6.65526 0.413228 377
9 6 7 36.5682 -3 0 0 124
9 6 8 29.5 -2 0 0 362
9 6 9 29.5 -2 0 0 243
9 6 10 33.5 -2 0 0 207
9 6 11 34.7155 1.86818 5.56329 0.40801 266
9 6 12 29.5 -2 0 0 270
9 6 13 36.5682 -3 0 0 142
9 6 14 35.1921 1.13941 5.12688 0.377156 570
9 6 15 36.5682 -3 0 0 172
9 6 16 36.5682 -3 0 0 160
9 6 17 38.3427 2.53988 9.25528 0.276845 340
9 6 18 36.5682 -3 0 0 179
9 6 19 36.5682 -3 0 0 125
9 6 20 33.5 -2 0 0 203
9 6 21 38.042 3.11793 9.33549 0.338726 296
9 6 22 36.5682 -3 0 0 142
9 6 23 29.5 -2 0 0 215
9 6 24 36.2349 1.51775 6.66854 0.295192 414
9 6 25 36.5682 -3 0 0 105
9 6 26 29.5 -2 0 0 480
9 6 27 36.5682 -3 0 0 140
9 6 28 36.5682 -3 0 0 109
9 6 29 35.8628 2.90596 10.033 0.363724 247
9 6 30 36.5682 -3 0 0 155
9 6 31 36.5682 -3 0 0 86
9 6 32 36.5682 -3 0 0 121
9 6 33 36.5682 -3 0 0 91
9 6 34 34.6985 1.34454 5.06263 0.504908 378
9 6 35 36.5682 -3 0 0 95
9 6 36 36.5682 -3 0 0 143
9 6 37 36.5682 -3 0 0 177
9 6 38 36.5682 -3 0 0 77
9 6 39 36.5682 -3 0 0 87
9 6 40 36.5682 -3 0 0 169
9 6 41 36.5682 -3 0 0 82
9 6 42 36.5682 -3 0 0 137
9 6 43 33.5 -2 0 0 219
9 6 44 36.5682 -3 0 0 71
9 6 45 36.5682 -3 0 0 99
9 6 46 33.5 -2 0 0 253
9 6 47 36.5682 -3 0 0 54
9 6 48 36.5682 -3 0 0 91
9 6 49 36.5682 -3 0 0 148
9 6 50 36.5682 -3 0 0 78
9 6 51 36.5682 -3 0 0 113
9 6 52 36.5682 -3 0 0 142
9 6 53 36.5682 -3 0 0 80
9 6 54 36.5682 -3 0 0 89
9 6 55 36.5682 -3 0 0 172
9 6 56 36.5682 -3 0 0 99
9 6 57 36.5682 -3 0 0 127
9 6 58 36.5682 -3 0 0 98
9 6 59 29.5 -2 0 0 214
9 6 60 36.5682 -3 0 0 83
9 6 61 36.5682 -3 0 0 142
9 6 62 36.5682 -3 0 0 185
9 6 63 36.5682 -3 0 0 142
9 7 0 35.0482 -3 0 0 110
9 7 1 35.0482 -3 0 0 119
9 7 2 35.0482 -3 0 0 120
9 7 3 35.0482 -3 0 0 162
9 7 4 35.0482 -3 0 0 161
9 7 5 35.0482 -3 0 0 127
9 7 6 35.0482 -3 0 0 136
9 7 7 35.0482 -3 0 0 193
9 7 8 35.0482 -3 0 0 125
9 7 9 35.0482 -3 0 0 142
9 7 10 35.0482 -3 0 0 164
9 7 11 35.0482 -3 0 0 197
9 7 12 35.0482 -3 0 0 130
9 7 13 35.0482 -3 0 0 187
9 7 14 35.0482 -3 0 0 136
9 7 15 29.5 -2 0 0 211
9 7 16 35.0482 -3 0 0 159
9 7 17 35.0482 -3 0 0 183
9 7 18 35.0482 -3 0 0 187
9 7 19 29.5 -2 0 0 244
9 7 20 33.1957 1.76673 7.2427 0.421187 239
9 7 21 35.0482 -3 0 0 144
9 7 22 35.0482 -3 0 0 155
9 7 23 32.7434 2.16414 6.77783 0.497812 216
9 7 24 35.0482 -3 0 0 142
9 7 25 29.5 -2 0 0 282
9 7 26 35.0482 -3 0 0 162
9 7 27 32.4257 1.48191 5.44385 0.502703 282
9 7 28 29.5 -2 0 0 243
9 7 29 29.5 -2 0 0 206
9 7 30 29.5 -2 0 0 237
9 7 31 34.367 1.73699 6.31752 0.524431 411
9 7 32 29.5 -2 0 0 324
9 7 33 30.0607 1.89666 6.71191 0.421454 357
9 7 34 25.5 -2 0 0 214
9 7 35 33.8042 1.85616 6.85664 0.438582 475
9 7 36 29.5 -2 0 0 360
9 7 37 36.5116 2.09523 8.02317 0.50327 310
9 7 38 32.1709 1.24692 5.26478 0.66319 728
9 7 39 34.8453 1.4473 6.06344 0.495459 1030
9 7 40 30.9915 2.94605 8.05917 0.483472 332
9 7 41 25.5 -2 0 0 445
9 7 42 31.586 2.17117 7.53388 0.478785 359
9 7 43 32.7791 1.56681 5.18555 0.470205 264
9 7 44 29.9168 2.24358 6.90543 0.552986 662
9 7 45 31.8455 1.10004 4.85475 0.429534 479
9 7 46 29.5 -2 0 0 270
9 7 47 33.8963 1.37821 6.27256 0.414463 1131
9 7 48 25.5 -2 0 0 407
9 7 49 29.825 1.84439 6.58949 0.466449 343
9 7 50 36.1626 1.59423 7.59885 0.303701 631
9 7 51 25.5 -2 0 0 633
9 7 52 25.5 -2 0 0 374
9 7 53 25.5 -2 0 0 1024
9 7 54 30.0213 2.01695 6.79777 0.368076 598
9 7 55 25.5 -2 0 0 479
9 7 56 32.2206 1.28233 6.25774 0.449846 894
9 7 57 31.5823 1.58973 7.27762 0.45193 753
9 7 58 30.7462 1.08555 5.03616 0.545999 565
9 7 59 31.514 1.78766 7.06924 0.407637 325
9 7 60 31.9471 1.06022 5.23895 0.417157 965
9 7 61 30.8432 1.22357 5.07092 0.463814 622
9 7 62 31.2512 1.33769 6.084 0.310042 427
9 7 63 25.5 -2 0 0 495
9 8 0 34.4095 -3 0 0 136
9 8 1 34.4095 -3 0 0 109
9 8 2 34.4095 -3 0 0 143
9 8 3 34.4095 -3 0 0 150
9 8 4 34.4095 -3 0 0 161
9 8 5 34.4095 -3 0 0 152
9 8 6 34.4095 -3 0 0 133
9 8 7 29.5 -2 0 0 228
9 8 8 34.4095 -3 0 0 125
9 8 9 34.4095 -3 0 0 161
9 8 10 34.4095 -3 0 0 126
9 8 11 34.4095 -3 0 0 163
9 8 12 34.4095 -3 0 0 133
9 8 13 25.5 -2 0 0 245
9 8 14 34.4095 -3 0 0 120
9 8 15 29.5 -2 0 0 208
9 8 16 34.4095 -3 0 0 194
9 8 17 34.4095 -3 0 0 146
9 8 18 34.4095 -3 0 0 145
9 8 19 33.5 -2 0 0 304
9 8 20 34.4095 -3 0 0 8
9 8 21 34.4095 -3 0 0 138
9 8 22 34.4095 -3 0 0 166
9 8 23 31.7952 2.00242 6.65376 0.40273 209
9 8 24 34.4095 -3 0 0 124
9 8 25 31.5951 1.68164 6.36989 0.364643 344
9 8 26 34.4095 -3 0 0 148
9 8 27 35.5495 3.30157 11.2928 0.420598 256
9 8 28 34.6788 2.19601 7.39086 0.393725 298
9 8 29 34.4095 -3 0 0 174
9 8 30 35.7442 2.46904 8.49373 0.384203 255
9 8 31 33.1449 1.98703 6.29148 0.464171 522
9 8 32 34.6487 1.76419 7.00776 0.341115 403
9 8 33 36.6507 2.92316 8.90251 0.513913 325
9 8 34 34.4095 -3 0 0 178
9 8 35 32.1501 1.34288 5.79281 0.423956 543
9 8 36 25.5 -2 0 0 358
9 8 37 34.4095 -3 0 0 132
9 8 38 33.9584 1.31531 5.98826 0.38018 932
9 8 39 35.3522 1.6411 6.85099 0.295585 815
9 8 40 34.4095 -3 0 0 18
9 8 41 25.5 -2 0 0 461
9 8 42 34.4095 -3 0 0 140
9 8 43 33.5 -2 0 0 222
9 8 44 35.9309 2.7455 7.231 0.557407 759
9 8 45 32.3528 2.01539 7.50217 0.375329 409
9 8 46 34.4095 -3 0 0 153
9 8 47 33.8585 1.3021 6.03879 0.25994 1392
9 8 48 31.1752 1.29817 5.39317 0.453554 381
9 8 49 34.4095 -3 0 0 110
9 8 50 32.1726 1.28545 5.511 0.462255 600
9 8 51 25.5 -2 0 0 402
9 8 52 25.5 -2 0 0 208
9 8 53 34.4095 -3 0 0 107
9 8 54 32.6464 1.39611 5.69239 0.435147 461
9 8 55 29.5 -2 0 0 307
9 8 56 29.3047 1.19008 4.14036 0.469133 321
9 8 57 31.0979 1.4258 4.74051 0.632502 509
9 8 58 30.7691 1.61663 6.77725 0.372711 439
9 8 59 33.6969 2.48593 8.19281 0.323897 236
9 8 60 34.4095 -3 0 0 74
9 8 61 29.5 -2 0 0 378
9 8 62 29.5 -2 0 0 316
9 8 63 28.773 1.72521 6.6272 0.405921 376
9 9 0 29.1701 1.7137 5.20545 0.44992 438
9 9 1 25.5 -2 0 0 317
9 9 2 25.5 -2 0 0 265
9 9 3 34.5263 -6 0 0 100
9 9 4 34.5263 -6 0 0 116
9 9 5 34.5263 -6 0 0 155
9 9 6 25.5 -2 0 0 202
9 9 7 34.5263 -6 0 0 81
9 9 8 34.5263 -6 0 0 191
9 9 9 34.5263 -6 0 0 140
9 9 10 34.5263 -6 0 0 97
9 9 11 34.5263 -6 0 0 164
9 9 12 34.5263 -6 0 0 129
9 9 13 34.5263 -6 0 0 71
9 9 14 29.5 -2 0 0 312
9 9 15 34.5263 -6 0 0 79
9 9 16 34.5263 -6 0 0 100
9 9 17 34.5263 -6 0 0 195
9 9 18 34.5263 -6 0 0 107
9 9 19 34.5263 -6 0 0 80
9 9 20 34.5263 -6 0 0 110
9 9 21 34.5263 -6 0 0 167
9 9 22 34.5263 -6 0 0 91
9 9 23 34.5263 -6 0 0 147
9 9 24 25.5 -2 0 0 291
9 9 25 34.5263 -6 0 0 76
9 9 26 33.5179 3.26157 10.475 0.330869 240
9 9 27 34.5263 -6 0 0 89
9 9 28 34.5263 -6 0 0 80
9 9 29 34.5263 -6 0 0 181
9 9 30 34.5263 -6 0 0 95
9 9 31 34.5263 -6 0 0 47
9 9 32 34.5263 -6 0 0 62
9 9 33 34.5263 -6 0 0 87
9 9 34 25.5 -2 0 0 246
9 9 35 34.5263 -6 0 0 30
9 9 36 34.5263 -6 0 0 61
9 9 37 34.5263 -6 0 0 130
9 9 38 34.5263 -6 0 0 50
9 9 39 34.5263 -6 0 0 61
9 9 40 34.5263 -6 0 0 75
9 9 41 34.5263 -6 0 0 49
9 9 42 34.5263 -6 0 0 76
9 9 43 34.5263 -6 0 0 170
9 9 44 34.5263 -6 0 0 33
9 9 45 34.5263 -6 0 0 63
9 9 46 33.5 -2 0 0 211
9 9 47 34.5263 -6 0 0 44
9 9 48 34.5263 -6 0 0 58
9 9 49 34.5263 -6 0 0 101
9 9 50 34.5263 -6 0 0 64
9 9 51 34.5263 -6 0 0 90
9 9 52 34.5263 -6 0 0 137
9 9 53 34.5263 -6 0 0 41
9 9 54 34.5263 -6 0 0 62
9 9 55 34.5263 -6 0 0 118
9 9 56 34.5263 -6 0 0 73
9 9 57 34.5263 -6 0 0 101
9 9 58 34.5263 -6 0 0 61
9 9 59 34.5263 -6 0 0 120
9 9 60 34.5263 -6 0 0 44
9 9 61 34.5263 -6 0 0 109
9 9 62 34.5263 -6 0 0 149
9 9 63 34.5263 -6 0 0 105
9 10 0 34.5263 -6 0 0 158
9 10 1 34.5263 -6 0 0 184
9 10 2 31.6571 2.37815 7.26273 0.380823 228
9 10 3 25.5 -2 0 0 308
9 10 4 32.3808 2.81223 9.28934 0.277158 211
9 10 5 32.2444 2.0389 6.29331 0.351231 238
9 10 6 29.5 -2 0 0 261
9 10 7 30.5763 1.13628 4.97831 0.410111 521
9 10 8 29.5 -2 0 0 213
9 10 9 31.4256 2.25823 6.24256 0.451629 312
9 10 10 31.2149 1.90885 5.86271 0.560454 298
9 10 11 29.5 -2 0 0 214
9 10 12 29.5 -2 0 0 269
9 10 13 25.5 -2 0 0 422
9 10 14 34.5263 -6 0 0 189
9 10 15 33.7952 1.96739 6.87471 0.398375 448
9 10 16 32.9076 1.8282 6.1956 0.386474 496
9 10 17 34.5263 -6 0 0 179
9 10 18 36.7489 3.49395 11.7565 0.607314 306
9 10 19 34.3784 1.63269 6.76153 0.511625 647
9 10 20 32.0593 3.1317 9.05496 0.367786 256
9 10 21 29.5 -2 0 0 233
9 10 22 25.5 -2 0 0 362
9 10 23 29.5 -2 0 0 220
9 10 24 31.871 2.28089 6.39002 0.344618 211
9 10 25 34.9586 1.40039 6.43461 0.546591 682
9 10 26 29.5 -2 0 0 243
9 10 27 33.4132 1.79399 6.48477 0.448063 382
9 10 28 25.5 -2 0 0 501
9 10 29 29.5 -2 0 0 202
9 10 30 25.5 -2 0 0 360
9 10 31 25.5 -2 0 0 1075
9 10 32 29.5 -2 0 0 523
9 10 33 33.3181 2.30308 8.73088 0.5517 538
9 10 34 34.5263 -6 0 0 197
9 10 35 25.5 -2 0 0 1105
9 10 36 31.8676 2.02633 7.02714 0.584814 327
9 10 37 31.8849 1.55246 5.60721 0.395212 229
9 10 38 25.5 -2 0 0 1353
9 10 39 31.4693 1.58846 5.0162 0.557035 678
9 10 40 25.5 -2 0 0 286
9 10 41 32.3901 1.23113 5.95633 0.441938 706
9 10 42 25.5 -2 0 0 395
9 10 43 25.5 -2 0 0 259
9 10 44 32.1173 1.24304 5.1888 0.633658 821
9 10 45 25.5 -2 0 0 575
9 10 46 25.5 -2 0 0 220
9 10 47 35.5609 1.20594 6.86807 0.469107 1982
9 10 48 29.5 -2 0 0 450
9 10 49 25.5 -2 0 0 306
9 10 50 29.8806 1.15838 5.34236 0.510761 699
9 10 51 25.5 -2 0 0 364
9 10 52 25.5 -2 0 0 308
9 10 53 25.5 -2 0 0 1338
9 10 54 25.5 -2 0 0 428
9 10 55 25.5 -2 0 0 315
9 10 56 25.5 -2 0 0 609
9 10 57 30.3088 1.07981 5.01599 0.417408 432
9 10 58 29.7563 1.99995 6.33676 0.44528 407
9 10 59 25.5 -2 0 0 212
9 10 60 30.7418 1.23585 5.9586 0.343029 934
9 10 61 25.5 -2 0 0 360
9 10 62 25.5 -2 0 0 297
9 10 63 28.9006 1.45232 5.63765 0.410582 380
9 11 0 35.3581 1.53827 6.29239 0.311347 802
9 11 1 32.6566 1.23483 5.27632 0.318314 583
9 11 2 34.7667 2.31904 7.02874 0.342678 399
9 11 3 35.3723 -3 0 0 165
9 11 4 33.5 -2 0 0 258
9 11 5 29.5 -2 0 0 302
9 11 6 35.0642 2.82778 9.09957 0.414212 290
9 11 7 35.3723 -3 0 0 128
9 11 8 29.462 2.60786 6.63892 0.303252 371
9 11 9 34.1985 2.81534 8.69938 0.359321 224
9 11 10 35.3723 -3 0 0 186
9 11 11 34.1292 1.5551 6.36773 0.290778 337
9 11 12 33.1738 2.06332 6.3876 0.408832 250
9 11 13 35.3723 -3 0 0 145
9 11 14 33.6635 1.79304 6.53868 0.487108 686
9 11 15 35.3723 -3 0 0 169
9 11 16 35.3723 -3 0 0 147
9 11 17 33.7524 1.43217 4.90881 0.387851 478
9 11 18 39.2648 3.6938 11.3193 0.379494 217
9 11 19 35.3723 -3 0 0 124
9 11 20 33.5 -2 0 0 216
9 11 21 29.5 -2 0 0 253
9 11 22 35.3723 -3 0 0 148
9 11 23 29.5 -2 0 0 327
9 11 24 32.3366 1.71544 5.62853 0.479835 458
9 11 25 35.3723 -3 0 0 150
9 11 26 36.6444 2.73686 6.45477 0.417574 622
9 11 27 35.3723 -3 0 0 161
9 11 28 35.3723 -3 0 0 135
9 11 29 29.5 -2 0 0 416
9 11 30 35.3723 -3 0 0 183
9 11 31 35.3723 -3 0 0 98
9 11 32 35.3723 -3 0 0 127
9 11 33 35.3723 -3 0 0 146
9 11 34 33.816 1.33862 5.5978 0.398482 651
9 11 35 35.3723 -3 0 0 104
9 11 36 35.3723 -3 0 0 180
9 11 37 36.0359 2.91309 8.55163 0.470258 301
9 11 38 35.3723 -3 0 0 122
9 11 39 35.3723 -3 0 0 163
9 11 40 29.5 -2 0 0 221
9 11 41 35.3723 -3 0 0 102
9 11 42 35.3723 -3 0 0 182
9 11 43 31.7297 1.12745 4.72026 0.380077 396
9 11 44 35.3723 -3 0 0 95
9 11 45 35.3723 -3 0 0 146
9 11 46 35.211 2.28844 6.55948 0.484332 547
9 11 47 35.3723 -3 0 0 105
9 11 48 35.3723 -3 0 0 173
9 11 49 29.5 -2 0 0 274
9 11 50 35.3723 -3 0 0 116
9 11 51 29.5 -2 0 0 321
9 11 52 29.5 -2 0 0 336
9 11 53 35.3723 -3 0 0 123
9 11 54 35.3723 -3 0 0 152
9 11 55 35.2343 3.49717 10.4972 0.479655 332
9 11 56 25.5 -2 0 0 203
9 11 57 37.5 -2 0 0 271
9 11 58 29.5 -2 0 0 217
9 11 59 34.11 1.6473 6.73292 0.280853 519
9 11 60 35.3723 -3 0 0 129
9 11 61 25.5 -2 0 0 398
9 11 62 30.1772 1.93013 6.6955 0.393945 469
9 11 63 29.5 -2 0 0 258
9 12 0 25.5 -2 0 0 393
9 12 1 25.5 -2 0 0 362
9 12 2 32.356 1.44189 5.72914 0.304635 433
9 12 3 32.4853 1.57523 5.508 0.366597 678
9 12 4 25.5 -2 0 0 300
9 12 5 34.7923 2.03084 7.48903 0.4877 434
9 12 6 31.1086 2.11741 7.48319 0.481298 525
9 12 7 34.0295 1.1927 6.31587 0.474372 1294
9 12 8 31.6104 1.23595 4.77977 0.334119 356
9 12 9 31.3108 1.1102 6.04188 0.411899 916
9 12 10 33.8736 1.29645 6.00739 0.476649 1110
9 12 11 29.5 -2 0 0 361
9 12 12 33.0035 1.57539 5.64033 0.411464 507
9 12 13 33.2883 1.21447 6.02919 0.480264 605
9 12 14 25.5 -2 0 0 264
9 12 15 30.6833 2.6796 8.49135 0.472647 603
9 12 16 33.6822 1.01099 6.23748 0.517175 1957
9 12 17 30.0956 1.44881 4.85497 0.522849 285
9 12 18 30.506 2.18249 6.29225 0.554288 422
9 12 19 34.865 1.39001 6.52607 0.589586 1129
9 12 20 29.5 -2 0 0 302
9 12 21 31.5402 0.989727 4.43453 0.521575 672
9 12 22 25.5 -2 0 0 1080
9 12 23 29.5 -2 0 0 262
9 12 24 25.5 -2 0 0 305
9 12 25 34.5314 1.1919 6.12145 0.597873 1144
9 12 26 25.5 -2 0 0 250
9 12 27 31.4879 1.91675 5.2374 0.582579 404
9 12 28 33.2294 1.46141 5.62101 0.560553 654
9 12 29 34.9846 -3 0 0 189
9 12 30 29.5 -2 0 0 390
9 12 31 25.5 -2 0 0 755
9 12 32 32.6893 1.42999 6.15012 0.43712 506
9 12 33 34.7654 1.6129 7.35539 0.367546 454
9 12 34 29.5 -2 0 0 208
9 12 35 33.935 1.35402 5.82607 0.44073 653
9 12 36 29.5 -2 0 0 250
9 12 37 25.5 -2 0 0 204
9 12 38 31.1306 2.10009 4.80535 0.712726 480
9 12 39 25.5 -2 0 0 254
9 12 40 25.5 -2 0 0 271
9 12 41 28.8626 2.79811 6.83155 0.399399 426
9 12 42 25.5 -2 0 0 230
9 12 43 32.2341 2.14273 7.78646 0.439261 238
9 12 44 30.2252 1.20364 4.48245 0.412862 434
9 12 45 30.3996 1.44178 5.17981 0.560401 324
9 12 46 29.5 -2 0 0 204
9 12 47 25.5 -2 0 0 613
9 12 48 30.6295 1.60744 4.7988 0.402808 293
9 12 49 25.5 -2 0 0 202
9 12 50 29.5 -2 0 0 295
9 12 51 34.9846 -3 0 0 141
9 12 52 34.9846 -3 0 0 190
9 12 53 25.5 -2 0 0 341
9 12 54 35.1383 2.67642 9.18046 0.364611 240
9 12 55 34.9846 -3 0 0 176
9 12 56 29.5 -2 0 0 222
9 12 57 29.5 -2 0 0 208
9 12 58 25.5 -2 0 0 215
9 12 59 34.9846 -3 0 0 172
9 12 60 25.5 -2 0 0 298
9 12 61 34.9846 -3 0 0 161
9 12 62 34.9846 -3 0 0 148
9 12 63 34.9846 -3 0 0 190
9 13 0 33.5 -2 0 0 394
9 13 1 25.5 -2 0 0 280
9 13 2 29.5 -2 0 0 251
9 13 3 34.5263 -6 0 0 137
9 13 4 25.5 -2 0 0 206
9 13 5 34.5263 -6 0 0 179
9 13 6 34.5263 -6 0 0 195
9 13 7 34.5263 -6 0 0 90
9 13 8 29.5 -2 0 0 227
9 13 9 34.5263 -6 0 0 138
9 13 10 34.5263 -6 0 0 117
9 13 11 29.5 -2 0 0 268
9 13 12 34.5263 -6 0 0 150
9 13 13 34.5263 -6 0 0 114
9 13 14 33.8716 1.59471 6.1189 0.346531 483
9 13 15 34.5263 -6 0 0 131
9 13 16 34.5263 -6 0 0 83
9 13 17 31.6145 1.55551 5.61048 0.39707 369
9 13 18 34.5263 -6 0 0 172
9 13 19 34.5263 -6 0 0 93
9 13 20 29.5 -2 0 0 218
9 13 21 34.5263 -6 0 0 156
9 13 22 34.5263 -6 0 0 102
9 13 23 33.5 -2 0 0 275
9 13 24 25.5 -2 0 0 316
9 13 25 34.5263 -6 0 0 104
9 13 26 30.9784 1.97204 7.0665 0.406035 461
9 13 27 34.5263 -6 0 0 143
9 13 28 34.5263 -6 0 0 108
9 13 29 29.5 -2 0 0 362
9 13 30 34.5263 -6 0 0 164
9 13 31 34.5263 -6 0 0 110
9 13 32 34.5263 -6 0 0 128
9 13 33 34.5263 -6 0 0 142
9 13 34 29.5 -2 0 0 488
9 13 35 34.5263 -6 0 0 124
9 13 36 34.5263 -6 0 0 164
9 13 37 29.5 -2 0 0 294
9 13 38 34.5263 -6 0 0 114
9 13 39 25.5 -2 0 0 226
9 13 40 33.3853 2.36615 7.65931 0.356472 220
9 13 41 34.5263 -6 0 0 138
9 13 42 25.5 -2 0 0 269
9 13 43 25.5 -2 0 0 390
9 13 44 34.5263 -6 0 0 139
9 13 45 34.5263 -6 0 0 144
9 13 46 31.1128 1.41131 5.21109 0.377776 583
9 13 47 34.5263 -6 0 0 141
9 13 48 33.5 -2 0 0 201
9 13 49 31.4503 1.95445 6.8518 0.365208 324
9 13 50 34.5263 -6 0 0 154
9 13 51 29.2957 1.16807 4.4923 0.358395 494
9 13 52 31.7572 2.26541 7.73678 0.464765 448
9 13 53 34.5263 -6 0 0 170
9 13 54 29.5 -2 0 0 237
9 13 55 30.1018 1.44939 5.40631 0.417618 476
9 13 56 25.5 -2 0 0 329
9 13 57 25.5 -2 0 0 400
9 13 58 29.5 -2 0 0 263
9 13 59 34.544 1.491 6.24362 0.293484 615
9 13 60 34.5263 -6 0 0 196
9 13 61 31.7045 1.57654 5.43223 0.316722 787
9 13 62 31.2414 1.4231 5.41441 0.526598 764
9 13 63 31.2636 2.35721 7.75037 0.448469 339
9 14 0 31.0613 1.54135 6.19509 0.392884 377
9 14 1 33.6312 1.75629 6.91943 0.398505 390
9 14 2 25.5 -2 0 0 511
9 14 3 31.6183 1.35453 5.71246 0.380811 485
9 14 4 25.5 -2 0 0 337
9 14 5 29.5 -2 0 0 439
9 14 6 30.4427 1.25231 5.66615 0.438431 648
9 14 7 25.5 -2 0 0 881
9 14 8 25.5 -2 0 0 348
9 14 9 31.5908 1.04624 5.13433 0.417155 853
9 14 10 25.5 -2 0 0 1057
9 14 11 29.5 -2 0 0 268
9 14 12 25.5 -2 0 0 481
9 14 13 34.5263 -6 0 0 132
9 14 14 29.5 -2 0 0 268
9 14 15 30.6054 1.18252 5.17243 0.374475 245
9 14 16 25.5 -2 0 0 1410
9 14 17 25.5 -2 0 0 246
9 14 18 25.5 -2 0 0 409
9 14 19 32.4016 1.23581 5.41344 0.34434 620
9 14 20 36.2335 2.95126 10.7489 0.407154 260
9 14 21 25.5 -2 0 0 760
9 14 22 29.3588 1.11041 4.33917 0.31459 269
9 14 23 25.5 -2 0 0 237
9 14 24 32.3184 1.56893 6.35633 0.365373 316
9 14 25 31.0873 1.8891 5.52618 0.61515 485
9 14 26 25.5 -2 0 0 220
9 14 27 25.5 -2 0 0 353
9 14 28 31.7804 2.42446 7.04048 0.233002 361
9 14 29 34.5263 -6 0 0 175
9 14 30 31.8215 1.32295 5.50855 0.332362 288
9 14 31 25.5 -2 0 0 337
9 14 32 34.5263 -6 0 0 114
9 14 33 34.5263 -6 0 0 99
9 14 34 34.5263 -6 0 0 185
9 14 35 30.7262 1.64671 5.7888 0.521946 275
9 14 36 34.5263 -6 0 0 56
9 14 37 34.5263 -6 0 0 171
9 14 38 25.5 -2 0 0 226
9 14 39 34.5263 -6 0 0 140
9 14 40 25.5 -2 0 0 240
9 14 41 25.5 -2 0 0 217
9 14 42 34.5263 -6 0 0 159
9 14 43 34.5263 -6 0 0 162
9 14 44 34.5263 -6 0 0 164
9 14 45 34.5263 -6 0 0 106
9 14 46 34.5263 -6 0 0 181
9 14 47 34.5263 -6 0 0 184
9 14 48 34.5263 -6 0 0 162
9 14 49 34.5263 -6 0 0 176
9 14 50 34.5263 -6 0 0 165
9 14 51 34.5263 -6 0 0 111
9 14 52 34.5263 -6 0 0 122
9 14 53 34.5263 -6 0 0 159
9 14 54 34.5263 -6 0 0 156
9 14 55 34.5263 -6 0 0 99
9 14 56 34.5263 -6 0 0 136
9 14 57 34.5263 -6 0 0 99
9 14 58 34.5263 -6 0 0 93
9 14 59 34.5263 -6 0 0 140
9 14 60 34.5263 -6 0 0 159
9 14 61 34.5263 -6 0 0 98
9 14 62 34.5263 -6 0 0 112
9 14 63 34.5263 -6 0 0 116
9 15 0 34.8773 -3 0 0 124
9 15 1 34.8773 -3 0 0 106
9 15 2 34.8773 -3 0 0 98
9 15 3 34.8773 -3 0 0 64
9 15 4 34.8773 -3 0 0 96
9 15 5 34.8773 -3 0 0 81
9 15 6 34.8773 -3 0 0 71
9 15 7 34.8773 -3 0 0 48
9 15 8 34.8773 -3 0 0 102
9 15 9 34.8773 -3 0 0 63
9 15 10 34.8773 -3 0 0 44
9 15 11 34.8773 -3 0 0 93
9 15 12 34.8773 -3 0 0 50
9 15 13 34.8773 -3 0 0 60
9 15 14 34.8773 -3 0 0 136
9 15 15 34.8773 -3 0 0 68
9 15 16 34.8773 -3 0 0 49
9 15 17 34.8773 -3 0 0 111
9 15 18 34.8773 -3 0 0 72
9 15 19 34.8773 -3 0 0 59
9 15 20 34.8773 -3 0 0 88
9 15 21 34.8773 -3 0 0 59
9 15 22 34.8773 -3 0 0 54
9 15 23 34.8773 -3 0 0 118
9 15 24 34.8773 -3 0 0 108
9 15 25 34.8773 -3 0 0 57
9 15 26 34.8773 -3 0 0 159
9 15 27 34.8773 -3 0 0 78
9 15 28 34.8773 -3 0 0 70
9 15 29 34.8773 -3 0 0 155
9 15 30 34.8773 -3 0 0 75
9 15 31 34.8773 -3 0 0 74
9 15 32 34.8773 -3 0 0 73
9 15 33 34.8773 -3 0 0 85
9 15 34 34.8773 -3 0 0 178
9 15 35 34.8773 -3 0 0 70
9 15 36 34.8773 -3 0 0 107
9 15 37 34.8773 -3 0 0 149
9 15 38 34.8773 -3 0 0 106
9 15 39 34.8773 -3 0 0 162
9 15 40 34.8773 -3 0 0 129
9 15 41 34.8773 -3 0 0 88
9 15 42 34.8773 -3 0 0 143
9 15 43 34.8773 -3 0 0 170
9 15 44 34.8773 -3 0 0 82
9 15 45 34.8773 -3 0 0 98
9 15 46 29.5 -2 0 0 210
9 15 47 34.8773 -3 0 0 91
9 15 48 34.8773 -3 0 0 113
9 15 49 34.8773 -3 0 0 159
9 15 50 34.8773 -3 0 0 106
9 15 51 29.5 -2 0 0 289
9 15 52 34.8773 -3 0 0 169
9 15 53 34.8773 -3 0 0 103
9 15 54 34.8773 -3 0 0 138
9 15 55 29.5 -2 0 0 212
9 15 56 34.8773 -3 0 0 158
9 15 57 25.5 -2 0 0 231
9 15 58 34.8773 -3 0 0 156
9 15 59 33.5 -2 0 0 266
9 15 60 34.8773 -3 0 0 136
9 15 61 35.7161 3.0055 8.78607 0.285315 376
9 15 62 29.5 -2 0 0 257
9 15 63 34.8773 -3 0 0 196
10 0 0 34.3344 -3 0 0 168
10 0 1 34.3344 -3 0 0 149
10 0 2 34.3344 -3 0 0 135
10 0 3 34.3344 -3 0 0 57
10 0 4 34.3344 -3 0 0 113
10 0 5 34.3344 -3 0 0 90
10 0 6 34.3344 -3 0 0 122
10 0 7 34.3344 -3 0 0 76
10 0 8 34.3344 -3 0 0 114
10 0 9 34.3344 -3 0 0 36
10 0 10 34.3344 -3 0 0 22
10 0 11 34.3344 -3 0 0 150
10 0 12 34.3344 -3 0 0 83
10 0 13 34.3344 -3 0 0 60
10 0 14 34.3344 -3 0 0 146
10 0 15 34.3344 -3 0 0 78
10 0 16 34.3344 -3 0 0 32
10 0 17 34.3344 -3 0 0 160
10 0 18 34.3344 -3 0 0 75
10 0 19 34.3344 -3 0 0 48
10 0 20 34.3344 -3 0 0 128
10 0 21 34.3344 -3 0 0 79
10 0 22 34.3344 -3 0 0 54
10 0 23 34.3344 -3 0 0 172
10 0 24 34.3344 -3 0 0 136
10 0 25 34.3344 -3 0 0 101
10 0 26 29.5 -2 0 0 216
10 0 27 34.3344 -3 0 0 106
10 0 28 34.3344 -3 0 0 87
10 0 29 34.3344 -3 0 0 175
10 0 30 34.3344 -3 0 0 79
10 0 31 34.3344 -3 0 0 105
10 0 32 34.3344 -3 0 0 69
10 0 33 34.3344 -3 0 0 141
10 0 34 25.5 -2 0 0 266
10 0 35 34.3344 -3 0 0 128
10 0 36 34.3344 -3 0 0 107
10 0 37 34.3344 -3 0 0 150
10 0 38 34.3344 -3 0 0 149
10 0 39 35.2121 2.47145 8.44723 0.312124 311
10 0 40 34.3344 -3 0 0 143
10 0 41 34.3344 -3 0 0 127
10 0 42 25.5 -2 0 0 206
10 0 43 33.5 -2 0 0 225
10 0 44 34.3344 -3 0 0 163
10 0 45 34.3344 -3 0 0 175
10 0 46 29.5 -2 0 0 306
10 0 47 34.3344 -3 0 0 189
10 0 48 34.3344 -3 0 0 161
10 0 49 29.5 -2 0 0 244
10 0 50 25.5 -2 0 0 202
10 0 51 30.948 1.85025 5.68768 0.482761 560
10 0 52 31.1151 1.92255 5.60641 0.406522 329
10 0 53 25.5 -2 0 0 219
10 0 54 34.3344 -3 0 0 191
10 0 55 33.916 2.49289 7.17704 0.380104 326
10 0 56 28.9728 1.34006 4.81442 0.415401 401
10 0 57 30.6177 1.58343 5.47735 0.357875 413
10 0 58 25.5 -2 0 0 295
10 0 59 25.5 -2 0 0 456
10 0 60 29.5 -2 0 0 222
10 0 61 25.5 -2 0 0 741
10 0 62 29.1292 1.36738 4.39934 0.424245 490
10 0 63 33.3687 2.37029 7.50729 0.351645 319
10 1 0 34.7707 1.5258 6.4731 0.364756 539
10 1 1 34.2199 1.59935 7.25737 0.423011 592
10 1 2 32.3506 1.30711 5.24574 0.583473 672
10 1 3 31.6648 1.05314 4.80758 0.464507 546
10 1 4 34.2883 1.51961 6.30309 0.425228 364
10 1 5 33.393 1.9196 8.37704 0.353815 462
10 1 6 35.3693 1.53339 6.01685 0.457956 793
10 1 7 32.3019 1.62628 6.76494 0.440583 554
10 1 8 35.4364 2.56288 7.68186 0.521527 382
10 1 9 34.4169 1.43137 6.30648 0.3741 878
10 1 10 33.7732 2.06045 6.20277 0.633446 786
10 1 11 34.9737 2.28079 8.58309 0.465824 339
10 1 12 34.2373 1.4875 7.13399 0.342743 438
10 1 13 29.5 -2 0 0 364
10 1 14 35.0304 1.73189 6.04356 0.312104 406
10 1 15 33.0957 1.7155 6.08727 0.514122 408
10 1 16 35.6828 1.55709 7.20977 0.368681 1057
10 1 17 25.5 -2 0 0 340
10 1 18 34.6246 1.54144 6.69982 0.403937 415
10 1 19 31.1503 1.51806 6.00704 0.482234 439
10 1 20 29.5 -2 0 0 222
10 1 21 35.1042 1.23482 6.38718 0.460246 713
10 1 22 33.1548 1.22152 5.32029 0.396585 606
10 1 23 33.5 -2 0 0 242
10 1 24 32.8759 2.45428 7.25184 0.498712 471
10 1 25 29.5 -2 0 0 353
10 1 26 32.9366 1.67409 7.14752 0.426407 319
10 1 27 29.5 -2 0 0 291
10 1 28 29.5 -2 0 0 348
10 1 29 37.342 3.52125 11.7152 0.488581 211
10 1 30 35.9961 1.87362 7.43437 0.349259 230
10 1 31 29.5 -2 0 0 243
10 1 32 34.9725 1.70325 6.58277 0.276094 232
10 1 33 33.5 -2 0 0 242
10 1 34 29.5 -2 0 0 235
10 1 35 29.5 -2 0 0 239
10 1 36 36.1022 -3 0 0 185
10 1 37 36.1022 -3 0 0 164
10 1 38 36.1022 -3 0 0 140
10 1 39 36.1022 -3 0 0 121
10 1 40 36.1022 -3 0 0 150
10 1 41 36.1022 -3 0 0 157
10 1 42 36.1022 -3 0 0 191
10 1 43 36.1022 -3 0 0 142
10 1 44 36.1022 -3 0 0 138
10 1 45 36.1022 -3 0 0 171
10 1 46 36.1022 -3 0 0 175
10 1 47 36.1022 -3 0 0 140
10 1 48 36.1022 -3 0 0 156
10 1 49 36.1022 -3 0 0 173
10 1 50 36.1022 -3 0 0 125
10 1 51 36.1022 -3 0 0 112
10 1 52 36.1022 -3 0 0 155
10 1 53 36.1022 -3 0 0 91
10 1 54 36.1022 -3 0 0 121
10 1 55 36.1022 -3 0 0 111
10 1 56 36.1022 -3 0 0 96
10 1 57 36.1022 -3 0 0 108
10 1 58 36.1022 -3 0 0 128
10 1 59 36.1022 -3 0 0 139
10 1 60 36.1022 -3 0 0 107
10 1 61 36.1022 -3 0 0 111
10 1 62 36.1022 -3 0 0 98
10 1 63 36.1022 -3 0 0 117
10 2 0 31.6215 1.215 5.72357 0.288616 506
10 2 1 29.5 -2 0 0 434
10 2 2 29.5 -2 0 0 373
10 2 3 25.5 -2 0 0 209
10 2 4 29.5 -2 0 0 256
10 2 5 25.5 -2 0 0 322
10 2 6 25.5 -2 0 0 273
10 2 7 34.5569 -3 0 0 101
10 2 8 31.3187 2.38236 7.87632 0.423637 306
10 2 9 34.5569 -3 0 0 185
10 2 10 34.5569 -3 0 0 162
10 2 11 29.5 -2 0 0 368
10 2 12 25.5 -2 0 0 231
10 2 13 34.5569 -3 0 0 146
10 2 14 25.5 -2 0 0 579
10 2 15 34.5569 -3 0 0 162
10 2 16 34.5569 -3 0 0 123
10 2 17 30.4762 1.07377 4.96009 0.639756 457
10 2 18 29.5 -2 0 0 234
10 2 19 34.5569 -3 0 0 119
10 2 20 29.5 -2 0 0 259
10 2 21 25.5 -2 0 0 268
10 2 22 34.5569 -3 0 0 143
10 2 23 29.5 -2 0 0 366
10 2 24 31.9017 1.24512 5.66096 0.391958 349
10 2 25 34.5569 -3 0 0 142
10 2 26 32.4614 1.20775 5.30383 0.428089 703
10 2 27 34.5569 -3 0 0 185
10 2 28 34.5569 -3 0 0 118
10 2 29 32.2184 1.04877 4.92398 0.501972 538
10 2 30 34.5569 -3 0 0 161
10 2 31 34.5569 -3 0 0 106
10 2 32 25.5 -2 0 0 208
10 2 33 29.5 -2 0 0 217
10 2 34 25.5 -2 0 0 916
10 2 35 34.5569 -3 0 0 174
10 2 36 30.992 2.23752 8.14527 0.441758 313
10 2 37 30.0716 1.00258 4.81948 0.526234 470
10 2 38 34.5569 -3 0 0 184
10 2 39 25.5 -2 0 0 432
10 2 40 33.7828 1.46971 7.04742 0.528226 337
10 2 41 34.5569 -3 0 0 179
10 2 42 32.7405 1.56406 5.81815 0.428097 363
10 2 43 32.8007 1.43637 6.20893 0.504282 660
10 2 44 25.5 -2 0 0 238
10 2 45 34.5569 -3 0 0 191
10 2 46 25.5 -2 0 0 943
10 2 47 34.5569 -3 0 0 189
10 2 48 25.5 -2 0 0 262
10 2 49 25.5 -2 0 0 553
10 2 50 32.4464 2.64816 8.17176 0.443757 247
10 2 51 31.2189 1.2255 5.48152 0.441625 916
10 2 52 30.4339 1.21238 5.37953 0.578913 784
10 2 53 25.5 -2 0 0 220
10 2 54 25.5 -2 0 0 315
10 2 55 34.2011 1.76878 8.07475 0.348037 798
10 2 56 31.2376 1.2056 5.769 0.442082 516
10 2 57 29.8848 1.2258 5.03166 0.519073 771
10 2 58 31.4871 1.48439 6.11419 0.3988 475
10 2 59 33.3027 1.4146 7.08903 0.392856 1144
10 2 60 30.8094 1.3204 5.22464 0.326488 302
10 2 61 34.3208 1.3408 6.51325 0.278452 1519
10 2 62 31.3153 1.23117 5.97721 0.489947 1279
10 2 63 27.4839 1.09148 4.59482 0.688335 601
10 3 0 0 -10 0 0 0
10 3 1 25.5 -2 0 0 613
10 3 2 29.7853 1.24977 4.78053 0.537692 624
10 3 3 25.5 -2 0 0 711
10 3 4 30.1344 1.72866 5.32093 0.593822 417
10 3 5 30.4963 1.27588 5.26708 0.549379 517
10 3 6 31.4371 1.25755 6.18021 0.323038 858
10 3 7 25.5 -2 0 0 1105
10 3 8 25.5 -2 0 0 409
10 3 9 25.5 -2 0 0 1016
10 3 10 25.5 -2 0 0 1036
10 3 11 30.5348 1.24909 5.52646 0.323402 318
10 3 12 25.5 -2 0 0 540
10 3 13 25.5 -2 0 0 674
10 3 14 34.3739 1.79266 6.73015 0.319274 600
10 3 15 25.5 -2 0 0 558
10 3 16 0 -10 0 0 0
10 3 17 30.1836 2.3418 7.31945 0.401893 400
10 3 18 28.7778 1.62386 5.50435 0.514013 403
10 3 19 25.5 -2 0 0 740
10 3 20 33.5717 -6 0 0 107
10 3 21 25.5 -2 0 0 925
10 3 22 25.5 -2 0 0 832
10 3 23 29.5 -2 0 0 263
10 3 24 30.7548 1.45633 5.22965 0.431955 489
10 3 25 33.118 1.76862 7.40561 0.580437 603
10 3 26 0 -10 0 0 0
10 3 27 25.5 -2 0 0 273
10 3 28 30.4504 1.42077 5.18467 0.664132 528
10 3 29 29.5 -2 0 0 253
10 3 30 30.8837 2.17282 8.76717 0.504447 371
10 3 31 33.5512 1.17848 6.11637 0.354532 612
10 3 32 32.0682 1.6742 5.65348 0.416742 419
10 3 33 25.5 -2 0 0 329
10 3 34 32.7358 2.77855 7.59591 0.500956 363
10 3 35 30.1804 1.42394 4.51561 0.564131 518
10 3 36 0 -10 0 0 0
10 3 37 33.5717 -6 0 0 198
10 3 38 25.5 -2 0 0 418
10 3 39 25.5 -2 0 0 248
10 3 40 29.5 -2 0 0 228
10 3 41 29.5 -2 0 0 358
10 3 42 25.5 -2 0 0 235
10 3 43 25.5 -2 0 0 255
10 3 44 25.5 -2 0 0 374
10 3 45 31.4914 1.84647 7.35857 0.365556 274
10 3 46 29.8687 2.56935 7.78089 0.307703 319
10 3 47 25.5 -2 0 0 338
10 3 48 30.2199 1.69179 5.10963 0.41833 284
10 3 49 25.5 -2 0 0 215
10 3 50 25.5 -2 0 0 238
10 3 51 33.5 -2 0 0 213
10 3 52 29.5988 1.82438 6.51054 0.378388 230
10 3 53 25.5 -2 0 0 352
10 3 54 25.5 -2 0 0 264
10 3 55 25.5 -2 0 0 289
10 3 56 25.5 -2 0 0 231
10 3 57 25.5 -2 0 0 250
10 3 58 25.5 -2 0 0 249
10 3 59 25.5 -2 0 0 248
10 3 60 30.6934 2.65868 7.2858 0.381501 281
10 3 61 25.5 -2 0 0 229
10 3 62 29.5 -2 0 0 214
10 3 63 29.4224 2.34548 7.09274 0.354044 221
10 4 0 35.8934 1.30306 6.07434 0.368711 1409
10 4 1 29.5 -2 0 0 911
10 4 2 34.8571 1.78687 6.63664 0.42524 793
10 4 3 29.5 -2 0 0 221
10 4 4 33.3828 1.4074 6.0242 0.309228 288
10 4 5 31.8482 2.11645 6.44792 0.353717 451
10 4 6 31.6362 2.29358 7.12056 0.36944 432
10 4 7 29.5 -2 0 0 215
10 4 8 32.8048 1.25136 5.80184 0.39945 459
10 4 9 36.0867 2.27101 6.99131 0.421867 335
10 4 10 29.5 -2 0 0 245
10 4 11 33.7749 1.62216 7.27883 0.322558 493
10 4 12 34.3615 1.20773 5.41003 0.325651 342
10 4 13 36.6893 -3 0 0 194
10 4 14 37.9159 1.80689 6.40981 0.389662 1101
10 4 15 29.5 -2 0 0 259
10 4 16 29.5 -2 0 0 229
10 4 17 36.1138 1.98478 8.90316 0.386064 622
10 4 18 29.5 -2 0 0 267
10 4 19 36.6893 -3 0 0 164
10 4 20 37.3862 2.14789 8.15412 0.518663 289
10 4 21 36.1312 1.4339 6.26964 0.297096 463
10 4 22 39.3783 3.70205 12.8875 0.407999 216
10 4 23 33.3834 1.47682 5.69403 0.518013 410
10 4 24 35.5923 1.57468 6.9422 0.493942 796
10 4 25 36.6893 -3 0 0 151
10 4 26 34.0716 1.20995 5.96173 0.397409 1112
10 4 27 36.6893 -3 0 0 183
10 4 28 36.6893 -3 0 0 155
10 4 29 34.4524 1.27692 5.49673 0.42103 578
10 4 30 34.6197 3.28493 7.78784 0.513848 267
10 4 31 36.6893 -3 0 0 153
10 4 32 36.6893 -3 0 0 140
10 4 33 36.6893 -3 0 0 128
10 4 34 35.2747 1.97217 5.94945 0.568971 937
10 4 35 36.6893 -3 0 0 125
10 4 36 35.2752 2.31163 8.7276 0.393712 217
10 4 37 36.7141 1.70384 7.68725 0.503453 370
10 4 38 36.6893 -3 0 0 102
10 4 39 29.5 -2 0 0 260
10 4 40 34.3789 2.15172 6.64839 0.438 330
10 4 41 36.6893 -3 0 0 162
10 4 42 34.1128 1.67241 5.51244 0.436926 276
10 4 43 34.3927 1.21215 5.22996 0.599123 491
10 4 44 36.6893 -3 0 0 144
10 4 45 36.6893 -3 0 0 164
10 4 46 34.4427 1.57063 6.45656 0.365443 791
10 4 47 36.6893 -3 0 0 108
10 4 48 36.6893 -3 0 0 182
10 4 49 25.5 -2 0 0 371
10 4 50 36.6893 -3 0 0 169
10 4 51 33.2427 1.4352 6.12623 0.517123 384
10 4 52 34.2928 1.60113 7.01869 0.518256 446
10 4 53 36.6893 -3 0 0 122
10 4 54 36.6893 -3 0 0 192
10 4 55 29.5 -2 0 0 346
10 4 56 25.5 -2 0 0 274
10 4 57 29.5 -2 0 0 256
10 4 58 32.8201 2.89801 9.83749 0.464382 296
10 4 59 32.7653 1.27154 5.73646 0.43223 619
10 4 60 36.6893 -3 0 0 146
10 4 61 25.5 -2 0 0 506
10 4 62 31.9838 1.28225 4.86052 0.646493 578
10 4 63 34.7552 1.81108 6.84983 0.402039 282
10 5 0 35.2782 -3 0 0 182
10 5 1 25.5 -2 0 0 203
10 5 2 31.1751 1.33112 4.3069 0.41586 291
10 5 3 29.5 -2 0 0 289
10 5 4 29.5 -2 0 0 258
10 5 5 29.5 -2 0 0 228
10 5 6 25.5 -2 0 0 279
10 5 7 32.8154 1.64432 6.25936 0.344924 374
10 5 8 25.5 -2 0 0 290
10 5 9 29.5 -2 0 0 256
10 5 10 25.5 -2 0 0 310
10 5 11 29.5 -2 0 0 351
10 5 12 29.5 -2 0 0 262
10 5 13 31.5591 2.82688 7.78015 0.502694 349
10 5 14 37.5 -2 0 0 246
10 5 15 29.5 -2 0 0 333
10 5 16 32.0581 1.50533 6.27809 0.348678 396
10 5 17 34.8536 2.77719 8.36634 0.30817 313
10 5 18 32.8389 1.62752 5.97619 0.416246 335
10 5 19 25.5 -2 0 0 512
10 5 20 33.2979 1.88816 5.57896 0.378382 343
10 5 21 32.3707 2.06933 7.2613 0.286208 273
10 5 22 29.5 -2 0 0 330
10 5 23 29.5 -2 0 0 304
10 5 24 29.5 -2 0 0 241
10 5 25 32.7294 1.63336 7.40345 0.311179 563
10 5 26 29.5 -2 0 0 284
10 5 27 29.5 -2 0 0 356
10 5 28 35.5343 2.13994 8.72544 0.370065 353
10 5 29 29.5 -2 0 0 260
10 5 30 32.6694 1.47306 5.69875 0.320992 346
10 5 31 31.5644 0.890664 4.61588 0.440446 612
10 5 32 32.5169 1.49451 6.09582 0.450283 484
10 5 33 29.5 -2 0 0 353
10 5 34 29.5 -2 0 0 279
10 5 35 32.2958 1.06104 5.57445 0.474148 768
10 5 36 33.5 -2 0 0 312
10 5 37 29.5 -2 0 0 308
10 5 38 32.8119 1.39384 5.29036 0.562334 911
10 5 39 34.3912 1.1782 5.98929 0.309256 808
10 5 40 25.5 -2 0 0 452
10 5 41 32.925 1.54568 5.9247 0.460053 455
10 5 42 35.1941 2.33869 7.82329 0.581698 333
10 5 43 29.5 -2 0 0 335
10 5 44 32.1123 1.31615 4.84086 0.7574 805
10 5 45 29.5782 1.21308 5.40169 0.487428 414
10 5 46 32.9598 1.52578 5.99725 0.284285 315
10 5 47 35.3615 1.15178 6.5149 0.543443 1426
10 5 48 25.5 -2 0 0 430
10 5 49 33.5 -2 0 0 348
10 5 50 33.7789 1.32469 5.89065 0.504073 848
10 5 51 33.4547 1.84767 7.07269 0.29426 725
10 5 52 30.4943 1.42187 5.88036 0.385459 332
10 5 53 25.5 -2 0 0 1134
10 5 54 25.5 -2 0 0 500
10 5 55 25.5 -2 0 0 427
10 5 56 25.5 -2 0 0 969
10 5 57 25.5 -2 0 0 739
10 5 58 25.5 -2 0 0 450
10 5 59 32.9407 2.03199 8.15838 0.247749 364
10 5 60 30.1645 1.33852 6.28625 0.335346 982
10 5 61 35.1486 2.13608 7.45751 0.341255 590
10 5 62 30.6815 2.28039 7.14394 0.275787 417
10 5 63 31.4025 1.82861 5.42063 0.575779 525
10 6 0 25.5 -2 0 0 797
10 6 1 31.6836 1.45602 6.07727 0.273017 559
10 6 2 25.5 -2 0 0 439
10 6 3 34.3057 -3 0 0 199
10 6 4 25.5 -2 0 0 229
10 6 5 25.5 -2 0 0 304
10 6 6 34.598 2.74497 7.99459 0.359299 377
10 6 7 34.3057 -3 0 0 135
10 6 8 29.5 -2 0 0 332
10 6 9 25.5 -2 0 0 229
10 6 10 34.3057 -3 0 0 190
10 6 11 37.5 -2 0 0 224
10 6 12 25.5 -2 0 0 218
10 6 13 34.3057 -3 0 0 134
10 6 14 32.162 2.32352 8.05976 0.246014 482
10 6 15 34.3057 -3 0 0 144
10 6 16 34.3057 -3 0 0 149
10 6 17 29.5 -2 0 0 305
10 6 18 34.3057 -3 0 0 171
10 6 19 34.3057 -3 0 0 127
10 6 20 34.3057 -3 0 0 196
10 6 21 25.5 -2 0 0 278
10 6 22 34.3057 -3 0 0 159
10 6 23 25.5 -2 0 0 216
10 6 24 29.5 -2 0 0 386
10 6 25 34.3057 -3 0 0 119
10 6 26 32.4445 1.63729 6.877 0.382375 417
10 6 27 34.3057 -3 0 0 125
10 6 28 34.3057 -3 0 0 111
10 6 29 29.5 -2 0 0 217
10 6 30 34.3057 -3 0 0 136
10 6 31 34.3057 -3 0 0 101
10 6 32 34.3057 -3 0 0 98
10 6 33 34.3057 -3 0 0 95
10 6 34 25.5 -2 0 0 332
10 6 35 34.3057 -3 0 0 65
10 6 36 34.3057 -3 0 0 117
10 6 37 34.3057 -3 0 0 154
10 6 38 34.3057 -3 0 0 69
10 6 39 34.3057 -3 0 0 84
10 6 40 34.3057 -3 0 0 108
10 6 41 34.3057 -3 0 0 91
10 6 42 34.3057 -3 0 0 115
10 6 43 34.3057 -3 0 0 174
10 6 44 34.3057 -3 0 0 58
10 6 45 34.3057 -3 0 0 110
10 6 46 37.5 -2 0 0 226
10 6 47 34.3057 -3 0 0 51
10 6 48 34.3057 -3 0 0 92
10 6 49 34.3057 -3 0 0 134
10 6 50 34.3057 -3 0 0 80
10 6 51 34.3057 -3 0 0 107
10 6 52 34.3057 -3 0 0 175
10 6 53 34.3057 -3 0 0 51
10 6 54 34.3057 -3 0 0 91
10 6 55 34.3057 -3 0 0 128
10 6 56 34.3057 -3 0 0 89
10 6 57 34.3057 -3 0 0 110
10 6 58 34.3057 -3 0 0 95
10 6 59 34.3057 -3 0 0 191
10 6 60 34.3057 -3 0 0 60
10 6 61 34.3057 -3 0 0 132
10 6 62 34.3057 -3 0 0 159
10 6 63 34.3057 -3 0 0 128
10 7 0 33.5717 -6 0 0 88
10 7 1 33.5717 -6 0 0 120
10 7 2 33.5717 -6 0 0 109
10 7 3 33.5717 -6 0 0 140
10 7 4 33.5717 -6 0 0 160
10 7 5 33.5717 -6 0 0 133
10 7 6 33.5717 -6 0 0 129
10 7 7 33.5717 -6 0 0 145
10 7 8 33.5717 -6 0 0 111
10 7 9 33.5717 -6 0 0 132
10 7 10 33.5717 -6 0 0 120
10 7 11 33.5717 -6 0 0 169
10 7 12 33.5717 -6 0 0 137
10 7 13 33.5717 -6 0 0 181
10 7 14 33.5717 -6 0 0 132
10 7 15 33.5717 -6 0 0 174
10 7 16 33.5717 -6 0 0 130
10 7 17 33.5717 -6 0 0 138
10 7 18 33.5717 -6 0 0 159
10 7 19 33.5717 -6 0 0 197
10 7 20 25.5 -2 0 0 226
10 7 21 33.5717 -6 0 0 156
10 7 22 33.5717 -6 0 0 171
10 7 23 33.5717 -6 0 0 154
10 7 24 33.5717 -6 0 0 133
10 7 25 31.6173 2.16854 6.9932 0.422925 299
10 7 26 33.5717 -6 0 0 179
10 7 27 25.5 -2 0 0 229
10 7 28 33.5717 -6 0 0 197
10 7 29 33.5717 -6 0 0 191
10 7 30 25.5 -2 0 0 207
10 7 31 30.2305 1.35817 6.31981 0.315139 343
10 7 32 31.7098 1.72485 7.25096 0.438574 285
10 7 33 25.5 -2 0 0 316
10 7 34 33.5717 -6 0 0 189
10 7 35 25.5 -2 0 0 496
10 7 36 27.6584 1.34892 4.01318 0.607733 314
10 7 37 25.5 -2 0 0 268
10 7 38 31.3965 1.72032 7.37278 0.359714 652
10 7 39 28.7977 1.24123 4.54205 0.502371 995
10 7 40 25.5 -2 0 0 281
10 7 41 25.5 -2 0 0 399
10 7 42 25.5 -2 0 0 349
10 7 43 31.658 2.24414 7.95905 0.473704 262
10 7 44 25.5 -2 0 0 530
10 7 45 25.5 -2 0 0 460
10 7 46 25.5 -2 0 0 234
10 7 47 31.1399 1.53414 6.09981 0.336856 1105
10 7 48 27.964 2.31615 5.56666 0.544499 357
10 7 49 28.7584 1.76595 5.8997 0.529924 347
10 7 50 25.5 -2 0 0 532
10 7 51 25.5 -2 0 0 605
10 7 52 25.5 -2 0 0 308
10 7 53 31.3505 1.45396 6.27871 0.4413 863
10 7 54 31.2951 1.60308 6.57521 0.390632 572
10 7 55 30.1867 1.76014 5.9742 0.386459 416
10 7 56 25.5 -2 0 0 734
10 7 57 29.7273 1.51715 6.37733 0.448319 789
10 7 58 28.8637 1.27342 5.67597 0.4564 492
10 7 59 27.3456 1.89983 6.8157 0.361931 290
10 7 60 29.3416 1.52569 6.41131 0.358966 914
10 7 61 29.5063 1.62052 5.83273 0.42711 609
10 7 62 25.5 -2 0 0 385
10 7 63 31.5224 1.84773 7.25843 0.363334 526
10 8 0 33.5717 -6 0 0 139
10 8 1 33.5717 -6 0 0 89
10 8 2 33.5717 -6 0 0 126
10 8 3 33.5717 -6 0 0 166
10 8 4 33.5717 -6 0 0 146
10 8 5 33.5717 -6 0 0 116
10 8 6 33.5717 -6 0 0 135
10 8 7 33.5717 -6 0 0 194
10 8 8 33.5717 -6 0 0 116
10 8 9 33.5717 -6 0 0 145
10 8 10 33.5717 -6 0 0 156
10 8 11 33.5717 -6 0 0 148
10 8 12 33.5717 -6 0 0 143
10 8 13 25.5 -2 0 0 258
10 8 14 0 -10 0 0 0
10 8 15 25.5 -2 0 0 202
10 8 16 33.5717 -6 0 0 186
10 8 17 33.5717 -6 0 0 140
10 8 18 33.5717 -6 0 0 144
10 8 19 25.5 -2 0 0 279
10 8 20 33.5717 -6 0 0 175
10 8 21 33.5717 -6 0 0 111
10 8 22 33.5717 -6 0 0 147
10 8 23 33.5717 -6 0 0 158
10 8 24 33.5717 -6 0 0 113
10 8 25 25.5 -2 0 0 273
10 8 26 33.5717 -6 0 0 116
10 8 27 29.5 -2 0 0 209
10 8 28 25.5 -2 0 0 264
10 8 29 33.5717 -6 0 0 167
10 8 30 32.936 3.06464 10.4366 0.41123 206
10 8 31 28.8605 1.39939 5.86646 0.528334 400
10 8 32 25.5 -2 0 0 357
10 8 33 31.0138 1.76136 5.69977 0.496625 316
10 8 34 33.5717 -6 0 0 165
10 8 35 29.89 1.58075 5.21816 0.55032 637
10 8 36 25.5 -2 0 0 226
10 8 37 33.5717 -6 0 0 161
10 8 38 25.5 -2 0 0 816
10 8 39 29.2255 1.35555 5.31613 0.474033 706
10 8 40 25.5 -2 0 0 203
10 8 41 28.21 1.34048 5.92105 0.352623 404
10 8 42 25.5 -2 0 0 286
10 8 43 33.5717 -6 0 0 187
10 8 44 25.5 -2 0 0 652
10 8 45 25.5 -2 0 0 421
10 8 46 33.5717 -6 0 0 160
10 8 47 30.4605 1.31782 5.47615 0.333949 1126
10 8 48 25.5 -2 0 0 328
10 8 49 29.5 -2 0 0 211
10 8 50 30.3366 1.66433 5.69685 0.481942 491
10 8 51 25.5 -2 0 0 394
10 8 52 30.4051 2.29325 7.53694 0.334464 237
10 8 53 25.5 -2 0 0 820
10 8 54 28.4671 1.02315 5.06346 0.352677 366
10 8 55 25.5 -2 0 0 330
10 8 56 25.5 -2 0 0 542
10 8 57 30.5707 1.99766 6.82162 0.372926 445
10 8 58 25.5 -2 0 0 349
10 8 59 25.5 -2 0 0 211
10 8 60 30.4932 1.6673 6.50987 0.342231 770
10 8 61 0 -10 0 0 0
10 8 62 33.5 -2 0 0 289
10 8 63 33.5 -2 0 0 305
10 9 0 33.5 -2 0 0 304
10 9 1 33.5 -2 0 0 232
10 9 2 33.5 -2 0 0 213
10 9 3 36.1726 -3 0 0 72
10 9 4 36.1726 -3 0 0 94
10 9 5 36.1726 -3 0 0 108
10 9 6 36.1726 -3 0 0 158
10 9 7 36.1726 -3 0 0 68
10 9 8 36.1726 -3 0 0 128
10 9 9 36.1726 -3 0 0 89
10 9 10 36.1726 -3 0 0 79
10 9 11 36.1726 -3 0 0 149
10 9 12 36.1726 -3 0 0 104
10 9 13 36.1726 -3 0 0 46
10 9 14 29.5 -2 0 0 232
10 9 15 36.1726 -3 0 0 66
10 9 16 36.1726 -3 0 0 67
10 9 17 36.1726 -3 0 0 126
10 9 18 36.1726 -3 0 0 88
10 9 19 36.1726 -3 0 0 55
10 9 20 36.1726 -3 0 0 75
10 9 21 36.1726 -3 0 0 142
10 9 22 36.1726 -3 0 0 88
10 9 23 36.1726 -3 0 0 82
10 9 24 36.1726 -3 0 0 199
10 9 25 36.1726 -3 0 0 36
10 9 26 33.5 -2 0 0 210
10 9 27 36.1726 -3 0 0 38
10 9 28 36.1726 -3 0 0 27
10 9 29 36.1726 -3 0 0 126
10 9 30 36.1726 -3 0 0 59
10 9 31 36.1726 -3 0 0 30
10 9 32 36.1726 -3 0 0 41
10 9 33 36.1726 -3 0 0 59
10 9 34 36.1726 -3 0 0 200
10 9 35 36.1726 -3 0 0 27
10 9 36 36.1726 -3 0 0 47
10 9 37 36.1726 -3 0 0 79
10 9 38 36.1726 -3 0 0 34
10 9 39 36.1726 -3 0 0 35
10 9 40 36.1726 -3 0 0 60
10 9 41 36.1726 -3 0 0 31
10 9 42 36.1726 -3 0 0 41
10 9 43 36.1726 -3 0 0 88
10 9 44 36.1726 -3 0 0 7
10 9 45 36.1726 -3 0 0 40
10 9 46 36.1726 -3 0 0 136
10 9 47 36.1726 -3 0 0 24
10 9 48 36.1726 -3 0 0 46
10 9 49 36.1726 -3 0 0 84
10 9 50 36.1726 -3 0 0 19
10 9 51 36.1726 -3 0 0 56
10 9 52 36.1726 -3 0 0 83
10 9 53 36.1726 -3 0 0 24
10 9 54 36.1726 -3 0 0 38
10 9 55 36.1726 -3 0 0 61
10 9 56 36.1726 -3 0 0 44
10 9 57 36.1726 -3 0 0 53
10 9 58 36.1726 -3 0 0 43
10 9 59 36.1726 -3 0 0 95
10 9 60 36.1726 -3 0 0 51
10 9 61 36.1726 -3 0 0 89
10 9 62 36.1726 -3 0 0 129
10 9 63 36.1726 -3 0 0 43
10 10 0 33.5717 -6 0 0 199
10 10 1 25.5 -2 0 0 204
10 10 2 26.2903 1.99207 5.12385 0.450787 259
10 10 3 25.5 -2 0 0 379
10 10 4 25.5 -2 0 0 283
10 10 5 25.5 -2 0 0 284
10 10 6 25.5 -2 0 0 309
10 10 7 28.9591 1.26456 5.1974 0.55123 697
10 10 8 25.5 -2 0 0 240
10 10 9 25.5 -2 0 0 417
10 10 10 30.3313 1.33949 5.33618 0.39107 389
10 10 11 25.5 -2 0 0 242
10 10 12 25.5 -2 0 0 321
10 10 13 25.5 -2 0 0 568
10 10 14 25.5 -2 0 0 258
10 10 15 29.6746 1.60665 5.48555 0.528214 518
10 10 16 31.0651 2.14674 9.0944 0.422765 622
10 10 17 25.5 -2 0 0 207
10 10 18 25.5 -2 0 0 343
10 10 19 30.3695 1.20284 5.47854 0.406956 639
10 10 20 34.0608 3.11713 9.36179 0.532587 248
10 10 21 25.5 -2 0 0 325
10 10 22 27.9484 0.954589 4.00102 0.631263 420
10 10 23 25.5 -2 0 0 251
10 10 24 25.5 -2 0 0 271
10 10 25 25.5 -2 0 0 839
10 10 26 25.5 -2 0 0 263
10 10 27 30.6596 1.31184 5.10932 0.494109 387
10 10 28 29.2803 1.23012 4.9994 0.563906 668
10 10 29 25.5 -2 0 0 212
10 10 30 34.8754 2.48514 7.47219 0.462889 258
10 10 31 30.3255 1.42046 5.96303 0.521338 1258
10 10 32 29.4614 1.29131 5.01173 0.584587 628
10 10 33 30.9378 1.60955 5.52759 0.598168 504
10 10 34 25.5 -2 0 0 234
10 10 35 31.24 1.10852 5.88141 0.501932 1340
10 10 36 25.5 -2 0 0 339
10 10 37 29.5 -2 0 0 232
10 10 38 31.5153 1.1186 6.83539 0.338191 1901
10 10 39 30.8969 1.35259 6.21936 0.494271 807
10 10 40 29.5 -2 0 0 224
10 10 41 28.7017 1.10329 5.05273 0.521163 784
10 10 42 29.1044 2.05069 7.35091 0.296957 334
10 10 43 25.5 -2 0 0 309
10 10 44 25.5 -2 0 0 1099
10 10 45 30.5721 1.74737 7.57493 0.523247 771
10 10 46 25.5 -2 0 0 271
10 10 47 0 -10 0 0 0
10 10 48 30.9634 1.38422 5.88409 0.577336 482
10 10 49 29.2134 1.73112 6.95134 0.359517 336
10 10 50 29.0483 1.2604 5.20265 0.685635 818
10 10 51 21.5 -2 0 0 355
10 10 52 25.5 -2 0 0 333
10 10 53 31.8218 1.19228 6.28124 0.544744 1648
10 10 54 30.3385 1.63651 6.27394 0.475341 520
10 10 55 26.3491 1.41995 5.50681 0.375435 375
10 10 56 29.8277 1.54514 5.87151 0.470967 673
10 10 57 25.5 -2 0 0 477
10 10 58 27.1653 1.22342 5.24149 0.359047 450
10 10 59 25.5 -2 0 0 247
10 10 60 21.5 -2 0 0 1228
10 10 61 25.5 -2 0 0 438
10 10 62 21.5 -2 0 0 307
10 10 63 21.5 -2 0 0 401
10 11 0 25.5 -2 0 0 643
10 11 1 33.0989 2.24963 6.50974 0.433113 361
10 11 2 31.7574 1.47878 5.59223 0.417325 342
10 11 3 33.3021 -3 0 0 172
10 11 4 33.3021 -3 0 0 192
10 11 5 29.5 -2 0 0 221
10 11 6 25.5 -2 0 0 296
10 11 7 33.3021 -3 0 0 117
10 11 8 38.642 3.72479 12.2549 0.391893 262
10 11 9 33.3021 -3 0 0 127
10 11 10 33.3021 -3 0 0 98
10 11 11 29.5 -2 0 0 293
10 11 12 33.3021 -3 0 0 199
10 11 13 33.3021 -3 0 0 130
10 11 14 31.2093 1.55627 4.96019 0.427663 594
10 11 15 33.3021 -3 0 0 138
10 11 16 33.3021 -3 0 0 139
10 11 17 25.5 -2 0 0 368
10 11 18 25.5 -2 0 0 227
10 11 19 33.3021 -3 0 0 112
10 11 20 33.3021 -3 0 0 187
10 11 21 33.3021 -3 0 0 173
10 11 22 33.3021 -3 0 0 98
10 11 23 29.5 -2 0 0 265
10 11 24 30.8895 1.48497 4.50025 0.37128 352
10 11 25 33.3021 -3 0 0 101
10 11 26 30.814 1.12103 4.75134 0.454079 621
10 11 27 33.3021 -3 0 0 149
10 11 28 33.3021 -3 0 0 119
10 11 29 25.5 -2 0 0 386
10 11 30 33.3021 -3 0 0 152
10 11 31 33.3021 -3 0 0 109
10 11 32 33.3021 -3 0 0 92
10 11 33 33.3021 -3 0 0 116
10 11 34 34.1443 1.97292 6.95554 0.366197 497
10 11 35 33.3021 -3 0 0 92
10 11 36 33.3021 -3 0 0 147
10 11 37 33.3021 -3 0 0 197
10 11 38 33.3021 -3 0 0 88
10 11 39 33.3021 -3 0 0 119
10 11 40 33.3021 -3 0 0 161
10 11 41 33.3021 -3 0 0 109
10 11 42 29.5 -2 0 0 214
10 11 43 30.4246 1.63499 5.78421 0.348747 311
10 11 44 33.3021 -3 0 0 81
10 11 45 33.3021 -3 0 0 108
10 11 46 36.5306 2.57324 8.16591 0.330748 513
10 11 47 33.3021 -3 0 0 80
10 11 48 33.3021 -3 0 0 176
10 11 49 29.5 -2 0 0 218
10 11 50 33.3021 -3 0 0 120
10 11 51 29.5 -2 0 0 277
10 11 52 32.5331 2.28926 8.26524 0.32383 301
10 11 53 33.3021 -3 0 0 98
10 11 54 33.3021 -3 0 0 150
10 11 55 25.5 -2 0 0 289
10 11 56 33.3021 -3 0 0 163
10 11 57 30.7827 2.06357 6.47878 0.305504 241
10 11 58 33.3021 -3 0 0 146
10 11 59 30.1219 1.4156 5.45104 0.328514 444
10 11 60 33.3021 -3 0 0 95
10 11 61 29.5 -2 0 0 354
10 11 62 33.2099 3.19855 9.23904 0.465441 403
10 11 63 25.5 -2 0 0 217
10 12 0 33.8052 1.75405 6.35759 0.333493 397
10 12 1 29.5 -2 0 0 420
10 12 2 34.4327 1.85034 6.63681 0.346849 533
10 12 3 25.5 -2 0 0 838
10 12 4 25.5 -2 0 0 339
10 12 5 29.5 -2 0 0 341
10 12 6 32.5041 1.38452 5.54136 0.545796 626
10 12 7 34.518 1.19115 6.08758 0.479051 1240
10 12 8 25.5 -2 0 0 356
10 12 9 34.9821 1.42846 6.09782 0.463901 1024
10 12 10 25.5 -2 0 0 1229
10 12 11 33.8199 1.73621 5.47113 0.494917 304
10 12 12 34.7093 1.43294 6.71183 0.399926 589
10 12 13 34.316 1.02577 5.83428 0.406674 666
10 12 14 34.762 3.0789 10.0156 0.371665 250
10 12 15 33.7515 1.36102 6.28767 0.387181 526
10 12 16 29.5 -2 0 0 2354
10 12 17 29.5 -2 0 0 266
10 12 18 35.2108 1.88973 7.81809 0.606773 487
10 12 19 33.3203 1.37125 6.02892 0.660029 1221
10 12 20 33.1741 1.86574 7.2072 0.417622 376
10 12 21 34.3892 1.65841 6.45359 0.496161 935
10 12 22 36.0446 1.36027 6.63504 0.395462 999
10 12 23 25.5 -2 0 0 210
10 12 24 29.5 -2 0 0 309
10 12 25 33.0821 1.10595 5.45785 0.619339 952
10 12 26 29.5 -2 0 0 248
10 12 27 34.7993 1.5979 6.86112 0.462766 534
10 12 28 34.8855 1.60792 7.69585 0.431426 684
10 12 29 33.9708 2.09766 7.05097 0.344266 218
10 12 30 36.1168 2.76597 10.8125 0.476811 356
10 12 31 34.9034 1.56677 6.23345 0.591021 760
10 12 32 32.7934 1.25881 5.87838 0.577026 600
10 12 33 29.5 -2 0 0 402
10 12 34 33.5 -2 0 0 206
10 12 35 31.4468 1.20014 5.6827 0.411386 706
10 12 36 29.5 -2 0 0 279
10 12 37 34.1295 3.00538 7.57389 0.531712 271
10 12 38 25.5 -2 0 0 641
10 12 39 29.5 -2 0 0 234
10 12 40 35.9834 2.0399 7.86664 0.43266 299
10 12 41 29.5 -2 0 0 439
10 12 42 31.3758 1.43052 4.85264 0.513639 245
10 12 43 25.5 -2 0 0 226
10 12 44 36.5256 2.23382 8.63674 0.558614 411
10 12 45 29.5 -2 0 0 394
10 12 46 33.5 -2 0 0 222
10 12 47 35.7249 1.96003 8.07794 0.540828 452
10 12 48 25.5 -2 0 0 311
10 12 49 36.1674 -3 0 0 181
10 12 50 29.5 -2 0 0 301
10 12 51 36.1674 -3 0 0 154
10 12 52 36.1674 -3 0 0 161
10 12 53 25.5 -2 0 0 338
10 12 54 25.5 -2 0 0 265
10 12 55 36.1674 -3 0 0 168
10 12 56 36.1674 -3 0 0 190
10 12 57 36.1674 -3 0 0 198
10 12 58 29.5 -2 0 0 221
10 12 59 36.1674 -3 0 0 166
10 12 60 31.5352 2.29115 7.62695 0.377551 287
10 12 61 36.1674 -3 0 0 151
10 12 62 36.1674 -3 0 0 162
10 12 63 36.1674 -3 0 0 181
10 13 0 31.0866 1.30899 5.16212 0.334815 375
10 13 1 25.5 -2 0 0 258
10 13 2 35.7456 2.44986 8.37814 0.290812 250
10 13 3 34.5407 -3 0 0 101
10 13 4 34.5407 -3 0 0 165
10 13 5 34.5407 -3 0 0 169
10 13 6 34.5407 -3 0 0 171
10 13 7 34.5407 -3 0 0 93
10 13 8 25.5 -2 0 0 205
10 13 9 34.5407 -3 0 0 130
10 13 10 34.5407 -3 0 0 87
10 13 11 29.5 -2 0 0 240
10 13 12 34.5407 -3 0 0 143
10 13 13 34.5407 -3 0 0 105
10 13 14 34.4387 2.73571 7.6728 0.436358 356
10 13 15 34.5407 -3 0 0 111
10 13 16 34.5407 -3 0 0 104
10 13 17 25.5 -2 0 0 307
10 13 18 34.5407 -3 0 0 163
10 13 19 34.5407 -3 0 0 76
10 13 20 34.5407 -3 0 0 175
10 13 21 34.5407 -3 0 0 141
10 13 22 34.5407 -3 0 0 112
10 13 23 25.5 -2 0 0 254
10 13 24 25.5 -2 0 0 280
10 13 25 34.5407 -3 0 0 73
10 13 26 31.5003 1.73522 4.96553 0.480444 419
10 13 27 34.5407 -3 0 0 122
10 13 28 34.5407 -3 0 0 108
10 13 29 29.5 -2 0 0 268
10 13 30 34.5407 -3 0 0 166
10 13 31 34.5407 -3 0 0 95
10 13 32 34.5407 -3 0 0 109
10 13 33 34.5407 -3 0 0 118
10 13 34 34.9109 1.91829 7.33525 0.310087 433
10 13 35 34.5407 -3 0 0 120
10 13 36 34.5407 -3 0 0 148
10 13 37 34.6486 2.21599 7.896 0.308567 223
10 13 38 34.5407 -3 0 0 123
10 13 39 32.9205 2.90518 6.13954 0.421775 247
10 13 40 34.5407 -3 0 0 189
10 13 41 34.5407 -3 0 0 133
10 13 42 29.5 -2 0 0 235
10 13 43 33.2709 1.74907 6.40299 0.429246 352
10 13 44 34.5407 -3 0 0 120
10 13 45 34.5407 -3 0 0 137
10 13 46 29.5 -2 0 0 466
10 13 47 34.5407 -3 0 0 139
10 13 48 34.5407 -3 0 0 155
10 13 49 35.5999 2.92431 9.97868 0.329467 276
10 13 50 34.5407 -3 0 0 129
10 13 51 31.1148 1.72909 6.37922 0.287563 511
10 13 52 25.5 -2 0 0 375
10 13 53 34.5407 -3 0 0 124
10 13 54 32.7062 2.05729 7.53235 0.290588 228
10 13 55 25.5 -2 0 0 405
10 13 56 25.5 -2 0 0 305
10 13 57 33.2289 1.61042 6.56167 0.249637 282
10 13 58 25.5 -2 0 0 243
10 13 59 25.5 -2 0 0 548
10 13 60 34.5407 -3 0 0 180
10 13 61 30.5421 1.49629 5.59945 0.349338 727
10 13 62 31.5538 1.60225 6.18961 0.333032 596
10 13 63 31.3288 1.71799 6.10656 0.380854 298
10 14 0 29.5 -2 0 0 296
10 14 1 31.4241 1.44367 5.76465 0.465876 373
10 14 2 32.5209 1.29792 5.01083 0.563459 448
10 14 3 29.5 -2 0 0 437
10 14 4 35.2672 2.60458 8.94656 0.351252 263
10 14 5 29.5 -2 0 0 317
10 14 6 32.7849 1.25157 4.78716 0.331555 464
10 14 7 34.4564 1.57165 5.94825 0.30398 724
10 14 8 29.5 -2 0 0 287
10 14 9 32.1149 1.5645 4.75904 0.718444 681
10 14 10 35.7317 1.44701 6.72316 0.307352 817
10 14 11 29.5 -2 0 0 248
10 14 12 32.3853 1.25503 5.21793 0.507656 431
10 14 13 35.803 2.1734 8.02557 0.414849 410
10 14 14 35.3252 3.27185 10.3907 0.355447 233
10 14 15 29.5 -2 0 0 344
10 14 16 33.4311 1.14429 5.34878 0.35657 1062
10 14 17 29.5 -2 0 0 201
10 14 18 29.5 -2 0 0 274
10 14 19 36.3999 1.82505 7.40221 0.376233 519
10 14 20 29.5 -2 0 0 216
10 14 21 34.8976 1.49438 6.09984 0.412968 557
10 14 22 34.7976 1.58674 5.9212 0.332935 531
10 14 23 36.4099 3.54227 11.3832 0.348885 206
10 14 24 29.5 -2 0 0 231
10 14 25 29.5 -2 0 0 446
10 14 26 36.1664 -3 0 0 185
10 14 27 29.5 -2 0 0 283
10 14 28 29.5 -2 0 0 305
10 14 29 36.1664 -3 0 0 172
10 14 30 36.3739 3.0661 10.6424 0.363589 236
10 14 31 41.5 -2 0 0 280
10 14 32 29.5 -2 0 0 218
10 14 33 36.1148 2.56485 9.40683 0.273449 233
10 14 34 36.1664 -3 0 0 158
10 14 35 33.5 -2 0 0 243
10 14 36 36.1664 -3 0 0 171
10 14 37 36.1664 -3 0 0 137
10 14 38 36.1664 -3 0 0 176
10 14 39 36.1664 -3 0 0 100
10 14 40 36.1664 -3 0 0 179
10 14 41 36.1664 -3 0 0 194
10 14 42 36.1664 -3 0 0 131
10 14 43 36.1664 -3 0 0 139
10 14 44 36.1664 -3 0 0 158
10 14 45 0 -10 0 0 0
10 14 46 36.1664 -3 0 0 141
10 14 47 36.1664 -3 0 0 136
10 14 48 36.1664 -3 0 0 175
10 14 49 36.1664 -3 0 0 122
10 14 50 36.1664 -3 0 0 129
10 14 51 36.1664 -3 0 0 90
10 14 52 36.1664 -3 0 0 118
10 14 53 36.1664 -3 0 0 125
10 14 54 36.1664 -3 0 0 143
10 14 55 36.1664 -3 0 0 91
10 14 56 36.1664 -3 0 0 99
10 14 57 36.1664 -3 0 0 88
10 14 58 36.1664 -3 0 0 94
10 14 59 36.1664 -3 0 0 112
10 14 60 36.1664 -3 0 0 81
10 14 61 36.1664 -3 0 0 79
10 14 62 36.1664 -3 0 0 85
10 14 63 36.1664 -3 0 0 114
10 15 0 33.2033 -3 0 0 89
10 15 1 33.2033 -3 0 0 68
10 15 2 33.2033 -3 0 0 65
10 15 3 33.2033 -3 0 0 54
10 15 4 33.2033 -3 0 0 83
10 15 5 33.2033 -3 0 0 51
10 15 6 33.2033 -3 0 0 54
10 15 7 33.2033 -3 0 0 47
10 15 8 33.2033 -3 0 0 78
10 15 9 33.2033 -3 0 0 42
10 15 10 33.2033 -3 0 0 44
10 15 11 33.2033 -3 0 0 87
10 15 12 33.2033 -3 0 0 65
10 15 13 33.2033 -3 0 0 65
10 15 14 33.2033 -3 0 0 112
10 15 15 33.2033 -3 0 0 69
10 15 16 33.2033 -3 0 0 26
10 15 17 33.2033 -3 0 0 99
10 15 18 33.2033 -3 0 0 66
10 15 19 33.2033 -3 0 0 54
10 15 20 33.2033 -3 0 0 80
10 15 21 33.2033 -3 0 0 48
10 15 22 33.2033 -3 0 0 40
10 15 23 33.2033 -3 0 0 98
10 15 24 33.2033 -3 0 0 96
10 15 25 33.2033 -3 0 0 44
10 15 26 33.2033 -3 0 0 125
10 15 27 33.2033 -3 0 0 68
10 15 28 33.2033 -3 0 0 56
10 15 29 33.2033 -3 0 0 116
10 15 30 33.2033 -3 0 0 77
10 15 31 33.2033 -3 0 0 60
10 15 32 33.2033 -3 0 0 59
10 15 33 33.2033 -3 0 0 57
10 15 34 33.2033 -3 0 0 141
10 15 35 33.2033 -3 0 0 57
10 15 36 33.2033 -3 0 0 75
10 15 37 33.2033 -3 0 0 120
10 15 38 33.2033 -3 0 0 67
10 15 39 33.2033 -3 0 0 156
10 15 40 33.2033 -3 0 0 106
10 15 41 33.2033 -3 0 0 86
10 15 42 33.2033 -3 0 0 90
10 15 43 33.2033 -3 0 0 141
10 15 44 33.2033 -3 0 0 91
10 15 45 33.2033 -3 0 0 85
10 15 46 33.2033 -3 0 0 195
10 15 47 33.2033 -3 0 0 77
10 15 48 33.2033 -3 0 0 93
10 15 49 33.2033 -3 0 0 137
10 15 50 33.2033 -3 0 0 124
10 15 51 34.4922 2.54022 7.82987 0.262246 258
10 15 52 33.2033 -3 0 0 167
10 15 53 33.2033 -3 0 0 89
10 15 54 33.2033 -3 0 0 97
10 15 55 29.5 -2 0 0 213
10 15 56 33.2033 -3 0 0 144
10 15 57 25.5 -2 0 0 210
10 15 58 33.2033 -3 0 0 139
10 15 59 25.5 -2 0 0 211
10 15 60 33.2033 -3 0 0 98
10 15 61 29.5 -2 0 0 312
10 15 62 29.5 -2 0 0 266
10 15 63 33.2033 -3 0 0 173
11 0 0 31.8693 -3 0 0 191
11 0 1 31.8693 -3 0 0 105
11 0 2 31.8693 -3 0 0 107
11 0 3 31.8693 -3 0 0 96
11 0 4 31.8693 -3 0 0 101
11 0 5 31.8693 -3 0 0 100
11 0 6 31.8693 -3 0 0 120
11 0 7 31.8693 -3 0 0 103
11 0 8 31.8693 -3 0 0 138
11 0 9 31.8693 -3 0 0 86
11 0 10 31.8693 -3 0 0 83
11 0 11 31.8693 -3 0 0 170
11 0 12 31.8693 -3 0 0 108
11 0 13 31.8693 -3 0 0 122
11 0 14 31.8693 -3 0 0 175
11 0 15 31.8693 -3 0 0 92
11 0 16 31.8693 -3 0 0 73
11 0 17 31.8693 -3 0 0 157
11 0 18 31.8693 -3 0 0 96
11 0 19 31.8693 -3 0 0 107
11 0 20 31.8693 -3 0 0 178
11 0 21 31.8693 -3 0 0 100
11 0 22 31.8693 -3 0 0 66
11 0 23 25.5 -2 0 0 227
11 0 24 31.8693 -3 0 0 195
11 0 25 31.8693 -3 0 0 111
11 0 26 25.5 -2 0 0 259
11 0 27 31.8693 -3 0 0 143
11 0 28 31.8693 -3 0 0 99
11 0 29 25.5 -2 0 0 267
11 0 30 31.8693 -3 0 0 133
11 0 31 31.8693 -3 0 0 128
11 0 32 31.8693 -3 0 0 141
11 0 33 31.8693 -3 0 0 140
11 0 34 30.5958 1.86927 6.52295 0.331054 338
11 0 35 31.8693 -3 0 0 148
11 0 36 31.8693 -3 0 0 144
11 0 37 25.5 -2 0 0 258
11 0 38 31.8693 -3 0 0 192
11 0 39 25.5 -2 0 0 359
11 0 40 31.8693 -3 0 0 170
11 0 41 31.8693 -3 0 0 138
11 0 42 31.7667 3.12092 8.84421 0.335454 280
11 0 43 28.8543 1.40616 4.90325 0.386583 244
11 0 44 31.8693 -3 0 0 137
11 0 45 30.7396 2.14306 6.35305 0.351489 231
11 0 46 25.5 -2 0 0 410
11 0 47 21.5 -2 0 0 221
11 0 48 31.8693 -3 0 0 185
11 0 49 25.5 -2 0 0 226
11 0 50 31.8693 -3 0 0 187
11 0 51 30.4031 1.64511 6.30463 0.276526 622
11 0 52 25.5 -2 0 0 326
11 0 53 25.5 -2 0 0 243
11 0 54 25.5 -2 0 0 243
11 0 55 30.1295 1.84575 6.48057 0.350022 394
11 0 56 25.5 -2 0 0 326
11 0 57 28.249 1.48652 5.41939 0.421774 483
11 0 58 25.5 -2 0 0 281
11 0 59 21.5 -2 0 0 445
11 0 60 25.5 -2 0 0 218
11 0 61 29.9122 1.39065 5.97927 0.344956 726
11 0 62 21.5 -2 0 0 586
11 0 63 25.5 -2 0 0 343
11 1 0 35.3264 2.39671 6.09629 0.55974 490
11 1 1 33.0449 1.21997 5.19562 0.603082 550
11 1 2 35.7403 1.92114 8.09712 0.275343 640
11 1 3 32.0545 3.14314 6.83011 0.364706 562
11 1 4 35.9376 1.52335 6.01906 0.34144 357
11 1 5 37.4183 1.81567 7.52015 0.430523 476
11 1 6 36.7199 1.45154 6.74096 0.35881 774
11 1 7 29.5 -2 0 0 667
11 1 8 33.5 -2 0 0 333
11 1 9 36.4592 1.31281 6.49842 0.391591 637
11 1 10 34.5322 1.09334 5.46335 0.462964 625
11 1 11 29.5 -2 0 0 375
11 1 12 37.9484 1.53852 6.48269 0.389688 417
11 1 13 29.5 -2 0 0 345
11 1 14 34.4544 1.15592 4.86185 0.491165 421
11 1 15 36.2616 3.12848 10.7997 0.357647 357
11 1 16 34.4296 1.02361 4.22063 0.66703 947
11 1 17 33.5 -2 0 0 342
11 1 18 29.5 -2 0 0 381
11 1 19 34.6797 1.26514 5.74507 0.350086 412
11 1 20 29.5 -2 0 0 282
11 1 21 35.2557 1.24728 5.30578 0.374219 657
11 1 22 35.4947 1.24008 5.15016 0.345431 455
11 1 23 33.5 -2 0 0 208
11 1 24 36.263 2.18077 6.54557 0.567586 401
11 1 25 33.5 -2 0 0 271
11 1 26 38.6759 2.19801 8.31704 0.514946 343
11 1 27 29.5 -2 0 0 271
11 1 28 29.5 -2 0 0 292
11 1 29 29.5 -2 0 0 253
11 1 30 37.2781 3.21 11.7675 0.508053 286
11 1 31 35.606 1.92399 6.42373 0.422952 241
11 1 32 36.564 1.82065 7.194 0.347249 254
11 1 33 0 -10 0 0 199
11 1 34 29.5 -2 0 0 240
11 1 35 0 -10 0 0 191
11 1 36 29.5 -2 0 0 210
11 1 37 29.5 -2 0 0 217
11 1 38 0 -10 0 0 129
11 1 39 0 -10 0 0 129
11 1 40 0 -10 0 0 167
11 1 41 0 -10 0 0 183
11 1 42 0 -10 0 0 170
11 1 43 0 -10 0 0 190
11 1 44 0 -10 0 0 142
11 1 45 0 -10 0 0 173
11 1 46 29.5 -2 0 0 245
11 1 47 0 -10 0 0 156
11 1 48 0 -10 0 0 191
11 1 49 0 -10 0 0 161
11 1 50 0 -10 0 0 113
11 1 51 0 -10 0 0 86
11 1 52 0 -10 0 0 136
11 1 53 0 -10 0 0 96
11 1 54 0 -10 0 0 117
11 1 55 0 -10 0 0 114
11 1 56 0 -10 0 0 135
11 1 57 0 -10 0 0 106
11 1 58 0 -10 0 0 166
11 1 59 0 -10 0 0 155
11 1 60 0 -10 0 0 129
11 1 61 0 -10 0 0 120
11 1 62 0 -10 0 0 124
11 1 63 0 -10 0 0 140
11 2 0 34.9678 2.14092 6.98803 0.412381 456
11 2 1 25.5 -2 0 0 395
11 2 2 29.5 -2 0 0 367
11 2 3 31.0644 1.77358 6.13667 0.45196 244
11 2 4 31.9027 1.94422 5.82186 0.479632 318
11 2 5 25.5 -2 0 0 301
11 2 6 29.5 -2 0 0 294
11 2 7 34.8403 -3 0 0 95
11 2 8 30.8062 1.52582 5.13228 0.522423 382
11 2 9 35.4259 3.03453 9.51582 0.433494 227
11 2 10 34.8403 -3 0 0 139
11 2 11 33.7061 1.42795 6.16554 0.292774 374
11 2 12 29.5 -2 0 0 288
11 2 13 34.8403 -3 0 0 151
11 2 14 33.4956 1.85731 6.59335 0.365233 677
11 2 15 30.6121 2.31788 8.05553 0.295099 232
11 2 16 34.8403 -3 0 0 169
11 2 17 25.5 -2 0 0 538
11 2 18 29.5 -2 0 0 226
11 2 19 34.8403 -3 0 0 144
11 2 20 29.5 -2 0 0 356
11 2 21 25.5 -2 0 0 266
11 2 22 34.8403 -3 0 0 160
11 2 23 29.5 -2 0 0 400
11 2 24 31.7183 1.34502 5.47437 0.497498 446
11 2 25 34.8403 -3 0 0 92
11 2 26 30.6528 1.23365 4.37831 0.480944 809
11 2 27 25.5 -2 0 0 244
11 2 28 34.8403 -3 0 0 180
11 2 29 34.4843 1.88988 7.85192 0.597187 537
11 2 30 25.5 -2 0 0 248
11 2 31 34.8403 -3 0 0 168
11 2 32 25.5 -2 0 0 225
11 2 33 34.8403 -3 0 0 184
11 2 34 32.5958 1.19642 4.84298 0.507607 900
11 2 35 34.8403 -3 0 0 159
11 2 36 32.0964 2.1731 6.09124 0.453493 312
11 2 37 35.6132 2.13772 7.4483 0.675172 480
11 2 38 29.5 -2 0 0 214
11 2 39 32.6495 1.41587 5.83944 0.482514 490
11 2 40 29.5 -2 0 0 404
11 2 41 29.5 -2 0 0 205
11 2 42 29.9299 1.34285 5.28196 0.434292 472
11 2 43 35.1298 1.63366 6.14025 0.540238 676
11 2 44 25.5 -2 0 0 204
11 2 45 25.5 -2 0 0 286
11 2 46 25.5 -2 0 0 876
11 2 47 33.5 -2 0 0 252
11 2 48 35.8253 2.91492 9.38296 0.535017 358
11 2 49 33.7266 1.79266 6.92895 0.474012 653
11 2 50 31.4467 2.00865 5.79589 0.495356 264
11 2 51 0 -10 0 0 0
11 2 52 25.5 -2 0 0 795
11 2 53 30.5406 1.82799 6.45401 0.342417 292
11 2 54 25.5 -2 0 0 404
11 2 55 25.5 -2 0 0 1039
11 2 56 0 -10 0 0 0
11 2 57 30.8045 1.3012 5.42599 0.481071 957
11 2 58 29.2356 1.16247 4.36524 0.479463 528
11 2 59 25.5 -2 0 0 1141
11 2 60 30.4046 1.47426 5.30702 0.557736 406
11 2 61 0 -10 0 0 0
11 2 62 32.2838 1.08506 5.31639 0.40961 1191
11 2 63 29.6186 1.11528 4.8356 0.606561 651
11 3 0 31.1263 1.38584 4.37892 0.524662 630
11 3 1 28.5879 0.960552 4.16549 0.530116 720
11 3 2 30.3103 1.32874 5.46951 0.364503 544
11 3 3 28.9756 0.960905 4.15058 0.630894 683
11 3 4 25.5 -2 0 0 480
11 3 5 25.5 -2 0 0 663
11 3 6 31.0294 1.10189 5.36627 0.48268 589
11 3 7 25.5 -2 0 0 946
11 3 8 25.5 -2 0 0 372
11 3 9 31.5135 1.29505 5.93068 0.55143 894
11 3 10 30.3358 0.822927 4.51646 0.387155 881
11 3 11 29.5 -2 0 0 337
11 3 12 30.6854 0.977413 5.14924 0.413915 539
11 3 13 29.9552 1.02714 5.39106 0.506904 530
11 3 14 29.2722 1.4736 4.96462 0.469753 578
11 3 15 30.7237 1.64661 5.01792 0.460142 548
11 3 16 30.9986 1.13393 5.07703 0.478575 1301
11 3 17 31.2067 2.8028 9.71648 0.519693 347
11 3 18 30.3966 1.35651 6.11113 0.377875 440
11 3 19 28.1258 0.829146 3.90431 0.690789 743
11 3 20 25.5 -2 0 0 350
11 3 21 31.4625 1.21494 6.03625 0.452453 907
11 3 22 30.328 1.09947 5.28906 0.586057 636
11 3 23 25.5 -2 0 0 293
11 3 24 31.821 1.67298 6.44627 0.41935 541
11 3 25 25.5 -2 0 0 801
11 3 26 25.5 -2 0 0 297
11 3 27 31.828 1.51771 5.91281 0.540795 431
11 3 28 30.5798 1.30562 5.32706 0.477445 331
11 3 29 30.8157 1.59944 5.30388 0.508716 307
11 3 30 31.0249 1.67801 5.64691 0.592916 257
11 3 31 29.1419 1.18178 5.38244 0.364411 563
11 3 32 33.3394 1.41947 6.31066 0.417614 469
11 3 33 34.0316 2.33205 7.85518 0.541891 356
11 3 34 29.5 -2 0 0 274
11 3 35 25.5 -2 0 0 543
11 3 36 25.5 -2 0 0 337
11 3 37 25.5 -2 0 0 281
11 3 38 30.1546 1.64028 6.25191 0.584881 392
11 3 39 25.5 -2 0 0 281
11 3 40 29.8316 1.18048 4.81484 0.414851 250
11 3 41 29.5 -2 0 0 430
11 3 42 25.5 -2 0 0 279
11 3 43 25.5 -2 0 0 253
11 3 44 29.4195 1.24126 4.81592 0.478321 265
11 3 45 31.5864 1.45265 5.56267 0.555424 352
11 3 46 30.097 1.66999 4.95593 0.459621 307
11 3 47 25.5 -2 0 0 331
11 3 48 25.5 -2 0 0 414
11 3 49 25.5 -2 0 0 275
11 3 50 25.5 -2 0 0 298
11 3 51 33.1588 3.26055 7.95614 0.383181 242
11 3 52 28.5405 1.63388 5.51232 0.411476 280
11 3 53 25.5 -2 0 0 337
11 3 54 31.4316 2.37427 6.81188 0.385055 239
11 3 55 25.5 -2 0 0 276
11 3 56 29.4131 2.12548 7.19078 0.283245 341
11 3 57 25.5 -2 0 0 233
11 3 58 28.885 2.29957 6.66046 0.354566 245
11 3 59 25.5 -2 0 0 283
11 3 60 25.5 -2 0 0 292
11 3 61 25.5 -2 0 0 247
11 3 62 0 -10 0 0 185
11 3 63 29.8902 1.69055 5.29169 0.476838 229
11 4 0 25.5 -2 0 0 1582
11 4 1 25.5 -2 0 0 1012
11 4 2 30.7421 1.07367 5.40505 0.446989 638
11 4 3 25.5 -2 0 0 243
11 4 4 25.5 -2 0 0 437
11 4 5 25.5 -2 0 0 384
11 4 6 25.5 -2 0 0 500
11 4 7 0 -10 0 0 171
11 4 8 25.5 -2 0 0 671
11 4 9 25.5 -2 0 0 359
11 4 10 25.5 -2 0 0 302
11 4 11 25.5 -2 0 0 552
11 4 12 25.5 -2 0 0 334
11 4 13 0 -10 0 0 159
11 4 14 25.5 -2 0 0 1380
11 4 15 29.333 2.24982 6.79046 0.329967 292
11 4 16 0 -10 0 0 171
11 4 17 30.2191 1.40575 6.73205 0.392918 786
11 4 18 29.6844 1.03338 4.83584 0.459926 338
11 4 19 0 -10 0 0 162
11 4 20 25.5 -2 0 0 356
11 4 21 33.2376 1.79963 6.53071 0.349624 459
11 4 22 0 -10 0 0 200
11 4 23 31.2528 1.43174 6.80137 0.416536 434
11 4 24 31.9879 1.0542 5.15825 0.484774 700
11 4 25 0 -10 0 0 135
11 4 26 25.5 -2 0 0 1234
11 4 27 25.5 -2 0 0 205
11 4 28 0 -10 0 0 143
11 4 29 25.5 -2 0 0 759
11 4 30 25.5 -2 0 0 241
11 4 31 0 -10 0 0 178
11 4 32 29.5 -2 0 0 201
11 4 33 25.5 -2 0 0 208
11 4 34 32.5531 1.76096 5.73482 0.620615 845
11 4 35 0 -10 0 0 167
11 4 36 25.5 -2 0 0 230
11 4 37 25.5 -2 0 0 447
11 4 38 0 -10 0 0 132
11 4 39 25.5 -2 0 0 232
11 4 40 25.5 -2 0 0 333
11 4 41 0 -10 0 0 190
11 4 42 30.2979 2.77006 9.08745 0.370076 307
11 4 43 30.4015 1.22532 5.42636 0.457552 511
11 4 44 0 -10 0 0 145
11 4 45 0 -10 0 0 195
11 4 46 25.5 -2 0 0 882
11 4 47 0 -10 0 0 136
11 4 48 25.5 -2 0 0 251
11 4 49 29.1605 1.16454 4.10377 0.593824 358
11 4 50 29.5 -2 0 0 205
11 4 51 34.7457 2.88916 8.1786 0.593325 365
11 4 52 30.4324 1.53009 5.5819 0.443762 524
11 4 53 0 -10 0 0 161
11 4 54 30.8827 1.48151 5.54889 0.396948 228
11 4 55 25.5 -2 0 0 390
11 4 56 30.5499 2.38761 7.52282 0.432646 313
11 4 57 25.5 -2 0 0 363
11 4 58 31.2751 2.76806 8.58731 0.500528 314
11 4 59 25.5 -2 0 0 663
11 4 60 0 -10 0 0 195
11 4 61 31.6249 1.82527 8.07255 0.39678 444
11 4 62 30.3689 1.31695 5.54685 0.349611 505
11 4 63 29.5 -2 0 0 373
11 5 0 25.5 -2 0 0 227
11 5 1 33.5 -2 0 0 205
11 5 2 25.5 -2 0 0 342
11 5 3 30.1905 1.47721 5.57145 0.394264 288
11 5 4 31.7541 1.56471 6.31623 0.376907 278
11 5 5 25.5 -2 0 0 327
11 5 6 25.5 -2 0 0 345
11 5 7 25.5 -2 0 0 490
11 5 8 29.5 -2 0 0 266
11 5 9 25.5 -2 0 0 342
11 5 10 33.5097 2.05346 7.22272 0.391758 414
11 5 11 30.0541 1.87933 5.22319 0.456711 386
11 5 12 25.5 -2 0 0 400
11 5 13 31.2435 1.50367 5.3603 0.387819 447
11 5 14 25.5 -2 0 0 250
11 5 15 31.6352 3.01969 8.84574 0.379487 407
11 5 16 31.7018 2.25806 6.03623 0.431935 300
11 5 17 25.5 -2 0 0 394
11 5 18 29.5 -2 0 0 359
11 5 19 34.6604 1.86251 7.17596 0.4888 609
11 5 20 25.5 -2 0 0 455
11 5 21 25.5 -2 0 0 417
11 5 22 30.7562 1.65816 5.21625 0.429529 339
11 5 23 33.0752 1.92038 7.42859 0.333568 313
11 5 24 25.5 -2 0 0 268
11 5 25 30.5541 1.38786 6.31837 0.424819 717
11 5 26 25.5 -2 0 0 294
11 5 27 25.5 -2 0 0 376
11 5 28 25.5 -2 0 0 374
11 5 29 31.7568 1.65592 4.93907 0.412332 287
11 5 30 29.7117 1.26876 5.32917 0.484149 396
11 5 31 25.5 -2 0 0 755
11 5 32 25.5 -2 0 0 629
11 5 33 30.2517 1.26658 5.70197 0.355432 458
11 5 34 25.5 -2 0 0 387
11 5 35 34.7169 1.95539 8.21054 0.525002 661
11 5 36 31.2514 1.76884 5.65997 0.507943 396
11 5 37 31.1768 2.28698 6.0855 0.503461 408
11 5 38 35.9329 1.56424 7.13528 0.479969 1133
11 5 39 25.5 -2 0 0 1045
11 5 40 30.983 1.55871 6.30816 0.269512 461
11 5 41 25.5 -2 0 0 879
11 5 42 33.0068 2.59001 7.39395 0.432401 365
11 5 43 25.5 -2 0 0 507
11 5 44 30.6921 1.13039 4.94716 0.381145 594
11 5 45 32.9965 1.50129 5.85531 0.459099 455
11 5 46 29.5933 1.49869 5.60109 0.388488 399
11 5 47 25.5 -2 0 0 1322
11 5 48 31.1935 1.47711 5.85964 0.514977 558
11 5 49 29.5 -2 0 0 326
11 5 50 29.2792 0.955663 4.3703 0.420124 794
11 5 51 28.7401 1.09885 4.26759 0.455154 772
11 5 52 29.5 -2 0 0 364
11 5 53 31.1335 1.14101 5.40429 0.520836 1166
11 5 54 30.5478 1.58435 6.48357 0.608803 551
11 5 55 25.5 -2 0 0 560
11 5 56 31.6671 1.2974 5.97312 0.404132 905
11 5 57 29.9456 1.47621 5.36417 0.440624 737
11 5 58 29.2873 1.17489 4.23308 0.488905 670
11 5 59 25.5 -2 0 0 482
11 5 60 25.5 -2 0 0 887
11 5 61 28.6299 1.30141 5.03032 0.373554 572
11 5 62 28.6427 1.52949 5.34256 0.463623 408
11 5 63 29.6388 1.70743 6.03836 0.377795 609
11 6 0 32.0179 1.357 5.94978 0.293273 712
11 6 1 33.7053 2.06059 6.10497 0.49404 578
11 6 2 31.6429 1.58348 6.31923 0.351642 485
11 6 3 33.6842 -3 0 0 175
11 6 4 25.5 -2 0 0 260
11 6 5 34.4376 2.55945 7.75711 0.377777 280
11 6 6 31.2407 1.91756 6.09444 0.364044 347
11 6 7 33.6842 -3 0 0 105
11 6 8 31.0859 1.737 5.67189 0.316531 410
11 6 9 25.5 -2 0 0 277
11 6 10 33.6842 -3 0 0 142
11 6 11 32.9627 1.94267 6.84989 0.358014 297
11 6 12 29.5 -2 0 0 279
11 6 13 33.6842 -3 0 0 124
11 6 14 34.8882 2.58056 6.74286 0.391567 570
11 6 15 33.6842 -3 0 0 146
11 6 16 33.6842 -3 0 0 177
11 6 17 32.5082 1.85731 6.21425 0.390715 357
11 6 18 33.6842 -3 0 0 164
11 6 19 33.6842 -3 0 0 147
11 6 20 29.5 -2 0 0 217
11 6 21 33.0989 2.2173 6.50961 0.308518 282
11 6 22 33.6842 -3 0 0 182
11 6 23 37.5 -2 0 0 208
11 6 24 25.5 -2 0 0 423
11 6 25 33.6842 -3 0 0 108
11 6 26 31.9763 2.04864 5.72904 0.373416 408
11 6 27 33.6842 -3 0 0 161
11 6 28 33.6842 -3 0 0 88
11 6 29 33.5 -2 0 0 288
11 6 30 33.6842 -3 0 0 143
11 6 31 33.6842 -3 0 0 128
11 6 32 33.6842 -3 0 0 118
11 6 33 33.6842 -3 0 0 107
11 6 34 29.5 -2 0 0 371
11 6 35 33.6842 -3 0 0 91
11 6 36 33.6842 -3 0 0 132
11 6 37 33.6842 -3 0 0 191
11 6 38 33.6842 -3 0 0 70
11 6 39 33.6842 -3 0 0 116
11 6 40 33.6842 -3 0 0 167
11 6 41 33.6842 -3 0 0 71
11 6 42 33.6842 -3 0 0 140
11 6 43 29.5 -2 0 0 236
11 6 44 33.6842 -3 0 0 83
11 6 45 33.6842 -3 0 0 111
11 6 46 29.5 -2 0 0 318
11 6 47 33.6842 -3 0 0 78
11 6 48 33.6842 -3 0 0 111
11 6 49 33.6842 -3 0 0 110
11 6 50 33.6842 -3 0 0 91
11 6 51 33.6842 -3 0 0 167
11 6 52 33.6842 -3 0 0 186
11 6 53 33.6842 -3 0 0 70
11 6 54 33.6842 -3 0 0 112
11 6 55 33.6842 -3 0 0 155
11 6 56 33.6842 -3 0 0 111
11 6 57 33.6842 -3 0 0 121
11 6 58 33.6842 -3 0 0 115
11 6 59 29.5 -2 0 0 213
11 6 60 33.6842 -3 0 0 107
11 6 61 33.6842 -3 0 0 171
11 6 62 33.6842 -3 0 0 144
11 6 63 33.6842 -3 0 0 131
11 7 0 0 -10 0 0 137
11 7 1 0 -10 0 0 129
11 7 2 0 -10 0 0 98
11 7 3 0 -10 0 0 165
11 7 4 25.5 -2 0 0 214
11 7 5 0 -10 0 0 150
11 7 6 0 -10 0 0 135
11 7 7 0 -10 0 0 158
11 7 8 0 -10 0 0 141
11 7 9 0 -10 0 0 132
11 7 10 0 -10 0 0 136
11 7 11 0 -10 0 0 149
11 7 12 0 -10 0 0 117
11 7 13 0 -10 0 0 168
11 7 14 0 -10 0 0 122
11 7 15 0 -10 0 0 181
11 7 16 0 -10 0 0 129
11 7 17 0 -10 0 0 163
11 7 18 0 -10 0 0 162
11 7 19 0 -10 0 0 172
11 7 20 25.5 -2 0 0 250
11 7 21 0 -10 0 0 135
11 7 22 0 -10 0 0 136
11 7 23 25.5 -2 0 0 219
11 7 24 0 -10 0 0 144
11 7 25 33.536 2.40333 9.47743 0.395521 235
11 7 26 0 -10 0 0 191
11 7 27 29.5 -2 0 0 260
11 7 28 29.5 -2 0 0 213
11 7 29 0 -10 0 0 194
11 7 30 25.5 -2 0 0 259
11 7 31 31.902 1.35625 5.57597 0.493705 431
11 7 32 25.5 -2 0 0 318
11 7 33 25.5 -2 0 0 346
11 7 34 29.5 -2 0 0 214
11 7 35 30.345 1.18534 4.95083 0.483406 541
11 7 36 25.5 -2 0 0 366
11 7 37 25.5 -2 0 0 308
11 7 38 25.5 -2 0 0 602
11 7 39 25.5 -2 0 0 872
11 7 40 29.5 -2 0 0 259
11 7 41 25.5 -2 0 0 393
11 7 42 30.4621 1.13164 4.65733 0.479373 415
11 7 43 29.5 -2 0 0 272
11 7 44 30.5179 1.24796 5.40271 0.503543 694
11 7 45 25.5 -2 0 0 487
11 7 46 25.5 -2 0 0 298
11 7 47 25.5 -2 0 0 1096
11 7 48 25.5 -2 0 0 435
11 7 49 25.5 -2 0 0 419
11 7 50 30.3038 1.2976 4.57026 0.416767 469
11 7 51 31.3462 1.05226 4.74456 0.375376 589
11 7 52 30.5905 1.96427 6.44426 0.376127 305
11 7 53 25.5 -2 0 0 756
11 7 54 29.9132 1.81036 6.86521 0.527619 508
11 7 55 25.5 -2 0 0 425
11 7 56 32.5405 1.59585 6.99401 0.428468 910
11 7 57 25.5 -2 0 0 745
11 7 58 31.4054 1.59196 6.93553 0.359107 570
11 7 59 29.9975 2.29126 7.40711 0.393884 298
11 7 60 30.2298 1.37056 5.31172 0.404613 842
11 7 61 31.6849 1.99798 7.47801 0.49843 543
11 7 62 25.5 -2 0 0 379
11 7 63 25.5 -2 0 0 541
11 8 0 35.818 -3 0 0 109
11 8 1 35.818 -3 0 0 93
11 8 2 35.818 -3 0 0 115
11 8 3 35.818 -3 0 0 125
11 8 4 35.818 -3 0 0 150
11 8 5 35.818 -3 0 0 117
11 8 6 35.818 -3 0 0 128
11 8 7 29.5 -2 0 0 210
11 8 8 35.818 -3 0 0 134
11 8 9 35.818 -3 0 0 147
11 8 10 35.818 -3 0 0 154
11 8 11 35.818 -3 0 0 149
11 8 12 35.818 -3 0 0 97
11 8 13 29.5 -2 0 0 222
11 8 14 35.818 -3 0 0 100
11 8 15 29.5 -2 0 0 208
11 8 16 35.818 -3 0 0 183
11 8 17 35.818 -3 0 0 130
11 8 18 35.818 -3 0 0 148
11 8 19 34.8306 3.10004 9.86459 0.410248 216
11 8 20 35.818 -3 0 0 185
11 8 21 35.818 -3 0 0 133
11 8 22 35.818 -3 0 0 180
11 8 23 35.818 -3 0 0 176
11 8 24 35.818 -3 0 0 132
11 8 25 36.4194 2.31551 8.5556 0.319827 251
11 8 26 35.818 -3 0 0 167
11 8 27 29.5 -2 0 0 243
11 8 28 29.5 -2 0 0 239
11 8 29 35.818 -3 0 0 185
11 8 30 29.5 -2 0 0 204
11 8 31 35.4095 3.35977 9.8335 0.316488 363
11 8 32 29.5 -2 0 0 317
11 8 33 36.3021 3.17638 6.97261 0.520401 262
11 8 34 35.818 -3 0 0 142
11 8 35 34.3892 2.25314 7.5203 0.497802 387
11 8 36 33.8678 1.70345 5.80834 0.405164 230
11 8 37 35.818 -3 0 0 162
11 8 38 32.7087 1.36214 5.45324 0.28275 760
11 8 39 34.3775 2.14804 6.26994 0.440391 551
11 8 40 35.818 -3 0 0 197
11 8 41 35.4033 1.70163 6.09643 0.468959 368
11 8 42 40.5281 3.79298 11.8014 0.392827 228
11 8 43 35.818 -3 0 0 173
11 8 44 32.7739 1.21677 5.29097 0.353461 471
11 8 45 29.5 -2 0 0 404
11 8 46 29.5 -2 0 0 204
11 8 47 34.6782 1.36806 6.30186 0.312899 1104
11 8 48 29.5 -2 0 0 272
11 8 49 34.969 1.71486 6.35475 0.320683 319
11 8 50 25.5 -2 0 0 526
11 8 51 32.807 1.51945 5.34484 0.464301 330
11 8 52 35.818 -3 0 0 189
11 8 53 33.5398 0.970271 4.57176 0.433319 499
11 8 54 33.8645 1.66224 6.3743 0.353825 438
11 8 55 29.5 -2 0 0 246
11 8 56 34.7386 1.34569 6.27834 0.338435 453
11 8 57 34.2587 1.68523 6.2544 0.439944 405
11 8 58 34.0183 2.36403 5.89502 0.571227 318
11 8 59 35.7119 2.33005 8.62706 0.294453 222
11 8 60 32.5699 1.3769 6.14631 0.309327 834
11 8 61 37.5 -2 0 0 272
11 8 62 29.5 -2 0 0 250
11 8 63 29.5 -2 0 0 307
11 9 0 25.5 -2 0 0 474
11 9 1 25.5 -2 0 0 291
11 9 2 25.5 -2 0 0 222
11 9 3 31.4503 -3 0 0 119
11 9 4 31.4503 -3 0 0 119
11 9 5 31.4503 -3 0 0 172
11 9 6 25.5 -2 0 0 246
11 9 7 31.4503 -3 0 0 96
11 9 8 31.4503 -3 0 0 163
11 9 9 31.4503 -3 0 0 146
11 9 10 31.4503 -3 0 0 94
11 9 11 31.4503 -3 0 0 158
11 9 12 31.4503 -3 0 0 125
11 9 13 31.4503 -3 0 0 83
11 9 14 25.5 -2 0 0 286
11 9 15 31.4503 -3 0 0 84
11 9 16 31.4503 -3 0 0 73
11 9 17 33.5 -2 0 0 225
11 9 18 31.4503 -3 0 0 121
11 9 19 31.4503 -3 0 0 66
11 9 20 31.4503 -3 0 0 124
11 9 21 31.4503 -3 0 0 137
11 9 22 31.4503 -3 0 0 109
11 9 23 31.4503 -3 0 0 120
11 9 24 25.5 -2 0 0 233
11 9 25 31.4503 -3 0 0 77
11 9 26 25.5 -2 0 0 249
11 9 27 31.4503 -3 0 0 58
11 9 28 31.4503 -3 0 0 92
11 9 29 31.4503 -3 0 0 140
11 9 30 31.4503 -3 0 0 93
11 9 31 31.4503 -3 0 0 72
11 9 32 31.4503 -3 0 0 50
11 9 33 31.4503 -3 0 0 58
11 9 34 29.5 -2 0 0 224
11 9 35 31.4503 -3 0 0 52
11 9 36 31.4503 -3 0 0 74
11 9 37 31.4503 -3 0 0 84
11 9 38 31.4503 -3 0 0 44
11 9 39 31.4503 -3 0 0 81
11 9 40 31.4503 -3 0 0 75
11 9 41 31.4503 -3 0 0 45
11 9 42 31.4503 -3 0 0 89
11 9 43 31.4503 -3 0 0 138
11 9 44 31.4503 -3 0 0 54
11 9 45 31.4503 -3 0 0 42
11 9 46 31.4503 -3 0 0 180
11 9 47 31.4503 -3 0 0 54
11 9 48 31.4503 -3 0 0 79
11 9 49 31.4503 -3 0 0 101
11 9 50 31.4503 -3 0 0 62
11 9 51 31.4503 -3 0 0 89
11 9 52 31.4503 -3 0 0 137
11 9 53 31.4503 -3 0 0 48
11 9 54 31.4503 -3 0 0 71
11 9 55 31.4503 -3 0 0 122
11 9 56 31.4503 -3 0 0 84
11 9 57 31.4503 -3 0 0 95
11 9 58 31.4503 -3 0 0 87
11 9 59 31.4503 -3 0 0 158
11 9 60 31.4503 -3 0 0 47
11 9 61 31.4503 -3 0 0 122
11 9 62 31.4503 -3 0 0 148
11 9 63 31.4503 -3 0 0 89
11 10 0 31.6206 -3 0 0 180
11 10 1 31.6206 -3 0 0 182
11 10 2 25.5 -2 0 0 204
11 10 3 31.7782 1.88156 7.66875 0.364272 361
11 10 4 21.5 -2 0 0 352
11 10 5 31.7769 3.09151 10.3097 0.445259 293
11 10 6 25.5 -2 0 0 240
11 10 7 27.3436 1.60202 4.35037 0.566512 686
11 10 8 31.6206 -3 0 0 181
11 10 9 25.5 -2 0 0 302
11 10 10 28.9317 1.2411 5.26483 0.489903 322
11 10 11 25.5 -2 0 0 250
11 10 12 33.9046 2.30589 9.06476 0.489765 360
11 10 13 30.0698 1.46382 5.34893 0.503554 585
11 10 14 25.5 -2 0 0 216
11 10 15 28.3583 1.45393 5.66948 0.519251 345
11 10 16 30.4399 1.29103 5.02872 0.481564 376
11 10 17 29.742 1.89811 6.45786 0.272391 248
11 10 18 29.4471 2.41675 8.17999 0.392507 405
11 10 19 30.6311 1.2738 5.10851 0.481694 526
11 10 20 25.5 -2 0 0 383
11 10 21 29.3 2.76291 7.73672 0.308644 258
11 10 22 30.4248 2.25622 7.95986 0.59464 438
11 10 23 25.5 -2 0 0 310
11 10 24 31.6206 -3 0 0 198
11 10 25 26.924 1.07267 5.19844 0.431254 719
11 10 26 25.5 -2 0 0 252
11 10 27 29.5113 1.69585 5.56746 0.46839 431
11 10 28 30.8293 1.56172 5.75987 0.5369 454
11 10 29 25.5 -2 0 0 280
11 10 30 28.16 1.77457 4.13666 0.701799 422
11 10 31 25.5 -2 0 0 1016
11 10 32 29.4347 1.55628 7.21959 0.455277 785
11 10 33 31.7288 1.89843 6.68509 0.545143 527
11 10 34 25.5 -2 0 0 252
11 10 35 31.3563 1.30745 6.28266 0.736058 1446
11 10 36 25.5 -2 0 0 442
11 10 37 25.5 -2 0 0 284
11 10 38 29.8995 1.23374 5.67999 0.455286 1515
11 10 39 28.4926 1.10911 4.53226 0.481586 862
11 10 40 25.5 -2 0 0 328
11 10 41 28.8987 1.32596 4.80381 0.738619 673
11 10 42 25.5 -2 0 0 418
11 10 43 25.5 -2 0 0 298
11 10 44 29.2472 1.31372 5.45691 0.601613 1044
11 10 45 27.8375 1.00781 4.97999 0.735685 784
11 10 46 25.5 -2 0 0 239
11 10 47 30.3445 1.09665 6.17982 0.424317 1872
11 10 48 30.9665 2.00041 7.22588 0.510798 436
11 10 49 25.5 -2 0 0 320
11 10 50 29.1221 1.62857 5.54852 0.530651 798
11 10 51 25.5 -2 0 0 471
11 10 52 25.7608 1.35393 5.19063 0.304438 345
11 10 53 31.801 1.36251 7.36276 0.395058 1377
11 10 54 27.2782 1.86629 6.59766 0.468363 622
11 10 55 25.5 -2 0 0 382
11 10 56 29.9972 1.33002 5.33851 0.417214 629
11 10 57 30.1178 1.15074 5.39474 0.290765 509
11 10 58 30.8092 1.86605 6.31745 0.53878 501
11 10 59 29.682 2.34021 7.12722 0.40294 217
11 10 60 21.5 -2 0 0 1047
11 10 61 31.7304 2.24912 7.98221 0.411226 443
11 10 62 21.5 -2 0 0 321
11 10 63 29.6607 1.92452 6.46245 0.416376 372
11 11 0 28.3929 1.10734 4.46584 0.456266 788
11 11 1 31.408 1.75094 6.55472 0.273695 426
11 11 2 29.9262 1.24481 5.00341 0.306669 417
11 11 3 0 -10 0 0 169
11 11 4 33.2057 2.08917 5.98729 0.373765 235
11 11 5 25.5 -2 0 0 278
11 11 6 30.6731 2.09925 6.42113 0.396026 322
11 11 7 0 -10 0 0 110
11 11 8 29.9407 1.88658 6.41941 0.342543 278
11 11 9 0 -10 0 0 195
11 11 10 0 -10 0 0 195
11 11 11 27.6352 1.66544 5.04696 0.507408 302
11 11 12 25.5 -2 0 0 291
11 11 13 0 -10 0 0 166
11 11 14 28.9522 1.16999 4.33484 0.559899 664
11 11 15 0 -10 0 0 175
11 11 16 0 -10 0 0 108
11 11 17 31.5824 1.6387 6.80541 0.245006 404
11 11 18 25.5 -2 0 0 205
11 11 19 0 -10 0 0 134
11 11 20 31.0373 2.15433 5.94721 0.373432 253
11 11 21 30.767 1.86837 5.62083 0.300217 247
11 11 22 0 -10 0 0 107
11 11 23 28.6898 1.40562 5.37493 0.375266 349
11 11 24 31.0821 3.00395 9.93998 0.405677 482
11 11 25 0 -10 0 0 142
11 11 26 29.2288 1.21223 5.09448 0.413944 654
11 11 27 0 -10 0 0 171
11 11 28 0 -10 0 0 103
11 11 29 28.7506 1.25476 4.65513 0.525345 432
11 11 30 0 -10 0 0 161
11 11 31 0 -10 0 0 118
11 11 32 0 -10 0 0 115
11 11 33 0 -10 0 0 164
11 11 34 25.5 -2 0 0 618
11 11 35 0 -10 0 0 90
11 11 36 0 -10 0 0 161
11 11 37 25.5 -2 0 0 248
11 11 38 0 -10 0 0 131
11 11 39 0 -10 0 0 113
11 11 40 30.7131 2.29378 7.35292 0.324856 207
11 11 41 0 -10 0 0 104
11 11 42 0 -10 0 0 192
11 11 43 31.0017 1.80096 5.45475 0.411364 387
11 11 44 0 -10 0 0 124
11 11 45 0 -10 0 0 141
11 11 46 31.3826 1.80468 5.96383 0.493881 552
11 11 47 0 -10 0 0 114
11 11 48 0 -10 0 0 153
11 11 49 29.9897 1.63799 6.11756 0.350495 255
11 11 50 0 -10 0 0 108
11 11 51 32.2671 2.70142 9.09555 0.351784 339
11 11 52 25.5 -2 0 0 346
11 11 53 0 -10 0 0 73
11 11 54 0 -10 0 0 175
11 11 55 29.5 -2 0 0 306
11 11 56 0 -10 0 0 148
11 11 57 25.5 -2 0 0 223
11 11 58 25.5 -2 0 0 231
11 11 59 30.735 1.92268 6.4903 0.332219 533
11 11 60 0 -10 0 0 92
11 11 61 25.5 -2 0 0 349
11 11 62 28.4127 1.79512 5.63354 0.284703 470
11 11 63 25.5 -2 0 0 217
11 12 0 25.5 -2 0 0 418
11 12 1 25.5 -2 0 0 445
11 12 2 26.8706 1.75184 6.20602 0.383635 551
11 12 3 31.1739 1.61408 5.86953 0.501427 830
11 12 4 25.5 -2 0 0 371
11 12 5 30.5533 1.77992 5.61979 0.508567 483
11 12 6 25.5 -2 0 0 617
11 12 7 28.9974 0.922412 4.81732 0.638024 1513
11 12 8 25.5 -2 0 0 495
11 12 9 27.4503 1.16529 5.30855 0.393668 1040
11 12 10 30.0997 1.12757 5.19399 0.508871 1348
11 12 11 25.5 -2 0 0 427
11 12 12 25.5 -2 0 0 713
11 12 13 27.8686 1.22739 5.7483 0.426827 697
11 12 14 27.8706 1.69727 5.27781 0.428079 366
11 12 15 29.2929 1.25535 5.0234 0.661804 803
11 12 16 30.8173 1.06016 5.99657 0.473667 1770
11 12 17 30.0238 1.77448 6.00197 0.401497 389
11 12 18 28.9294 1.5621 4.73904 0.652787 432
11 12 19 25.5 -2 0 0 1075
11 12 20 25.5 -2 0 0 373
11 12 21 29.775 0.879071 4.96469 0.50946 664
11 12 22 29.7827 1.42842 4.96657 0.55251 934
11 12 23 25.5 -2 0 0 301
11 12 24 30.0995 1.48636 5.52346 0.411333 311
11 12 25 25.5 -2 0 0 1269
11 12 26 25.5 -2 0 0 283
11 12 27 31.6865 1.587 5.60879 0.523279 517
11 12 28 25.5 -2 0 0 658
11 12 29 25.5 -2 0 0 255
11 12 30 27.2017 1.02471 5.19991 0.511979 495
11 12 31 28.7487 1.21819 4.2421 0.668125 775
11 12 32 29.9636 1.60193 4.73408 0.374394 651
11 12 33 31.2454 1.54991 6.05239 0.496083 518
11 12 34 25.5 -2 0 0 241
11 12 35 30.9928 1.42011 6.6305 0.354282 883
11 12 36 25.5 -2 0 0 364
11 12 37 25.5 -2 0 0 263
11 12 38 29.2133 2.60132 8.13766 0.613991 520
11 12 39 25.5 -2 0 0 312
11 12 40 29.5 -2 0 0 323
11 12 41 29.2723 1.40467 4.94077 0.627247 522
11 12 42 25.5 -2 0 0 286
11 12 43 28.4307 1.83774 5.25938 0.403178 264
11 12 44 29.5603 1.72963 5.21437 0.446813 591
11 12 45 28.0745 1.655 6.57262 0.367649 434
11 12 46 25.5 -2 0 0 249
11 12 47 30.0172 1.25585 4.95971 0.549785 513
11 12 48 31.5206 2.2104 7.5689 0.455169 382
11 12 49 30.9942 2.39606 7.51955 0.362105 317
11 12 50 25.5 -2 0 0 440
11 12 51 0 -10 0 0 159
11 12 52 29.1208 2.02091 6.06045 0.331018 233
11 12 53 27.2712 1.33835 4.42817 0.586281 421
11 12 54 25.5 -2 0 0 323
11 12 55 0 -10 0 0 169
11 12 56 25.5 -2 0 0 278
11 12 57 21.5 -2 0 0 236
11 12 58 25.5 -2 0 0 281
11 12 59 25.5 -2 0 0 219
11 12 60 28.385 1.52128 4.86122 0.50949 401
11 12 61 0 -10 0 0 139
11 12 62 0 -10 0 0 175
11 12 63 0 -10 0 0 177
11 13 0 31.4617 1.45882 5.65172 0.411571 350
11 13 1 37.5 -2 0 0 274
11 13 2 25.5 -2 0 0 223
11 13 3 34.7441 -3 0 0 137
11 13 4 29.5 -2 0 0 216
11 13 5 34.7441 -3 0 0 195
11 13 6 34.7441 -3 0 0 193
11 13 7 34.7441 -3 0 0 81
11 13 8 29.5 -2 0 0 261
11 13 9 34.7441 -3 0 0 141
11 13 10 34.7441 -3 0 0 99
11 13 11 25.5 -2 0 0 215
11 13 12 34.7441 -3 0 0 181
11 13 13 34.7441 -3 0 0 114
11 13 14 33.953 1.80842 5.97657 0.366358 348
11 13 15 34.7441 -3 0 0 133
11 13 16 34.7441 -3 0 0 108
11 13 17 34.3063 2.63004 8.23402 0.504301 316
11 13 18 34.7441 -3 0 0 140
11 13 19 34.7441 -3 0 0 91
11 13 20 34.7441 -3 0 0 164
11 13 21 34.7441 -3 0 0 144
11 13 22 34.7441 -3 0 0 122
11 13 23 33.5 -2 0 0 267
11 13 24 36.0334 2.45341 9.26654 0.367726 249
11 13 25 34.7441 -3 0 0 60
11 13 26 25.5 -2 0 0 444
11 13 27 34.7441 -3 0 0 123
11 13 28 34.7441 -3 0 0 93
11 13 29 32.3933 1.82508 6.63441 0.476165 362
11 13 30 34.7441 -3 0 0 195
11 13 31 34.7441 -3 0 0 101
11 13 32 34.7441 -3 0 0 121
11 13 33 34.7441 -3 0 0 123
11 13 34 34.0765 1.45907 5.67913 0.261602 419
11 13 35 34.7441 -3 0 0 134
11 13 36 34.7441 -3 0 0 140
11 13 37 31.0825 1.28503 4.77332 0.473506 298
11 13 38 34.7441 -3 0 0 124
11 13 39 29.5 -2 0 0 202
11 13 40 37.5 -2 0 0 232
11 13 41 34.7441 -3 0 0 131
11 13 42 29.5 -2 0 0 213
11 13 43 29.5 -2 0 0 386
11 13 44 34.7441 -3 0 0 125
11 13 45 34.7441 -3 0 0 127
11 13 46 33.5334 1.86083 8.15568 0.254558 621
11 13 47 34.7441 -3 0 0 151
11 13 48 29.5 -2 0 0 216
11 13 49 29.5 -2 0 0 273
11 13 50 34.7441 -3 0 0 159
11 13 51 34.189 1.64546 7.45817 0.342639 478
11 13 52 33.7897 2.0738 6.59768 0.345394 396
11 13 53 34.7441 -3 0 0 169
11 13 54 25.5 -2 0 0 203
11 13 55 33.1012 2.10154 8.06187 0.334351 465
11 13 56 25.5 -2 0 0 290
11 13 57 29.5 -2 0 0 366
11 13 58 34.6594 2.1241 8.02464 0.366501 249
11 13 59 30.0961 1.31144 3.79892 0.62925 611
11 13 60 34.7441 -3 0 0 136
11 13 61 31.1655 1.17914 4.97201 0.300597 696
11 13 62 32.6678 1.76922 5.76507 0.356671 592
11 13 63 25.5 -2 0 0 357
11 14 0 28.9575 1.6823 6.96824 0.362287 390
11 14 1 28.2415 1.1739 4.73773 0.369379 442
11 14 2 25.5 -2 0 0 501
11 14 3 30.1764 1.29484 6.2483 0.409686 550
11 14 4 31.1224 1.67429 6.62309 0.344292 341
11 14 5 28.7027 1.81393 6.3623 0.416846 453
11 14 6 30.9564 1.28313 5.87794 0.364135 510
11 14 7 30.782 1.15043 5.31779 0.443096 841
11 14 8 25.5 -2 0 0 343
11 14 9 31.5593 1.49728 6.20867 0.274972 831
11 14 10 29.8381 1.22895 5.24754 0.371991 826
11 14 11 25.5 -2 0 0 302
11 14 12 25.5 -2 0 0 406
11 14 13 29.3461 1.21385 4.6287 0.508224 517
11 14 14 28.4159 1.56299 6.54937 0.370778 301
11 14 15 34.2176 2.60135 9.05453 0.454398 377
11 14 16 25.5 -2 0 0 1101
11 14 17 28.974 1.63508 6.08928 0.32419 230
11 14 18 25.5 -2 0 0 400
11 14 19 25.5 -2 0 0 643
11 14 20 25.5 -2 0 0 262
11 14 21 30.1469 1.41384 5.22167 0.337108 701
11 14 22 28.9017 1.42438 5.68869 0.409782 499
11 14 23 25.5 -2 0 0 207
11 14 24 29.0039 1.55594 5.97341 0.325487 324
11 14 25 29.814 2.03041 6.78498 0.385773 499
11 14 26 25.5 -2 0 0 233
11 14 27 25.5 -2 0 0 348
11 14 28 25.5 -2 0 0 424
11 14 29 0 -10 0 0 185
11 14 30 25.5 -2 0 0 317
11 14 31 0 -10 0 0 0
11 14 32 25.5 -2 0 0 233
11 14 33 25.5 -2 0 0 253
11 14 34 0 -10 0 0 200
11 14 35 25.5 -2 0 0 323
11 14 36 25.5 -2 0 0 212
11 14 37 0 -10 0 0 178
11 14 38 25.5 -2 0 0 204
11 14 39 0 -10 0 0 107
11 14 40 25.5 -2 0 0 217
11 14 41 25.5 -2 0 0 239
11 14 42 0 -10 0 0 164
11 14 43 0 -10 0 0 190
11 14 44 0 -10 0 0 194
11 14 45 0 -10 0 0 177
11 14 46 0 -10 0 0 165
11 14 47 0 -10 0 0 194
11 14 48 0 -10 0 0 160
11 14 49 0 -10 0 0 153
11 14 50 0 -10 0 0 172
11 14 51 0 -10 0 0 80
11 14 52 0 -10 0 0 107
11 14 53 0 -10 0 0 159
11 14 54 0 -10 0 0 161
11 14 55 0 -10 0 0 94
11 14 56 0 -10 0 0 149
11 14 57 0 -10 0 0 102
11 14 58 0 -10 0 0 96
11 14 59 0 -10 0 0 124
11 14 60 0 -10 0 0 136
11 14 61 0 -10 0 0 107
11 14 62 0 -10 0 0 92
11 14 63 0 -10 0 0 133
11 15 0 33.7623 -3 0 0 126
11 15 1 33.7623 -3 0 0 98
11 15 2 33.7623 -3 0 0 93
11 15 3 33.7623 -3 0 0 50
11 15 4 33.7623 -3 0 0 85
11 15 5 33.7623 -3 0 0 68
11 15 6 33.7623 -3 0 0 60
11 15 7 33.7623 -3 0 0 59
11 15 8 33.7623 -3 0 0 96
11 15 9 33.7623 -3 0 0 68
11 15 10 33.7623 -3 0 0 60
11 15 11 33.7623 -3 0 0 115
11 15 12 33.7623 -3 0 0 62
11 15 13 33.7623 -3 0 0 46
11 15 14 33.7623 -3 0 0 122
11 15 15 33.7623 -3 0 0 75
11 15 16 33.7623 -3 0 0 40
11 15 17 33.7623 -3 0 0 138
11 15 18 33.7623 -3 0 0 64
11 15 19 33.7623 -3 0 0 61
11 15 20 33.7623 -3 0 0 76
11 15 21 33.7623 -3 0 0 70
11 15 22 33.7623 -3 0 0 63
11 15 23 33.7623 -3 0 0 129
11 15 24 33.7623 -3 0 0 99
11 15 25 33.7623 -3 0 0 64
11 15 26 33.7623 -3 0 0 113
11 15 27 33.7623 -3 0 0 73
11 15 28 33.7623 -3 0 0 79
11 15 29 33.7623 -3 0 0 174
11 15 30 33.7623 -3 0 0 77
11 15 31 33.7623 -3 0 0 65
11 15 32 33.7623 -3 0 0 69
11 15 33 33.7623 -3 0 0 85
11 15 34 33.7623 -3 0 0 157
11 15 35 33.7623 -3 0 0 54
11 15 36 33.7623 -3 0 0 92
11 15 37 33.7623 -3 0 0 128
11 15 38 33.7623 -3 0 0 101
11 15 39 33.7623 -3 0 0 166
11 15 40 33.7623 -3 0 0 121
11 15 41 33.7623 -3 0 0 100
11 15 42 33.7623 -3 0 0 116
11 15 43 33.7623 -3 0 0 154
11 15 44 33.7623 -3 0 0 88
11 15 45 33.7623 -3 0 0 76
11 15 46 33.7623 -3 0 0 190
11 15 47 33.7623 -3 0 0 83
11 15 48 33.7623 -3 0 0 96
11 15 49 33.7623 -3 0 0 155
11 15 50 33.7623 -3 0 0 128
11 15 51 34.8287 2.52165 8.53975 0.267716 324
11 15 52 29.5 -2 0 0 204
11 15 53 33.7623 -3 0 0 101
11 15 54 33.7623 -3 0 0 122
11 15 55 25.5 -2 0 0 230
11 15 56 33.7623 -3 0 0 177
11 15 57 25.5 -2 0 0 225
11 15 58 33.7623 -3 0 0 155
11 15 59 25.5 -2 0 0 253
11 15 60 33.7623 -3 0 0 117
11 15 61 25.5 -2 0 0 327
11 15 62 30.7783 2.21945 7.09519 0.312323 310
11 15 63 33.7623 -3 0 0 198
12 0 0 40.9782 -3 0 0 69
12 0 1 40.9782 -3 0 0 98
12 0 2 40.9782 -3 0 0 95
12 0 3 40.9782 -3 0 0 87
12 0 4 40.9782 -3 0 0 104
12 0 5 40.9782 -3 0 0 67
12 0 6 40.9782 -3 0 0 61
12 0 7 40.9782 -3 0 0 74
12 0 8 40.9782 -3 0 0 60
12 0 9 40.9782 -3 0 0 43
12 0 10 40.9782 -3 0 0 8
12 0 11 40.9782 -3 0 0 84
12 0 12 40.9782 -3 0 0 56
12 0 13 0 -10 0 0 0
12 0 14 0 -10 0 0 0
12 0 15 40.9782 -3 0 0 79
12 0 16 0 -10 0 0 0
12 0 17 0 -10 0 0 0
12 0 18 40.9782 -3 0 0 88
12 0 19 40.9782 -3 0 0 104
12 0 20 0 -10 0 0 0
12 0 21 40.9782 -3 0 0 94
12 0 22 40.9782 -3 0 0 109
12 0 23 40.9782 -3 0 0 117
12 0 24 0 -10 0 0 0
12 0 25 40.9782 -3 0 0 98
12 0 26 40.9782 -3 0 0 98
12 0 27 40.9782 -3 0 0 92
12 0 28 40.9782 -3 0 0 144
12 0 29 40.9782 -3 0 0 137
12 0 30 40.9782 -3 0 0 113
12 0 31 40.9782 -3 0 0 114
12 0 32 40.9782 -3 0 0 100
12 0 33 40.9782 -3 0 0 115
12 0 34 40.9782 -3 0 0 139
12 0 35 40.9782 -3 0 0 157
12 0 36 40.9782 -3 0 0 120
12 0 37 40.9782 -3 0 0 148
12 0 38 40.9782 -3 0 0 145
12 0 39 40.9782 -3 0 0 108
12 0 40 40.9782 -3 0 0 122
12 0 41 40.9782 -3 0 0 152
12 0 42 40.9782 -3 0 0 189
12 0 43 40.9782 -3 0 0 200
12 0 44 40.9782 -3 0 0 182
12 0 45 40.9782 -3 0 0 140
12 0 46 37.7797 2.38033 7.35739 0.347096 234
12 0 47 40.9782 -3 0 0 141
12 0 48 40.9782 -3 0 0 120
12 0 49 41.5596 2.82972 8.74121 0.389794 364
12 0 50 40.9782 -3 0 0 193
12 0 51 40.9782 -3 0 0 158
12 0 52 41.5 -2 0 0 295
12 0 53 40.0609 2.02354 6.39091 0.362039 319
12 0 54 40.9782 -3 0 0 166
12 0 55 37.5 -2 0 0 263
12 0 56 40.9782 -3 0 0 141
12 0 57 37.5 -2 0 0 225
12 0 58 33.5 -2 0 0 204
12 0 59 40.9782 -3 0 0 179
12 0 60 0 -10 0 0 0
12 0 61 33.5 -2 0 0 467
12 0 62 40.3384 2.50274 9.09409 0.246126 333
12 0 63 36.5138 3.27254 9.01217 0.312356 350
12 1 0 33.5 -2 0 0 322
12 1 1 41.1205 1.69905 6.5708 0.292753 327
12 1 2 42.4576 1.73333 6.0864 0.311802 375
12 1 3 40.3558 2.90976 8.05747 0.364698 408
12 1 4 33.5 -2 0 0 367
12 1 5 40.9781 1.88382 8.12845 0.332666 567
12 1 6 41.7064 1.41964 6.36363 0.378372 541
12 1 7 43.3589 1.38437 5.71953 0.332602 461
12 1 8 40.7725 1.32569 4.81529 0.430279 515
12 1 9 46.193 3.9742 13.1271 0.472178 322
12 1 10 41.685 1.63536 6.5052 0.345497 470
12 1 11 0 -10 0 0 0
12 1 12 40.1674 1.13564 4.64035 0.478952 571
12 1 13 0 -10 0 0 0
12 1 14 42.5564 1.75046 6.94054 0.299385 425
12 1 15 42.1169 1.95718 7.96123 0.319821 420
12 1 16 40.4336 1.55274 6.17415 0.299092 712
12 1 17 65.5 -2 0 0 213
12 1 18 37.5 -2 0 0 371
12 1 19 43.9132 -3 0 0 133
12 1 20 0 -10 0 0 0
12 1 21 44.6838 3.8659 12.1216 0.425945 244
12 1 22 42.4851 2.16238 6.18168 0.379061 265
12 1 23 46.7871 3.99261 11.5809 0.560642 274
12 1 24 43.0878 2.34973 8.86582 0.314269 258
12 1 25 43.9132 -3 0 0 109
12 1 26 43.9132 -3 0 0 152
12 1 27 43.9132 -3 0 0 190
12 1 28 44.2532 3.77633 11.1817 0.482872 287
12 1 29 43.9132 -3 0 0 107
12 1 30 43.9132 -3 0 0 96
12 1 31 43.9132 -3 0 0 116
12 1 32 43.9132 -3 0 0 159
12 1 33 43.4144 2.3027 8.39524 0.361701 210
12 1 34 45.8167 3.89184 8.15052 0.385334 335
12 1 35 43.9132 -3 0 0 187
12 1 36 43.9132 -3 0 0 179
12 1 37 37.5 -2 0 0 245
12 1 38 41.3132 1.81096 6.09733 0.363794 288
12 1 39 43.9132 -3 0 0 150
12 1 40 43.9132 -3 0 0 116
12 1 41 43.9132 -3 0 0 125
12 1 42 43.9132 -3 0 0 83
12 1 43 43.9132 -3 0 0 175
12 1 44 43.9132 -3 0 0 96
12 1 45 45.011 2.99232 10.2424 0.348823 206
12 1 46 43.9132 -3 0 0 178
12 1 47 43.9132 -3 0 0 181
12 1 48 43.9132 -3 0 0 138
12 1 49 43.9132 -3 0 0 105
12 1 50 43.9132 -3 0 0 74
12 1 51 43.9132 -3 0 0 97
12 1 52 43.9132 -3 0 0 138
12 1 53 43.9132 -3 0 0 92
12 1 54 43.9132 -3 0 0 90
12 1 55 43.9132 -3 0 0 87
12 1 56 43.9132 -3 0 0 82
12 1 57 43.9132 -3 0 0 118
12 1 58 43.9132 -3 0 0 96
12 1 59 43.9132 -3 0 0 123
12 1 60 43.9132 -3 0 0 108
12 1 61 43.9132 -3 0 0 92
12 1 62 43.9132 -3 0 0 161
12 1 63 0 -10 0 0 0
12 2 0 39.0177 1.37674 5.8016 0.406032 461
12 2 1 39.6246 1.86174 6.71632 0.453683 334
12 2 2 41.0666 1.72698 5.89581 0.417191 240
12 2 3 33.5 -2 0 0 279
12 2 4 37.5 -2 0 0 227
12 2 5 33.5 -2 0 0 419
12 2 6 41.6875 -3 0 0 155
12 2 7 42.2895 2.19176 7.90727 0.371324 326
12 2 8 37.5 -2 0 0 287
12 2 9 37.5 -2 0 0 211
12 2 10 41.6875 -3 0 0 195
12 2 11 41.6875 -3 0 0 134
12 2 12 41.6875 -3 0 0 125
12 2 13 41.6875 -3 0 0 157
12 2 14 41.6875 -3 0 0 140
12 2 15 41.6875 -3 0 0 128
12 2 16 41.6875 -3 0 0 99
12 2 17 41.6875 -3 0 0 117
12 2 18 41.5281 2.21169 8.11325 0.243628 279
12 2 19 41.6875 -3 0 0 178
12 2 20 41.6875 -3 0 0 186
12 2 21 39.9043 1.54538 6.2377 0.314661 376
12 2 22 40.8599 1.54969 6.39216 0.429517 590
12 2 23 37.5 -2 0 0 262
12 2 24 41.6875 -3 0 0 143
12 2 25 41.6875 -3 0 0 154
12 2 26 0 -10 0 0 0
12 2 27 43.3251 2.45626 9.081 0.415626 300
12 2 28 33.5 -2 0 0 460
12 2 29 37.5 -2 0 0 201
12 2 30 39.8835 1.53936 6.15861 0.397972 809
12 2 31 40.8963 1.73442 5.62643 0.398704 294
12 2 32 39.9509 1.8371 6.70356 0.360025 205
12 2 33 41.5834 1.62637 6.79576 0.430045 469
12 2 34 41.6875 -3 0 0 163
12 2 35 41.394 1.92902 7.45865 0.350401 339
12 2 36 38.5563 1.93675 7.82373 0.459438 366
12 2 37 41.6875 -3 0 0 126
12 2 38 37.5 -2 0 0 231
12 2 39 41.7599 2.31804 7.76553 0.460055 297
12 2 40 42.2075 1.37195 5.78089 0.316038 818
12 2 41 40.0338 1.4323 6.15431 0.325507 608
12 2 42 39.596 1.35969 5.35272 0.623616 465
12 2 43 38.6617 1.27257 6.10238 0.297653 421
12 2 44 0 -10 0 0 0
12 2 45 0 -10 0 0 0
12 2 46 41.6875 -3 0 0 170
12 2 47 41.6875 -3 0 0 189
12 2 48 41.6875 -3 0 0 151
12 2 49 41.6875 -3 0 0 186
12 2 50 41.2989 2.76281 8.82501 0.395774 210
12 2 51 37.5 -2 0 0 279
12 2 52 33.5 -2 0 0 232
12 2 53 38.2223 1.82475 7.15035 0.381102 381
12 2 54 41.15 2.31787 8.80275 0.504217 445
12 2 55 37.8098 1.35228 5.34904 0.37384 631
12 2 56 38.6681 1.13356 5.40601 0.339891 843
12 2 57 40.8498 1.66854 6.06861 0.241964 1128
12 2 58 39.2231 1.05938 5.22795 0.332374 881
12 2 59 40.7984 2.8964 9.52415 0.375792 238
12 2 60 39.5096 1.35875 5.77001 0.379965 623
12 2 61 39.4991 1.96946 7.41361 0.308926 375
12 2 62 37.5 -2 0 0 327
12 2 63 40.2325 2.5896 6.96635 0.485089 467
12 3 0 40.2095 2.24572 7.32991 0.352224 421
12 3 1 37.3343 1.27257 5.16296 0.501227 465
12 3 2 37.4161 1.19994 5.14146 0.578406 494
12 3 3 35.5686 1.13784 5.12512 0.555841 550
12 3 4 38.5835 1.42564 7.576 0.448179 754
12 3 5 39.5218 1.34665 6.64118 0.654536 602
12 3 6 38.6737 1.24767 6.58647 0.219794 571
12 3 7 39.803 2.06354 6.9099 0.443936 545
12 3 8 38.0507 1.32435 6.35746 0.391836 676
12 3 9 38.872 1.14866 6.34574 0.509461 840
12 3 10 39.9627 1.38411 7.53932 0.452382 749
12 3 11 39.2268 1.34372 6.07748 0.600572 1144
12 3 12 41.1264 1.33189 6.77401 0.508187 1012
12 3 13 33.5 -2 0 0 1313
12 3 14 0 -10 0 0 0
12 3 15 41.3264 1.44276 7.25812 0.447139 744
12 3 16 37.9788 1.15366 6.55389 0.446743 1132
12 3 17 36.2985 1.1209 4.92122 0.86096 616
12 3 18 37.3804 1.30931 7.14334 0.236661 589
12 3 19 40.5925 1.61387 6.56422 0.539812 425
12 3 20 38.1488 1.52148 6.16492 0.664706 465
12 3 21 36.9428 1.46166 6.83565 0.481718 423
12 3 22 40.5215 1.85214 6.33534 0.622078 344
12 3 23 40.9662 1.49639 6.43743 0.565189 344
12 3 24 0 -10 0 0 0
12 3 25 37.3135 1.3651 5.80362 0.436235 452
12 3 26 33.5 -2 0 0 388
12 3 27 39.9127 2.10499 9.06087 0.344818 310
12 3 28 29.5 -2 0 0 317
12 3 29 0 -10 0 0 0
12 3 30 0 -10 0 0 0
12 3 31 38.2518 1.84462 6.62551 0.474995 260
12 3 32 40.2764 1.19035 6.6475 0.301635 595
12 3 33 39.2839 1.89147 6.9691 0.516275 322
12 3 34 41.1312 2.18363 9.71407 0.495352 330
12 3 35 33.5 -2 0 0 321
12 3 36 0 -10 0 0 0
12 3 37 35.4504 1.29391 5.00263 0.466682 394
12 3 38 0 -10 0 0 0
12 3 39 42.8083 2.70975 8.77822 0.343981 228
12 3 40 38.0121 1.07456 5.28221 0.382636 525
12 3 41 43.8496 3.16488 11.1909 0.452337 284
12 3 42 33.5 -2 0 0 247
12 3 43 33.5 -2 0 0 303
12 3 44 39.4017 1.86903 6.92183 0.526516 355
12 3 45 33.5 -2 0 0 277
12 3 46 38.3529 1.4368 6.08261 0.476376 471
12 3 47 33.5 -2 0 0 356
12 3 48 38.832 1.95256 7.7356 0.362189 369
12 3 49 40.2314 2.18387 7.87947 0.446305 261
12 3 50 37.5 -2 0 0 265
12 3 51 38.6221 2.27486 8.05936 0.420927 232
12 3 52 39.9916 2.16911 8.07362 0.293498 324
12 3 53 35.9331 1.71764 7.38843 0.397781 308
12 3 54 37.5 -2 0 0 244
12 3 55 37.5 -2 0 0 218
12 3 56 39.3779 2.78778 9.71484 0.2851 222
12 3 57 40.2375 -3 0 0 196
12 3 58 37.5 -2 0 0 235
12 3 59 37.5 -2 0 0 236
12 3 60 37.5 -2 0 0 230
12 3 61 33.5 -2 0 0 249
12 3 62 35.6139 2.4962 7.20522 0.491492 251
12 3 63 29.5 -2 0 0 227
12 4 0 37.6145 1.34558 6.05892 0.286584 1027
12 4 1 37.4216 1.2486 5.9407 0.239669 751
12 4 2 38.7522 1.48193 5.7045 0.569096 485
12 4 3 37.6758 1.35981 5.40932 0.363325 406
12 4 4 37.5935 1.96655 5.35456 0.435076 324
12 4 5 42.6961 1.61652 7.69075 0.28379 1103
12 4 6 38.8304 2.03839 7.61027 0.389544 208
12 4 7 37.719 1.1217 5.43445 0.345667 755
12 4 8 38.3164 1.25928 5.17758 0.413127 526
12 4 9 39.58 1.71208 6.94374 0.375648 392
12 4 10 33.5 -2 0 0 338
12 4 11 37.5 -2 0 0 213
12 4 12 40.296 -3 0 0 174
12 4 13 37.5 -2 0 0 256
12 4 14 33.5 -2 0 0 214
12 4 15 40.296 -3 0 0 185
12 4 16 40.296 -3 0 0 180
12 4 17 40.296 -3 0 0 139
12 4 18 33.5 -2 0 0 377
12 4 19 33.5 -2 0 0 220
12 4 20 42.2386 2.31418 8.14271 0.480918 253
12 4 21 39.2013 1.2544 5.92792 0.29141 672
12 4 22 39.1519 1.13084 6.01918 0.317526 919
12 4 23 0 -10 0 0 0
12 4 24 40.296 -3 0 0 159
12 4 25 29.5 -2 0 0 211
12 4 26 0 -10 0 0 0
12 4 27 38.1047 1.1758 5.72721 0.4648 392
12 4 28 38.3818 1.14676 6.01518 0.349017 587
12 4 29 41.5 -2 0 0 223
12 4 30 37.8919 1.102 5.47373 0.284434 761
12 4 31 33.5 -2 0 0 276
12 4 32 40.296 -3 0 0 161
12 4 33 39.7868 1.46982 6.09004 0.443214 481
12 4 34 40.296 -3 0 0 125
12 4 35 0 -10 0 0 0
12 4 36 38.7715 2.31354 8.88556 0.378076 286
12 4 37 40.296 -3 0 0 163
12 4 38 40.296 -3 0 0 180
12 4 39 37.5 -2 0 0 203
12 4 40 39.7889 1.28382 6.07073 0.42016 595
12 4 41 39.3043 1.84706 7.82687 0.359136 403
12 4 42 33.5 -2 0 0 342
12 4 43 41.2435 2.70036 9.72704 0.427177 234
12 4 44 37.5 -2 0 0 211
12 4 45 40.296 -3 0 0 175
12 4 46 40.296 -3 0 0 145
12 4 47 40.296 -3 0 0 110
12 4 48 40.296 -3 0 0 111
12 4 49 40.296 -3 0 0 108
12 4 50 40.296 -3 0 0 147
12 4 51 40.296 -3 0 0 164
12 4 52 40.296 -3 0 0 130
12 4 53 40.296 -3 0 0 191
12 4 54 37.5 -2 0 0 252
12 4 55 38.0881 2.46894 8.31192 0.303002 257
12 4 56 41.5 -2 0 0 348
12 4 57 39.4663 1.55911 6.68578 0.285664 435
12 4 58 41.6085 1.66567 7.30408 0.390887 491
12 4 59 40.296 -3 0 0 159
12 4 60 36.5884 1.93773 7.54398 0.421388 392
12 4 61 33.5 -2 0 0 225
12 4 62 40.296 -3 0 0 191
12 4 63 33.5 -2 0 0 307
12 5 0 33.5 -2 0 0 244
12 5 1 38.5503 2.49975 7.46905 0.346606 261
12 5 2 43.2028 2.35876 8.3604 0.352403 338
12 5 3 37.5 -2 0 0 270
12 5 4 35.5702 2.80385 8.51895 0.363046 360
12 5 5 35.2804 2.39188 5.02252 0.573773 350
12 5 6 39.7174 3.8576 11.4447 0.344294 213
12 5 7 41.5 -2 0 0 207
12 5 8 44.4306 2.19993 9.07 0.293411 253
12 5 9 40.4442 2.45099 8.4894 0.336715 237
12 5 10 38.6847 2.02542 8.34029 0.38333 299
12 5 11 39.8021 2.03693 7.75779 0.225051 291
12 5 12 41.5 -2 0 0 321
12 5 13 37.5 -2 0 0 290
12 5 14 39.3621 1.99071 7.71872 0.551292 414
12 5 15 35.3912 1.18512 4.94675 0.62128 509
12 5 16 40.4459 1.97255 7.82865 0.552041 433
12 5 17 39.0127 1.49514 6.07637 0.441057 361
12 5 18 35.4611 2.67688 8.44239 0.323882 349
12 5 19 39.7595 2.06747 8.80833 0.305655 319
12 5 20 37.2382 1.4061 6.17798 0.382613 368
12 5 21 33.5 -2 0 0 322
12 5 22 0 -10 0 0 0
12 5 23 39.2436 2.725 8.18694 0.463314 446
12 5 24 40.5151 2.01975 7.59011 0.391402 301
12 5 25 37.7952 1.43826 6.23556 0.627593 538
12 5 26 38.1242 1.40223 6.011 0.339314 375
12 5 27 38.3143 1.50646 4.92987 0.52735 358
12 5 28 38.5083 1.45351 6.32794 0.339057 451
12 5 29 0 -10 0 0 0
12 5 30 0 -10 0 0 0
12 5 31 39.6983 1.35053 5.73261 0.382581 432
12 5 32 38.0182 1.46868 6.74546 0.309725 734
12 5 33 40.3132 1.68436 6.82796 0.338124 441
12 5 34 33.5 -2 0 0 464
12 5 35 39.9904 1.34898 5.19151 0.409317 431
12 5 36 0 -10 0 0 0
12 5 37 40.5513 1.35238 6.87501 0.388088 506
12 5 38 0 -10 0 0 0
12 5 39 0 -10 0 0 0
12 5 40 0 -10 0 0 0
12 5 41 40.7361 1.60839 7.12876 0.328234 500
12 5 42 0 -10 0 0 0
12 5 43 35.6149 1.95672 7.38092 0.319197 497
12 5 44 39.7303 1.25142 5.80608 0.407897 571
12 5 45 39.1721 1.98944 7.50306 0.570597 448
12 5 46 38.7582 1.18409 5.8035 0.646051 1025
12 5 47 40.4856 1.33197 7.19754 0.324197 1214
12 5 48 36.278 1.13765 5.54267 0.523059 1053
12 5 49 39.7413 1.37908 7.24605 0.529589 922
12 5 50 40.6906 1.64609 8.48265 0.341042 1241
12 5 51 38.9014 1.29631 6.08377 0.416475 865
12 5 52 38.6384 1.24081 6.5053 0.382352 720
12 5 53 38.1986 1.17369 6.36504 0.496653 682
12 5 54 41.0152 1.36974 6.89485 0.384502 871
12 5 55 36.7874 1.09603 5.07972 0.500137 612
12 5 56 39.0023 1.56509 6.4442 0.317844 606
12 5 57 40.892 1.51627 6.69744 0.412901 558
12 5 58 37.61 1.6237 5.54171 0.559493 468
12 5 59 36.7464 1.07365 5.91269 0.403366 760
12 5 60 36.3664 1.17246 5.35163 0.581732 552
12 5 61 36.3291 1.54318 5.6718 0.526262 624
12 5 62 35.5922 1.1666 5.15372 0.506819 548
12 5 63 38.2655 1.577 6.3105 0.422939 508
12 6 0 42.1725 3.70618 10.54 0.347107 215
12 6 1 37.5282 3.18361 8.07957 0.268417 338
12 6 2 37.5 -2 0 0 232
12 6 3 40.7966 -3 0 0 180
12 6 4 40.7966 -3 0 0 150
12 6 5 40.3992 2.005 7.33124 0.293166 402
12 6 6 40.7966 -3 0 0 182
12 6 7 0 -10 0 0 0
12 6 8 37.5 -2 0 0 229
12 6 9 0 -10 0 0 0
12 6 10 40.7966 -3 0 0 179
12 6 11 40.7966 -3 0 0 149
12 6 12 39.3274 2.40774 7.70571 0.347413 255
12 6 13 41.3556 3.35834 8.85439 0.352555 293
12 6 14 37.5 -2 0 0 373
12 6 15 40.0631 2.00352 6.16939 0.286163 460
12 6 16 40.7966 -3 0 0 146
12 6 17 40.7966 -3 0 0 120
12 6 18 0 -10 0 0 0
12 6 19 37.5 -2 0 0 205
12 6 20 40.7966 -3 0 0 171
12 6 21 40.7966 -3 0 0 182
12 6 22 40.7966 -3 0 0 168
12 6 23 40.7966 -3 0 0 143
12 6 24 33.5 -2 0 0 217
12 6 25 40.7966 -3 0 0 102
12 6 26 40.7966 -3 0 0 89
12 6 27 40.7966 -3 0 0 154
12 6 28 40.7966 -3 0 0 162
12 6 29 40.7966 -3 0 0 155
12 6 30 40.7966 -3 0 0 135
12 6 31 40.7966 -3 0 0 135
12 6 32 40.7966 -3 0 0 97
12 6 33 40.7966 -3 0 0 142
12 6 34 40.7966 -3 0 0 148
12 6 35 40.7966 -3 0 0 100
12 6 36 0 -10 0 0 0
12 6 37 40.7966 -3 0 0 99
12 6 38 40.7966 -3 0 0 93
12 6 39 40.7966 -3 0 0 132
12 6 40 0 -10 0 0 0
12 6 41 40.7966 -3 0 0 111
12 6 42 40.7966 -3 0 0 90
12 6 43 40.7966 -3 0 0 88
12 6 44 40.7966 -3 0 0 53
12 6 45 40.7966 -3 0 0 92
12 6 46 40.7966 -3 0 0 78
12 6 47 40.7966 -3 0 0 55
12 6 48 40.7966 -3 0 0 68
12 6 49 40.7966 -3 0 0 54
12 6 50 40.7966 -3 0 0 64
12 6 51 40.7966 -3 0 0 80
12 6 52 40.7966 -3 0 0 52
12 6 53 40.7966 -3 0 0 65
12 6 54 40.7966 -3 0 0 98
12 6 55 40.7966 -3 0 0 107
12 6 56 40.7966 -3 0 0 81
12 6 57 40.7966 -3 0 0 98
12 6 58 40.7966 -3 0 0 81
12 6 59 40.7966 -3 0 0 95
12 6 60 40.7966 -3 0 0 80
12 6 61 40.7966 -3 0 0 89
12 6 62 40.7966 -3 0 0 122
12 6 63 40.7966 -3 0 0 102
12 7 0 40.4939 -3 0 0 102
12 7 1 40.4939 -3 0 0 130
12 7 2 40.4939 -3 0 0 110
12 7 3 40.4939 -3 0 0 126
12 7 4 0 -10 0 0 0
12 7 5 40.4939 -3 0 0 143
12 7 6 40.4939 -3 0 0 155
12 7 7 40.4939 -3 0 0 101
12 7 8 40.4939 -3 0 0 120
12 7 9 40.4939 -3 0 0 111
12 7 10 40.4939 -3 0 0 131
12 7 11 40.4939 -3 0 0 132
12 7 12 40.4939 -3 0 0 121
12 7 13 40.4939 -3 0 0 152
12 7 14 40.4939 -3 0 0 96
12 7 15 40.4939 -3 0 0 168
12 7 16 40.4939 -3 0 0 130
12 7 17 41.5 -2 0 0 208
12 7 18 37.5 -2 0 0 211
12 7 19 40.4939 -3 0 0 188
12 7 20 40.4939 -3 0 0 148
12 7 21 33.5 -2 0 0 201
12 7 22 40.4939 -3 0 0 109
12 7 23 40.4939 -3 0 0 111
12 7 24 40.4939 -3 0 0 124
12 7 25 33.5 -2 0 0 268
12 7 26 40.4939 -3 0 0 198
12 7 27 36.9177 1.29702 6.07079 0.30276 312
12 7 28 40.4939 -3 0 0 122
12 7 29 0 -10 0 0 0
12 7 30 40.4939 -3 0 0 139
12 7 31 37.5 -2 0 0 233
12 7 32 40.5688 2.86653 10.0662 0.351748 255
12 7 33 33.5 -2 0 0 218
12 7 34 37.5 -2 0 0 266
12 7 35 41.7762 2.44068 7.6607 0.449578 229
12 7 36 40.4939 -3 0 0 160
12 7 37 36.4385 1.33068 5.25495 0.37745 421
12 7 38 42.1843 2.10905 7.59261 0.366199 363
12 7 39 0 -10 0 0 0
12 7 40 40.4939 -3 0 0 197
12 7 41 40.4569 1.52713 6.45391 0.383562 315
12 7 42 41.5 -2 0 0 326
12 7 43 39.4555 2.65249 7.27069 0.475112 315
12 7 44 0 -10 0 0 0
12 7 45 0 -10 0 0 0
12 7 46 42.4259 1.82705 7.10207 0.388267 513
12 7 47 39.8951 1.46535 5.66829 0.403646 810
12 7 48 33.5 -2 0 0 516
12 7 49 38.9094 1.35188 5.01413 0.483385 453
12 7 50 39.5414 1.71335 6.31363 0.411317 557
12 7 51 39.5821 1.65707 6.2033 0.350288 744
12 7 52 37.5102 1.71977 6.49725 0.483529 459
12 7 53 37.5815 1.39714 5.36794 0.376979 782
12 7 54 0 -10 0 0 0
12 7 55 39.0423 1.40159 6.41366 0.310547 706
12 7 56 0 -10 0 0 0
12 7 57 37.2984 1.21455 5.67125 0.367137 695
12 7 58 37.0753 1.54131 6.17607 0.317733 483
12 7 59 0 -10 0 0 0
12 7 60 36.7073 1.75911 6.84413 0.43939 530
12 7 61 37.6321 3.09615 6.25343 0.57652 444
12 7 62 37.0719 1.51234 6.71152 0.266039 442
12 7 63 38.5064 2.17341 6.78241 0.402335 435
12 8 0 37.4733 -3 0 0 82
12 8 1 37.4733 -3 0 0 130
12 8 2 37.4733 -3 0 0 82
12 8 3 37.4733 -3 0 0 77
12 8 4 37.4733 -3 0 0 126
12 8 5 37.4733 -3 0 0 139
12 8 6 37.4733 -3 0 0 127
12 8 7 0 -10 0 0 0
12 8 8 37.4733 -3 0 0 99
12 8 9 37.4733 -3 0 0 103
12 8 10 37.4733 -3 0 0 174
12 8 11 37.4733 -3 0 0 124
12 8 12 37.4733 -3 0 0 80
12 8 13 37.4733 -3 0 0 155
12 8 14 37.4733 -3 0 0 112
12 8 15 37.4733 -3 0 0 184
12 8 16 37.4733 -3 0 0 122
12 8 17 37.4733 -3 0 0 192
12 8 18 35.8546 1.81273 6.35157 0.403714 263
12 8 19 37.4733 -3 0 0 196
12 8 20 37.4733 -3 0 0 170
12 8 21 37.4733 -3 0 0 187
12 8 22 37.4733 -3 0 0 81
12 8 23 37.4733 -3 0 0 93
12 8 24 37.4733 -3 0 0 131
12 8 25 0 -10 0 0 0
12 8 26 37.4733 -3 0 0 158
12 8 27 38.7781 2.11424 6.77772 0.338006 252
12 8 28 37.4733 -3 0 0 97
12 8 29 37.4733 -3 0 0 141
12 8 30 37.4733 -3 0 0 125
12 8 31 0 -10 0 0 0
12 8 32 29.5 -2 0 0 205
12 8 33 37.4733 -3 0 0 119
12 8 34 29.5 -2 0 0 319
12 8 35 37.4733 -3 0 0 154
12 8 36 37.4733 -3 0 0 111
12 8 37 34.5677 1.78481 6.42818 0.384224 323
12 8 38 40.9404 3.34995 10.5817 0.467927 428
12 8 39 40.8959 2.44151 8.22711 0.371563 299
12 8 40 37.4733 -3 0 0 129
12 8 41 41.5 -2 0 0 214
12 8 42 32.1292 1.81302 6.05864 0.336139 270
12 8 43 37.4733 -3 0 0 197
12 8 44 37.4733 -3 0 0 163
12 8 45 37.4733 -3 0 0 139
12 8 46 35.1571 1.42446 5.02073 0.445972 567
12 8 47 35.8349 2.0311 6.19122 0.402176 806
12 8 48 38.1556 2.89542 9.34598 0.364317 246
12 8 49 33.5 -2 0 0 277
12 8 50 29.5 -2 0 0 381
12 8 51 36.2183 1.46098 5.84908 0.341652 414
12 8 52 41.5 -2 0 0 400
12 8 53 32.9915 1.35238 5.13068 0.461792 626
12 8 54 37.4733 -3 0 0 158
12 8 55 33.6474 1.657 6.24972 0.351741 493
12 8 56 37.4733 -3 0 0 136
12 8 57 34.4462 1.59863 5.81171 0.327008 534
12 8 58 38.4239 2.66169 8.98177 0.431832 368
12 8 59 29.5 -2 0 0 217
12 8 60 34.6526 1.83821 6.57537 0.317061 322
12 8 61 36.4967 2.59365 8.2441 0.35966 263
12 8 62 38.7865 2.88164 9.01915 0.391573 262
12 8 63 29.5 -2 0 0 237
12 9 0 0 -10 0 0 0
12 9 1 37.5 -2 0 0 208
12 9 2 39.9604 -3 0 0 112
12 9 3 39.9604 -3 0 0 72
12 9 4 39.9604 -3 0 0 93
12 9 5 33.5 -2 0 0 232
12 9 6 39.9604 -3 0 0 95
12 9 7 0 -10 0 0 0
12 9 8 39.9604 -3 0 0 118
12 9 9 0 -10 0 0 0
12 9 10 0 -10 0 0 0
12 9 11 39.9604 -3 0 0 76
12 9 12 39.9604 -3 0 0 147
12 9 13 39.9604 -3 0 0 158
12 9 14 37.5 -2 0 0 211
12 9 15 37.5 -2 0 0 265
12 9 16 39.9604 -3 0 0 86
12 9 17 39.9604 -3 0 0 73
12 9 18 39.9604 -3 0 0 148
12 9 19 39.9604 -3 0 0 106
12 9 20 0 -10 0 0 0
12 9 21 39.9604 -3 0 0 102
12 9 22 39.9604 -3 0 0 64
12 9 23 39.9604 -3 0 0 85
12 9 24 39.9604 -3 0 0 119
12 9 25 39.9604 -3 0 0 54
12 9 26 39.9604 -3 0 0 69
12 9 27 39.9604 -3 0 0 77
12 9 28 39.9604 -3 0 0 103
12 9 29 39.9604 -3 0 0 128
12 9 30 0 -10 0 0 0
12 9 31 39.9604 -3 0 0 66
12 9 32 39.9604 -3 0 0 36
12 9 33 0 -10 0 0 0
12 9 34 39.9604 -3 0 0 65
12 9 35 39.9604 -3 0 0 67
12 9 36 39.9604 -3 0 0 80
12 9 37 39.9604 -3 0 0 54
12 9 38 39.9604 -3 0 0 94
12 9 39 39.9604 -3 0 0 91
12 9 40 0 -10 0 0 0
12 9 41 39.9604 -3 0 0 49
12 9 42 39.9604 -3 0 0 70
12 9 43 39.9604 -3 0 0 61
12 9 44 39.9604 -3 0 0 50
12 9 45 39.9604 -3 0 0 43
12 9 46 0 -10 0 0 0
12 9 47 39.9604 -3 0 0 29
12 9 48 39.9604 -3 0 0 54
12 9 49 39.9604 -3 0 0 47
12 9 50 0 -10 0 0 0
12 9 51 39.9604 -3 0 0 44
12 9 52 39.9604 -3 0 0 30
12 9 53 39.9604 -3 0 0 42
12 9 54 39.9604 -3 0 0 51
12 9 55 39.9604 -3 0 0 58
12 9 56 39.9604 -3 0 0 31
12 9 57 39.9604 -3 0 0 46
12 9 58 39.9604 -3 0 0 42
12 9 59 0 -10 0 0 0
12 9 60 39.9604 -3 0 0 56
12 9 61 39.9604 -3 0 0 51
12 9 62 39.9604 -3 0 0 71
12 9 63 39.9604 -3 0 0 56
12 10 0 29.5 -2 0 0 211
12 10 1 37.8925 -3 0 0 190
12 10 2 33.4738 1.94521 5.31568 0.508937 217
12 10 3 33.5 -2 0 0 266
12 10 4 33.5579 1.76034 6.72618 0.459426 370
12 10 5 36.8661 2.75455 9.12832 0.424781 342
12 10 6 37.8925 -3 0 0 168
12 10 7 33.5 -2 0 0 223
12 10 8 33.5 -2 0 0 218
12 10 9 33.5 -2 0 0 256
12 10 10 35.6778 1.27716 5.79974 0.512847 383
12 10 11 29.5 -2 0 0 290
12 10 12 40.3813 2.2182 8.55734 0.489357 290
12 10 13 29.5 -2 0 0 352
12 10 14 36.6181 2.40114 7.04009 0.585674 548
12 10 15 29.5 -2 0 0 663
12 10 16 38.2132 1.57794 6.8438 0.383166 547
12 10 17 31.7592 1.11764 4.22165 0.803889 548
12 10 18 34.1657 1.44176 5.82659 0.550654 451
12 10 19 40.7877 2.47508 9.74659 0.404883 273
12 10 20 35.8331 2.14013 6.54273 0.469459 323
12 10 21 37.8925 -3 0 0 200
12 10 22 33.5 -2 0 0 235
12 10 23 29.5 -2 0 0 385
12 10 24 37.5 -2 0 0 252
12 10 25 40.4533 2.17331 7.25571 0.536369 600
12 10 26 29.5 -2 0 0 447
12 10 27 41.5 -2 0 0 254
12 10 28 37.6098 2.01916 7.81936 0.576911 318
12 10 29 36.8792 2.79845 7.93648 0.461971 268
12 10 30 0 -10 0 0 0
12 10 31 29.5 -2 0 0 392
12 10 32 38.9475 1.23451 6.20227 0.457968 771
12 10 33 34.5372 1.32216 5.57594 0.517952 400
12 10 34 37.9132 1.31105 5.6954 0.423307 477
12 10 35 0 -10 0 0 0
12 10 36 40.7879 3.23171 11.3683 0.504338 314
12 10 37 35.8901 1.20845 5.31318 0.468832 621
12 10 38 37.9658 3.55566 9.89349 0.358758 230
12 10 39 34.3768 2.94639 8.30203 0.271055 260
12 10 40 36.5765 1.11636 6.17437 0.370652 1013
12 10 41 36.1889 1.6637 7.05157 0.285988 286
12 10 42 33.5 -2 0 0 301
12 10 43 38.5493 1.39849 6.44235 0.465488 493
12 10 44 29.5 -2 0 0 601
12 10 45 33.8243 1.50266 6.29737 0.465683 388
12 10 46 37.5482 1.27191 6.45292 0.29407 1205
12 10 47 39.6287 1.6189 7.09237 0.441893 2010
12 10 48 37.6473 1.313 6.75498 0.349424 1462
12 10 49 34.4181 1.0671 5.57484 0.595896 1209
12 10 50 35.8195 1.20259 6.07695 0.374389 1135
12 10 51 34.7332 1.15957 5.43588 0.520746 800
12 10 52 36.1656 1.29731 7.10001 0.347157 800
12 10 53 35.9166 1.37975 5.61331 0.552837 918
12 10 54 35.7814 1.83692 7.76973 0.583656 530
12 10 55 35.0418 1.21502 6.0002 0.394596 503
12 10 56 35.0062 1.68093 6.4967 0.483826 404
12 10 57 33.5 -2 0 0 345
12 10 58 35.2615 2.28929 8.53268 0.344345 278
12 10 59 35.779 1.10805 5.55236 0.440528 710
12 10 60 37.9117 1.38167 6.65123 0.393161 459
12 10 61 32.5854 1.31497 6.26827 0.307078 517
12 10 62 31.757 1.31715 4.73266 0.584961 408
12 10 63 29.5 -2 0 0 326
12 11 0 34.8524 1.93323 6.6138 0.33198 474
12 11 1 34.1505 2.47925 6.54141 0.373596 335
12 11 2 29.5 -2 0 0 232
12 11 3 29.5 -2 0 0 209
12 11 4 35.8394 -3 0 0 152
12 11 5 34.5181 2.09872 7.13567 0.188719 566
12 11 6 35.8394 -3 0 0 146
12 11 7 29.5 -2 0 0 357
12 11 8 29.5 -2 0 0 329
12 11 9 29.5 -2 0 0 285
12 11 10 29.5 -2 0 0 210
12 11 11 35.8394 -3 0 0 117
12 11 12 35.8394 -3 0 0 97
12 11 13 35.8394 -3 0 0 145
12 11 14 35.8394 -3 0 0 125
12 11 15 35.8394 -3 0 0 119
12 11 16 35.8394 -3 0 0 96
12 11 17 35.8394 -3 0 0 108
12 11 18 35.8394 -3 0 0 186
12 11 19 35.8394 -3 0 0 130
12 11 20 35.8394 -3 0 0 173
12 11 21 29.5 -2 0 0 328
12 11 22 34.4968 2.09022 6.20242 0.353253 451
12 11 23 33.5 -2 0 0 239
12 11 24 35.8394 -3 0 0 112
12 11 25 35.8394 -3 0 0 112
12 11 26 0 -10 0 0 0
12 11 27 33.4344 2.78396 8.22419 0.236524 258
12 11 28 0 -10 0 0 0
12 11 29 35.8394 -3 0 0 135
12 11 30 0 -10 0 0 0
12 11 31 35.8394 -3 0 0 166
12 11 32 35.8394 -3 0 0 145
12 11 33 0 -10 0 0 0
12 11 34 35.8394 -3 0 0 83
12 11 35 29.5 -2 0 0 227
12 11 36 35.8394 -3 0 0 160
12 11 37 35.8394 -3 0 0 96
12 11 38 35.8394 -3 0 0 83
12 11 39 35.8394 -3 0 0 128
12 11 40 0 -10 0 0 0
12 11 41 36.8868 1.88457 6.96465 0.196409 311
12 11 42 35.8394 -3 0 0 198
12 11 43 35.8394 -3 0 0 177
12 11 44 35.8394 -3 0 0 131
12 11 45 35.8394 -3 0 0 97
12 11 46 35.8394 -3 0 0 89
12 11 47 35.8394 -3 0 0 92
12 11 48 35.8394 -3 0 0 93
12 11 49 35.8394 -3 0 0 66
12 11 50 35.8394 -3 0 0 75
12 11 51 35.8394 -3 0 0 88
12 11 52 35.8394 -3 0 0 86
12 11 53 35.8394 -3 0 0 120
12 11 54 35.8394 -3 0 0 152
12 11 55 35.8394 -3 0 0 181
12 11 56 33.5 -2 0 0 234
12 11 57 41.2569 3.55538 10.7846 0.286041 258
12 11 58 32.5169 1.48568 5.71342 0.350922 362
12 11 59 35.8394 -3 0 0 112
12 11 60 29.5 -2 0 0 216
12 11 61 35.8394 -3 0 0 166
12 11 62 35.8394 -3 0 0 131
12 11 63 35.8394 -3 0 0 194
12 12 0 38.9832 1.87679 6.29867 0.429397 310
12 12 1 40.9993 2.68408 8.51682 0.494759 314
12 12 2 35.5556 1.32528 5.36758 0.416407 412
12 12 3 39.4433 2.85928 10.4476 0.514741 424
12 12 4 37.1897 1.24894 5.63911 0.362656 808
12 12 5 36.1751 1.23448 5.29477 0.398085 557
12 12 6 44.5558 3.51523 11.7948 0.5296 346
12 12 7 38.0848 1.92779 7.62811 0.404024 380
12 12 8 40.3739 1.57788 7.32868 0.342744 461
12 12 9 39.75 1.35588 5.98324 0.380303 509
12 12 10 0 -10 0 0 0
12 12 11 39.7384 1.43437 6.15271 0.374133 728
12 12 12 38.2127 1.03987 5.96691 0.398365 977
12 12 13 40.4612 1.1993 6.44331 0.402632 1323
12 12 14 41.6356 1.03745 6.06291 0.562163 1811
12 12 15 41.5403 1.40597 6.90514 0.420142 1424
12 12 16 39.9778 1.50312 6.87879 0.467993 1604
12 12 17 37.6602 1.02407 6.22093 0.453105 876
12 12 18 39.551 1.71359 6.71579 0.295839 580
12 12 19 38.2119 1.66145 5.59054 0.660574 356
12 12 20 36.1225 1.01882 4.93804 0.437877 488
12 12 21 40.1448 2.73573 10.3595 0.415392 302
12 12 22 33.5 -2 0 0 344
12 12 23 36.4289 1.02114 5.47766 0.438506 456
12 12 24 0 -10 0 0 0
12 12 25 39.3983 1.43602 5.92279 0.361568 787
12 12 26 37.9622 1.12159 4.93947 0.695438 545
12 12 27 39.5387 2.45371 8.84256 0.393977 225
12 12 28 38.5068 1.42649 6.54319 0.390386 363
12 12 29 37.5 -2 0 0 281
12 12 30 0 -10 0 0 0
12 12 31 38.7908 2.4149 6.55782 0.443414 336
12 12 32 38.7442 1.26013 6.07103 0.477895 1028
12 12 33 38.8212 1.3183 6.4942 0.457513 385
12 12 34 0 -10 0 0 0
12 12 35 37.9642 3.03596 7.98136 0.473352 223
12 12 36 40.6241 3.2902 11.7219 0.395135 239
12 12 37 39.7882 1.31111 6.00815 0.469969 648
12 12 38 40.1058 -3 0 0 195
12 12 39 40.8789 2.77046 9.66213 0.306825 202
12 12 40 41.2202 1.69276 6.54309 0.541644 811
12 12 41 41.5 -2 0 0 206
12 12 42 33.5 -2 0 0 221
12 12 43 39.5493 1.59076 6.18967 0.361948 396
12 12 44 37.1026 1.84581 6.15716 0.464152 469
12 12 45 39.0456 3.08737 10.5638 0.638859 290
12 12 46 38.7793 1.04243 5.76746 0.33463 739
12 12 47 37.9963 1.36232 5.4992 0.408402 532
12 12 48 38.3497 1.42654 6.41496 0.394313 570
12 12 49 37.901 1.18498 5.34928 0.554829 399
12 12 50 36.6799 1.27419 5.65899 0.41873 294
12 12 51 35.3366 1.49168 5.29722 0.437354 262
12 12 52 38.4803 2.25261 8.85273 0.452621 586
12 12 53 35.3552 1.03958 4.87732 0.448378 489
12 12 54 33.5 -2 0 0 239
12 12 55 29.5 -2 0 0 213
12 12 56 40.1058 -3 0 0 165
12 12 57 40.1058 -3 0 0 165
12 12 58 40.1058 -3 0 0 165
12 12 59 39.3314 1.74138 7.04993 0.38621 344
12 12 60 33.5 -2 0 0 289
12 12 61 38.6054 1.76448 7.13299 0.415248 238
12 12 62 39.4153 2.08949 8.50005 0.37328 226
12 12 63 0 -10 0 0 0
12 13 0 46.4357 3.61087 11.8089 0.294731 258
12 13 1 43.0405 -3 0 0 190
12 13 2 43.0405 -3 0 0 165
12 13 3 43.0405 -3 0 0 159
12 13 4 43.0405 -3 0 0 105
12 13 5 41.5 -2 0 0 224
12 13 6 43.0405 -3 0 0 77
12 13 7 41.5 -2 0 0 231
12 13 8 43.0405 -3 0 0 167
12 13 9 43.0405 -3 0 0 118
12 13 10 43.0405 -3 0 0 103
12 13 11 43.0405 -3 0 0 85
12 13 12 43.0405 -3 0 0 78
12 13 13 43.0405 -3 0 0 97
12 13 14 43.0405 -3 0 0 74
12 13 15 43.0405 -3 0 0 68
12 13 16 43.0405 -3 0 0 72
12 13 17 43.0405 -3 0 0 75
12 13 18 43.0405 -3 0 0 145
12 13 19 43.0405 -3 0 0 96
12 13 20 43.0405 -3 0 0 122
12 13 21 43.4857 2.75694 8.7695 0.304148 231
12 13 22 43.4757 1.88964 6.93758 0.267331 340
12 13 23 0 -10 0 0 0
12 13 24 0 -10 0 0 0
12 13 25 43.0405 -3 0 0 89
12 13 26 0 -10 0 0 0
12 13 27 37.5 -2 0 0 204
12 13 28 0 -10 0 0 0
12 13 29 43.0405 -3 0 0 113
12 13 30 0 -10 0 0 0
12 13 31 43.0405 -3 0 0 158
12 13 32 43.0405 -3 0 0 90
12 13 33 0 -10 0 0 0
12 13 34 43.0405 -3 0 0 76
12 13 35 37.5 -2 0 0 206
12 13 36 43.0405 -3 0 0 158
12 13 37 0 -10 0 0 0
12 13 38 43.0405 -3 0 0 92
12 13 39 43.0405 -3 0 0 139
12 13 40 44.1447 2.21866 8.34731 0.32505 384
12 13 41 38.5016 1.39208 5.443 0.369586 281
12 13 42 0 -10 0 0 0
12 13 43 33.5 -2 0 0 235
12 13 44 43.0405 -3 0 0 128
12 13 45 43.0405 -3 0 0 103
12 13 46 43.0405 -3 0 0 112
12 13 47 43.0405 -3 0 0 63
12 13 48 43.0405 -3 0 0 90
12 13 49 43.0405 -3 0 0 81
12 13 50 43.0405 -3 0 0 82
12 13 51 43.0405 -3 0 0 139
12 13 52 43.0405 -3 0 0 75
12 13 53 43.0405 -3 0 0 179
12 13 54 43.0405 -3 0 0 168
12 13 55 37.5 -2 0 0 236
12 13 56 37.5 -2 0 0 309
12 13 57 41.2294 1.81821 7.06311 0.275927 435
12 13 58 41.6182 2.55164 7.38246 0.406896 429
12 13 59 43.0405 -3 0 0 106
12 13 60 40.0836 2.13687 6.06888 0.4204 294
12 13 61 43.0405 -3 0 0 180
12 13 62 43.0405 -3 0 0 131
12 13 63 41.9072 2.79984 8.69386 0.295959 218
12 14 0 33.5 -2 0 0 243
12 14 1 33.5 -2 0 0 207
12 14 2 33.5 -2 0 0 224
12 14 3 42.8876 2.89267 8.45756 0.385293 273
12 14 4 33.5 -2 0 0 301
12 14 5 37.8379 1.2858 5.81875 0.396093 542
12 14 6 38.7779 1.47961 6.25551 0.229529 536
12 14 7 40.8975 1.79256 7.46756 0.28589 384
12 14 8 33.5 -2 0 0 384
12 14 9 38.4247 1.68861 6.82321 0.308455 313
12 14 10 33.5 -2 0 0 325
12 14 11 0 -10 0 0 0
12 14 12 37.032 1.27562 5.73805 0.490377 626
12 14 13 0 -10 0 0 0
12 14 14 42.661 3.25793 10.4184 0.432285 302
12 14 15 36.8227 1.37563 5.43812 0.326102 562
12 14 16 39.1474 1.23432 5.037 0.386347 855
12 14 17 0 -10 0 0 0
12 14 18 39.2205 1.16507 5.33094 0.288606 422
12 14 19 40.8518 -3 0 0 123
12 14 20 40.8518 -3 0 0 122
12 14 21 37.5 -2 0 0 218
12 14 22 33.5 -2 0 0 206
12 14 23 41.6094 2.82432 10.1513 0.396015 297
12 14 24 41.5 -2 0 0 259
12 14 25 40.8518 -3 0 0 87
12 14 26 40.8518 -3 0 0 124
12 14 27 40.8518 -3 0 0 196
12 14 28 35.9221 1.21689 4.14033 0.462886 326
12 14 29 40.8518 -3 0 0 114
12 14 30 0 -10 0 0 0
12 14 31 40.8518 -3 0 0 93
12 14 32 40.8518 -3 0 0 130
12 14 33 40.8518 -3 0 0 179
12 14 34 38.775 1.90885 6.6614 0.493603 410
12 14 35 38.1676 3.77869 11.5651 0.37318 272
12 14 36 40.8518 -3 0 0 183
12 14 37 37.5 -2 0 0 249
12 14 38 46.901 4.28393 13.379 0.516451 290
12 14 39 40.8518 -3 0 0 152
12 14 40 40.8518 -3 0 0 118
12 14 41 40.8518 -3 0 0 122
12 14 42 40.8518 -3 0 0 90
12 14 43 40.8518 -3 0 0 178
12 14 44 40.8518 -3 0 0 79
12 14 45 40.8979 2.13535 8.4875 0.304469 267
12 14 46 40.8518 -3 0 0 196
12 14 47 40.8518 -3 0 0 187
12 14 48 40.8518 -3 0 0 160
12 14 49 40.8518 -3 0 0 155
12 14 50 40.8518 -3 0 0 96
12 14 51 40.8518 -3 0 0 139
12 14 52 40.8518 -3 0 0 155
12 14 53 0 -10 0 0 0
12 14 54 40.8518 -3 0 0 113
12 14 55 40.8518 -3 0 0 110
12 14 56 40.8518 -3 0 0 97
12 14 57 40.8518 -3 0 0 111
12 14 58 40.8518 -3 0 0 96
12 14 59 40.8518 -3 0 0 140
12 14 60 40.8518 -3 0 0 132
12 14 61 40.8518 -3 0 0 83
12 14 62 40.8518 -3 0 0 169
12 14 63 0 -10 0 0 0
12 15 0 39.0249 -3 0 0 46
12 15 1 0 -10 0 0 0
12 15 2 39.0249 -3 0 0 55
12 15 3 39.0249 -3 0 0 73
12 15 4 39.0249 -3 0 0 68
12 15 5 39.0249 -3 0 0 45
12 15 6 39.0249 -3 0 0 41
12 15 7 39.0249 -3 0 0 50
12 15 8 39.0249 -3 0 0 52
12 15 9 39.0249 -3 0 0 28
12 15 10 39.0249 -3 0 0 33
12 15 11 39.0249 -3 0 0 47
12 15 12 0 -10 0 0 0
12 15 13 39.0249 -3 0 0 37
12 15 14 39.0249 -3 0 0 45
12 15 15 39.0249 -3 0 0 37
12 15 16 39.0249 -3 0 0 31
12 15 17 39.0249 -3 0 0 57
12 15 18 39.0249 -3 0 0 44
12 15 19 39.0249 -3 0 0 52
12 15 20 39.0249 -3 0 0 74
12 15 21 39.0249 -3 0 0 67
12 15 22 39.0249 -3 0 0 86
12 15 23 39.0249 -3 0 0 74
12 15 24 39.0249 -3 0 0 79
12 15 25 39.0249 -3 0 0 56
12 15 26 39.0249 -3 0 0 52
12 15 27 39.0249 -3 0 0 50
12 15 28 39.0249 -3 0 0 56
12 15 29 39.0249 -3 0 0 87
12 15 30 39.0249 -3 0 0 69
12 15 31 39.0249 -3 0 0 111
12 15 32 39.0249 -3 0 0 59
12 15 33 0 -10 0 0 0
12 15 34 0 -10 0 0 0
12 15 35 39.0249 -3 0 0 97
12 15 36 39.0249 -3 0 0 62
12 15 37 0 -10 0 0 0
12 15 38 39.0249 -3 0 0 97
12 15 39 39.0249 -3 0 0 58
12 15 40 39.0249 -3 0 0 92
12 15 41 39.0249 -3 0 0 104
12 15 42 39.0249 -3 0 0 125
12 15 43 39.0249 -3 0 0 142
12 15 44 0 -10 0 0 0
12 15 45 39.0249 -3 0 0 70
12 15 46 0 -10 0 0 0
12 15 47 39.0249 -3 0 0 72
12 15 48 39.0249 -3 0 0 60
12 15 49 39.0249 -3 0 0 187
12 15 50 0 -10 0 0 0
12 15 51 39.0249 -3 0 0 76
12 15 52 0 -10 0 0 0
12 15 53 39.0249 -3 0 0 183
12 15 54 39.0249 -3 0 0 86
12 15 55 39.0249 -3 0 0 128
12 15 56 39.0249 -3 0 0 78
12 15 57 39.0249 -3 0 0 100
12 15 58 39.0249 -3 0 0 112
12 15 59 39.0249 -3 0 0 95
12 15 60 0 -10 0 0 0
12 15 61 38.8374 3.31377 8.74852 0.314783 288
12 15 62 33.5 -2 0 0 202
12 15 63 39.0249 -3 0 0 186
13 0 0 36.0731 -3 0 0 93
13 0 1 36.0731 -3 0 0 97
13 0 2 36.0731 -3 0 0 59
13 0 3 36.0731 -3 0 0 50
13 0 4 36.0731 -3 0 0 89
13 0 5 36.0731 -3 0 0 79
13 0 6 36.0731 -3 0 0 68
13 0 7 36.0731 -3 0 0 68
13 0 8 36.0731 -3 0 0 85
13 0 9 36.0731 -3 0 0 53
13 0 10 36.0731 -3 0 0 41
13 0 11 36.0731 -3 0 0 94
13 0 12 36.0731 -3 0 0 81
13 0 13 36.0731 -3 0 0 61
13 0 14 36.0731 -3 0 0 109
13 0 15 36.0731 -3 0 0 64
13 0 16 36.0731 -3 0 0 37
13 0 17 36.0731 -3 0 0 106
13 0 18 36.0731 -3 0 0 91
13 0 19 36.0731 -3 0 0 49
13 0 20 36.0731 -3 0 0 110
13 0 21 36.0731 -3 0 0 52
13 0 22 36.0731 -3 0 0 61
13 0 23 36.0731 -3 0 0 116
13 0 24 36.0731 -3 0 0 100
13 0 25 36.0731 -3 0 0 76
13 0 26 36.0731 -3 0 0 148
13 0 27 36.0731 -3 0 0 82
13 0 28 36.0731 -3 0 0 54
13 0 29 36.0731 -3 0 0 146
13 0 30 36.0731 -3 0 0 82
13 0 31 36.0731 -3 0 0 85
13 0 32 36.0731 -3 0 0 77
13 0 33 36.0731 -3 0 0 88
13 0 34 36.0731 -3 0 0 163
13 0 35 36.0731 -3 0 0 88
13 0 36 36.0731 -3 0 0 91
13 0 37 36.0731 -3 0 0 138
13 0 38 36.0731 -3 0 0 103
13 0 39 36.0731 -3 0 0 187
13 0 40 36.0731 -3 0 0 122
13 0 41 36.0731 -3 0 0 95
13 0 42 36.0731 -3 0 0 143
13 0 43 36.0731 -3 0 0 134
13 0 44 36.0731 -3 0 0 114
13 0 45 36.0731 -3 0 0 117
13 0 46 33.5 -2 0 0 215
13 0 47 36.0731 -3 0 0 136
13 0 48 36.0731 -3 0 0 141
13 0 49 36.0731 -3 0 0 165
13 0 50 36.0731 -3 0 0 138
13 0 51 36.7777 2.00795 7.28989 0.246216 306
13 0 52 36.0731 -3 0 0 170
13 0 53 36.0731 -3 0 0 140
13 0 54 36.0731 -3 0 0 127
13 0 55 29.5 -2 0 0 236
13 0 56 33.5 -2 0 0 217
13 0 57 29.5 -2 0 0 273
13 0 58 36.0731 -3 0 0 147
13 0 59 33.5 -2 0 0 240
13 0 60 36.0731 -3 0 0 176
13 0 61 29.5 -2 0 0 388
13 0 62 29.5 -2 0 0 324
13 0 63 29.5 -2 0 0 224
13 1 0 35.9211 1.69646 6.04761 0.338414 348
13 1 1 33.5 -2 0 0 424
13 1 2 35.6812 1.57412 5.63249 0.438363 408
13 1 3 29.5 -2 0 0 316
13 1 4 37.5 -2 0 0 222
13 1 5 33.5 -2 0 0 290
13 1 6 34.052 2.26738 6.36933 0.457216 457
13 1 7 36.1794 1.98734 7.30921 0.342271 402
13 1 8 29.5 -2 0 0 303
13 1 9 37.6093 1.44224 5.9772 0.293072 483
13 1 10 38.6262 1.75643 7.04398 0.297019 497
13 1 11 40.6306 2.41353 9.75293 0.310091 252
13 1 12 41.1495 3.41569 10.7038 0.421936 319
13 1 13 33.5 -2 0 0 259
13 1 14 37.9124 2.26318 8.6646 0.274029 288
13 1 15 36.951 2.44094 8.61187 0.368247 246
13 1 16 36.2375 1.7829 6.23392 0.414415 672
13 1 17 37.9192 2.39139 8.85254 0.282611 224
13 1 18 37.5 -2 0 0 256
13 1 19 37.1762 1.7639 6.26953 0.379342 286
13 1 20 38.7814 -3 0 0 189
13 1 21 36.5795 1.62464 5.947 0.442267 470
13 1 22 37.5 -2 0 0 318
13 1 23 38.7814 -3 0 0 160
13 1 24 40.7236 3.39585 9.10622 0.450451 272
13 1 25 35.257 1.53143 6.27898 0.290307 255
13 1 26 33.5 -2 0 0 208
13 1 27 38.7814 -3 0 0 182
13 1 28 37.5 -2 0 0 201
13 1 29 38.7814 -3 0 0 153
13 1 30 38.7814 -3 0 0 161
13 1 31 38.7814 -3 0 0 178
13 1 32 38.7814 -3 0 0 174
13 1 33 38.7814 -3 0 0 198
13 1 34 38.7814 -3 0 0 188
13 1 35 38.7814 -3 0 0 143
13 1 36 38.7814 -3 0 0 151
13 1 37 38.7814 -3 0 0 132
13 1 38 38.7814 -3 0 0 137
13 1 39 38.7814 -3 0 0 79
13 1 40 38.7814 -3 0 0 133
13 1 41 38.7814 -3 0 0 158
13 1 42 38.7814 -3 0 0 119
13 1 43 38.7814 -3 0 0 134
13 1 44 38.7814 -3 0 0 112
13 1 45 38.7814 -3 0 0 139
13 1 46 38.7814 -3 0 0 142
13 1 47 38.7814 -3 0 0 87
13 1 48 38.7814 -3 0 0 133
13 1 49 38.7814 -3 0 0 104
13 1 50 38.7814 -3 0 0 94
13 1 51 38.7814 -3 0 0 79
13 1 52 38.7814 -3 0 0 117
13 1 53 38.7814 -3 0 0 90
13 1 54 38.7814 -3 0 0 119
13 1 55 38.7814 -3 0 0 98
13 1 56 38.7814 -3 0 0 89
13 1 57 38.7814 -3 0 0 85
13 1 58 38.7814 -3 0 0 87
13 1 59 38.7814 -3 0 0 119
13 1 60 38.7814 -3 0 0 77
13 1 61 38.7814 -3 0 0 85
13 1 62 38.7814 -3 0 0 95
13 1 63 38.7814 -3 0 0 113
13 2 0 36.1772 1.76532 7.73616 0.396576 367
13 2 1 29.5 -2 0 0 313
13 2 2 29.5 -2 0 0 263
13 2 3 36.0732 -3 0 0 167
13 2 4 33.5 -2 0 0 203
13 2 5 33.5 -2 0 0 222
13 2 6 36.0732 -3 0 0 199
13 2 7 36.0732 -3 0 0 116
13 2 8 37.4159 3.05356 10.9757 0.285164 263
13 2 9 36.0732 -3 0 0 143
13 2 10 36.0732 -3 0 0 128
13 2 11 34.4252 1.73674 5.91506 0.302555 272
13 2 12 29.5 -2 0 0 205
13 2 13 36.0732 -3 0 0 140
13 2 14 35.0521 1.77614 7.0607 0.381429 403
13 2 15 36.0732 -3 0 0 167
13 2 16 36.0732 -3 0 0 96
13 2 17 29.5 -2 0 0 335
13 2 18 36.0732 -3 0 0 199
13 2 19 36.0732 -3 0 0 152
13 2 20 35.0368 1.87166 7.62415 0.278962 282
13 2 21 36.0732 -3 0 0 199
13 2 22 36.0732 -3 0 0 102
13 2 23 34.2222 1.49025 5.82139 0.391632 302
13 2 24 29.5 -2 0 0 300
13 2 25 36.0732 -3 0 0 141
13 2 26 29.5 -2 0 0 500
13 2 27 36.0732 -3 0 0 176
13 2 28 36.0732 -3 0 0 145
13 2 29 34.3735 1.63697 6.88572 0.3303 367
13 2 30 36.0732 -3 0 0 152
13 2 31 36.0732 -3 0 0 66
13 2 32 36.0732 -3 0 0 146
13 2 33 36.0732 -3 0 0 195
13 2 34 33.5488 1.10843 4.88402 0.416523 532
13 2 35 36.0732 -3 0 0 159
13 2 36 33.5 -2 0 0 226
13 2 37 35.3263 1.67001 5.88006 0.398516 335
13 2 38 36.0732 -3 0 0 120
13 2 39 33.4327 1.6078 5.42859 0.444843 304
13 2 40 29.5 -2 0 0 289
13 2 41 36.0732 -3 0 0 180
13 2 42 33.4248 1.4786 5.64295 0.304614 273
13 2 43 36.2991 1.83749 6.73022 0.339811 431
13 2 44 36.0732 -3 0 0 163
13 2 45 36.0732 -3 0 0 193
13 2 46 33.7965 1.17033 4.87699 0.360232 609
13 2 47 36.0732 -3 0 0 186
13 2 48 29.5 -2 0 0 249
13 2 49 33.2548 1.46195 5.84383 0.431389 400
13 2 50 29.5 -2 0 0 221
13 2 51 33.3041 1.1237 4.85904 0.371883 721
13 2 52 33.917 1.63377 6.65889 0.350044 503
13 2 53 36.0732 -3 0 0 200
13 2 54 29.5 -2 0 0 281
13 2 55 25.5 -2 0 0 546
13 2 56 33.6737 1.5125 6.36834 0.276017 433
13 2 57 32.922 1.30529 5.12265 0.466329 524
13 2 58 34.4086 2.54692 9.12477 0.465072 367
13 2 59 33.5287 1.28458 5.40302 0.290517 686
13 2 60 29.5 -2 0 0 256
13 2 61 33.4371 1.35594 6.06469 0.262085 969
13 2 62 33.6427 1.54506 5.78411 0.321549 819
13 2 63 29.5 -2 0 0 427
13 3 0 25.5 -2 0 0 652
13 3 1 30.9205 1.41536 5.32132 0.675849 652
13 3 2 29.6945 0.978866 5.15262 0.481868 669
13 3 3 30.2477 1.2687 6.26439 0.39284 844
13 3 4 25.5 -2 0 0 395
13 3 5 25.5 -2 0 0 565
13 3 6 30.44 1.01054 5.30957 0.45325 813
13 3 7 29.4777 0.791244 4.56704 0.322414 437
13 3 8 29.596 0.931061 4.01172 0.618198 421
13 3 9 31.616 0.977627 5.65341 0.345268 973
13 3 10 25.5 -2 0 0 1077
13 3 11 31.5279 1.50722 5.81615 0.374102 359
13 3 12 31.1435 1.01722 5.09767 0.499557 578
13 3 13 32.3972 1.47894 7.31846 0.37983 726
13 3 14 29.5 -2 0 0 438
13 3 15 25.5 -2 0 0 532
13 3 16 33.8239 1.20746 5.74835 0.728226 1336
13 3 17 34.6793 3.26769 7.29607 0.537797 329
13 3 18 25.5 -2 0 0 447
13 3 19 29.5 -2 0 0 817
13 3 20 25.5 -2 0 0 336
13 3 21 25.5 -2 0 0 1208
13 3 22 25.5 -2 0 0 783
13 3 23 33.5 -2 0 0 315
13 3 24 25.5 -2 0 0 487
13 3 25 30.2295 0.941432 3.78989 0.784654 685
13 3 26 35.5345 2.0159 7.84529 0.454406 393
13 3 27 33.0707 1.66288 6.80901 0.509612 407
13 3 28 31.2635 1.49297 5.28612 0.5685 522
13 3 29 25.5 -2 0 0 319
13 3 30 34.958 2.15056 8.03104 0.484503 350
13 3 31 34.6139 1.49018 7.00533 0.380902 633
13 3 32 34.7827 1.74191 6.87881 0.43001 455
13 3 33 29.5 -2 0 0 355
13 3 34 32.605 2.50615 8.60027 0.278491 301
13 3 35 30.8632 1.16174 4.88197 0.498254 458
13 3 36 29.5 -2 0 0 315
13 3 37 32.3046 1.8181 6.80379 0.464175 316
13 3 38 32.6796 1.60685 5.97315 0.379246 361
13 3 39 25.5 -2 0 0 231
13 3 40 25.5 -2 0 0 300
13 3 41 32.6639 1.6877 5.99211 0.579407 393
13 3 42 25.5 -2 0 0 279
13 3 43 25.5 -2 0 0 290
13 3 44 30.0837 1.31188 4.69343 0.401661 313
13 3 45 29.5 -2 0 0 355
13 3 46 29.5 -2 0 0 266
13 3 47 25.5 -2 0 0 337
13 3 48 25.5 -2 0 0 312
13 3 49 29.5 -2 0 0 255
13 3 50 25.5 -2 0 0 281
13 3 51 25.5 -2 0 0 213
13 3 52 25.5 -2 0 0 274
13 3 53 25.5 -2 0 0 223
13 3 54 29.5 -2 0 0 257
13 3 55 25.5 -2 0 0 221
13 3 56 29.5 -2 0 0 247
13 3 57 25.5 -2 0 0 236
13 3 58 25.5 -2 0 0 245
13 3 59 25.5 -2 0 0 270
13 3 60 29.5 -2 0 0 224
13 3 61 25.5 -2 0 0 242
13 3 62 25.5 -2 0 0 223
13 3 63 25.5 -2 0 0 240
13 4 0 34.7996 1.25856 5.81412 0.216934 988
13 4 1 34.5975 1.69457 5.70065 0.381328 660
13 4 2 34.2311 1.47917 6.2294 0.421644 594
13 4 3 29.5 -2 0 0 224
13 4 4 34.2549 2.27314 7.01501 0.559323 320
13 4 5 33.238 1.3122 5.19565 0.399614 352
13 4 6 34.8967 1.7072 5.96023 0.441802 391
13 4 7 36.5259 -3 0 0 175
13 4 8 32.798 1.86537 6.71362 0.357069 464
13 4 9 29.5 -2 0 0 249
13 4 10 29.5 -2 0 0 212
13 4 11 31.2777 2.83585 7.42011 0.374742 414
13 4 12 33.3518 2.02538 6.59562 0.415185 299
13 4 13 36.5259 -3 0 0 163
13 4 14 36.238 1.85465 7.57821 0.392219 885
13 4 15 29.5 -2 0 0 246
13 4 16 36.5259 -3 0 0 162
13 4 17 34.683 1.55716 6.79546 0.308206 659
13 4 18 29.5 -2 0 0 240
13 4 19 36.5259 -3 0 0 143
13 4 20 29.5 -2 0 0 292
13 4 21 37.5 -2 0 0 375
13 4 22 36.5259 -3 0 0 174
13 4 23 33.4225 1.31591 5.47165 0.509468 421
13 4 24 34.4499 1.61743 6.01916 0.425623 615
13 4 25 36.5259 -3 0 0 125
13 4 26 35.4689 1.56823 7.09306 0.297187 811
13 4 27 36.5259 -3 0 0 174
13 4 28 36.5259 -3 0 0 166
13 4 29 33.3715 1.51387 5.31552 0.436401 462
13 4 30 34.5306 2.78661 8.66739 0.449357 231
13 4 31 36.5259 -3 0 0 131
13 4 32 36.5259 -3 0 0 158
13 4 33 36.5259 -3 0 0 176
13 4 34 34.9949 1.55801 7.18242 0.280869 714
13 4 35 36.5259 -3 0 0 125
13 4 36 36.5259 -3 0 0 192
13 4 37 36.0098 1.96682 7.60081 0.461049 317
13 4 38 36.5259 -3 0 0 116
13 4 39 36.5259 -3 0 0 197
13 4 40 34.1332 3.36745 8.29225 0.438624 270
13 4 41 36.5259 -3 0 0 145
13 4 42 33.8322 1.87421 7.01486 0.362613 239
13 4 43 34.1604 1.77994 6.50022 0.412983 519
13 4 44 36.5259 -3 0 0 152
13 4 45 36.5259 -3 0 0 172
13 4 46 34.69 1.49138 5.46863 0.426746 689
13 4 47 36.5259 -3 0 0 115
13 4 48 36.5259 -3 0 0 194
13 4 49 34.0319 2.8764 7.7806 0.399644 308
13 4 50 36.5259 -3 0 0 166
13 4 51 29.5 -2 0 0 323
13 4 52 35.8849 2.43108 8.56283 0.591044 408
13 4 53 36.5259 -3 0 0 138
13 4 54 29.5 -2 0 0 205
13 4 55 35.1813 1.81053 6.27451 0.423061 387
13 4 56 29.5 -2 0 0 250
13 4 57 33.5 -2 0 0 278
13 4 58 36.087 3.40309 10.2773 0.463748 215
13 4 59 34.1641 1.55296 6.60356 0.348593 524
13 4 60 36.5259 -3 0 0 172
13 4 61 34.3504 1.75709 6.83513 0.26533 456
13 4 62 25.5 -2 0 0 500
13 4 63 35.3376 2.81628 8.36859 0.334439 292
13 5 0 28.9091 1.76607 6.19583 0.457246 275
13 5 1 31.7245 2.44261 8.3447 0.390929 278
13 5 2 25.5 -2 0 0 322
13 5 3 27.832 1.4849 5.43592 0.374428 394
13 5 4 25.5 -2 0 0 362
13 5 5 25.5 -2 0 0 354
13 5 6 25.5 -2 0 0 365
13 5 7 25.5 -2 0 0 493
13 5 8 25.5 -2 0 0 403
13 5 9 25.5 -2 0 0 371
13 5 10 25.5 -2 0 0 395
13 5 11 27.2672 1.30107 4.1097 0.505063 345
13 5 12 33.9504 2.51754 8.10844 0.419305 399
13 5 13 25.5 -2 0 0 478
13 5 14 25.5 -2 0 0 289
13 5 15 27.8027 1.36344 4.44141 0.503276 399
13 5 16 26.5774 1.71936 5.33828 0.465955 470
13 5 17 25.5 -2 0 0 348
13 5 18 30.0726 1.85079 5.97022 0.424483 429
13 5 19 28.6459 1.57823 5.36023 0.571889 593
13 5 20 30.3365 2.46092 4.9862 0.602167 455
13 5 21 25.5 -2 0 0 362
13 5 22 25.5 -2 0 0 417
13 5 23 25.5 -2 0 0 364
13 5 24 25.5 -2 0 0 268
13 5 25 31.4253 1.46277 6.44303 0.346998 695
13 5 26 31.2189 3.00339 8.77986 0.472583 332
13 5 27 25.5 -2 0 0 498
13 5 28 30.6728 1.80845 6.15907 0.39916 449
13 5 29 29.6112 1.94034 6.99502 0.376275 347
13 5 30 26.1335 1.33825 4.85245 0.622345 510
13 5 31 30.8378 1.27007 5.82657 0.456557 745
13 5 32 30.9309 1.31886 5.46829 0.407547 571
13 5 33 25.5 -2 0 0 517
13 5 34 25.5 -2 0 0 397
13 5 35 24.4134 1.20686 4.67978 0.411158 1734
13 5 36 31.4742 1.36532 6.26688 0.539031 458
13 5 37 31.0484 1.87206 6.09315 0.453141 440
13 5 38 31.1675 1.07754 5.31658 0.485533 1109
13 5 39 29.8746 1.24066 5.86429 0.42928 921
13 5 40 29.9281 1.39483 5.72522 0.39001 478
13 5 41 30.2528 1.35018 5.59595 0.507341 612
13 5 42 25.5 -2 0 0 526
13 5 43 27.583 1.31786 5.07931 0.432472 436
13 5 44 28.7032 1.02981 4.85894 0.467571 808
13 5 45 29.9892 1.46882 5.45021 0.556099 642
13 5 46 25.5 -2 0 0 340
13 5 47 25.5 -2 0 0 1416
13 5 48 25.5 -2 0 0 492
13 5 49 28.7814 1.69958 6.37572 0.454577 429
13 5 50 28.7379 1.02842 4.73581 0.340192 850
13 5 51 27.9259 1.18021 4.94696 0.396798 661
13 5 52 31.1241 2.17091 6.61467 0.406092 451
13 5 53 29.676 1.14312 5.46387 0.493928 974
13 5 54 29.9856 1.66839 6.66911 0.470616 738
13 5 55 26.3542 1.30206 3.88277 0.574642 538
13 5 56 29.0366 1.29316 5.15878 0.410975 788
13 5 57 28.3116 1.31424 5.64958 0.381073 653
13 5 58 27.8298 1.50642 5.09376 0.413525 674
13 5 59 30.4254 1.72708 5.98589 0.465062 520
13 5 60 30.2605 1.193 5.57721 0.646746 1184
13 5 61 29.2696 1.44748 5.96348 0.320964 591
13 5 62 28.9451 1.62611 5.58457 0.455388 507
13 5 63 21.5 -2 0 0 632
13 6 0 32.577 1.44678 4.5136 0.438173 482
13 6 1 29.5 -2 0 0 348
13 6 2 34.1999 1.97474 6.49467 0.353585 285
13 6 3 35.3898 -3 0 0 122
13 6 4 35.3898 -3 0 0 172
13 6 5 35.3898 -3 0 0 196
13 6 6 29.5 -2 0 0 253
13 6 7 35.3898 -3 0 0 101
13 6 8 29.5 -2 0 0 208
13 6 9 35.3898 -3 0 0 172
13 6 10 35.3898 -3 0 0 155
13 6 11 35.3898 -3 0 0 176
13 6 12 35.3898 -3 0 0 179
13 6 13 35.3898 -3 0 0 110
13 6 14 29.5 -2 0 0 338
13 6 15 35.3898 -3 0 0 111
13 6 16 35.3898 -3 0 0 122
13 6 17 33.9708 1.93637 6.83153 0.212208 240
13 6 18 35.3898 -3 0 0 160
13 6 19 35.3898 -3 0 0 102
13 6 20 35.3898 -3 0 0 137
13 6 21 29.5 -2 0 0 218
13 6 22 35.3898 -3 0 0 133
13 6 23 35.3898 -3 0 0 144
13 6 24 29.5 -2 0 0 263
13 6 25 35.3898 -3 0 0 82
13 6 26 34.2945 2.03237 7.09397 0.268881 297
13 6 27 35.3898 -3 0 0 114
13 6 28 35.3898 -3 0 0 81
13 6 29 35.3898 -3 0 0 148
13 6 30 35.3898 -3 0 0 118
13 6 31 35.3898 -3 0 0 84
13 6 32 35.3898 -3 0 0 76
13 6 33 35.3898 -3 0 0 77
13 6 34 29.5 -2 0 0 242
13 6 35 35.3898 -3 0 0 82
13 6 36 35.3898 -3 0 0 89
13 6 37 35.3898 -3 0 0 132
13 6 38 35.3898 -3 0 0 62
13 6 39 35.3898 -3 0 0 86
13 6 40 35.3898 -3 0 0 112
13 6 41 35.3898 -3 0 0 71
13 6 42 35.3898 -3 0 0 83
13 6 43 35.3898 -3 0 0 148
13 6 44 35.3898 -3 0 0 56
13 6 45 35.3898 -3 0 0 98
13 6 46 35.3898 -3 0 0 196
13 6 47 35.3898 -3 0 0 43
13 6 48 35.3898 -3 0 0 72
13 6 49 35.3898 -3 0 0 109
13 6 50 35.3898 -3 0 0 67
13 6 51 35.3898 -3 0 0 99
13 6 52 35.3898 -3 0 0 123
13 6 53 35.3898 -3 0 0 78
13 6 54 35.3898 -3 0 0 77
13 6 55 35.3898 -3 0 0 111
13 6 56 35.3898 -3 0 0 73
13 6 57 35.3898 -3 0 0 108
13 6 58 35.3898 -3 0 0 64
13 6 59 35.3898 -3 0 0 179
13 6 60 35.3898 -3 0 0 56
13 6 61 35.3898 -3 0 0 98
13 6 62 35.3898 -3 0 0 104
13 6 63 35.3898 -3 0 0 97
13 7 0 36.1088 -3 0 0 102
13 7 1 36.1088 -3 0 0 110
13 7 2 36.1088 -3 0 0 102
13 7 3 36.1088 -3 0 0 144
13 7 4 36.1088 -3 0 0 150
13 7 5 36.1088 -3 0 0 101
13 7 6 36.1088 -3 0 0 105
13 7 7 36.1088 -3 0 0 139
13 7 8 36.1088 -3 0 0 126
13 7 9 36.1088 -3 0 0 106
13 7 10 36.1088 -3 0 0 135
13 7 11 36.1088 -3 0 0 124
13 7 12 36.1088 -3 0 0 104
13 7 13 36.1088 -3 0 0 144
13 7 14 36.1088 -3 0 0 100
13 7 15 36.1088 -3 0 0 170
13 7 16 36.1088 -3 0 0 136
13 7 17 36.1088 -3 0 0 111
13 7 18 36.1088 -3 0 0 140
13 7 19 36.1088 -3 0 0 181
13 7 20 36.1088 -3 0 0 200
13 7 21 36.1088 -3 0 0 116
13 7 22 36.1088 -3 0 0 113
13 7 23 36.1088 -3 0 0 156
13 7 24 36.1088 -3 0 0 121
13 7 25 29.5 -2 0 0 243
13 7 26 36.1088 -3 0 0 124
13 7 27 34.6404 2.50302 7.51648 0.413492 229
13 7 28 36.1088 -3 0 0 171
13 7 29 36.1088 -3 0 0 163
13 7 30 36.1088 -3 0 0 159
13 7 31 33.9818 1.33182 5.29676 0.29311 289
13 7 32 35.971 2.14138 7.34984 0.291461 221
13 7 33 29.5 -2 0 0 260
13 7 34 36.1088 -3 0 0 158
13 7 35 34.721 1.58131 6.35158 0.30417 371
13 7 36 29.5 -2 0 0 207
13 7 37 36.2808 2.70677 8.4007 0.348175 209
13 7 38 32.5733 1.30349 5.61786 0.293999 511
13 7 39 33.1586 1.29672 5.24437 0.464293 600
13 7 40 29.5 -2 0 0 221
13 7 41 29.5 -2 0 0 350
13 7 42 38.5333 3.46195 10.2877 0.467924 315
13 7 43 36.1088 -3 0 0 185
13 7 44 0 -10 0 0 0
13 7 45 36.1242 1.91667 7.03935 0.312755 344
13 7 46 29.5 -2 0 0 234
13 7 47 31.6148 1.45626 5.63175 0.498368 818
13 7 48 29.5 -2 0 0 302
13 7 49 33.872 2.4106 6.62231 0.41587 259
13 7 50 33.5 -2 0 0 416
13 7 51 32.5573 1.77382 5.62197 0.495682 426
13 7 52 29.5 -2 0 0 250
13 7 53 34.0102 1.39577 5.5683 0.31 662
13 7 54 29.5 -2 0 0 421
13 7 55 31.0138 1.38381 5.69421 0.386989 351
13 7 56 31.3882 1.56313 4.5693 0.61708 562
13 7 57 33.2542 1.5162 5.15888 0.529118 530
13 7 58 33.6955 1.83935 6.89795 0.438371 413
13 7 59 34.9651 2.95775 8.38643 0.40203 248
13 7 60 34.0103 1.4834 6.53018 0.229384 621
13 7 61 32.2246 1.54521 4.25843 0.537218 418
13 7 62 29.5 -2 0 0 294
13 7 63 29.5 -2 0 0 351
13 8 0 33.466 -6 0 0 82
13 8 1 33.466 -6 0 0 77
13 8 2 33.466 -6 0 0 71
13 8 3 33.466 -6 0 0 113
13 8 4 33.466 -6 0 0 96
13 8 5 33.466 -6 0 0 87
13 8 6 33.466 -6 0 0 81
13 8 7 33.466 -6 0 0 108
13 8 8 33.466 -6 0 0 115
13 8 9 33.466 -6 0 0 80
13 8 10 33.466 -6 0 0 99
13 8 11 33.466 -6 0 0 131
13 8 12 33.466 -6 0 0 101
13 8 13 33.466 -6 0 0 143
13 8 14 33.466 -6 0 0 88
13 8 15 33.466 -6 0 0 140
13 8 16 33.466 -6 0 0 98
13 8 17 33.466 -6 0 0 101
13 8 18 33.466 -6 0 0 115
13 8 19 33.466 -6 0 0 184
13 8 20 33.466 -6 0 0 120
13 8 21 33.466 -6 0 0 88
13 8 22 33.466 -6 0 0 117
13 8 23 33.466 -6 0 0 127
13 8 24 33.466 -6 0 0 99
13 8 25 33.466 -6 0 0 195
13 8 26 33.466 -6 0 0 113
13 8 27 33.466 -6 0 0 175
13 8 28 33.466 -6 0 0 167
13 8 29 33.466 -6 0 0 140
13 8 30 33.466 -6 0 0 129
13 8 31 25.5 -2 0 0 257
13 8 32 25.5 -2 0 0 244
13 8 33 25.5 -2 0 0 203
13 8 34 33.466 -6 0 0 149
13 8 35 32.8257 1.47501 5.53383 0.305139 388
13 8 36 33.466 -6 0 0 142
13 8 37 33.466 -6 0 0 183
13 8 38 32.9465 1.83196 6.37961 0.289424 481
13 8 39 25.5 -2 0 0 401
13 8 40 33.466 -6 0 0 140
13 8 41 31.3886 1.73117 6.69342 0.352192 308
13 8 42 33.466 -6 0 0 179
13 8 43 33.466 -6 0 0 136
13 8 44 33.78 1.8871 5.98818 0.356502 353
13 8 45 33.3745 2.69769 7.16146 0.35903 276
13 8 46 33.466 -6 0 0 117
13 8 47 29.46 1.39965 4.38299 0.596091 710
13 8 48 29.5 -2 0 0 218
13 8 49 33.466 -6 0 0 170
13 8 50 25.5 -2 0 0 368
13 8 51 25.5 -2 0 0 246
13 8 52 33.466 -6 0 0 154
13 8 53 35.1105 1.9639 7.56121 0.303386 499
13 8 54 25.5 -2 0 0 289
13 8 55 25.5 -2 0 0 202
13 8 56 25.5 -2 0 0 330
13 8 57 33.432 2.55766 8.97426 0.31054 307
13 8 58 30.4021 2.1126 5.52779 0.408549 252
13 8 59 33.466 -6 0 0 172
13 8 60 25.5 -2 0 0 413
13 8 61 25.5 -2 0 0 263
13 8 62 33.466 -6 0 0 190
13 8 63 25.5 -2 0 0 214
13 9 0 0 -10 0 0 0
13 9 1 0 -10 0 0 0
13 9 2 0 -10 0 0 0
13 9 3 0 -10 0 0 0
13 9 4 0 -10 0 0 0
13 9 5 0 -10 0 0 0
13 9 6 0 -10 0 0 0
13 9 7 0 -10 0 0 0
13 9 8 0 -10 0 0 0
13 9 9 0 -10 0 0 0
13 9 10 0 -10 0 0 0
13 9 11 0 -10 0 0 0
13 9 12 0 -10 0 0 0
13 9 13 0 -10 0 0 0
13 9 14 0 -10 0 0 0
13 9 15 0 -10 0 0 0
13 9 16 0 -10 0 0 0
13 9 17 0 -10 0 0 0
13 9 18 0 -10 0 0 0
13 9 19 0 -10 0 0 0
13 9 20 0 -10 0 0 0
13 9 21 0 -10 0 0 0
13 9 22 0 -10 0 0 0
13 9 23 0 -10 0 0 0
13 9 24 0 -10 0 0 0
13 9 25 0 -10 0 0 0
13 9 26 0 -10 0 0 0
13 9 27 0 -10 0 0 0
13 9 28 0 -10 0 0 0
13 9 29 0 -10 0 0 0
13 9 30 0 -10 0 0 0
13 9 31 0 -10 0 0 0
13 9 32 0 -10 0 0 0
13 9 33 0 -10 0 0 0
13 9 34 0 -10 0 0 0
13 9 35 0 -10 0 0 0
13 9 36 0 -10 0 0 0
13 9 37 0 -10 0 0 0
13 9 38 0 -10 0 0 0
13 9 39 0 -10 0 0 0
13 9 40 0 -10 0 0 0
13 9 41 0 -10 0 0 0
13 9 42 0 -10 0 0 0
13 9 43 0 -10 0 0 0
13 9 44 0 -10 0 0 0
13 9 45 0 -10 0 0 0
13 9 46 0 -10 0 0 0
13 9 47 0 -10 0 0 0
13 9 48 0 -10 0 0 0
13 9 49 0 -10 0 0 0
13 9 50 0 -10 0 0 0
13 9 51 0 -10 0 0 0
13 9 52 0 -10 0 0 0
13 9 53 0 -10 0 0 0
13 9 54 0 -10 0 0 0
13 9 55 0 -10 0 0 0
13 9 56 0 -10 0 0 0
13 9 57 0 -10 0 0 0
13 9 58 0 -10 0 0 0
13 9 59 0 -10 0 0 0
13 9 60 0 -10 0 0 0
13 9 61 0 -10 0 0 0
13 9 62 0 -10 0 0 0
13 9 63 0 -10 0 0 0
13 10 0 36.7661 -3 0 0 166
13 10 1 36.7661 -3 0 0 156
13 10 2 29.5 -2 0 0 212
13 10 3 34.5033 1.78212 6.40222 0.564669 355
13 10 4 29.5 -2 0 0 245
13 10 5 29.5 -2 0 0 229
13 10 6 33.5 -2 0 0 230
13 10 7 32.4745 0.963356 4.46588 0.432699 506
13 10 8 29.5 -2 0 0 220
13 10 9 29.5 -2 0 0 321
13 10 10 29.5 -2 0 0 315
13 10 11 29.5 -2 0 0 259
13 10 12 29.5 -2 0 0 297
13 10 13 33.5847 1.24851 4.9679 0.422103 430
13 10 14 36.7661 -3 0 0 150
13 10 15 34.2658 1.73494 6.09819 0.411488 413
13 10 16 35.8403 1.39701 5.93838 0.33426 487
13 10 17 41.5 -2 0 0 207
13 10 18 33.6706 1.38649 4.968 0.422578 353
13 10 19 29.5 -2 0 0 674
13 10 20 29.5 -2 0 0 277
13 10 21 29.5 -2 0 0 279
13 10 22 35.7623 1.5716 6.22235 0.388825 431
13 10 23 29.5 -2 0 0 253
13 10 24 36.7661 -3 0 0 188
13 10 25 34.8024 1.1972 5.13415 0.649616 757
13 10 26 33.5 -2 0 0 210
13 10 27 35.8263 1.51083 5.90335 0.450048 452
13 10 28 34.566 1.26333 5.41112 0.437596 537
13 10 29 37.5 -2 0 0 222
13 10 30 29.5 -2 0 0 344
13 10 31 35.5883 1.20465 5.59813 0.344704 979
13 10 32 33.064 0.823098 4.40229 0.610155 677
13 10 33 34.3768 1.36323 5.57541 0.425361 531
13 10 34 36.0317 2.48443 8.20351 0.399292 210
13 10 35 34.9111 1.10087 5.52052 0.425884 1234
13 10 36 33.5 -2 0 0 393
13 10 37 34.6471 2.4681 5.86496 0.541816 256
13 10 38 35.1031 1.08543 6.37652 0.266224 1269
13 10 39 34.649 1.31199 5.78364 0.491125 689
13 10 40 33.8024 2.92738 7.73137 0.330288 378
13 10 41 34.7234 1.03911 4.91508 0.486483 794
13 10 42 29.5 -2 0 0 394
13 10 43 29.5 -2 0 0 259
13 10 44 34.1618 1.1052 4.6323 0.642892 845
13 10 45 34.2688 1.64507 7.41203 0.471961 589
13 10 46 29.5 -2 0 0 231
13 10 47 37.6714 1.36587 6.33187 0.328304 1880
13 10 48 37.3528 2.40306 7.40172 0.658143 446
13 10 49 36.5123 2.60703 9.52772 0.564857 350
13 10 50 35.4215 1.43213 6.26591 0.347516 701
13 10 51 35.1673 1.70186 6.44303 0.412908 394
13 10 52 35.7951 1.96223 6.15718 0.398051 321
13 10 53 34.012 0.91315 5.38087 0.462997 1197
13 10 54 33.3506 1.15786 4.87909 0.452706 540
13 10 55 35.9915 2.74772 8.93775 0.397651 332
13 10 56 33.3505 1.27581 5.18017 0.488437 603
13 10 57 33.2592 1.63703 6.17051 0.369974 413
13 10 58 33.5382 1.56046 6.51727 0.400843 458
13 10 59 25.5 -2 0 0 275
13 10 60 34.3993 1.34833 6.10817 0.340143 938
13 10 61 34.8133 1.72777 7.16915 0.33636 384
13 10 62 29.5 -2 0 0 293
13 10 63 33.9564 1.41235 6.36895 0.359729 412
13 11 0 25.5 -2 0 0 556
13 11 1 25.5 -2 0 0 368
13 11 2 25.5 -2 0 0 242
13 11 3 33.7401 -3 0 0 134
13 11 4 33.7401 -3 0 0 174
13 11 5 25.5 -2 0 0 220
13 11 6 25.5 -2 0 0 201
13 11 7 33.7401 -3 0 0 86
13 11 8 25.5 -2 0 0 235
13 11 9 33.7401 -3 0 0 147
13 11 10 33.7401 -3 0 0 121
13 11 11 25.5 -2 0 0 242
13 11 12 33.7401 -3 0 0 168
13 11 13 33.7401 -3 0 0 104
13 11 14 32.8813 1.9451 6.03855 0.251158 441
13 11 15 33.7401 -3 0 0 128
13 11 16 33.7401 -3 0 0 108
13 11 17 29.5 -2 0 0 292
13 11 18 33.7401 -3 0 0 162
13 11 19 33.7401 -3 0 0 111
13 11 20 33.7401 -3 0 0 140
13 11 21 33.7401 -3 0 0 146
13 11 22 33.7401 -3 0 0 111
13 11 23 25.5 -2 0 0 229
13 11 24 33.0627 1.55295 5.62625 0.320525 339
13 11 25 33.7401 -3 0 0 102
13 11 26 25.5 -2 0 0 403
13 11 27 33.7401 -3 0 0 136
13 11 28 33.7401 -3 0 0 115
13 11 29 25.5 -2 0 0 248
13 11 30 33.7401 -3 0 0 119
13 11 31 33.7401 -3 0 0 78
13 11 32 33.7401 -3 0 0 80
13 11 33 33.7401 -3 0 0 93
13 11 34 29.5 -2 0 0 341
13 11 35 33.7401 -3 0 0 75
13 11 36 33.7401 -3 0 0 115
13 11 37 29.5 -2 0 0 212
13 11 38 33.7401 -3 0 0 96
13 11 39 33.7401 -3 0 0 103
13 11 40 33.7401 -3 0 0 127
13 11 41 33.7401 -3 0 0 66
13 11 42 33.7401 -3 0 0 165
13 11 43 25.5 -2 0 0 233
13 11 44 33.7401 -3 0 0 82
13 11 45 33.7401 -3 0 0 96
13 11 46 29.5 -2 0 0 304
13 11 47 33.7401 -3 0 0 70
13 11 48 33.7401 -3 0 0 127
13 11 49 33.7401 -3 0 0 190
13 11 50 33.7401 -3 0 0 95
13 11 51 33.7401 -3 0 0 191
13 11 52 25.5 -2 0 0 249
13 11 53 33.7401 -3 0 0 75
13 11 54 33.7401 -3 0 0 127
13 11 55 34.5856 2.42053 7.69931 0.285703 219
13 11 56 33.7401 -3 0 0 148
13 11 57 33.7401 -3 0 0 161
13 11 58 33.7401 -3 0 0 141
13 11 59 25.5 -2 0 0 320
13 11 60 33.7401 -3 0 0 83
13 11 61 31.3942 2.85071 7.74666 0.312711 224
13 11 62 25.5 -2 0 0 276
13 11 63 33.7401 -3 0 0 170
13 12 0 29.5 -2 0 0 359
13 12 1 34.8429 2.05047 6.53605 0.374283 387
13 12 2 31.9761 1.32305 5.80109 0.335655 473
13 12 3 32.7407 1.28571 5.52569 0.436229 737
13 12 4 32.2448 1.83684 6.10465 0.569262 409
13 12 5 25.5 -2 0 0 500
13 12 6 34.4567 1.63 6.98363 0.39762 567
13 12 7 34.2268 1.12431 5.5788 0.538154 1452
13 12 8 34.0594 1.80287 7.23423 0.328313 415
13 12 9 34.967 1.43147 5.829 0.419092 981
13 12 10 32.6406 0.985049 4.58954 0.440682 1203
13 12 11 29.5 -2 0 0 384
13 12 12 31.6534 1.17822 5.46339 0.398284 645
13 12 13 32.4058 0.988913 4.70428 0.532654 833
13 12 14 32.8109 1.27309 5.13084 0.420881 309
13 12 15 33.1898 1.46024 5.38329 0.436832 676
13 12 16 29.5 -2 0 0 1787
13 12 17 30.3192 2.65742 6.27267 0.341102 307
13 12 18 34.1979 1.63479 5.69281 0.431898 541
13 12 19 34.0604 1.20686 6.86816 0.29077 1226
13 12 20 35.6345 1.95854 7.41916 0.404413 388
13 12 21 33.4622 1.14005 5.37026 0.459329 637
13 12 22 35.9741 1.78708 6.29988 0.628585 969
13 12 23 35.7471 2.31308 7.99657 0.490653 339
13 12 24 33.9013 2.17995 6.28083 0.438989 356
13 12 25 35.2736 1.30629 6.11122 0.410248 1048
13 12 26 29.5 -2 0 0 281
13 12 27 30.7477 1.1912 4.55065 0.467577 570
13 12 28 34.7849 1.3429 5.99792 0.420443 748
13 12 29 29.5 -2 0 0 268
13 12 30 35.3353 1.62988 6.30112 0.641374 494
13 12 31 34.5108 1.24655 5.36667 0.512027 866
13 12 32 34.0759 1.48237 6.93391 0.38683 646
13 12 33 32.742 1.34421 5.15706 0.513152 484
13 12 34 29.5 -2 0 0 221
13 12 35 33.2622 1.18733 5.19236 0.41206 746
13 12 36 29.5 -2 0 0 398
13 12 37 29.5 -2 0 0 254
13 12 38 32.6409 1.26197 4.71327 0.603859 559
13 12 39 34.8736 3.14355 9.61914 0.549281 317
13 12 40 31.2619 1.20123 5.18056 0.378046 314
13 12 41 34.4742 1.65867 6.1815 0.475585 485
13 12 42 29.5 -2 0 0 298
13 12 43 35.0434 2.9432 9.77608 0.330429 243
13 12 44 31.759 1.09471 4.62228 0.446065 486
13 12 45 29.5 -2 0 0 417
13 12 46 25.5 -2 0 0 206
13 12 47 32.4388 1.28071 5.74734 0.408691 537
13 12 48 34.1956 1.48016 5.98828 0.314083 354
13 12 49 29.5 -2 0 0 235
13 12 50 29.5 -2 0 0 369
13 12 51 35.523 -3 0 0 170
13 12 52 35.523 -3 0 0 189
13 12 53 28.8617 2.02274 4.80701 0.561982 410
13 12 54 29.5 -2 0 0 302
13 12 55 35.523 -3 0 0 176
13 12 56 29.5 -2 0 0 243
13 12 57 35.523 -3 0 0 165
13 12 58 25.5 -2 0 0 252
13 12 59 25.5 -2 0 0 213
13 12 60 25.5 -2 0 0 316
13 12 61 35.523 -3 0 0 168
13 12 62 35.523 -3 0 0 160
13 12 63 34.0053 2.81016 9.38083 0.299368 219
13 13 0 33.3876 2.34632 7.93685 0.283153 275
13 13 1 33.7714 -3 0 0 186
13 13 2 33.7714 -3 0 0 126
13 13 3 33.7714 -3 0 0 83
13 13 4 33.7714 -3 0 0 137
13 13 5 33.7714 -3 0 0 138
13 13 6 33.7714 -3 0 0 153
13 13 7 33.7714 -3 0 0 75
13 13 8 33.7714 -3 0 0 179
13 13 9 33.7714 -3 0 0 109
13 13 10 33.7714 -3 0 0 74
13 13 11 33.7714 -3 0 0 183
13 13 12 33.7714 -3 0 0 124
13 13 13 33.7714 -3 0 0 79
13 13 14 32.4704 1.99842 6.01252 0.308025 284
13 13 15 33.7714 -3 0 0 102
13 13 16 33.7714 -3 0 0 67
13 13 17 33.5 -2 0 0 223
13 13 18 33.7714 -3 0 0 114
13 13 19 33.7714 -3 0 0 72
13 13 20 33.7714 -3 0 0 153
13 13 21 33.7714 -3 0 0 136
13 13 22 33.7714 -3 0 0 81
13 13 23 33.7714 -3 0 0 182
13 13 24 33.5 -2 0 0 213
13 13 25 33.7714 -3 0 0 92
13 13 26 29.5 -2 0 0 324
13 13 27 33.7714 -3 0 0 95
13 13 28 33.7714 -3 0 0 66
13 13 29 29.5 -2 0 0 203
13 13 30 33.7714 -3 0 0 105
13 13 31 33.7714 -3 0 0 87
13 13 32 33.7714 -3 0 0 92
13 13 33 33.7714 -3 0 0 127
13 13 34 33.6917 2.55379 7.83692 0.292964 348
13 13 35 33.7714 -3 0 0 90
13 13 36 33.7714 -3 0 0 115
13 13 37 33.7714 -3 0 0 192
13 13 38 33.7714 -3 0 0 110
13 13 39 33.7714 -3 0 0 163
13 13 40 33.7714 -3 0 0 160
13 13 41 33.7714 -3 0 0 92
13 13 42 33.7714 -3 0 0 177
13 13 43 29.5 -2 0 0 262
13 13 44 33.7714 -3 0 0 97
13 13 45 33.7714 -3 0 0 119
13 13 46 34.9852 1.8013 6.86702 0.316074 393
13 13 47 33.7714 -3 0 0 119
13 13 48 33.7714 -3 0 0 128
13 13 49 29.5 -2 0 0 224
13 13 50 33.7714 -3 0 0 124
13 13 51 33.3502 1.50746 5.38166 0.344027 352
13 13 52 33.5 -2 0 0 245
13 13 53 33.7714 -3 0 0 112
13 13 54 33.7714 -3 0 0 139
13 13 55 31.59 2.29612 7.1332 0.341775 283
13 13 56 33.7714 -3 0 0 198
13 13 57 25.5 -2 0 0 257
13 13 58 33.7714 -3 0 0 155
13 13 59 33.5 -2 0 0 381
13 13 60 33.7714 -3 0 0 140
13 13 61 29.3994 1.73711 5.17272 0.399621 452
13 13 62 25.5 -2 0 0 439
13 13 63 25.5 -2 0 0 235
13 14 0 29.5 -2 0 0 279
13 14 1 25.5 -2 0 0 289
13 14 2 29.5 -2 0 0 313
13 14 3 25.5 -2 0 0 366
13 14 4 25.5 -2 0 0 222
13 14 5 32.195 2.62988 7.24551 0.381329 277
13 14 6 25.5 -2 0 0 366
13 14 7 25.5 -2 0 0 504
13 14 8 29.5 -2 0 0 236
13 14 9 29.5 -2 0 0 582
13 14 10 31.0532 1.58046 4.80705 0.31113 558
13 14 11 29.5 -2 0 0 203
13 14 12 25.5 -2 0 0 343
13 14 13 25.5 -2 0 0 344
13 14 14 25.5 -2 0 0 204
13 14 15 25.5 -2 0 0 265
13 14 16 31.8047 1.28736 4.87585 0.305198 820
13 14 17 33.466 -6 0 0 183
13 14 18 29.7528 1.733 5.81124 0.33286 263
13 14 19 29.5 -2 0 0 418
13 14 20 33.466 -6 0 0 171
13 14 21 31.3332 1.60691 5.07584 0.414614 472
13 14 22 33.513 2.52024 7.67936 0.459456 370
13 14 23 33.466 -6 0 0 175
13 14 24 25.5 -2 0 0 202
13 14 25 30.6986 1.57534 6.44395 0.277811 331
13 14 26 33.466 -6 0 0 146
13 14 27 33.466 -6 0 0 196
13 14 28 29.5 -2 0 0 236
13 14 29 33.466 -6 0 0 137
13 14 30 29.5 -2 0 0 218
13 14 31 25.5 -2 0 0 237
13 14 32 33.466 -6 0 0 187
13 14 33 33.466 -6 0 0 175
13 14 34 33.466 -6 0 0 156
13 14 35 33.466 -6 0 0 197
13 14 36 33.466 -6 0 0 142
13 14 37 33.466 -6 0 0 117
13 14 38 33.466 -6 0 0 146
13 14 39 33.466 -6 0 0 134
13 14 40 33.466 -6 0 0 148
13 14 41 33.466 -6 0 0 163
13 14 42 33.466 -6 0 0 138
13 14 43 33.466 -6 0 0 109
13 14 44 33.466 -6 0 0 127
13 14 45 33.466 -6 0 0 140
13 14 46 33.466 -6 0 0 115
13 14 47 33.466 -6 0 0 143
13 14 48 33.466 -6 0 0 134
13 14 49 33.466 -6 0 0 101
13 14 50 33.466 -6 0 0 128
13 14 51 33.466 -6 0 0 75
13 14 52 33.466 -6 0 0 103
13 14 53 33.466 -6 0 0 124
13 14 54 33.466 -6 0 0 99
13 14 55 33.466 -6 0 0 78
13 14 56 33.466 -6 0 0 101
13 14 57 33.466 -6 0 0 85
13 14 58 33.466 -6 0 0 98
13 14 59 33.466 -6 0 0 91
13 14 60 33.466 -6 0 0 140
13 14 61 33.466 -6 0 0 78
13 14 62 33.466 -6 0 0 82
13 14 63 33.466 -6 0 0 97
13 15 0 33.466 -6 0 0 83
13 15 1 33.466 -6 0 0 83
13 15 2 33.466 -6 0 0 73
13 15 3 33.466 -6 0 0 52
13 15 4 33.466 -6 0 0 61
13 15 5 33.466 -6 0 0 60
13 15 6 33.466 -6 0 0 64
13 15 7 33.466 -6 0 0 48
13 15 8 33.466 -6 0 0 54
13 15 9 33.466 -6 0 0 49
13 15 10 33.466 -6 0 0 42
13 15 11 33.466 -6 0 0 84
13 15 12 33.466 -6 0 0 52
13 15 13 33.466 -6 0 0 57
13 15 14 33.466 -6 0 0 101
13 15 15 33.466 -6 0 0 46
13 15 16 33.466 -6 0 0 38
13 15 17 33.466 -6 0 0 97
13 15 18 33.466 -6 0 0 63
13 15 19 33.466 -6 0 0 34
13 15 20 33.466 -6 0 0 61
13 15 21 33.466 -6 0 0 51
13 15 22 33.466 -6 0 0 41
13 15 23 33.466 -6 0 0 93
13 15 24 33.466 -6 0 0 75
13 15 25 33.466 -6 0 0 55
13 15 26 33.466 -6 0 0 103
13 15 27 33.466 -6 0 0 43
13 15 28 33.466 -6 0 0 59
13 15 29 33.466 -6 0 0 112
13 15 30 33.466 -6 0 0 57
13 15 31 33.466 -6 0 0 54
13 15 32 33.466 -6 0 0 60
13 15 33 33.466 -6 0 0 61
13 15 34 33.466 -6 0 0 145
13 15 35 33.466 -6 0 0 74
13 15 36 33.466 -6 0 0 70
13 15 37 33.466 -6 0 0 106
13 15 38 33.466 -6 0 0 68
13 15 39 33.466 -6 0 0 142
13 15 40 33.466 -6 0 0 93
13 15 41 33.466 -6 0 0 59
13 15 42 33.466 -6 0 0 101
13 15 43 33.466 -6 0 0 118
13 15 44 33.466 -6 0 0 64
13 15 45 33.466 -6 0 0 56
13 15 46 33.466 -6 0 0 166
13 15 47 33.466 -6 0 0 82
13 15 48 33.466 -6 0 0 70
13 15 49 33.466 -6 0 0 118
13 15 50 33.466 -6 0 0 88
13 15 51 29.5 -2 0 0 208
13 15 52 33.466 -6 0 0 131
13 15 53 33.466 -6 0 0 94
13 15 54 33.466 -6 0 0 89
13 15 55 33.466 -6 0 0 166
13 15 56 33.466 -6 0 0 138
13 15 57 33.466 -6 0 0 183
13 15 58 33.466 -6 0 0 125
13 15 59 33.466 -6 0 0 180
13 15 60 33.466 -6 0 0 106
13 15 61 25.5 -2 0 0 217
13 15 62 25.5 -2 0 0 217
13 15 63 33.466 -6 0 0 140
14 0 0 34.3738 -3 0 0 125
14 0 1 34.3738 -3 0 0 79
14 0 2 34.3738 -3 0 0 107
14 0 3 34.3738 -3 0 0 63
14 0 4 34.3738 -3 0 0 130
14 0 5 34.3738 -3 0 0 77
14 0 6 34.3738 -3 0 0 60
14 0 7 34.3738 -3 0 0 87
14 0 8 34.3738 -3 0 0 93
14 0 9 34.3738 -3 0 0 76
14 0 10 34.3738 -3 0 0 45
14 0 11 34.3738 -3 0 0 148
14 0 12 34.3738 -3 0 0 79
14 0 13 34.3738 -3 0 0 82
14 0 14 34.3738 -3 0 0 142
14 0 15 34.3738 -3 0 0 78
14 0 16 34.3738 -3 0 0 23
14 0 17 34.3738 -3 0 0 118
14 0 18 34.3738 -3 0 0 73
14 0 19 34.3738 -3 0 0 82
14 0 20 34.3738 -3 0 0 117
14 0 21 34.3738 -3 0 0 67
14 0 22 34.3738 -3 0 0 65
14 0 23 34.3738 -3 0 0 177
14 0 24 34.3738 -3 0 0 120
14 0 25 34.3738 -3 0 0 99
14 0 26 34.3738 -3 0 0 166
14 0 27 34.3738 -3 0 0 110
14 0 28 34.3738 -3 0 0 103
14 0 29 34.3738 -3 0 0 130
14 0 30 34.3738 -3 0 0 50
14 0 31 34.3738 -3 0 0 123
14 0 32 34.3738 -3 0 0 123
14 0 33 34.3738 -3 0 0 91
14 0 34 34.3738 -3 0 0 192
14 0 35 34.3738 -3 0 0 95
14 0 36 34.3738 -3 0 0 64
14 0 37 34.3738 -3 0 0 126
14 0 38 34.3738 -3 0 0 152
14 0 39 29.5 -2 0 0 225
14 0 40 34.3738 -3 0 0 118
14 0 41 34.3738 -3 0 0 138
14 0 42 34.3738 -3 0 0 141
14 0 43 37.5 -2 0 0 206
14 0 44 34.3738 -3 0 0 164
14 0 45 34.3738 -3 0 0 158
14 0 46 29.5 -2 0 0 231
14 0 47 29.5 -2 0 0 217
14 0 48 34.3738 -3 0 0 123
14 0 49 34.3738 -3 0 0 167
14 0 50 34.3738 -3 0 0 190
14 0 51 29.5 -2 0 0 368
14 0 52 37.5 -2 0 0 256
14 0 53 34.3738 -3 0 0 165
14 0 54 34.3738 -3 0 0 156
14 0 55 29.5 -2 0 0 303
14 0 56 29.5 -2 0 0 274
14 0 57 0 -10 0 0 0
14 0 58 34.3738 -3 0 0 186
14 0 59 34.2941 3.13944 9.17391 0.353121 316
14 0 60 34.3738 -3 0 0 184
14 0 61 35.6326 3.24731 10.4174 0.330083 425
14 0 62 25.5 -2 0 0 359
14 0 63 29.5 -2 0 0 202
14 1 0 33.5 -2 0 0 410
14 1 1 29.5 -2 0 0 329
14 1 2 34.1282 1.79036 5.31458 0.419445 446
14 1 3 35.8459 2.25241 7.2722 0.495375 309
14 1 4 37.8222 -3 0 0 133
14 1 5 35.7386 2.34475 7.99089 0.362975 300
14 1 6 32.9484 1.35847 5.63023 0.353156 448
14 1 7 35.6332 1.42527 6.34545 0.221984 404
14 1 8 39.6873 2.46651 8.77597 0.281798 220
14 1 9 36.8069 1.74107 6.19409 0.413865 436
14 1 10 35.3794 1.30699 5.9179 0.282398 527
14 1 11 33.5 -2 0 0 264
14 1 12 33.5 -2 0 0 286
14 1 13 38.0523 2.95759 9.03348 0.345688 267
14 1 14 39.1273 3.18978 8.50901 0.355107 288
14 1 15 37.2311 2.38774 8.06 0.355411 233
14 1 16 37.9585 1.83276 8.2871 0.203627 550
14 1 17 37.8222 -3 0 0 197
14 1 18 29.5 -2 0 0 210
14 1 19 35.4551 2.97024 8.91449 0.298233 273
14 1 20 37.8222 -3 0 0 109
14 1 21 35.4235 1.72577 5.98617 0.463053 412
14 1 22 33.5 -2 0 0 321
14 1 23 37.8222 -3 0 0 171
14 1 24 33.5 -2 0 0 228
14 1 25 36.8109 2.46203 6.50849 0.374785 275
14 1 26 37.8222 -3 0 0 196
14 1 27 37.8222 -3 0 0 181
14 1 28 37.8222 -3 0 0 191
14 1 29 37.8222 -3 0 0 185
14 1 30 37.8222 -3 0 0 92
14 1 31 39.6481 2.75297 9.5771 0.326494 236
14 1 32 37.8222 -3 0 0 140
14 1 33 37.8222 -3 0 0 151
14 1 34 37.8222 -3 0 0 163
14 1 35 37.8222 -3 0 0 148
14 1 36 37.8222 -3 0 0 110
14 1 37 37.8222 -3 0 0 171
14 1 38 37.8222 -3 0 0 143
14 1 39 37.8222 -3 0 0 83
14 1 40 37.8222 -3 0 0 151
14 1 41 37.8222 -3 0 0 122
14 1 42 37.8222 -3 0 0 163
14 1 43 37.8222 -3 0 0 139
14 1 44 37.8222 -3 0 0 114
14 1 45 37.8222 -3 0 0 134
14 1 46 37.8222 -3 0 0 140
14 1 47 37.8222 -3 0 0 87
14 1 48 37.8222 -3 0 0 2
14 1 49 37.8222 -3 0 0 100
14 1 50 37.8222 -3 0 0 114
14 1 51 37.8222 -3 0 0 83
14 1 52 37.8222 -3 0 0 103
14 1 53 37.8222 -3 0 0 117
14 1 54 37.8222 -3 0 0 144
14 1 55 37.8222 -3 0 0 96
14 1 56 37.8222 -3 0 0 103
14 1 57 37.8222 -3 0 0 99
14 1 58 37.8222 -3 0 0 102
14 1 59 37.8222 -3 0 0 96
14 1 60 37.8222 -3 0 0 71
14 1 61 37.8222 -3 0 0 56
14 1 62 37.8222 -3 0 0 135
14 1 63 37.8222 -3 0 0 104
14 2 0 29.5 -2 0 0 379
14 2 1 34.1174 3.24153 8.74783 0.409741 396
14 2 2 29.5 -2 0 0 336
14 2 3 33.9028 -3 0 0 157
14 2 4 29.5 -2 0 0 229
14 2 5 29.5 -2 0 0 308
14 2 6 25.5 -2 0 0 275
14 2 7 33.9028 -3 0 0 89
14 2 8 29.5 -2 0 0 277
14 2 9 29.5 -2 0 0 221
14 2 10 33.9028 -3 0 0 165
14 2 11 29.5 -2 0 0 242
14 2 12 29.5 -2 0 0 284
14 2 13 29.5 -2 0 0 202
14 2 14 33.7419 1.54958 5.61815 0.266643 577
14 2 15 33.9028 -3 0 0 135
14 2 16 33.9028 -3 0 0 141
14 2 17 29.5 -2 0 0 340
14 2 18 33.9028 -3 0 0 179
14 2 19 33.9028 -3 0 0 178
14 2 20 29.5 -2 0 0 424
14 2 21 33.9028 -3 0 0 189
14 2 22 33.9028 -3 0 0 120
14 2 23 37.1513 3.2714 9.64998 0.339771 203
14 2 24 0 -10 0 0 0
14 2 25 33.9028 -3 0 0 119
14 2 26 36.3013 2.30671 6.96561 0.374547 684
14 2 27 33.9028 -3 0 0 196
14 2 28 34.0488 2.14131 5.13729 0.443578 290
14 2 29 34.4034 1.54795 6.17692 0.317254 358
14 2 30 33.9028 -3 0 0 94
14 2 31 33.9028 -3 0 0 112
14 2 32 0 -10 0 0 0
14 2 33 33.9028 -3 0 0 163
14 2 34 32.8492 2.06076 5.59734 0.344343 665
14 2 35 33.9028 -3 0 0 6
14 2 36 35.8173 3.26691 7.39676 0.391194 307
14 2 37 29.5 -2 0 0 295
14 2 38 33.9028 -3 0 0 18
14 2 39 29.5 -2 0 0 409
14 2 40 33.9028 -3 0 0 140
14 2 41 29.5 -2 0 0 246
14 2 42 29.5 -2 0 0 285
14 2 43 30.7803 1.29148 4.80055 0.490893 418
14 2 44 29.5 -2 0 0 236
14 2 45 25.5 -2 0 0 288
14 2 46 0 -10 0 0 0
14 2 47 29.5 -2 0 0 262
14 2 48 29.5 -2 0 0 296
14 2 49 34.6202 2.37599 8.2216 0.400518 389
14 2 50 34.1007 1.58356 6.2146 0.238424 269
14 2 51 33.5991 1.52237 5.91841 0.401863 673
14 2 52 30.6024 1.45795 3.95909 0.473403 531
14 2 53 29.5 -2 0 0 299
14 2 54 33.1492 2.02603 5.45302 0.345993 336
14 2 55 33.1952 2.00415 6.20766 0.401869 580
14 2 56 30.3177 1.22543 3.8304 0.404206 510
14 2 57 30.0721 1.09797 4.35507 0.391326 733
14 2 58 33.6139 2.4978 6.88418 0.387704 528
14 2 59 32.9648 1.20724 5.74888 0.21138 1319
14 2 60 25.5 -2 0 0 250
14 2 61 33.1806 1.48979 5.76337 0.263507 1220
14 2 62 34.5227 2.53631 6.54092 0.384377 972
14 2 63 32.6319 2.55287 7.00051 0.457888 496
14 3 0 38.1707 2.19701 7.35243 0.402235 655
14 3 1 38.5127 2.33599 7.70127 0.448303 506
14 3 2 36.9945 1.34345 5.37399 0.449911 614
14 3 3 36.0926 1.14244 5.37469 0.525345 836
14 3 4 36.099 1.37002 5.77903 0.532006 392
14 3 5 35.6178 1.43759 5.50027 0.420327 705
14 3 6 36.8476 1.17451 5.18261 0.545699 688
14 3 7 35.8513 1.35051 5.44848 0.529475 848
14 3 8 41.5 -2 0 0 398
14 3 9 40.3466 2.48394 7.35422 0.527312 1178
14 3 10 36.7148 1.29093 6.44428 0.484198 1341
14 3 11 40.4058 2.21406 7.92335 0.425676 362
14 3 12 37.9135 1.55862 5.88715 0.635268 605
14 3 13 35.5848 1.30321 4.98651 0.604798 645
14 3 14 33.9031 1.02896 3.99484 0.471596 572
14 3 15 37.7617 1.44151 5.57069 0.427309 665
14 3 16 38.1119 1.38597 6.26922 0.285626 1433
14 3 17 37.4234 1.36884 5.83481 0.480307 339
14 3 18 36.7269 1.12564 5.06475 0.628359 432
14 3 19 37.5633 1.39149 5.90524 0.381319 880
14 3 20 39.4363 -3 0 0 161
14 3 21 35.63 1.24965 4.70182 0.588522 1115
14 3 22 38.6702 1.63721 6.68588 0.521467 905
14 3 23 39.4363 -3 0 0 193
14 3 24 33.5 -2 0 0 582
14 3 25 37.6969 1.41871 6.42738 0.435938 686
14 3 26 39.2744 2.80932 8.58173 0.605606 306
14 3 27 38.757 1.44029 6.62653 0.631341 384
14 3 28 36.1214 1.56214 7.1138 0.322558 659
14 3 29 39.8354 3.18604 8.46765 0.522405 276
14 3 30 46.0191 3.71605 13.7006 0.557429 277
14 3 31 35.1266 1.22809 5.25287 0.439407 491
14 3 32 37.8245 1.78127 6.43411 0.458933 405
14 3 33 38.8596 2.66434 7.42355 0.680542 420
14 3 34 33.5 -2 0 0 326
14 3 35 39.2683 1.53875 6.15253 0.431674 527
14 3 36 38.839 2.78437 6.02532 0.624811 306
14 3 37 33.5 -2 0 0 216
14 3 38 41.3596 3.01373 10.1281 0.412514 431
14 3 39 33.5 -2 0 0 226
14 3 40 39.4363 -3 0 0 173
14 3 41 36.2082 1.31975 5.14573 0.396524 434
14 3 42 37.7151 1.68792 5.81733 0.521936 351
14 3 43 38.6952 2.05915 7.88463 0.504841 280
14 3 44 36.7538 2.76877 9.23147 0.472126 370
14 3 45 37.9253 1.58326 6.45786 0.408575 284
14 3 46 33.5 -2 0 0 221
14 3 47 33.5 -2 0 0 418
14 3 48 39.6853 1.874 7.28859 0.343656 277
14 3 49 33.5 -2 0 0 299
14 3 50 41.1877 3.42177 11.4402 0.569868 360
14 3 51 33.5 -2 0 0 212
14 3 52 38.9186 3.52976 10.3787 0.480877 351
14 3 53 34.1993 1.75161 6.45323 0.300738 283
14 3 54 33.5 -2 0 0 255
14 3 55 33.5 -2 0 0 220
14 3 56 33.5 -2 0 0 221
14 3 57 40.591 2.7525 10.1549 0.353786 222
14 3 58 29.5 -2 0 0 317
14 3 59 29.5 -2 0 0 293
14 3 60 36.3735 2.38363 6.86761 0.516443 291
14 3 61 33.5 -2 0 0 203
14 3 62 39.4363 -3 0 0 200
14 3 63 38.2322 2.40793 8.74988 0.379059 238
14 4 0 34.2289 1.52989 5.79322 0.311731 849
14 4 1 31.8004 1.43019 5.02716 0.517796 691
14 4 2 30.8197 2.59228 6.65424 0.406298 614
14 4 3 29.5 -2 0 0 303
14 4 4 29.5 -2 0 0 429
14 4 5 31.9496 1.39887 5.14128 0.382665 481
14 4 6 29.5 -2 0 0 444
14 4 7 29.5 -2 0 0 256
14 4 8 36.122 2.68149 7.09129 0.380968 601
14 4 9 29.5 -2 0 0 319
14 4 10 35.3355 -3 0 0 171
14 4 11 29.5 -2 0 0 334
14 4 12 29.5 -2 0 0 306
14 4 13 29.5 -2 0 0 240
14 4 14 33.4678 1.19735 5.39397 0.235531 801
14 4 15 35.3355 -3 0 0 190
14 4 16 35.3355 -3 0 0 163
14 4 17 33.0973 1.52674 4.6426 0.428447 746
14 4 18 29.5 -2 0 0 317
14 4 19 35.3355 -3 0 0 175
14 4 20 35.3355 -3 0 0 138
14 4 21 29.5 -2 0 0 418
14 4 22 35.3355 -3 0 0 192
14 4 23 31.2014 1.86928 4.43947 0.424397 428
14 4 24 35.1019 1.49593 5.74404 0.372977 517
14 4 25 35.3355 -3 0 0 161
14 4 26 36.4107 3.33465 7.34029 0.532871 923
14 4 27 29.5 -2 0 0 211
14 4 28 29.5 -2 0 0 218
14 4 29 33.4231 2.05674 5.1605 0.380294 563
14 4 30 34.3075 2.44388 8.13541 0.334105 279
14 4 31 35.3355 -3 0 0 176
14 4 32 29.5 -2 0 0 205
14 4 33 35.3355 -3 0 0 184
14 4 34 29.5 -2 0 0 584
14 4 35 35.3355 -3 0 0 142
14 4 36 29.5 -2 0 0 245
14 4 37 29.5 -2 0 0 352
14 4 38 35.3355 -3 0 0 149
14 4 39 29.5 -2 0 0 226
14 4 40 35.3355 -3 0 0 178
14 4 41 35.3355 -3 0 0 186
14 4 42 29.5 -2 0 0 259
14 4 43 30.4503 0.947076 3.85667 0.511451 559
14 4 44 35.3355 -3 0 0 124
14 4 45 35.3355 -3 0 0 155
14 4 46 33.0357 1.63424 5.08086 0.419093 751
14 4 47 35.3355 -3 0 0 126
14 4 48 29.5 -2 0 0 287
14 4 49 29.5 -2 0 0 327
14 4 50 29.5 -2 0 0 209
14 4 51 29.5 -2 0 0 384
14 4 52 34.3567 2.70627 9.00543 0.533936 490
14 4 53 35.3355 -3 0 0 180
14 4 54 35.3355 -3 0 0 163
14 4 55 29.5 -2 0 0 447
14 4 56 29.5 -2 0 0 250
14 4 57 29.5 -2 0 0 355
14 4 58 29.5 -2 0 0 253
14 4 59 30.9736 1.37361 4.15052 0.518988 589
14 4 60 35.3355 -3 0 0 147
14 4 61 33.0406 1.96283 7.17402 0.293448 506
14 4 62 29.5 -2 0 0 543
14 4 63 29.5 -2 0 0 331
14 5 0 33.5 -2 0 0 280
14 5 1 29.5 -2 0 0 288
14 5 2 33.5 -2 0 0 253
14 5 3 35.9151 1.39989 5.19432 0.399328 425
14 5 4 38.6905 2.99987 8.53653 0.5901 388
14 5 5 29.5 -2 0 0 337
14 5 6 33.7052 1.39101 4.57249 0.584156 369
14 5 7 35.6461 1.9497 6.63676 0.354026 511
14 5 8 36.3309 3.08808 7.23729 0.439732 367
14 5 9 36.184 1.89244 5.89823 0.393627 298
14 5 10 33.5 -2 0 0 425
14 5 11 33.5 -2 0 0 262
14 5 12 29.5 -2 0 0 418
14 5 13 34.7598 1.13987 5.26482 0.44148 503
14 5 14 33.5 -2 0 0 312
14 5 15 38.6079 1.66498 7.31572 0.458936 512
14 5 16 34.9729 1.49882 5.90195 0.402762 429
14 5 17 35.3704 1.62069 6.0386 0.355092 323
14 5 18 41.8323 2.97157 10.7458 0.502418 332
14 5 19 34.4447 1.16539 4.37051 0.454437 630
14 5 20 35.5672 1.29917 5.29654 0.297903 655
14 5 21 37.8507 2.1208 6.64964 0.342721 409
14 5 22 33.5 -2 0 0 463
14 5 23 36.8744 2.08938 6.04501 0.409659 452
14 5 24 36.8141 2.1646 6.30912 0.451305 318
14 5 25 38.9676 1.68782 6.78244 0.309359 658
14 5 26 37.278 1.80591 6.85665 0.384162 360
14 5 27 36.6378 1.40771 6.28144 0.3848 342
14 5 28 41.375 1.98426 7.39429 0.494843 474
14 5 29 35.4522 1.5904 5.35145 0.4428 394
14 5 30 37.305 1.51192 5.90597 0.347735 522
14 5 31 37.2097 1.32697 6.35917 0.33616 550
14 5 32 34.6196 1.01068 4.62529 0.504882 656
14 5 33 29.5 -2 0 0 577
14 5 34 29.5 -2 0 0 405
14 5 35 35.7246 1.2165 5.0808 0.426266 1075
14 5 36 38.4633 1.46625 7.06824 0.410475 309
14 5 37 39.8303 1.81573 7.06969 0.406826 381
14 5 38 34.6525 0.990421 4.94673 0.507402 859
14 5 39 41.287 2.16219 8.13028 0.446583 991
14 5 40 33.5 -2 0 0 488
14 5 41 34.2676 1.052 4.04742 0.467381 758
14 5 42 36.0054 1.39595 5.55686 0.44225 562
14 5 43 33.5 -2 0 0 442
14 5 44 38.4718 1.30851 5.88216 0.504577 933
14 5 45 36.4278 1.35003 6.19795 0.341724 695
14 5 46 34.475 1.46377 5.04728 0.387504 456
14 5 47 36.4198 1.27995 6.6387 0.418075 1041
14 5 48 35.5713 2.15572 7.83067 0.425541 713
14 5 49 38.4564 1.74568 6.42092 0.58111 559
14 5 50 33.17 1.02568 3.96764 0.762624 837
14 5 51 35.9509 1.3903 5.90173 0.3453 686
14 5 52 35.3327 2.10799 5.69625 0.605864 479
14 5 53 34.6899 0.959646 4.41892 0.768314 918
14 5 54 36.3583 1.32284 6.38 0.427138 555
14 5 55 36.6498 1.75553 6.60465 0.381502 497
14 5 56 36.0491 1.26211 5.16522 0.477558 801
14 5 57 29.5 -2 0 0 717
14 5 58 29.5 -2 0 0 768
14 5 59 34.644 1.33282 5.21185 0.31663 468
14 5 60 35.3468 1.08865 5.25482 0.57884 768
14 5 61 36.0463 1.55095 5.76016 0.38248 601
14 5 62 29.5 -2 0 0 396
14 5 63 34.851 1.2355 5.20382 0.555525 439
14 6 0 33.0068 2.01197 6.18506 0.290288 542
14 6 1 32.1106 1.88958 5.45667 0.330385 343
14 6 2 34.2679 2.40369 6.70518 0.314047 370
14 6 3 34.2119 -3 0 0 174
14 6 4 34.2119 -3 0 0 199
14 6 5 32.175 3.16009 6.67289 0.304219 229
14 6 6 29.5 -2 0 0 273
14 6 7 34.2119 -3 0 0 126
14 6 8 34.2119 -3 0 0 193
14 6 9 34.2119 -3 0 0 190
14 6 10 34.2119 -3 0 0 192
14 6 11 29.5 -2 0 0 235
14 6 12 34.2119 -3 0 0 158
14 6 13 34.2119 -3 0 0 96
14 6 14 29.5 -2 0 0 312
14 6 15 34.2119 -3 0 0 167
14 6 16 34.2119 -3 0 0 123
14 6 17 29.5 -2 0 0 267
14 6 18 34.2119 -3 0 0 149
14 6 19 34.2119 -3 0 0 83
14 6 20 34.2119 -3 0 0 149
14 6 21 34.2119 -3 0 0 198
14 6 22 34.2119 -3 0 0 172
14 6 23 34.2119 -3 0 0 120
14 6 24 29.5 -2 0 0 244
14 6 25 34.2119 -3 0 0 99
14 6 26 29.5 -2 0 0 300
14 6 27 34.2119 -3 0 0 124
14 6 28 34.2119 -3 0 0 101
14 6 29 34.2119 -3 0 0 153
14 6 30 34.2119 -3 0 0 60
14 6 31 34.2119 -3 0 0 96
14 6 32 34.2119 -3 0 0 78
14 6 33 34.2119 -3 0 0 97
14 6 34 34.6169 3.02296 9.47099 0.24873 278
14 6 35 34.2119 -3 0 0 88
14 6 36 34.2119 -3 0 0 54
14 6 37 34.2119 -3 0 0 140
14 6 38 34.2119 -3 0 0 80
14 6 39 34.2119 -3 0 0 96
14 6 40 34.2119 -3 0 0 143
14 6 41 34.2119 -3 0 0 75
14 6 42 34.2119 -3 0 0 103
14 6 43 34.2119 -3 0 0 151
14 6 44 34.2119 -3 0 0 90
14 6 45 34.2119 -3 0 0 94
14 6 46 29.5 -2 0 0 216
14 6 47 34.2119 -3 0 0 63
14 6 48 34.2119 -3 0 0 76
14 6 49 34.2119 -3 0 0 102
14 6 50 34.2119 -3 0 0 70
14 6 51 34.2119 -3 0 0 83
14 6 52 34.2119 -3 0 0 150
14 6 53 34.2119 -3 0 0 74
14 6 54 34.2119 -3 0 0 58
14 6 55 34.2119 -3 0 0 116
14 6 56 34.2119 -3 0 0 97
14 6 57 34.2119 -3 0 0 92
14 6 58 34.2119 -3 0 0 96
14 6 59 34.2119 -3 0 0 189
14 6 60 34.2119 -3 0 0 83
14 6 61 34.2119 -3 0 0 118
14 6 62 34.2119 -3 0 0 156
14 6 63 34.2119 -3 0 0 88
14 7 0 35.2867 -3 0 0 121
14 7 1 35.2867 -3 0 0 113
14 7 2 35.2867 -3 0 0 113
14 7 3 35.2867 -3 0 0 148
14 7 4 29.5 -2 0 0 209
14 7 5 35.2867 -3 0 0 144
14 7 6 35.2867 -3 0 0 139
14 7 7 35.2867 -3 0 0 127
14 7 8 35.2867 -3 0 0 164
14 7 9 35.2867 -3 0 0 98
14 7 10 35.2867 -3 0 0 158
14 7 11 35.2867 -3 0 0 110
14 7 12 35.2867 -3 0 0 98
14 7 13 35.2867 -3 0 0 185
14 7 14 35.2867 -3 0 0 99
14 7 15 35.2867 -3 0 0 194
14 7 16 35.2867 -3 0 0 139
14 7 17 35.2867 -3 0 0 129
14 7 18 35.2867 -3 0 0 143
14 7 19 35.2867 -3 0 0 186
14 7 20 35.2867 -3 0 0 108
14 7 21 35.2867 -3 0 0 158
14 7 22 35.2867 -3 0 0 172
14 7 23 35.2867 -3 0 0 190
14 7 24 35.2867 -3 0 0 125
14 7 25 29.5 -2 0 0 274
14 7 26 35.2867 -3 0 0 140
14 7 27 29.5 -2 0 0 232
14 7 28 35.2867 -3 0 0 182
14 7 29 35.2867 -3 0 0 164
14 7 30 35.2867 -3 0 0 193
14 7 31 34.0572 2.1375 8.1468 0.250128 296
14 7 32 29.5 -2 0 0 220
14 7 33 33.446 2.3341 5.84269 0.313552 309
14 7 34 35.2867 -3 0 0 195
14 7 35 33.0393 2.83137 5.1108 0.452824 428
14 7 36 29.5 -2 0 0 272
14 7 37 35.2867 -3 0 0 192
14 7 38 32.1029 1.24982 4.64846 0.29239 622
14 7 39 29.5 -2 0 0 718
14 7 40 29.5 -2 0 0 231
14 7 41 31.5768 1.89919 5.33927 0.453104 424
14 7 42 29.5 -2 0 0 348
14 7 43 35.2867 -3 0 0 173
14 7 44 29.5 -2 0 0 369
14 7 45 35.9411 2.90773 7.55125 0.43994 443
14 7 46 29.5 -2 0 0 259
14 7 47 32.1669 1.58869 4.79543 0.506469 661
14 7 48 33.3682 1.91164 5.73799 0.430637 331
14 7 49 33.7926 1.73505 6.98326 0.300062 340
14 7 50 31.7217 1.26952 5.03558 0.361982 521
14 7 51 35.3724 2.15086 6.49653 0.285962 453
14 7 52 33.5 -2 0 0 299
14 7 53 35.1838 1.71413 6.31153 0.312825 623
14 7 54 29.5 -2 0 0 480
14 7 55 29.5 -2 0 0 300
14 7 56 31.0922 1.20162 5.00552 0.4126 685
14 7 57 30.3901 2.73518 7.68669 0.256672 624
14 7 58 31.377 1.9125 5.3164 0.420408 414
14 7 59 29.5 -2 0 0 292
14 7 60 29.7845 1.70675 5.76036 0.261627 778
14 7 61 33.2731 1.75575 6.25019 0.270992 377
14 7 62 34.8168 2.36554 8.5945 0.334827 289
14 7 63 31.7137 1.75544 5.53605 0.495609 329
14 8 0 36.1783 -3 0 0 62
14 8 1 36.1783 -3 0 0 51
14 8 2 36.1783 -3 0 0 102
14 8 3 36.1783 -3 0 0 110
14 8 4 36.1783 -3 0 0 153
14 8 5 36.1783 -3 0 0 99
14 8 6 36.1783 -3 0 0 80
14 8 7 36.1783 -3 0 0 114
14 8 8 36.1783 -3 0 0 134
14 8 9 36.1783 -3 0 0 112
14 8 10 36.1783 -3 0 0 115
14 8 11 36.1783 -3 0 0 82
14 8 12 36.1783 -3 0 0 100
14 8 13 29.5 -2 0 0 207
14 8 14 36.1783 -3 0 0 71
14 8 15 36.1783 -3 0 0 124
14 8 16 36.1783 -3 0 0 142
14 8 17 36.1783 -3 0 0 85
14 8 18 36.1783 -3 0 0 105
14 8 19 36.1783 -3 0 0 151
14 8 20 36.1783 -3 0 0 61
14 8 21 36.1783 -3 0 0 91
14 8 22 36.1783 -3 0 0 155
14 8 23 36.1783 -3 0 0 148
14 8 24 36.1783 -3 0 0 72
14 8 25 36.1783 -3 0 0 163
14 8 26 36.1783 -3 0 0 132
14 8 27 36.1783 -3 0 0 144
14 8 28 36.1783 -3 0 0 163
14 8 29 36.1783 -3 0 0 130
14 8 30 36.1783 -3 0 0 68
14 8 31 29.5 -2 0 0 307
14 8 32 29.5 -2 0 0 282
14 8 33 29.5 -2 0 0 250
14 8 34 36.1783 -3 0 0 111
14 8 35 34.9993 2.54871 7.57368 0.303076 400
14 8 36 36.1783 -3 0 0 67
14 8 37 36.1783 -3 0 0 151
14 8 38 33.7196 1.55007 5.0102 0.334332 579
14 8 39 33.1746 1.63194 4.83879 0.447972 330
14 8 40 36.1783 -3 0 0 84
14 8 41 33.5 -2 0 0 295
14 8 42 36.1783 -3 0 0 130
14 8 43 36.1783 -3 0 0 166
14 8 44 34.7514 1.69133 5.49253 0.317301 326
14 8 45 29.5 -2 0 0 225
14 8 46 36.1783 -3 0 0 123
14 8 47 32.5347 1.65319 5.42978 0.422425 745
14 8 48 29.5 -2 0 0 254
14 8 49 36.1783 -3 0 0 132
14 8 50 33.5 -2 0 0 247
14 8 51 29.5 -2 0 0 211
14 8 52 29.5 -2 0 0 203
14 8 53 36.1543 1.7515 6.51424 0.324711 428
14 8 54 29.5 -2 0 0 321
14 8 55 36.1783 -3 0 0 180
14 8 56 35.1139 2.57094 6.8934 0.464148 260
14 8 57 33.4239 2.63569 7.57875 0.357579 327
14 8 58 29.5 -2 0 0 318
14 8 59 36.1783 -3 0 0 190
14 8 60 32.4923 1.53021 5.81678 0.331235 404
14 8 61 36.1783 -3 0 0 199
14 8 62 36.1783 -3 0 0 198
14 8 63 33.6338 2.80506 8.88522 0.255487 267
14 9 0 33.5 -2 0 0 210
14 9 1 29.5 -2 0 0 266
14 9 2 34.2715 -3 0 0 182
14 9 3 34.2715 -3 0 0 73
14 9 4 34.2715 -3 0 0 109
14 9 5 34.2715 -3 0 0 100
14 9 6 34.2715 -3 0 0 152
14 9 7 34.2715 -3 0 0 27
14 9 8 34.2715 -3 0 0 125
14 9 9 34.2715 -3 0 0 95
14 9 10 34.2715 -3 0 0 76
14 9 11 34.2715 -3 0 0 120
14 9 12 34.2715 -3 0 0 80
14 9 13 34.2715 -3 0 0 60
14 9 14 34.2715 -3 0 0 159
14 9 15 34.2715 -3 0 0 57
14 9 16 34.2715 -3 0 0 50
14 9 17 34.2715 -3 0 0 127
14 9 18 34.2715 -3 0 0 74
14 9 19 34.2715 -3 0 0 30
14 9 20 34.2715 -3 0 0 69
14 9 21 34.2715 -3 0 0 85
14 9 22 34.2715 -3 0 0 46
14 9 23 34.2715 -3 0 0 54
14 9 24 34.2715 -3 0 0 155
14 9 25 34.2715 -3 0 0 59
14 9 26 34.2715 -3 0 0 191
14 9 27 34.2715 -3 0 0 46
14 9 28 34.2715 -3 0 0 50
14 9 29 34.2715 -3 0 0 96
14 9 30 34.2715 -3 0 0 18
14 9 31 34.2715 -3 0 0 41
14 9 32 34.2715 -3 0 0 29
14 9 33 34.2715 -3 0 0 43
14 9 34 34.2715 -3 0 0 103
14 9 35 34.2715 -3 0 0 45
14 9 36 34.2715 -3 0 0 17
14 9 37 34.2715 -3 0 0 40
14 9 38 34.2715 -3 0 0 33
14 9 39 34.2715 -3 0 0 46
14 9 40 34.2715 -3 0 0 42
14 9 41 34.2715 -3 0 0 40
14 9 42 34.2715 -3 0 0 44
14 9 43 34.2715 -3 0 0 131
14 9 44 34.2715 -3 0 0 30
14 9 45 34.2715 -3 0 0 29
14 9 46 34.2715 -3 0 0 171
14 9 47 34.2715 -3 0 0 31
14 9 48 34.2715 -3 0 0 37
14 9 49 34.2715 -3 0 0 73
14 9 50 34.2715 -3 0 0 37
14 9 51 34.2715 -3 0 0 63
14 9 52 34.2715 -3 0 0 100
14 9 53 34.2715 -3 0 0 28
14 9 54 34.2715 -3 0 0 27
14 9 55 34.2715 -3 0 0 92
14 9 56 34.2715 -3 0 0 41
14 9 57 34.2715 -3 0 0 63
14 9 58 34.2715 -3 0 0 42
14 9 59 34.2715 -3 0 0 93
14 9 60 34.2715 -3 0 0 22
14 9 61 34.2715 -3 0 0 83
14 9 62 34.2715 -3 0 0 66
14 9 63 34.2715 -3 0 0 72
14 10 0 37.5 -2 0 0 205
14 10 1 36.0423 -3 0 0 194
14 10 2 32.9422 2.55304 8.52272 0.419588 366
14 10 3 31.3843 1.24526 3.92941 0.576893 501
14 10 4 29.5 -2 0 0 416
14 10 5 29.5 -2 0 0 243
14 10 6 32.5094 1.38121 4.76799 0.464636 373
14 10 7 33.4691 1.37073 5.12571 0.285338 731
14 10 8 35.6799 3.0854 9.00793 0.458948 342
14 10 9 38.8316 2.19289 7.34042 0.495617 461
14 10 10 31.1364 1.15285 4.18543 0.529894 469
14 10 11 28.9327 1.12018 4.29947 0.539277 374
14 10 12 33.6862 1.75591 6.9055 0.336529 384
14 10 13 32.0749 1.23314 4.61729 0.542101 472
14 10 14 36.1667 2.95029 10.0546 0.329274 224
14 10 15 30.1269 0.857014 3.8028 0.382483 571
14 10 16 35.7742 1.88152 5.89206 0.419442 622
14 10 17 29.5 -2 0 0 339
14 10 18 29.5 -2 0 0 301
14 10 19 33.0818 1.21554 5.88976 0.388972 625
14 10 20 29.5 -2 0 0 227
14 10 21 35.7434 3.08436 8.05657 0.536695 358
14 10 22 33.7503 1.31486 4.85156 0.526246 394
14 10 23 34.9962 2.26834 7.93751 0.384822 398
14 10 24 33.5 -2 0 0 218
14 10 25 33.7002 1.32278 6.11998 0.442337 644
14 10 26 29.5 -2 0 0 320
14 10 27 36.3439 1.81813 6.41293 0.41557 473
14 10 28 34.3892 1.40953 6.06288 0.357078 596
14 10 29 33.5 -2 0 0 225
14 10 30 36.0543 1.65151 6.50724 0.357933 267
14 10 31 36.1716 1.47342 5.63647 0.461134 959
14 10 32 34.5697 1.3526 5.47186 0.481159 632
14 10 33 34.2192 1.74135 5.89335 0.444803 770
14 10 34 33.5 -2 0 0 219
14 10 35 36.5316 2.17719 7.04174 0.365597 1618
14 10 36 43.9037 4.0093 13.5729 0.458054 281
14 10 37 36.0423 -3 0 0 175
14 10 38 35.5578 1.42209 5.62678 0.417017 1686
14 10 39 32.0684 1.26638 5.83983 0.489018 700
14 10 40 40.0045 1.86764 7.48444 0.396076 226
14 10 41 34.3883 1.86448 5.40983 0.460769 754
14 10 42 34.1184 1.68424 7.3058 0.361562 389
14 10 43 25.5 -2 0 0 271
14 10 44 34.7365 1.54022 4.85703 0.650104 1089
14 10 45 33.69 2.46474 5.95888 0.456542 588
14 10 46 29.5 -2 0 0 225
14 10 47 33.7862 1.36771 5.91547 0.403829 1539
14 10 48 31.5418 1.23304 4.95942 0.459127 634
14 10 49 29.5 -2 0 0 351
14 10 50 35.9672 2.0109 7.20797 0.496853 1002
14 10 51 31.8682 1.32735 4.91954 0.431968 429
14 10 52 30.9913 1.65698 4.34694 0.410146 520
14 10 53 34.2942 1.53088 6.09553 0.437244 1097
14 10 54 25.5 -2 0 0 541
14 10 55 29.5 -2 0 0 301
14 10 56 31.6224 1.53193 5.8626 0.326308 784
14 10 57 34.7543 1.77986 7.61079 0.334403 467
14 10 58 29.5 -2 0 0 456
14 10 59 34.8185 2.39416 8.2251 0.405613 262
14 10 60 34.0051 1.99782 6.99815 0.34877 1212
14 10 61 25.5 -2 0 0 510
14 10 62 29.5 -2 0 0 259
14 10 63 32.6455 1.71764 7.21946 0.448594 370
14 11 0 30.792 1.54883 4.82591 0.331709 629
14 11 1 29.5 -2 0 0 402
14 11 2 33.3297 2.38647 7.30292 0.302764 307
14 11 3 32.6672 -3 0 0 122
14 11 4 29.1698 1.60262 4.22894 0.284772 260
14 11 5 25.5 -2 0 0 281
14 11 6 29.5 -2 0 0 237
14 11 7 32.6672 -3 0 0 131
14 11 8 32.9897 2.85123 5.71902 0.35622 313
14 11 9 25.5 -2 0 0 209
14 11 10 32.6672 -3 0 0 167
14 11 11 29.5 -2 0 0 279
14 11 12 32.6672 -3 0 0 192
14 11 13 32.6672 -3 0 0 83
14 11 14 31.6709 1.63654 6.53931 0.252542 403
14 11 15 32.6672 -3 0 0 111
14 11 16 32.6672 -3 0 0 138
14 11 17 29.5 -2 0 0 295
14 11 18 25.5 -2 0 0 226
14 11 19 32.6672 -3 0 0 121
14 11 20 32.6672 -3 0 0 84
14 11 21 29.5 -2 0 0 206
14 11 22 32.6672 -3 0 0 159
14 11 23 30.745 2.67306 6.49656 0.313738 254
14 11 24 29.5 -2 0 0 303
14 11 25 32.6672 -3 0 0 138
14 11 26 31.0271 1.30154 4.61846 0.339775 407
14 11 27 32.6672 -3 0 0 121
14 11 28 32.6672 -3 0 0 111
14 11 29 29.5 -2 0 0 249
14 11 30 32.6672 -3 0 0 87
14 11 31 32.6672 -3 0 0 102
14 11 32 32.6672 -3 0 0 85
14 11 33 32.6672 -3 0 0 105
14 11 34 29.5 -2 0 0 507
14 11 35 32.6672 -3 0 0 99
14 11 36 32.6672 -3 0 0 70
14 11 37 29.5 -2 0 0 242
14 11 38 32.6672 -3 0 0 145
14 11 39 32.6672 -3 0 0 118
14 11 40 32.6672 -3 0 0 79
14 11 41 32.6672 -3 0 0 100
14 11 42 32.6672 -3 0 0 128
14 11 43 30.3969 1.48236 4.33881 0.388623 301
14 11 44 32.6672 -3 0 0 95
14 11 45 32.6672 -3 0 0 134
14 11 46 29.5366 1.64482 4.76973 0.340358 364
14 11 47 32.6672 -3 0 0 44
14 11 48 32.6672 -3 0 0 91
14 11 49 29.5 -2 0 0 227
14 11 50 32.6672 -3 0 0 132
14 11 51 35.5419 3.39157 10.5884 0.269275 235
14 11 52 29.5 -2 0 0 277
14 11 53 32.6672 -3 0 0 71
14 11 54 32.6672 -3 0 0 98
14 11 55 25.5 -2 0 0 274
14 11 56 32.6672 -3 0 0 178
14 11 57 31.1678 2.03633 5.39873 0.306797 206
14 11 58 32.6672 -3 0 0 137
14 11 59 33.1549 2.57904 7.88913 0.361524 408
14 11 60 32.6672 -3 0 0 96
14 11 61 34.1727 2.82518 8.95682 0.284387 253
14 11 62 31.3677 2.18404 5.78483 0.351484 315
14 11 63 25.5 -2 0 0 230
14 12 0 29.9482 1.0241 3.5791 0.510918 485
14 12 1 35.5108 2.73348 9.01489 0.454421 373
14 12 2 29.7134 1.17984 3.5558 0.645341 511
14 12 3 31.3325 1.68763 4.68545 0.558176 741
14 12 4 35.3268 1.98577 7.36384 0.415721 384
14 12 5 29.5 -2 0 0 589
14 12 6 33.4397 1.52889 4.95409 0.517512 656
14 12 7 33.6367 1.59887 4.88192 0.403615 1567
14 12 8 31.0484 1.19957 3.99374 0.441065 589
14 12 9 29.5 -2 0 0 1024
14 12 10 35.4105 1.48575 5.90598 0.384482 1378
14 12 11 30.6565 1.36404 4.01181 0.532235 515
14 12 12 32.2632 1.10913 4.70215 0.296935 853
14 12 13 32.7015 1.09106 5.28667 0.365143 714
14 12 14 29.5 -2 0 0 367
14 12 15 35.7976 2.50288 8.43918 0.505357 767
14 12 16 35.4131 1.43565 6.8554 0.565558 1517
14 12 17 30.1783 0.89204 3.32296 0.436982 466
14 12 18 29.5 -2 0 0 743
14 12 19 36.1037 1.53566 6.69658 0.439161 1444
14 12 20 29.5 -2 0 0 466
14 12 21 32.4269 1.01745 4.90701 0.501521 684
14 12 22 31.4658 1.27113 4.14523 0.470119 1293
14 12 23 30.8274 1.11353 3.2694 0.612851 392
14 12 24 29.5 -2 0 0 441
14 12 25 32.5553 1.08446 4.41035 0.395649 1159
14 12 26 29.5 -2 0 0 256
14 12 27 33.307 1.4411 4.69847 0.457573 695
14 12 28 31.8846 1.57635 4.30785 0.530287 929
14 12 29 29.5 -2 0 0 276
14 12 30 29.5 -2 0 0 445
14 12 31 35.5679 1.87095 6.90239 0.440247 1000
14 12 32 30.1638 0.89072 3.37211 0.406436 846
14 12 33 32.7221 1.99708 4.44131 0.649174 727
14 12 34 29.5 -2 0 0 252
14 12 35 32.6735 1.93255 4.71803 0.459809 960
14 12 36 29.5 -2 0 0 322
14 12 37 32.225 2.88937 4.92659 0.501286 335
14 12 38 29.6835 0.851713 3.75662 0.58115 778
14 12 39 29.5 -2 0 0 376
14 12 40 29.5 -2 0 0 427
14 12 41 35.1103 2.33486 7.31257 0.495672 552
14 12 42 33.3984 2.33422 6.94 0.40049 327
14 12 43 33.3896 2.4424 8.55198 0.391797 327
14 12 44 32.8491 1.65774 4.71151 0.427808 644
14 12 45 33.3503 1.62505 5.16799 0.454715 381
14 12 46 29.5 -2 0 0 264
14 12 47 36.6771 2.69815 7.49659 0.567356 706
14 12 48 36.7933 2.64247 8.12176 0.581737 408
14 12 49 29.5 -2 0 0 328
14 12 50 29.5 -2 0 0 513
14 12 51 29.5 -2 0 0 231
14 12 52 25.5 -2 0 0 281
14 12 53 34.0576 1.90687 5.9818 0.321042 599
14 12 54 31.1587 2.06342 4.56335 0.520172 386
14 12 55 32.3451 2.93717 7.81153 0.445646 267
14 12 56 29.5 -2 0 0 278
14 12 57 29.5 -2 0 0 250
14 12 58 29.5 -2 0 0 332
14 12 59 30.1326 2.48504 6.44814 0.367789 268
14 12 60 29.5 -2 0 0 441
14 12 61 34.9359 -3 0 0 187
14 12 62 25.5 -2 0 0 242
14 12 63 25.5 -2 0 0 305
14 13 0 31.8245 2.57083 5.22267 0.440213 316
14 13 1 29.5 -2 0 0 245
14 13 2 33.7072 -3 0 0 195
14 13 3 33.7072 -3 0 0 116
14 13 4 33.7072 -3 0 0 164
14 13 5 33.7072 -3 0 0 177
14 13 6 33.7072 -3 0 0 175
14 13 7 33.7072 -3 0 0 90
14 13 8 33.7072 -3 0 0 162
14 13 9 33.7072 -3 0 0 105
14 13 10 33.7072 -3 0 0 99
14 13 11 33.7072 -3 0 0 196
14 13 12 33.7072 -3 0 0 138
14 13 13 33.7072 -3 0 0 84
14 13 14 36.349 2.89001 8.17068 0.290564 332
14 13 15 33.7072 -3 0 0 127
14 13 16 33.7072 -3 0 0 105
14 13 17 34.1082 2.97746 7.34444 0.300987 227
14 13 18 33.7072 -3 0 0 105
14 13 19 33.7072 -3 0 0 93
14 13 20 33.7072 -3 0 0 180
14 13 21 33.7072 -3 0 0 114
14 13 22 33.7072 -3 0 0 111
14 13 23 33.7072 -3 0 0 146
14 13 24 29.5 -2 0 0 275
14 13 25 33.7072 -3 0 0 90
14 13 26 29.5 -2 0 0 295
14 13 27 33.7072 -3 0 0 108
14 13 28 33.7072 -3 0 0 108
14 13 29 34.5196 3.31264 8.58877 0.319223 254
14 13 30 33.7072 -3 0 0 101
14 13 31 33.7072 -3 0 0 107
14 13 32 33.7072 -3 0 0 102
14 13 33 33.7072 -3 0 0 150
14 13 34 29.5 -2 0 0 368
14 13 35 33.7072 -3 0 0 84
14 13 36 33.7072 -3 0 0 123
14 13 37 29.5 -2 0 0 243
14 13 38 33.7072 -3 0 0 108
14 13 39 33.7072 -3 0 0 188
14 13 40 33.7072 -3 0 0 189
14 13 41 33.7072 -3 0 0 119
14 13 42 29.5 -2 0 0 223
14 13 43 25.5 -2 0 0 298
14 13 44 33.7072 -3 0 0 110
14 13 45 33.7072 -3 0 0 117
14 13 46 33.1096 2.8792 7.35988 0.359716 350
14 13 47 33.7072 -3 0 0 98
14 13 48 33.7072 -3 0 0 152
14 13 49 29.5 -2 0 0 275
14 13 50 33.7072 -3 0 0 158
14 13 51 32.6727 1.803 7.52026 0.185718 410
14 13 52 29.5 -2 0 0 272
14 13 53 33.7072 -3 0 0 137
14 13 54 33.7072 -3 0 0 188
14 13 55 31.8382 2.45632 6.31406 0.435516 359
14 13 56 33.7072 -3 0 0 199
14 13 57 25.5 -2 0 0 298
14 13 58 25.5 -2 0 0 242
14 13 59 31.2641 1.75676 6.00243 0.365357 395
14 13 60 33.7072 -3 0 0 185
14 13 61 25.5 -2 0 0 472
14 13 62 25.5 -2 0 0 473
14 13 63 25.5 -2 0 0 272
14 14 0 29.5 -2 0 0 260
14 14 1 29.5 -2 0 0 277
14 14 2 36.7208 3.06945 9.36145 0.435844 360
14 14 3 35.1236 2.07433 5.39556 0.373879 396
14 14 4 29.5 -2 0 0 241
14 14 5 35.7893 3.25193 6.70729 0.376718 329
14 14 6 34.8172 1.69885 6.88436 0.212692 448
14 14 7 38.523 2.38322 6.96697 0.404087 523
14 14 8 33.6222 1.79394 5.51363 0.375305 284
14 14 9 36.8727 2.03769 7.35723 0.390432 495
14 14 10 33.815 1.21781 5.18169 0.386019 681
14 14 11 29.5 -2 0 0 226
14 14 12 33.5 -2 0 0 259
14 14 13 33.5 -2 0 0 368
14 14 14 36.1568 -3 0 0 168
14 14 15 29.5 -2 0 0 315
14 14 16 29.5 -2 0 0 783
14 14 17 36.1568 -3 0 0 178
14 14 18 29.5 -2 0 0 284
14 14 19 34.8404 1.94723 4.89854 0.484839 424
14 14 20 29.5 -2 0 0 238
14 14 21 29.5 -2 0 0 463
14 14 22 34.867 1.26598 5.38624 0.331866 454
14 14 23 36.1568 -3 0 0 172
14 14 24 36.1568 -3 0 0 190
14 14 25 36.027 2.28064 7.64933 0.299124 358
14 14 26 36.1568 -3 0 0 180
14 14 27 29.5 -2 0 0 281
14 14 28 29.5 -2 0 0 308
14 14 29 36.1568 -3 0 0 163
14 14 30 33.5 -2 0 0 221
14 14 31 35.9467 2.35559 6.6644 0.324909 264
14 14 32 36.1568 -3 0 0 183
14 14 33 33.5 -2 0 0 216
14 14 34 36.1568 -3 0 0 177
14 14 35 29.5 -2 0 0 252
14 14 36 36.1568 -3 0 0 178
14 14 37 36.1568 -3 0 0 139
14 14 38 29.5 -2 0 0 218
14 14 39 36.1568 -3 0 0 119
14 14 40 36.1568 -3 0 0 165
14 14 41 36.1568 -3 0 0 159
14 14 42 36.1568 -3 0 0 175
14 14 43 36.1568 -3 0 0 150
14 14 44 36.1568 -3 0 0 132
14 14 45 36.1568 -3 0 0 138
14 14 46 36.1568 -3 0 0 126
14 14 47 36.1568 -3 0 0 179
14 14 48 36.1568 -3 0 0 162
14 14 49 36.1568 -3 0 0 132
14 14 50 36.1568 -3 0 0 145
14 14 51 36.1568 -3 0 0 107
14 14 52 36.1568 -3 0 0 132
14 14 53 36.1568 -3 0 0 146
14 14 54 36.1568 -3 0 0 139
14 14 55 36.1568 -3 0 0 85
14 14 56 36.1568 -3 0 0 113
14 14 57 36.1568 -3 0 0 104
14 14 58 36.1568 -3 0 0 105
14 14 59 36.1568 -3 0 0 107
14 14 60 36.1568 -3 0 0 120
14 14 61 36.1568 -3 0 0 74
14 14 62 36.1568 -3 0 0 87
14 14 63 36.1568 -3 0 0 85
14 15 0 38.0431 -3 0 0 80
14 15 1 38.0431 -3 0 0 90
14 15 2 38.0431 -3 0 0 78
14 15 3 38.0431 -3 0 0 55
14 15 4 38.0431 -3 0 0 90
14 15 5 38.0431 -3 0 0 58
14 15 6 38.0431 -3 0 0 65
14 15 7 38.0431 -3 0 0 41
14 15 8 38.0431 -3 0 0 66
14 15 9 38.0431 -3 0 0 45
14 15 10 38.0431 -3 0 0 48
14 15 11 38.0431 -3 0 0 54
14 15 12 38.0431 -3 0 0 37
14 15 13 38.0431 -3 0 0 63
14 15 14 38.0431 -3 0 0 96
14 15 15 38.0431 -3 0 0 60
14 15 16 38.0431 -3 0 0 55
14 15 17 38.0431 -3 0 0 80
14 15 18 38.0431 -3 0 0 65
14 15 19 38.0431 -3 0 0 46
14 15 20 38.0431 -3 0 0 73
14 15 21 38.0431 -3 0 0 50
14 15 22 38.0431 -3 0 0 52
14 15 23 38.0431 -3 0 0 90
14 15 24 38.0431 -3 0 0 77
14 15 25 38.0431 -3 0 0 41
14 15 26 38.0431 -3 0 0 93
14 15 27 38.0431 -3 0 0 64
14 15 28 38.0431 -3 0 0 61
14 15 29 38.0431 -3 0 0 120
14 15 30 38.0431 -3 0 0 78
14 15 31 38.0431 -3 0 0 49
14 15 32 38.0431 -3 0 0 62
14 15 33 38.0431 -3 0 0 53
14 15 34 38.0431 -3 0 0 105
14 15 35 38.0431 -3 0 0 67
14 15 36 38.0431 -3 0 0 68
14 15 37 38.0431 -3 0 0 107
14 15 38 38.0431 -3 0 0 61
14 15 39 38.0431 -3 0 0 117
14 15 40 38.0431 -3 0 0 94
14 15 41 38.0431 -3 0 0 66
14 15 42 38.0431 -3 0 0 90
14 15 43 38.0431 -3 0 0 98
14 15 44 38.0431 -3 0 0 64
14 15 45 38.0431 -3 0 0 72
14 15 46 38.0431 -3 0 0 170
14 15 47 38.0431 -3 0 0 83
14 15 48 38.0431 -3 0 0 93
14 15 49 38.0431 -3 0 0 118
14 15 50 38.0431 -3 0 0 80
14 15 51 33.5 -2 0 0 210
14 15 52 38.0431 -3 0 0 150
14 15 53 38.0431 -3 0 0 85
14 15 54 38.0431 -3 0 0 90
14 15 55 38.0431 -3 0 0 169
14 15 56 38.0431 -3 0 0 130
14 15 57 38.0431 -3 0 0 172
14 15 58 38.0431 -3 0 0 116
14 15 59 38.0431 -3 0 0 179
14 15 60 38.0431 -3 0 0 101
14 15 61 38.0431 -3 0 0 193
14 15 62 38.0431 -3 0 0 195
14 15 63 38.0431 -3 0 0 126
