#mip results PROTO15-TB2022-03
#layer chip channel mpv empv widthmpv chi2ndf nentries
0 0 0 0 -10 0 0 0
0 0 1 0 -10 0 0 0
0 0 2 0 -10 0 0 0
0 0 3 0 -10 0 0 0
0 0 4 0 -10 0 0 0
0 0 5 0 -10 0 0 0
0 0 6 0 -10 0 0 0
0 0 7 0 -10 0 0 0
0 0 8 0 -10 0 0 0
0 0 9 0 -10 0 0 0
0 0 10 0 -10 0 0 0
0 0 11 0 -10 0 0 0
0 0 12 0 -10 0 0 0
0 0 13 0 -10 0 0 0
0 0 14 0 -10 0 0 0
0 0 15 0 -10 0 0 0
0 0 16 0 -10 0 0 0
0 0 17 0 -10 0 0 0
0 0 18 0 -10 0 0 0
0 0 19 0 -10 0 0 0
0 0 20 0 -10 0 0 0
0 0 21 0 -10 0 0 0
0 0 22 0 -10 0 0 0
0 0 23 0 -10 0 0 0
0 0 24 0 -10 0 0 0
0 0 25 0 -10 0 0 0
0 0 26 0 -10 0 0 0
0 0 27 0 -10 0 0 0
0 0 28 0 -10 0 0 0
0 0 29 0 -10 0 0 0
0 0 30 0 -10 0 0 0
0 0 31 0 -10 0 0 0
0 0 32 0 -10 0 0 0
0 0 33 0 -10 0 0 0
0 0 34 0 -10 0 0 0
0 0 35 0 -10 0 0 0
0 0 36 0 -10 0 0 0
0 0 37 0 -10 0 0 0
0 0 38 0 -10 0 0 0
0 0 39 0 -10 0 0 0
0 0 40 0 -10 0 0 0
0 0 41 0 -10 0 0 0
0 0 42 0 -10 0 0 0
0 0 43 0 -10 0 0 0
0 0 44 0 -10 0 0 0
0 0 45 0 -10 0 0 0
0 0 46 0 -10 0 0 0
0 0 47 0 -10 0 0 0
0 0 48 0 -10 0 0 0
0 0 49 0 -10 0 0 0
0 0 50 0 -10 0 0 0
0 0 51 0 -10 0 0 0
0 0 52 0 -10 0 0 0
0 0 53 0 -10 0 0 0
0 0 54 0 -10 0 0 0
0 0 55 0 -10 0 0 0
0 0 56 0 -10 0 0 0
0 0 57 0 -10 0 0 0
0 0 58 0 -10 0 0 0
0 0 59 0 -10 0 0 0
0 0 60 0 -10 0 0 0
0 0 61 0 -10 0 0 0
0 0 62 0 -10 0 0 0
0 0 63 0 -10 0 0 0
0 1 0 0 -10 0 0 0
0 1 1 0 -10 0 0 0
0 1 2 0 -10 0 0 0
0 1 3 0 -10 0 0 0
0 1 4 0 -10 0 0 0
0 1 5 0 -10 0 0 0
0 1 6 0 -10 0 0 0
0 1 7 0 -10 0 0 0
0 1 8 0 -10 0 0 0
0 1 9 0 -10 0 0 0
0 1 10 0 -10 0 0 0
0 1 11 0 -10 0 0 0
0 1 12 0 -10 0 0 0
0 1 13 0 -10 0 0 0
0 1 14 0 -10 0 0 0
0 1 15 0 -10 0 0 0
0 1 16 0 -10 0 0 0
0 1 17 0 -10 0 0 0
0 1 18 0 -10 0 0 0
0 1 19 0 -10 0 0 0
0 1 20 0 -10 0 0 0
0 1 21 0 -10 0 0 0
0 1 22 0 -10 0 0 0
0 1 23 0 -10 0 0 0
0 1 24 0 -10 0 0 0
0 1 25 0 -10 0 0 0
0 1 26 0 -10 0 0 0
0 1 27 0 -10 0 0 0
0 1 28 0 -10 0 0 0
0 1 29 0 -10 0 0 0
0 1 30 0 -10 0 0 0
0 1 31 0 -10 0 0 0
0 1 32 0 -10 0 0 0
0 1 33 0 -10 0 0 0
0 1 34 0 -10 0 0 0
0 1 35 0 -10 0 0 0
0 1 36 0 -10 0 0 0
0 1 37 0 -10 0 0 0
0 1 38 0 -10 0 0 0
0 1 39 0 -10 0 0 0
0 1 40 0 -10 0 0 0
0 1 41 0 -10 0 0 0
0 1 42 0 -10 0 0 0
0 1 43 0 -10 0 0 0
0 1 44 0 -10 0 0 0
0 1 45 0 -10 0 0 0
0 1 46 0 -10 0 0 0
0 1 47 0 -10 0 0 0
0 1 48 0 -10 0 0 0
0 1 49 0 -10 0 0 0
0 1 50 0 -10 0 0 0
0 1 51 0 -10 0 0 0
0 1 52 0 -10 0 0 0
0 1 53 0 -10 0 0 0
0 1 54 0 -10 0 0 0
0 1 55 0 -10 0 0 0
0 1 56 0 -10 0 0 0
0 1 57 0 -10 0 0 0
0 1 58 0 -10 0 0 0
0 1 59 0 -10 0 0 0
0 1 60 0 -10 0 0 0
0 1 61 0 -10 0 0 0
0 1 62 0 -10 0 0 0
0 1 63 0 -10 0 0 0
0 2 0 0 -10 0 0 0
0 2 1 0 -10 0 0 0
0 2 2 0 -10 0 0 0
0 2 3 0 -10 0 0 0
0 2 4 0 -10 0 0 0
0 2 5 0 -10 0 0 0
0 2 6 0 -10 0 0 0
0 2 7 0 -10 0 0 0
0 2 8 0 -10 0 0 0
0 2 9 0 -10 0 0 0
0 2 10 0 -10 0 0 0
0 2 11 0 -10 0 0 0
0 2 12 0 -10 0 0 0
0 2 13 0 -10 0 0 0
0 2 14 0 -10 0 0 0
0 2 15 0 -10 0 0 0
0 2 16 0 -10 0 0 0
0 2 17 0 -10 0 0 0
0 2 18 0 -10 0 0 0
0 2 19 0 -10 0 0 0
0 2 20 0 -10 0 0 0
0 2 21 0 -10 0 0 0
0 2 22 0 -10 0 0 0
0 2 23 0 -10 0 0 0
0 2 24 0 -10 0 0 0
0 2 25 0 -10 0 0 0
0 2 26 0 -10 0 0 0
0 2 27 0 -10 0 0 0
0 2 28 0 -10 0 0 0
0 2 29 0 -10 0 0 0
0 2 30 0 -10 0 0 0
0 2 31 0 -10 0 0 0
0 2 32 0 -10 0 0 0
0 2 33 0 -10 0 0 0
0 2 34 0 -10 0 0 0
0 2 35 0 -10 0 0 0
0 2 36 0 -10 0 0 0
0 2 37 0 -10 0 0 0
0 2 38 0 -10 0 0 0
0 2 39 0 -10 0 0 0
0 2 40 0 -10 0 0 0
0 2 41 0 -10 0 0 0
0 2 42 0 -10 0 0 0
0 2 43 0 -10 0 0 0
0 2 44 0 -10 0 0 0
0 2 45 0 -10 0 0 0
0 2 46 0 -10 0 0 0
0 2 47 0 -10 0 0 0
0 2 48 0 -10 0 0 0
0 2 49 0 -10 0 0 0
0 2 50 0 -10 0 0 0
0 2 51 0 -10 0 0 0
0 2 52 0 -10 0 0 0
0 2 53 0 -10 0 0 0
0 2 54 0 -10 0 0 0
0 2 55 0 -10 0 0 0
0 2 56 0 -10 0 0 0
0 2 57 0 -10 0 0 0
0 2 58 0 -10 0 0 0
0 2 59 0 -10 0 0 0
0 2 60 0 -10 0 0 0
0 2 61 0 -10 0 0 0
0 2 62 0 -10 0 0 0
0 2 63 0 -10 0 0 0
0 3 0 0 -10 0 0 0
0 3 1 0 -10 0 0 0
0 3 2 0 -10 0 0 0
0 3 3 0 -10 0 0 0
0 3 4 0 -10 0 0 0
0 3 5 0 -10 0 0 0
0 3 6 0 -10 0 0 0
0 3 7 0 -10 0 0 0
0 3 8 0 -10 0 0 0
0 3 9 0 -10 0 0 0
0 3 10 0 -10 0 0 0
0 3 11 0 -10 0 0 0
0 3 12 0 -10 0 0 0
0 3 13 0 -10 0 0 0
0 3 14 0 -10 0 0 0
0 3 15 0 -10 0 0 0
0 3 16 0 -10 0 0 0
0 3 17 0 -10 0 0 0
0 3 18 0 -10 0 0 0
0 3 19 0 -10 0 0 0
0 3 20 0 -10 0 0 0
0 3 21 0 -10 0 0 0
0 3 22 0 -10 0 0 0
0 3 23 0 -10 0 0 0
0 3 24 0 -10 0 0 0
0 3 25 0 -10 0 0 0
0 3 26 0 -10 0 0 0
0 3 27 0 -10 0 0 0
0 3 28 0 -10 0 0 0
0 3 29 0 -10 0 0 0
0 3 30 0 -10 0 0 0
0 3 31 0 -10 0 0 0
0 3 32 0 -10 0 0 0
0 3 33 0 -10 0 0 0
0 3 34 0 -10 0 0 0
0 3 35 0 -10 0 0 0
0 3 36 0 -10 0 0 0
0 3 37 0 -10 0 0 0
0 3 38 0 -10 0 0 0
0 3 39 0 -10 0 0 0
0 3 40 0 -10 0 0 0
0 3 41 0 -10 0 0 0
0 3 42 0 -10 0 0 0
0 3 43 0 -10 0 0 0
0 3 44 0 -10 0 0 0
0 3 45 0 -10 0 0 0
0 3 46 0 -10 0 0 0
0 3 47 0 -10 0 0 0
0 3 48 0 -10 0 0 0
0 3 49 0 -10 0 0 0
0 3 50 0 -10 0 0 0
0 3 51 0 -10 0 0 0
0 3 52 0 -10 0 0 0
0 3 53 0 -10 0 0 0
0 3 54 0 -10 0 0 0
0 3 55 0 -10 0 0 0
0 3 56 0 -10 0 0 0
0 3 57 0 -10 0 0 0
0 3 58 0 -10 0 0 0
0 3 59 0 -10 0 0 0
0 3 60 0 -10 0 0 0
0 3 61 0 -10 0 0 0
0 3 62 0 -10 0 0 0
0 3 63 0 -10 0 0 0
0 4 0 5.5 -2 0 0 428
0 4 1 5.5 -2 0 0 342
0 4 2 1.5 -2 0 0 261
0 4 3 0 -10 0 0 122
0 4 4 0 -10 0 0 166
0 4 5 5.5 -2 0 0 211
0 4 6 5.5 -2 0 0 222
0 4 7 0 -10 0 0 119
0 4 8 5.5 -2 0 0 223
0 4 9 0 -10 0 0 148
0 4 10 0 -10 0 0 138
0 4 11 5.5 -2 0 0 230
0 4 12 0 -10 0 0 162
0 4 13 0 -10 0 0 99
0 4 14 5.5 -2 0 0 374
0 4 15 0 -10 0 0 133
0 4 16 0 -10 0 0 117
0 4 17 5.5 -2 0 0 255
0 4 18 0 -10 0 0 133
0 4 19 0 -10 0 0 92
0 4 20 0 -10 0 0 130
0 4 21 5.5 -2 0 0 204
0 4 22 0 -10 0 0 151
0 4 23 0 -10 0 0 1
0 4 24 5.5 -2 0 0 289
0 4 25 0 -10 0 0 91
0 4 26 5.5 -2 0 0 358
0 4 27 0 -10 0 0 94
0 4 28 0 -10 0 0 88
0 4 29 5.5 -2 0 0 228
0 4 30 0 -10 0 0 118
0 4 31 0 -10 0 0 111
0 4 32 0 -10 0 0 91
0 4 33 0 -10 0 0 82
0 4 34 5.5 -2 0 0 273
0 4 35 0 -10 0 0 95
0 4 36 0 -10 0 0 98
0 4 37 0 -10 0 0 153
0 4 38 0 -10 0 0 71
0 4 39 0 -10 0 0 120
0 4 40 0 -10 0 0 139
0 4 41 0 -10 0 0 84
0 4 42 0 -10 0 0 135
0 4 43 5.5 -2 0 0 240
0 4 44 0 -10 0 0 90
0 4 45 0 -10 0 0 93
0 4 46 5.5 -2 0 0 270
0 4 47 0 -10 0 0 59
0 4 48 0 -10 0 0 108
0 4 49 0 -10 0 0 159
0 4 50 0 -10 0 0 91
0 4 51 0 -10 0 0 153
0 4 52 0 -10 0 0 197
0 4 53 0 -10 0 0 72
0 4 54 0 -10 0 0 102
0 4 55 0 -10 0 0 200
0 4 56 0 -10 0 0 147
0 4 57 0 -10 0 0 143
0 4 58 0 -10 0 0 148
0 4 59 1.5 -2 0 0 235
0 4 60 0 -10 0 0 98
0 4 61 0 -10 0 0 196
0 4 62 1.5 -2 0 0 227
0 4 63 0 -10 0 0 152
0 5 0 0 -10 0 0 190
0 5 1 5.5 -2 0 0 202
0 5 2 1.5 -2 0 0 239
0 5 3 5.5 -2 0 0 334
0 5 4 5.5 -2 0 0 310
0 5 5 5.5 -2 0 0 297
0 5 6 5.5 -2 0 0 241
0 5 7 5.5 -2 0 0 346
0 5 8 5.5 -2 0 0 269
0 5 9 5.5 -2 0 0 292
0 5 10 5.5 -2 0 0 278
0 5 11 5.5 -2 0 0 308
0 5 12 5.5 -2 0 0 314
0 5 13 5.5 -2 0 0 446
0 5 14 0 -10 0 0 191
0 5 15 5.5 -2 0 0 414
0 5 16 5.5 -2 0 0 315
0 5 17 5.5 -2 0 0 299
0 5 18 5.5 -2 0 0 395
0 5 19 5.5 -2 0 0 499
0 5 20 5.5 -2 0 0 416
0 5 21 5.5 -2 0 0 290
0 5 22 5.5 -2 0 0 383
0 5 23 5.5 -2 0 0 329
0 5 24 5.5 -2 0 0 203
0 5 25 5.5 -2 0 0 583
0 5 26 5.5 -2 0 0 254
0 5 27 5.5 -2 0 0 525
0 5 28 5.5 -2 0 0 529
0 5 29 5.5 -2 0 0 239
0 5 30 5.03593 0.456929 1.27571 0.227514 460
0 5 31 4.99041 0.453559 1.23415 0.144898 777
0 5 32 5.5 -2 0 0 604
0 5 33 5.5 -2 0 0 660
0 5 34 5.5 -2 0 0 289
0 5 35 5.5 -2 0 0 1010
0 5 36 5.5 -2 0 0 573
0 5 37 5.5 -2 0 0 416
0 5 38 5.5 -2 0 0 1130
0 5 39 5.5 -2 0 0 1679
0 5 40 5.5 -2 0 0 515
0 5 41 5.5 -2 0 0 775
0 5 42 5.5 -2 0 0 484
0 5 43 5.5 -2 0 0 377
0 5 44 5.5 -2 0 0 1142
0 5 45 5.5 -2 0 0 688
0 5 46 5.5 -2 0 0 346
0 5 47 5.5 -2 0 0 1514
0 5 48 5.5 -2 0 0 772
0 5 49 5.5 -2 0 0 410
0 5 50 5.5 -2 0 0 1194
0 5 51 5.5 -2 0 0 609
0 5 52 5.5 -2 0 0 343
0 5 53 5.5 -2 0 0 1518
0 5 54 5.5 -2 0 0 1037
0 5 55 5.5 -2 0 0 478
0 5 56 5.5 -2 0 0 1108
0 5 57 5.5 -2 0 0 739
0 5 58 5.5 -2 0 0 689
0 5 59 1.5 -2 0 0 339
0 5 60 5.5 -2 0 0 1961
0 5 61 1.5 -2 0 0 471
0 5 62 5.5 -2 0 0 330
0 5 63 1.5 -2 0 0 492
0 6 0 0 -10 0 0 191
0 6 1 0 -10 0 0 133
0 6 2 0 -10 0 0 146
0 6 3 0 -10 0 0 75
0 6 4 0 -10 0 0 68
0 6 5 0 -10 0 0 106
0 6 6 0 -10 0 0 146
0 6 7 0 -10 0 0 55
0 6 8 0 -10 0 0 107
0 6 9 0 -10 0 0 111
0 6 10 0 -10 0 0 79
0 6 11 0 -10 0 0 65
0 6 12 0 -10 0 0 91
0 6 13 0 -10 0 0 59
0 6 14 0 -10 0 0 131
0 6 15 0 -10 0 0 56
0 6 16 0 -10 0 0 66
0 6 17 0 -10 0 0 101
0 6 18 0 -10 0 0 81
0 6 19 0 -10 0 0 51
0 6 20 0 -10 0 0 69
0 6 21 0 -10 0 0 104
0 6 22 0 -10 0 0 63
0 6 23 0 -10 0 0 82
0 6 24 0 -10 0 0 108
0 6 25 0 -10 0 0 54
0 6 26 0 -10 0 0 135
0 6 27 0 -10 0 0 62
0 6 28 0 -10 0 0 49
0 6 29 0 -10 0 0 78
0 6 30 0 -10 0 0 56
0 6 31 0 -10 0 0 42
0 6 32 0 -10 0 0 63
0 6 33 0 -10 0 0 36
0 6 34 0 -10 0 0 103
0 6 35 0 -10 0 0 47
0 6 36 0 -10 0 0 54
0 6 37 0 -10 0 0 71
0 6 38 0 -10 0 0 45
0 6 39 0 -10 0 0 34
0 6 40 0 -10 0 0 54
0 6 41 0 -10 0 0 47
0 6 42 0 -10 0 0 44
0 6 43 0 -10 0 0 70
0 6 44 0 -10 0 0 35
0 6 45 0 -10 0 0 57
0 6 46 0 -10 0 0 79
0 6 47 0 -10 0 0 30
0 6 48 0 -10 0 0 41
0 6 49 0 -10 0 0 41
0 6 50 0 -10 0 0 33
0 6 51 0 -10 0 0 46
0 6 52 0 -10 0 0 52
0 6 53 0 -10 0 0 42
0 6 54 0 -10 0 0 53
0 6 55 0 -10 0 0 65
0 6 56 0 -10 0 0 38
0 6 57 0 -10 0 0 48
0 6 58 0 -10 0 0 42
0 6 59 0 -10 0 0 74
0 6 60 0 -10 0 0 50
0 6 61 0 -10 0 0 59
0 6 62 0 -10 0 0 66
0 6 63 0 -10 0 0 44
0 7 0 0 -10 0 0 61
0 7 1 0 -10 0 0 73
0 7 2 0 -10 0 0 58
0 7 3 0 -10 0 0 63
0 7 4 0 -10 0 0 61
0 7 5 0 -10 0 0 89
0 7 6 0 -10 0 0 65
0 7 7 0 -10 0 0 54
0 7 8 0 -10 0 0 49
0 7 9 0 -10 0 0 47
0 7 10 0 -10 0 0 57
0 7 11 0 -10 0 0 82
0 7 12 0 -10 0 0 58
0 7 13 0 -10 0 0 87
0 7 14 0 -10 0 0 52
0 7 15 0 -10 0 0 86
0 7 16 0 -10 0 0 60
0 7 17 0 -10 0 0 77
0 7 18 0 -10 0 0 76
0 7 19 0 -10 0 0 99
0 7 20 0 -10 0 0 104
0 7 21 0 -10 0 0 67
0 7 22 0 -10 0 0 71
0 7 23 0 -10 0 0 76
0 7 24 0 -10 0 0 70
0 7 25 0 -10 0 0 98
0 7 26 0 -10 0 0 72
0 7 27 0 -10 0 0 100
0 7 28 0 -10 0 0 74
0 7 29 0 -10 0 0 80
0 7 30 0 -10 0 0 92
0 7 31 0 -10 0 0 118
0 7 32 0 -10 0 0 118
0 7 33 0 -10 0 0 104
0 7 34 0 -10 0 0 111
0 7 35 0 -10 0 0 142
0 7 36 0 -10 0 0 123
0 7 37 0 -10 0 0 126
0 7 38 0 -10 0 0 182
0 7 39 5.5 -2 0 0 291
0 7 40 0 -10 0 0 108
0 7 41 0 -10 0 0 132
0 7 42 0 -10 0 0 149
0 7 43 0 -10 0 0 100
0 7 44 5.5 -2 0 0 220
0 7 45 0 -10 0 0 161
0 7 46 0 -10 0 0 93
0 7 47 5.5 -2 0 0 353
0 7 48 0 -10 0 0 130
0 7 49 0 -10 0 0 112
0 7 50 0 -10 0 0 197
0 7 51 1.5 -2 0 0 208
0 7 52 0 -10 0 0 112
0 7 53 5.5 -2 0 0 300
0 7 54 1.5 -2 0 0 212
0 7 55 0 -10 0 0 177
0 7 56 5.5 -2 0 0 237
0 7 57 1.5 -2 0 0 248
0 7 58 0 -10 0 0 173
0 7 59 0 -10 0 0 112
0 7 60 1.5 -2 0 0 288
0 7 61 0 -10 0 0 175
0 7 62 0 -10 0 0 152
0 7 63 1.5 -2 0 0 206
0 8 0 0 -10 0 0 52
0 8 1 0 -10 0 0 58
0 8 2 0 -10 0 0 56
0 8 3 0 -10 0 0 86
0 8 4 0 -10 0 0 76
0 8 5 0 -10 0 0 62
0 8 6 0 -10 0 0 59
0 8 7 0 -10 0 0 88
0 8 8 0 -10 0 0 53
0 8 9 0 -10 0 0 82
0 8 10 0 -10 0 0 32
0 8 11 0 -10 0 0 62
0 8 12 0 -10 0 0 9
0 8 13 0 -10 0 0 96
0 8 14 0 -10 0 0 69
0 8 15 0 -10 0 0 75
0 8 16 0 -10 0 0 71
0 8 17 0 -10 0 0 73
0 8 18 0 -10 0 0 68
0 8 19 0 -10 0 0 121
0 8 20 0 -10 0 0 74
0 8 21 0 -10 0 0 66
0 8 22 0 -10 0 0 75
0 8 23 0 -10 0 0 77
0 8 24 0 -10 0 0 77
0 8 25 0 -10 0 0 137
0 8 26 0 -10 0 0 86
0 8 27 0 -10 0 0 94
0 8 28 0 -10 0 0 95
0 8 29 0 -10 0 0 91
0 8 30 0 -10 0 0 77
0 8 31 0 -10 0 0 145
0 8 32 0 -10 0 0 113
0 8 33 0 -10 0 0 125
0 8 34 0 -10 0 0 83
0 8 35 0 -10 0 0 196
0 8 36 0 -10 0 0 92
0 8 37 0 -10 0 0 74
0 8 38 5.5 -2 0 0 237
0 8 39 0 -10 0 0 186
0 8 40 0 -10 0 0 71
0 8 41 0 -10 0 0 144
0 8 42 0 -10 0 0 88
0 8 43 0 -10 0 0 80
0 8 44 0 -10 0 0 146
0 8 45 0 -10 0 0 144
0 8 46 0 -10 0 0 73
0 8 47 5.5 -2 0 0 346
0 8 48 0 -10 0 0 101
0 8 49 0 -10 0 0 73
0 8 50 0 -10 0 0 176
0 8 51 0 -10 0 0 149
0 8 52 0 -10 0 0 78
0 8 53 5.5 -2 0 0 231
0 8 54 0 -10 0 0 165
0 8 55 0 -10 0 0 116
0 8 56 0 -10 0 0 171
0 8 57 0 -10 0 0 175
0 8 58 0 -10 0 0 128
0 8 59 0 -10 0 0 84
0 8 60 0 -10 0 0 192
0 8 61 0 -10 0 0 117
0 8 62 0 -10 0 0 104
0 8 63 0 -10 0 0 112
0 9 0 0 -10 0 0 85
0 9 1 0 -10 0 0 84
0 9 2 0 -10 0 0 70
0 9 3 0 -10 0 0 33
0 9 4 0 -10 0 0 37
0 9 5 0 -10 0 0 40
0 9 6 0 -10 0 0 66
0 9 7 0 -10 0 0 35
0 9 8 0 -10 0 0 51
0 9 9 0 -10 0 0 46
0 9 10 0 -10 0 0 33
0 9 11 0 -10 0 0 30
0 9 12 0 -10 0 0 42
0 9 13 0 -10 0 0 20
0 9 14 0 -10 0 0 68
0 9 15 0 -10 0 0 37
0 9 16 0 -10 0 0 31
0 9 17 0 -10 0 0 50
0 9 18 0 -10 0 0 38
0 9 19 0 -10 0 0 28
0 9 20 0 -10 0 0 31
0 9 21 0 -10 0 0 50
0 9 22 0 -10 0 0 33
0 9 23 0 -10 0 0 45
0 9 24 0 -10 0 0 73
0 9 25 0 -10 0 0 26
0 9 26 0 -10 0 0 57
0 9 27 0 -10 0 0 24
0 9 28 0 -10 0 0 47
0 9 29 0 -10 0 0 28
0 9 30 0 -10 0 0 19
0 9 31 0 -10 0 0 22
0 9 32 0 -10 0 0 27
0 9 33 0 -10 0 0 19
0 9 34 0 -10 0 0 54
0 9 35 0 -10 0 0 29
0 9 36 0 -10 0 0 25
0 9 37 0 -10 0 0 32
0 9 38 0 -10 0 0 24
0 9 39 0 -10 0 0 18
0 9 40 0 -10 0 0 24
0 9 41 0 -10 0 0 26
0 9 42 0 -10 0 0 30
0 9 43 0 -10 0 0 47
0 9 44 0 -10 0 0 14
0 9 45 0 -10 0 0 15
0 9 46 0 -10 0 0 52
0 9 47 0 -10 0 0 14
0 9 48 0 -10 0 0 7
0 9 49 0 -10 0 0 34
0 9 50 0 -10 0 0 28
0 9 51 0 -10 0 0 21
0 9 52 0 -10 0 0 34
0 9 53 0 -10 0 0 12
0 9 54 0 -10 0 0 33
0 9 55 0 -10 0 0 32
0 9 56 0 -10 0 0 35
0 9 57 0 -10 0 0 28
0 9 58 0 -10 0 0 28
0 9 59 0 -10 0 0 53
0 9 60 0 -10 0 0 14
0 9 61 0 -10 0 0 29
0 9 62 0 -10 0 0 30
0 9 63 0 -10 0 0 30
0 10 0 0 -10 0 0 117
0 10 1 0 -10 0 0 116
0 10 2 0 -10 0 0 179
0 10 3 5.5 -2 0 0 287
0 10 4 0 -10 0 0 164
0 10 5 0 -10 0 0 160
0 10 6 0 -10 0 0 136
0 10 7 5.5 -2 0 0 431
0 10 8 0 -10 0 0 157
0 10 9 0 -10 0 0 188
0 10 10 5.5 -2 0 0 229
0 10 11 0 -10 0 0 163
0 10 12 0 -10 0 0 196
0 10 13 1.5 -2 0 0 358
0 10 14 0 -10 0 0 130
0 10 15 5.2574 0.393277 0.104512 0.348012 267
0 10 16 5.5 -2 0 0 343
0 10 17 0 -10 0 0 139
0 10 18 5.5 -2 0 0 215
0 10 19 5.5 -2 0 0 473
0 10 20 0 -10 0 0 169
0 10 21 0 -10 0 0 168
0 10 22 5.5 -2 0 0 234
0 10 23 0 -10 0 0 146
0 10 24 0 -10 0 0 121
0 10 25 5.5 -2 0 0 568
0 10 26 0 -10 0 0 122
0 10 27 5.5 -2 0 0 292
0 10 28 5.5 -2 0 0 346
0 10 29 0 -10 0 0 142
0 10 30 0 -10 0 0 181
0 10 31 5.5 -2 0 0 717
0 10 32 5.5 -2 0 0 443
0 10 33 9.5 -2 0 0 325
0 10 34 0 -10 0 0 130
0 10 35 4.8796 0.461016 0.958248 0.20996 853
0 10 36 5.5 -2 0 0 263
0 10 37 0 -10 0 0 140
0 10 38 5.5 -2 0 0 1012
0 10 39 5.5 -2 0 0 472
0 10 40 5.5 -2 0 0 209
0 10 41 5.5 -2 0 0 457
0 10 42 5.5 -2 0 0 264
0 10 43 0 -10 0 0 184
0 10 44 5.5 -2 0 0 597
0 10 45 5.5 -2 0 0 355
0 10 46 0 -10 0 0 133
0 10 47 5.5 -2 0 0 1260
0 10 48 5.5 -2 0 0 298
0 10 49 1.5 -2 0 0 211
0 10 50 5.5 -2 0 0 451
0 10 51 5.5 -2 0 0 202
0 10 52 0 -10 0 0 198
0 10 53 5.5 -2 0 0 692
0 10 54 5.5 -2 0 0 372
0 10 55 0 -10 0 0 188
0 10 56 5.5 -2 0 0 282
0 10 57 5.5 -2 0 0 241
0 10 58 5.5 -2 0 0 273
0 10 59 0 -10 0 0 126
0 10 60 5.5 -2 0 0 495
0 10 61 0 -10 0 0 200
0 10 62 0 -10 0 0 179
0 10 63 1.5 -2 0 0 210
0 11 0 0 -10 0 0 181
0 11 1 0 -10 0 0 130
0 11 2 0 -10 0 0 134
0 11 3 0 -10 0 0 65
0 11 4 0 -10 0 0 97
0 11 5 0 -10 0 0 107
0 11 6 0 -10 0 0 95
0 11 7 0 -10 0 0 48
0 11 8 0 -10 0 0 116
0 11 9 0 -10 0 0 80
0 11 10 0 -10 0 0 55
0 11 11 0 -10 0 0 117
0 11 12 0 -10 0 0 74
0 11 13 0 -10 0 0 53
0 11 14 0 -10 0 0 167
0 11 15 0 -10 0 0 64
0 11 16 0 -10 0 0 56
0 11 17 0 -10 0 0 105
0 11 18 0 -10 0 0 72
0 11 19 0 -10 0 0 59
0 11 20 0 -10 0 0 72
0 11 21 0 -10 0 0 98
0 11 22 0 -10 0 0 57
0 11 23 0 -10 0 0 112
0 11 24 0 -10 0 0 138
0 11 25 0 -10 0 0 54
0 11 26 0 -10 0 0 149
0 11 27 0 -10 0 0 58
0 11 28 0 -10 0 0 58
0 11 29 0 -10 0 0 122
0 11 30 0 -10 0 0 62
0 11 31 0 -10 0 0 42
0 11 32 0 -10 0 0 58
0 11 33 0 -10 0 0 66
0 11 34 0 -10 0 0 191
0 11 35 0 -10 0 0 49
0 11 36 0 -10 0 0 73
0 11 37 0 -10 0 0 89
0 11 38 0 -10 0 0 52
0 11 39 0 -10 0 0 54
0 11 40 0 -10 0 0 70
0 11 41 0 -10 0 0 32
0 11 42 0 -10 0 0 67
0 11 43 0 -10 0 0 110
0 11 44 0 -10 0 0 35
0 11 45 0 -10 0 0 69
0 11 46 0 -10 0 0 128
0 11 47 0 -10 0 0 41
0 11 48 0 -10 0 0 73
0 11 49 0 -10 0 0 106
0 11 50 0 -10 0 0 46
0 11 51 0 -10 0 0 120
0 11 52 0 -10 0 0 120
0 11 53 0 -10 0 0 33
0 11 54 0 -10 0 0 59
0 11 55 0 -10 0 0 95
0 11 56 0 -10 0 0 85
0 11 57 0 -10 0 0 80
0 11 58 0 -10 0 0 93
0 11 59 0 -10 0 0 123
0 11 60 0 -10 0 0 60
0 11 61 0 -10 0 0 108
0 11 62 0 -10 0 0 129
0 11 63 0 -10 0 0 105
0 12 0 5.5 -2 0 0 266
0 12 1 5.5 -2 0 0 275
0 12 2 5.5 -2 0 0 313
0 12 3 5.5 -2 0 0 539
0 12 4 5.5 -2 0 0 239
0 12 5 5.5 -2 0 0 380
0 12 6 5.5 -2 0 0 404
0 12 7 5.5 -2 0 0 1153
0 12 8 5.5 -2 0 0 280
0 12 9 5.5 -2 0 0 637
0 12 10 5.5 -2 0 0 921
0 12 11 5.5 -2 0 0 276
0 12 12 5.5 -2 0 0 448
0 12 13 5.5 -2 0 0 545
0 12 14 0 -10 0 0 196
0 12 15 5.5 -2 0 0 471
0 12 16 5.24924 0.42033 1.11661 0.0748962 1399
0 12 17 5.5 -2 0 0 219
0 12 18 5.5 -2 0 0 379
0 12 19 5.5 -2 0 0 894
0 12 20 5.5 -2 0 0 253
0 12 21 5.5 -2 0 0 536
0 12 22 5.5 -2 0 0 698
0 12 23 0 -10 0 0 196
0 12 24 5.5 -2 0 0 261
0 12 25 5.5 -2 0 0 843
0 12 26 0 -10 0 0 179
0 12 27 4.9881 0.397875 0.734643 0.29966 387
0 12 28 5.5 -2 0 0 542
0 12 29 0 -10 0 0 173
0 12 30 4.75456 0.469008 0.756344 0.136253 314
0 12 31 5.5 -2 0 0 671
0 12 32 5.19159 0.413461 0.837815 0.116059 478
0 12 33 5.5 -2 0 0 365
0 12 34 0 -10 0 0 149
0 12 35 5.5 -2 0 0 516
0 12 36 5.5 -2 0 0 217
0 12 37 0 -10 0 0 198
0 12 38 4.95131 0.449851 0.849333 0.0952153 455
0 12 39 0 -10 0 0 171
0 12 40 5.5 -2 0 0 212
0 12 41 5.5 -2 0 0 366
0 12 42 0 -10 0 0 192
0 12 43 0 -10 0 0 174
0 12 44 5.5 -2 0 0 326
0 12 45 5.5 -2 0 0 275
0 12 46 0 -10 0 0 155
0 12 47 5.5 -2 0 0 385
0 12 48 5.5 -2 0 0 265
0 12 49 0 -10 0 0 162
0 12 50 5.5 -2 0 0 266
0 12 51 0 -10 0 0 115
0 12 52 0 -10 0 0 143
0 12 53 5.5 -2 0 0 288
0 12 54 0 -10 0 0 199
0 12 55 0 -10 0 0 158
0 12 56 0 -10 0 0 175
0 12 57 0 -10 0 0 177
0 12 58 0 -10 0 0 181
0 12 59 0 -10 0 0 132
0 12 60 1.5 -2 0 0 214
0 12 61 0 -10 0 0 128
0 12 62 0 -10 0 0 120
0 12 63 0 -10 0 0 148
0 13 0 0 -10 0 0 97
0 13 1 0 -10 0 0 75
0 13 2 0 -10 0 0 83
0 13 3 0 -10 0 0 48
0 13 4 0 -10 0 0 78
0 13 5 0 -10 0 0 67
0 13 6 0 -10 0 0 65
0 13 7 0 -10 0 0 33
0 13 8 0 -10 0 0 69
0 13 9 0 -10 0 0 48
0 13 10 0 -10 0 0 51
0 13 11 0 -10 0 0 78
0 13 12 0 -10 0 0 38
0 13 13 0 -10 0 0 42
0 13 14 0 -10 0 0 103
0 13 15 0 -10 0 0 57
0 13 16 0 -10 0 0 50
0 13 17 0 -10 0 0 89
0 13 18 0 -10 0 0 53
0 13 19 0 -10 0 0 36
0 13 20 0 -10 0 0 53
0 13 21 0 -10 0 0 69
0 13 22 0 -10 0 0 53
0 13 23 0 -10 0 0 73
0 13 24 0 -10 0 0 105
0 13 25 0 -10 0 0 39
0 13 26 0 -10 0 0 89
0 13 27 0 -10 0 0 56
0 13 28 0 -10 0 0 51
0 13 29 0 -10 0 0 80
0 13 30 0 -10 0 0 48
0 13 31 0 -10 0 0 49
0 13 32 0 -10 0 0 34
0 13 33 0 -10 0 0 45
0 13 34 0 -10 0 0 108
0 13 35 0 -10 0 0 44
0 13 36 0 -10 0 0 40
0 13 37 0 -10 0 0 69
0 13 38 0 -10 0 0 62
0 13 39 0 -10 0 0 109
0 13 40 0 -10 0 0 63
0 13 41 0 -10 0 0 39
0 13 42 0 -10 0 0 93
0 13 43 0 -10 0 0 90
0 13 44 0 -10 0 0 51
0 13 45 0 -10 0 0 62
0 13 46 0 -10 0 0 128
0 13 47 0 -10 0 0 54
0 13 48 0 -10 0 0 67
0 13 49 0 -10 0 0 87
0 13 50 0 -10 0 0 58
0 13 51 0 -10 0 0 131
0 13 52 0 -10 0 0 108
0 13 53 0 -10 0 0 63
0 13 54 0 -10 0 0 60
0 13 55 0 -10 0 0 113
0 13 56 0 -10 0 0 115
0 13 57 0 -10 0 0 102
0 13 58 0 -10 0 0 89
0 13 59 0 -10 0 0 122
0 13 60 0 -10 0 0 63
0 13 61 0 -10 0 0 174
0 13 62 0 -10 0 0 147
0 13 63 0 -10 0 0 94
0 14 0 0 -10 0 0 88
0 14 1 0 -10 0 0 110
0 14 2 0 -10 0 0 125
0 14 3 0 -10 0 0 129
0 14 4 0 -10 0 0 95
0 14 5 0 -10 0 0 116
0 14 6 0 -10 0 0 155
0 14 7 5.5 -2 0 0 201
0 14 8 0 -10 0 0 107
0 14 9 5.5 -2 0 0 218
0 14 10 5.5 -2 0 0 213
0 14 11 0 -10 0 0 89
0 14 12 0 -10 0 0 138
0 14 13 0 -10 0 0 142
0 14 14 0 -10 0 0 71
0 14 15 0 -10 0 0 132
0 14 16 5.5 -2 0 0 280
0 14 17 0 -10 0 0 74
0 14 18 0 -10 0 0 120
0 14 19 0 -10 0 0 175
0 14 20 0 -10 0 0 97
0 14 21 5.5 -2 0 0 219
0 14 22 0 -10 0 0 157
0 14 23 0 -10 0 0 73
0 14 24 0 -10 0 0 103
0 14 25 0 -10 0 0 148
0 14 26 0 -10 0 0 68
0 14 27 0 -10 0 0 91
0 14 28 0 -10 0 0 121
0 14 29 0 -10 0 0 72
0 14 30 0 -10 0 0 77
0 14 31 0 -10 0 0 127
0 14 32 0 -10 0 0 74
0 14 33 0 -10 0 0 49
0 14 34 0 -10 0 0 73
0 14 35 0 -10 0 0 90
0 14 36 0 -10 0 0 21
0 14 37 0 -10 0 0 57
0 14 38 0 -10 0 0 79
0 14 39 0 -10 0 0 61
0 14 40 0 -10 0 0 91
0 14 41 0 -10 0 0 70
0 14 42 0 -10 0 0 74
0 14 43 0 -10 0 0 62
0 14 44 0 -10 0 0 65
0 14 45 0 -10 0 0 53
0 14 46 0 -10 0 0 49
0 14 47 0 -10 0 0 53
0 14 48 0 -10 0 0 61
0 14 49 0 -10 0 0 46
0 14 50 0 -10 0 0 69
0 14 51 0 -10 0 0 46
0 14 52 0 -10 0 0 48
0 14 53 0 -10 0 0 53
0 14 54 0 -10 0 0 60
0 14 55 0 -10 0 0 47
0 14 56 0 -10 0 0 51
0 14 57 0 -10 0 0 55
0 14 58 0 -10 0 0 44
0 14 59 0 -10 0 0 46
0 14 60 0 -10 0 0 59
0 14 61 0 -10 0 0 41
0 14 62 0 -10 0 0 73
0 14 63 0 -10 0 0 49
0 15 0 0 -10 0 0 54
0 15 1 0 -10 0 0 36
0 15 2 0 -10 0 0 29
0 15 3 0 -10 0 0 18
0 15 4 0 -10 0 0 78
0 15 5 0 -10 0 0 34
0 15 6 0 -10 0 0 11
0 15 7 0 -10 0 0 39
0 15 8 0 -10 0 0 35
0 15 9 0 -10 0 0 0
0 15 10 0 -10 0 0 49
0 15 11 0 -10 0 0 0
0 15 12 0 -10 0 0 19
0 15 13 0 -10 0 0 32
0 15 14 0 -10 0 0 0
0 15 15 0 -10 0 0 40
0 15 16 0 -10 0 0 19
0 15 17 0 -10 0 0 28
0 15 18 0 -10 0 0 41
0 15 19 0 -10 0 0 25
0 15 20 0 -10 0 0 38
0 15 21 0 -10 0 0 43
0 15 22 0 -10 0 0 14
0 15 23 0 -10 0 0 30
0 15 24 0 -10 0 0 55
0 15 25 0 -10 0 0 39
0 15 26 0 -10 0 0 57
0 15 27 0 -10 0 0 18
0 15 28 0 -10 0 0 37
0 15 29 0 -10 0 0 15
0 15 30 0 -10 0 0 34
0 15 31 0 -10 0 0 32
0 15 32 0 -10 0 0 33
0 15 33 0 -10 0 0 22
0 15 34 0 -10 0 0 9
0 15 35 0 -10 0 0 38
0 15 36 0 -10 0 0 22
0 15 37 0 -10 0 0 58
0 15 38 0 -10 0 0 47
0 15 39 0 -10 0 0 64
0 15 40 0 -10 0 0 39
0 15 41 0 -10 0 0 46
0 15 42 0 -10 0 0 43
0 15 43 0 -10 0 0 54
0 15 44 0 -10 0 0 55
0 15 45 0 -10 0 0 33
0 15 46 0 -10 0 0 52
0 15 47 0 -10 0 0 44
0 15 48 0 -10 0 0 0
0 15 49 0 -10 0 0 23
0 15 50 0 -10 0 0 52
0 15 51 0 -10 0 0 104
0 15 52 0 -10 0 0 75
0 15 53 0 -10 0 0 45
0 15 54 0 -10 0 0 45
0 15 55 0 -10 0 0 74
0 15 56 0 -10 0 0 71
0 15 57 0 -10 0 0 95
0 15 58 0 -10 0 0 56
0 15 59 0 -10 0 0 74
0 15 60 0 -10 0 0 68
0 15 61 0 -10 0 0 127
0 15 62 0 -10 0 0 83
0 15 63 0 -10 0 0 75
1 0 0 0 -10 0 0 80
1 0 1 0 -10 0 0 68
1 0 2 0 -10 0 0 61
1 0 3 0 -10 0 0 50
1 0 4 0 -10 0 0 56
1 0 5 0 -10 0 0 54
1 0 6 0 -10 0 0 64
1 0 7 0 -10 0 0 49
1 0 8 0 -10 0 0 53
1 0 9 0 -10 0 0 37
1 0 10 0 -10 0 0 50
1 0 11 0 -10 0 0 84
1 0 12 0 -10 0 0 52
1 0 13 0 -10 0 0 48
1 0 14 0 -10 0 0 75
1 0 15 0 -10 0 0 57
1 0 16 0 -10 0 0 43
1 0 17 0 -10 0 0 89
1 0 18 0 -10 0 0 51
1 0 19 0 -10 0 0 53
1 0 20 0 -10 0 0 80
1 0 21 0 -10 0 0 63
1 0 22 0 -10 0 0 39
1 0 23 0 -10 0 0 79
1 0 24 0 -10 0 0 69
1 0 25 0 -10 0 0 53
1 0 26 0 -10 0 0 98
1 0 27 0 -10 0 0 55
1 0 28 0 -10 0 0 52
1 0 29 0 -10 0 0 109
1 0 30 0 -10 0 0 49
1 0 31 0 -10 0 0 71
1 0 32 0 -10 0 0 70
1 0 33 0 -10 0 0 68
1 0 34 0 -10 0 0 138
1 0 35 0 -10 0 0 72
1 0 36 0 -10 0 0 59
1 0 37 0 -10 0 0 0
1 0 38 0 -10 0 0 95
1 0 39 0 -10 0 0 146
1 0 40 0 -10 0 0 67
1 0 41 0 -10 0 0 72
1 0 42 0 -10 0 0 77
1 0 43 0 -10 0 0 133
1 0 44 0 -10 0 0 84
1 0 45 0 -10 0 0 64
1 0 46 0 -10 0 0 161
1 0 47 0 -10 0 0 115
1 0 48 0 -10 0 0 83
1 0 49 0 -10 0 0 128
1 0 50 0 -10 0 0 89
1 0 51 5.5 -2 0 0 252
1 0 52 0 -10 0 0 141
1 0 53 0 -10 0 0 108
1 0 54 0 -10 0 0 97
1 0 55 0 -10 0 0 149
1 0 56 0 -10 0 0 154
1 0 57 0 -10 0 0 191
1 0 58 0 -10 0 0 114
1 0 59 0 -10 0 0 168
1 0 60 0 -10 0 0 135
1 0 61 1.5 -2 0 0 237
1 0 62 1.5 -2 0 0 237
1 0 63 0 -10 0 0 141
1 1 0 5.5 -2 0 0 296
1 1 1 5.5 -2 0 0 296
1 1 2 5.5 -2 0 0 358
1 1 3 5.5 -2 0 0 231
1 1 4 4.66994 -3 0 0 175
1 1 5 4.66994 -3 0 0 192
1 1 6 5.5 -2 0 0 369
1 1 7 4.964 0.474295 0.828568 0.130162 267
1 1 8 4.66994 -3 0 0 184
1 1 9 5.5 -2 0 0 435
1 1 10 5.5 -2 0 0 436
1 1 11 4.66994 -3 0 0 191
1 1 12 5.5 -2 0 0 220
1 1 13 4.66994 -3 0 0 181
1 1 14 4.66994 -3 0 0 185
1 1 15 4.66994 -3 0 0 178
1 1 16 5.5 -2 0 0 457
1 1 17 4.66994 -3 0 0 174
1 1 18 4.66994 -3 0 0 178
1 1 19 4.66994 -3 0 0 187
1 1 20 4.66994 -3 0 0 23
1 1 21 5.5 -2 0 0 387
1 1 22 5.12791 0.496465 0.923301 0.056813 207
1 1 23 4.66994 -3 0 0 122
1 1 24 4.66994 -3 0 0 172
1 1 25 4.66994 -3 0 0 167
1 1 26 4.66994 -3 0 0 161
1 1 27 4.66994 -3 0 0 125
1 1 28 4.66994 -3 0 0 126
1 1 29 4.66994 -3 0 0 126
1 1 30 4.66994 -3 0 0 10
1 1 31 4.66994 -3 0 0 186
1 1 32 4.66994 -3 0 0 110
1 1 33 4.66994 -3 0 0 116
1 1 34 4.66994 -3 0 0 110
1 1 35 0 -10 0 0 0
1 1 36 4.66994 -3 0 0 82
1 1 37 0 -10 0 0 0
1 1 38 0 -10 0 0 0
1 1 39 4.66994 -3 0 0 6
1 1 40 4.66994 -3 0 0 111
1 1 41 0 -10 0 0 0
1 1 42 0 -10 0 0 0
1 1 43 4.66994 -3 0 0 100
1 1 44 0 -10 0 0 0
1 1 45 4.66994 -3 0 0 102
1 1 46 4.66994 -3 0 0 115
1 1 47 0 -10 0 0 0
1 1 48 4.66994 -3 0 0 92
1 1 49 4.66994 -3 0 0 105
1 1 50 0 -10 0 0 0
1 1 51 0 -10 0 0 0
1 1 52 4.66994 -3 0 0 70
1 1 53 0 -10 0 0 0
1 1 54 4.66994 -3 0 0 89
1 1 55 4.66994 -3 0 0 83
1 1 56 4.66994 -3 0 0 116
1 1 57 4.66994 -3 0 0 89
1 1 58 4.66994 -3 0 0 96
1 1 59 4.66994 -3 0 0 88
1 1 60 0 -10 0 0 0
1 1 61 4.66994 -3 0 0 77
1 1 62 4.66994 -3 0 0 75
1 1 63 4.66994 -3 0 0 76
1 2 0 5.5 -2 0 0 301
1 2 1 5.5 -2 0 0 218
1 2 2 0 -10 0 0 195
1 2 3 0 -10 0 0 140
1 2 4 0 -10 0 0 173
1 2 5 0 -10 0 0 168
1 2 6 0 -10 0 0 176
1 2 7 0 -10 0 0 92
1 2 8 0 -10 0 0 181
1 2 9 0 -10 0 0 143
1 2 10 0 -10 0 0 109
1 2 11 0 -10 0 0 172
1 2 12 0 -10 0 0 151
1 2 13 0 -10 0 0 108
1 2 14 5.5 -2 0 0 350
1 2 15 0 -10 0 0 118
1 2 16 0 -10 0 0 83
1 2 17 5.5 -2 0 0 245
1 2 18 0 -10 0 0 121
1 2 19 0 -10 0 0 100
1 2 20 0 -10 0 0 174
1 2 21 0 -10 0 0 145
1 2 22 0 -10 0 0 81
1 2 23 0 -10 0 0 199
1 2 24 5.5 -2 0 0 204
1 2 25 0 -10 0 0 93
1 2 26 5.5 -2 0 0 391
1 2 27 0 -10 0 0 95
1 2 28 0 -10 0 0 97
1 2 29 5.5 -2 0 0 278
1 2 30 0 -10 0 0 127
1 2 31 0 -10 0 0 108
1 2 32 0 -10 0 0 127
1 2 33 0 -10 0 0 134
1 2 34 5.5 -2 0 0 406
1 2 35 0 -10 0 0 104
1 2 36 0 -10 0 0 166
1 2 37 0 -10 0 0 0
1 2 38 0 -10 0 0 139
1 2 39 4.91252 0.466739 0.662252 0.0858297 216
1 2 40 5.5 -2 0 0 216
1 2 41 0 -10 0 0 133
1 2 42 5.5 -2 0 0 228
1 2 43 5.5 -2 0 0 346
1 2 44 0 -10 0 0 133
1 2 45 0 -10 0 0 141
1 2 46 5.5 -2 0 0 447
1 2 47 0 -10 0 0 105
1 2 48 0 -10 0 0 166
1 2 49 5.5 -2 0 0 277
1 2 50 0 -10 0 0 184
1 2 51 5.5 -2 0 0 413
1 2 52 5.5 -2 0 0 438
1 2 53 0 -10 0 0 132
1 2 54 0 -10 0 0 194
1 2 55 5.5 -2 0 0 366
1 2 56 5.5 -2 0 0 223
1 2 57 5.5 -2 0 0 341
1 2 58 5.5 -2 0 0 268
1 2 59 5.5 -2 0 0 537
1 2 60 0 -10 0 0 179
1 2 61 5.5 -2 0 0 713
1 2 62 1.5 -2 0 0 561
1 2 63 5.5 -2 0 0 300
1 3 0 5.5 -2 0 0 455
1 3 1 5.5 -2 0 0 524
1 3 2 5.5 -2 0 0 590
1 3 3 5.5 -2 0 0 575
1 3 4 5.5 -2 0 0 315
1 3 5 5.5 -2 0 0 511
1 3 6 5.5 -2 0 0 866
1 3 7 5.5 -2 0 0 1015
1 3 8 5.5 -2 0 0 430
1 3 9 5.5 -2 0 0 1178
1 3 10 5.5 -2 0 0 1203
1 3 11 5.5 -2 0 0 332
1 3 12 5.5 -2 0 0 651
1 3 13 5.5 -2 0 0 494
1 3 14 5.5 -2 0 0 435
1 3 15 5.5 -2 0 0 454
1 3 16 4.78377 0.313043 1.06332 0.0775601 1476
1 3 17 5.5 -2 0 0 292
1 3 18 5.5 -2 0 0 422
1 3 19 5.5 -2 0 0 743
1 3 20 5.5 -2 0 0 249
1 3 21 5.5 -2 0 0 1082
1 3 22 5.5 -2 0 0 595
1 3 23 4.59232 0.37392 0.790673 0.0745435 255
1 3 24 5.5 -2 0 0 362
1 3 25 5.5 -2 0 0 567
1 3 26 5.5 -2 0 0 294
1 3 27 5.5 -2 0 0 376
1 3 28 5.5 -2 0 0 338
1 3 29 5.5 -2 0 0 244
1 3 30 5.5 -2 0 0 277
1 3 31 5.5 -2 0 0 512
1 3 32 5.5 -2 0 0 411
1 3 33 5.5 -2 0 0 264
1 3 34 5.5 -2 0 0 222
1 3 35 5.5 -2 0 0 461
1 3 36 5.5 -2 0 0 252
1 3 37 0 -10 0 0 0
1 3 38 5.5 -2 0 0 375
1 3 39 5.5 -2 0 0 248
1 3 40 5.5 -2 0 0 264
1 3 41 5.5 -2 0 0 329
1 3 42 5.5 -2 0 0 227
1 3 43 5.5 -2 0 0 220
1 3 44 5.5 -2 0 0 307
1 3 45 5.5 -2 0 0 262
1 3 46 5.5 -2 0 0 247
1 3 47 5.5 -2 0 0 338
1 3 48 5.5 -2 0 0 245
1 3 49 5.5 -2 0 0 262
1 3 50 5.5 -2 0 0 260
1 3 51 5.5 -2 0 0 222
1 3 52 5.5 -2 0 0 257
1 3 53 5.5 -2 0 0 251
1 3 54 5.5 -2 0 0 255
1 3 55 5.5 -2 0 0 220
1 3 56 5.5 -2 0 0 216
1 3 57 5.5 -2 0 0 227
1 3 58 5.5 -2 0 0 212
1 3 59 5.5 -2 0 0 250
1 3 60 5.5 -2 0 0 242
1 3 61 0 -10 0 0 192
1 3 62 0 -10 0 0 173
1 3 63 1.5 -2 0 0 208
1 4 0 5.5 -2 0 0 662
1 4 1 5.5 -2 0 0 423
1 4 2 5.5 -2 0 0 313
1 4 3 0 -10 0 0 127
1 4 4 0 -10 0 0 160
1 4 5 0 -10 0 0 175
1 4 6 5.5 -2 0 0 277
1 4 7 0 -10 0 0 115
1 4 8 5.5 -2 0 0 248
1 4 9 0 -10 0 0 172
1 4 10 0 -10 0 0 151
1 4 11 0 -10 0 0 188
1 4 12 0 -10 0 0 140
1 4 13 0 -10 0 0 110
1 4 14 5.5 -2 0 0 503
1 4 15 0 -10 0 0 121
1 4 16 0 -10 0 0 124
1 4 17 5.5 -2 0 0 281
1 4 18 0 -10 0 0 159
1 4 19 0 -10 0 0 101
1 4 20 0 -10 0 0 129
1 4 21 5.5 -2 0 0 250
1 4 22 0 -10 0 0 125
1 4 23 0 -10 0 0 180
1 4 24 5.5 -2 0 0 355
1 4 25 0 -10 0 0 80
1 4 26 5.5 -2 0 0 372
1 4 27 0 -10 0 0 82
1 4 28 0 -10 0 0 105
1 4 29 5.5 -2 0 0 279
1 4 30 0 -10 0 0 125
1 4 31 0 -10 0 0 93
1 4 32 0 -10 0 0 93
1 4 33 0 -10 0 0 87
1 4 34 5.14568 0.475718 0.7436 0.112873 403
1 4 35 0 -10 0 0 84
1 4 36 0 -10 0 0 109
1 4 37 0 -10 0 0 0
1 4 38 0 -10 0 0 92
1 4 39 0 -10 0 0 132
1 4 40 0 -10 0 0 154
1 4 41 0 -10 0 0 80
1 4 42 0 -10 0 0 106
1 4 43 5.5 -2 0 0 235
1 4 44 0 -10 0 0 84
1 4 45 0 -10 0 0 119
1 4 46 5.5 -2 0 0 344
1 4 47 0 -10 0 0 75
1 4 48 0 -10 0 0 110
1 4 49 0 -10 0 0 187
1 4 50 0 -10 0 0 91
1 4 51 0 -10 0 0 141
1 4 52 0 -10 0 0 195
1 4 53 0 -10 0 0 72
1 4 54 0 -10 0 0 118
1 4 55 0 -10 0 0 183
1 4 56 0 -10 0 0 128
1 4 57 0 -10 0 0 144
1 4 58 0 -10 0 0 154
1 4 59 5.5 -2 0 0 255
1 4 60 0 -10 0 0 117
1 4 61 5.5 -2 0 0 213
1 4 62 1.5 -2 0 0 267
1 4 63 0 -10 0 0 135
1 5 0 5.5 -2 0 0 207
1 5 1 5.5 -2 0 0 221
1 5 2 5.5 -2 0 0 237
1 5 3 5.5 -2 0 0 277
1 5 4 5.5 -2 0 0 303
1 5 5 5.5 -2 0 0 215
1 5 6 5.5 -2 0 0 227
1 5 7 5.5 -2 0 0 285
1 5 8 5.5 -2 0 0 286
1 5 9 5.5 -2 0 0 251
1 5 10 5.5 -2 0 0 235
1 5 11 5.5 -2 0 0 255
1 5 12 5.5 -2 0 0 229
1 5 13 5.5 -2 0 0 293
1 5 14 0 -10 0 0 189
1 5 15 5.5 -2 0 0 276
1 5 16 5.5 -2 0 0 301
1 5 17 5.5 -2 0 0 265
1 5 18 5.5 -2 0 0 288
1 5 19 5.5 -2 0 0 454
1 5 20 5.5 -2 0 0 288
1 5 21 5.5 -2 0 0 269
1 5 22 5.5 -2 0 0 254
1 5 23 5.5 -2 0 0 326
1 5 24 0 -10 0 0 161
1 5 25 4.66279 0.38242 0.817382 0.0492836 504
1 5 26 5.5 -2 0 0 228
1 5 27 5.5 -2 0 0 307
1 5 28 5.5 -2 0 0 352
1 5 29 4.69396 0.393726 0.781714 0.212886 254
1 5 30 5.5 -2 0 0 329
1 5 31 5.5 -2 0 0 598
1 5 32 5.5 -2 0 0 430
1 5 33 5.5 -2 0 0 432
1 5 34 5.5 -2 0 0 259
1 5 35 5.5 -2 0 0 634
1 5 36 5.5 -2 0 0 315
1 5 37 0 -10 0 0 0
1 5 38 4.7478 0.340455 0.711085 0.150293 1076
1 5 39 5.5 -2 0 0 1097
1 5 40 5.5 -2 0 0 390
1 5 41 5.5 -2 0 0 465
1 5 42 5.5 -2 0 0 329
1 5 43 5.5 -2 0 0 287
1 5 44 5.5 -2 0 0 609
1 5 45 5.5 -2 0 0 409
1 5 46 5.5 -2 0 0 297
1 5 47 4.64013 0.340272 1.20818 0.0903825 1966
1 5 48 5.5 -2 0 0 405
1 5 49 5.5 -2 0 0 314
1 5 50 5.5 -2 0 0 677
1 5 51 5.5 -2 0 0 613
1 5 52 5.5 -2 0 0 303
1 5 53 5.5 -2 0 0 1271
1 5 54 5.5 -2 0 0 687
1 5 55 5.5 -2 0 0 470
1 5 56 5.5 -2 0 0 1055
1 5 57 5.5 -2 0 0 882
1 5 58 5.5 -2 0 0 483
1 5 59 5.5 -2 0 0 330
1 5 60 5.5 -2 0 0 1539
1 5 61 1.5 -2 0 0 534
1 5 62 5.5 -2 0 0 408
1 5 63 5.5 -2 0 0 414
1 6 0 5.5 -2 0 0 224
1 6 1 4.78424 -3 0 0 159
1 6 2 4.78424 -3 0 0 174
1 6 3 4.78424 -3 0 0 73
1 6 4 4.78424 -3 0 0 65
1 6 5 4.78424 -3 0 0 91
1 6 6 4.78424 -3 0 0 132
1 6 7 4.78424 -3 0 0 65
1 6 8 4.78424 -3 0 0 111
1 6 9 4.78424 -3 0 0 88
1 6 10 4.78424 -3 0 0 60
1 6 11 4.78424 -3 0 0 78
1 6 12 4.78424 -3 0 0 89
1 6 13 4.78424 -3 0 0 60
1 6 14 4.78424 -3 0 0 155
1 6 15 4.78424 -3 0 0 66
1 6 16 4.78424 -3 0 0 95
1 6 17 4.78424 -3 0 0 89
1 6 18 4.78424 -3 0 0 60
1 6 19 4.78424 -3 0 0 68
1 6 20 4.78424 -3 0 0 81
1 6 21 4.78424 -3 0 0 112
1 6 22 4.78424 -3 0 0 72
1 6 23 4.78424 -3 0 0 86
1 6 24 4.78424 -3 0 0 134
1 6 25 4.78424 -3 0 0 58
1 6 26 4.78424 -3 0 0 154
1 6 27 4.78424 -3 0 0 37
1 6 28 4.78424 -3 0 0 36
1 6 29 4.78424 -3 0 0 82
1 6 30 4.78424 -3 0 0 50
1 6 31 4.78424 -3 0 0 43
1 6 32 4.78424 -3 0 0 47
1 6 33 4.78424 -3 0 0 42
1 6 34 4.78424 -3 0 0 107
1 6 35 4.78424 -3 0 0 46
1 6 36 4.78424 -3 0 0 49
1 6 37 0 -10 0 0 0
1 6 38 4.78424 -3 0 0 35
1 6 39 4.78424 -3 0 0 33
1 6 40 4.78424 -3 0 0 54
1 6 41 4.78424 -3 0 0 44
1 6 42 4.78424 -3 0 0 53
1 6 43 4.78424 -3 0 0 79
1 6 44 4.78424 -3 0 0 38
1 6 45 4.78424 -3 0 0 35
1 6 46 4.78424 -3 0 0 95
1 6 47 4.78424 -3 0 0 36
1 6 48 4.78424 -3 0 0 35
1 6 49 4.78424 -3 0 0 52
1 6 50 4.78424 -3 0 0 50
1 6 51 4.78424 -3 0 0 42
1 6 52 4.78424 -3 0 0 66
1 6 53 4.78424 -3 0 0 24
1 6 54 4.78424 -3 0 0 63
1 6 55 4.78424 -3 0 0 62
1 6 56 4.78424 -3 0 0 44
1 6 57 4.78424 -3 0 0 46
1 6 58 4.78424 -3 0 0 36
1 6 59 4.78424 -3 0 0 61
1 6 60 4.78424 -3 0 0 26
1 6 61 4.78424 -3 0 0 49
1 6 62 4.78424 -3 0 0 57
1 6 63 4.78424 -3 0 0 52
1 7 0 4.81607 -3 0 0 44
1 7 1 4.81607 -3 0 0 44
1 7 2 4.81607 -3 0 0 43
1 7 3 4.81607 -3 0 0 65
1 7 4 4.81607 -3 0 0 61
1 7 5 4.81607 -3 0 0 74
1 7 6 4.81607 -3 0 0 56
1 7 7 4.81607 -3 0 0 56
1 7 8 4.81607 -3 0 0 58
1 7 9 4.81607 -3 0 0 41
1 7 10 4.81607 -3 0 0 44
1 7 11 4.81607 -3 0 0 85
1 7 12 4.81607 -3 0 0 56
1 7 13 4.81607 -3 0 0 76
1 7 14 4.81607 -3 0 0 61
1 7 15 4.81607 -3 0 0 68
1 7 16 4.81607 -3 0 0 57
1 7 17 4.81607 -3 0 0 72
1 7 18 4.81607 -3 0 0 89
1 7 19 4.81607 -3 0 0 104
1 7 20 4.81607 -3 0 0 88
1 7 21 4.81607 -3 0 0 46
1 7 22 4.81607 -3 0 0 64
1 7 23 4.81607 -3 0 0 64
1 7 24 4.81607 -3 0 0 73
1 7 25 4.81607 -3 0 0 88
1 7 26 4.81607 -3 0 0 74
1 7 27 4.81607 -3 0 0 79
1 7 28 4.81607 -3 0 0 82
1 7 29 4.81607 -3 0 0 80
1 7 30 4.81607 -3 0 0 88
1 7 31 4.81607 -3 0 0 107
1 7 32 4.81607 -3 0 0 98
1 7 33 4.81607 -3 0 0 106
1 7 34 4.81607 -3 0 0 84
1 7 35 4.81607 -3 0 0 150
1 7 36 4.81607 -3 0 0 117
1 7 37 0 -10 0 0 0
1 7 38 5.5 -2 0 0 218
1 7 39 5.36523 0.505673 0.569247 0.162791 326
1 7 40 4.81607 -3 0 0 95
1 7 41 4.81607 -3 0 0 148
1 7 42 4.81607 -3 0 0 109
1 7 43 4.81607 -3 0 0 102
1 7 44 4.81607 -3 0 0 180
1 7 45 4.81607 -3 0 0 118
1 7 46 4.81607 -3 0 0 106
1 7 47 5.5 -2 0 0 387
1 7 48 4.81607 -3 0 0 130
1 7 49 4.81607 -3 0 0 127
1 7 50 4.81607 -3 0 0 196
1 7 51 5.5 -2 0 0 204
1 7 52 4.81607 -3 0 0 119
1 7 53 5.5 -2 0 0 307
1 7 54 4.81607 -3 0 0 178
1 7 55 4.81607 -3 0 0 151
1 7 56 5.5 -2 0 0 291
1 7 57 5.5 -2 0 0 277
1 7 58 4.81607 -3 0 0 157
1 7 59 4.81607 -3 0 0 123
1 7 60 5.5 -2 0 0 303
1 7 61 5.5 -2 0 0 209
1 7 62 4.81607 -3 0 0 142
1 7 63 4.81607 -3 0 0 140
1 8 0 4.99702 -3 0 0 44
1 8 1 4.99702 -3 0 0 54
1 8 2 4.99702 -3 0 0 57
1 8 3 4.99702 -3 0 0 97
1 8 4 4.99702 -3 0 0 73
1 8 5 4.99702 -3 0 0 51
1 8 6 4.99702 -3 0 0 55
1 8 7 4.99702 -3 0 0 81
1 8 8 4.99702 -3 0 0 49
1 8 9 4.99702 -3 0 0 61
1 8 10 4.99702 -3 0 0 67
1 8 11 4.99702 -3 0 0 76
1 8 12 4.99702 -3 0 0 59
1 8 13 4.99702 -3 0 0 119
1 8 14 4.99702 -3 0 0 56
1 8 15 4.99702 -3 0 0 88
1 8 16 4.99702 -3 0 0 86
1 8 17 4.99702 -3 0 0 59
1 8 18 4.99702 -3 0 0 72
1 8 19 4.99702 -3 0 0 108
1 8 20 4.99702 -3 0 0 82
1 8 21 4.99702 -3 0 0 67
1 8 22 4.99702 -3 0 0 72
1 8 23 4.99702 -3 0 0 79
1 8 24 4.99702 -3 0 0 44
1 8 25 4.99702 -3 0 0 120
1 8 26 4.99702 -3 0 0 66
1 8 27 4.99702 -3 0 0 78
1 8 28 4.99702 -3 0 0 113
1 8 29 4.99702 -3 0 0 81
1 8 30 4.99702 -3 0 0 77
1 8 31 4.99702 -3 0 0 174
1 8 32 4.99702 -3 0 0 106
1 8 33 4.99702 -3 0 0 124
1 8 34 4.99702 -3 0 0 79
1 8 35 4.99702 -3 0 0 174
1 8 36 4.99702 -3 0 0 82
1 8 37 0 -10 0 0 0
1 8 38 5.5 -2 0 0 291
1 8 39 5.5 -2 0 0 209
1 8 40 0 -10 0 0 0
1 8 41 4.99702 -3 0 0 142
1 8 42 4.99702 -3 0 0 95
1 8 43 4.99702 -3 0 0 89
1 8 44 4.99702 -3 0 0 164
1 8 45 4.99702 -3 0 0 129
1 8 46 4.99702 -3 0 0 73
1 8 47 5.66873 0.524339 0.780994 0.0998253 457
1 8 48 4.99702 -3 0 0 100
1 8 49 4.99702 -3 0 0 110
1 8 50 4.99702 -3 0 0 152
1 8 51 4.99702 -3 0 0 109
1 8 52 4.99702 -3 0 0 101
1 8 53 5.5 -2 0 0 270
1 8 54 4.99702 -3 0 0 133
1 8 55 4.99702 -3 0 0 107
1 8 56 4.99702 -3 0 0 174
1 8 57 4.99702 -3 0 0 160
1 8 58 4.99702 -3 0 0 106
1 8 59 4.99702 -3 0 0 78
1 8 60 5.5 -2 0 0 241
1 8 61 4.99702 -3 0 0 141
1 8 62 4.99702 -3 0 0 113
1 8 63 4.99702 -3 0 0 122
1 9 0 0 -10 0 0 114
1 9 1 0 -10 0 0 113
1 9 2 0 -10 0 0 90
1 9 3 0 -10 0 0 47
1 9 4 0 -10 0 0 39
1 9 5 0 -10 0 0 43
1 9 6 0 -10 0 0 78
1 9 7 0 -10 0 0 39
1 9 8 0 -10 0 0 56
1 9 9 0 -10 0 0 67
1 9 10 0 -10 0 0 33
1 9 11 0 -10 0 0 44
1 9 12 0 -10 0 0 42
1 9 13 0 -10 0 0 40
1 9 14 0 -10 0 0 113
1 9 15 0 -10 0 0 33
1 9 16 0 -10 0 0 39
1 9 17 0 -10 0 0 77
1 9 18 0 -10 0 0 37
1 9 19 0 -10 0 0 32
1 9 20 0 -10 0 0 35
1 9 21 0 -10 0 0 46
1 9 22 0 -10 0 0 13
1 9 23 0 -10 0 0 54
1 9 24 0 -10 0 0 96
1 9 25 0 -10 0 0 29
1 9 26 0 -10 0 0 64
1 9 27 0 -10 0 0 21
1 9 28 0 -10 0 0 24
1 9 29 0 -10 0 0 55
1 9 30 0 -10 0 0 3
1 9 31 0 -10 0 0 25
1 9 32 0 -10 0 0 23
1 9 33 0 -10 0 0 29
1 9 34 0 -10 0 0 79
1 9 35 0 -10 0 0 18
1 9 36 0 -10 0 0 20
1 9 37 0 -10 0 0 0
1 9 38 0 -10 0 0 28
1 9 39 0 -10 0 0 0
1 9 40 0 -10 0 0 33
1 9 41 0 -10 0 0 24
1 9 42 0 -10 0 0 27
1 9 43 0 -10 0 0 49
1 9 44 0 -10 0 0 23
1 9 45 0 -10 0 0 21
1 9 46 0 -10 0 0 58
1 9 47 0 -10 0 0 26
1 9 48 0 -10 0 0 22
1 9 49 0 -10 0 0 27
1 9 50 0 -10 0 0 27
1 9 51 0 -10 0 0 39
1 9 52 0 -10 0 0 51
1 9 53 0 -10 0 0 21
1 9 54 0 -10 0 0 28
1 9 55 0 -10 0 0 42
1 9 56 0 -10 0 0 34
1 9 57 0 -10 0 0 39
1 9 58 0 -10 0 0 33
1 9 59 0 -10 0 0 67
1 9 60 0 -10 0 0 31
1 9 61 0 -10 0 0 55
1 9 62 0 -10 0 0 53
1 9 63 0 -10 0 0 32
1 10 0 0 -10 0 0 157
1 10 1 0 -10 0 0 175
1 10 2 0 -10 0 0 189
1 10 3 5.5 -2 0 0 273
1 10 4 0 -10 0 0 188
1 10 5 5.5 -2 0 0 204
1 10 6 5.5 -2 0 0 201
1 10 7 5.5 -2 0 0 537
1 10 8 0 -10 0 0 171
1 10 9 5.5 -2 0 0 258
1 10 10 5.5 -2 0 0 282
1 10 11 0 -10 0 0 162
1 10 12 5.5 -2 0 0 206
1 10 13 5.5 -2 0 0 428
1 10 14 0 -10 0 0 163
1 10 15 5.5 -2 0 0 313
1 10 16 5.5 -2 0 0 512
1 10 17 0 -10 0 0 161
1 10 18 5.5 -2 0 0 237
1 10 19 5.5 -2 0 0 674
1 10 20 5.5 -2 0 0 247
1 10 21 5.5 -2 0 0 201
1 10 22 5.5 -2 0 0 323
1 10 23 0 -10 0 0 170
1 10 24 0 -10 0 0 152
1 10 25 5.5 -2 0 0 706
1 10 26 0 -10 0 0 156
1 10 27 5.5 -2 0 0 317
1 10 28 5.5 -2 0 0 357
1 10 29 0 -10 0 0 158
1 10 30 0 -10 0 0 177
1 10 31 5.5 -2 0 0 939
1 10 32 5.5 -2 0 0 431
1 10 33 5.5 -2 0 0 343
1 10 34 0 -10 0 0 153
1 10 35 5.5 -2 0 0 1304
1 10 36 5.5 -2 0 0 307
1 10 37 0 -10 0 0 0
1 10 38 5.5 -2 0 0 1532
1 10 39 5.5 -2 0 0 473
1 10 40 5.5 -2 0 0 227
1 10 41 5.5 -2 0 0 513
1 10 42 5.5 -2 0 0 250
1 10 43 5.5 -2 0 0 218
1 10 44 5.5 -2 0 0 578
1 10 45 5.5 -2 0 0 337
1 10 46 0 -10 0 0 143
1 10 47 5.5 -2 0 0 2077
1 10 48 5.5 -2 0 0 244
1 10 49 1.5 -2 0 0 311
1 10 50 5.5 -2 0 0 615
1 10 51 5.5 -2 0 0 225
1 10 52 0 -10 0 0 172
1 10 53 5.5 -2 0 0 852
1 10 54 5.5 -2 0 0 390
1 10 55 5.5 -2 0 0 262
1 10 56 5.5 -2 0 0 365
1 10 57 1.5 -2 0 0 313
1 10 58 1.5 -2 0 0 295
1 10 59 5.5 -2 0 0 218
1 10 60 1.5 -2 0 0 717
1 10 61 1.5 -2 0 0 214
1 10 62 1.5 -2 0 0 210
1 10 63 1.5 -2 0 0 226
1 11 0 5.5 -2 0 0 247
1 11 1 4.70774 -3 0 0 145
1 11 2 4.70774 -3 0 0 134
1 11 3 4.70774 -3 0 0 64
1 11 4 4.70774 -3 0 0 78
1 11 5 4.70774 -3 0 0 86
1 11 6 4.70774 -3 0 0 109
1 11 7 4.70774 -3 0 0 60
1 11 8 4.70774 -3 0 0 127
1 11 9 4.70774 -3 0 0 75
1 11 10 4.70774 -3 0 0 64
1 11 11 4.70774 -3 0 0 94
1 11 12 4.70774 -3 0 0 113
1 11 13 4.70774 -3 0 0 47
1 11 14 5.5 -2 0 0 209
1 11 15 4.70774 -3 0 0 70
1 11 16 4.70774 -3 0 0 46
1 11 17 4.70774 -3 0 0 142
1 11 18 4.70774 -3 0 0 71
1 11 19 4.70774 -3 0 0 49
1 11 20 4.70774 -3 0 0 86
1 11 21 4.70774 -3 0 0 79
1 11 22 4.70774 -3 0 0 64
1 11 23 4.70774 -3 0 0 98
1 11 24 4.70774 -3 0 0 145
1 11 25 4.70774 -3 0 0 60
1 11 26 4.70774 -3 0 0 187
1 11 27 4.70774 -3 0 0 71
1 11 28 4.70774 -3 0 0 48
1 11 29 4.70774 -3 0 0 116
1 11 30 4.70774 -3 0 0 69
1 11 31 4.70774 -3 0 0 50
1 11 32 4.70774 -3 0 0 55
1 11 33 4.70774 -3 0 0 61
1 11 34 4.70774 -3 0 0 175
1 11 35 4.70774 -3 0 0 52
1 11 36 4.70774 -3 0 0 63
1 11 37 0 -10 0 0 0
1 11 38 4.70774 -3 0 0 71
1 11 39 4.70774 -3 0 0 56
1 11 40 4.70774 -3 0 0 86
1 11 41 4.70774 -3 0 0 44
1 11 42 4.70774 -3 0 0 81
1 11 43 4.70774 -3 0 0 124
1 11 44 4.70774 -3 0 0 35
1 11 45 4.70774 -3 0 0 50
1 11 46 4.70774 -3 0 0 166
1 11 47 4.70774 -3 0 0 55
1 11 48 4.70774 -3 0 0 63
1 11 49 4.70774 -3 0 0 107
1 11 50 4.70774 -3 0 0 54
1 11 51 4.70774 -3 0 0 118
1 11 52 4.70774 -3 0 0 129
1 11 53 4.70774 -3 0 0 51
1 11 54 4.70774 -3 0 0 50
1 11 55 4.70774 -3 0 0 113
1 11 56 4.70774 -3 0 0 73
1 11 57 4.70774 -3 0 0 91
1 11 58 4.70774 -3 0 0 70
1 11 59 4.70774 -3 0 0 150
1 11 60 4.70774 -3 0 0 52
1 11 61 4.70774 -3 0 0 154
1 11 62 4.70774 -3 0 0 193
1 11 63 4.70774 -3 0 0 127
1 12 0 5.5 -2 0 0 306
1 12 1 5.5 -2 0 0 314
1 12 2 5.5 -2 0 0 338
1 12 3 5.5 -2 0 0 431
1 12 4 5.5 -2 0 0 220
1 12 5 5.5 -2 0 0 288
1 12 6 5.5 -2 0 0 374
1 12 7 5.5 -2 0 0 1283
1 12 8 5.5 -2 0 0 251
1 12 9 5.5 -2 0 0 729
1 12 10 5.5 -2 0 0 1109
1 12 11 5.5 -2 0 0 202
1 12 12 4.73962 0.466996 0.417754 0.267066 421
1 12 13 5.5 -2 0 0 532
1 12 14 5.5 -2 0 0 236
1 12 15 5.5 -2 0 0 372
1 12 16 4.76516 0.344591 0.929034 0.0412868 1971
1 12 17 0 -10 0 0 176
1 12 18 5.5 -2 0 0 301
1 12 19 5.5 -2 0 0 1087
1 12 20 5.5 -2 0 0 213
1 12 21 5.5 -2 0 0 624
1 12 22 5.5 -2 0 0 577
1 12 23 0 -10 0 0 198
1 12 24 5.5 -2 0 0 241
1 12 25 4.81844 0.364833 0.727303 0.0514345 707
1 12 26 0 -10 0 0 180
1 12 27 5.5 -2 0 0 319
1 12 28 5.5 -2 0 0 591
1 12 29 0 -10 0 0 181
1 12 30 5.5 -2 0 0 235
1 12 31 5.5 -2 0 0 792
1 12 32 5.5 -2 0 0 371
1 12 33 4.85258 0.42488 0.808135 0.079097 292
1 12 34 0 -10 0 0 131
1 12 35 5.5 -2 0 0 464
1 12 36 5.5 -2 0 0 211
1 12 37 0 -10 0 0 0
1 12 38 5.5 -2 0 0 527
1 12 39 0 -10 0 0 168
1 12 40 0 -10 0 0 181
1 12 41 5.5 -2 0 0 321
1 12 42 0 -10 0 0 182
1 12 43 0 -10 0 0 164
1 12 44 5.5 -2 0 0 275
1 12 45 5.5 -2 0 0 241
1 12 46 0 -10 0 0 138
1 12 47 5.5 -2 0 0 365
1 12 48 5.5 -2 0 0 249
1 12 49 0 -10 0 0 186
1 12 50 5.5 -2 0 0 214
1 12 51 0 -10 0 0 126
1 12 52 0 -10 0 0 152
1 12 53 5.5 -2 0 0 287
1 12 54 0 -10 0 0 197
1 12 55 0 -10 0 0 128
1 12 56 0 -10 0 0 167
1 12 57 0 -10 0 0 150
1 12 58 0 -10 0 0 0
1 12 59 0 -10 0 0 137
1 12 60 1.5 -2 0 0 241
1 12 61 0 -10 0 0 113
1 12 62 0 -10 0 0 109
1 12 63 0 -10 0 0 139
1 13 0 0 -10 0 0 106
1 13 1 0 -10 0 0 102
1 13 2 0 -10 0 0 77
1 13 3 0 -10 0 0 60
1 13 4 0 -10 0 0 52
1 13 5 0 -10 0 0 73
1 13 6 0 -10 0 0 49
1 13 7 0 -10 0 0 36
1 13 8 0 -10 0 0 67
1 13 9 0 -10 0 0 56
1 13 10 0 -10 0 0 48
1 13 11 0 -10 0 0 67
1 13 12 0 -10 0 0 62
1 13 13 0 -10 0 0 40
1 13 14 0 -10 0 0 131
1 13 15 0 -10 0 0 40
1 13 16 0 -10 0 0 28
1 13 17 0 -10 0 0 120
1 13 18 0 -10 0 0 74
1 13 19 0 -10 0 0 34
1 13 20 0 -10 0 0 64
1 13 21 0 -10 0 0 52
1 13 22 0 -10 0 0 42
1 13 23 0 -10 0 0 77
1 13 24 0 -10 0 0 76
1 13 25 0 -10 0 0 30
1 13 26 0 -10 0 0 128
1 13 27 0 -10 0 0 42
1 13 28 0 -10 0 0 45
1 13 29 0 -10 0 0 85
1 13 30 0 -10 0 0 55
1 13 31 0 -10 0 0 41
1 13 32 0 -10 0 0 30
1 13 33 0 -10 0 0 43
1 13 34 0 -10 0 0 146
1 13 35 0 -10 0 0 46
1 13 36 0 -10 0 0 48
1 13 37 0 -10 0 0 0
1 13 38 0 -10 0 0 57
1 13 39 0 -10 0 0 120
1 13 40 0 -10 0 0 72
1 13 41 0 -10 0 0 47
1 13 42 0 -10 0 0 78
1 13 43 0 -10 0 0 104
1 13 44 0 -10 0 0 63
1 13 45 0 -10 0 0 62
1 13 46 0 -10 0 0 151
1 13 47 0 -10 0 0 59
1 13 48 0 -10 0 0 61
1 13 49 0 -10 0 0 74
1 13 50 0 -10 0 0 62
1 13 51 0 -10 0 0 150
1 13 52 0 -10 0 0 109
1 13 53 0 -10 0 0 61
1 13 54 0 -10 0 0 96
1 13 55 0 -10 0 0 128
1 13 56 0 -10 0 0 100
1 13 57 0 -10 0 0 139
1 13 58 0 -10 0 0 115
1 13 59 0 -10 0 0 169
1 13 60 0 -10 0 0 79
1 13 61 1.5 -2 0 0 243
1 13 62 1.5 -2 0 0 201
1 13 63 0 -10 0 0 92
1 14 0 5.04519 -3 0 0 133
1 14 1 5.04519 -3 0 0 104
1 14 2 5.04519 -3 0 0 138
1 14 3 5.04519 -3 0 0 101
1 14 4 5.04519 -3 0 0 78
1 14 5 5.04519 -3 0 0 101
1 14 6 5.04519 -3 0 0 180
1 14 7 5.04519 -3 0 0 149
1 14 8 5.04519 -3 0 0 83
1 14 9 5.04519 -3 0 0 186
1 14 10 5.5082 0.53055 0.837491 0.0724775 242
1 14 11 5.04519 -3 0 0 74
1 14 12 5.04519 -3 0 0 139
1 14 13 5.04519 -3 0 0 98
1 14 14 5.04519 -3 0 0 73
1 14 15 5.04519 -3 0 0 77
1 14 16 5.20794 0.505053 0.756223 0.0665918 337
1 14 17 5.04519 -3 0 0 60
1 14 18 5.04519 -3 0 0 78
1 14 19 5.04519 -3 0 0 140
1 14 20 5.04519 -3 0 0 67
1 14 21 5.04519 -3 0 0 158
1 14 22 5.04519 -3 0 0 161
1 14 23 5.04519 -3 0 0 51
1 14 24 5.04519 -3 0 0 88
1 14 25 5.04519 -3 0 0 138
1 14 26 5.04519 -3 0 0 74
1 14 27 5.04519 -3 0 0 88
1 14 28 5.04519 -3 0 0 87
1 14 29 5.04519 -3 0 0 63
1 14 30 5.04519 -3 0 0 91
1 14 31 5.04519 -3 0 0 83
1 14 32 5.04519 -3 0 0 60
1 14 33 5.04519 -3 0 0 58
1 14 34 5.04519 -3 0 0 65
1 14 35 5.04519 -3 0 0 81
1 14 36 5.04519 -3 0 0 49
1 14 37 0 -10 0 0 0
1 14 38 5.04519 -3 0 0 70
1 14 39 5.04519 -3 0 0 41
1 14 40 5.04519 -3 0 0 64
1 14 41 5.04519 -3 0 0 87
1 14 42 5.04519 -3 0 0 55
1 14 43 5.04519 -3 0 0 43
1 14 44 5.04519 -3 0 0 64
1 14 45 5.04519 -3 0 0 57
1 14 46 5.04519 -3 0 0 58
1 14 47 5.04519 -3 0 0 39
1 14 48 5.04519 -3 0 0 50
1 14 49 5.04519 -3 0 0 51
1 14 50 5.04519 -3 0 0 66
1 14 51 5.04519 -3 0 0 27
1 14 52 5.04519 -3 0 0 43
1 14 53 5.04519 -3 0 0 39
1 14 54 5.04519 -3 0 0 42
1 14 55 5.04519 -3 0 0 42
1 14 56 5.04519 -3 0 0 45
1 14 57 5.04519 -3 0 0 26
1 14 58 5.04519 -3 0 0 49
1 14 59 5.04519 -3 0 0 52
1 14 60 5.04519 -3 0 0 39
1 14 61 5.04519 -3 0 0 38
1 14 62 5.04519 -3 0 0 48
1 14 63 5.04519 -3 0 0 38
1 15 0 4.79223 -3 0 0 42
1 15 1 4.79223 -3 0 0 28
1 15 2 4.79223 -3 0 0 27
1 15 3 4.79223 -3 0 0 26
1 15 4 4.79223 -3 0 0 22
1 15 5 4.79223 -3 0 0 20
1 15 6 4.79223 -3 0 0 20
1 15 7 4.79223 -3 0 0 27
1 15 8 4.79223 -3 0 0 32
1 15 9 4.79223 -3 0 0 29
1 15 10 4.79223 -3 0 0 20
1 15 11 4.79223 -3 0 0 33
1 15 12 4.79223 -3 0 0 38
1 15 13 4.79223 -3 0 0 22
1 15 14 4.79223 -3 0 0 37
1 15 15 4.79223 -3 0 0 36
1 15 16 4.79223 -3 0 0 8
1 15 17 4.79223 -3 0 0 50
1 15 18 4.79223 -3 0 0 29
1 15 19 4.79223 -3 0 0 25
1 15 20 4.79223 -3 0 0 35
1 15 21 4.79223 -3 0 0 20
1 15 22 4.79223 -3 0 0 24
1 15 23 4.79223 -3 0 0 42
1 15 24 4.79223 -3 0 0 40
1 15 25 4.79223 -3 0 0 28
1 15 26 4.79223 -3 0 0 59
1 15 27 4.79223 -3 0 0 28
1 15 28 4.79223 -3 0 0 34
1 15 29 4.79223 -3 0 0 45
1 15 30 4.79223 -3 0 0 29
1 15 31 4.79223 -3 0 0 44
1 15 32 4.79223 -3 0 0 30
1 15 33 4.79223 -3 0 0 25
1 15 34 4.79223 -3 0 0 50
1 15 35 4.79223 -3 0 0 37
1 15 36 4.79223 -3 0 0 23
1 15 37 0 -10 0 0 0
1 15 38 4.79223 -3 0 0 31
1 15 39 4.79223 -3 0 0 56
1 15 40 4.79223 -3 0 0 53
1 15 41 4.79223 -3 0 0 37
1 15 42 4.79223 -3 0 0 28
1 15 43 4.79223 -3 0 0 62
1 15 44 4.79223 -3 0 0 49
1 15 45 4.79223 -3 0 0 28
1 15 46 4.79223 -3 0 0 64
1 15 47 4.79223 -3 0 0 42
1 15 48 4.79223 -3 0 0 37
1 15 49 4.79223 -3 0 0 44
1 15 50 4.79223 -3 0 0 41
1 15 51 4.79223 -3 0 0 74
1 15 52 4.79223 -3 0 0 58
1 15 53 4.79223 -3 0 0 40
1 15 54 4.79223 -3 0 0 44
1 15 55 4.79223 -3 0 0 59
1 15 56 4.79223 -3 0 0 77
1 15 57 4.79223 -3 0 0 76
1 15 58 4.79223 -3 0 0 61
1 15 59 4.79223 -3 0 0 69
1 15 60 4.79223 -3 0 0 49
1 15 61 4.79223 -3 0 0 118
1 15 62 4.79223 -3 0 0 82
1 15 63 4.79223 -3 0 0 49
2 0 0 0 -10 0 0 105
2 0 1 0 -10 0 0 87
2 0 2 0 -10 0 0 83
2 0 3 0 -10 0 0 68
2 0 4 0 -10 0 0 84
2 0 5 0 -10 0 0 72
2 0 6 0 -10 0 0 87
2 0 7 0 -10 0 0 60
2 0 8 0 -10 0 0 67
2 0 9 0 -10 0 0 51
2 0 10 0 -10 0 0 55
2 0 11 0 -10 0 0 90
2 0 12 0 -10 0 0 49
2 0 13 0 -10 0 0 57
2 0 14 0 -10 0 0 102
2 0 15 0 -10 0 0 54
2 0 16 0 -10 0 0 44
2 0 17 0 -10 0 0 98
2 0 18 0 -10 0 0 64
2 0 19 0 -10 0 0 69
2 0 20 0 -10 0 0 84
2 0 21 0 -10 0 0 72
2 0 22 0 -10 0 0 32
2 0 23 0 -10 0 0 116
2 0 24 0 -10 0 0 104
2 0 25 0 -10 0 0 78
2 0 26 0 -10 0 0 155
2 0 27 0 -10 0 0 61
2 0 28 0 -10 0 0 71
2 0 29 0 -10 0 0 139
2 0 30 0 -10 0 0 76
2 0 31 0 -10 0 0 92
2 0 32 0 -10 0 0 98
2 0 33 0 -10 0 0 72
2 0 34 0 -10 0 0 169
2 0 35 0 -10 0 0 84
2 0 36 0 -10 0 0 67
2 0 37 0 -10 0 0 95
2 0 38 0 -10 0 0 109
2 0 39 0 -10 0 0 190
2 0 40 0 -10 0 0 91
2 0 41 0 -10 0 0 91
2 0 42 0 -10 0 0 106
2 0 43 0 -10 0 0 130
2 0 44 0 -10 0 0 102
2 0 45 0 -10 0 0 108
2 0 46 0 -10 0 0 186
2 0 47 0 -10 0 0 126
2 0 48 0 -10 0 0 97
2 0 49 0 -10 0 0 140
2 0 50 0 -10 0 0 120
2 0 51 5.5 -2 0 0 324
2 0 52 0 -10 0 0 147
2 0 53 0 -10 0 0 119
2 0 54 0 -10 0 0 106
2 0 55 5.5 -2 0 0 224
2 0 56 1.5 -2 0 0 212
2 0 57 1.5 -2 0 0 274
2 0 58 0 -10 0 0 132
2 0 59 1.5 -2 0 0 208
2 0 60 0 -10 0 0 182
2 0 61 1.5 -2 0 0 380
2 0 62 1.5 -2 0 0 310
2 0 63 0 -10 0 0 148
2 1 0 5.5 -2 0 0 368
2 1 1 5.5 -2 0 0 439
2 1 2 4.77774 0.450829 0.88489 0.0150939 409
2 1 3 5.5 -2 0 0 289
2 1 4 0 -10 0 0 195
2 1 5 5.5 -2 0 0 293
2 1 6 5.5 -2 0 0 450
2 1 7 4.76466 0.453735 0.772252 0.0742231 360
2 1 8 5.5 -2 0 0 282
2 1 9 5.5 -2 0 0 573
2 1 10 5.5 -2 0 0 538
2 1 11 5.5 -2 0 0 210
2 1 12 5.5 -2 0 0 277
2 1 13 5.5 -2 0 0 249
2 1 14 5.5 -2 0 0 242
2 1 15 5.5 -2 0 0 214
2 1 16 4.60528 0.440691 0.727909 0.191131 746
2 1 17 5.5 -2 0 0 206
2 1 18 5.5 -2 0 0 201
2 1 19 4.86741 0.400124 0.74741 0.165247 260
2 1 20 0 -10 0 0 131
2 1 21 5.5 -2 0 0 540
2 1 22 5.5 -2 0 0 317
2 1 23 0 -10 0 0 129
2 1 24 4.65163 0.447807 0.878979 0.131383 251
2 1 25 5.5 -2 0 0 223
2 1 26 0 -10 0 0 199
2 1 27 0 -10 0 0 147
2 1 28 0 -10 0 0 167
2 1 29 0 -10 0 0 130
2 1 30 0 -10 0 0 156
2 1 31 0 -10 0 0 155
2 1 32 0 -10 0 0 146
2 1 33 0 -10 0 0 114
2 1 34 0 -10 0 0 156
2 1 35 0 -10 0 0 129
2 1 36 0 -10 0 0 95
2 1 37 0 -10 0 0 116
2 1 38 0 -10 0 0 83
2 1 39 0 -10 0 0 93
2 1 40 0 -10 0 0 104
2 1 41 0 -10 0 0 118
2 1 42 0 -10 0 0 93
2 1 43 0 -10 0 0 109
2 1 44 0 -10 0 0 104
2 1 45 0 -10 0 0 119
2 1 46 0 -10 0 0 142
2 1 47 0 -10 0 0 104
2 1 48 0 -10 0 0 113
2 1 49 0 -10 0 0 97
2 1 50 0 -10 0 0 78
2 1 51 0 -10 0 0 62
2 1 52 0 -10 0 0 87
2 1 53 0 -10 0 0 67
2 1 54 0 -10 0 0 97
2 1 55 0 -10 0 0 75
2 1 56 0 -10 0 0 68
2 1 57 0 -10 0 0 76
2 1 58 0 -10 0 0 92
2 1 59 0 -10 0 0 105
2 1 60 0 -10 0 0 92
2 1 61 0 -10 0 0 79
2 1 62 0 -10 0 0 107
2 1 63 0 -10 0 0 85
2 2 0 5.5 -2 0 0 329
2 2 1 5.5 -2 0 0 266
2 2 2 5.5 -2 0 0 209
2 2 3 0 -10 0 0 136
2 2 4 5.5 -2 0 0 212
2 2 5 0 -10 0 0 186
2 2 6 0 -10 0 0 183
2 2 7 0 -10 0 0 97
2 2 8 0 -10 0 0 200
2 2 9 0 -10 0 0 126
2 2 10 0 -10 0 0 117
2 2 11 5.5 -2 0 0 220
2 2 12 0 -10 0 0 149
2 2 13 0 -10 0 0 99
2 2 14 5.5 -2 0 0 361
2 2 15 0 -10 0 0 148
2 2 16 0 -10 0 0 0
2 2 17 5.5 -2 0 0 298
2 2 18 0 -10 0 0 134
2 2 19 0 -10 0 0 140
2 2 20 5.5 -2 0 0 252
2 2 21 0 -10 0 0 183
2 2 22 0 -10 0 0 105
2 2 23 5.5 -2 0 0 211
2 2 24 5.5 -2 0 0 231
2 2 25 0 -10 0 0 78
2 2 26 5.5 -2 0 0 472
2 2 27 0 -10 0 0 129
2 2 28 0 -10 0 0 110
2 2 29 5.5 -2 0 0 328
2 2 30 0 -10 0 0 135
2 2 31 0 -10 0 0 108
2 2 32 0 -10 0 0 120
2 2 33 0 -10 0 0 139
2 2 34 5.5 -2 0 0 465
2 2 35 0 -10 0 0 121
2 2 36 5.5 -2 0 0 209
2 2 37 5.5 -2 0 0 259
2 2 38 0 -10 0 0 151
2 2 39 5.5 -2 0 0 247
2 2 40 5.5 -2 0 0 216
2 2 41 0 -10 0 0 135
2 2 42 5.5 -2 0 0 281
2 2 43 5.5 -2 0 0 382
2 2 44 0 -10 0 0 155
2 2 45 0 -10 0 0 160
2 2 46 5.5 -2 0 0 642
2 2 47 0 -10 0 0 74
2 2 48 0 -10 0 0 188
2 2 49 5.5 -2 0 0 319
2 2 50 0 -10 0 0 182
2 2 51 5.5 -2 0 0 595
2 2 52 5.5 -2 0 0 503
2 2 53 0 -10 0 0 185
2 2 54 5.5 -2 0 0 223
2 2 55 5.5 -2 0 0 428
2 2 56 5.5 -2 0 0 304
2 2 57 5.5 -2 0 0 466
2 2 58 5.5 -2 0 0 330
2 2 59 5.5 -2 0 0 743
2 2 60 5.5 -2 0 0 204
2 2 61 5.5 -2 0 0 1143
2 2 62 1.5 -2 0 0 865
2 2 63 1.5 -2 0 0 345
2 3 0 4.80155 0.36965 0.91391 0.185303 504
2 3 1 5.06333 0.395635 0.937149 0.121353 447
2 3 2 5.04074 0.43909 0.673143 0.592318 660
2 3 3 5.19722 0.495418 0.526258 0.304458 517
2 3 4 5.13881 0.42158 0.908424 0.147502 263
2 3 5 5.5 -2 0 0 426
2 3 6 5.48648 0.483172 0.961959 0.334357 718
2 3 7 5.17812 0.406184 1.12397 0.14589 818
2 3 8 5.06404 0.420937 0.882552 0.100464 352
2 3 9 5.3413 0.326158 0.821372 0.145126 900
2 3 10 5.30677 0.263024 0.936417 0.090257 1095
2 3 11 5.19255 0.422458 0.932933 0.0737623 253
2 3 12 5.32042 0.502513 0.550893 0.0811095 559
2 3 13 5.5 -2 0 0 482
2 3 14 5.26537 0.465787 0.609257 0.16094 345
2 3 15 5.36414 0.44478 0.45874 0.251266 416
2 3 16 5.62857 0.295853 1.07999 0.165887 1620
2 3 17 4.90043 0.459376 0.921892 0.189922 269
2 3 18 5.5 -2 0 0 337
2 3 19 5.39592 0.345079 0.885703 0.128669 632
2 3 20 5.5 -2 0 0 204
2 3 21 5.50013 0.397232 0.962229 0.197393 949
2 3 22 5.63527 0.30573 0.880391 0.16616 677
2 3 23 5.5 -2 0 0 246
2 3 24 5.5 -2 0 0 395
2 3 25 5.84363 0.340289 0.767297 0.177489 536
2 3 26 5.5 -2 0 0 277
2 3 27 5.03638 0.388771 0.695025 0.179238 285
2 3 28 5.38954 0.51019 0.45587 0.461432 386
2 3 29 5.88404 0.411242 0.886073 0.0728958 214
2 3 30 5.30701 0.315115 0.81135 0.367913 246
2 3 31 5.65182 0.431483 0.696983 0.091426 563
2 3 32 5.24661 0.497273 0.679432 0.0965423 359
2 3 33 5.5 -2 0 0 295
2 3 34 5.5 -2 0 0 244
2 3 35 5.5 -2 0 0 413
2 3 36 5.3461 0.4744 0.761173 0.0774589 225
2 3 37 5.141 -3 0 0 181
2 3 38 5.5 -2 0 0 359
2 3 39 5.141 -3 0 0 189
2 3 40 5.141 -3 0 0 170
2 3 41 5.03301 0.498968 0.845412 0.0541425 323
2 3 42 5.141 -3 0 0 197
2 3 43 5.53961 0.482939 0.466338 0.384368 225
2 3 44 5.5 -2 0 0 239
2 3 45 5.5 -2 0 0 226
2 3 46 5.04397 0.469461 0.709187 0.0238425 201
2 3 47 5.5 -2 0 0 295
2 3 48 5.5 -2 0 0 295
2 3 49 5.141 -3 0 0 185
2 3 50 5.5 -2 0 0 228
2 3 51 5.141 -3 0 0 176
2 3 52 5.141 -3 0 0 197
2 3 53 5.5 -2 0 0 244
2 3 54 5.141 -3 0 0 200
2 3 55 5.5 -2 0 0 229
2 3 56 5.141 -3 0 0 175
2 3 57 5.141 -3 0 0 154
2 3 58 5.5 -2 0 0 215
2 3 59 5.5 -2 0 0 206
2 3 60 5.5 -2 0 0 206
2 3 61 5.141 -3 0 0 179
2 3 62 5.141 -3 0 0 175
2 3 63 5.141 -3 0 0 192
2 4 0 5.5 -2 0 0 1026
2 4 1 5.5 -2 0 0 600
2 4 2 5.5 -2 0 0 413
2 4 3 0 -10 0 0 160
2 4 4 5.5 -2 0 0 226
2 4 5 5.5 -2 0 0 293
2 4 6 5.5 -2 0 0 335
2 4 7 0 -10 0 0 128
2 4 8 5.5 -2 0 0 342
2 4 9 5.5 -2 0 0 229
2 4 10 0 -10 0 0 172
2 4 11 4.70233 0.443159 0.786951 0.0350061 298
2 4 12 5.5 -2 0 0 220
2 4 13 0 -10 0 0 128
2 4 14 5.5 -2 0 0 763
2 4 15 0 -10 0 0 165
2 4 16 0 -10 0 0 173
2 4 17 5.5 -2 0 0 401
2 4 18 0 -10 0 0 163
2 4 19 0 -10 0 0 114
2 4 20 0 -10 0 0 190
2 4 21 5.5 -2 0 0 322
2 4 22 0 -10 0 0 145
2 4 23 5.5 -2 0 0 265
2 4 24 5.5 -2 0 0 530
2 4 25 0 -10 0 0 141
2 4 26 5.12954 0.469475 0.914096 0.0420088 651
2 4 27 0 -10 0 0 137
2 4 28 0 -10 0 0 96
2 4 29 5.5 -2 0 0 422
2 4 30 0 -10 0 0 191
2 4 31 0 -10 0 0 113
2 4 32 0 -10 0 0 115
2 4 33 0 -10 0 0 124
2 4 34 5.5 -2 0 0 618
2 4 35 0 -10 0 0 98
2 4 36 0 -10 0 0 169
2 4 37 5.5 -2 0 0 225
2 4 38 0 -10 0 0 92
2 4 39 0 -10 0 0 150
2 4 40 5.5 -2 0 0 231
2 4 41 0 -10 0 0 107
2 4 42 0 -10 0 0 148
2 4 43 5.43934 0.436181 0.760252 0.0258682 320
2 4 44 0 -10 0 0 111
2 4 45 0 -10 0 0 127
2 4 46 4.86826 0.401103 0.740481 0.14135 508
2 4 47 0 -10 0 0 103
2 4 48 0 -10 0 0 125
2 4 49 5.5 -2 0 0 220
2 4 50 0 -10 0 0 119
2 4 51 5.5 -2 0 0 224
2 4 52 5.5 -2 0 0 272
2 4 53 0 -10 0 0 110
2 4 54 0 -10 0 0 163
2 4 55 5.5 -2 0 0 271
2 4 56 0 -10 0 0 168
2 4 57 5.5 -2 0 0 232
2 4 58 0 -10 0 0 171
2 4 59 5.5 -2 0 0 366
2 4 60 0 -10 0 0 130
2 4 61 5.5 -2 0 0 346
2 4 62 5.5 -2 0 0 362
2 4 63 0 -10 0 0 179
2 5 0 5.5 -2 0 0 211
2 5 1 5.5 -2 0 0 231
2 5 2 5.5 -2 0 0 305
2 5 3 5.5 -2 0 0 309
2 5 4 5.5 -2 0 0 285
2 5 5 5.5 -2 0 0 253
2 5 6 5.5 -2 0 0 285
2 5 7 5.17025 0.496293 0.748545 0.140846 323
2 5 8 5.5 -2 0 0 316
2 5 9 5.5 -2 0 0 297
2 5 10 5.5 -2 0 0 358
2 5 11 5.5 -2 0 0 307
2 5 12 5.5 -2 0 0 286
2 5 13 5.5 -2 0 0 337
2 5 14 5.5 -2 0 0 207
2 5 15 4.7217 0.432266 0.795061 0.110384 330
2 5 16 5.5 -2 0 0 369
2 5 17 5.5 -2 0 0 235
2 5 18 5.5 -2 0 0 336
2 5 19 4.85962 0.453564 0.756687 0.0308887 505
2 5 20 5.5 -2 0 0 340
2 5 21 5.5 -2 0 0 309
2 5 22 5.5 -2 0 0 297
2 5 23 5.5 -2 0 0 302
2 5 24 0 -10 0 0 197
2 5 25 4.70002 0.381987 0.702798 0.233215 477
2 5 26 5.5 -2 0 0 275
2 5 27 5.5 -2 0 0 350
2 5 28 4.65275 0.394873 0.839765 0.249067 433
2 5 29 5.5 -2 0 0 272
2 5 30 5.5 -2 0 0 313
2 5 31 5.5 -2 0 0 691
2 5 32 4.86403 0.385512 0.863501 0.0729652 430
2 5 33 4.70365 0.426453 0.614868 0.243173 366
2 5 34 5.5 -2 0 0 333
2 5 35 5.5 -2 0 0 746
2 5 36 4.64206 0.439851 0.640434 0.106401 365
2 5 37 5.5 -2 0 0 348
2 5 38 5.5 -2 0 0 1039
2 5 39 5.5 -2 0 0 1005
2 5 40 5.5 -2 0 0 434
2 5 41 4.96007 0.44361 0.634877 0.271057 501
2 5 42 5.5 -2 0 0 333
2 5 43 5.5 -2 0 0 319
2 5 44 5.5 -2 0 0 646
2 5 45 4.69756 0.392973 0.71716 0.192437 586
2 5 46 5.5 -2 0 0 326
2 5 47 5.5 -2 0 0 1731
2 5 48 5.5 -2 0 0 421
2 5 49 5.5 -2 0 0 385
2 5 50 5.5 -2 0 0 620
2 5 51 4.67749 0.427291 0.823491 0.0645395 812
2 5 52 5.5 -2 0 0 385
2 5 53 5.5 -2 0 0 1460
2 5 54 5.5 -2 0 0 482
2 5 55 5.5 -2 0 0 505
2 5 56 5.5 -2 0 0 1068
2 5 57 5.5 -2 0 0 708
2 5 58 5.5 -2 0 0 481
2 5 59 5.5 -2 0 0 385
2 5 60 5.5 -2 0 0 1396
2 5 61 5.5 -2 0 0 499
2 5 62 5.5 -2 0 0 421
2 5 63 1.5 -2 0 0 428
2 6 0 5.22214 0.485977 0.768331 0.29549 355
2 6 1 5.5 -2 0 0 232
2 6 2 5.17112 -3 0 0 194
2 6 3 5.17112 -3 0 0 83
2 6 4 5.17112 -3 0 0 110
2 6 5 5.17112 -3 0 0 132
2 6 6 5.17112 -3 0 0 190
2 6 7 5.17112 -3 0 0 78
2 6 8 5.17112 -3 0 0 163
2 6 9 5.17112 -3 0 0 130
2 6 10 5.17112 -3 0 0 94
2 6 11 5.17112 -3 0 0 118
2 6 12 5.17112 -3 0 0 116
2 6 13 5.17112 -3 0 0 74
2 6 14 5.5 -2 0 0 223
2 6 15 5.17112 -3 0 0 72
2 6 16 5.17112 -3 0 0 121
2 6 17 5.17112 -3 0 0 124
2 6 18 5.17112 -3 0 0 86
2 6 19 5.17112 -3 0 0 68
2 6 20 5.17112 -3 0 0 89
2 6 21 5.17112 -3 0 0 142
2 6 22 5.17112 -3 0 0 75
2 6 23 5.17112 -3 0 0 98
2 6 24 5.17112 -3 0 0 191
2 6 25 5.17112 -3 0 0 69
2 6 26 5.17112 -3 0 0 172
2 6 27 5.17112 -3 0 0 65
2 6 28 5.17112 -3 0 0 71
2 6 29 5.17112 -3 0 0 103
2 6 30 5.17112 -3 0 0 66
2 6 31 5.17112 -3 0 0 48
2 6 32 5.17112 -3 0 0 59
2 6 33 5.17112 -3 0 0 62
2 6 34 5.17112 -3 0 0 159
2 6 35 5.17112 -3 0 0 48
2 6 36 5.17112 -3 0 0 74
2 6 37 5.17112 -3 0 0 68
2 6 38 5.17112 -3 0 0 41
2 6 39 5.17112 -3 0 0 59
2 6 40 5.17112 -3 0 0 54
2 6 41 5.17112 -3 0 0 60
2 6 42 5.17112 -3 0 0 66
2 6 43 5.17112 -3 0 0 107
2 6 44 5.17112 -3 0 0 39
2 6 45 5.17112 -3 0 0 55
2 6 46 5.17112 -3 0 0 127
2 6 47 5.17112 -3 0 0 40
2 6 48 5.17112 -3 0 0 51
2 6 49 5.17112 -3 0 0 65
2 6 50 5.17112 -3 0 0 49
2 6 51 5.17112 -3 0 0 59
2 6 52 5.17112 -3 0 0 77
2 6 53 5.17112 -3 0 0 57
2 6 54 5.17112 -3 0 0 72
2 6 55 5.17112 -3 0 0 69
2 6 56 5.17112 -3 0 0 46
2 6 57 5.17112 -3 0 0 57
2 6 58 5.17112 -3 0 0 59
2 6 59 5.17112 -3 0 0 75
2 6 60 5.17112 -3 0 0 47
2 6 61 5.17112 -3 0 0 101
2 6 62 5.17112 -3 0 0 90
2 6 63 5.17112 -3 0 0 67
2 7 0 4.82393 -3 0 0 93
2 7 1 4.82393 -3 0 0 56
2 7 2 4.82393 -3 0 0 72
2 7 3 4.82393 -3 0 0 79
2 7 4 4.82393 -3 0 0 80
2 7 5 4.82393 -3 0 0 99
2 7 6 4.82393 -3 0 0 64
2 7 7 4.82393 -3 0 0 93
2 7 8 4.82393 -3 0 0 74
2 7 9 4.82393 -3 0 0 76
2 7 10 4.82393 -3 0 0 82
2 7 11 4.82393 -3 0 0 117
2 7 12 4.82393 -3 0 0 84
2 7 13 4.82393 -3 0 0 103
2 7 14 4.82393 -3 0 0 87
2 7 15 4.82393 -3 0 0 118
2 7 16 4.82393 -3 0 0 78
2 7 17 4.82393 -3 0 0 124
2 7 18 4.82393 -3 0 0 101
2 7 19 4.82393 -3 0 0 118
2 7 20 4.82393 -3 0 0 114
2 7 21 4.82393 -3 0 0 87
2 7 22 4.82393 -3 0 0 70
2 7 23 4.82393 -3 0 0 133
2 7 24 4.82393 -3 0 0 92
2 7 25 4.82393 -3 0 0 159
2 7 26 4.82393 -3 0 0 90
2 7 27 4.82393 -3 0 0 141
2 7 28 4.82393 -3 0 0 123
2 7 29 4.82393 -3 0 0 110
2 7 30 4.82393 -3 0 0 112
2 7 31 4.82393 -3 0 0 196
2 7 32 4.82393 -3 0 0 138
2 7 33 4.82393 -3 0 0 176
2 7 34 4.82393 -3 0 0 126
2 7 35 5.31707 0.473815 0.803363 0.116741 249
2 7 36 4.82393 -3 0 0 153
2 7 37 4.82393 -3 0 0 127
2 7 38 5.5 -2 0 0 365
2 7 39 5.5 -2 0 0 482
2 7 40 4.82393 -3 0 0 137
2 7 41 5.5 -2 0 0 218
2 7 42 4.82393 -3 0 0 170
2 7 43 4.82393 -3 0 0 150
2 7 44 5.5 -2 0 0 320
2 7 45 5.04903 0.461153 0.682805 0.208734 220
2 7 46 4.82393 -3 0 0 162
2 7 47 5.00744 0.490656 0.916016 0.0457708 638
2 7 48 5.5 -2 0 0 201
2 7 49 4.82393 -3 0 0 152
2 7 50 5.2062 0.469857 0.797546 0.0486397 270
2 7 51 5.5 -2 0 0 323
2 7 52 4.82393 -3 0 0 155
2 7 53 5.5 -2 0 0 564
2 7 54 5.5 -2 0 0 340
2 7 55 5.5 -2 0 0 227
2 7 56 5.5 -2 0 0 457
2 7 57 5.5 -2 0 0 441
2 7 58 5.5 -2 0 0 283
2 7 59 4.82393 -3 0 0 176
2 7 60 5.5 -2 0 0 564
2 7 61 5.5 -2 0 0 339
2 7 62 5.5 -2 0 0 269
2 7 63 5.5 -2 0 0 229
2 8 0 0 -10 0 0 85
2 8 1 0 -10 0 0 64
2 8 2 0 -10 0 0 83
2 8 3 0 -10 0 0 81
2 8 4 0 -10 0 0 97
2 8 5 0 -10 0 0 80
2 8 6 0 -10 0 0 78
2 8 7 0 -10 0 0 141
2 8 8 0 -10 0 0 79
2 8 9 0 -10 0 0 112
2 8 10 0 -10 0 0 72
2 8 11 0 -10 0 0 89
2 8 12 0 -10 0 0 84
2 8 13 0 -10 0 0 135
2 8 14 0 -10 0 0 97
2 8 15 0 -10 0 0 110
2 8 16 0 -10 0 0 133
2 8 17 0 -10 0 0 97
2 8 18 0 -10 0 0 96
2 8 19 0 -10 0 0 165
2 8 20 0 -10 0 0 95
2 8 21 0 -10 0 0 89
2 8 22 0 -10 0 0 104
2 8 23 0 -10 0 0 75
2 8 24 0 -10 0 0 82
2 8 25 0 -10 0 0 1
2 8 26 0 -10 0 0 83
2 8 27 0 -10 0 0 132
2 8 28 0 -10 0 0 140
2 8 29 0 -10 0 0 111
2 8 30 0 -10 0 0 99
2 8 31 5.5 -2 0 0 272
2 8 32 0 -10 0 0 142
2 8 33 0 -10 0 0 153
2 8 34 0 -10 0 0 102
2 8 35 5.5 -2 0 0 314
2 8 36 0 -10 0 0 130
2 8 37 0 -10 0 0 94
2 8 38 5.5 -2 0 0 454
2 8 39 5.5 -2 0 0 364
2 8 40 0 -10 0 0 106
2 8 41 5.5 -2 0 0 234
2 8 42 0 -10 0 0 131
2 8 43 0 -10 0 0 96
2 8 44 5.5 -2 0 0 282
2 8 45 0 -10 0 0 187
2 8 46 0 -10 0 0 98
2 8 47 5.5 -2 0 0 737
2 8 48 0 -10 0 0 142
2 8 49 0 -10 0 0 121
2 8 50 5.5 -2 0 0 252
2 8 51 5.5 -2 0 0 211
2 8 52 0 -10 0 0 152
2 8 53 5.5 -2 0 0 520
2 8 54 5.5 -2 0 0 238
2 8 55 0 -10 0 0 160
2 8 56 5.5 -2 0 0 303
2 8 57 5.5 -2 0 0 278
2 8 58 5.5 -2 0 0 201
2 8 59 0 -10 0 0 129
2 8 60 5.5 -2 0 0 396
2 8 61 0 -10 0 0 190
2 8 62 0 -10 0 0 177
2 8 63 0 -10 0 0 175
2 9 0 0 -10 0 0 172
2 9 1 0 -10 0 0 125
2 9 2 0 -10 0 0 100
2 9 3 0 -10 0 0 44
2 9 4 0 -10 0 0 53
2 9 5 0 -10 0 0 57
2 9 6 0 -10 0 0 101
2 9 7 0 -10 0 0 48
2 9 8 0 -10 0 0 79
2 9 9 0 -10 0 0 70
2 9 10 0 -10 0 0 52
2 9 11 0 -10 0 0 64
2 9 12 0 -10 0 0 64
2 9 13 0 -10 0 0 45
2 9 14 0 -10 0 0 117
2 9 15 0 -10 0 0 39
2 9 16 0 -10 0 0 19
2 9 17 0 -10 0 0 59
2 9 18 0 -10 0 0 37
2 9 19 0 -10 0 0 25
2 9 20 0 -10 0 0 26
2 9 21 0 -10 0 0 62
2 9 22 0 -10 0 0 41
2 9 23 0 -10 0 0 55
2 9 24 0 -10 0 0 102
2 9 25 0 -10 0 0 37
2 9 26 0 -10 0 0 100
2 9 27 0 -10 0 0 27
2 9 28 0 -10 0 0 31
2 9 29 0 -10 0 0 71
2 9 30 0 -10 0 0 36
2 9 31 0 -10 0 0 30
2 9 32 0 -10 0 0 23
2 9 33 0 -10 0 0 27
2 9 34 0 -10 0 0 90
2 9 35 0 -10 0 0 30
2 9 36 0 -10 0 0 27
2 9 37 0 -10 0 0 54
2 9 38 0 -10 0 0 40
2 9 39 0 -10 0 0 42
2 9 40 0 -10 0 0 34
2 9 41 0 -10 0 0 36
2 9 42 0 -10 0 0 36
2 9 43 0 -10 0 0 64
2 9 44 0 -10 0 0 22
2 9 45 0 -10 0 0 25
2 9 46 0 -10 0 0 76
2 9 47 0 -10 0 0 27
2 9 48 0 -10 0 0 32
2 9 49 0 -10 0 0 26
2 9 50 0 -10 0 0 27
2 9 51 0 -10 0 0 26
2 9 52 0 -10 0 0 58
2 9 53 0 -10 0 0 23
2 9 54 0 -10 0 0 37
2 9 55 0 -10 0 0 61
2 9 56 0 -10 0 0 34
2 9 57 0 -10 0 0 35
2 9 58 0 -10 0 0 35
2 9 59 0 -10 0 0 73
2 9 60 0 -10 0 0 27
2 9 61 0 -10 0 0 76
2 9 62 0 -10 0 0 55
2 9 63 0 -10 0 0 51
2 10 0 0 -10 0 0 153
2 10 1 0 -10 0 0 144
2 10 2 0 -10 0 0 181
2 10 3 5.5 -2 0 0 308
2 10 4 0 -10 0 0 190
2 10 5 5.5 -2 0 0 230
2 10 6 5.5 -2 0 0 210
2 10 7 5.5 -2 0 0 620
2 10 8 0 -10 0 0 174
2 10 9 5.5 -2 0 0 301
2 10 10 5.5 -2 0 0 263
2 10 11 5.5 -2 0 0 201
2 10 12 5.5 -2 0 0 248
2 10 13 5.5 -2 0 0 447
2 10 14 0 -10 0 0 151
2 10 15 5.5 -2 0 0 311
2 10 16 5.5 -2 0 0 466
2 10 17 0 -10 0 0 162
2 10 18 5.5 -2 0 0 275
2 10 19 5.5 -2 0 0 653
2 10 20 5.5 -2 0 0 245
2 10 21 5.5 -2 0 0 265
2 10 22 5.5 -2 0 0 323
2 10 23 5.5 -2 0 0 201
2 10 24 0 -10 0 0 159
2 10 25 4.89352 0.376018 0.597673 0.0881373 893
2 10 26 0 -10 0 0 183
2 10 27 5.5 -2 0 0 365
2 10 28 5.5 -2 0 0 482
2 10 29 5.5 -2 0 0 210
2 10 30 5.5 -2 0 0 246
2 10 31 5.5 -2 0 0 1149
2 10 32 4.61856 0.405607 0.746528 0.113085 528
2 10 33 5.5 -2 0 0 402
2 10 34 0 -10 0 0 28
2 10 35 4.66932 0.258258 0.800614 0.0508543 1365
2 10 36 5.5 -2 0 0 315
2 10 37 0 -10 0 0 176
2 10 38 4.7289 0.288007 0.893054 0.0439571 1927
2 10 39 5.5 -2 0 0 659
2 10 40 5.5 -2 0 0 281
2 10 41 5.5 -2 0 0 644
2 10 42 5.5 -2 0 0 322
2 10 43 5.5 -2 0 0 243
2 10 44 5.5 -2 0 0 843
2 10 45 5.5 -2 0 0 590
2 10 46 0 -10 0 0 14
2 10 47 5.28816 0.281102 1.09518 0.0489398 3028
2 10 48 5.5 -2 0 0 363
2 10 49 5.5 -2 0 0 277
2 10 50 5.5 -2 0 0 580
2 10 51 4.66222 0.44795 0.782709 0.149933 272
2 10 52 5.5 -2 0 0 228
2 10 53 5.5 -2 0 0 441
2 10 54 5.5 -2 0 0 433
2 10 55 5.5 -2 0 0 266
2 10 56 5.5 -2 0 0 310
2 10 57 5.5 -2 0 0 361
2 10 58 5.5 -2 0 0 347
2 10 59 0 -10 0 0 191
2 10 60 5.5 -2 0 0 874
2 10 61 0 -10 0 0 163
2 10 62 5.5 -2 0 0 245
2 10 63 5.5 -2 0 0 328
2 11 0 5.5 -2 0 0 363
2 11 1 5.5 -2 0 0 304
2 11 2 5.5 -2 0 0 229
2 11 3 4.64211 -3 0 0 106
2 11 4 4.64211 -3 0 0 134
2 11 5 4.64211 -3 0 0 162
2 11 6 4.64211 -3 0 0 172
2 11 7 4.64211 -3 0 0 65
2 11 8 4.64211 -3 0 0 168
2 11 9 4.64211 -3 0 0 118
2 11 10 4.64211 -3 0 0 83
2 11 11 4.61314 0.438295 0.661422 0.263612 203
2 11 12 4.64211 -3 0 0 144
2 11 13 4.64211 -3 0 0 72
2 11 14 5.5 -2 0 0 350
2 11 15 4.64211 -3 0 0 81
2 11 16 4.64211 -3 0 0 80
2 11 17 5.5 -2 0 0 212
2 11 18 4.64211 -3 0 0 109
2 11 19 4.64211 -3 0 0 108
2 11 20 4.64211 -3 0 0 128
2 11 21 4.64211 -3 0 0 139
2 11 22 4.64211 -3 0 0 80
2 11 23 4.64211 -3 0 0 176
2 11 24 5.5 -2 0 0 230
2 11 25 4.64211 -3 0 0 94
2 11 26 5.5 -2 0 0 331
2 11 27 4.64211 -3 0 0 100
2 11 28 4.64211 -3 0 0 64
2 11 29 5.05225 0.493632 0.737841 0.317288 214
2 11 30 4.64211 -3 0 0 90
2 11 31 4.64211 -3 0 0 76
2 11 32 4.64211 -3 0 0 80
2 11 33 4.64211 -3 0 0 93
2 11 34 5.5 -2 0 0 332
2 11 35 4.64211 -3 0 0 63
2 11 36 4.64211 -3 0 0 87
2 11 37 4.64211 -3 0 0 129
2 11 38 4.64211 -3 0 0 79
2 11 39 4.64211 -3 0 0 101
2 11 40 4.64211 -3 0 0 94
2 11 41 4.64211 -3 0 0 70
2 11 42 4.64211 -3 0 0 107
2 11 43 4.64211 -3 0 0 195
2 11 44 4.64211 -3 0 0 55
2 11 45 4.64211 -3 0 0 79
2 11 46 5.5 -2 0 0 292
2 11 47 4.64211 -3 0 0 74
2 11 48 4.64211 -3 0 0 120
2 11 49 4.64211 -3 0 0 158
2 11 50 4.64211 -3 0 0 90
2 11 51 5.5 -2 0 0 204
2 11 52 4.64211 -3 0 0 167
2 11 53 4.64211 -3 0 0 85
2 11 54 4.64211 -3 0 0 84
2 11 55 4.64211 -3 0 0 175
2 11 56 4.64211 -3 0 0 115
2 11 57 4.64211 -3 0 0 165
2 11 58 4.64211 -3 0 0 110
2 11 59 5.5 -2 0 0 269
2 11 60 4.64211 -3 0 0 86
2 11 61 5.5 -2 0 0 224
2 11 62 5.5 -2 0 0 250
2 11 63 4.64211 -3 0 0 157
2 12 0 5.5 -2 0 0 299
2 12 1 5.5 -2 0 0 351
2 12 2 5.5 -2 0 0 451
2 12 3 5.5 -2 0 0 777
2 12 4 5.5 -2 0 0 282
2 12 5 5.5 -2 0 0 364
2 12 6 5.5 -2 0 0 470
2 12 7 4.77526 0.31102 0.920186 0.0225564 1929
2 12 8 5.5 -2 0 0 316
2 12 9 5.5 -2 0 0 872
2 12 10 4.67513 0.294782 0.889948 0.103869 1404
2 12 11 5.5 -2 0 0 270
2 12 12 5.5 -2 0 0 450
2 12 13 5.14348 0.399857 0.947509 0.225676 733
2 12 14 5.5 -2 0 0 228
2 12 15 5.5 -2 0 0 519
2 12 16 4.62954 0.262198 0.674143 0.027359 1529
2 12 17 5.5 -2 0 0 215
2 12 18 5.5 -2 0 0 418
2 12 19 4.99672 0.299219 0.78063 0.223791 1448
2 12 20 5.5 -2 0 0 260
2 12 21 5.5 -2 0 0 687
2 12 22 4.92474 0.387372 0.770707 0.0932971 826
2 12 23 0 -10 0 0 190
2 12 24 5.5 -2 0 0 249
2 12 25 4.80107 0.336573 0.858323 0.0656359 1140
2 12 26 0 -10 0 0 197
2 12 27 5.5 -2 0 0 382
2 12 28 4.64819 0.350643 0.68745 0.143199 633
2 12 29 0 -10 0 0 182
2 12 30 5.5 -2 0 0 277
2 12 31 4.90588 0.376131 0.762485 0.154844 900
2 12 32 5.5 -2 0 0 485
2 12 33 4.61747 0.372249 0.739852 0.0354686 337
2 12 34 0 -10 0 0 158
2 12 35 5.07737 0.346546 0.772343 0.0866282 705
2 12 36 4.99486 0.450842 0.668622 0.204311 255
2 12 37 0 -10 0 0 171
2 12 38 4.64058 0.416696 0.88379 0.133169 526
2 12 39 0 -10 0 0 197
2 12 40 5.5 -2 0 0 209
2 12 41 5.5 -2 0 0 387
2 12 42 0 -10 0 0 179
2 12 43 0 -10 0 0 180
2 12 44 5.5 -2 0 0 350
2 12 45 5.5 -2 0 0 309
2 12 46 0 -10 0 0 145
2 12 47 5.5 -2 0 0 514
2 12 48 4.59328 0.457 0.612265 0.0604562 268
2 12 49 0 -10 0 0 177
2 12 50 5.5 -2 0 0 257
2 12 51 0 -10 0 0 110
2 12 52 0 -10 0 0 146
2 12 53 5.5 -2 0 0 295
2 12 54 5.5 -2 0 0 208
2 12 55 0 -10 0 0 112
2 12 56 0 -10 0 0 198
2 12 57 0 -10 0 0 154
2 12 58 0 -10 0 0 177
2 12 59 0 -10 0 0 116
2 12 60 5.5 -2 0 0 246
2 12 61 0 -10 0 0 133
2 12 62 0 -10 0 0 121
2 12 63 0 -10 0 0 151
2 13 0 0 -10 0 0 159
2 13 1 0 -10 0 0 116
2 13 2 0 -10 0 0 118
2 13 3 0 -10 0 0 70
2 13 4 0 -10 0 0 90
2 13 5 0 -10 0 0 76
2 13 6 0 -10 0 0 99
2 13 7 0 -10 0 0 48
2 13 8 0 -10 0 0 118
2 13 9 0 -10 0 0 53
2 13 10 0 -10 0 0 49
2 13 11 0 -10 0 0 104
2 13 12 0 -10 0 0 74
2 13 13 0 -10 0 0 69
2 13 14 0 -10 0 0 186
2 13 15 0 -10 0 0 60
2 13 16 0 -10 0 0 65
2 13 17 0 -10 0 0 137
2 13 18 0 -10 0 0 72
2 13 19 0 -10 0 0 56
2 13 20 0 -10 0 0 77
2 13 21 0 -10 0 0 85
2 13 22 0 -10 0 0 59
2 13 23 0 -10 0 0 111
2 13 24 0 -10 0 0 133
2 13 25 0 -10 0 0 53
2 13 26 0 -10 0 0 185
2 13 27 0 -10 0 0 78
2 13 28 0 -10 0 0 58
2 13 29 0 -10 0 0 149
2 13 30 0 -10 0 0 69
2 13 31 0 -10 0 0 63
2 13 32 0 -10 0 0 44
2 13 33 0 -10 0 0 62
2 13 34 5.5 -2 0 0 212
2 13 35 0 -10 0 0 65
2 13 36 0 -10 0 0 88
2 13 37 0 -10 0 0 126
2 13 38 0 -10 0 0 56
2 13 39 0 -10 0 0 121
2 13 40 0 -10 0 0 84
2 13 41 0 -10 0 0 56
2 13 42 0 -10 0 0 122
2 13 43 0 -10 0 0 170
2 13 44 0 -10 0 0 74
2 13 45 0 -10 0 0 99
2 13 46 5.5 -2 0 0 241
2 13 47 0 -10 0 0 77
2 13 48 0 -10 0 0 71
2 13 49 0 -10 0 0 163
2 13 50 0 -10 0 0 102
2 13 51 5.5 -2 0 0 265
2 13 52 0 -10 0 0 185
2 13 53 0 -10 0 0 98
2 13 54 0 -10 0 0 132
2 13 55 5.5 -2 0 0 227
2 13 56 0 -10 0 0 156
2 13 57 0 -10 0 0 178
2 13 58 0 -10 0 0 131
2 13 59 1.5 -2 0 0 249
2 13 60 0 -10 0 0 122
2 13 61 1.5 -2 0 0 366
2 13 62 1.5 -2 0 0 285
2 13 63 0 -10 0 0 153
2 14 0 0 -10 0 0 163
2 14 1 0 -10 0 0 193
2 14 2 5.5 -2 0 0 248
2 14 3 5.5 -2 0 0 232
2 14 4 0 -10 0 0 119
2 14 5 0 -10 0 0 197
2 14 6 5.5 -2 0 0 274
2 14 7 5.5 -2 0 0 364
2 14 8 0 -10 0 0 167
2 14 9 5.5 -2 0 0 388
2 14 10 5.5 -2 0 0 518
2 14 11 0 -10 0 0 123
2 14 12 5.5 -2 0 0 225
2 14 13 5.5 -2 0 0 209
2 14 14 0 -10 0 0 142
2 14 15 0 -10 0 0 183
2 14 16 5.5 -2 0 0 699
2 14 17 0 -10 0 0 133
2 14 18 0 -10 0 0 171
2 14 19 5.5 -2 0 0 322
2 14 20 0 -10 0 0 130
2 14 21 5.5 -2 0 0 383
2 14 22 5.5 -2 0 0 276
2 14 23 0 -10 0 0 84
2 14 24 0 -10 0 0 141
2 14 25 5.5 -2 0 0 261
2 14 26 0 -10 0 0 120
2 14 27 0 -10 0 0 153
2 14 28 0 -10 0 0 169
2 14 29 0 -10 0 0 93
2 14 30 0 -10 0 0 137
2 14 31 0 -10 0 0 168
2 14 32 0 -10 0 0 106
2 14 33 0 -10 0 0 101
2 14 34 0 -10 0 0 108
2 14 35 0 -10 0 0 142
2 14 36 0 -10 0 0 101
2 14 37 0 -10 0 0 89
2 14 38 0 -10 0 0 122
2 14 39 0 -10 0 0 69
2 14 40 0 -10 0 0 107
2 14 41 0 -10 0 0 113
2 14 42 0 -10 0 0 91
2 14 43 0 -10 0 0 95
2 14 44 0 -10 0 0 78
2 14 45 0 -10 0 0 87
2 14 46 0 -10 0 0 88
2 14 47 0 -10 0 0 23
2 14 48 0 -10 0 0 96
2 14 49 0 -10 0 0 84
2 14 50 0 -10 0 0 102
2 14 51 0 -10 0 0 48
2 14 52 0 -10 0 0 73
2 14 53 0 -10 0 0 81
2 14 54 0 -10 0 0 79
2 14 55 0 -10 0 0 73
2 14 56 0 -10 0 0 78
2 14 57 0 -10 0 0 52
2 14 58 0 -10 0 0 68
2 14 59 0 -10 0 0 90
2 14 60 0 -10 0 0 76
2 14 61 0 -10 0 0 58
2 14 62 0 -10 0 0 65
2 14 63 0 -10 0 0 80
2 15 0 0 -10 0 0 63
2 15 1 0 -10 0 0 56
2 15 2 0 -10 0 0 32
2 15 3 0 -10 0 0 43
2 15 4 0 -10 0 0 45
2 15 5 0 -10 0 0 26
2 15 6 0 -10 0 0 38
2 15 7 0 -10 0 0 29
2 15 8 0 -10 0 0 48
2 15 9 0 -10 0 0 31
2 15 10 0 -10 0 0 45
2 15 11 0 -10 0 0 66
2 15 12 0 -10 0 0 42
2 15 13 0 -10 0 0 41
2 15 14 0 -10 0 0 73
2 15 15 0 -10 0 0 51
2 15 16 0 -10 0 0 20
2 15 17 0 -10 0 0 58
2 15 18 0 -10 0 0 53
2 15 19 0 -10 0 0 35
2 15 20 0 -10 0 0 40
2 15 21 0 -10 0 0 40
2 15 22 0 -10 0 0 29
2 15 23 0 -10 0 0 49
2 15 24 0 -10 0 0 54
2 15 25 0 -10 0 0 48
2 15 26 0 -10 0 0 71
2 15 27 0 -10 0 0 45
2 15 28 0 -10 0 0 42
2 15 29 0 -10 0 0 66
2 15 30 0 -10 0 0 54
2 15 31 0 -10 0 0 45
2 15 32 0 -10 0 0 41
2 15 33 0 -10 0 0 36
2 15 34 0 -10 0 0 112
2 15 35 0 -10 0 0 42
2 15 36 0 -10 0 0 41
2 15 37 0 -10 0 0 63
2 15 38 0 -10 0 0 52
2 15 39 0 -10 0 0 90
2 15 40 0 -10 0 0 51
2 15 41 0 -10 0 0 54
2 15 42 0 -10 0 0 59
2 15 43 0 -10 0 0 86
2 15 44 0 -10 0 0 59
2 15 45 0 -10 0 0 49
2 15 46 0 -10 0 0 118
2 15 47 0 -10 0 0 56
2 15 48 0 -10 0 0 64
2 15 49 0 -10 0 0 92
2 15 50 0 -10 0 0 64
2 15 51 0 -10 0 0 157
2 15 52 0 -10 0 0 97
2 15 53 0 -10 0 0 69
2 15 54 0 -10 0 0 61
2 15 55 0 -10 0 0 111
2 15 56 0 -10 0 0 98
2 15 57 0 -10 0 0 114
2 15 58 0 -10 0 0 81
2 15 59 0 -10 0 0 112
2 15 60 0 -10 0 0 94
2 15 61 0 -10 0 0 182
2 15 62 0 -10 0 0 126
2 15 63 0 -10 0 0 92
3 0 0 0 -10 0 0 103
3 0 1 0 -10 0 0 80
3 0 2 0 -10 0 0 74
3 0 3 0 -10 0 0 63
3 0 4 0 -10 0 0 84
3 0 5 0 -10 0 0 64
3 0 6 0 -10 0 0 72
3 0 7 0 -10 0 0 69
3 0 8 0 -10 0 0 69
3 0 9 0 -10 0 0 46
3 0 10 0 -10 0 0 61
3 0 11 0 -10 0 0 95
3 0 12 0 -10 0 0 62
3 0 13 0 -10 0 0 43
3 0 14 0 -10 0 0 111
3 0 15 0 -10 0 0 56
3 0 16 0 -10 0 0 42
3 0 17 0 -10 0 0 120
3 0 18 0 -10 0 0 67
3 0 19 0 -10 0 0 68
3 0 20 0 -10 0 0 71
3 0 21 0 -10 0 0 70
3 0 22 0 -10 0 0 38
3 0 23 0 -10 0 0 108
3 0 24 0 -10 0 0 91
3 0 25 0 -10 0 0 78
3 0 26 0 -10 0 0 130
3 0 27 0 -10 0 0 79
3 0 28 0 -10 0 0 59
3 0 29 0 -10 0 0 125
3 0 30 0 -10 0 0 58
3 0 31 0 -10 0 0 75
3 0 32 0 -10 0 0 101
3 0 33 0 -10 0 0 80
3 0 34 5.5 -2 0 0 208
3 0 35 0 -10 0 0 83
3 0 36 0 -10 0 0 100
3 0 37 0 -10 0 0 120
3 0 38 0 -10 0 0 91
3 0 39 0 -10 0 0 172
3 0 40 0 -10 0 0 87
3 0 41 0 -10 0 0 99
3 0 42 0 -10 0 0 145
3 0 43 0 -10 0 0 173
3 0 44 0 -10 0 0 94
3 0 45 0 -10 0 0 98
3 0 46 5.5 -2 0 0 211
3 0 47 0 -10 0 0 127
3 0 48 0 -10 0 0 101
3 0 49 0 -10 0 0 125
3 0 50 0 -10 0 0 96
3 0 51 5.5 -2 0 0 300
3 0 52 0 -10 0 0 179
3 0 53 0 -10 0 0 149
3 0 54 0 -10 0 0 131
3 0 55 5.5 -2 0 0 233
3 0 56 5.5 -2 0 0 216
3 0 57 5.5 -2 0 0 250
3 0 58 0 -10 0 0 151
3 0 59 5.5 -2 0 0 225
3 0 60 0 -10 0 0 176
3 0 61 5.5 -2 0 0 405
3 0 62 5.5 -2 0 0 338
3 0 63 5.5 -2 0 0 201
3 1 0 5.5 -2 0 0 412
3 1 1 5.5 -2 0 0 512
3 1 2 5.5 -2 0 0 582
3 1 3 5.5 -2 0 0 379
3 1 4 5.5 -2 0 0 214
3 1 5 5.5 -2 0 0 317
3 1 6 5.5 -2 0 0 617
3 1 7 5.5 -2 0 0 456
3 1 8 5.5 -2 0 0 300
3 1 9 5.5 -2 0 0 597
3 1 10 5.5 -2 0 0 650
3 1 11 5.5 -2 0 0 228
3 1 12 5.5 -2 0 0 319
3 1 13 5.5 -2 0 0 293
3 1 14 5.5 -2 0 0 256
3 1 15 4.93605 0.473335 0.556853 0.32611 254
3 1 16 4.73752 0.384493 0.944627 0.0393738 833
3 1 17 5.5 -2 0 0 250
3 1 18 5.5 -2 0 0 244
3 1 19 5.5 -2 0 0 332
3 1 20 0 -10 0 0 187
3 1 21 5.5 -2 0 0 597
3 1 22 5.5 -2 0 0 320
3 1 23 0 -10 0 0 158
3 1 24 5.5 -2 0 0 293
3 1 25 5.5 -2 0 0 278
3 1 26 5.5 -2 0 0 212
3 1 27 0 -10 0 0 157
3 1 28 5.5 -2 0 0 210
3 1 29 0 -10 0 0 144
3 1 30 0 -10 0 0 188
3 1 31 0 -10 0 0 180
3 1 32 0 -10 0 0 152
3 1 33 0 -10 0 0 145
3 1 34 0 -10 0 0 169
3 1 35 0 -10 0 0 134
3 1 36 0 -10 0 0 113
3 1 37 0 -10 0 0 132
3 1 38 0 -10 0 0 122
3 1 39 0 -10 0 0 100
3 1 40 0 -10 0 0 128
3 1 41 0 -10 0 0 113
3 1 42 0 -10 0 0 101
3 1 43 0 -10 0 0 118
3 1 44 0 -10 0 0 93
3 1 45 0 -10 0 0 152
3 1 46 0 -10 0 0 165
3 1 47 0 -10 0 0 107
3 1 48 0 -10 0 0 141
3 1 49 0 -10 0 0 98
3 1 50 0 -10 0 0 113
3 1 51 0 -10 0 0 91
3 1 52 0 -10 0 0 101
3 1 53 0 -10 0 0 106
3 1 54 0 -10 0 0 83
3 1 55 0 -10 0 0 79
3 1 56 0 -10 0 0 63
3 1 57 0 -10 0 0 99
3 1 58 0 -10 0 0 82
3 1 59 0 -10 0 0 96
3 1 60 0 -10 0 0 84
3 1 61 0 -10 0 0 84
3 1 62 0 -10 0 0 98
3 1 63 0 -10 0 0 75
3 2 0 5.5 -2 0 0 419
3 2 1 5.5 -2 0 0 287
3 2 2 5.5 -2 0 0 270
3 2 3 0 -10 0 0 112
3 2 4 5.5 -2 0 0 269
3 2 5 0 -10 0 0 193
3 2 6 5.5 -2 0 0 206
3 2 7 0 -10 0 0 105
3 2 8 5.5 -2 0 0 204
3 2 9 0 -10 0 0 147
3 2 10 0 -10 0 0 115
3 2 11 5.5 -2 0 0 341
3 2 12 0 -10 0 0 174
3 2 13 0 -10 0 0 107
3 2 14 4.6696 0.36504 0.863871 0.107229 568
3 2 15 0 -10 0 0 134
3 2 16 0 -10 0 0 83
3 2 17 5.5 -2 0 0 396
3 2 18 0 -10 0 0 148
3 2 19 0 -10 0 0 147
3 2 20 5.5 -2 0 0 235
3 2 21 5.5 -2 0 0 209
3 2 22 0 -10 0 0 116
3 2 23 5.5 -2 0 0 267
3 2 24 5.5 -2 0 0 278
3 2 25 0 -10 0 0 102
3 2 26 5.5 -2 0 0 660
3 2 27 0 -10 0 0 149
3 2 28 0 -10 0 0 169
3 2 29 5.5 -2 0 0 422
3 2 30 0 -10 0 0 173
3 2 31 0 -10 0 0 137
3 2 32 0 -10 0 0 145
3 2 33 0 -10 0 0 195
3 2 34 4.61852 0.345259 0.88409 0.04347 563
3 2 35 0 -10 0 0 138
3 2 36 0 -10 0 0 195
3 2 37 4.78629 0.383784 0.991514 0.0474624 416
3 2 38 0 -10 0 0 161
3 2 39 5.5 -2 0 0 302
3 2 40 5.5 -2 0 0 242
3 2 41 0 -10 0 0 145
3 2 42 5.5 -2 0 0 356
3 2 43 5.5 -2 0 0 482
3 2 44 0 -10 0 0 139
3 2 45 0 -10 0 0 162
3 2 46 4.73546 0.428312 0.674982 0.141509 797
3 2 47 0 -10 0 0 171
3 2 48 5.5 -2 0 0 273
3 2 49 5.5 -2 0 0 400
3 2 50 0 -10 0 0 193
3 2 51 5.5 -2 0 0 752
3 2 52 5.5 -2 0 0 591
3 2 53 0 -10 0 0 190
3 2 54 5.5 -2 0 0 214
3 2 55 5.5 -2 0 0 553
3 2 56 5.5 -2 0 0 393
3 2 57 5.5 -2 0 0 595
3 2 58 5.5 -2 0 0 345
3 2 59 5.5 -2 0 0 929
3 2 60 0 -10 0 0 200
3 2 61 5.5 -2 0 0 1524
3 2 62 5.5 -2 0 0 997
3 2 63 5.5 -2 0 0 398
3 3 0 5.5 -2 0 0 580
3 3 1 5.33712 0.488831 0.653912 0.158478 562
3 3 2 5.5 -2 0 0 501
3 3 3 4.81165 0.380532 0.828031 0.144532 548
3 3 4 5.02406 0.432837 0.703616 0.181612 259
3 3 5 4.86845 0.441833 0.813356 0.0929454 358
3 3 6 4.84263 0.388906 0.859802 0.172937 688
3 3 7 5.5 -2 0 0 801
3 3 8 5.5 -2 0 0 338
3 3 9 5.5 -2 0 0 757
3 3 10 5.26721 0.302326 1.19553 0.114233 1208
3 3 11 5.5 -2 0 0 259
3 3 12 5.5 -2 0 0 424
3 3 13 5.14209 0.392335 0.834319 0.145842 472
3 3 14 5.5 -2 0 0 323
3 3 15 5.5 -2 0 0 354
3 3 16 5.58869 0.268028 1.2251 0.312246 1704
3 3 17 5.72885 0.36721 0.789096 0.431545 258
3 3 18 5.5 -2 0 0 259
3 3 19 5.00676 0.407077 0.754534 0.126229 510
3 3 20 5.04705 -3 0 0 165
3 3 21 5.57524 0.440655 1.18634 0.182101 911
3 3 22 5.29035 0.363111 0.674884 0.266461 438
3 3 23 5.04705 -3 0 0 194
3 3 24 5.59066 0.360677 0.838595 0.0781401 292
3 3 25 5.87883 0.394225 0.809797 0.19177 515
3 3 26 6.12501 0.450941 0.784519 0.0345453 233
3 3 27 5.89962 0.522383 0.498748 0.245719 233
3 3 28 5.86404 0.489048 0.675145 0.166767 286
3 3 29 4.99842 0.412401 0.861107 0.0904575 205
3 3 30 5.49123 0.454591 0.998422 0.195362 203
3 3 31 5.69395 0.405425 1.04573 0.0537394 452
3 3 32 5.0863 0.433149 0.734929 0.263966 285
3 3 33 5.05654 0.483737 0.784943 0.314261 277
3 3 34 5.5 -2 0 0 220
3 3 35 5.54979 0.492173 0.898778 0.197031 350
3 3 36 5.5 -2 0 0 292
3 3 37 5.04705 -3 0 0 198
3 3 38 5.71675 0.444242 1.08692 0.0693631 335
3 3 39 5.04705 -3 0 0 167
3 3 40 5.04705 -3 0 0 166
3 3 41 5.62372 0.494616 0.857897 0.17463 271
3 3 42 5.04705 -3 0 0 164
3 3 43 5.04705 -3 0 0 160
3 3 44 5.5 -2 0 0 275
3 3 45 5.04705 -3 0 0 178
3 3 46 5.03534 0.485582 0.931707 0.206938 219
3 3 47 5.22438 0.415549 0.9507 0.106269 271
3 3 48 5.04705 -3 0 0 178
3 3 49 4.95293 0.463292 0.790498 0.187979 205
3 3 50 5.04705 -3 0 0 195
3 3 51 5.04705 -3 0 0 161
3 3 52 5.5 -2 0 0 212
3 3 53 5.5 -2 0 0 212
3 3 54 5.5 -2 0 0 230
3 3 55 5.04705 -3 0 0 184
3 3 56 5.04705 -3 0 0 162
3 3 57 5.5 -2 0 0 207
3 3 58 5.04705 -3 0 0 200
3 3 59 5.5 -2 0 0 211
3 3 60 5.5 -2 0 0 217
3 3 61 5.04705 -3 0 0 155
3 3 62 5.04705 -3 0 0 194
3 3 63 5.04705 -3 0 0 160
3 4 0 5.5 -2 0 0 1477
3 4 1 5.5 -2 0 0 820
3 4 2 5.5 -2 0 0 618
3 4 3 0 -10 0 0 154
3 4 4 5.5 -2 0 0 273
3 4 5 5.5 -2 0 0 345
3 4 6 5.5 -2 0 0 325
3 4 7 0 -10 0 0 144
3 4 8 5.5 -2 0 0 422
3 4 9 5.5 -2 0 0 254
3 4 10 5.5 -2 0 0 212
3 4 11 5.5 -2 0 0 418
3 4 12 0 -10 0 0 196
3 4 13 0 -10 0 0 186
3 4 14 5.5 -2 0 0 1125
3 4 15 0 -10 0 0 150
3 4 16 0 -10 0 0 138
3 4 17 5.5 -2 0 0 556
3 4 18 5.5 -2 0 0 202
3 4 19 0 -10 0 0 144
3 4 20 0 -10 0 0 196
3 4 21 5.5 -2 0 0 278
3 4 22 5.5 -2 0 0 215
3 4 23 5.5 -2 0 0 314
3 4 24 5.5 -2 0 0 655
3 4 25 0 -10 0 0 142
3 4 26 5.5 -2 0 0 912
3 4 27 0 -10 0 0 128
3 4 28 0 -10 0 0 99
3 4 29 5.5 -2 0 0 486
3 4 30 4.67553 0.457077 0.674481 0.311585 208
3 4 31 0 -10 0 0 102
3 4 32 0 -10 0 0 118
3 4 33 0 -10 0 0 114
3 4 34 5.5 -2 0 0 645
3 4 35 0 -10 0 0 116
3 4 36 0 -10 0 0 176
3 4 37 5.5 -2 0 0 280
3 4 38 0 -10 0 0 117
3 4 39 0 -10 0 0 158
3 4 40 5.5 -2 0 0 204
3 4 41 0 -10 0 0 109
3 4 42 0 -10 0 0 176
3 4 43 5.5 -2 0 0 474
3 4 44 0 -10 0 0 119
3 4 45 0 -10 0 0 141
3 4 46 5.5 -2 0 0 639
3 4 47 0 -10 0 0 78
3 4 48 0 -10 0 0 129
3 4 49 5.5 -2 0 0 290
3 4 50 0 -10 0 0 137
3 4 51 5.5 -2 0 0 281
3 4 52 5.5 -2 0 0 310
3 4 53 0 -10 0 0 95
3 4 54 0 -10 0 0 156
3 4 55 5.5 -2 0 0 270
3 4 56 1.5 -2 0 0 235
3 4 57 5.5 -2 0 0 302
3 4 58 1.5 -2 0 0 205
3 4 59 5.5 -2 0 0 454
3 4 60 0 -10 0 0 145
3 4 61 5.5 -2 0 0 437
3 4 62 1.5 -2 0 0 433
3 4 63 1.5 -2 0 0 209
3 5 0 5.5 -2 0 0 239
3 5 1 5.5 -2 0 0 204
3 5 2 5.5 -2 0 0 246
3 5 3 5.5 -2 0 0 242
3 5 4 5.5 -2 0 0 256
3 5 5 5.5 -2 0 0 203
3 5 6 5.5 -2 0 0 239
3 5 7 5.5 -2 0 0 251
3 5 8 5.5 -2 0 0 255
3 5 9 5.5 -2 0 0 307
3 5 10 5.5 -2 0 0 265
3 5 11 5.5 -2 0 0 221
3 5 12 5.5 -2 0 0 217
3 5 13 5.5 -2 0 0 304
3 5 14 0 -10 0 0 165
3 5 15 5.5 -2 0 0 252
3 5 16 5.5 -2 0 0 370
3 5 17 5.5 -2 0 0 203
3 5 18 5.5 -2 0 0 234
3 5 19 5.5 -2 0 0 475
3 5 20 5.5 -2 0 0 324
3 5 21 5.5 -2 0 0 280
3 5 22 5.5 -2 0 0 301
3 5 23 5.5 -2 0 0 274
3 5 24 5.5 -2 0 0 211
3 5 25 4.73537 0.305645 0.854739 0.0738868 466
3 5 26 5.5 -2 0 0 227
3 5 27 5.5 -2 0 0 356
3 5 28 5.5 -2 0 0 289
3 5 29 5.5 -2 0 0 245
3 5 30 5.5 -2 0 0 338
3 5 31 5.5 -2 0 0 552
3 5 32 5.5 -2 0 0 359
3 5 33 5.5 -2 0 0 350
3 5 34 4.75852 0.418773 0.819198 0.185328 283
3 5 35 5.5 -2 0 0 869
3 5 36 5.5 -2 0 0 349
3 5 37 5.5 -2 0 0 370
3 5 38 5.5 -2 0 0 724
3 5 39 5.5 -2 0 0 1388
3 5 40 5.5 -2 0 0 383
3 5 41 5.5 -2 0 0 340
3 5 42 5.5 -2 0 0 336
3 5 43 5.5 -2 0 0 329
3 5 44 5.5 -2 0 0 738
3 5 45 5.5 -2 0 0 355
3 5 46 5.5 -2 0 0 311
3 5 47 5.5 -2 0 0 1589
3 5 48 5.5 -2 0 0 452
3 5 49 5.5 -2 0 0 279
3 5 50 5.5 -2 0 0 772
3 5 51 5.5 -2 0 0 727
3 5 52 5.5 -2 0 0 311
3 5 53 5.5 -2 0 0 940
3 5 54 5.5 -2 0 0 360
3 5 55 5.5 -2 0 0 380
3 5 56 5.5 -2 0 0 839
3 5 57 5.5 -2 0 0 706
3 5 58 5.5 -2 0 0 471
3 5 59 1.5 -2 0 0 375
3 5 60 5.5 -2 0 0 777
3 5 61 1.5 -2 0 0 605
3 5 62 1.5 -2 0 0 436
3 5 63 1.5 -2 0 0 363
3 6 0 5.5 -2 0 0 454
3 6 1 5.5 -2 0 0 300
3 6 2 5.5 -2 0 0 253
3 6 3 0 -10 0 0 126
3 6 4 0 -10 0 0 144
3 6 5 0 -10 0 0 181
3 6 6 5.5 -2 0 0 289
3 6 7 0 -10 0 0 101
3 6 8 0 -10 0 0 192
3 6 9 0 -10 0 0 145
3 6 10 0 -10 0 0 140
3 6 11 0 -10 0 0 124
3 6 12 0 -10 0 0 184
3 6 13 0 -10 0 0 66
3 6 14 5.5 -2 0 0 376
3 6 15 0 -10 0 0 94
3 6 16 0 -10 0 0 147
3 6 17 5.5 -2 0 0 210
3 6 18 0 -10 0 0 99
3 6 19 0 -10 0 0 95
3 6 20 0 -10 0 0 121
3 6 21 0 -10 0 0 171
3 6 22 0 -10 0 0 122
3 6 23 0 -10 0 0 134
3 6 24 5.5 -2 0 0 240
3 6 25 0 -10 0 0 86
3 6 26 5.5 -2 0 0 231
3 6 27 0 -10 0 0 77
3 6 28 0 -10 0 0 61
3 6 29 0 -10 0 0 169
3 6 30 0 -10 0 0 77
3 6 31 0 -10 0 0 80
3 6 32 0 -10 0 0 55
3 6 33 0 -10 0 0 48
3 6 34 0 -10 0 0 182
3 6 35 0 -10 0 0 48
3 6 36 0 -10 0 0 61
3 6 37 0 -10 0 0 79
3 6 38 0 -10 0 0 42
3 6 39 0 -10 0 0 46
3 6 40 0 -10 0 0 75
3 6 41 0 -10 0 0 65
3 6 42 0 -10 0 0 107
3 6 43 0 -10 0 0 163
3 6 44 0 -10 0 0 56
3 6 45 0 -10 0 0 74
3 6 46 0 -10 0 0 171
3 6 47 0 -10 0 0 50
3 6 48 0 -10 0 0 67
3 6 49 0 -10 0 0 80
3 6 50 0 -10 0 0 46
3 6 51 0 -10 0 0 60
3 6 52 0 -10 0 0 101
3 6 53 0 -10 0 0 56
3 6 54 0 -10 0 0 70
3 6 55 0 -10 0 0 99
3 6 56 0 -10 0 0 60
3 6 57 0 -10 0 0 71
3 6 58 0 -10 0 0 65
3 6 59 0 -10 0 0 151
3 6 60 0 -10 0 0 61
3 6 61 0 -10 0 0 101
3 6 62 0 -10 0 0 83
3 6 63 0 -10 0 0 85
3 7 0 0 -10 0 0 67
3 7 1 0 -10 0 0 78
3 7 2 0 -10 0 0 65
3 7 3 0 -10 0 0 120
3 7 4 0 -10 0 0 88
3 7 5 0 -10 0 0 82
3 7 6 0 -10 0 0 94
3 7 7 0 -10 0 0 86
3 7 8 0 -10 0 0 66
3 7 9 0 -10 0 0 77
3 7 10 0 -10 0 0 66
3 7 11 0 -10 0 0 82
3 7 12 0 -10 0 0 76
3 7 13 0 -10 0 0 105
3 7 14 0 -10 0 0 68
3 7 15 0 -10 0 0 96
3 7 16 0 -10 0 0 86
3 7 17 0 -10 0 0 98
3 7 18 0 -10 0 0 99
3 7 19 0 -10 0 0 166
3 7 20 0 -10 0 0 156
3 7 21 0 -10 0 0 97
3 7 22 0 -10 0 0 91
3 7 23 0 -10 0 0 105
3 7 24 0 -10 0 0 116
3 7 25 0 -10 0 0 142
3 7 26 0 -10 0 0 123
3 7 27 0 -10 0 0 129
3 7 28 0 -10 0 0 128
3 7 29 0 -10 0 0 107
3 7 30 0 -10 0 0 119
3 7 31 0 -10 0 0 183
3 7 32 0 -10 0 0 186
3 7 33 0 -10 0 0 189
3 7 34 0 -10 0 0 160
3 7 35 5.5 -2 0 0 312
3 7 36 0 -10 0 0 173
3 7 37 0 -10 0 0 167
3 7 38 5.5 -2 0 0 392
3 7 39 5.5 -2 0 0 704
3 7 40 0 -10 0 0 159
3 7 41 5.5 -2 0 0 264
3 7 42 5.10113 0.47563 0.887304 0.123611 258
3 7 43 0 -10 0 0 157
3 7 44 5.5 -2 0 0 395
3 7 45 5.5 -2 0 0 271
3 7 46 0 -10 0 0 156
3 7 47 5.5 -2 0 0 792
3 7 48 5.5 -2 0 0 252
3 7 49 0 -10 0 0 198
3 7 50 5.5 -2 0 0 310
3 7 51 5.5 -2 0 0 530
3 7 52 0 -10 0 0 176
3 7 53 5.5 -2 0 0 725
3 7 54 5.5 -2 0 0 343
3 7 55 5.5 -2 0 0 260
3 7 56 5.5 -2 0 0 555
3 7 57 5.5 -2 0 0 536
3 7 58 5.5 -2 0 0 306
3 7 59 5.5 -2 0 0 230
3 7 60 5.5 -2 0 0 710
3 7 61 5.5 -2 0 0 407
3 7 62 5.5 -2 0 0 273
3 7 63 1.5 -2 0 0 331
3 8 0 0 -10 0 0 72
3 8 1 0 -10 0 0 66
3 8 2 0 -10 0 0 76
3 8 3 0 -10 0 0 104
3 8 4 0 -10 0 0 109
3 8 5 0 -10 0 0 99
3 8 6 0 -10 0 0 71
3 8 7 0 -10 0 0 144
3 8 8 0 -10 0 0 84
3 8 9 0 -10 0 0 103
3 8 10 0 -10 0 0 100
3 8 11 0 -10 0 0 101
3 8 12 0 -10 0 0 106
3 8 13 0 -10 0 0 141
3 8 14 0 -10 0 0 83
3 8 15 0 -10 0 0 119
3 8 16 0 -10 0 0 109
3 8 17 0 -10 0 0 110
3 8 18 0 -10 0 0 113
3 8 19 0 -10 0 0 169
3 8 20 0 -10 0 0 89
3 8 21 0 -10 0 0 70
3 8 22 0 -10 0 0 99
3 8 23 0 -10 0 0 117
3 8 24 0 -10 0 0 87
3 8 25 4.6309 0.4551 0.791059 0.238795 207
3 8 26 0 -10 0 0 82
3 8 27 0 -10 0 0 129
3 8 28 0 -10 0 0 175
3 8 29 0 -10 0 0 120
3 8 30 0 -10 0 0 92
3 8 31 5.5 -2 0 0 226
3 8 32 0 -10 0 0 179
3 8 33 0 -10 0 0 179
3 8 34 0 -10 0 0 133
3 8 35 5.5 -2 0 0 332
3 8 36 0 -10 0 0 159
3 8 37 0 -10 0 0 117
3 8 38 5.5 -2 0 0 581
3 8 39 5.5 -2 0 0 339
3 8 40 0 -10 0 0 123
3 8 41 5.5 -2 0 0 311
3 8 42 0 -10 0 0 170
3 8 43 0 -10 0 0 127
3 8 44 4.67487 0.449521 0.791176 0.0450405 316
3 8 45 5.5 -2 0 0 237
3 8 46 0 -10 0 0 119
3 8 47 4.59875 0.386334 0.869169 0.0400244 854
3 8 48 5.5 -2 0 0 209
3 8 49 0 -10 0 0 160
3 8 50 5.5 -2 0 0 306
3 8 51 5.5 -2 0 0 254
3 8 52 0 -10 0 0 129
3 8 53 5.5 -2 0 0 589
3 8 54 5.5 -2 0 0 296
3 8 55 0 -10 0 0 200
3 8 56 5.5 -2 0 0 404
3 8 57 5.5 -2 0 0 269
3 8 58 5.5 -2 0 0 205
3 8 59 0 -10 0 0 139
3 8 60 5.5 -2 0 0 443
3 8 61 0 -10 0 0 192
3 8 62 0 -10 0 0 165
3 8 63 0 -10 0 0 195
3 9 0 5.5 -2 0 0 201
3 9 1 0 -10 0 0 140
3 9 2 0 -10 0 0 132
3 9 3 0 -10 0 0 63
3 9 4 0 -10 0 0 59
3 9 5 0 -10 0 0 59
3 9 6 0 -10 0 0 110
3 9 7 0 -10 0 0 55
3 9 8 0 -10 0 0 89
3 9 9 0 -10 0 0 81
3 9 10 0 -10 0 0 41
3 9 11 0 -10 0 0 102
3 9 12 0 -10 0 0 71
3 9 13 0 -10 0 0 50
3 9 14 0 -10 0 0 148
3 9 15 0 -10 0 0 50
3 9 16 0 -10 0 0 36
3 9 17 0 -10 0 0 105
3 9 18 0 -10 0 0 63
3 9 19 0 -10 0 0 44
3 9 20 0 -10 0 0 55
3 9 21 0 -10 0 0 82
3 9 22 0 -10 0 0 44
3 9 23 0 -10 0 0 60
3 9 24 0 -10 0 0 142
3 9 25 0 -10 0 0 42
3 9 26 0 -10 0 0 112
3 9 27 0 -10 0 0 40
3 9 28 0 -10 0 0 28
3 9 29 0 -10 0 0 74
3 9 30 0 -10 0 0 55
3 9 31 0 -10 0 0 31
3 9 32 0 -10 0 0 26
3 9 33 0 -10 0 0 28
3 9 34 0 -10 0 0 110
3 9 35 0 -10 0 0 30
3 9 36 0 -10 0 0 42
3 9 37 0 -10 0 0 50
3 9 38 0 -10 0 0 30
3 9 39 0 -10 0 0 35
3 9 40 0 -10 0 0 55
3 9 41 0 -10 0 0 27
3 9 42 0 -10 0 0 46
3 9 43 0 -10 0 0 88
3 9 44 0 -10 0 0 17
3 9 45 0 -10 0 0 29
3 9 46 0 -10 0 0 96
3 9 47 0 -10 0 0 27
3 9 48 0 -10 0 0 51
3 9 49 0 -10 0 0 36
3 9 50 0 -10 0 0 27
3 9 51 0 -10 0 0 50
3 9 52 0 -10 0 0 57
3 9 53 0 -10 0 0 32
3 9 54 0 -10 0 0 32
3 9 55 0 -10 0 0 48
3 9 56 0 -10 0 0 41
3 9 57 0 -10 0 0 38
3 9 58 0 -10 0 0 45
3 9 59 0 -10 0 0 77
3 9 60 0 -10 0 0 28
3 9 61 0 -10 0 0 58
3 9 62 0 -10 0 0 78
3 9 63 0 -10 0 0 36
3 10 0 0 -10 0 0 162
3 10 1 0 -10 0 0 132
3 10 2 5.5 -2 0 0 230
3 10 3 5.5 -2 0 0 352
3 10 4 0 -10 0 0 196
3 10 5 5.5 -2 0 0 206
3 10 6 0 -10 0 0 176
3 10 7 5.5 -2 0 0 574
3 10 8 0 -10 0 0 180
3 10 9 5.5 -2 0 0 241
3 10 10 5.5 -2 0 0 259
3 10 11 0 -10 0 0 182
3 10 12 5.5 -2 0 0 204
3 10 13 5.5 -2 0 0 370
3 10 14 0 -10 0 0 180
3 10 15 5.5 -2 0 0 314
3 10 16 5.5 -2 0 0 451
3 10 17 0 -10 0 0 176
3 10 18 5.5 -2 0 0 233
3 10 19 5.5 -2 0 0 742
3 10 20 5.5 -2 0 0 220
3 10 21 5.5 -2 0 0 208
3 10 22 5.5 -2 0 0 306
3 10 23 0 -10 0 0 155
3 10 24 0 -10 0 0 158
3 10 25 5.5 -2 0 0 769
3 10 26 0 -10 0 0 152
3 10 27 5.5 -2 0 0 317
3 10 28 5.5 -2 0 0 389
3 10 29 5.5 -2 0 0 207
3 10 30 5.5 -2 0 0 251
3 10 31 5.5 -2 0 0 1046
3 10 32 5.5 -2 0 0 578
3 10 33 5.5 -2 0 0 334
3 10 34 0 -10 0 0 150
3 10 35 4.71593 0.292661 1.09678 0.0225805 1719
3 10 36 5.5 -2 0 0 301
3 10 37 5.5 -2 0 0 222
3 10 38 5.5 -2 0 0 1462
3 10 39 5.5 -2 0 0 627
3 10 40 5.5 -2 0 0 283
3 10 41 5.5 -2 0 0 503
3 10 42 5.5 -2 0 0 318
3 10 43 0 -10 0 0 193
3 10 44 5.5 -2 0 0 793
3 10 45 5.5 -2 0 0 542
3 10 46 0 -10 0 0 161
3 10 47 5.5 -2 0 0 3027
3 10 48 5.5 -2 0 0 294
3 10 49 5.5 -2 0 0 271
3 10 50 5.5 -2 0 0 625
3 10 51 5.5 -2 0 0 246
3 10 52 0 -10 0 0 190
3 10 53 5.5 -2 0 0 1118
3 10 54 5.5 -2 0 0 354
3 10 55 1.5 -2 0 0 225
3 10 56 5.5 -2 0 0 409
3 10 57 1.5 -2 0 0 290
3 10 58 5.5 -2 0 0 291
3 10 59 0 -10 0 0 170
3 10 60 5.5 -2 0 0 902
3 10 61 1.5 -2 0 0 320
3 10 62 1.5 -2 0 0 249
3 10 63 1.5 -2 0 0 266
3 11 0 5.5 -2 0 0 370
3 11 1 5.5 -2 0 0 318
3 11 2 0 -10 0 0 200
3 11 3 0 -10 0 0 71
3 11 4 0 -10 0 0 170
3 11 5 0 -10 0 0 113
3 11 6 0 -10 0 0 200
3 11 7 0 -10 0 0 69
3 11 8 0 -10 0 0 191
3 11 9 0 -10 0 0 101
3 11 10 0 -10 0 0 78
3 11 11 0 -10 0 0 172
3 11 12 0 -10 0 0 148
3 11 13 0 -10 0 0 78
3 11 14 5.5 -2 0 0 318
3 11 15 0 -10 0 0 67
3 11 16 0 -10 0 0 77
3 11 17 5.5 -2 0 0 206
3 11 18 0 -10 0 0 112
3 11 19 0 -10 0 0 85
3 11 20 0 -10 0 0 142
3 11 21 0 -10 0 0 144
3 11 22 0 -10 0 0 90
3 11 23 0 -10 0 0 166
3 11 24 5.5 -2 0 0 237
3 11 25 0 -10 0 0 67
3 11 26 5.5 -2 0 0 361
3 11 27 0 -10 0 0 108
3 11 28 0 -10 0 0 37
3 11 29 5.5 -2 0 0 210
3 11 30 0 -10 0 0 107
3 11 31 0 -10 0 0 88
3 11 32 0 -10 0 0 66
3 11 33 0 -10 0 0 71
3 11 34 5.5 -2 0 0 365
3 11 35 0 -10 0 0 47
3 11 36 0 -10 0 0 87
3 11 37 0 -10 0 0 162
3 11 38 0 -10 0 0 67
3 11 39 0 -10 0 0 92
3 11 40 0 -10 0 0 81
3 11 41 0 -10 0 0 64
3 11 42 0 -10 0 0 95
3 11 43 5.5 -2 0 0 202
3 11 44 0 -10 0 0 53
3 11 45 0 -10 0 0 83
3 11 46 5.5 -2 0 0 308
3 11 47 0 -10 0 0 64
3 11 48 0 -10 0 0 104
3 11 49 0 -10 0 0 124
3 11 50 0 -10 0 0 74
3 11 51 0 -10 0 0 154
3 11 52 0 -10 0 0 153
3 11 53 0 -10 0 0 59
3 11 54 0 -10 0 0 88
3 11 55 0 -10 0 0 155
3 11 56 0 -10 0 0 97
3 11 57 0 -10 0 0 150
3 11 58 0 -10 0 0 126
3 11 59 5.5 -2 0 0 244
3 11 60 0 -10 0 0 67
3 11 61 0 -10 0 0 190
3 11 62 5.5 -2 0 0 240
3 11 63 0 -10 0 0 143
3 12 0 5.5 -2 0 0 331
3 12 1 5.5 -2 0 0 405
3 12 2 5.5 -2 0 0 452
3 12 3 5.5 -2 0 0 706
3 12 4 5.5 -2 0 0 310
3 12 5 4.80384 0.402234 0.973254 0.0764305 390
3 12 6 5.5 -2 0 0 524
3 12 7 4.71034 0.347637 1.10926 0.0717724 1913
3 12 8 5.5 -2 0 0 382
3 12 9 5.5 -2 0 0 984
3 12 10 5.5 -2 0 0 1440
3 12 11 5.5 -2 0 0 262
3 12 12 5.12162 0.348793 0.908737 0.214842 366
3 12 13 5.5 -2 0 0 668
3 12 14 5.5 -2 0 0 239
3 12 15 5.1641 0.359206 0.825573 0.172423 590
3 12 16 5.01355 0.337245 1.26416 0.114974 2960
3 12 17 4.97151 0.469494 1.06175 0.082233 256
3 12 18 4.6109 0.435552 0.841412 0.221946 412
3 12 19 5.5 -2 0 0 1158
3 12 20 5.5 -2 0 0 250
3 12 21 4.75698 0.308544 0.940934 0.082234 706
3 12 22 5.5479 0.326678 0.720582 0.17216 653
3 12 23 4.94425 0.48291 0.973013 0.120946 246
3 12 24 4.69437 0.439909 0.798522 0.16671 290
3 12 25 4.97549 0.343127 0.900991 0.186069 1185
3 12 26 5.18312 0.358508 0.799473 0.052661 233
3 12 27 4.76599 0.368672 0.967815 0.125168 340
3 12 28 5.27278 0.411312 0.805571 0.134844 505
3 12 29 0 -10 0 0 158
3 12 30 5.5 -2 0 0 316
3 12 31 5.50943 0.474375 0.952301 0.108802 911
3 12 32 5.18292 0.423112 0.759186 0.0852977 429
3 12 33 4.70192 0.387988 0.78649 0.181615 375
3 12 34 0 -10 0 0 171
3 12 35 5.73027 0.529643 0.831653 0.248384 753
3 12 36 5.5 -2 0 0 254
3 12 37 0 -10 0 0 193
3 12 38 5.5 -2 0 0 462
3 12 39 0 -10 0 0 189
3 12 40 5.5 -2 0 0 216
3 12 41 5.5 -2 0 0 415
3 12 42 0 -10 0 0 194
3 12 43 5.29861 0.529341 0.465545 0.176045 212
3 12 44 5.5 -2 0 0 372
3 12 45 5.5 -2 0 0 263
3 12 46 0 -10 0 0 199
3 12 47 5.5 -2 0 0 599
3 12 48 5.5 -2 0 0 219
3 12 49 0 -10 0 0 154
3 12 50 5.5 -2 0 0 289
3 12 51 0 -10 0 0 109
3 12 52 0 -10 0 0 147
3 12 53 5.5 -2 0 0 347
3 12 54 5.5 -2 0 0 278
3 12 55 0 -10 0 0 115
3 12 56 0 -10 0 0 187
3 12 57 0 -10 0 0 173
3 12 58 0 -10 0 0 147
3 12 59 0 -10 0 0 142
3 12 60 5.5 -2 0 0 255
3 12 61 0 -10 0 0 161
3 12 62 0 -10 0 0 123
3 12 63 0 -10 0 0 150
3 13 0 5.5 -2 0 0 268
3 13 1 0 -10 0 0 146
3 13 2 0 -10 0 0 149
3 13 3 0 -10 0 0 60
3 13 4 0 -10 0 0 76
3 13 5 0 -10 0 0 131
3 13 6 0 -10 0 0 86
3 13 7 0 -10 0 0 42
3 13 8 0 -10 0 0 145
3 13 9 0 -10 0 0 83
3 13 10 0 -10 0 0 71
3 13 11 0 -10 0 0 112
3 13 12 0 -10 0 0 71
3 13 13 0 -10 0 0 61
3 13 14 5.5 -2 0 0 222
3 13 15 0 -10 0 0 91
3 13 16 0 -10 0 0 86
3 13 17 0 -10 0 0 164
3 13 18 0 -10 0 0 119
3 13 19 0 -10 0 0 68
3 13 20 0 -10 0 0 136
3 13 21 0 -10 0 0 104
3 13 22 0 -10 0 0 77
3 13 23 0 -10 0 0 166
3 13 24 0 -10 0 0 162
3 13 25 0 -10 0 0 53
3 13 26 5.5 -2 0 0 283
3 13 27 0 -10 0 0 86
3 13 28 0 -10 0 0 62
3 13 29 5.5 -2 0 0 222
3 13 30 0 -10 0 0 84
3 13 31 0 -10 0 0 59
3 13 32 0 -10 0 0 59
3 13 33 0 -10 0 0 81
3 13 34 5.5 -2 0 0 247
3 13 35 0 -10 0 0 74
3 13 36 0 -10 0 0 111
3 13 37 0 -10 0 0 123
3 13 38 0 -10 0 0 46
3 13 39 0 -10 0 0 182
3 13 40 0 -10 0 0 133
3 13 41 0 -10 0 0 94
3 13 42 0 -10 0 0 187
3 13 43 5.5 -2 0 0 249
3 13 44 0 -10 0 0 109
3 13 45 0 -10 0 0 117
3 13 46 5.5 -2 0 0 308
3 13 47 0 -10 0 0 104
3 13 48 0 -10 0 0 126
3 13 49 0 -10 0 0 196
3 13 50 0 -10 0 0 111
3 13 51 5.5 -2 0 0 297
3 13 52 5.5 -2 0 0 215
3 13 53 0 -10 0 0 110
3 13 54 0 -10 0 0 118
3 13 55 5.5 -2 0 0 221
3 13 56 0 -10 0 0 194
3 13 57 5.5 -2 0 0 247
3 13 58 0 -10 0 0 149
3 13 59 5.5 -2 0 0 365
3 13 60 0 -10 0 0 142
3 13 61 1.5 -2 0 0 388
3 13 62 1.5 -2 0 0 452
3 13 63 0 -10 0 0 166
3 14 0 0 -10 0 0 200
3 14 1 5.5 -2 0 0 219
3 14 2 5.5 -2 0 0 248
3 14 3 5.5 -2 0 0 315
3 14 4 0 -10 0 0 117
3 14 5 0 -10 0 0 181
3 14 6 5.5 -2 0 0 316
3 14 7 5.5 -2 0 0 369
3 14 8 0 -10 0 0 189
3 14 9 5.5 -2 0 0 521
3 14 10 5.5 -2 0 0 458
3 14 11 0 -10 0 0 160
3 14 12 5.5 -2 0 0 243
3 14 13 5.5 -2 0 0 281
3 14 14 0 -10 0 0 145
3 14 15 5.5 -2 0 0 237
3 14 16 4.80185 0.415471 0.971236 0.0509632 898
3 14 17 0 -10 0 0 111
3 14 18 0 -10 0 0 200
3 14 19 5.5 -2 0 0 231
3 14 20 0 -10 0 0 124
3 14 21 5.5 -2 0 0 454
3 14 22 5.5 -2 0 0 271
3 14 23 0 -10 0 0 121
3 14 24 0 -10 0 0 133
3 14 25 5.5 -2 0 0 265
3 14 26 0 -10 0 0 123
3 14 27 0 -10 0 0 134
3 14 28 0 -10 0 0 103
3 14 29 0 -10 0 0 98
3 14 30 0 -10 0 0 103
3 14 31 0 -10 0 0 149
3 14 32 0 -10 0 0 173
3 14 33 0 -10 0 0 115
3 14 34 0 -10 0 0 126
3 14 35 0 -10 0 0 152
3 14 36 0 -10 0 0 107
3 14 37 0 -10 0 0 103
3 14 38 0 -10 0 0 114
3 14 39 0 -10 0 0 69
3 14 40 0 -10 0 0 92
3 14 41 0 -10 0 0 99
3 14 42 0 -10 0 0 102
3 14 43 0 -10 0 0 85
3 14 44 0 -10 0 0 96
3 14 45 0 -10 0 0 108
3 14 46 0 -10 0 0 80
3 14 47 0 -10 0 0 101
3 14 48 0 -10 0 0 107
3 14 49 0 -10 0 0 89
3 14 50 0 -10 0 0 119
3 14 51 0 -10 0 0 64
3 14 52 0 -10 0 0 80
3 14 53 0 -10 0 0 88
3 14 54 0 -10 0 0 65
3 14 55 0 -10 0 0 73
3 14 56 0 -10 0 0 78
3 14 57 0 -10 0 0 50
3 14 58 0 -10 0 0 85
3 14 59 0 -10 0 0 100
3 14 60 0 -10 0 0 81
3 14 61 0 -10 0 0 63
3 14 62 0 -10 0 0 75
3 14 63 0 -10 0 0 62
3 15 0 4.72778 -3 0 0 97
3 15 1 4.72778 -3 0 0 58
3 15 2 4.72778 -3 0 0 49
3 15 3 4.72778 -3 0 0 40
3 15 4 4.72778 -3 0 0 12
3 15 5 4.72778 -3 0 0 2
3 15 6 4.72778 -3 0 0 49
3 15 7 4.72778 -3 0 0 38
3 15 8 4.72778 -3 0 0 52
3 15 9 0 -10 0 0 0
3 15 10 4.72778 -3 0 0 38
3 15 11 4.72778 -3 0 0 68
3 15 12 4.72778 -3 0 0 49
3 15 13 4.72778 -3 0 0 58
3 15 14 4.72778 -3 0 0 10
3 15 15 4.72778 -3 0 0 58
3 15 16 4.72778 -3 0 0 32
3 15 17 4.72778 -3 0 0 76
3 15 18 4.72778 -3 0 0 44
3 15 19 4.72778 -3 0 0 24
3 15 20 4.72778 -3 0 0 59
3 15 21 4.72778 -3 0 0 43
3 15 22 0 -10 0 0 0
3 15 23 4.72778 -3 0 0 71
3 15 24 4.72778 -3 0 0 73
3 15 25 4.72778 -3 0 0 32
3 15 26 4.72778 -3 0 0 100
3 15 27 4.72778 -3 0 0 39
3 15 28 4.72778 -3 0 0 48
3 15 29 4.72778 -3 0 0 90
3 15 30 4.72778 -3 0 0 49
3 15 31 4.72778 -3 0 0 53
3 15 32 4.72778 -3 0 0 51
3 15 33 4.72778 -3 0 0 51
3 15 34 4.72778 -3 0 0 97
3 15 35 4.72778 -3 0 0 56
3 15 36 4.72778 -3 0 0 51
3 15 37 4.72778 -3 0 0 79
3 15 38 4.72778 -3 0 0 49
3 15 39 4.72778 -3 0 0 91
3 15 40 4.72778 -3 0 0 55
3 15 41 4.72778 -3 0 0 61
3 15 42 4.72778 -3 0 0 59
3 15 43 4.72778 -3 0 0 98
3 15 44 4.72778 -3 0 0 64
3 15 45 4.72778 -3 0 0 54
3 15 46 4.72778 -3 0 0 86
3 15 47 4.72778 -3 0 0 78
3 15 48 4.72778 -3 0 0 57
3 15 49 4.72778 -3 0 0 82
3 15 50 4.72778 -3 0 0 65
3 15 51 4.72778 -3 0 0 178
3 15 52 4.72778 -3 0 0 134
3 15 53 4.72778 -3 0 0 63
3 15 54 4.72778 -3 0 0 70
3 15 55 4.72778 -3 0 0 117
3 15 56 4.72778 -3 0 0 120
3 15 57 4.72778 -3 0 0 136
3 15 58 4.72778 -3 0 0 75
3 15 59 4.72778 -3 0 0 105
3 15 60 4.72778 -3 0 0 72
3 15 61 4.72778 -3 0 0 187
3 15 62 4.72778 -3 0 0 173
3 15 63 4.72778 -3 0 0 103
4 0 0 0 -10 0 0 98
4 0 1 0 -10 0 0 92
4 0 2 0 -10 0 0 92
4 0 3 0 -10 0 0 54
4 0 4 0 -10 0 0 83
4 0 5 0 -10 0 0 57
4 0 6 0 -10 0 0 81
4 0 7 0 -10 0 0 72
4 0 8 0 -10 0 0 97
4 0 9 0 -10 0 0 63
4 0 10 0 -10 0 0 69
4 0 11 0 -10 0 0 72
4 0 12 0 -10 0 0 64
4 0 13 0 -10 0 0 48
4 0 14 0 -10 0 0 105
4 0 15 0 -10 0 0 60
4 0 16 0 -10 0 0 64
4 0 17 0 -10 0 0 105
4 0 18 0 -10 0 0 66
4 0 19 0 -10 0 0 49
4 0 20 0 -10 0 0 86
4 0 21 0 -10 0 0 88
4 0 22 0 -10 0 0 43
4 0 23 0 -10 0 0 155
4 0 24 0 -10 0 0 99
4 0 25 0 -10 0 0 88
4 0 26 5.5 -2 0 0 212
4 0 27 0 -10 0 0 69
4 0 28 0 -10 0 0 54
4 0 29 0 -10 0 0 153
4 0 30 0 -10 0 0 97
4 0 31 0 -10 0 0 105
4 0 32 0 -10 0 0 76
4 0 33 0 -10 0 0 71
4 0 34 5.5 -2 0 0 237
4 0 35 0 -10 0 0 110
4 0 36 0 -10 0 0 120
4 0 37 0 -10 0 0 115
4 0 38 0 -10 0 0 105
4 0 39 5.5 -2 0 0 232
4 0 40 0 -10 0 0 155
4 0 41 0 -10 0 0 83
4 0 42 0 -10 0 0 117
4 0 43 0 -10 0 0 151
4 0 44 0 -10 0 0 96
4 0 45 0 -10 0 0 152
4 0 46 5.5 -2 0 0 270
4 0 47 0 -10 0 0 119
4 0 48 0 -10 0 0 140
4 0 49 0 -10 0 0 144
4 0 50 0 -10 0 0 125
4 0 51 5.5 -2 0 0 356
4 0 52 0 -10 0 0 183
4 0 53 0 -10 0 0 181
4 0 54 0 -10 0 0 168
4 0 55 5.5 -2 0 0 295
4 0 56 5.5 -2 0 0 229
4 0 57 5.5 -2 0 0 270
4 0 58 0 -10 0 0 185
4 0 59 5.5 -2 0 0 223
4 0 60 0 -10 0 0 195
4 0 61 1.5 -2 0 0 470
4 0 62 1.5 -2 0 0 450
4 0 63 1.5 -2 0 0 229
4 1 0 5.5 -2 0 0 408
4 1 1 5.5 -2 0 0 541
4 1 2 5.5 -2 0 0 493
4 1 3 5.5 -2 0 0 422
4 1 4 0 -10 0 0 194
4 1 5 5.5 -2 0 0 286
4 1 6 5.5 -2 0 0 508
4 1 7 5.5 -2 0 0 357
4 1 8 5.5 -2 0 0 253
4 1 9 5.5 -2 0 0 774
4 1 10 5.5 -2 0 0 625
4 1 11 5.5 -2 0 0 282
4 1 12 5.5 -2 0 0 278
4 1 13 4.58361 0.342126 0.628469 0.177097 205
4 1 14 5.5 -2 0 0 233
4 1 15 5.5 -2 0 0 207
4 1 16 5.5 -2 0 0 823
4 1 17 5.5 -2 0 0 275
4 1 18 5.5 -2 0 0 216
4 1 19 5.5 -2 0 0 359
4 1 20 0 -10 0 0 160
4 1 21 5.5 -2 0 0 819
4 1 22 5.5 -2 0 0 324
4 1 23 0 -10 0 0 133
4 1 24 5.5 -2 0 0 352
4 1 25 5.5 -2 0 0 268
4 1 26 5.5 -2 0 0 207
4 1 27 4.65319 0.367918 0.756848 0.111294 224
4 1 28 5.5 -2 0 0 227
4 1 29 0 -10 0 0 97
4 1 30 0 -10 0 0 147
4 1 31 5.5 -2 0 0 203
4 1 32 0 -10 0 0 167
4 1 33 0 -10 0 0 176
4 1 34 0 -10 0 0 155
4 1 35 0 -10 0 0 164
4 1 36 0 -10 0 0 136
4 1 37 0 -10 0 0 107
4 1 38 0 -10 0 0 113
4 1 39 0 -10 0 0 112
4 1 40 0 -10 0 0 107
4 1 41 0 -10 0 0 147
4 1 42 0 -10 0 0 106
4 1 43 0 -10 0 0 107
4 1 44 0 -10 0 0 81
4 1 45 0 -10 0 0 156
4 1 46 0 -10 0 0 165
4 1 47 0 -10 0 0 118
4 1 48 0 -10 0 0 78
4 1 49 0 -10 0 0 102
4 1 50 0 -10 0 0 92
4 1 51 0 -10 0 0 63
4 1 52 0 -10 0 0 86
4 1 53 0 -10 0 0 92
4 1 54 0 -10 0 0 92
4 1 55 0 -10 0 0 82
4 1 56 0 -10 0 0 67
4 1 57 0 -10 0 0 108
4 1 58 0 -10 0 0 85
4 1 59 0 -10 0 0 129
4 1 60 0 -10 0 0 65
4 1 61 0 -10 0 0 107
4 1 62 0 -10 0 0 79
4 1 63 0 -10 0 0 99
4 2 0 5.5 -2 0 0 464
4 2 1 1.5 -2 0 0 368
4 2 2 1.5 -2 0 0 417
4 2 3 0 -10 0 0 138
4 2 4 1.5 -2 0 0 246
4 2 5 1.5 -2 0 0 340
4 2 6 1.5 -2 0 0 300
4 2 7 0 -10 0 0 139
4 2 8 1.5 -2 0 0 393
4 2 9 0 -10 0 0 173
4 2 10 0 -10 0 0 127
4 2 11 5.5 -2 0 0 430
4 2 12 5.5 -2 0 0 287
4 2 13 0 -10 0 0 142
4 2 14 5.5 -2 0 0 556
4 2 15 5.5 -2 0 0 209
4 2 16 0 -10 0 0 163
4 2 17 5.5 -2 0 0 498
4 2 18 1.5 -2 0 0 255
4 2 19 0 -10 0 0 199
4 2 20 5.5 -2 0 0 431
4 2 21 5.5 -2 0 0 288
4 2 22 0 -10 0 0 116
4 2 23 5.5 -2 0 0 338
4 2 24 5.5 -2 0 0 388
4 2 25 0 -10 0 0 174
4 2 26 5.5 -2 0 0 717
4 2 27 0 -10 0 0 191
4 2 28 0 -10 0 0 192
4 2 29 5.5 -2 0 0 484
4 2 30 0 -10 0 0 196
4 2 31 0 -10 0 0 128
4 2 32 0 -10 0 0 142
4 2 33 0 -10 0 0 187
4 2 34 5.5 -2 0 0 1019
4 2 35 0 -10 0 0 135
4 2 36 5.5 -2 0 0 364
4 2 37 5.5 -2 0 0 440
4 2 38 5.5 -2 0 0 245
4 2 39 5.5 -2 0 0 391
4 2 40 5.5 -2 0 0 293
4 2 41 0 -10 0 0 187
4 2 42 5.5 -2 0 0 511
4 2 43 5.5 -2 0 0 562
4 2 44 0 -10 0 0 2
4 2 45 0 -10 0 0 182
4 2 46 5.5 -2 0 0 964
4 2 47 0 -10 0 0 83
4 2 48 1.5 -2 0 0 277
4 2 49 1.5 -2 0 0 435
4 2 50 1.5 -2 0 0 418
4 2 51 5.5 -2 0 0 898
4 2 52 1.5 -2 0 0 989
4 2 53 1.5 -2 0 0 302
4 2 54 0 -10 0 0 23
4 2 55 0 -10 0 0 0
4 2 56 1.5 -2 0 0 318
4 2 57 1.5 -2 0 0 940
4 2 58 1.5 -2 0 0 677
4 2 59 1.5 -2 0 0 1542
4 2 60 1.5 -2 0 0 390
4 2 61 1.5 -2 0 0 2302
4 2 62 0 -10 0 0 189
4 2 63 0 -10 0 0 69
4 3 0 5.5 -2 0 0 465
4 3 1 5.5 -2 0 0 436
4 3 2 5.5 -2 0 0 653
4 3 3 5.5 -2 0 0 351
4 3 4 5.5 -2 0 0 492
4 3 5 5.5 -2 0 0 255
4 3 6 5.5 -2 0 0 740
4 3 7 5.5 -2 0 0 840
4 3 8 5.5 -2 0 0 248
4 3 9 5.5 -2 0 0 668
4 3 10 5.5 -2 0 0 810
4 3 11 0 -10 0 0 190
4 3 12 5.5 -2 0 0 299
4 3 13 5.5 -2 0 0 347
4 3 14 5.5 -2 0 0 304
4 3 15 5.5 -2 0 0 296
4 3 16 4.71433 0.270144 1.17405 0.0699072 1536
4 3 17 5.5 -2 0 0 213
4 3 18 5.5 -2 0 0 343
4 3 19 5.5 -2 0 0 443
4 3 20 4.60253 0.449237 0.998405 0.141144 206
4 3 21 5.5 -2 0 0 686
4 3 22 5.5 -2 0 0 424
4 3 23 0 -10 0 0 187
4 3 24 5.5 -2 0 0 264
4 3 25 5.5 -2 0 0 613
4 3 26 0 -10 0 0 199
4 3 27 4.87696 0.443832 0.550984 0.392488 246
4 3 28 5.5 -2 0 0 277
4 3 29 5.5 -2 0 0 254
4 3 30 0 -10 0 0 176
4 3 31 5.5 -2 0 0 356
4 3 32 5.5 -2 0 0 348
4 3 33 0 -10 0 0 179
4 3 34 5.5 -2 0 0 241
4 3 35 5.5 -2 0 0 299
4 3 36 5.5 -2 0 0 212
4 3 37 0 -10 0 0 191
4 3 38 4.63303 0.341059 0.919299 0.0780454 274
4 3 39 0 -10 0 0 144
4 3 40 4.75583 0.385044 1.10225 0.14436 219
4 3 41 5.5 -2 0 0 252
4 3 42 0 -10 0 0 143
4 3 43 0 -10 0 0 177
4 3 44 0 -10 0 0 174
4 3 45 5.5 -2 0 0 211
4 3 46 0 -10 0 0 168
4 3 47 5.5 -2 0 0 229
4 3 48 5.5 -2 0 0 209
4 3 49 0 -10 0 0 193
4 3 50 0 -10 0 0 159
4 3 51 0 -10 0 0 129
4 3 52 0 -10 0 0 193
4 3 53 5.5 -2 0 0 237
4 3 54 5.5 -2 0 0 245
4 3 55 5.5 -2 0 0 221
4 3 56 0 -10 0 0 172
4 3 57 5.5 -2 0 0 211
4 3 58 0 -10 0 0 151
4 3 59 5.5 -2 0 0 201
4 3 60 0 -10 0 0 178
4 3 61 0 -10 0 0 140
4 3 62 0 -10 0 0 141
4 3 63 0 -10 0 0 171
4 4 0 5.5 -2 0 0 1501
4 4 1 5.5 -2 0 0 987
4 4 2 5.5 -2 0 0 653
4 4 3 5.5 -2 0 0 236
4 4 4 5.5 -2 0 0 339
4 4 5 5.5 -2 0 0 350
4 4 6 5.5 -2 0 0 324
4 4 7 0 -10 0 0 153
4 4 8 5.5 -2 0 0 410
4 4 9 5.5 -2 0 0 272
4 4 10 5.5 -2 0 0 212
4 4 11 4.68505 0.3721 1.06434 0.0533513 403
4 4 12 0 -10 0 0 192
4 4 13 0 -10 0 0 153
4 4 14 5.5 -2 0 0 1268
4 4 15 0 -10 0 0 191
4 4 16 0 -10 0 0 136
4 4 17 5.5 -2 0 0 627
4 4 18 5.5 -2 0 0 224
4 4 19 0 -10 0 0 151
4 4 20 0 -10 0 0 1
4 4 21 4.68356 0.442961 1.02344 0.0604565 390
4 4 22 0 -10 0 0 197
4 4 23 5.5 -2 0 0 347
4 4 24 5.5 -2 0 0 764
4 4 25 0 -10 0 0 155
4 4 26 4.7604 0.368195 1.00438 0.0896144 1120
4 4 27 0 -10 0 0 92
4 4 28 0 -10 0 0 119
4 4 29 5.5 -2 0 0 576
4 4 30 5.21792 0.4618 0.927139 0.222946 219
4 4 31 0 -10 0 0 137
4 4 32 0 -10 0 0 157
4 4 33 0 -10 0 0 111
4 4 34 5.5 -2 0 0 719
4 4 35 0 -10 0 0 125
4 4 36 5.5 -2 0 0 216
4 4 37 5.5 -2 0 0 374
4 4 38 0 -10 0 0 130
4 4 39 5.5 -2 0 0 202
4 4 40 5.5 -2 0 0 251
4 4 41 0 -10 0 0 83
4 4 42 5.5 -2 0 0 216
4 4 43 5.5 -2 0 0 514
4 4 44 0 -10 0 0 106
4 4 45 0 -10 0 0 134
4 4 46 5.5 -2 0 0 750
4 4 47 0 -10 0 0 1
4 4 48 0 -10 0 0 176
4 4 49 5.5 -2 0 0 330
4 4 50 0 -10 0 0 134
4 4 51 5.5 -2 0 0 344
4 4 52 0 -10 0 0 41
4 4 53 0 -10 0 0 133
4 4 54 0 -10 0 0 177
4 4 55 5.5 -2 0 0 287
4 4 56 5.5 -2 0 0 204
4 4 57 5.5 -2 0 0 266
4 4 58 5.5 -2 0 0 230
4 4 59 5.5 -2 0 0 650
4 4 60 0 -10 0 0 155
4 4 61 5.5 -2 0 0 469
4 4 62 5.5 -2 0 0 558
4 4 63 5.5 -2 0 0 273
4 5 0 1.5 -2 0 0 206
4 5 1 1.5 -2 0 0 293
4 5 2 5.5 -2 0 0 307
4 5 3 1.5 -2 0 0 395
4 5 4 1.5 -2 0 0 313
4 5 5 5.5 -2 0 0 300
4 5 6 1.5 -2 0 0 344
4 5 7 0 -10 0 0 8
4 5 8 1.5 -2 0 0 312
4 5 9 5.5 -2 0 0 356
4 5 10 0 -10 0 0 62
4 5 11 5.5 -2 0 0 353
4 5 12 1.5 -2 0 0 309
4 5 13 0 -10 0 0 20
4 5 14 5.5 -2 0 0 298
4 5 15 5.5 -2 0 0 273
4 5 16 5.5 -2 0 0 370
4 5 17 5.5 -2 0 0 361
4 5 18 5.5 -2 0 0 383
4 5 19 5.5 -2 0 0 571
4 5 20 5.5 -2 0 0 417
4 5 21 5.5 -2 0 0 327
4 5 22 5.5 -2 0 0 291
4 5 23 5.5 -2 0 0 386
4 5 24 0 -10 0 0 9
4 5 25 0 -10 0 0 10
4 5 26 5.5 -2 0 0 311
4 5 27 5.5 -2 0 0 458
4 5 28 5.5 -2 0 0 404
4 5 29 0 -10 0 0 14
4 5 30 5.5 -2 0 0 379
4 5 31 5.5 -2 0 0 920
4 5 32 0 -10 0 0 1
4 5 33 5.5 -2 0 0 490
4 5 34 5.5 -2 0 0 236
4 5 35 5.5 -2 0 0 994
4 5 36 5.5 -2 0 0 394
4 5 37 5.5 -2 0 0 456
4 5 38 4.63315 0.427484 1.31907 0.246148 1210
4 5 39 5.5 -2 0 0 1234
4 5 40 5.5 -2 0 0 435
4 5 41 5.5 -2 0 0 470
4 5 42 5.5 -2 0 0 286
4 5 43 5.5 -2 0 0 446
4 5 44 5.5 -2 0 0 332
4 5 45 1.5 -2 0 0 523
4 5 46 1.5 -2 0 0 423
4 5 47 5.5 -2 0 0 1605
4 5 48 5.5 -2 0 0 478
4 5 49 5.5 -2 0 0 390
4 5 50 1.5 -2 0 0 686
4 5 51 1.5 -2 0 0 826
4 5 52 1.5 -2 0 0 346
4 5 53 1.5 -2 0 0 825
4 5 54 1.5 -2 0 0 324
4 5 55 1.5 -2 0 0 582
4 5 56 0 -10 0 0 39
4 5 57 1.5 -2 0 0 907
4 5 58 1.5 -2 0 0 695
4 5 59 1.5 -2 0 0 494
4 5 60 1.5 -2 0 0 1120
4 5 61 1.5 -2 0 0 476
4 5 62 1.5 -2 0 0 497
4 5 63 1.5 -2 0 0 551
4 6 0 1.5 -2 0 0 670
4 6 1 5.5 -2 0 0 378
4 6 2 5.5 -2 0 0 392
4 6 3 0 -10 0 0 137
4 6 4 1.5 -2 0 0 201
4 6 5 1.5 -2 0 0 259
4 6 6 1.5 -2 0 0 292
4 6 7 0 -10 0 0 137
4 6 8 5.5 -2 0 0 296
4 6 9 0 -10 0 0 178
4 6 10 5.5 -2 0 0 203
4 6 11 0 -10 0 0 150
4 6 12 5.5 -2 0 0 222
4 6 13 0 -10 0 0 99
4 6 14 5.5 -2 0 0 428
4 6 15 0 -10 0 0 136
4 6 16 0 -10 0 0 175
4 6 17 5.5 -2 0 0 288
4 6 18 0 -10 0 0 167
4 6 19 0 -10 0 0 123
4 6 20 0 -10 0 0 141
4 6 21 5.5 -2 0 0 253
4 6 22 0 -10 0 0 157
4 6 23 0 -10 0 0 198
4 6 24 5.5 -2 0 0 247
4 6 25 0 -10 0 0 115
4 6 26 5.5 -2 0 0 325
4 6 27 0 -10 0 0 131
4 6 28 0 -10 0 0 69
4 6 29 0 -10 0 0 156
4 6 30 0 -10 0 0 120
4 6 31 0 -10 0 0 81
4 6 32 0 -10 0 0 103
4 6 33 0 -10 0 0 62
4 6 34 5.5 -2 0 0 234
4 6 35 0 -10 0 0 89
4 6 36 0 -10 0 0 84
4 6 37 0 -10 0 0 155
4 6 38 0 -10 0 0 81
4 6 39 0 -10 0 0 89
4 6 40 0 -10 0 0 12
4 6 41 0 -10 0 0 95
4 6 42 0 -10 0 0 103
4 6 43 5.5 -2 0 0 203
4 6 44 0 -10 0 0 81
4 6 45 0 -10 0 0 114
4 6 46 5.5 -2 0 0 213
4 6 47 0 -10 0 0 35
4 6 48 0 -10 0 0 9
4 6 49 0 -10 0 0 10
4 6 50 0 -10 0 0 0
4 6 51 0 -10 0 0 122
4 6 52 0 -10 0 0 158
4 6 53 0 -10 0 0 82
4 6 54 0 -10 0 0 115
4 6 55 0 -10 0 0 161
4 6 56 0 -10 0 0 64
4 6 57 0 -10 0 0 105
4 6 58 0 -10 0 0 3
4 6 59 0 -10 0 0 18
4 6 60 0 -10 0 0 80
4 6 61 0 -10 0 0 144
4 6 62 0 -10 0 0 111
4 6 63 0 -10 0 0 118
4 7 0 0 -10 0 0 138
4 7 1 0 -10 0 0 98
4 7 2 0 -10 0 0 124
4 7 3 0 -10 0 0 124
4 7 4 0 -10 0 0 21
4 7 5 0 -10 0 0 180
4 7 6 0 -10 0 0 127
4 7 7 0 -10 0 0 117
4 7 8 0 -10 0 0 5
4 7 9 0 -10 0 0 96
4 7 10 0 -10 0 0 159
4 7 11 0 -10 0 0 188
4 7 12 0 -10 0 0 4
4 7 13 5.5 -2 0 0 215
4 7 14 0 -10 0 0 4
4 7 15 0 -10 0 0 195
4 7 16 0 -10 0 0 133
4 7 17 0 -10 0 0 170
4 7 18 5.5 -2 0 0 214
4 7 19 5.5 -2 0 0 259
4 7 20 0 -10 0 0 200
4 7 21 0 -10 0 0 153
4 7 22 0 -10 0 0 90
4 7 23 5.5 -2 0 0 212
4 7 24 0 -10 0 0 162
4 7 25 5.5 -2 0 0 233
4 7 26 0 -10 0 0 190
4 7 27 5.5 -2 0 0 292
4 7 28 0 -10 0 0 168
4 7 29 5.5 -2 0 0 215
4 7 30 0 -10 0 0 177
4 7 31 5.5 -2 0 0 296
4 7 32 5.5 -2 0 0 203
4 7 33 5.5 -2 0 0 279
4 7 34 0 -10 0 0 179
4 7 35 5.5 -2 0 0 347
4 7 36 5.5 -2 0 0 263
4 7 37 5.5 -2 0 0 271
4 7 38 5.5 -2 0 0 526
4 7 39 5.5 -2 0 0 763
4 7 40 5.5 -2 0 0 296
4 7 41 5.5 -2 0 0 310
4 7 42 5.5 -2 0 0 370
4 7 43 5.5 -2 0 0 271
4 7 44 5.5 -2 0 0 620
4 7 45 5.5 -2 0 0 406
4 7 46 5.5 -2 0 0 290
4 7 47 5.5 -2 0 0 1254
4 7 48 5.5 -2 0 0 308
4 7 49 5.5 -2 0 0 234
4 7 50 1.5 -2 0 0 447
4 7 51 5.5 -2 0 0 534
4 7 52 5.5 -2 0 0 308
4 7 53 5.5 -2 0 0 875
4 7 54 5.5 -2 0 0 590
4 7 55 1.5 -2 0 0 441
4 7 56 1.5 -2 0 0 744
4 7 57 1.5 -2 0 0 823
4 7 58 1.5 -2 0 0 400
4 7 59 1.5 -2 0 0 330
4 7 60 1.5 -2 0 0 1050
4 7 61 1.5 -2 0 0 675
4 7 62 1.5 -2 0 0 418
4 7 63 1.5 -2 0 0 509
4 8 0 0 -10 0 0 85
4 8 1 0 -10 0 0 72
4 8 2 0 -10 0 0 86
4 8 3 0 -10 0 0 138
4 8 4 0 -10 0 0 72
4 8 5 0 -10 0 0 104
4 8 6 0 -10 0 0 91
4 8 7 0 -10 0 0 135
4 8 8 0 -10 0 0 71
4 8 9 0 -10 0 0 113
4 8 10 0 -10 0 0 105
4 8 11 0 -10 0 0 112
4 8 12 0 -10 0 0 70
4 8 13 0 -10 0 0 180
4 8 14 0 -10 0 0 90
4 8 15 0 -10 0 0 131
4 8 16 0 -10 0 0 139
4 8 17 0 -10 0 0 106
4 8 18 0 -10 0 0 114
4 8 19 5.5 -2 0 0 245
4 8 20 0 -10 0 0 115
4 8 21 0 -10 0 0 84
4 8 22 0 -10 0 0 117
4 8 23 0 -10 0 0 88
4 8 24 0 -10 0 0 103
4 8 25 5.5 -2 0 0 237
4 8 26 0 -10 0 0 93
4 8 27 0 -10 0 0 142
4 8 28 5.5 -2 0 0 220
4 8 29 0 -10 0 0 130
4 8 30 0 -10 0 0 159
4 8 31 5.5 -2 0 0 260
4 8 32 5.5 -2 0 0 222
4 8 33 0 -10 0 0 184
4 8 34 0 -10 0 0 108
4 8 35 5.5 -2 0 0 344
4 8 36 5.5 -2 0 0 217
4 8 37 0 -10 0 0 141
4 8 38 5.5 -2 0 0 657
4 8 39 5.5 -2 0 0 426
4 8 40 0 -10 0 0 113
4 8 41 5.5 -2 0 0 284
4 8 42 5.5 -2 0 0 235
4 8 43 0 -10 0 0 134
4 8 44 5.5 -2 0 0 473
4 8 45 5.5 -2 0 0 262
4 8 46 0 -10 0 0 106
4 8 47 5.5 -2 0 0 1155
4 8 48 5.5 -2 0 0 205
4 8 49 0 -10 0 0 156
4 8 50 5.5 -2 0 0 316
4 8 51 5.5 -2 0 0 303
4 8 52 0 -10 0 0 184
4 8 53 5.5 -2 0 0 654
4 8 54 5.5 -2 0 0 328
4 8 55 0 -10 0 0 197
4 8 56 5.5 -2 0 0 352
4 8 57 5.5 -2 0 0 378
4 8 58 1.5 -2 0 0 302
4 8 59 0 -10 0 0 166
4 8 60 1.5 -2 0 0 538
4 8 61 1.5 -2 0 0 260
4 8 62 0 -10 0 0 187
4 8 63 1.5 -2 0 0 225
4 9 0 5.5 -2 0 0 281
4 9 1 5.5 -2 0 0 204
4 9 2 0 -10 0 0 146
4 9 3 0 -10 0 0 69
4 9 4 0 -10 0 0 78
4 9 5 0 -10 0 0 91
4 9 6 0 -10 0 0 136
4 9 7 0 -10 0 0 72
4 9 8 0 -10 0 0 93
4 9 9 0 -10 0 0 78
4 9 10 0 -10 0 0 67
4 9 11 0 -10 0 0 86
4 9 12 0 -10 0 0 74
4 9 13 0 -10 0 0 59
4 9 14 5.5 -2 0 0 207
4 9 15 0 -10 0 0 61
4 9 16 0 -10 0 0 80
4 9 17 0 -10 0 0 117
4 9 18 0 -10 0 0 72
4 9 19 0 -10 0 0 50
4 9 20 0 -10 0 0 52
4 9 21 0 -10 0 0 115
4 9 22 0 -10 0 0 49
4 9 23 0 -10 0 0 80
4 9 24 0 -10 0 0 155
4 9 25 0 -10 0 0 43
4 9 26 0 -10 0 0 137
4 9 27 0 -10 0 0 45
4 9 28 0 -10 0 0 45
4 9 29 0 -10 0 0 80
4 9 30 0 -10 0 0 53
4 9 31 0 -10 0 0 44
4 9 32 0 -10 0 0 45
4 9 33 0 -10 0 0 36
4 9 34 0 -10 0 0 153
4 9 35 0 -10 0 0 38
4 9 36 0 -10 0 0 54
4 9 37 0 -10 0 0 77
4 9 38 0 -10 0 0 43
4 9 39 0 -10 0 0 48
4 9 40 0 -10 0 0 51
4 9 41 0 -10 0 0 31
4 9 42 0 -10 0 0 52
4 9 43 0 -10 0 0 88
4 9 44 0 -10 0 0 18
4 9 45 0 -10 0 0 41
4 9 46 0 -10 0 0 120
4 9 47 0 -10 0 0 36
4 9 48 0 -10 0 0 38
4 9 49 0 -10 0 0 56
4 9 50 0 -10 0 0 49
4 9 51 0 -10 0 0 62
4 9 52 0 -10 0 0 89
4 9 53 0 -10 0 0 36
4 9 54 0 -10 0 0 31
4 9 55 0 -10 0 0 82
4 9 56 0 -10 0 0 4
4 9 57 0 -10 0 0 82
4 9 58 0 -10 0 0 40
4 9 59 0 -10 0 0 125
4 9 60 0 -10 0 0 33
4 9 61 0 -10 0 0 75
4 9 62 0 -10 0 0 100
4 9 63 0 -10 0 0 53
4 10 0 0 -10 0 0 143
4 10 1 1.5 -2 0 0 204
4 10 2 5.5 -2 0 0 274
4 10 3 1.5 -2 0 0 388
4 10 4 5.5 -2 0 0 257
4 10 5 5.5 -2 0 0 224
4 10 6 5.5 -2 0 0 206
4 10 7 5.5 -2 0 0 508
4 10 8 5.5 -2 0 0 216
4 10 9 5.5 -2 0 0 374
4 10 10 5.5 -2 0 0 291
4 10 11 0 -10 0 0 173
4 10 12 5.5 -2 0 0 233
4 10 13 5.5 -2 0 0 481
4 10 14 0 -10 0 0 198
4 10 15 5.5 -2 0 0 321
4 10 16 5.5 -2 0 0 571
4 10 17 0 -10 0 0 173
4 10 18 5.5 -2 0 0 296
4 10 19 5.5 -2 0 0 681
4 10 20 0 -10 0 0 194
4 10 21 5.5 -2 0 0 239
4 10 22 5.5 -2 0 0 319
4 10 23 0 -10 0 0 181
4 10 24 0 -10 0 0 174
4 10 25 5.5 -2 0 0 1007
4 10 26 0 -10 0 0 189
4 10 27 5.5 -2 0 0 537
4 10 28 5.5 -2 0 0 453
4 10 29 5.5 -2 0 0 217
4 10 30 5.5 -2 0 0 322
4 10 31 5.5 -2 0 0 1054
4 10 32 5.5 -2 0 0 670
4 10 33 5.5 -2 0 0 389
4 10 34 0 -10 0 0 169
4 10 35 5.5 -2 0 0 1366
4 10 36 5.5 -2 0 0 403
4 10 37 5.5 -2 0 0 205
4 10 38 5.5 -2 0 0 1794
4 10 39 5.5 -2 0 0 778
4 10 40 5.5 -2 0 0 293
4 10 41 5.5 -2 0 0 568
4 10 42 1.5 -2 0 0 353
4 10 43 1.5 -2 0 0 296
4 10 44 5.5 -2 0 0 845
4 10 45 5.5 -2 0 0 678
4 10 46 5.5 -2 0 0 242
4 10 47 5.5 -2 0 0 2533
4 10 48 5.5 -2 0 0 393
4 10 49 5.5 -2 0 0 300
4 10 50 5.5 -2 0 0 610
4 10 51 5.5 -2 0 0 322
4 10 52 5.5 -2 0 0 257
4 10 53 5.5 -2 0 0 1418
4 10 54 1.5 -2 0 0 513
4 10 55 1.5 -2 0 0 343
4 10 56 1.5 -2 0 0 524
4 10 57 1.5 -2 0 0 390
4 10 58 1.5 -2 0 0 444
4 10 59 1.5 -2 0 0 226
4 10 60 1.5 -2 0 0 975
4 10 61 1.5 -2 0 0 377
4 10 62 1.5 -2 0 0 319
4 10 63 1.5 -2 0 0 383
4 11 0 5.5 -2 0 0 597
4 11 1 5.5 -2 0 0 344
4 11 2 5.5 -2 0 0 322
4 11 3 0 -10 0 0 134
4 11 4 5.5 -2 0 0 204
4 11 5 5.5 -2 0 0 223
4 11 6 0 -10 0 0 199
4 11 7 0 -10 0 0 80
4 11 8 5.5 -2 0 0 245
4 11 9 0 -10 0 0 155
4 11 10 0 -10 0 0 104
4 11 11 5.5 -2 0 0 239
4 11 12 0 -10 0 0 178
4 11 13 0 -10 0 0 103
4 11 14 5.5 -2 0 0 437
4 11 15 0 -10 0 0 95
4 11 16 0 -10 0 0 82
4 11 17 5.5 -2 0 0 332
4 11 18 0 -10 0 0 151
4 11 19 0 -10 0 0 89
4 11 20 0 -10 0 0 134
4 11 21 0 -10 0 0 181
4 11 22 0 -10 0 0 101
4 11 23 5.5 -2 0 0 255
4 11 24 5.5 -2 0 0 337
4 11 25 0 -10 0 0 78
4 11 26 5.5 -2 0 0 415
4 11 27 0 -10 0 0 115
4 11 28 0 -10 0 0 103
4 11 29 5.5 -2 0 0 283
4 11 30 0 -10 0 0 110
4 11 31 0 -10 0 0 78
4 11 32 0 -10 0 0 87
4 11 33 0 -10 0 0 105
4 11 34 5.5 -2 0 0 353
4 11 35 0 -10 0 0 59
4 11 36 0 -10 0 0 110
4 11 37 0 -10 0 0 147
4 11 38 0 -10 0 0 71
4 11 39 0 -10 0 0 108
4 11 40 0 -10 0 0 161
4 11 41 0 -10 0 0 102
4 11 42 0 -10 0 0 128
4 11 43 5.5 -2 0 0 250
4 11 44 0 -10 0 0 56
4 11 45 0 -10 0 0 119
4 11 46 5.5 -2 0 0 342
4 11 47 0 -10 0 0 79
4 11 48 0 -10 0 0 128
4 11 49 0 -10 0 0 159
4 11 50 0 -10 0 0 82
4 11 51 5.5 -2 0 0 243
4 11 52 0 -10 0 0 199
4 11 53 0 -10 0 0 67
4 11 54 0 -10 0 0 114
4 11 55 0 -10 0 0 191
4 11 56 0 -10 0 0 113
4 11 57 0 -10 0 0 180
4 11 58 0 -10 0 0 175
4 11 59 5.5 -2 0 0 307
4 11 60 0 -10 0 0 90
4 11 61 1.5 -2 0 0 229
4 11 62 1.5 -2 0 0 368
4 11 63 1.5 -2 0 0 212
4 12 0 5.5 -2 0 0 273
4 12 1 5.5 -2 0 0 314
4 12 2 5.5 -2 0 0 446
4 12 3 5.5 -2 0 0 535
4 12 4 5.5 -2 0 0 264
4 12 5 5.5 -2 0 0 312
4 12 6 5.5 -2 0 0 503
4 12 7 5.5 -2 0 0 1358
4 12 8 5.5 -2 0 0 359
4 12 9 5.5 -2 0 0 804
4 12 10 5.5 -2 0 0 1505
4 12 11 5.5 -2 0 0 298
4 12 12 5.5 -2 0 0 454
4 12 13 5.5 -2 0 0 781
4 12 14 5.5 -2 0 0 249
4 12 15 5.5 -2 0 0 476
4 12 16 5.5 -2 0 0 2696
4 12 17 5.5 -2 0 0 205
4 12 18 5.5 -2 0 0 357
4 12 19 5.5 -2 0 0 1080
4 12 20 5.5 -2 0 0 256
4 12 21 5.5 -2 0 0 661
4 12 22 5.5 -2 0 0 783
4 12 23 0 -10 0 0 176
4 12 24 5.5 -2 0 0 272
4 12 25 5.5 -2 0 0 951
4 12 26 0 -10 0 0 186
4 12 27 5.5 -2 0 0 352
4 12 28 5.5 -2 0 0 505
4 12 29 5.5 -2 0 0 215
4 12 30 5.5 -2 0 0 307
4 12 31 5.5 -2 0 0 926
4 12 32 5.5 -2 0 0 387
4 12 33 5.5 -2 0 0 366
4 12 34 0 -10 0 0 180
4 12 35 5.5 -2 0 0 609
4 12 36 0 -10 0 0 200
4 12 37 0 -10 0 0 197
4 12 38 5.06394 0.397424 1.26915 0.0822885 748
4 12 39 5.5 -2 0 0 263
4 12 40 5.5 -2 0 0 211
4 12 41 4.79948 0.326468 0.961138 0.143607 424
4 12 42 0 -10 0 0 196
4 12 43 0 -10 0 0 192
4 12 44 5.5 -2 0 0 317
4 12 45 5.5 -2 0 0 293
4 12 46 0 -10 0 0 174
4 12 47 5.5 -2 0 0 427
4 12 48 5.5 -2 0 0 280
4 12 49 0 -10 0 0 187
4 12 50 5.5 -2 0 0 313
4 12 51 0 -10 0 0 113
4 12 52 0 -10 0 0 167
4 12 53 5.5 -2 0 0 268
4 12 54 5.5 -2 0 0 209
4 12 55 0 -10 0 0 134
4 12 56 0 -10 0 0 161
4 12 57 0 -10 0 0 175
4 12 58 0 -10 0 0 167
4 12 59 0 -10 0 0 116
4 12 60 1.5 -2 0 0 235
4 12 61 0 -10 0 0 134
4 12 62 0 -10 0 0 150
4 12 63 0 -10 0 0 142
4 13 0 5.5 -2 0 0 278
4 13 1 5.5 -2 0 0 205
4 13 2 0 -10 0 0 138
4 13 3 0 -10 0 0 112
4 13 4 0 -10 0 0 120
4 13 5 0 -10 0 0 149
4 13 6 0 -10 0 0 141
4 13 7 0 -10 0 0 48
4 13 8 0 -10 0 0 159
4 13 9 0 -10 0 0 77
4 13 10 0 -10 0 0 69
4 13 11 0 -10 0 0 184
4 13 12 0 -10 0 0 121
4 13 13 0 -10 0 0 80
4 13 14 5.5 -2 0 0 264
4 13 15 0 -10 0 0 78
4 13 16 0 -10 0 0 70
4 13 17 5.5 -2 0 0 220
4 13 18 0 -10 0 0 114
4 13 19 0 -10 0 0 65
4 13 20 0 -10 0 0 122
4 13 21 0 -10 0 0 95
4 13 22 0 -10 0 0 72
4 13 23 0 -10 0 0 177
4 13 24 5.5 -2 0 0 213
4 13 25 0 -10 0 0 75
4 13 26 4.63166 0.406713 0.860661 0.101109 333
4 13 27 0 -10 0 0 109
4 13 28 0 -10 0 0 91
4 13 29 5.5 -2 0 0 224
4 13 30 0 -10 0 0 88
4 13 31 0 -10 0 0 94
4 13 32 0 -10 0 0 63
4 13 33 0 -10 0 0 95
4 13 34 5.5 -2 0 0 306
4 13 35 0 -10 0 0 92
4 13 36 0 -10 0 0 100
4 13 37 0 -10 0 0 188
4 13 38 0 -10 0 0 81
4 13 39 0 -10 0 0 155
4 13 40 0 -10 0 0 146
4 13 41 0 -10 0 0 101
4 13 42 0 -10 0 0 190
4 13 43 5.5 -2 0 0 230
4 13 44 0 -10 0 0 102
4 13 45 0 -10 0 0 130
4 13 46 5.5 -2 0 0 346
4 13 47 0 -10 0 0 99
4 13 48 0 -10 0 0 121
4 13 49 5.5 -2 0 0 214
4 13 50 0 -10 0 0 144
4 13 51 5.5 -2 0 0 353
4 13 52 5.5 -2 0 0 300
4 13 53 0 -10 0 0 139
4 13 54 0 -10 0 0 131
4 13 55 5.5 -2 0 0 298
4 13 56 5.5 -2 0 0 230
4 13 57 1.5 -2 0 0 289
4 13 58 0 -10 0 0 176
4 13 59 5.5 -2 0 0 428
4 13 60 0 -10 0 0 154
4 13 61 1.5 -2 0 0 541
4 13 62 1.5 -2 0 0 470
4 13 63 1.5 -2 0 0 202
4 14 0 5.5 -2 0 0 230
4 14 1 5.5 -2 0 0 261
4 14 2 5.5 -2 0 0 367
4 14 3 5.5 -2 0 0 322
4 14 4 0 -10 0 0 178
4 14 5 5.5 -2 0 0 260
4 14 6 5.5 -2 0 0 377
4 14 7 5.5 -2 0 0 639
4 14 8 5.5 -2 0 0 209
4 14 9 5.5 -2 0 0 540
4 14 10 5.5 -2 0 0 706
4 14 11 0 -10 0 0 166
4 14 12 5.5 -2 0 0 242
4 14 13 5.5 -2 0 0 285
4 14 14 0 -10 0 0 152
4 14 15 5.5 -2 0 0 255
4 14 16 5.5 -2 0 0 959
4 14 17 0 -10 0 0 131
4 14 18 5.5 -2 0 0 222
4 14 19 5.5 -2 0 0 460
4 14 20 0 -10 0 0 126
4 14 21 5.5 -2 0 0 460
4 14 22 5.5 -2 0 0 394
4 14 23 0 -10 0 0 118
4 14 24 0 -10 0 0 147
4 14 25 5.5 -2 0 0 347
4 14 26 0 -10 0 0 147
4 14 27 5.5 -2 0 0 206
4 14 28 5.5 -2 0 0 237
4 14 29 0 -10 0 0 123
4 14 30 0 -10 0 0 182
4 14 31 5.5 -2 0 0 234
4 14 32 0 -10 0 0 143
4 14 33 0 -10 0 0 142
4 14 34 0 -10 0 0 132
4 14 35 5.5 -2 0 0 208
4 14 36 0 -10 0 0 134
4 14 37 0 -10 0 0 94
4 14 38 0 -10 0 0 171
4 14 39 0 -10 0 0 106
4 14 40 0 -10 0 0 133
4 14 41 0 -10 0 0 152
4 14 42 0 -10 0 0 136
4 14 43 0 -10 0 0 107
4 14 44 0 -10 0 0 137
4 14 45 0 -10 0 0 108
4 14 46 0 -10 0 0 98
4 14 47 0 -10 0 0 131
4 14 48 0 -10 0 0 114
4 14 49 0 -10 0 0 82
4 14 50 0 -10 0 0 66
4 14 51 0 -10 0 0 47
4 14 52 0 -10 0 0 81
4 14 53 0 -10 0 0 85
4 14 54 0 -10 0 0 64
4 14 55 0 -10 0 0 90
4 14 56 0 -10 0 0 86
4 14 57 0 -10 0 0 95
4 14 58 0 -10 0 0 75
4 14 59 0 -10 0 0 93
4 14 60 0 -10 0 0 97
4 14 61 0 -10 0 0 57
4 14 62 0 -10 0 0 74
4 14 63 0 -10 0 0 86
4 15 0 0 -10 0 0 73
4 15 1 0 -10 0 0 51
4 15 2 0 -10 0 0 62
4 15 3 0 -10 0 0 31
4 15 4 0 -10 0 0 71
4 15 5 0 -10 0 0 42
4 15 6 0 -10 0 0 53
4 15 7 0 -10 0 0 32
4 15 8 0 -10 0 0 65
4 15 9 0 -10 0 0 41
4 15 10 0 -10 0 0 42
4 15 11 0 -10 0 0 61
4 15 12 0 -10 0 0 42
4 15 13 0 -10 0 0 41
4 15 14 0 -10 0 0 92
4 15 15 0 -10 0 0 54
4 15 16 0 -10 0 0 16
4 15 17 0 -10 0 0 78
4 15 18 0 -10 0 0 63
4 15 19 0 -10 0 0 48
4 15 20 0 -10 0 0 67
4 15 21 0 -10 0 0 39
4 15 22 0 -10 0 0 44
4 15 23 0 -10 0 0 83
4 15 24 0 -10 0 0 75
4 15 25 0 -10 0 0 44
4 15 26 0 -10 0 0 94
4 15 27 0 -10 0 0 33
4 15 28 0 -10 0 0 39
4 15 29 0 -10 0 0 100
4 15 30 0 -10 0 0 54
4 15 31 0 -10 0 0 44
4 15 32 0 -10 0 0 52
4 15 33 0 -10 0 0 48
4 15 34 0 -10 0 0 106
4 15 35 0 -10 0 0 56
4 15 36 0 -10 0 0 57
4 15 37 0 -10 0 0 80
4 15 38 0 -10 0 0 61
4 15 39 0 -10 0 0 121
4 15 40 0 -10 0 0 70
4 15 41 0 -10 0 0 48
4 15 42 0 -10 0 0 96
4 15 43 0 -10 0 0 98
4 15 44 0 -10 0 0 63
4 15 45 0 -10 0 0 64
4 15 46 0 -10 0 0 101
4 15 47 0 -10 0 0 70
4 15 48 0 -10 0 0 61
4 15 49 0 -10 0 0 86
4 15 50 0 -10 0 0 69
4 15 51 5.5 -2 0 0 208
4 15 52 0 -10 0 0 127
4 15 53 0 -10 0 0 86
4 15 54 0 -10 0 0 73
4 15 55 0 -10 0 0 143
4 15 56 0 -10 0 0 107
4 15 57 0 -10 0 0 133
4 15 58 0 -10 0 0 88
4 15 59 0 -10 0 0 150
4 15 60 0 -10 0 0 105
4 15 61 1.5 -2 0 0 246
4 15 62 0 -10 0 0 168
4 15 63 0 -10 0 0 146
5 0 0 0 -10 0 0 139
5 0 1 0 -10 0 0 127
5 0 2 0 -10 0 0 75
5 0 3 0 -10 0 0 30
5 0 4 0 -10 0 0 110
5 0 5 0 -10 0 0 118
5 0 6 0 -10 0 0 112
5 0 7 0 -10 0 0 58
5 0 8 0 -10 0 0 102
5 0 9 0 -10 0 0 73
5 0 10 0 -10 0 0 62
5 0 11 0 -10 0 0 115
5 0 12 0 -10 0 0 100
5 0 13 0 -10 0 0 70
5 0 14 0 -10 0 0 169
5 0 15 0 -10 0 0 92
5 0 16 0 -10 0 0 68
5 0 17 0 -10 0 0 151
5 0 18 0 -10 0 0 49
5 0 19 0 -10 0 0 83
5 0 20 0 -10 0 0 58
5 0 21 0 -10 0 0 91
5 0 22 0 -10 0 0 37
5 0 23 0 -10 0 0 149
5 0 24 0 -10 0 0 132
5 0 25 0 -10 0 0 109
5 0 26 5.5 -2 0 0 214
5 0 27 0 -10 0 0 43
5 0 28 0 -10 0 0 33
5 0 29 0 -10 0 0 189
5 0 30 0 -10 0 0 32
5 0 31 0 -10 0 0 118
5 0 32 0 -10 0 0 114
5 0 33 0 -10 0 0 143
5 0 34 5.5 -2 0 0 252
5 0 35 0 -10 0 0 144
5 0 36 0 -10 0 0 12
5 0 37 0 -10 0 0 184
5 0 38 0 -10 0 0 148
5 0 39 0 -10 0 0 122
5 0 40 0 -10 0 0 179
5 0 41 0 -10 0 0 47
5 0 42 0 -10 0 0 199
5 0 43 5.5 -2 0 0 254
5 0 44 0 -10 0 0 60
5 0 45 0 -10 0 0 42
5 0 46 5.5 -2 0 0 285
5 0 47 0 -10 0 0 200
5 0 48 0 -10 0 0 80
5 0 49 0 -10 0 0 47
5 0 50 5.5 -2 0 0 227
5 0 51 5.5 -2 0 0 557
5 0 52 5.5 -2 0 0 247
5 0 53 0 -10 0 0 90
5 0 54 0 -10 0 0 49
5 0 55 5.5 -2 0 0 369
5 0 56 5.5 -2 0 0 407
5 0 57 1.5 -2 0 0 485
5 0 58 1.5 -2 0 0 256
5 0 59 5.5 -2 0 0 421
5 0 60 0 -10 0 0 144
5 0 61 5.5 -2 0 0 684
5 0 62 1.5 -2 0 0 502
5 0 63 1.5 -2 0 0 326
5 1 0 5.5 -2 0 0 605
5 1 1 5.5 -2 0 0 653
5 1 2 5.5 -2 0 0 683
5 1 3 5.5 -2 0 0 443
5 1 4 5.5 -2 0 0 302
5 1 5 5.5 -2 0 0 442
5 1 6 5.5 -2 0 0 825
5 1 7 4.70103 0.359042 0.871135 0.0331274 573
5 1 8 5.5 -2 0 0 373
5 1 9 5.5 -2 0 0 783
5 1 10 5.5 -2 0 0 938
5 1 11 5.5 -2 0 0 321
5 1 12 5.5 -2 0 0 492
5 1 13 4.60944 0.428803 1.03577 0.0562824 364
5 1 14 4.82406 0.459955 0.812915 0.213869 368
5 1 15 5.5 -2 0 0 333
5 1 16 5.5 -2 0 0 1044
5 1 17 5.5 -2 0 0 285
5 1 18 4.85084 0.482649 0.701681 0.226394 333
5 1 19 5.14857 0.356734 0.897012 0.147041 446
5 1 20 0 -10 0 0 103
5 1 21 5.1261 0.355916 0.897409 0.0657289 778
5 1 22 4.75895 0.401813 0.886911 0.0568969 470
5 1 23 0 -10 0 0 71
5 1 24 5.17862 0.444383 0.615166 0.0830795 377
5 1 25 4.83319 0.39103 0.705871 0.0822542 313
5 1 26 5.13012 0.403546 0.945894 0.227336 277
5 1 27 4.97122 0.381973 0.793976 0.107861 241
5 1 28 5.5 -2 0 0 262
5 1 29 0 -10 0 0 197
5 1 30 5.5 -2 0 0 220
5 1 31 4.64945 0.459505 0.700714 0.0600812 256
5 1 32 4.79616 0.368346 0.684369 0.410847 226
5 1 33 0 -10 0 0 155
5 1 34 5.11037 0.495206 0.518564 0.0876512 230
5 1 35 0 -10 0 0 200
5 1 36 0 -10 0 0 155
5 1 37 0 -10 0 0 171
5 1 38 0 -10 0 0 158
5 1 39 0 -10 0 0 123
5 1 40 0 -10 0 0 185
5 1 41 0 -10 0 0 149
5 1 42 0 -10 0 0 138
5 1 43 0 -10 0 0 75
5 1 44 0 -10 0 0 120
5 1 45 0 -10 0 0 160
5 1 46 0 -10 0 0 198
5 1 47 0 -10 0 0 127
5 1 48 0 -10 0 0 153
5 1 49 0 -10 0 0 145
5 1 50 0 -10 0 0 122
5 1 51 0 -10 0 0 102
5 1 52 0 -10 0 0 48
5 1 53 0 -10 0 0 112
5 1 54 0 -10 0 0 111
5 1 55 0 -10 0 0 100
5 1 56 0 -10 0 0 96
5 1 57 0 -10 0 0 103
5 1 58 0 -10 0 0 119
5 1 59 0 -10 0 0 82
5 1 60 0 -10 0 0 121
5 1 61 0 -10 0 0 111
5 1 62 0 -10 0 0 131
5 1 63 0 -10 0 0 111
5 2 0 5.5 -2 0 0 625
5 2 1 5.5 -2 0 0 390
5 2 2 5.5 -2 0 0 285
5 2 3 0 -10 0 0 188
5 2 4 0 -10 0 0 141
5 2 5 5.5 -2 0 0 331
5 2 6 0 -10 0 0 182
5 2 7 0 -10 0 0 136
5 2 8 5.5 -2 0 0 325
5 2 9 0 -10 0 0 176
5 2 10 0 -10 0 0 103
5 2 11 0 -10 0 0 150
5 2 12 5.5 -2 0 0 228
5 2 13 0 -10 0 0 67
5 2 14 4.94879 0.377846 0.7899 0.089274 616
5 2 15 0 -10 0 0 81
5 2 16 0 -10 0 0 135
5 2 17 5.5 -2 0 0 297
5 2 18 0 -10 0 0 87
5 2 19 0 -10 0 0 160
5 2 20 5.5 -2 0 0 424
5 2 21 0 -10 0 0 118
5 2 22 0 -10 0 0 101
5 2 23 0 -10 0 0 114
5 2 24 5.5 -2 0 0 422
5 2 25 0 -10 0 0 170
5 2 26 4.59815 0.396637 0.863211 0.104868 911
5 2 27 0 -10 0 0 69
5 2 28 0 -10 0 0 66
5 2 29 0 -10 0 0 182
5 2 30 0 -10 0 0 63
5 2 31 0 -10 0 0 151
5 2 32 0 -10 0 0 190
5 2 33 0 -10 0 0 114
5 2 34 5.5 -2 0 0 426
5 2 35 0 -10 0 0 163
5 2 36 0 -10 0 0 63
5 2 37 5.08896 0.412986 0.758642 0.136445 459
5 2 38 0 -10 0 0 161
5 2 39 5.25392 0.318331 0.121346 0.522761 350
5 2 40 0 -10 0 0 77
5 2 41 5.5 -2 0 0 212
5 2 42 5.5 -2 0 0 435
5 2 43 5.5 -2 0 0 319
5 2 44 5.5 -2 0 0 212
5 2 45 4.62838 0.384768 1.02209 0.0539454 287
5 2 46 5.5 -2 0 0 550
5 2 47 0 -10 0 0 0
5 2 48 5.5 -2 0 0 301
5 2 49 5.5 -2 0 0 483
5 2 50 5.5 -2 0 0 259
5 2 51 5.5 -2 0 0 1095
5 2 52 5.5 -2 0 0 939
5 2 53 5.5 -2 0 0 276
5 2 54 5.5 -2 0 0 390
5 2 55 5.5 -2 0 0 867
5 2 56 5.5 -2 0 0 634
5 2 57 5.5 -2 0 0 340
5 2 58 5.5 -2 0 0 521
5 2 59 5.5 -2 0 0 497
5 2 60 1.5 -2 0 0 312
5 2 61 5.5 -2 0 0 2277
5 2 62 5.5 -2 0 0 1602
5 2 63 5.5 -2 0 0 571
5 3 0 5.5 -2 0 0 549
5 3 1 5.5 -2 0 0 600
5 3 2 5.5 -2 0 0 581
5 3 3 5.5 -2 0 0 496
5 3 4 0 -10 0 0 111
5 3 5 5.5 -2 0 0 541
5 3 6 5.5 -2 0 0 740
5 3 7 5.5 -2 0 0 906
5 3 8 5.5 -2 0 0 351
5 3 9 5.5 -2 0 0 958
5 3 10 5.5 -2 0 0 1167
5 3 11 5.5 -2 0 0 215
5 3 12 5.5 -2 0 0 291
5 3 13 5.5 -2 0 0 762
5 3 14 5.5 -2 0 0 486
5 3 15 5.5 -2 0 0 372
5 3 16 5.5 -2 0 0 1400
5 3 17 5.5 -2 0 0 285
5 3 18 0 -10 0 0 138
5 3 19 5.5 -2 0 0 500
5 3 20 0 -10 0 0 43
5 3 21 5.5 -2 0 0 914
5 3 22 5.5 -2 0 0 432
5 3 23 0 -10 0 0 61
5 3 24 5.5 -2 0 0 430
5 3 25 5.5 -2 0 0 288
5 3 26 0 -10 0 0 82
5 3 27 0 -10 0 0 87
5 3 28 0 -10 0 0 139
5 3 29 0 -10 0 0 86
5 3 30 0 -10 0 0 97
5 3 31 5.5 -2 0 0 582
5 3 32 5.5 -2 0 0 394
5 3 33 0 -10 0 0 118
5 3 34 0 -10 0 0 114
5 3 35 5.5 -2 0 0 564
5 3 36 0 -10 0 0 56
5 3 37 0 -10 0 0 42
5 3 38 5.5 -2 0 0 358
5 3 39 5.5 -2 0 0 262
5 3 40 5.5 -2 0 0 308
5 3 41 5.5 -2 0 0 328
5 3 42 0 -10 0 0 44
5 3 43 5.5 -2 0 0 207
5 3 44 5.5 -2 0 0 221
5 3 45 0 -10 0 0 89
5 3 46 5.5 -2 0 0 312
5 3 47 5.5 -2 0 0 333
5 3 48 5.5 -2 0 0 279
5 3 49 0 -10 0 0 58
5 3 50 5.5 -2 0 0 244
5 3 51 5.5 -2 0 0 207
5 3 52 0 -10 0 0 159
5 3 53 5.5 -2 0 0 292
5 3 54 0 -10 0 0 186
5 3 55 5.5 -2 0 0 254
5 3 56 5.5 -2 0 0 240
5 3 57 1.5 -2 0 0 217
5 3 58 1.5 -2 0 0 264
5 3 59 0 -10 0 0 121
5 3 60 0 -10 0 0 43
5 3 61 5.5 -2 0 0 210
5 3 62 1.5 -2 0 0 226
5 3 63 0 -10 0 0 56
5 4 0 5.5 -2 0 0 2012
5 4 1 5.5 -2 0 0 645
5 4 2 5.5 -2 0 0 244
5 4 3 5.5 -2 0 0 283
5 4 4 5.5 -2 0 0 411
5 4 5 5.5 -2 0 0 430
5 4 6 5.5 -2 0 0 560
5 4 7 5.5 -2 0 0 204
5 4 8 5.5 -2 0 0 614
5 4 9 5.5 -2 0 0 362
5 4 10 5.5 -2 0 0 251
5 4 11 5.5 -2 0 0 497
5 4 12 5.5 -2 0 0 337
5 4 13 5.5 -2 0 0 206
5 4 14 4.66826 0.390627 0.827049 0.124297 1486
5 4 15 4.62757 0.422888 0.518027 0.278189 225
5 4 16 5.5 -2 0 0 238
5 4 17 5.5 -2 0 0 676
5 4 18 4.61851 0.405854 0.474756 0.389136 222
5 4 19 0 -10 0 0 159
5 4 20 0 -10 0 0 93
5 4 21 5.5 -2 0 0 459
5 4 22 5.5 -2 0 0 236
5 4 23 0 -10 0 0 100
5 4 24 5.27233 0.484154 0.702253 0.230739 915
5 4 25 0 -10 0 0 174
5 4 26 4.60551 0.35236 0.9016 0.0441785 1306
5 4 27 0 -10 0 0 55
5 4 28 0 -10 0 0 182
5 4 29 5.5 -2 0 0 718
5 4 30 0 -10 0 0 66
5 4 31 0 -10 0 0 164
5 4 32 0 -10 0 0 147
5 4 33 0 -10 0 0 71
5 4 34 5.10803 0.307885 0.756239 0.0440353 1023
5 4 35 0 -10 0 0 150
5 4 36 0 -10 0 0 53
5 4 37 0 -10 0 0 67
5 4 38 0 -10 0 0 143
5 4 39 5.5 -2 0 0 239
5 4 40 0 -10 0 0 89
5 4 41 0 -10 0 0 178
5 4 42 0 -10 0 0 75
5 4 43 4.97224 0.374753 0.899062 0.0609805 648
5 4 44 0 -10 0 0 151
5 4 45 0 -10 0 0 176
5 4 46 5.5 -2 0 0 875
5 4 47 0 -10 0 0 127
5 4 48 5.5 -2 0 0 247
5 4 49 5.5 -2 0 0 202
5 4 50 0 -10 0 0 186
5 4 51 5.5 -2 0 0 384
5 4 52 5.5 -2 0 0 486
5 4 53 0 -10 0 0 165
5 4 54 5.5 -2 0 0 255
5 4 55 5.5 -2 0 0 410
5 4 56 5.5 -2 0 0 285
5 4 57 5.5 -2 0 0 297
5 4 58 5.5 -2 0 0 268
5 4 59 5.5 -2 0 0 720
5 4 60 0 -10 0 0 178
5 4 61 5.5 -2 0 0 558
5 4 62 5.5 -2 0 0 693
5 4 63 5.5 -2 0 0 362
5 5 0 4.69103 -3 0 0 194
5 5 1 5.5 -2 0 0 230
5 5 2 4.94432 0.445379 0.556069 0.198522 222
5 5 3 5.5 -2 0 0 299
5 5 4 5.5 -2 0 0 212
5 5 5 5.5 -2 0 0 247
5 5 6 5.5 -2 0 0 265
5 5 7 5.5 -2 0 0 372
5 5 8 5.5 -2 0 0 250
5 5 9 5.5 -2 0 0 258
5 5 10 5.5 -2 0 0 401
5 5 11 5.5 -2 0 0 286
5 5 12 5.5 -2 0 0 218
5 5 13 5.5 -2 0 0 329
5 5 14 5.03468 0.444481 0.690508 0.153634 218
5 5 15 4.69103 -3 0 0 134
5 5 16 4.69103 -3 0 0 80
5 5 17 5.5 -2 0 0 242
5 5 18 5.5 -2 0 0 305
5 5 19 5.18383 0.388358 0.906873 0.0601525 419
5 5 20 5.5 -2 0 0 655
5 5 21 5.89064 0.48016 0.715247 0.0426124 284
5 5 22 5.35146 0.525262 0.524808 0.197792 300
5 5 23 5.60736 0.482831 0.806219 0.0786767 270
5 5 24 4.69103 -3 0 0 167
5 5 25 5.73578 0.459393 0.570191 0.211807 484
5 5 26 5.5 -2 0 0 218
5 5 27 5.3181 0.43265 0.971447 0.0782799 325
5 5 28 4.69103 -3 0 0 137
5 5 29 4.69103 -3 0 0 195
5 5 30 5.86519 0.396838 1.05262 0.342058 308
5 5 31 5.5 -2 0 0 240
5 5 32 5.71127 0.430742 1.03295 0.138783 358
5 5 33 4.90278 0.42444 0.594335 0.0899405 321
5 5 34 5.24549 0.469511 0.895376 0.0998067 258
5 5 35 5.0657 0.34096 0.847639 0.0875438 739
5 5 36 5.5 -2 0 0 327
5 5 37 5.5 -2 0 0 327
5 5 38 4.61937 0.344856 0.963191 0.05786 804
5 5 39 5.06951 0.410496 0.979208 0.155277 788
5 5 40 5.5 -2 0 0 299
5 5 41 5.0189 0.373436 0.725728 0.0883338 420
5 5 42 4.94133 0.46618 0.994489 0.0901021 319
5 5 43 5.5 -2 0 0 322
5 5 44 4.69407 0.372522 0.757567 0.170916 547
5 5 45 5.20096 0.417345 0.64781 0.0634006 383
5 5 46 5.5 -2 0 0 321
5 5 47 5.50098 0.5109 1.41707 0.249637 1977
5 5 48 4.8863 0.465942 0.849829 0.141246 353
5 5 49 5.5 -2 0 0 264
5 5 50 5.5 -2 0 0 533
5 5 51 5.5 -2 0 0 659
5 5 52 5.5 -2 0 0 299
5 5 53 5.5 -2 0 0 905
5 5 54 5.5 -2 0 0 396
5 5 55 5.5 -2 0 0 407
5 5 56 5.5 -2 0 0 693
5 5 57 5.5 -2 0 0 602
5 5 58 5.5 -2 0 0 424
5 5 59 5.5 -2 0 0 378
5 5 60 5.5 -2 0 0 806
5 5 61 5.5 -2 0 0 572
5 5 62 5.5 -2 0 0 407
5 5 63 5.5 -2 0 0 442
5 6 0 5.5 -2 0 0 739
5 6 1 5.5 -2 0 0 502
5 6 2 5.5 -2 0 0 365
5 6 3 0 -10 0 0 159
5 6 4 5.5 -2 0 0 228
5 6 5 5.5 -2 0 0 239
5 6 6 5.5 -2 0 0 350
5 6 7 0 -10 0 0 117
5 6 8 5.5 -2 0 0 319
5 6 9 5.5 -2 0 0 206
5 6 10 5.5 -2 0 0 201
5 6 11 0 -10 0 0 80
5 6 12 5.5 -2 0 0 227
5 6 13 0 -10 0 0 125
5 6 14 5.5 -2 0 0 517
5 6 15 0 -10 0 0 132
5 6 16 0 -10 0 0 178
5 6 17 0 -10 0 0 197
5 6 18 0 -10 0 0 171
5 6 19 0 -10 0 0 110
5 6 20 0 -10 0 0 34
5 6 21 5.5 -2 0 0 263
5 6 22 0 -10 0 0 141
5 6 23 5.5 -2 0 0 219
5 6 24 5.5 -2 0 0 351
5 6 25 0 -10 0 0 127
5 6 26 5.5 -2 0 0 342
5 6 27 0 -10 0 0 115
5 6 28 0 -10 0 0 99
5 6 29 0 -10 0 0 108
5 6 30 0 -10 0 0 102
5 6 31 0 -10 0 0 91
5 6 32 0 -10 0 0 113
5 6 33 0 -10 0 0 78
5 6 34 5.5 -2 0 0 307
5 6 35 0 -10 0 0 83
5 6 36 0 -10 0 0 49
5 6 37 0 -10 0 0 35
5 6 38 0 -10 0 0 70
5 6 39 0 -10 0 0 92
5 6 40 0 -10 0 0 25
5 6 41 0 -10 0 0 89
5 6 42 0 -10 0 0 131
5 6 43 0 -10 0 0 179
5 6 44 0 -10 0 0 83
5 6 45 0 -10 0 0 97
5 6 46 5.5 -2 0 0 245
5 6 47 0 -10 0 0 25
5 6 48 0 -10 0 0 52
5 6 49 0 -10 0 0 122
5 6 50 0 -10 0 0 66
5 6 51 0 -10 0 0 97
5 6 52 0 -10 0 0 159
5 6 53 0 -10 0 0 58
5 6 54 0 -10 0 0 117
5 6 55 0 -10 0 0 125
5 6 56 0 -10 0 0 94
5 6 57 0 -10 0 0 102
5 6 58 0 -10 0 0 81
5 6 59 0 -10 0 0 165
5 6 60 0 -10 0 0 78
5 6 61 0 -10 0 0 134
5 6 62 0 -10 0 0 154
5 6 63 0 -10 0 0 114
5 7 0 4.72508 -3 0 0 114
5 7 1 4.72508 -3 0 0 96
5 7 2 4.72508 -3 0 0 130
5 7 3 4.72508 -3 0 0 124
5 7 4 4.72508 -3 0 0 125
5 7 5 4.72508 -3 0 0 139
5 7 6 4.72508 -3 0 0 97
5 7 7 4.72508 -3 0 0 140
5 7 8 4.72508 -3 0 0 93
5 7 9 4.72508 -3 0 0 95
5 7 10 4.72508 -3 0 0 119
5 7 11 4.72508 -3 0 0 164
5 7 12 4.72508 -3 0 0 92
5 7 13 4.72508 -3 0 0 172
5 7 14 4.72508 -3 0 0 116
5 7 15 4.72508 -3 0 0 173
5 7 16 4.72508 -3 0 0 125
5 7 17 4.72508 -3 0 0 130
5 7 18 4.72508 -3 0 0 171
5 7 19 5.5 -2 0 0 233
5 7 20 4.72508 -3 0 0 179
5 7 21 4.72508 -3 0 0 125
5 7 22 4.72508 -3 0 0 134
5 7 23 4.72508 -3 0 0 164
5 7 24 4.72508 -3 0 0 117
5 7 25 5.5 -2 0 0 241
5 7 26 4.72508 -3 0 0 154
5 7 27 4.72508 -3 0 0 171
5 7 28 5.41475 0.368336 0.683348 0.166602 208
5 7 29 4.72508 -3 0 0 188
5 7 30 4.72508 -3 0 0 199
5 7 31 4.8865 0.458187 0.91212 0.0474096 368
5 7 32 5.22786 0.461601 1.05536 0.0737873 301
5 7 33 4.72508 -3 0 0 130
5 7 34 5.5 -2 0 0 206
5 7 35 4.72508 -3 0 0 194
5 7 36 5.30189 0.438133 0.983745 0.25532 258
5 7 37 5.5 -2 0 0 246
5 7 38 4.62915 0.369276 0.456563 0.282775 285
5 7 39 5.5 -2 0 0 986
5 7 40 5.5 -2 0 0 298
5 7 41 4.72508 -3 0 0 146
5 7 42 5.20518 0.415547 0.779799 0.476578 342
5 7 43 5.5 -2 0 0 231
5 7 44 5.20116 0.401765 0.910519 0.0816253 585
5 7 45 4.69839 0.403328 0.711017 0.270663 430
5 7 46 5.5 -2 0 0 235
5 7 47 4.95491 0.445486 0.827237 0.0619025 600
5 7 48 5.63241 0.394169 0.896467 0.142857 318
5 7 49 5.5 -2 0 0 275
5 7 50 5.5 -2 0 0 518
5 7 51 5.5 -2 0 0 633
5 7 52 5.5 -2 0 0 288
5 7 53 5.5 -2 0 0 910
5 7 54 5.5 -2 0 0 546
5 7 55 5.5 -2 0 0 394
5 7 56 4.88771 0.45919 0.893167 0.0702303 811
5 7 57 5.5 -2 0 0 750
5 7 58 5.5 -2 0 0 458
5 7 59 5.5 -2 0 0 291
5 7 60 5.5 -2 0 0 879
5 7 61 5.5 -2 0 0 555
5 7 62 5.5 -2 0 0 396
5 7 63 5.5 -2 0 0 443
5 8 0 0 -10 0 0 72
5 8 1 0 -10 0 0 68
5 8 2 0 -10 0 0 111
5 8 3 0 -10 0 0 138
5 8 4 0 -10 0 0 140
5 8 5 0 -10 0 0 44
5 8 6 0 -10 0 0 70
5 8 7 0 -10 0 0 168
5 8 8 0 -10 0 0 66
5 8 9 0 -10 0 0 127
5 8 10 0 -10 0 0 143
5 8 11 0 -10 0 0 66
5 8 12 0 -10 0 0 116
5 8 13 5.5 -2 0 0 204
5 8 14 0 -10 0 0 112
5 8 15 0 -10 0 0 153
5 8 16 0 -10 0 0 161
5 8 17 0 -10 0 0 113
5 8 18 0 -10 0 0 52
5 8 19 5.5 -2 0 0 253
5 8 20 0 -10 0 0 76
5 8 21 0 -10 0 0 112
5 8 22 0 -10 0 0 157
5 8 23 0 -10 0 0 133
5 8 24 0 -10 0 0 116
5 8 25 5.5 -2 0 0 292
5 8 26 0 -10 0 0 125
5 8 27 5.5 -2 0 0 209
5 8 28 5.5 -2 0 0 219
5 8 29 0 -10 0 0 159
5 8 30 0 -10 0 0 193
5 8 31 5.5 -2 0 0 328
5 8 32 5.19817 0.49404 0.561762 0.0290112 278
5 8 33 4.66477 0.411541 0.818251 0.219796 229
5 8 34 0 -10 0 0 130
5 8 35 4.69787 0.382325 0.736541 0.0384415 538
5 8 36 4.85564 0.4025 0.9458 0.132089 236
5 8 37 0 -10 0 0 155
5 8 38 5.5 -2 0 0 762
5 8 39 4.77204 0.437001 0.904504 0.164213 586
5 8 40 5.5 -2 0 0 205
5 8 41 5.5 -2 0 0 388
5 8 42 4.81533 0.428628 1.02301 0.0734192 230
5 8 43 0 -10 0 0 167
5 8 44 4.78611 0.368938 0.831208 0.0083889 524
5 8 45 5.5 -2 0 0 305
5 8 46 0 -10 0 0 151
5 8 47 5.5 -2 0 0 683
5 8 48 5.5 -2 0 0 290
5 8 49 0 -10 0 0 179
5 8 50 5.5 -2 0 0 414
5 8 51 5.5 -2 0 0 353
5 8 52 0 -10 0 0 199
5 8 53 5.5 -2 0 0 794
5 8 54 5.5 -2 0 0 364
5 8 55 5.5 -2 0 0 260
5 8 56 5.5 -2 0 0 473
5 8 57 5.5 -2 0 0 429
5 8 58 5.5 -2 0 0 316
5 8 59 0 -10 0 0 166
5 8 60 5.5 -2 0 0 677
5 8 61 5.5 -2 0 0 307
5 8 62 5.5 -2 0 0 241
5 8 63 5.5 -2 0 0 262
5 9 0 5.5 -2 0 0 314
5 9 1 5.5 -2 0 0 239
5 9 2 0 -10 0 0 194
5 9 3 0 -10 0 0 38
5 9 4 0 -10 0 0 27
5 9 5 0 -10 0 0 90
5 9 6 0 -10 0 0 151
5 9 7 0 -10 0 0 57
5 9 8 0 -10 0 0 114
5 9 9 0 -10 0 0 116
5 9 10 0 -10 0 0 78
5 9 11 0 -10 0 0 42
5 9 12 0 -10 0 0 48
5 9 13 0 -10 0 0 69
5 9 14 5.5 -2 0 0 235
5 9 15 0 -10 0 0 67
5 9 16 0 -10 0 0 69
5 9 17 0 -10 0 0 82
5 9 18 0 -10 0 0 35
5 9 19 0 -10 0 0 61
5 9 20 0 -10 0 0 87
5 9 21 0 -10 0 0 113
5 9 22 0 -10 0 0 39
5 9 23 0 -10 0 0 43
5 9 24 0 -10 0 0 185
5 9 25 0 -10 0 0 55
5 9 26 0 -10 0 0 176
5 9 27 0 -10 0 0 36
5 9 28 0 -10 0 0 58
5 9 29 0 -10 0 0 121
5 9 30 0 -10 0 0 78
5 9 31 0 -10 0 0 50
5 9 32 0 -10 0 0 40
5 9 33 0 -10 0 0 22
5 9 34 0 -10 0 0 160
5 9 35 0 -10 0 0 22
5 9 36 0 -10 0 0 74
5 9 37 0 -10 0 0 55
5 9 38 0 -10 0 0 9
5 9 39 0 -10 0 0 44
5 9 40 0 -10 0 0 14
5 9 41 0 -10 0 0 41
5 9 42 0 -10 0 0 27
5 9 43 0 -10 0 0 67
5 9 44 0 -10 0 0 23
5 9 45 0 -10 0 0 47
5 9 46 0 -10 0 0 149
5 9 47 0 -10 0 0 31
5 9 48 0 -10 0 0 34
5 9 49 0 -10 0 0 49
5 9 50 0 -10 0 0 42
5 9 51 0 -10 0 0 77
5 9 52 0 -10 0 0 77
5 9 53 0 -10 0 0 15
5 9 54 0 -10 0 0 36
5 9 55 0 -10 0 0 81
5 9 56 0 -10 0 0 34
5 9 57 0 -10 0 0 66
5 9 58 0 -10 0 0 42
5 9 59 0 -10 0 0 119
5 9 60 0 -10 0 0 39
5 9 61 0 -10 0 0 74
5 9 62 0 -10 0 0 98
5 9 63 0 -10 0 0 81
5 10 0 0 -10 0 0 171
5 10 1 0 -10 0 0 173
5 10 2 5.5 -2 0 0 272
5 10 3 1.5 -2 0 0 259
5 10 4 5.5 -2 0 0 247
5 10 5 5.5 -2 0 0 242
5 10 6 5.5 -2 0 0 245
5 10 7 5.5 -2 0 0 628
5 10 8 5.5 -2 0 0 202
5 10 9 5.5 -2 0 0 306
5 10 10 0 -10 0 0 141
5 10 11 5.5 -2 0 0 212
5 10 12 5.5 -2 0 0 274
5 10 13 5.5 -2 0 0 253
5 10 14 0 -10 0 0 166
5 10 15 5.5 -2 0 0 255
5 10 16 5.5 -2 0 0 539
5 10 17 5.5 -2 0 0 208
5 10 18 5.5 -2 0 0 280
5 10 19 5.5 -2 0 0 668
5 10 20 0 -10 0 0 53
5 10 21 5.5 -2 0 0 254
5 10 22 5.5 -2 0 0 203
5 10 23 0 -10 0 0 176
5 10 24 0 -10 0 0 192
5 10 25 5.5 -2 0 0 960
5 10 26 0 -10 0 0 196
5 10 27 5.5 -2 0 0 394
5 10 28 5.5 -2 0 0 484
5 10 29 0 -10 0 0 196
5 10 30 5.5 -2 0 0 300
5 10 31 5.5 -2 0 0 1076
5 10 32 5.5 -2 0 0 521
5 10 33 0 -10 0 0 128
5 10 34 0 -10 0 0 174
5 10 35 5.5 -2 0 0 1287
5 10 36 5.5 -2 0 0 368
5 10 37 0 -10 0 0 95
5 10 38 5.5 -2 0 0 1559
5 10 39 5.5 -2 0 0 754
5 10 40 5.5 -2 0 0 294
5 10 41 5.5 -2 0 0 612
5 10 42 5.5 -2 0 0 308
5 10 43 5.5 -2 0 0 234
5 10 44 5.5 -2 0 0 957
5 10 45 5.5 -2 0 0 283
5 10 46 5.5 -2 0 0 202
5 10 47 5.5 -2 0 0 2538
5 10 48 5.5 -2 0 0 417
5 10 49 5.5 -2 0 0 292
5 10 50 5.5 -2 0 0 701
5 10 51 5.5 -2 0 0 363
5 10 52 5.5 -2 0 0 287
5 10 53 5.5 -2 0 0 1274
5 10 54 5.5 -2 0 0 456
5 10 55 5.5 -2 0 0 319
5 10 56 5.5 -2 0 0 481
5 10 57 5.5 -2 0 0 406
5 10 58 5.5 -2 0 0 435
5 10 59 5.5 -2 0 0 247
5 10 60 1.5 -2 0 0 975
5 10 61 1.5 -2 0 0 376
5 10 62 1.5 -2 0 0 258
5 10 63 1.5 -2 0 0 330
5 11 0 5.5 -2 0 0 752
5 11 1 5.5 -2 0 0 445
5 11 2 5.5 -2 0 0 218
5 11 3 0 -10 0 0 146
5 11 4 0 -10 0 0 115
5 11 5 0 -10 0 0 191
5 11 6 5.5 -2 0 0 282
5 11 7 0 -10 0 0 97
5 11 8 5.5 -2 0 0 305
5 11 9 0 -10 0 0 169
5 11 10 0 -10 0 0 144
5 11 11 5.5 -2 0 0 240
5 11 12 0 -10 0 0 191
5 11 13 0 -10 0 0 119
5 11 14 5.5 -2 0 0 582
5 11 15 0 -10 0 0 69
5 11 16 0 -10 0 0 130
5 11 17 5.5 -2 0 0 359
5 11 18 0 -10 0 0 163
5 11 19 0 -10 0 0 131
5 11 20 0 -10 0 0 38
5 11 21 5.5 -2 0 0 224
5 11 22 0 -10 0 0 119
5 11 23 5.5 -2 0 0 278
5 11 24 4.60633 0.411011 0.824417 0.0830628 389
5 11 25 0 -10 0 0 103
5 11 26 5.5 -2 0 0 533
5 11 27 0 -10 0 0 87
5 11 28 0 -10 0 0 68
5 11 29 5.07565 0.42768 0.902372 0.0821425 373
5 11 30 0 -10 0 0 62
5 11 31 0 -10 0 0 97
5 11 32 0 -10 0 0 118
5 11 33 0 -10 0 0 111
5 11 34 5.5 -2 0 0 507
5 11 35 0 -10 0 0 79
5 11 36 0 -10 0 0 142
5 11 37 0 -10 0 0 126
5 11 38 0 -10 0 0 103
5 11 39 0 -10 0 0 138
5 11 40 0 -10 0 0 158
5 11 41 0 -10 0 0 96
5 11 42 0 -10 0 0 173
5 11 43 5.5 -2 0 0 310
5 11 44 0 -10 0 0 97
5 11 45 0 -10 0 0 111
5 11 46 5.5 -2 0 0 433
5 11 47 0 -10 0 0 70
5 11 48 0 -10 0 0 137
5 11 49 5.5 -2 0 0 240
5 11 50 0 -10 0 0 101
5 11 51 5.5 -2 0 0 280
5 11 52 5.5 -2 0 0 276
5 11 53 0 -10 0 0 81
5 11 54 0 -10 0 0 141
5 11 55 5.5 -2 0 0 226
5 11 56 0 -10 0 0 183
5 11 57 0 -10 0 0 191
5 11 58 5.5 -2 0 0 222
5 11 59 5.5 -2 0 0 420
5 11 60 0 -10 0 0 104
5 11 61 5.5 -2 0 0 337
5 11 62 5.5 -2 0 0 397
5 11 63 1.5 -2 0 0 211
5 12 0 5.5 -2 0 0 300
5 12 1 5.5 -2 0 0 362
5 12 2 5.5 -2 0 0 372
5 12 3 5.5 -2 0 0 635
5 12 4 0 -10 0 0 185
5 12 5 5.5 -2 0 0 382
5 12 6 5.5 -2 0 0 548
5 12 7 5.5 -2 0 0 1718
5 12 8 5.5 -2 0 0 333
5 12 9 5.5 -2 0 0 807
5 12 10 5.5 -2 0 0 758
5 12 11 5.5 -2 0 0 277
5 12 12 5.5 -2 0 0 533
5 12 13 5.5 -2 0 0 629
5 12 14 5.5 -2 0 0 238
5 12 15 5.5 -2 0 0 366
5 12 16 5.5 -2 0 0 2522
5 12 17 4.6027 0.374206 0.761467 0.181942 252
5 12 18 5.5 -2 0 0 344
5 12 19 5.5 -2 0 0 1191
5 12 20 5.5 -2 0 0 297
5 12 21 4.61502 0.28461 0.802876 0.0173787 642
5 12 22 5.07402 0.374626 0.665194 0.19419 801
5 12 23 0 -10 0 0 97
5 12 24 5.5 -2 0 0 259
5 12 25 5.19832 0.30767 0.948169 0.10002 998
5 12 26 5.5 -2 0 0 223
5 12 27 4.8755 0.316966 1.07557 0.105007 291
5 12 28 5.5 -2 0 0 605
5 12 29 4.68532 0.395587 0.792042 0.141034 222
5 12 30 5.5 -2 0 0 306
5 12 31 4.64437 0.325637 0.835402 0.0926139 862
5 12 32 4.69884 0.281755 0.746815 0.166873 408
5 12 33 5.5 -2 0 0 319
5 12 34 0 -10 0 0 163
5 12 35 5.5 -2 0 0 747
5 12 36 0 -10 0 0 95
5 12 37 5.5 -2 0 0 202
5 12 38 4.81328 0.466214 0.668872 0.114027 530
5 12 39 5.5 -2 0 0 238
5 12 40 5.5 -2 0 0 264
5 12 41 5.5 -2 0 0 266
5 12 42 5.5 -2 0 0 204
5 12 43 0 -10 0 0 153
5 12 44 4.84311 0.41107 0.871449 0.0775721 412
5 12 45 5.5 -2 0 0 362
5 12 46 0 -10 0 0 170
5 12 47 5.5 -2 0 0 368
5 12 48 5.5 -2 0 0 210
5 12 49 0 -10 0 0 144
5 12 50 0 -10 0 0 52
5 12 51 0 -10 0 0 138
5 12 52 0 -10 0 0 161
5 12 53 5.5 -2 0 0 211
5 12 54 0 -10 0 0 153
5 12 55 0 -10 0 0 143
5 12 56 0 -10 0 0 155
5 12 57 0 -10 0 0 198
5 12 58 0 -10 0 0 168
5 12 59 0 -10 0 0 157
5 12 60 5.5 -2 0 0 223
5 12 61 0 -10 0 0 129
5 12 62 0 -10 0 0 156
5 12 63 0 -10 0 0 130
5 13 0 5.5 -2 0 0 274
5 13 1 5.5 -2 0 0 249
5 13 2 0 -10 0 0 196
5 13 3 0 -10 0 0 115
5 13 4 0 -10 0 0 159
5 13 5 0 -10 0 0 165
5 13 6 0 -10 0 0 157
5 13 7 0 -10 0 0 78
5 13 8 0 -10 0 0 182
5 13 9 0 -10 0 0 117
5 13 10 0 -10 0 0 76
5 13 11 0 -10 0 0 163
5 13 12 0 -10 0 0 114
5 13 13 0 -10 0 0 89
5 13 14 5.5 -2 0 0 366
5 13 15 0 -10 0 0 48
5 13 16 0 -10 0 0 91
5 13 17 5.5 -2 0 0 293
5 13 18 0 -10 0 0 137
5 13 19 0 -10 0 0 77
5 13 20 0 -10 0 0 130
5 13 21 0 -10 0 0 141
5 13 22 0 -10 0 0 93
5 13 23 0 -10 0 0 23
5 13 24 5.5 -2 0 0 289
5 13 25 0 -10 0 0 79
5 13 26 5.5 -2 0 0 416
5 13 27 0 -10 0 0 14
5 13 28 0 -10 0 0 12
5 13 29 0 -10 0 0 142
5 13 30 0 -10 0 0 174
5 13 31 0 -10 0 0 85
5 13 32 0 -10 0 0 93
5 13 33 0 -10 0 0 126
5 13 34 5.5 -2 0 0 400
5 13 35 0 -10 0 0 85
5 13 36 0 -10 0 0 12
5 13 37 0 -10 0 0 17
5 13 38 0 -10 0 0 129
5 13 39 5.5 -2 0 0 219
5 13 40 0 -10 0 0 10
5 13 41 0 -10 0 0 104
5 13 42 5.5 -2 0 0 267
5 13 43 0 -10 0 0 79
5 13 44 0 -10 0 0 131
5 13 45 0 -10 0 0 150
5 13 46 5.5 -2 0 0 520
5 13 47 0 -10 0 0 127
5 13 48 0 -10 0 0 26
5 13 49 5.5 -2 0 0 293
5 13 50 0 -10 0 0 160
5 13 51 5.5 -2 0 0 444
5 13 52 5.5 -2 0 0 375
5 13 53 0 -10 0 0 135
5 13 54 0 -10 0 0 197
5 13 55 5.5 -2 0 0 388
5 13 56 5.5 -2 0 0 298
5 13 57 5.5 -2 0 0 346
5 13 58 5.5 -2 0 0 216
5 13 59 5.5 -2 0 0 526
5 13 60 0 -10 0 0 167
5 13 61 5.5 -2 0 0 693
5 13 62 5.5 -2 0 0 656
5 13 63 1.5 -2 0 0 292
5 14 0 5.5 -2 0 0 299
5 14 1 5.5 -2 0 0 357
5 14 2 5.5 -2 0 0 437
5 14 3 5.5 -2 0 0 224
5 14 4 5.5 -2 0 0 275
5 14 5 5.5 -2 0 0 381
5 14 6 5.5 -2 0 0 524
5 14 7 5.5 -2 0 0 210
5 14 8 5.5 -2 0 0 293
5 14 9 5.5 -2 0 0 263
5 14 10 5.5 -2 0 0 356
5 14 11 5.5 -2 0 0 203
5 14 12 5.5 -2 0 0 425
5 14 13 5.5 -2 0 0 462
5 14 14 0 -10 0 0 108
5 14 15 5.5 -2 0 0 341
5 14 16 5.5 -2 0 0 358
5 14 17 0 -10 0 0 39
5 14 18 0 -10 0 0 51
5 14 19 5.5 -2 0 0 642
5 14 20 5.5 -2 0 0 235
5 14 21 5.5 -2 0 0 762
5 14 22 5.5 -2 0 0 731
5 14 23 0 -10 0 0 185
5 14 24 5.5 -2 0 0 247
5 14 25 5.5 -2 0 0 446
5 14 26 0 -10 0 0 53
5 14 27 5.5 -2 0 0 281
5 14 28 5.5 -2 0 0 342
5 14 29 0 -10 0 0 170
5 14 30 0 -10 0 0 38
5 14 31 5.5 -2 0 0 304
5 14 32 5.5 -2 0 0 239
5 14 33 0 -10 0 0 172
5 14 34 0 -10 0 0 179
5 14 35 4.7504 0.46082 0.982872 0.0730558 237
5 14 36 0 -10 0 0 184
5 14 37 0 -10 0 0 145
5 14 38 5.5 -2 0 0 220
5 14 39 0 -10 0 0 99
5 14 40 0 -10 0 0 152
5 14 41 0 -10 0 0 169
5 14 42 0 -10 0 0 158
5 14 43 0 -10 0 0 140
5 14 44 0 -10 0 0 90
5 14 45 0 -10 0 0 59
5 14 46 0 -10 0 0 156
5 14 47 0 -10 0 0 171
5 14 48 0 -10 0 0 112
5 14 49 0 -10 0 0 97
5 14 50 0 -10 0 0 80
5 14 51 0 -10 0 0 39
5 14 52 0 -10 0 0 105
5 14 53 0 -10 0 0 145
5 14 54 0 -10 0 0 114
5 14 55 0 -10 0 0 55
5 14 56 0 -10 0 0 126
5 14 57 0 -10 0 0 79
5 14 58 0 -10 0 0 78
5 14 59 0 -10 0 0 115
5 14 60 0 -10 0 0 132
5 14 61 0 -10 0 0 97
5 14 62 0 -10 0 0 108
5 14 63 0 -10 0 0 20
5 15 0 0 -10 0 0 117
5 15 1 0 -10 0 0 9
5 15 2 0 -10 0 0 89
5 15 3 0 -10 0 0 58
5 15 4 0 -10 0 0 67
5 15 5 0 -10 0 0 56
5 15 6 0 -10 0 0 15
5 15 7 0 -10 0 0 47
5 15 8 0 -10 0 0 88
5 15 9 0 -10 0 0 46
5 15 10 0 -10 0 0 35
5 15 11 0 -10 0 0 91
5 15 12 0 -10 0 0 51
5 15 13 0 -10 0 0 51
5 15 14 0 -10 0 0 111
5 15 15 0 -10 0 0 43
5 15 16 0 -10 0 0 0
5 15 17 0 -10 0 0 105
5 15 18 0 -10 0 0 56
5 15 19 0 -10 0 0 47
5 15 20 0 -10 0 0 66
5 15 21 0 -10 0 0 58
5 15 22 0 -10 0 0 48
5 15 23 0 -10 0 0 81
5 15 24 0 -10 0 0 91
5 15 25 0 -10 0 0 53
5 15 26 0 -10 0 0 134
5 15 27 0 -10 0 0 52
5 15 28 0 -10 0 0 57
5 15 29 0 -10 0 0 125
5 15 30 0 -10 0 0 81
5 15 31 0 -10 0 0 48
5 15 32 0 -10 0 0 42
5 15 33 0 -10 0 0 51
5 15 34 0 -10 0 0 163
5 15 35 0 -10 0 0 22
5 15 36 0 -10 0 0 71
5 15 37 0 -10 0 0 104
5 15 38 0 -10 0 0 29
5 15 39 0 -10 0 0 133
5 15 40 0 -10 0 0 88
5 15 41 0 -10 0 0 59
5 15 42 0 -10 0 0 55
5 15 43 0 -10 0 0 145
5 15 44 0 -10 0 0 56
5 15 45 0 -10 0 0 83
5 15 46 0 -10 0 0 151
5 15 47 0 -10 0 0 49
5 15 48 0 -10 0 0 89
5 15 49 0 -10 0 0 134
5 15 50 0 -10 0 0 77
5 15 51 5.5 -2 0 0 239
5 15 52 0 -10 0 0 161
5 15 53 0 -10 0 0 68
5 15 54 0 -10 0 0 108
5 15 55 0 -10 0 0 172
5 15 56 0 -10 0 0 153
5 15 57 5.5 -2 0 0 210
5 15 58 0 -10 0 0 120
5 15 59 0 -10 0 0 192
5 15 60 0 -10 0 0 93
5 15 61 5.5 -2 0 0 291
5 15 62 5.5 -2 0 0 234
5 15 63 0 -10 0 0 135
6 0 0 0 -10 0 0 107
6 0 1 0 -10 0 0 71
6 0 2 0 -10 0 0 163
6 0 3 0 -10 0 0 32
6 0 4 0 -10 0 0 122
6 0 5 0 -10 0 0 101
6 0 6 0 -10 0 0 72
6 0 7 0 -10 0 0 27
6 0 8 0 -10 0 0 83
6 0 9 0 -10 0 0 28
6 0 10 0 -10 0 0 20
6 0 11 0 -10 0 0 137
6 0 12 0 -10 0 0 36
6 0 13 0 -10 0 0 72
6 0 14 0 -10 0 0 134
6 0 15 0 -10 0 0 43
6 0 16 0 -10 0 0 86
6 0 17 0 -10 0 0 179
6 0 18 0 -10 0 0 59
6 0 19 0 -10 0 0 65
6 0 20 0 -10 0 0 61
6 0 21 0 -10 0 0 42
6 0 22 0 -10 0 0 25
6 0 23 0 -10 0 0 101
6 0 24 0 -10 0 0 132
6 0 25 0 -10 0 0 54
6 0 26 5.5 -2 0 0 203
6 0 27 0 -10 0 0 40
6 0 28 0 -10 0 0 60
6 0 29 0 -10 0 0 175
6 0 30 0 -10 0 0 37
6 0 31 0 -10 0 0 144
6 0 32 0 -10 0 0 64
6 0 33 0 -10 0 0 67
6 0 34 4.94912 0.447464 0.8468 0.177844 324
6 0 35 0 -10 0 0 65
6 0 36 0 -10 0 0 53
6 0 37 0 -10 0 0 108
6 0 38 0 -10 0 0 131
6 0 39 0 -10 0 0 189
6 0 40 0 -10 0 0 78
6 0 41 0 -10 0 0 89
6 0 42 0 -10 0 0 93
6 0 43 5.5 -2 0 0 234
6 0 44 0 -10 0 0 121
6 0 45 0 -10 0 0 90
6 0 46 0 -10 0 0 190
6 0 47 0 -10 0 0 182
6 0 48 0 -10 0 0 91
6 0 49 0 -10 0 0 161
6 0 50 0 -10 0 0 118
6 0 51 4.58546 0.429743 0.637892 0.0538382 509
6 0 52 0 -10 0 0 167
6 0 53 0 -10 0 0 183
6 0 54 0 -10 0 0 138
6 0 55 5.5 -2 0 0 333
6 0 56 5.5 -2 0 0 225
6 0 57 5.5 -2 0 0 440
6 0 58 0 -10 0 0 150
6 0 59 5.5 -2 0 0 322
6 0 60 5.5 -2 0 0 237
6 0 61 5.5 -2 0 0 611
6 0 62 5.5 -2 0 0 475
6 0 63 5.5 -2 0 0 260
6 1 0 5.5 -2 0 0 471
6 1 1 5.5 -2 0 0 620
6 1 2 5.5 -2 0 0 620
6 1 3 5.5 -2 0 0 292
6 1 4 4.90891 -3 0 0 103
6 1 5 5.5 -2 0 0 621
6 1 6 4.94624 0.475929 0.833209 0.0561211 810
6 1 7 4.9798 0.446044 0.617781 0.0371748 597
6 1 8 5.5 -2 0 0 255
6 1 9 5.44709 0.470785 0.527984 0.108361 517
6 1 10 5.16944 0.385558 0.868449 0.0875378 987
6 1 11 4.90891 -3 0 0 143
6 1 12 4.75876 0.419646 0.623598 0.09989 354
6 1 13 5.5 -2 0 0 340
6 1 14 5.13465 0.505718 0.817042 0.0767036 285
6 1 15 5.5 -2 0 0 336
6 1 16 5.01729 0.399419 1.02288 0.042982 1316
6 1 17 5.84656 0.407375 0.612191 0.194748 216
6 1 18 4.90891 -3 0 0 169
6 1 19 5.5 -2 0 0 387
6 1 20 4.90891 -3 0 0 81
6 1 21 5.67022 0.3941 0.781571 0.14858 737
6 1 22 5.34599 0.533512 0.606104 0.0505607 522
6 1 23 4.90891 -3 0 0 85
6 1 24 5.49378 0.431393 0.760675 0.0951321 396
6 1 25 4.89203 0.377676 0.715738 0.0759548 224
6 1 26 5.5 -2 0 0 267
6 1 27 4.90891 -3 0 0 77
6 1 28 4.90891 -3 0 0 167
6 1 29 4.90891 -3 0 0 74
6 1 30 4.90891 -3 0 0 106
6 1 31 5.5 -2 0 0 214
6 1 32 5.26872 0.36973 0.693794 0.118039 220
6 1 33 4.90891 -3 0 0 111
6 1 34 4.90891 -3 0 0 140
6 1 35 5.5 -2 0 0 251
6 1 36 4.90891 -3 0 0 67
6 1 37 4.90891 -3 0 0 54
6 1 38 4.90891 -3 0 0 168
6 1 39 4.90891 -3 0 0 34
6 1 40 4.90891 -3 0 0 79
6 1 41 4.90891 -3 0 0 169
6 1 42 4.90891 -3 0 0 100
6 1 43 4.90891 -3 0 0 84
6 1 44 4.90891 -3 0 0 116
6 1 45 4.90891 -3 0 0 113
6 1 46 4.90891 -3 0 0 137
6 1 47 4.90891 -3 0 0 113
6 1 48 4.90891 -3 0 0 132
6 1 49 4.90891 -3 0 0 76
6 1 50 4.90891 -3 0 0 107
6 1 51 4.90891 -3 0 0 44
6 1 52 4.90891 -3 0 0 103
6 1 53 4.90891 -3 0 0 49
6 1 54 4.90891 -3 0 0 154
6 1 55 4.90891 -3 0 0 91
6 1 56 4.90891 -3 0 0 41
6 1 57 4.90891 -3 0 0 46
6 1 58 4.90891 -3 0 0 176
6 1 59 4.90891 -3 0 0 132
6 1 60 4.90891 -3 0 0 28
6 1 61 4.90891 -3 0 0 44
6 1 62 4.90891 -3 0 0 101
6 1 63 4.90891 -3 0 0 71
6 2 0 5.5 -2 0 0 310
6 2 1 0 -10 0 0 151
6 2 2 5.5 -2 0 0 303
6 2 3 0 -10 0 0 162
6 2 4 0 -10 0 0 108
6 2 5 0 -10 0 0 182
6 2 6 0 -10 0 0 119
6 2 7 0 -10 0 0 100
6 2 8 5.5 -2 0 0 324
6 2 9 5.5 -2 0 0 206
6 2 10 0 -10 0 0 154
6 2 11 4.93131 0.481008 0.713459 0.18882 438
6 2 12 0 -10 0 0 193
6 2 13 0 -10 0 0 131
6 2 14 5.5 -2 0 0 559
6 2 15 0 -10 0 0 183
6 2 16 0 -10 0 0 89
6 2 17 5.62596 0.354771 1.02059 0.0935448 468
6 2 18 0 -10 0 0 130
6 2 19 0 -10 0 0 111
6 2 20 0 -10 0 0 190
6 2 21 5.5 -2 0 0 278
6 2 22 0 -10 0 0 105
6 2 23 5.37351 0.456337 1.13878 0.220691 412
6 2 24 5.27563 0.371135 0.724815 0.0710971 424
6 2 25 0 -10 0 0 82
6 2 26 5.48862 0.358023 0.92486 0.0571324 726
6 2 27 0 -10 0 0 166
6 2 28 0 -10 0 0 177
6 2 29 5.18223 0.410636 0.752481 0.197175 499
6 2 30 0 -10 0 0 104
6 2 31 0 -10 0 0 162
6 2 32 0 -10 0 0 133
6 2 33 0 -10 0 0 191
6 2 34 5.27281 0.409892 0.750166 0.139389 760
6 2 35 0 -10 0 0 170
6 2 36 5.0692 0.479173 1.00801 0.0974634 252
6 2 37 4.99604 0.363977 0.983128 0.178634 412
6 2 38 5.5 -2 0 0 219
6 2 39 5.5 -2 0 0 436
6 2 40 4.86994 0.35192 0.925028 0.123626 383
6 2 41 0 -10 0 0 167
6 2 42 4.91787 0.375296 0.897495 0.112402 370
6 2 43 5.25036 0.444773 0.623385 0.164743 535
6 2 44 0 -10 0 0 180
6 2 45 4.84925 0.42087 0.919042 0.148387 217
6 2 46 5.50916 0.516663 0.547238 0.1724 431
6 2 47 0 -10 0 0 195
6 2 48 4.72755 0.392104 0.804351 0.148148 257
6 2 49 5.5 -2 0 0 500
6 2 50 5.5 -2 0 0 242
6 2 51 5.5 -2 0 0 984
6 2 52 4.74419 0.36605 0.618236 0.13927 669
6 2 53 5.5 -2 0 0 232
6 2 54 5.5 -2 0 0 387
6 2 55 5.5 -2 0 0 710
6 2 56 5.5 -2 0 0 534
6 2 57 5.5 -2 0 0 731
6 2 58 5.5 -2 0 0 529
6 2 59 5.5 -2 0 0 1075
6 2 60 1.5 -2 0 0 267
6 2 61 5.5 -2 0 0 2072
6 2 62 5.5 -2 0 0 1493
6 2 63 5.5 -2 0 0 543
6 3 0 5.5 -2 0 0 674
6 3 1 5.5 -2 0 0 531
6 3 2 5.5 -2 0 0 770
6 3 3 5.5 -2 0 0 441
6 3 4 0 -10 0 0 151
6 3 5 5.5 -2 0 0 395
6 3 6 5.5 -2 0 0 766
6 3 7 5.5 -2 0 0 927
6 3 8 5.5 -2 0 0 265
6 3 9 5.5 -2 0 0 946
6 3 10 5.5 -2 0 0 744
6 3 11 0 -10 0 0 121
6 3 12 5.5 -2 0 0 358
6 3 13 5.5 -2 0 0 372
6 3 14 5.5 -2 0 0 413
6 3 15 5.5 -2 0 0 364
6 3 16 4.88094 0.330546 1.34895 0.0981268 1782
6 3 17 0 -10 0 0 160
6 3 18 0 -10 0 0 113
6 3 19 5.5 -2 0 0 534
6 3 20 5.5 -2 0 0 207
6 3 21 5.5 -2 0 0 587
6 3 22 5.5 -2 0 0 540
6 3 23 0 -10 0 0 121
6 3 24 5.5 -2 0 0 272
6 3 25 5.5 -2 0 0 662
6 3 26 0 -10 0 0 176
6 3 27 0 -10 0 0 120
6 3 28 5.5 -2 0 0 380
6 3 29 0 -10 0 0 87
6 3 30 0 -10 0 0 99
6 3 31 5.5 -2 0 0 367
6 3 32 5.5 -2 0 0 284
6 3 33 0 -10 0 0 136
6 3 34 0 -10 0 0 104
6 3 35 4.59531 0.372773 0.736334 0.178826 470
6 3 36 0 -10 0 0 166
6 3 37 0 -10 0 0 87
6 3 38 5.5 -2 0 0 303
6 3 39 0 -10 0 0 56
6 3 40 5.5 -2 0 0 274
6 3 41 5.5 -2 0 0 244
6 3 42 0 -10 0 0 165
6 3 43 5.5 -2 0 0 216
6 3 44 5.5 -2 0 0 211
6 3 45 5.5 -2 0 0 307
6 3 46 5.5 -2 0 0 223
6 3 47 5.5 -2 0 0 346
6 3 48 5.5 -2 0 0 225
6 3 49 0 -10 0 0 152
6 3 50 0 -10 0 0 180
6 3 51 0 -10 0 0 140
6 3 52 0 -10 0 0 152
6 3 53 5.5 -2 0 0 315
6 3 54 0 -10 0 0 186
6 3 55 0 -10 0 0 181
6 3 56 0 -10 0 0 163
6 3 57 0 -10 0 0 139
6 3 58 0 -10 0 0 175
6 3 59 5.5 -2 0 0 214
6 3 60 0 -10 0 0 83
6 3 61 1.5 -2 0 0 225
6 3 62 0 -10 0 0 162
6 3 63 0 -10 0 0 77
6 4 0 5.5 -2 0 0 2229
6 4 1 5.5 -2 0 0 1257
6 4 2 4.59167 0.450379 0.793696 0.0512243 789
6 4 3 5.01232 -3 0 0 186
6 4 4 5.5 -2 0 0 424
6 4 5 5.42877 0.396511 0.578139 0.0887382 298
6 4 6 5.5 -2 0 0 598
6 4 7 4.91329 0.427702 0.883257 0.109272 230
6 4 8 5.5 -2 0 0 511
6 4 9 5.01232 -3 0 0 95
6 4 10 4.84662 0.305617 0.438283 0.345331 206
6 4 11 4.8722 0.457513 0.76955 0.116978 573
6 4 12 5.47135 0.49032 0.193963 0.218334 215
6 4 13 5.01232 -3 0 0 170
6 4 14 5.41609 0.383028 0.818879 0.133444 1352
6 4 15 5.10308 0.425436 0.871399 0.127868 254
6 4 16 5.14554 0.484598 0.864664 0.119462 243
6 4 17 6.0111 0.532652 0.365242 0.231194 517
6 4 18 5.5 -2 0 0 329
6 4 19 5.01232 -3 0 0 137
6 4 20 5.89986 0.452207 0.769057 0.0451389 407
6 4 21 5.5 -2 0 0 318
6 4 22 5.35187 0.489107 0.668248 0.132936 237
6 4 23 5.5 -2 0 0 451
6 4 24 5.36262 0.36422 0.69093 0.15802 673
6 4 25 5.01232 -3 0 0 166
6 4 26 5.4563 0.358638 0.614875 0.035775 832
6 4 27 5.01232 -3 0 0 181
6 4 28 5.01232 -3 0 0 172
6 4 29 5.73926 0.493346 0.321115 0.28577 274
6 4 30 5.04633 0.411624 0.853475 0.0501935 261
6 4 31 5.01232 -3 0 0 107
6 4 32 5.01232 -3 0 0 154
6 4 33 5.01232 -3 0 0 141
6 4 34 5.0012 0.392358 0.553586 0.0229632 384
6 4 35 5.01232 -3 0 0 148
6 4 36 5.26885 0.394958 0.839266 0.101453 216
6 4 37 5.58961 0.338546 0.910335 0.0766598 291
6 4 38 5.01232 -3 0 0 163
6 4 39 5.26097 0.467096 0.704795 0.173873 256
6 4 40 5.51241 0.366434 0.976292 0.181739 406
6 4 41 5.01232 -3 0 0 155
6 4 42 5.5 -2 0 0 255
6 4 43 4.98117 0.384478 0.462552 0.0973978 308
6 4 44 5.01232 -3 0 0 124
6 4 45 5.01232 -3 0 0 146
6 4 46 5.15863 0.403174 0.517953 0.058779 355
6 4 47 5.01232 -3 0 0 105
6 4 48 5.36155 0.388437 0.564114 0.232378 210
6 4 49 5.29281 0.45123 0.887755 0.0616517 277
6 4 50 5.01232 -3 0 0 151
6 4 51 4.94972 0.412505 0.866977 0.0908703 336
6 4 52 5.26338 0.420324 0.659751 0.177103 255
6 4 53 5.01232 -3 0 0 120
6 4 54 5.01232 -3 0 0 190
6 4 55 5.14461 0.351963 0.695628 0.0689084 290
6 4 56 5.5 -2 0 0 231
6 4 57 5.5 -2 0 0 321
6 4 58 5.5 -2 0 0 228
6 4 59 5.5 -2 0 0 296
6 4 60 5.01232 -3 0 0 129
6 4 61 5.5 -2 0 0 432
6 4 62 5.5 -2 0 0 429
6 4 63 5.5 -2 0 0 266
6 5 0 0 -10 0 0 188
6 5 1 5.5 -2 0 0 225
6 5 2 5.5 -2 0 0 247
6 5 3 5.5 -2 0 0 224
6 5 4 0 -10 0 0 191
6 5 5 5.5 -2 0 0 249
6 5 6 5.5 -2 0 0 214
6 5 7 5.5 -2 0 0 394
6 5 8 5.5 -2 0 0 209
6 5 9 5.5 -2 0 0 234
6 5 10 5.5 -2 0 0 330
6 5 11 5.5 -2 0 0 369
6 5 12 5.5 -2 0 0 234
6 5 13 5.5 -2 0 0 400
6 5 14 0 -10 0 0 100
6 5 15 5.5 -2 0 0 239
6 5 16 5.5 -2 0 0 374
6 5 17 0 -10 0 0 126
6 5 18 5.5 -2 0 0 302
6 5 19 5.5 -2 0 0 527
6 5 20 5.5 -2 0 0 377
6 5 21 5.02132 0.317242 0.1 0.477557 280
6 5 22 5.5 -2 0 0 284
6 5 23 5.5 -2 0 0 368
6 5 24 0 -10 0 0 155
6 5 25 5.5 -2 0 0 694
6 5 26 0 -10 0 0 139
6 5 27 0 -10 0 0 146
6 5 28 5.5 -2 0 0 295
6 5 29 4.75837 0.454826 0.643621 0.110475 310
6 5 30 5.5 -2 0 0 319
6 5 31 5.5 -2 0 0 675
6 5 32 5.5 -2 0 0 325
6 5 33 5.5 -2 0 0 280
6 5 34 0 -10 0 0 116
6 5 35 5.5 -2 0 0 1002
6 5 36 4.61825 0.36218 0.917673 0.125085 286
6 5 37 5.5 -2 0 0 413
6 5 38 5.5 -2 0 0 1420
6 5 39 5.5 -2 0 0 575
6 5 40 5.5 -2 0 0 380
6 5 41 5.5 -2 0 0 368
6 5 42 0 -10 0 0 117
6 5 43 0 -10 0 0 200
6 5 44 5.5 -2 0 0 359
6 5 45 0 -10 0 0 188
6 5 46 0 -10 0 0 158
6 5 47 5.5 -2 0 0 1586
6 5 48 5.5 -2 0 0 266
6 5 49 0 -10 0 0 127
6 5 50 5.5 -2 0 0 292
6 5 51 5.5 -2 0 0 888
6 5 52 5.5 -2 0 0 258
6 5 53 5.5 -2 0 0 1243
6 5 54 0 -10 0 0 151
6 5 55 5.5 -2 0 0 618
6 5 56 5.5 -2 0 0 903
6 5 57 5.5 -2 0 0 420
6 5 58 5.5 -2 0 0 217
6 5 59 5.5 -2 0 0 530
6 5 60 1.5 -2 0 0 1430
6 5 61 5.5 -2 0 0 476
6 5 62 1.5 -2 0 0 260
6 5 63 0 -10 0 0 152
6 6 0 5.5 -2 0 0 584
6 6 1 5.5 -2 0 0 523
6 6 2 5.5 -2 0 0 385
6 6 3 0 -10 0 0 160
6 6 4 0 -10 0 0 187
6 6 5 5.5 -2 0 0 236
6 6 6 5.5 -2 0 0 330
6 6 7 0 -10 0 0 110
6 6 8 5.5 -2 0 0 281
6 6 9 5.5 -2 0 0 242
6 6 10 0 -10 0 0 180
6 6 11 0 -10 0 0 181
6 6 12 4.714 0.439956 0.766202 0.106258 205
6 6 13 0 -10 0 0 112
6 6 14 5.5 -2 0 0 430
6 6 15 0 -10 0 0 134
6 6 16 0 -10 0 0 139
6 6 17 5.5 -2 0 0 267
6 6 18 0 -10 0 0 144
6 6 19 0 -10 0 0 151
6 6 20 0 -10 0 0 146
6 6 21 5.5 -2 0 0 215
6 6 22 0 -10 0 0 179
6 6 23 5.5 -2 0 0 216
6 6 24 5.5 -2 0 0 350
6 6 25 0 -10 0 0 129
6 6 26 5.5 -2 0 0 347
6 6 27 0 -10 0 0 104
6 6 28 0 -10 0 0 80
6 6 29 5.5 -2 0 0 250
6 6 30 0 -10 0 0 131
6 6 31 0 -10 0 0 80
6 6 32 0 -10 0 0 82
6 6 33 0 -10 0 0 98
6 6 34 5.5 -2 0 0 345
6 6 35 0 -10 0 0 88
6 6 36 0 -10 0 0 131
6 6 37 0 -10 0 0 130
6 6 38 0 -10 0 0 66
6 6 39 0 -10 0 0 60
6 6 40 0 -10 0 0 130
6 6 41 0 -10 0 0 71
6 6 42 0 -10 0 0 115
6 6 43 0 -10 0 0 161
6 6 44 0 -10 0 0 57
6 6 45 0 -10 0 0 79
6 6 46 5.5 -2 0 0 261
6 6 47 0 -10 0 0 54
6 6 48 0 -10 0 0 71
6 6 49 0 -10 0 0 115
6 6 50 0 -10 0 0 65
6 6 51 0 -10 0 0 121
6 6 52 0 -10 0 0 144
6 6 53 0 -10 0 0 59
6 6 54 0 -10 0 0 84
6 6 55 0 -10 0 0 129
6 6 56 0 -10 0 0 85
6 6 57 0 -10 0 0 108
6 6 58 0 -10 0 0 85
6 6 59 0 -10 0 0 184
6 6 60 0 -10 0 0 80
6 6 61 0 -10 0 0 142
6 6 62 0 -10 0 0 142
6 6 63 0 -10 0 0 94
6 7 0 0 -10 0 0 142
6 7 1 0 -10 0 0 106
6 7 2 0 -10 0 0 126
6 7 3 0 -10 0 0 155
6 7 4 0 -10 0 0 130
6 7 5 0 -10 0 0 103
6 7 6 0 -10 0 0 137
6 7 7 0 -10 0 0 173
6 7 8 0 -10 0 0 112
6 7 9 0 -10 0 0 123
6 7 10 0 -10 0 0 128
6 7 11 0 -10 0 0 144
6 7 12 0 -10 0 0 133
6 7 13 0 -10 0 0 185
6 7 14 0 -10 0 0 141
6 7 15 0 -10 0 0 150
6 7 16 0 -10 0 0 144
6 7 17 0 -10 0 0 133
6 7 18 0 -10 0 0 130
6 7 19 0 -10 0 0 180
6 7 20 0 -10 0 0 173
6 7 21 0 -10 0 0 146
6 7 22 0 -10 0 0 148
6 7 23 4.7316 0.462823 0.601105 0.0802722 213
6 7 24 0 -10 0 0 115
6 7 25 5.5 -2 0 0 213
6 7 26 0 -10 0 0 137
6 7 27 5.5 -2 0 0 247
6 7 28 0 -10 0 0 200
6 7 29 0 -10 0 0 147
6 7 30 0 -10 0 0 192
6 7 31 5.01358 0.398837 0.968279 0.0192773 319
6 7 32 4.78165 0.406493 0.823302 0.180541 324
6 7 33 5.5 -2 0 0 243
6 7 34 0 -10 0 0 173
6 7 35 5.5 -2 0 0 504
6 7 36 0 -10 0 0 195
6 7 37 0 -10 0 0 172
6 7 38 4.63535 0.3691 0.869404 0.0854104 697
6 7 39 5.5 -2 0 0 840
6 7 40 0 -10 0 0 188
6 7 41 5.5 -2 0 0 367
6 7 42 5.5 -2 0 0 240
6 7 43 0 -10 0 0 196
6 7 44 5.5 -2 0 0 511
6 7 45 5.5 -2 0 0 404
6 7 46 5.5 -2 0 0 247
6 7 47 5.5 -2 0 0 1228
6 7 48 5.5 -2 0 0 303
6 7 49 4.72911 0.405638 0.753987 0.0370114 263
6 7 50 5.5 -2 0 0 521
6 7 51 5.5 -2 0 0 516
6 7 52 5.5 -2 0 0 231
6 7 53 5.5 -2 0 0 953
6 7 54 5.5 -2 0 0 573
6 7 55 5.5 -2 0 0 333
6 7 56 5.5 -2 0 0 716
6 7 57 5.5 -2 0 0 652
6 7 58 5.5 -2 0 0 491
6 7 59 5.5 -2 0 0 260
6 7 60 5.5 -2 0 0 899
6 7 61 5.5 -2 0 0 465
6 7 62 5.5 -2 0 0 312
6 7 63 5.5 -2 0 0 457
6 8 0 0 -10 0 0 47
6 8 1 0 -10 0 0 107
6 8 2 0 -10 0 0 132
6 8 3 0 -10 0 0 177
6 8 4 0 -10 0 0 74
6 8 5 0 -10 0 0 136
6 8 6 0 -10 0 0 132
6 8 7 5.5 -2 0 0 232
6 8 8 0 -10 0 0 150
6 8 9 0 -10 0 0 160
6 8 10 0 -10 0 0 164
6 8 11 0 -10 0 0 171
6 8 12 0 -10 0 0 167
6 8 13 5.5 -2 0 0 228
6 8 14 0 -10 0 0 139
6 8 15 4.63871 0.442543 0.625505 0.156803 219
6 8 16 0 -10 0 0 177
6 8 17 0 -10 0 0 141
6 8 18 0 -10 0 0 195
6 8 19 5.5 -2 0 0 272
6 8 20 5.5 -2 0 0 238
6 8 21 0 -10 0 0 111
6 8 22 0 -10 0 0 134
6 8 23 0 -10 0 0 58
6 8 24 0 -10 0 0 131
6 8 25 5.12673 0.440917 0.981813 0.113376 313
6 8 26 0 -10 0 0 156
6 8 27 0 -10 0 0 103
6 8 28 4.67449 0.458706 0.782064 0.0901284 302
6 8 29 5.5 -2 0 0 208
6 8 30 0 -10 0 0 63
6 8 31 5.5 -2 0 0 210
6 8 32 5.10705 0.453349 1.00201 0.0854947 375
6 8 33 0 -10 0 0 69
6 8 34 0 -10 0 0 193
6 8 35 5.5 -2 0 0 691
6 8 36 5.19356 0.415141 0.951019 0.111762 322
6 8 37 0 -10 0 0 71
6 8 38 4.93354 0.380709 0.626101 0.0870349 610
6 8 39 4.60409 0.347088 0.851274 0.0431013 657
6 8 40 0 -10 0 0 51
6 8 41 5.5 -2 0 0 543
6 8 42 0 -10 0 0 73
6 8 43 0 -10 0 0 55
6 8 44 4.63641 0.380958 0.765487 0.0780818 649
6 8 45 5.5 -2 0 0 450
6 8 46 0 -10 0 0 62
6 8 47 4.94529 0.349553 0.809042 0.0325601 1659
6 8 48 0 -10 0 0 68
6 8 49 0 -10 0 0 90
6 8 50 0 -10 0 0 147
6 8 51 5.5 -2 0 0 444
6 8 52 0 -10 0 0 88
6 8 53 5.5 -2 0 0 1084
6 8 54 5.5 -2 0 0 478
6 8 55 0 -10 0 0 159
6 8 56 5.5 -2 0 0 639
6 8 57 5.5 -2 0 0 540
6 8 58 5.5 -2 0 0 227
6 8 59 0 -10 0 0 86
6 8 60 5.5 -2 0 0 866
6 8 61 0 -10 0 0 142
6 8 62 0 -10 0 0 169
6 8 63 0 -10 0 0 155
6 9 0 0 -10 0 0 0
6 9 1 0 -10 0 0 0
6 9 2 0 -10 0 0 0
6 9 3 0 -10 0 0 0
6 9 4 0 -10 0 0 0
6 9 5 0 -10 0 0 0
6 9 6 0 -10 0 0 0
6 9 7 0 -10 0 0 0
6 9 8 0 -10 0 0 0
6 9 9 0 -10 0 0 0
6 9 10 0 -10 0 0 0
6 9 11 0 -10 0 0 0
6 9 12 0 -10 0 0 0
6 9 13 0 -10 0 0 0
6 9 14 0 -10 0 0 0
6 9 15 0 -10 0 0 0
6 9 16 0 -10 0 0 0
6 9 17 0 -10 0 0 0
6 9 18 0 -10 0 0 0
6 9 19 0 -10 0 0 0
6 9 20 0 -10 0 0 0
6 9 21 0 -10 0 0 0
6 9 22 0 -10 0 0 0
6 9 23 0 -10 0 0 0
6 9 24 0 -10 0 0 0
6 9 25 0 -10 0 0 0
6 9 26 0 -10 0 0 0
6 9 27 0 -10 0 0 0
6 9 28 0 -10 0 0 0
6 9 29 0 -10 0 0 0
6 9 30 0 -10 0 0 0
6 9 31 0 -10 0 0 0
6 9 32 0 -10 0 0 0
6 9 33 0 -10 0 0 0
6 9 34 0 -10 0 0 0
6 9 35 0 -10 0 0 0
6 9 36 0 -10 0 0 0
6 9 37 0 -10 0 0 0
6 9 38 0 -10 0 0 0
6 9 39 0 -10 0 0 0
6 9 40 0 -10 0 0 0
6 9 41 0 -10 0 0 0
6 9 42 0 -10 0 0 0
6 9 43 0 -10 0 0 0
6 9 44 0 -10 0 0 0
6 9 45 0 -10 0 0 0
6 9 46 0 -10 0 0 0
6 9 47 0 -10 0 0 0
6 9 48 0 -10 0 0 0
6 9 49 0 -10 0 0 0
6 9 50 0 -10 0 0 0
6 9 51 0 -10 0 0 0
6 9 52 0 -10 0 0 0
6 9 53 0 -10 0 0 0
6 9 54 0 -10 0 0 0
6 9 55 0 -10 0 0 0
6 9 56 0 -10 0 0 0
6 9 57 0 -10 0 0 0
6 9 58 0 -10 0 0 0
6 9 59 0 -10 0 0 0
6 9 60 0 -10 0 0 0
6 9 61 0 -10 0 0 0
6 9 62 0 -10 0 0 0
6 9 63 0 -10 0 0 0
6 10 0 5.5 -2 0 0 203
6 10 1 0 -10 0 0 101
6 10 2 5.5 -2 0 0 249
6 10 3 5.5 -2 0 0 359
6 10 4 0 -10 0 0 154
6 10 5 5.5 -2 0 0 236
6 10 6 5.5 -2 0 0 286
6 10 7 5.5 -2 0 0 592
6 10 8 0 -10 0 0 149
6 10 9 5.5 -2 0 0 342
6 10 10 5.5 -2 0 0 386
6 10 11 0 -10 0 0 173
6 10 12 5.5 -2 0 0 278
6 10 13 5.5 -2 0 0 633
6 10 14 5.5 -2 0 0 215
6 10 15 5.5 -2 0 0 379
6 10 16 5.5 -2 0 0 583
6 10 17 0 -10 0 0 140
6 10 18 5.5 -2 0 0 355
6 10 19 5.5 -2 0 0 456
6 10 20 5.5 -2 0 0 271
6 10 21 5.5 -2 0 0 272
6 10 22 4.88399 0.449174 0.520446 0.364432 388
6 10 23 5.5 -2 0 0 250
6 10 24 0 -10 0 0 162
6 10 25 5.5 -2 0 0 733
6 10 26 0 -10 0 0 94
6 10 27 5.5 -2 0 0 408
6 10 28 4.83145 0.412571 1.21326 0.182898 548
6 10 29 0 -10 0 0 150
6 10 30 0 -10 0 0 54
6 10 31 5.5 -2 0 0 1001
6 10 32 5.5 -2 0 0 591
6 10 33 5.5 -2 0 0 453
6 10 34 5.5 -2 0 0 205
6 10 35 4.70226 0.305348 0.798174 0.127425 1217
6 10 36 5.5 -2 0 0 419
6 10 37 5.5 -2 0 0 240
6 10 38 5.5 -2 0 0 1551
6 10 39 5.5 -2 0 0 771
6 10 40 0 -10 0 0 137
6 10 41 4.62551 0.298777 0.798908 0.091664 553
6 10 42 4.89565 0.471396 0.512406 0.0801718 227
6 10 43 5.5 -2 0 0 299
6 10 44 5.5 -2 0 0 878
6 10 45 5.5 -2 0 0 402
6 10 46 0 -10 0 0 107
6 10 47 4.64444 0.295383 1.102 0.0964418 2360
6 10 48 4.80749 0.398587 0.583526 0.320862 269
6 10 49 5.5 -2 0 0 212
6 10 50 5.5 -2 0 0 511
6 10 51 5.5 -2 0 0 354
6 10 52 5.5 -2 0 0 315
6 10 53 5.5 -2 0 0 1420
6 10 54 5.5 -2 0 0 556
6 10 55 5.5 -2 0 0 353
6 10 56 5.5 -2 0 0 511
6 10 57 5.5 -2 0 0 410
6 10 58 5.5 -2 0 0 314
6 10 59 0 -10 0 0 112
6 10 60 5.5 -2 0 0 970
6 10 61 5.5 -2 0 0 372
6 10 62 5.5 -2 0 0 304
6 10 63 1.5 -2 0 0 394
6 11 0 5.5 -2 0 0 836
6 11 1 5.5 -2 0 0 504
6 11 2 5.5 -2 0 0 427
6 11 3 0 -10 0 0 174
6 11 4 0 -10 0 0 161
6 11 5 5.5 -2 0 0 204
6 11 6 5.5 -2 0 0 334
6 11 7 0 -10 0 0 83
6 11 8 5.5 -2 0 0 326
6 11 9 0 -10 0 0 184
6 11 10 0 -10 0 0 143
6 11 11 5.68429 0.513017 0.137204 0.421709 258
6 11 12 0 -10 0 0 187
6 11 13 0 -10 0 0 85
6 11 14 5.5 -2 0 0 633
6 11 15 0 -10 0 0 133
6 11 16 0 -10 0 0 135
6 11 17 5.54283 0.533212 0.493564 0.168638 426
6 11 18 0 -10 0 0 189
6 11 19 0 -10 0 0 146
6 11 20 0 -10 0 0 174
6 11 21 5.5 -2 0 0 235
6 11 22 0 -10 0 0 114
6 11 23 0 -10 0 0 129
6 11 24 5.43247 0.488215 0.788361 0.0130319 316
6 11 25 0 -10 0 0 86
6 11 26 5.14229 0.456583 0.931055 0.0650745 599
6 11 27 0 -10 0 0 71
6 11 28 0 -10 0 0 93
6 11 29 0 -10 0 0 103
6 11 30 0 -10 0 0 45
6 11 31 0 -10 0 0 76
6 11 32 0 -10 0 0 79
6 11 33 0 -10 0 0 170
6 11 34 5.5 -2 0 0 552
6 11 35 0 -10 0 0 25
6 11 36 0 -10 0 0 38
6 11 37 0 -10 0 0 72
6 11 38 0 -10 0 0 76
6 11 39 0 -10 0 0 50
6 11 40 0 -10 0 0 78
6 11 41 0 -10 0 0 123
6 11 42 0 -10 0 0 50
6 11 43 0 -10 0 0 123
6 11 44 0 -10 0 0 15
6 11 45 0 -10 0 0 38
6 11 46 5.09282 0.41089 0.666171 0.100885 270
6 11 47 0 -10 0 0 79
6 11 48 0 -10 0 0 41
6 11 49 0 -10 0 0 84
6 11 50 0 -10 0 0 0
6 11 51 0 -10 0 0 154
6 11 52 0 -10 0 0 107
6 11 53 0 -10 0 0 55
6 11 54 0 -10 0 0 61
6 11 55 5.5 -2 0 0 217
6 11 56 0 -10 0 0 56
6 11 57 0 -10 0 0 95
6 11 58 0 -10 0 0 62
6 11 59 5.5 -2 0 0 544
6 11 60 0 -10 0 0 52
6 11 61 0 -10 0 0 131
6 11 62 5.5 -2 0 0 310
6 11 63 1.5 -2 0 0 312
6 12 0 5.5 -2 0 0 409
6 12 1 5.00511 0.480087 0.726077 0.211591 424
6 12 2 5.5 -2 0 0 523
6 12 3 5.5 -2 0 0 478
6 12 4 4.86596 -3 0 0 104
6 12 5 5.5 -2 0 0 296
6 12 6 5.5 -2 0 0 377
6 12 7 4.95908 0.448327 1.25967 0.0923669 2040
6 12 8 5.5 -2 0 0 408
6 12 9 4.85558 0.386547 0.894858 0.0680463 977
6 12 10 4.62548 0.326109 0.938282 0.0656599 1455
6 12 11 4.91627 0.474322 0.316186 0.319963 225
6 12 12 5.5 -2 0 0 419
6 12 13 4.80006 0.341291 0.76813 0.108916 692
6 12 14 4.86596 -3 0 0 197
6 12 15 5.5 -2 0 0 450
6 12 16 4.95845 0.266009 0.893676 0.129091 1737
6 12 17 4.86596 -3 0 0 138
6 12 18 5.10451 0.362116 0.833743 0.162062 285
6 12 19 4.69516 0.40183 0.835813 0.0347479 901
6 12 20 4.86596 -3 0 0 72
6 12 21 5.23295 0.496702 0.852569 0.119091 789
6 12 22 4.7282 0.359818 0.66419 0.122298 639
6 12 23 4.86596 -3 0 0 83
6 12 24 5.34704 0.436622 0.684968 0.14332 317
6 12 25 5.23329 0.401015 0.733176 0.16813 1094
6 12 26 5.5 -2 0 0 230
6 12 27 5.22411 0.470836 0.937266 0.0954857 472
6 12 28 5.30041 0.288996 0.868869 0.0985888 529
6 12 29 5.5 -2 0 0 226
6 12 30 4.86596 -3 0 0 80
6 12 31 5.76027 0.490282 1.17574 0.186412 1068
6 12 32 5.42142 0.409511 0.745951 0.180313 445
6 12 33 5.59315 0.379207 0.95058 0.0780133 514
6 12 34 4.86596 -3 0 0 146
6 12 35 5.17724 0.513078 0.925998 0.0250977 710
6 12 36 4.86596 -3 0 0 85
6 12 37 4.86596 -3 0 0 69
6 12 38 5.39946 0.338512 0.82607 0.0670243 469
6 12 39 5.12886 0.397395 0.666248 0.136858 300
6 12 40 4.86596 -3 0 0 70
6 12 41 5.56172 0.18477 0.1 0.377771 353
6 12 42 4.86596 -3 0 0 86
6 12 43 4.86596 -3 0 0 142
6 12 44 5.65647 0.46359 1.18326 0.0878884 380
6 12 45 6.85477 0.345969 0.142418 0.606279 342
6 12 46 4.86596 -3 0 0 159
6 12 47 5.34626 0.472168 1.12679 0.153419 525
6 12 48 5.19665 0.346371 0.553166 0.103485 216
6 12 49 4.86596 -3 0 0 169
6 12 50 5.5 -2 0 0 253
6 12 51 4.86596 -3 0 0 123
6 12 52 4.86596 -3 0 0 142
6 12 53 4.58732 0.44072 0.872787 0.107493 345
6 12 54 4.86596 -3 0 0 197
6 12 55 4.86596 -3 0 0 128
6 12 56 4.86596 -3 0 0 153
6 12 57 5.5 -2 0 0 227
6 12 58 4.86596 -3 0 0 121
6 12 59 4.86596 -3 0 0 144
6 12 60 5.5 -2 0 0 251
6 12 61 4.86596 -3 0 0 167
6 12 62 4.86596 -3 0 0 126
6 12 63 4.86596 -3 0 0 137
6 13 0 5.5 -2 0 0 327
6 13 1 5.5 -2 0 0 212
6 13 2 5.5 -2 0 0 255
6 13 3 0 -10 0 0 74
6 13 4 0 -10 0 0 90
6 13 5 0 -10 0 0 118
6 13 6 0 -10 0 0 160
6 13 7 0 -10 0 0 37
6 13 8 0 -10 0 0 198
6 13 9 0 -10 0 0 100
6 13 10 0 -10 0 0 69
6 13 11 0 -10 0 0 102
6 13 12 0 -10 0 0 101
6 13 13 0 -10 0 0 81
6 13 14 5.5 -2 0 0 415
6 13 15 0 -10 0 0 80
6 13 16 0 -10 0 0 106
6 13 17 4.93239 0.471253 0.73975 0.0817661 254
6 13 18 0 -10 0 0 81
6 13 19 0 -10 0 0 74
6 13 20 0 -10 0 0 142
6 13 21 0 -10 0 0 151
6 13 22 0 -10 0 0 127
6 13 23 0 -10 0 0 87
6 13 24 5.5 -2 0 0 218
6 13 25 0 -10 0 0 109
6 13 26 5.5 -2 0 0 362
6 13 27 0 -10 0 0 37
6 13 28 0 -10 0 0 86
6 13 29 5.5 -2 0 0 212
6 13 30 0 -10 0 0 110
6 13 31 0 -10 0 0 86
6 13 32 0 -10 0 0 59
6 13 33 0 -10 0 0 91
6 13 34 5.5 -2 0 0 373
6 13 35 0 -10 0 0 62
6 13 36 0 -10 0 0 129
6 13 37 5.67612 0.220658 0.1 0.40129 213
6 13 38 0 -10 0 0 116
6 13 39 5.5 -2 0 0 255
6 13 40 0 -10 0 0 184
6 13 41 0 -10 0 0 130
6 13 42 5.5 -2 0 0 255
6 13 43 5.5 -2 0 0 304
6 13 44 0 -10 0 0 140
6 13 45 0 -10 0 0 166
6 13 46 4.70037 0.465411 0.513871 0.170123 431
6 13 47 0 -10 0 0 100
6 13 48 0 -10 0 0 140
6 13 49 5.5 -2 0 0 318
6 13 50 0 -10 0 0 164
6 13 51 5.5 -2 0 0 544
6 13 52 5.5 -2 0 0 330
6 13 53 0 -10 0 0 162
6 13 54 5.5 -2 0 0 227
6 13 55 5.5 -2 0 0 494
6 13 56 5.5 -2 0 0 305
6 13 57 5.5 -2 0 0 393
6 13 58 5.5 -2 0 0 244
6 13 59 5.5 -2 0 0 648
6 13 60 5.5 -2 0 0 207
6 13 61 5.5 -2 0 0 786
6 13 62 5.5 -2 0 0 700
6 13 63 5.5 -2 0 0 317
6 14 0 5.5 -2 0 0 359
6 14 1 5.5 -2 0 0 306
6 14 2 5.5 -2 0 0 331
6 14 3 5.5 -2 0 0 466
6 14 4 5.5 -2 0 0 329
6 14 5 5.5 -2 0 0 457
6 14 6 5.5 -2 0 0 647
6 14 7 5.5 -2 0 0 815
6 14 8 5.5 -2 0 0 246
6 14 9 5.5 -2 0 0 890
6 14 10 5.5 -2 0 0 938
6 14 11 0 -10 0 0 190
6 14 12 5.5 -2 0 0 357
6 14 13 5.5 -2 0 0 477
6 14 14 5.1268 0.486511 0.777285 0.264505 231
6 14 15 5.5 -2 0 0 424
6 14 16 5.5 -2 0 0 1147
6 14 17 5.5 -2 0 0 234
6 14 18 5.5 -2 0 0 344
6 14 19 5.5 -2 0 0 556
6 14 20 0 -10 0 0 188
6 14 21 4.63137 0.395669 0.831183 0.043459 704
6 14 22 5.5 -2 0 0 531
6 14 23 0 -10 0 0 125
6 14 24 5.5 -2 0 0 270
6 14 25 5.5 -2 0 0 476
6 14 26 5.5 -2 0 0 204
6 14 27 5.5 -2 0 0 242
6 14 28 5.5 -2 0 0 373
6 14 29 0 -10 0 0 143
6 14 30 5.5 -2 0 0 231
6 14 31 4.89176 0.406585 0.965819 0.124166 369
6 14 32 5.5 -2 0 0 248
6 14 33 0 -10 0 0 184
6 14 34 0 -10 0 0 191
6 14 35 5.5 -2 0 0 207
6 14 36 0 -10 0 0 181
6 14 37 0 -10 0 0 71
6 14 38 5.5 -2 0 0 201
6 14 39 0 -10 0 0 159
6 14 40 0 -10 0 0 124
6 14 41 5.5 -2 0 0 213
6 14 42 0 -10 0 0 186
6 14 43 0 -10 0 0 132
6 14 44 0 -10 0 0 150
6 14 45 0 -10 0 0 149
6 14 46 0 -10 0 0 113
6 14 47 0 -10 0 0 0
6 14 48 0 -10 0 0 168
6 14 49 0 -10 0 0 99
6 14 50 0 -10 0 0 134
6 14 51 0 -10 0 0 57
6 14 52 0 -10 0 0 101
6 14 53 0 -10 0 0 170
6 14 54 0 -10 0 0 118
6 14 55 0 -10 0 0 74
6 14 56 0 -10 0 0 118
6 14 57 0 -10 0 0 100
6 14 58 0 -10 0 0 109
6 14 59 0 -10 0 0 86
6 14 60 0 -10 0 0 110
6 14 61 0 -10 0 0 102
6 14 62 0 -10 0 0 120
6 14 63 0 -10 0 0 135
6 15 0 0 -10 0 0 100
6 15 1 0 -10 0 0 56
6 15 2 0 -10 0 0 61
6 15 3 0 -10 0 0 53
6 15 4 0 -10 0 0 89
6 15 5 0 -10 0 0 49
6 15 6 0 -10 0 0 44
6 15 7 0 -10 0 0 30
6 15 8 0 -10 0 0 63
6 15 9 0 -10 0 0 44
6 15 10 0 -10 0 0 38
6 15 11 0 -10 0 0 110
6 15 12 0 -10 0 0 51
6 15 13 0 -10 0 0 65
6 15 14 0 -10 0 0 88
6 15 15 0 -10 0 0 61
6 15 16 0 -10 0 0 18
6 15 17 0 -10 0 0 118
6 15 18 0 -10 0 0 54
6 15 19 0 -10 0 0 25
6 15 20 0 -10 0 0 32
6 15 21 0 -10 0 0 46
6 15 22 0 -10 0 0 60
6 15 23 0 -10 0 0 93
6 15 24 0 -10 0 0 109
6 15 25 0 -10 0 0 43
6 15 26 0 -10 0 0 109
6 15 27 0 -10 0 0 67
6 15 28 0 -10 0 0 60
6 15 29 0 -10 0 0 170
6 15 30 0 -10 0 0 57
6 15 31 0 -10 0 0 43
6 15 32 0 -10 0 0 47
6 15 33 0 -10 0 0 72
6 15 34 0 -10 0 0 139
6 15 35 0 -10 0 0 73
6 15 36 0 -10 0 0 50
6 15 37 0 -10 0 0 131
6 15 38 0 -10 0 0 66
6 15 39 0 -10 0 0 73
6 15 40 0 -10 0 0 45
6 15 41 0 -10 0 0 80
6 15 42 0 -10 0 0 121
6 15 43 0 -10 0 0 133
6 15 44 0 -10 0 0 116
6 15 45 0 -10 0 0 62
6 15 46 5.5 -2 0 0 213
6 15 47 0 -10 0 0 70
6 15 48 0 -10 0 0 70
6 15 49 0 -10 0 0 124
6 15 50 0 -10 0 0 94
6 15 51 5.5 -2 0 0 266
6 15 52 0 -10 0 0 153
6 15 53 0 -10 0 0 112
6 15 54 0 -10 0 0 113
6 15 55 0 -10 0 0 156
6 15 56 0 -10 0 0 154
6 15 57 0 -10 0 0 163
6 15 58 0 -10 0 0 115
6 15 59 5.5 -2 0 0 208
6 15 60 0 -10 0 0 98
6 15 61 5.5 -2 0 0 287
6 15 62 5.5 -2 0 0 263
6 15 63 0 -10 0 0 155
7 0 0 4.71789 -3 0 0 155
7 0 1 4.71789 -3 0 0 134
7 0 2 4.71789 -3 0 0 137
7 0 3 4.71789 -3 0 0 72
7 0 4 4.71789 -3 0 0 37
7 0 5 4.71789 -3 0 0 126
7 0 6 4.71789 -3 0 0 115
7 0 7 4.71789 -3 0 0 83
7 0 8 4.71789 -3 0 0 76
7 0 9 4.71789 -3 0 0 79
7 0 10 4.71789 -3 0 0 68
7 0 11 4.71789 -3 0 0 67
7 0 12 4.71789 -3 0 0 113
7 0 13 4.71789 -3 0 0 112
7 0 14 4.71789 -3 0 0 113
7 0 15 4.71789 -3 0 0 70
7 0 16 4.71789 -3 0 0 65
7 0 17 4.71789 -3 0 0 66
7 0 18 4.71789 -3 0 0 50
7 0 19 4.71789 -3 0 0 92
7 0 20 4.71789 -3 0 0 20
7 0 21 4.71789 -3 0 0 101
7 0 22 4.71789 -3 0 0 78
7 0 23 5.62626 0.492088 0.782678 0.39087 219
7 0 24 4.71789 -3 0 0 81
7 0 25 4.71789 -3 0 0 116
7 0 26 4.71789 -3 0 0 116
7 0 27 4.71789 -3 0 0 79
7 0 28 4.71789 -3 0 0 129
7 0 29 4.71789 -3 0 0 112
7 0 30 4.71789 -3 0 0 23
7 0 31 4.71789 -3 0 0 130
7 0 32 4.71789 -3 0 0 130
7 0 33 4.71789 -3 0 0 70
7 0 34 5.5 -2 0 0 319
7 0 35 4.71789 -3 0 0 114
7 0 36 4.71789 -3 0 0 28
7 0 37 4.71789 -3 0 0 93
7 0 38 4.71789 -3 0 0 159
7 0 39 5.5 -2 0 0 313
7 0 40 4.71789 -3 0 0 30
7 0 41 4.71789 -3 0 0 149
7 0 42 4.71789 -3 0 0 61
7 0 43 5.31358 0.390499 0.828228 0.0889205 264
7 0 44 4.71789 -3 0 0 188
7 0 45 4.71789 -3 0 0 86
7 0 46 5.5 -2 0 0 372
7 0 47 5.05264 0.477534 0.667921 0.221813 203
7 0 48 4.71789 -3 0 0 197
7 0 49 5.5 -2 0 0 289
7 0 50 4.71789 -3 0 0 78
7 0 51 5.65199 0.47948 0.998878 0.0885532 629
7 0 52 5.5 -2 0 0 337
7 0 53 5.5 -2 0 0 227
7 0 54 4.71789 -3 0 0 86
7 0 55 5.5 -2 0 0 411
7 0 56 5.5 -2 0 0 414
7 0 57 5.5 -2 0 0 507
7 0 58 5.5 -2 0 0 293
7 0 59 5.5 -2 0 0 460
7 0 60 4.71789 -3 0 0 171
7 0 61 5.5 -2 0 0 775
7 0 62 5.5 -2 0 0 546
7 0 63 5.5 -2 0 0 326
7 1 0 4.60841 0.427126 0.84109 0.0567099 643
7 1 1 5.13146 0.404763 1.08853 0.0895652 727
7 1 2 5.5 -2 0 0 843
7 1 3 4.92308 -3 0 0 199
7 1 4 4.65296 0.405816 0.876819 0.156389 373
7 1 5 5.5 -2 0 0 549
7 1 6 5.1768 0.404628 0.773455 0.0503721 922
7 1 7 4.7879 0.418948 1.02009 0.041897 754
7 1 8 4.88931 0.367675 0.886055 0.0794037 544
7 1 9 5.5 -2 0 0 405
7 1 10 5.5 -2 0 0 320
7 1 11 5.01213 0.429851 0.680581 0.311564 370
7 1 12 4.81283 0.359229 0.836705 0.0660809 579
7 1 13 4.92308 -3 0 0 186
7 1 14 4.81857 0.33294 0.941227 0.0933087 487
7 1 15 4.92308 -3 0 0 137
7 1 16 5.21277 0.473916 0.288179 0.216183 592
7 1 17 5.5 -2 0 0 342
7 1 18 5.33314 0.354159 0.748814 0.148287 431
7 1 19 5.52053 0.419416 0.710065 0.158756 577
7 1 20 5.50507 0.377602 1.105 0.0443585 304
7 1 21 5.39383 0.375519 1.02377 0.135379 1063
7 1 22 5.35814 0.367625 0.960558 0.1557 423
7 1 23 5.45631 0.524643 0.626244 0.184183 253
7 1 24 4.72191 0.452482 0.787768 0.145482 471
7 1 25 4.99906 0.488402 0.595747 0.337068 445
7 1 26 5.3102 0.481792 0.697624 0.169963 320
7 1 27 4.92308 -3 0 0 87
7 1 28 4.92308 -3 0 0 149
7 1 29 5.69156 0.484562 0.838436 0.113725 262
7 1 30 4.92308 -3 0 0 57
7 1 31 5.38463 0.373545 0.971909 0.110506 326
7 1 32 5.5 -2 0 0 277
7 1 33 5.18379 0.422926 0.86812 0.157067 236
7 1 34 5.61399 0.33616 0.511302 0.166185 245
7 1 35 5.5 -2 0 0 220
7 1 36 4.92308 -3 0 0 44
7 1 37 4.92308 -3 0 0 182
7 1 38 4.92308 -3 0 0 180
7 1 39 4.92308 -3 0 0 137
7 1 40 4.92308 -3 0 0 188
7 1 41 4.92308 -3 0 0 199
7 1 42 4.92308 -3 0 0 185
7 1 43 5.48669 0.355742 0.778938 0.188996 218
7 1 44 4.92308 -3 0 0 134
7 1 45 4.92308 -3 0 0 172
7 1 46 5.5 -2 0 0 351
7 1 47 4.92308 -3 0 0 164
7 1 48 4.92308 -3 0 0 189
7 1 49 4.92308 -3 0 0 145
7 1 50 4.92308 -3 0 0 151
7 1 51 4.92308 -3 0 0 107
7 1 52 4.92308 -3 0 0 145
7 1 53 4.92308 -3 0 0 121
7 1 54 4.92308 -3 0 0 131
7 1 55 4.92308 -3 0 0 124
7 1 56 4.92308 -3 0 0 120
7 1 57 4.92308 -3 0 0 111
7 1 58 4.92308 -3 0 0 142
7 1 59 0 -10 0 0 0
7 1 60 4.92308 -3 0 0 102
7 1 61 4.92308 -3 0 0 118
7 1 62 4.92308 -3 0 0 54
7 1 63 4.92308 -3 0 0 138
7 2 0 5.5 -2 0 0 549
7 2 1 5.5 -2 0 0 353
7 2 2 5.5 -2 0 0 325
7 2 3 0 -10 0 0 196
7 2 4 5.5 -2 0 0 269
7 2 5 5.5 -2 0 0 275
7 2 6 5.5 -2 0 0 299
7 2 7 0 -10 0 0 133
7 2 8 5.5 -2 0 0 361
7 2 9 0 -10 0 0 190
7 2 10 0 -10 0 0 164
7 2 11 5.5 -2 0 0 431
7 2 12 5.5 -2 0 0 312
7 2 13 0 -10 0 0 142
7 2 14 5.5 -2 0 0 635
7 2 15 0 -10 0 0 189
7 2 16 0 -10 0 0 129
7 2 17 5.5 -2 0 0 511
7 2 18 5.5 -2 0 0 243
7 2 19 0 -10 0 0 159
7 2 20 5.5 -2 0 0 393
7 2 21 5.5 -2 0 0 262
7 2 22 0 -10 0 0 131
7 2 23 0 -10 0 0 70
7 2 24 5.5 -2 0 0 454
7 2 25 0 -10 0 0 128
7 2 26 4.69235 0.371184 0.882468 0.120489 941
7 2 27 0 -10 0 0 137
7 2 28 0 -10 0 0 179
7 2 29 5.5 -2 0 0 273
7 2 30 0 -10 0 0 117
7 2 31 0 -10 0 0 163
7 2 32 0 -10 0 0 199
7 2 33 5.5 -2 0 0 239
7 2 34 4.60361 0.331991 0.757141 0.102716 628
7 2 35 0 -10 0 0 155
7 2 36 0 -10 0 0 127
7 2 37 0 -10 0 0 126
7 2 38 0 -10 0 0 181
7 2 39 5.5 -2 0 0 404
7 2 40 5.5 -2 0 0 403
7 2 41 5.5 -2 0 0 208
7 2 42 0 -10 0 0 161
7 2 43 5.5 -2 0 0 453
7 2 44 5.5 -2 0 0 226
7 2 45 5.5 -2 0 0 259
7 2 46 5.5 -2 0 0 619
7 2 47 0 -10 0 0 197
7 2 48 0 -10 0 0 121
7 2 49 5.5 -2 0 0 324
7 2 50 5.5 -2 0 0 299
7 2 51 5.5 -2 0 0 1092
7 2 52 5.5 -2 0 0 923
7 2 53 5.5 -2 0 0 270
7 2 54 5.5 -2 0 0 363
7 2 55 5.5 -2 0 0 840
7 2 56 5.5 -2 0 0 575
7 2 57 5.5 -2 0 0 863
7 2 58 5.5 -2 0 0 533
7 2 59 5.5 -2 0 0 1245
7 2 60 5.5 -2 0 0 359
7 2 61 5.5 -2 0 0 1968
7 2 62 5.5 -2 0 0 1430
7 2 63 5.5 -2 0 0 642
7 3 0 5.5 -2 0 0 670
7 3 1 5.5 -2 0 0 552
7 3 2 5.5 -2 0 0 577
7 3 3 5.5 -2 0 0 561
7 3 4 0 -10 0 0 151
7 3 5 5.5 -2 0 0 619
7 3 6 5.5 -2 0 0 684
7 3 7 5.5 -2 0 0 856
7 3 8 4.70292 0.446774 0.712711 0.0712119 360
7 3 9 5.5 -2 0 0 670
7 3 10 4.92801 0.371144 1.42098 0.123348 1519
7 3 11 5.5 -2 0 0 276
7 3 12 5.5 -2 0 0 523
7 3 13 5.5 -2 0 0 556
7 3 14 5.5 -2 0 0 513
7 3 15 5.5 -2 0 0 245
7 3 16 4.61576 0.303555 1.1125 0.110977 1366
7 3 17 5.5 -2 0 0 275
7 3 18 0 -10 0 0 117
7 3 19 5.5 -2 0 0 720
7 3 20 0 -10 0 0 96
7 3 21 5.5 -2 0 0 842
7 3 22 5.5 -2 0 0 704
7 3 23 0 -10 0 0 104
7 3 24 5.1073 0.455438 0.861718 0.118446 443
7 3 25 5.5 -2 0 0 548
7 3 26 5.03694 0.452276 0.62149 0.135862 282
7 3 27 0 -10 0 0 122
7 3 28 5.5 -2 0 0 235
7 3 29 0 -10 0 0 130
7 3 30 0 -10 0 0 87
7 3 31 5.08595 0.413854 0.988821 0.161169 722
7 3 32 5.5 -2 0 0 257
7 3 33 0 -10 0 0 158
7 3 34 5.5 -2 0 0 317
7 3 35 5.5 -2 0 0 504
7 3 36 0 -10 0 0 103
7 3 37 0 -10 0 0 90
7 3 38 5.22732 0.404421 0.932229 0.0565299 440
7 3 39 5.5 -2 0 0 234
7 3 40 0 -10 0 0 84
7 3 41 5.5 -2 0 0 357
7 3 42 5.5 -2 0 0 259
7 3 43 0 -10 0 0 190
7 3 44 5.5 -2 0 0 321
7 3 45 0 -10 0 0 160
7 3 46 0 -10 0 0 117
7 3 47 0 -10 0 0 197
7 3 48 5.5 -2 0 0 275
7 3 49 5.5 -2 0 0 250
7 3 50 0 -10 0 0 161
7 3 51 5.5 -2 0 0 209
7 3 52 5.5 -2 0 0 286
7 3 53 5.5 -2 0 0 240
7 3 54 5.5 -2 0 0 247
7 3 55 5.5 -2 0 0 254
7 3 56 5.5 -2 0 0 230
7 3 57 0 -10 0 0 196
7 3 58 5.5 -2 0 0 262
7 3 59 5.5 -2 0 0 244
7 3 60 0 -10 0 0 118
7 3 61 5.5 -2 0 0 252
7 3 62 5.5 -2 0 0 271
7 3 63 0 -10 0 0 200
7 4 0 5.5 -2 0 0 2173
7 4 1 5.5 -2 0 0 1286
7 4 2 5.5 -2 0 0 292
7 4 3 5.5 -2 0 0 322
7 4 4 0 -10 0 0 104
7 4 5 5.5 -2 0 0 210
7 4 6 5.5 -2 0 0 574
7 4 7 5.5 -2 0 0 223
7 4 8 5.5 -2 0 0 360
7 4 9 5.5 -2 0 0 381
7 4 10 5.5 -2 0 0 275
7 4 11 0 -10 0 0 188
7 4 12 4.79227 0.372536 0.893968 0.255835 429
7 4 13 5.5 -2 0 0 234
7 4 14 5.5 -2 0 0 1720
7 4 15 0 -10 0 0 101
7 4 16 5.5 -2 0 0 239
7 4 17 5.5 -2 0 0 326
7 4 18 0 -10 0 0 114
7 4 19 4.94116 0.456026 0.688037 0.259788 215
7 4 20 0 -10 0 0 48
7 4 21 5.5 -2 0 0 474
7 4 22 0 -10 0 0 182
7 4 23 0 -10 0 0 168
7 4 24 5.5 -2 0 0 1030
7 4 25 0 -10 0 0 171
7 4 26 5.5 -2 0 0 1365
7 4 27 0 -10 0 0 79
7 4 28 0 -10 0 0 130
7 4 29 5.5 -2 0 0 326
7 4 30 0 -10 0 0 70
7 4 31 0 -10 0 0 181
7 4 32 5.5 -2 0 0 202
7 4 33 0 -10 0 0 77
7 4 34 5.5 -2 0 0 818
7 4 35 0 -10 0 0 156
7 4 36 0 -10 0 0 50
7 4 37 4.75165 0.369598 0.768265 0.0209266 210
7 4 38 0 -10 0 0 169
7 4 39 5.5 -2 0 0 254
7 4 40 0 -10 0 0 120
7 4 41 0 -10 0 0 184
7 4 42 0 -10 0 0 113
7 4 43 4.67329 0.366982 0.998531 0.0549583 808
7 4 44 0 -10 0 0 178
7 4 45 0 -10 0 0 111
7 4 46 5.5 -2 0 0 1013
7 4 47 0 -10 0 0 105
7 4 48 0 -10 0 0 89
7 4 49 4.85146 0.393825 0.892317 0.105232 448
7 4 50 5.5 -2 0 0 227
7 4 51 5.5 -2 0 0 425
7 4 52 5.5 -2 0 0 567
7 4 53 0 -10 0 0 144
7 4 54 0 -10 0 0 184
7 4 55 5.5 -2 0 0 464
7 4 56 5.5 -2 0 0 274
7 4 57 5.5 -2 0 0 372
7 4 58 5.5 -2 0 0 272
7 4 59 5.5 -2 0 0 836
7 4 60 0 -10 0 0 176
7 4 61 5.5 -2 0 0 638
7 4 62 5.5 -2 0 0 723
7 4 63 5.5 -2 0 0 411
7 5 0 5.5 -2 0 0 248
7 5 1 5.5 -2 0 0 234
7 5 2 5.5 -2 0 0 291
7 5 3 5.5 -2 0 0 389
7 5 4 0 -10 0 0 90
7 5 5 5.5 -2 0 0 295
7 5 6 5.5 -2 0 0 296
7 5 7 5.5 -2 0 0 370
7 5 8 5.5 -2 0 0 270
7 5 9 5.5 -2 0 0 302
7 5 10 5.5 -2 0 0 308
7 5 11 5.5 -2 0 0 318
7 5 12 5.5 -2 0 0 289
7 5 13 5.5 -2 0 0 356
7 5 14 5.5 -2 0 0 246
7 5 15 5.5 -2 0 0 287
7 5 16 5.5 -2 0 0 347
7 5 17 5.5 -2 0 0 283
7 5 18 5.5 -2 0 0 355
7 5 19 5.5 -2 0 0 484
7 5 20 5.5 -2 0 0 241
7 5 21 5.5 -2 0 0 320
7 5 22 5.5 -2 0 0 342
7 5 23 5.5 -2 0 0 308
7 5 24 5.5 -2 0 0 217
7 5 25 5.5 -2 0 0 555
7 5 26 5.5 -2 0 0 296
7 5 27 0 -10 0 0 159
7 5 28 5.5 -2 0 0 355
7 5 29 5.5 -2 0 0 259
7 5 30 0 -10 0 0 92
7 5 31 5.5 -2 0 0 657
7 5 32 5.5 -2 0 0 439
7 5 33 5.5 -2 0 0 264
7 5 34 5.5 -2 0 0 352
7 5 35 5.5 -2 0 0 800
7 5 36 0 -10 0 0 116
7 5 37 5.5 -2 0 0 402
7 5 38 5.5 -2 0 0 902
7 5 39 5.5 -2 0 0 890
7 5 40 0 -10 0 0 175
7 5 41 4.61232 0.410186 0.631073 0.0486305 537
7 5 42 0 -10 0 0 156
7 5 43 5.5 -2 0 0 399
7 5 44 5.5 -2 0 0 669
7 5 45 5.5 -2 0 0 342
7 5 46 5.5 -2 0 0 396
7 5 47 5.5 -2 0 0 1300
7 5 48 5.5 -2 0 0 221
7 5 49 5.5 -2 0 0 229
7 5 50 5.5 -2 0 0 1291
7 5 51 5.5 -2 0 0 712
7 5 52 5.5 -2 0 0 348
7 5 53 5.5 -2 0 0 987
7 5 54 5.5 -2 0 0 557
7 5 55 5.5 -2 0 0 570
7 5 56 5.5 -2 0 0 1010
7 5 57 5.5 -2 0 0 708
7 5 58 5.5 -2 0 0 565
7 5 59 1.5 -2 0 0 324
7 5 60 5.5 -2 0 0 720
7 5 61 1.5 -2 0 0 438
7 5 62 5.5 -2 0 0 477
7 5 63 5.5 -2 0 0 560
7 6 0 4.79444 0.404707 0.815445 0.0608209 824
7 6 1 5.5 -2 0 0 627
7 6 2 5.05196 0.501287 0.915956 0.0992319 489
7 6 3 5.5 -2 0 0 204
7 6 4 5.5 -2 0 0 229
7 6 5 4.88647 0.462423 0.815682 0.0770147 270
7 6 6 5.5 -2 0 0 405
7 6 7 4.97382 -3 0 0 120
7 6 8 5.5 -2 0 0 395
7 6 9 5.5 -2 0 0 246
7 6 10 4.97382 -3 0 0 156
7 6 11 4.97382 -3 0 0 109
7 6 12 5.5 -2 0 0 268
7 6 13 4.97382 -3 0 0 153
7 6 14 5.67801 0.47781 0.65922 0.101903 625
7 6 15 4.97382 -3 0 0 159
7 6 16 4.97382 -3 0 0 135
7 6 17 6.17714 0.455565 0.110819 0.585524 359
7 6 18 4.97382 -3 0 0 192
7 6 19 4.97382 -3 0 0 141
7 6 20 4.97382 -3 0 0 129
7 6 21 5.3323 0.449668 0.747354 0.0732334 316
7 6 22 4.97382 -3 0 0 141
7 6 23 5.5 -2 0 0 274
7 6 24 5.5 -2 0 0 419
7 6 25 4.97382 -3 0 0 119
7 6 26 5.30603 0.499444 0.894394 0.0310673 476
7 6 27 4.97382 -3 0 0 122
7 6 28 4.97382 -3 0 0 109
7 6 29 4.97382 -3 0 0 102
7 6 30 4.97382 -3 0 0 162
7 6 31 4.97382 -3 0 0 110
7 6 32 4.97382 -3 0 0 99
7 6 33 4.97382 -3 0 0 122
7 6 34 5.07412 0.480063 0.691601 0.223382 364
7 6 35 4.97382 -3 0 0 114
7 6 36 4.97382 -3 0 0 130
7 6 37 5.5 -2 0 0 203
7 6 38 4.97382 -3 0 0 55
7 6 39 4.97382 -3 0 0 115
7 6 40 4.97382 -3 0 0 132
7 6 41 4.97382 -3 0 0 109
7 6 42 4.97382 -3 0 0 142
7 6 43 4.97382 -3 0 0 137
7 6 44 4.97382 -3 0 0 79
7 6 45 4.97382 -3 0 0 106
7 6 46 5.5 -2 0 0 325
7 6 47 4.97382 -3 0 0 64
7 6 48 4.97382 -3 0 0 95
7 6 49 4.97382 -3 0 0 137
7 6 50 4.97382 -3 0 0 86
7 6 51 4.97382 -3 0 0 127
7 6 52 4.97382 -3 0 0 175
7 6 53 4.97382 -3 0 0 75
7 6 54 4.97382 -3 0 0 95
7 6 55 4.97382 -3 0 0 147
7 6 56 4.97382 -3 0 0 116
7 6 57 4.97382 -3 0 0 113
7 6 58 4.97382 -3 0 0 102
7 6 59 4.97382 -3 0 0 198
7 6 60 4.97382 -3 0 0 86
7 6 61 4.97382 -3 0 0 155
7 6 62 4.97382 -3 0 0 182
7 6 63 4.97382 -3 0 0 130
7 7 0 4.73661 -3 0 0 146
7 7 1 4.73661 -3 0 0 122
7 7 2 4.73661 -3 0 0 116
7 7 3 4.73661 -3 0 0 141
7 7 4 4.73661 -3 0 0 177
7 7 5 4.73661 -3 0 0 138
7 7 6 4.73661 -3 0 0 126
7 7 7 4.73661 -3 0 0 145
7 7 8 4.73661 -3 0 0 144
7 7 9 4.73661 -3 0 0 122
7 7 10 4.73661 -3 0 0 145
7 7 11 4.73661 -3 0 0 186
7 7 12 4.73661 -3 0 0 160
7 7 13 5.5 -2 0 0 224
7 7 14 4.73661 -3 0 0 124
7 7 15 5.27217 0.437348 0.756059 0.126166 201
7 7 16 4.73661 -3 0 0 136
7 7 17 4.73661 -3 0 0 165
7 7 18 4.73661 -3 0 0 92
7 7 19 5.18222 0.354546 0.881785 0.12205 219
7 7 20 4.73661 -3 0 0 97
7 7 21 4.73661 -3 0 0 140
7 7 22 4.73661 -3 0 0 136
7 7 23 4.73661 -3 0 0 147
7 7 24 4.73661 -3 0 0 122
7 7 25 5.47438 0.395862 0.697488 0.327241 293
7 7 26 4.73661 -3 0 0 176
7 7 27 5.45912 0.383147 0.483309 0.221582 257
7 7 28 5.5 -2 0 0 248
7 7 29 5.56607 0.423074 0.88188 0.14506 211
7 7 30 4.73661 -3 0 0 78
7 7 31 5.65634 0.380919 0.948761 0.224858 377
7 7 32 5.24446 0.467054 0.807815 0.147188 343
7 7 33 6.05483 0.417318 0.988791 0.0566149 347
7 7 34 5.5 -2 0 0 207
7 7 35 5.15008 0.383066 0.820468 0.0705968 456
7 7 36 4.73661 -3 0 0 115
7 7 37 4.77744 0.353555 0.941088 0.03454 264
7 7 38 5.33719 0.453324 0.757705 0.201171 743
7 7 39 5.39113 0.402598 0.799252 0.18155 902
7 7 40 5.49259 0.410566 0.823547 0.0638575 355
7 7 41 5.5 -2 0 0 435
7 7 42 4.73661 -3 0 0 150
7 7 43 4.73661 -3 0 0 161
7 7 44 4.75523 0.473904 0.866763 0.0997608 687
7 7 45 5.5 -2 0 0 467
7 7 46 5.61554 0.455383 0.917196 0.0611316 298
7 7 47 4.9001 0.399353 0.920513 0.0344484 1199
7 7 48 5.14795 0.41639 0.96703 0.0700348 325
7 7 49 4.73661 -3 0 0 184
7 7 50 5.5 -2 0 0 629
7 7 51 5.5 -2 0 0 736
7 7 52 5.5 -2 0 0 348
7 7 53 5.5 -2 0 0 1054
7 7 54 5.5 -2 0 0 562
7 7 55 5.5 -2 0 0 458
7 7 56 5.5 -2 0 0 990
7 7 57 5.5 -2 0 0 791
7 7 58 5.5 -2 0 0 585
7 7 59 5.5 -2 0 0 312
7 7 60 5.5 -2 0 0 964
7 7 61 5.5 -2 0 0 671
7 7 62 5.5 -2 0 0 435
7 7 63 5.5 -2 0 0 583
7 8 0 0 -10 0 0 112
7 8 1 0 -10 0 0 100
7 8 2 0 -10 0 0 112
7 8 3 0 -10 0 0 177
7 8 4 0 -10 0 0 90
7 8 5 0 -10 0 0 174
7 8 6 0 -10 0 0 107
7 8 7 5.5 -2 0 0 238
7 8 8 0 -10 0 0 120
7 8 9 0 -10 0 0 168
7 8 10 0 -10 0 0 6
7 8 11 0 -10 0 0 168
7 8 12 0 -10 0 0 158
7 8 13 5.5 -2 0 0 219
7 8 14 0 -10 0 0 116
7 8 15 5.5 -2 0 0 241
7 8 16 0 -10 0 0 199
7 8 17 0 -10 0 0 159
7 8 18 0 -10 0 0 67
7 8 19 5.5 -2 0 0 297
7 8 20 0 -10 0 0 78
7 8 21 0 -10 0 0 155
7 8 22 0 -10 0 0 169
7 8 23 0 -10 0 0 46
7 8 24 0 -10 0 0 129
7 8 25 5.5 -2 0 0 368
7 8 26 0 -10 0 0 151
7 8 27 0 -10 0 0 197
7 8 28 5.5 -2 0 0 323
7 8 29 0 -10 0 0 135
7 8 30 0 -10 0 0 51
7 8 31 5.5 -2 0 0 500
7 8 32 5.5 -2 0 0 202
7 8 33 4.85292 0.388753 1.01002 0.04795 358
7 8 34 0 -10 0 0 164
7 8 35 5.5 -2 0 0 677
7 8 36 0 -10 0 0 43
7 8 37 0 -10 0 0 30
7 8 38 5.5 -2 0 0 1041
7 8 39 5.5 -2 0 0 304
7 8 40 0 -10 0 0 27
7 8 41 5.5 -2 0 0 244
7 8 42 0 -10 0 0 78
7 8 43 5.5 -2 0 0 221
7 8 44 5.5 -2 0 0 733
7 8 45 0 -10 0 0 128
7 8 46 0 -10 0 0 172
7 8 47 5.5 -2 0 0 1461
7 8 48 0 -10 0 0 68
7 8 49 5.5 -2 0 0 327
7 8 50 5.5 -2 0 0 442
7 8 51 5.5 -2 0 0 429
7 8 52 0 -10 0 0 56
7 8 53 5.5 -2 0 0 972
7 8 54 0 -10 0 0 172
7 8 55 5.5 -2 0 0 367
7 8 56 5.5 -2 0 0 716
7 8 57 5.5 -2 0 0 511
7 8 58 0 -10 0 0 83
7 8 59 0 -10 0 0 131
7 8 60 5.5 -2 0 0 602
7 8 61 5.5 -2 0 0 422
7 8 62 5.5 -2 0 0 320
7 8 63 0 -10 0 0 132
7 9 0 5.5 -2 0 0 425
7 9 1 5.5 -2 0 0 334
7 9 2 5.5 -2 0 0 246
7 9 3 0 -10 0 0 57
7 9 4 0 -10 0 0 32
7 9 5 0 -10 0 0 160
7 9 6 5.5 -2 0 0 209
7 9 7 0 -10 0 0 83
7 9 8 0 -10 0 0 168
7 9 9 0 -10 0 0 66
7 9 10 0 -10 0 0 57
7 9 11 0 -10 0 0 144
7 9 12 0 -10 0 0 117
7 9 13 0 -10 0 0 81
7 9 14 5.5 -2 0 0 317
7 9 15 0 -10 0 0 25
7 9 16 0 -10 0 0 93
7 9 17 0 -10 0 0 171
7 9 18 0 -10 0 0 30
7 9 19 0 -10 0 0 73
7 9 20 0 -10 0 0 20
7 9 21 0 -10 0 0 90
7 9 22 0 -10 0 0 94
7 9 23 0 -10 0 0 34
7 9 24 5.5 -2 0 0 260
7 9 25 0 -10 0 0 57
7 9 26 5.5 -2 0 0 284
7 9 27 0 -10 0 0 35
7 9 28 0 -10 0 0 46
7 9 29 0 -10 0 0 150
7 9 30 0 -10 0 0 46
7 9 31 0 -10 0 0 53
7 9 32 0 -10 0 0 77
7 9 33 0 -10 0 0 22
7 9 34 0 -10 0 0 126
7 9 35 0 -10 0 0 57
7 9 36 0 -10 0 0 21
7 9 37 0 -10 0 0 22
7 9 38 0 -10 0 0 51
7 9 39 0 -10 0 0 71
7 9 40 0 -10 0 0 13
7 9 41 0 -10 0 0 71
7 9 42 0 -10 0 0 41
7 9 43 0 -10 0 0 61
7 9 44 0 -10 0 0 45
7 9 45 0 -10 0 0 24
7 9 46 5.5 -2 0 0 202
7 9 47 0 -10 0 0 45
7 9 48 0 -10 0 0 68
7 9 49 0 -10 0 0 86
7 9 50 0 -10 0 0 68
7 9 51 0 -10 0 0 94
7 9 52 0 -10 0 0 127
7 9 53 0 -10 0 0 49
7 9 54 0 -10 0 0 64
7 9 55 0 -10 0 0 118
7 9 56 0 -10 0 0 64
7 9 57 0 -10 0 0 68
7 9 58 0 -10 0 0 78
7 9 59 0 -10 0 0 150
7 9 60 0 -10 0 0 37
7 9 61 0 -10 0 0 117
7 9 62 0 -10 0 0 119
7 9 63 0 -10 0 0 84
7 10 0 0 -10 0 0 177
7 10 1 5.5 -2 0 0 232
7 10 2 4.82272 0.43298 0.931312 0.129594 253
7 10 3 5.5 -2 0 0 385
7 10 4 0 -10 0 0 118
7 10 5 5.5 -2 0 0 278
7 10 6 5.5 -2 0 0 249
7 10 7 4.61871 0.42096 0.849508 0.192829 615
7 10 8 5.5 -2 0 0 223
7 10 9 4.69577 0.318533 0.736748 0.0820711 358
7 10 10 5.5 -2 0 0 241
7 10 11 5.5 -2 0 0 297
7 10 12 5.5 -2 0 0 275
7 10 13 5.5 -2 0 0 209
7 10 14 5.03515 0.432001 0.918975 0.0382708 215
7 10 15 5.81331 0.215902 0.1 0.631442 290
7 10 16 4.82542 0.384611 0.778999 0.071845 607
7 10 17 5.5 -2 0 0 225
7 10 18 5.5 -2 0 0 272
7 10 19 4.85881 0.358433 0.70803 0.147048 874
7 10 20 0 -10 0 0 53
7 10 21 4.97941 0.404044 0.549251 0.260185 288
7 10 22 5.5 -2 0 0 252
7 10 23 0 -10 0 0 67
7 10 24 4.8135 0.449097 0.835971 0.0983744 209
7 10 25 5.5 -2 0 0 379
7 10 26 5.5 -2 0 0 218
7 10 27 0 -10 0 0 108
7 10 28 0 -10 0 0 185
7 10 29 5.50035 0.454919 0.73109 0.0389896 215
7 10 30 0 -10 0 0 59
7 10 31 4.73995 0.377933 0.361655 0.193259 581
7 10 32 5.5 -2 0 0 204
7 10 33 0 -10 0 0 127
7 10 34 0 -10 0 0 95
7 10 35 5.02 0.330194 1.1219 0.0615863 1857
7 10 36 0 -10 0 0 73
7 10 37 0 -10 0 0 53
7 10 38 4.66832 0.341587 1.04006 0.0604069 2026
7 10 39 5.37294 0.309874 0.829272 0.0972199 871
7 10 40 0 -10 0 0 47
7 10 41 4.88826 0.453478 0.36009 0.134929 370
7 10 42 5.03345 0.405836 0.811765 0.0460503 495
7 10 43 0 -10 0 0 103
7 10 44 5.53718 0.32909 0.115418 0.553961 430
7 10 45 0 -10 0 0 0
7 10 46 0 -10 0 0 138
7 10 47 5.50056 0.327532 1.35237 0.0339327 2830
7 10 48 0 -10 0 0 116
7 10 49 0 -10 0 0 158
7 10 50 5.5 -2 0 0 264
7 10 51 5.5 -2 0 0 415
7 10 52 5.5 -2 0 0 284
7 10 53 5.5 -2 0 0 1561
7 10 54 5.5 -2 0 0 325
7 10 55 5.5 -2 0 0 321
7 10 56 5.5 -2 0 0 604
7 10 57 5.5 -2 0 0 554
7 10 58 5.5 -2 0 0 482
7 10 59 0 -10 0 0 91
7 10 60 5.5 -2 0 0 1066
7 10 61 5.5 -2 0 0 396
7 10 62 0 -10 0 0 169
7 10 63 1.5 -2 0 0 401
7 11 0 5.5 -2 0 0 951
7 11 1 5.5 -2 0 0 314
7 11 2 5.5 -2 0 0 469
7 11 3 0 -10 0 0 180
7 11 4 0 -10 0 0 52
7 11 5 0 -10 0 0 175
7 11 6 5.5 -2 0 0 359
7 11 7 0 -10 0 0 123
7 11 8 0 -10 0 0 152
7 11 9 5.5 -2 0 0 222
7 11 10 0 -10 0 0 167
7 11 11 0 -10 0 0 84
7 11 12 0 -10 0 0 159
7 11 13 0 -10 0 0 70
7 11 14 5.5 -2 0 0 305
7 11 15 0 -10 0 0 69
7 11 16 0 -10 0 0 130
7 11 17 0 -10 0 0 139
7 11 18 0 -10 0 0 62
7 11 19 0 -10 0 0 161
7 11 20 0 -10 0 0 17
7 11 21 5.11206 0.506506 0.96986 0.0490227 254
7 11 22 0 -10 0 0 163
7 11 23 5.5 -2 0 0 324
7 11 24 5.5 -2 0 0 583
7 11 25 0 -10 0 0 120
7 11 26 5.5 -2 0 0 275
7 11 27 0 -10 0 0 99
7 11 28 0 -10 0 0 75
7 11 29 5.5 -2 0 0 479
7 11 30 0 -10 0 0 54
7 11 31 0 -10 0 0 117
7 11 32 0 -10 0 0 127
7 11 33 0 -10 0 0 160
7 11 34 5.5 -2 0 0 661
7 11 35 0 -10 0 0 116
7 11 36 0 -10 0 0 21
7 11 37 0 -10 0 0 74
7 11 38 0 -10 0 0 113
7 11 39 0 -10 0 0 67
7 11 40 0 -10 0 0 28
7 11 41 0 -10 0 0 45
7 11 42 0 -10 0 0 54
7 11 43 5.5 -2 0 0 427
7 11 44 0 -10 0 0 74
7 11 45 0 -10 0 0 135
7 11 46 4.89906 0.386709 0.821745 0.0833188 576
7 11 47 0 -10 0 0 80
7 11 48 0 -10 0 0 196
7 11 49 0 -10 0 0 197
7 11 50 0 -10 0 0 57
7 11 51 5.5 -2 0 0 366
7 11 52 5.5 -2 0 0 353
7 11 53 0 -10 0 0 52
7 11 54 0 -10 0 0 42
7 11 55 5.5 -2 0 0 290
7 11 56 0 -10 0 0 193
7 11 57 5.5 -2 0 0 255
7 11 58 5.5 -2 0 0 228
7 11 59 5.5 -2 0 0 488
7 11 60 0 -10 0 0 152
7 11 61 5.5 -2 0 0 390
7 11 62 5.5 -2 0 0 479
7 11 63 5.5 -2 0 0 234
7 12 0 5.5 -2 0 0 400
7 12 1 5.5 -2 0 0 251
7 12 2 0 -10 0 0 167
7 12 3 5.5 -2 0 0 671
7 12 4 0 -10 0 0 127
7 12 5 5.5 -2 0 0 437
7 12 6 5.5 -2 0 0 578
7 12 7 5.5 -2 0 0 1744
7 12 8 5.5 -2 0 0 428
7 12 9 5.5 -2 0 0 1042
7 12 10 5.5 -2 0 0 1291
7 12 11 5.5 -2 0 0 435
7 12 12 5.5 -2 0 0 520
7 12 13 5.5 -2 0 0 731
7 12 14 5.5 -2 0 0 317
7 12 15 5.5 -2 0 0 514
7 12 16 4.6058 0.290832 1.14756 0.0623503 2122
7 12 17 5.5 -2 0 0 308
7 12 18 4.74554 0.340276 0.665635 0.14827 332
7 12 19 5.5 -2 0 0 1094
7 12 20 5.5 -2 0 0 207
7 12 21 5.5 -2 0 0 752
7 12 22 5.5 -2 0 0 864
7 12 23 0 -10 0 0 86
7 12 24 5.5 -2 0 0 319
7 12 25 5.5 -2 0 0 982
7 12 26 0 -10 0 0 115
7 12 27 0 -10 0 0 197
7 12 28 5.5 -2 0 0 643
7 12 29 0 -10 0 0 110
7 12 30 0 -10 0 0 83
7 12 31 5.5 -2 0 0 862
7 12 32 4.7082 0.392705 0.763024 0.12415 555
7 12 33 5.5 -2 0 0 201
7 12 34 0 -10 0 0 85
7 12 35 5.5 -2 0 0 621
7 12 36 0 -10 0 0 116
7 12 37 4.61504 0.420406 0.777679 0.207503 248
7 12 38 5.5 -2 0 0 523
7 12 39 4.97149 0.454348 0.839238 0.0739855 254
7 12 40 0 -10 0 0 102
7 12 41 5.5 -2 0 0 437
7 12 42 5.5 -2 0 0 272
7 12 43 5.5 -2 0 0 242
7 12 44 5.5 -2 0 0 414
7 12 45 5.5 -2 0 0 376
7 12 46 5.5 -2 0 0 208
7 12 47 5.5 -2 0 0 536
7 12 48 5.5 -2 0 0 327
7 12 49 5.5 -2 0 0 209
7 12 50 5.5 -2 0 0 297
7 12 51 0 -10 0 0 153
7 12 52 5.5 -2 0 0 205
7 12 53 5.5 -2 0 0 382
7 12 54 5.5 -2 0 0 233
7 12 55 0 -10 0 0 159
7 12 56 5.5 -2 0 0 216
7 12 57 0 -10 0 0 182
7 12 58 0 -10 0 0 198
7 12 59 0 -10 0 0 186
7 12 60 5.5 -2 0 0 287
7 12 61 0 -10 0 0 183
7 12 62 0 -10 0 0 189
7 12 63 0 -10 0 0 185
7 13 0 5.5 -2 0 0 414
7 13 1 5.5 -2 0 0 244
7 13 2 5.5 -2 0 0 222
7 13 3 0 -10 0 0 154
7 13 4 0 -10 0 0 113
7 13 5 0 -10 0 0 172
7 13 6 0 -10 0 0 150
7 13 7 0 -10 0 0 85
7 13 8 5.5 -2 0 0 222
7 13 9 0 -10 0 0 142
7 13 10 0 -10 0 0 103
7 13 11 0 -10 0 0 123
7 13 12 0 -10 0 0 150
7 13 13 0 -10 0 0 116
7 13 14 5.5 -2 0 0 395
7 13 15 0 -10 0 0 135
7 13 16 0 -10 0 0 82
7 13 17 5.5 -2 0 0 329
7 13 18 0 -10 0 0 59
7 13 19 0 -10 0 0 78
7 13 20 0 -10 0 0 52
7 13 21 0 -10 0 0 145
7 13 22 0 -10 0 0 90
7 13 23 5.1555 0.490847 0.906027 0.0506241 262
7 13 24 5.5 -2 0 0 294
7 13 25 0 -10 0 0 89
7 13 26 5.5 -2 0 0 460
7 13 27 0 -10 0 0 123
7 13 28 0 -10 0 0 97
7 13 29 4.90441 0.484356 0.59051 0.0658884 261
7 13 30 0 -10 0 0 37
7 13 31 0 -10 0 0 91
7 13 32 0 -10 0 0 90
7 13 33 0 -10 0 0 103
7 13 34 5.09359 0.486834 0.930637 0.0966437 548
7 13 35 0 -10 0 0 113
7 13 36 0 -10 0 0 50
7 13 37 0 -10 0 0 96
7 13 38 0 -10 0 0 80
7 13 39 5.5 -2 0 0 249
7 13 40 0 -10 0 0 50
7 13 41 0 -10 0 0 114
7 13 42 5.5 -2 0 0 255
7 13 43 0 -10 0 0 171
7 13 44 0 -10 0 0 139
7 13 45 0 -10 0 0 142
7 13 46 5.5 -2 0 0 562
7 13 47 0 -10 0 0 126
7 13 48 0 -10 0 0 182
7 13 49 4.73118 0.472476 0.937444 0.0590995 280
7 13 50 0 -10 0 0 165
7 13 51 5.5 -2 0 0 455
7 13 52 4.8012 0.394855 0.789443 0.0390603 440
7 13 53 0 -10 0 0 151
7 13 54 0 -10 0 0 192
7 13 55 5.5 -2 0 0 447
7 13 56 5.5 -2 0 0 297
7 13 57 5.5 -2 0 0 242
7 13 58 5.5 -2 0 0 219
7 13 59 5.5 -2 0 0 380
7 13 60 0 -10 0 0 200
7 13 61 5.5 -2 0 0 747
7 13 62 5.5 -2 0 0 659
7 13 63 5.5 -2 0 0 316
7 14 0 5.5 -2 0 0 374
7 14 1 5.5 -2 0 0 408
7 14 2 5.5 -2 0 0 485
7 14 3 5.5 -2 0 0 494
7 14 4 5.5 -2 0 0 317
7 14 5 5.5 -2 0 0 432
7 14 6 5.5 -2 0 0 617
7 14 7 5.5 -2 0 0 886
7 14 8 5.5 -2 0 0 370
7 14 9 5.5 -2 0 0 872
7 14 10 5.5 -2 0 0 1007
7 14 11 5.5 -2 0 0 288
7 14 12 5.5 -2 0 0 470
7 14 13 5.5 -2 0 0 435
7 14 14 5.5 -2 0 0 238
7 14 15 5.5 -2 0 0 413
7 14 16 5.5 -2 0 0 1448
7 14 17 5.5 -2 0 0 211
7 14 18 5.5 -2 0 0 333
7 14 19 5.5 -2 0 0 579
7 14 20 0 -10 0 0 120
7 14 21 5.5 -2 0 0 773
7 14 22 5.5 -2 0 0 583
7 14 23 5.5 -2 0 0 231
7 14 24 5.5 -2 0 0 277
7 14 25 5.5 -2 0 0 484
7 14 26 0 -10 0 0 198
7 14 27 5.5 -2 0 0 274
7 14 28 5.5 -2 0 0 374
7 14 29 0 -10 0 0 192
7 14 30 0 -10 0 0 139
7 14 31 5.5 -2 0 0 344
7 14 32 5.5 -2 0 0 251
7 14 33 5.5 -2 0 0 224
7 14 34 0 -10 0 0 195
7 14 35 5.5 -2 0 0 274
7 14 36 0 -10 0 0 100
7 14 37 0 -10 0 0 143
7 14 38 5.5 -2 0 0 237
7 14 39 0 -10 0 0 154
7 14 40 5.5 -2 0 0 225
7 14 41 5.5 -2 0 0 204
7 14 42 0 -10 0 0 168
7 14 43 0 -10 0 0 142
7 14 44 0 -10 0 0 171
7 14 45 0 -10 0 0 162
7 14 46 0 -10 0 0 139
7 14 47 5.5 -2 0 0 202
7 14 48 0 -10 0 0 170
7 14 49 0 -10 0 0 133
7 14 50 0 -10 0 0 181
7 14 51 0 -10 0 0 94
7 14 52 0 -10 0 0 121
7 14 53 0 -10 0 0 156
7 14 54 0 -10 0 0 160
7 14 55 0 -10 0 0 118
7 14 56 0 -10 0 0 122
7 14 57 0 -10 0 0 87
7 14 58 0 -10 0 0 103
7 14 59 0 -10 0 0 112
7 14 60 0 -10 0 0 128
7 14 61 0 -10 0 0 103
7 14 62 0 -10 0 0 89
7 14 63 0 -10 0 0 118
7 15 0 0 -10 0 0 118
7 15 1 0 -10 0 0 98
7 15 2 0 -10 0 0 82
7 15 3 0 -10 0 0 81
7 15 4 0 -10 0 0 35
7 15 5 0 -10 0 0 69
7 15 6 0 -10 0 0 80
7 15 7 0 -10 0 0 47
7 15 8 0 -10 0 0 104
7 15 9 0 -10 0 0 56
7 15 10 0 -10 0 0 70
7 15 11 0 -10 0 0 84
7 15 12 0 -10 0 0 68
7 15 13 0 -10 0 0 62
7 15 14 0 -10 0 0 131
7 15 15 0 -10 0 0 84
7 15 16 0 -10 0 0 44
7 15 17 0 -10 0 0 122
7 15 18 0 -10 0 0 39
7 15 19 0 -10 0 0 66
7 15 20 0 -10 0 0 25
7 15 21 0 -10 0 0 60
7 15 22 0 -10 0 0 41
7 15 23 0 -10 0 0 33
7 15 24 0 -10 0 0 113
7 15 25 0 -10 0 0 66
7 15 26 0 -10 0 0 152
7 15 27 0 -10 0 0 39
7 15 28 0 -10 0 0 63
7 15 29 0 -10 0 0 136
7 15 30 0 -10 0 0 13
7 15 31 0 -10 0 0 88
7 15 32 0 -10 0 0 92
7 15 33 0 -10 0 0 39
7 15 34 0 -10 0 0 179
7 15 35 0 -10 0 0 67
7 15 36 0 -10 0 0 26
7 15 37 0 -10 0 0 141
7 15 38 0 -10 0 0 97
7 15 39 0 -10 0 0 156
7 15 40 0 -10 0 0 131
7 15 41 0 -10 0 0 92
7 15 42 0 -10 0 0 56
7 15 43 0 -10 0 0 187
7 15 44 0 -10 0 0 92
7 15 45 0 -10 0 0 71
7 15 46 5.5 -2 0 0 228
7 15 47 0 -10 0 0 113
7 15 48 0 -10 0 0 27
7 15 49 0 -10 0 0 159
7 15 50 0 -10 0 0 126
7 15 51 5.5 -2 0 0 320
7 15 52 0 -10 0 0 183
7 15 53 0 -10 0 0 118
7 15 54 0 -10 0 0 111
7 15 55 5.5 -2 0 0 215
7 15 56 0 -10 0 0 118
7 15 57 5.5 -2 0 0 228
7 15 58 0 -10 0 0 187
7 15 59 5.5 -2 0 0 240
7 15 60 0 -10 0 0 163
7 15 61 5.5 -2 0 0 429
7 15 62 5.5 -2 0 0 293
7 15 63 5.5 -2 0 0 202
8 0 0 0 -10 0 0 148
8 0 1 0 -10 0 0 117
8 0 2 0 -10 0 0 129
8 0 3 0 -10 0 0 59
8 0 4 0 -10 0 0 132
8 0 5 0 -10 0 0 124
8 0 6 0 -10 0 0 101
8 0 7 0 -10 0 0 95
8 0 8 0 -10 0 0 126
8 0 9 0 -10 0 0 83
8 0 10 0 -10 0 0 44
8 0 11 0 -10 0 0 156
8 0 12 0 -10 0 0 87
8 0 13 0 -10 0 0 109
8 0 14 0 -10 0 0 177
8 0 15 0 -10 0 0 108
8 0 16 0 -10 0 0 60
8 0 17 0 -10 0 0 187
8 0 18 0 -10 0 0 108
8 0 19 0 -10 0 0 100
8 0 20 0 -10 0 0 156
8 0 21 0 -10 0 0 84
8 0 22 0 -10 0 0 56
8 0 23 0 -10 0 0 183
8 0 24 0 -10 0 0 137
8 0 25 0 -10 0 0 120
8 0 26 5.5 -2 0 0 218
8 0 27 0 -10 0 0 108
8 0 28 0 -10 0 0 115
8 0 29 0 -10 0 0 199
8 0 30 0 -10 0 0 124
8 0 31 0 -10 0 0 132
8 0 32 0 -10 0 0 109
8 0 33 0 -10 0 0 131
8 0 34 5.5 -2 0 0 276
8 0 35 0 -10 0 0 147
8 0 36 0 -10 0 0 142
8 0 37 5.49265 0.472686 1.01495 0.111167 218
8 0 38 0 -10 0 0 146
8 0 39 5.5 -2 0 0 290
8 0 40 0 -10 0 0 181
8 0 41 0 -10 0 0 154
8 0 42 5.5 -2 0 0 227
8 0 43 5.5 -2 0 0 244
8 0 44 0 -10 0 0 158
8 0 45 0 -10 0 0 153
8 0 46 5.5 -2 0 0 321
8 0 47 5.5 -2 0 0 203
8 0 48 5.5 -2 0 0 203
8 0 49 4.95182 0.435148 0.928292 0.126678 258
8 0 50 0 -10 0 0 173
8 0 51 5.5 -2 0 0 565
8 0 52 5.5 -2 0 0 347
8 0 53 5.5 -2 0 0 246
8 0 54 5.5 -2 0 0 222
8 0 55 5.5 -2 0 0 408
8 0 56 5.5 -2 0 0 430
8 0 57 5.5 -2 0 0 442
8 0 58 5.5 -2 0 0 285
8 0 59 5.5 -2 0 0 459
8 0 60 5.5 -2 0 0 249
8 0 61 5.5 -2 0 0 753
8 0 62 5.5 -2 0 0 535
8 0 63 5.5 -2 0 0 319
8 1 0 5.5 -2 0 0 654
8 1 1 5.5 -2 0 0 741
8 1 2 5.5 -2 0 0 774
8 1 3 5.5 -2 0 0 669
8 1 4 5.5 -2 0 0 411
8 1 5 5.5 -2 0 0 542
8 1 6 5.5 -2 0 0 914
8 1 7 5.5 -2 0 0 678
8 1 8 5.5 -2 0 0 462
8 1 9 5.5 -2 0 0 560
8 1 10 5.5 -2 0 0 896
8 1 11 5.5 -2 0 0 316
8 1 12 5.5 -2 0 0 546
8 1 13 5.5 -2 0 0 429
8 1 14 5.5 -2 0 0 444
8 1 15 5.5 -2 0 0 253
8 1 16 5.5 -2 0 0 1004
8 1 17 5.5 -2 0 0 342
8 1 18 5.5 -2 0 0 278
8 1 19 5.5 -2 0 0 491
8 1 20 0 -10 0 0 186
8 1 21 5.5 -2 0 0 710
8 1 22 5.5 -2 0 0 544
8 1 23 5.5 -2 0 0 252
8 1 24 5.5 -2 0 0 397
8 1 25 5.5 -2 0 0 357
8 1 26 5.5 -2 0 0 338
8 1 27 5.5 -2 0 0 274
8 1 28 5.5 -2 0 0 258
8 1 29 5.5 -2 0 0 252
8 1 30 4.68392 0.368027 0.63163 0.0756932 229
8 1 31 5.5 -2 0 0 247
8 1 32 0 -10 0 0 196
8 1 33 0 -10 0 0 194
8 1 34 5.5 -2 0 0 273
8 1 35 5.5 -2 0 0 230
8 1 36 0 -10 0 0 144
8 1 37 5.5 -2 0 0 204
8 1 38 0 -10 0 0 169
8 1 39 0 -10 0 0 146
8 1 40 5.5 -2 0 0 209
8 1 41 5.5 -2 0 0 212
8 1 42 0 -10 0 0 197
8 1 43 0 -10 0 0 172
8 1 44 0 -10 0 0 140
8 1 45 0 -10 0 0 129
8 1 46 5.5 -2 0 0 233
8 1 47 0 -10 0 0 131
8 1 48 0 -10 0 0 159
8 1 49 0 -10 0 0 183
8 1 50 0 -10 0 0 149
8 1 51 0 -10 0 0 112
8 1 52 0 -10 0 0 155
8 1 53 0 -10 0 0 121
8 1 54 0 -10 0 0 137
8 1 55 0 -10 0 0 104
8 1 56 0 -10 0 0 115
8 1 57 0 -10 0 0 118
8 1 58 0 -10 0 0 148
8 1 59 0 -10 0 0 191
8 1 60 0 -10 0 0 100
8 1 61 0 -10 0 0 138
8 1 62 0 -10 0 0 165
8 1 63 0 -10 0 0 131
8 2 0 5.5 -2 0 0 595
8 2 1 5.5 -2 0 0 411
8 2 2 5.5 -2 0 0 347
8 2 3 0 -10 0 0 183
8 2 4 5.5 -2 0 0 251
8 2 5 5.5 -2 0 0 231
8 2 6 5.5 -2 0 0 267
8 2 7 0 -10 0 0 118
8 2 8 5.5 -2 0 0 346
8 2 9 0 -10 0 0 177
8 2 10 0 -10 0 0 135
8 2 11 5.5 -2 0 0 387
8 2 12 5.5 -2 0 0 236
8 2 13 0 -10 0 0 152
8 2 14 5.5 -2 0 0 553
8 2 15 5.5 -2 0 0 223
8 2 16 0 -10 0 0 149
8 2 17 5.5 -2 0 0 468
8 2 18 5.5 -2 0 0 202
8 2 19 0 -10 0 0 155
8 2 20 5.5 -2 0 0 360
8 2 21 5.5 -2 0 0 217
8 2 22 0 -10 0 0 129
8 2 23 5.5 -2 0 0 342
8 2 24 5.5 -2 0 0 370
8 2 25 0 -10 0 0 148
8 2 26 5.5 -2 0 0 751
8 2 27 0 -10 0 0 196
8 2 28 0 -10 0 0 175
8 2 29 5.5 -2 0 0 478
8 2 30 5.5 -2 0 0 228
8 2 31 0 -10 0 0 167
8 2 32 5.5 -2 0 0 203
8 2 33 5.5 -2 0 0 222
8 2 34 4.82015 0.274801 0.893415 0.0221647 839
8 2 35 0 -10 0 0 157
8 2 36 5.5 -2 0 0 306
8 2 37 4.61299 0.337871 0.876305 0.168067 474
8 2 38 0 -10 0 0 175
8 2 39 5.5 -2 0 0 386
8 2 40 5.5 -2 0 0 331
8 2 41 0 -10 0 0 197
8 2 42 5.5 -2 0 0 423
8 2 43 5.5 -2 0 0 558
8 2 44 5.5 -2 0 0 224
8 2 45 5.5 -2 0 0 274
8 2 46 5.5 -2 0 0 890
8 2 47 0 -10 0 0 200
8 2 48 5.5 -2 0 0 321
8 2 49 5.5 -2 0 0 512
8 2 50 5.5 -2 0 0 278
8 2 51 5.5 -2 0 0 984
8 2 52 5.5 -2 0 0 741
8 2 53 5.5 -2 0 0 277
8 2 54 5.5 -2 0 0 374
8 2 55 5.5 -2 0 0 756
8 2 56 5.5 -2 0 0 560
8 2 57 5.5 -2 0 0 818
8 2 58 5.5 -2 0 0 475
8 2 59 5.5 -2 0 0 1204
8 2 60 5.5 -2 0 0 340
8 2 61 5.5 -2 0 0 1762
8 2 62 5.5 -2 0 0 1390
8 2 63 5.5 -2 0 0 546
8 3 0 5.5 -2 0 0 618
8 3 1 5.5 -2 0 0 519
8 3 2 5.5 -2 0 0 573
8 3 3 5.5 -2 0 0 508
8 3 4 5.5 -2 0 0 700
8 3 5 5.5 -2 0 0 449
8 3 6 5.5 -2 0 0 643
8 3 7 5.5 -2 0 0 676
8 3 8 5.5 -2 0 0 370
8 3 9 5.5 -2 0 0 773
8 3 10 5.5 -2 0 0 927
8 3 11 5.5 -2 0 0 252
8 3 12 5.5 -2 0 0 419
8 3 13 5.5 -2 0 0 465
8 3 14 5.5 -2 0 0 441
8 3 15 5.5 -2 0 0 383
8 3 16 5.5 -2 0 0 1184
8 3 17 5.5 -2 0 0 263
8 3 18 5.5 -2 0 0 335
8 3 19 5.5 -2 0 0 669
8 3 20 5.5 -2 0 0 234
8 3 21 5.5 -2 0 0 1034
8 3 22 5.5 -2 0 0 771
8 3 23 5.5 -2 0 0 235
8 3 24 5.5 -2 0 0 328
8 3 25 5.5 -2 0 0 484
8 3 26 5.5 -2 0 0 321
8 3 27 5.5 -2 0 0 271
8 3 28 5.5 -2 0 0 354
8 3 29 5.5 -2 0 0 221
8 3 30 0 -10 0 0 166
8 3 31 4.91157 0.382646 0.832076 0.122976 468
8 3 32 5.5 -2 0 0 368
8 3 33 5.5 -2 0 0 266
8 3 34 5.5 -2 0 0 235
8 3 35 5.5 -2 0 0 425
8 3 36 5.5 -2 0 0 217
8 3 37 0 -10 0 0 177
8 3 38 4.83623 0.40848 0.739283 0.0668557 336
8 3 39 5.5 -2 0 0 277
8 3 40 0 -10 0 0 199
8 3 41 4.67731 0.427663 0.974763 0.135897 202
8 3 42 0 -10 0 0 179
8 3 43 5.5 -2 0 0 221
8 3 44 5.5 -2 0 0 257
8 3 45 5.5 -2 0 0 236
8 3 46 5.5 -2 0 0 276
8 3 47 5.5 -2 0 0 239
8 3 48 5.5 -2 0 0 272
8 3 49 5.5 -2 0 0 207
8 3 50 5.5 -2 0 0 238
8 3 51 0 -10 0 0 197
8 3 52 5.5 -2 0 0 210
8 3 53 5.5 -2 0 0 244
8 3 54 0 -10 0 0 110
8 3 55 5.5 -2 0 0 230
8 3 56 0 -10 0 0 198
8 3 57 0 -10 0 0 177
8 3 58 0 -10 0 0 194
8 3 59 1.5 -2 0 0 214
8 3 60 0 -10 0 0 176
8 3 61 5.5 -2 0 0 213
8 3 62 1.5 -2 0 0 214
8 3 63 0 -10 0 0 161
8 4 0 5.5 -2 0 0 1711
8 4 1 5.5 -2 0 0 952
8 4 2 5.5 -2 0 0 716
8 4 3 5.5 -2 0 0 236
8 4 4 5.5 -2 0 0 362
8 4 5 5.5 -2 0 0 422
8 4 6 5.5 -2 0 0 555
8 4 7 0 -10 0 0 176
8 4 8 5.5 -2 0 0 527
8 4 9 5.5 -2 0 0 337
8 4 10 5.5 -2 0 0 250
8 4 11 4.80007 0.373803 0.746359 0.082209 485
8 4 12 5.5 -2 0 0 344
8 4 13 0 -10 0 0 168
8 4 14 4.6421 0.339432 0.90601 0.0742421 1262
8 4 15 5.5 -2 0 0 234
8 4 16 0 -10 0 0 155
8 4 17 5.5 -2 0 0 732
8 4 18 5.5 -2 0 0 258
8 4 19 0 -10 0 0 142
8 4 20 5.5 -2 0 0 314
8 4 21 5.5 -2 0 0 400
8 4 22 5.5 -2 0 0 205
8 4 23 5.5 -2 0 0 449
8 4 24 5.5 -2 0 0 851
8 4 25 0 -10 0 0 159
8 4 26 4.96375 0.340408 0.759655 0.130333 1087
8 4 27 0 -10 0 0 164
8 4 28 0 -10 0 0 153
8 4 29 4.62434 0.365038 0.66269 0.303769 684
8 4 30 5.5 -2 0 0 232
8 4 31 0 -10 0 0 158
8 4 32 0 -10 0 0 160
8 4 33 0 -10 0 0 188
8 4 34 5.5 -2 0 0 1012
8 4 35 0 -10 0 0 134
8 4 36 0 -10 0 0 200
8 4 37 5.5 -2 0 0 404
8 4 38 0 -10 0 0 101
8 4 39 5.5 -2 0 0 233
8 4 40 5.5 -2 0 0 323
8 4 41 0 -10 0 0 163
8 4 42 5.5 -2 0 0 261
8 4 43 4.87776 0.324165 0.789684 0.135136 597
8 4 44 0 -10 0 0 144
8 4 45 0 -10 0 0 177
8 4 46 5.5 -2 0 0 803
8 4 47 0 -10 0 0 112
8 4 48 5.5 -2 0 0 202
8 4 49 5.5 -2 0 0 339
8 4 50 0 -10 0 0 128
8 4 51 5.5 -2 0 0 402
8 4 52 5.5 -2 0 0 453
8 4 53 0 -10 0 0 150
8 4 54 5.5 -2 0 0 204
8 4 55 5.5 -2 0 0 410
8 4 56 5.5 -2 0 0 228
8 4 57 5.5 -2 0 0 301
8 4 58 5.5 -2 0 0 252
8 4 59 5.5 -2 0 0 672
8 4 60 0 -10 0 0 170
8 4 61 5.5 -2 0 0 577
8 4 62 5.5 -2 0 0 590
8 4 63 5.5 -2 0 0 330
8 5 0 0 -10 0 0 183
8 5 1 5.5 -2 0 0 225
8 5 2 5.5 -2 0 0 264
8 5 3 5.5 -2 0 0 310
8 5 4 0 -10 0 0 167
8 5 5 5.5 -2 0 0 283
8 5 6 5.5 -2 0 0 272
8 5 7 5.5 -2 0 0 373
8 5 8 5.5 -2 0 0 270
8 5 9 5.5 -2 0 0 241
8 5 10 4.65931 0.457562 0.361664 0.393765 271
8 5 11 5.5 -2 0 0 260
8 5 12 0 -10 0 0 193
8 5 13 5.5 -2 0 0 365
8 5 14 5.5 -2 0 0 268
8 5 15 5.5 -2 0 0 291
8 5 16 5.5 -2 0 0 376
8 5 17 5.02388 0.430492 0.671007 0.0690735 308
8 5 18 5.03544 0.432645 0.892655 0.110661 334
8 5 19 5.5 -2 0 0 521
8 5 20 5.5 -2 0 0 382
8 5 21 5.5 -2 0 0 295
8 5 22 5.5 -2 0 0 314
8 5 23 5.5 -2 0 0 302
8 5 24 5.5 -2 0 0 222
8 5 25 5.5 -2 0 0 526
8 5 26 5.5 -2 0 0 275
8 5 27 5.5 -2 0 0 378
8 5 28 5.5 -2 0 0 319
8 5 29 5.5 -2 0 0 288
8 5 30 5.5 -2 0 0 336
8 5 31 5.5 -2 0 0 631
8 5 32 5.5 -2 0 0 456
8 5 33 5.5 -2 0 0 211
8 5 34 5.5 -2 0 0 299
8 5 35 5.5 -2 0 0 822
8 5 36 5.5 -2 0 0 305
8 5 37 5.5 -2 0 0 348
8 5 38 5.5 -2 0 0 789
8 5 39 5.5 -2 0 0 746
8 5 40 5.5 -2 0 0 373
8 5 41 5.5 -2 0 0 310
8 5 42 5.5 -2 0 0 389
8 5 43 5.5 -2 0 0 359
8 5 44 5.5 -2 0 0 704
8 5 45 5.5 -2 0 0 487
8 5 46 5.5 -2 0 0 343
8 5 47 5.5 -2 0 0 1065
8 5 48 5.5 -2 0 0 706
8 5 49 5.5 -2 0 0 330
8 5 50 5.5 -2 0 0 451
8 5 51 5.5 -2 0 0 603
8 5 52 5.5 -2 0 0 388
8 5 53 5.5 -2 0 0 938
8 5 54 5.5 -2 0 0 397
8 5 55 5.5 -2 0 0 488
8 5 56 5.5 -2 0 0 1196
8 5 57 5.5 -2 0 0 574
8 5 58 5.5 -2 0 0 543
8 5 59 5.5 -2 0 0 394
8 5 60 5.5 -2 0 0 1159
8 5 61 5.5 -2 0 0 592
8 5 62 1.5 -2 0 0 437
8 5 63 1.5 -2 0 0 460
8 6 0 5.5 -2 0 0 865
8 6 1 5.5 -2 0 0 580
8 6 2 5.5 -2 0 0 467
8 6 3 4.95624 -3 0 0 181
8 6 4 5.5 -2 0 0 244
8 6 5 5.5 -2 0 0 290
8 6 6 4.94878 0.473328 0.666566 0.20351 373
8 6 7 4.95624 -3 0 0 132
8 6 8 5.5 -2 0 0 325
8 6 9 5.5 -2 0 0 228
8 6 10 4.93454 0.463295 0.949962 0.194293 210
8 6 11 5.5 -2 0 0 277
8 6 12 5.19695 0.375419 0.827098 0.246791 206
8 6 13 4.95624 -3 0 0 131
8 6 14 5.18636 0.494158 0.880812 0.115017 515
8 6 15 4.95624 -3 0 0 180
8 6 16 5.35783 0.457368 0.788327 0.13676 202
8 6 17 5.5 -2 0 0 368
8 6 18 5.07777 0.450375 0.856791 0.0644383 208
8 6 19 4.95624 -3 0 0 112
8 6 20 4.95624 -3 0 0 194
8 6 21 5.5 -2 0 0 319
8 6 22 4.95624 -3 0 0 146
8 6 23 5.39868 0.474508 0.991791 0.0486207 234
8 6 24 5.49329 0.54474 0.714215 0.0802837 416
8 6 25 4.95624 -3 0 0 117
8 6 26 5.48001 0.452355 0.608957 0.236293 433
8 6 27 4.95624 -3 0 0 132
8 6 28 4.95624 -3 0 0 98
8 6 29 6.02529 0.436934 1.00072 0.0529209 240
8 6 30 4.95624 -3 0 0 159
8 6 31 4.95624 -3 0 0 95
8 6 32 4.95624 -3 0 0 108
8 6 33 4.95624 -3 0 0 124
8 6 34 4.66801 0.404254 0.858758 0.0538008 343
8 6 35 4.95624 -3 0 0 103
8 6 36 4.95624 -3 0 0 121
8 6 37 4.95624 -3 0 0 179
8 6 38 4.95624 -3 0 0 79
8 6 39 4.95624 -3 0 0 107
8 6 40 4.95624 -3 0 0 157
8 6 41 4.95624 -3 0 0 75
8 6 42 4.95624 -3 0 0 146
8 6 43 4.77435 0.463795 0.658757 0.214768 207
8 6 44 4.95624 -3 0 0 80
8 6 45 4.95624 -3 0 0 91
8 6 46 5.5 -2 0 0 281
8 6 47 0 -10 0 0 0
8 6 48 4.95624 -3 0 0 104
8 6 49 4.95624 -3 0 0 143
8 6 50 4.95624 -3 0 0 72
8 6 51 4.95624 -3 0 0 151
8 6 52 4.95624 -3 0 0 190
8 6 53 4.95624 -3 0 0 76
8 6 54 4.95624 -3 0 0 106
8 6 55 4.95624 -3 0 0 137
8 6 56 4.95624 -3 0 0 119
8 6 57 4.95624 -3 0 0 136
8 6 58 4.95624 -3 0 0 101
8 6 59 4.95624 -3 0 0 189
8 6 60 4.95624 -3 0 0 96
8 6 61 4.95624 -3 0 0 166
8 6 62 4.95624 -3 0 0 187
8 6 63 4.95624 -3 0 0 140
8 7 0 0 -10 0 0 138
8 7 1 0 -10 0 0 111
8 7 2 0 -10 0 0 145
8 7 3 0 -10 0 0 160
8 7 4 0 -10 0 0 143
8 7 5 0 -10 0 0 145
8 7 6 0 -10 0 0 141
8 7 7 0 -10 0 0 199
8 7 8 0 -10 0 0 144
8 7 9 0 -10 0 0 118
8 7 10 0 -10 0 0 162
8 7 11 0 -10 0 0 172
8 7 12 0 -10 0 0 137
8 7 13 5.5 -2 0 0 239
8 7 14 0 -10 0 0 115
8 7 15 0 -10 0 0 176
8 7 16 0 -10 0 0 158
8 7 17 0 -10 0 0 188
8 7 18 4.86712 0.331165 0.736999 0.124298 203
8 7 19 5.5 -2 0 0 250
8 7 20 4.90883 0.418481 0.759688 0.0733867 231
8 7 21 0 -10 0 0 133
8 7 22 0 -10 0 0 140
8 7 23 0 -10 0 0 196
8 7 24 0 -10 0 0 134
8 7 25 4.84804 0.455601 0.669723 0.0520905 285
8 7 26 0 -10 0 0 177
8 7 27 5.01007 0.390626 0.820442 0.068924 270
8 7 28 0 -10 0 0 176
8 7 29 0 -10 0 0 196
8 7 30 5.5 -2 0 0 234
8 7 31 5.40802 0.43637 0.960025 0.0461368 400
8 7 32 5.01526 0.440443 0.652509 0.0923551 345
8 7 33 4.7523 0.462675 0.48731 0.0632839 233
8 7 34 5.5 -2 0 0 224
8 7 35 4.85076 0.44457 0.810416 0.00728207 522
8 7 36 5.27917 0.465162 0.50784 0.331345 355
8 7 37 6.72061 0.533154 0.127309 0.659636 285
8 7 38 5.45637 0.307967 0.829075 0.0441133 717
8 7 39 5.21237 0.396184 0.763846 0.027712 890
8 7 40 4.94696 0.379729 0.768379 0.0707453 273
8 7 41 5.02313 0.446901 0.652048 0.106863 448
8 7 42 4.74001 0.456232 0.712543 0.262073 442
8 7 43 5.5 -2 0 0 260
8 7 44 4.81382 0.373974 0.885952 0.0481648 626
8 7 45 5.5 -2 0 0 470
8 7 46 5.5 -2 0 0 313
8 7 47 5.0222 0.394723 0.820256 0.0269085 1180
8 7 48 5.5 -2 0 0 432
8 7 49 5.5 -2 0 0 405
8 7 50 5.5 -2 0 0 632
8 7 51 4.85989 0.454552 0.571705 0.117459 547
8 7 52 5.5 -2 0 0 387
8 7 53 5.5 -2 0 0 1145
8 7 54 5.5 -2 0 0 571
8 7 55 5.5 -2 0 0 484
8 7 56 4.66719 0.363386 0.963634 0.0257604 973
8 7 57 5.5 -2 0 0 811
8 7 58 5.5 -2 0 0 562
8 7 59 5.5 -2 0 0 250
8 7 60 5.5 -2 0 0 770
8 7 61 5.5 -2 0 0 514
8 7 62 5.5 -2 0 0 390
8 7 63 5.5 -2 0 0 527
8 8 0 4.675 -3 0 0 95
8 8 1 4.675 -3 0 0 101
8 8 2 4.675 -3 0 0 109
8 8 3 4.675 -3 0 0 136
8 8 4 4.675 -3 0 0 135
8 8 5 4.675 -3 0 0 121
8 8 6 4.675 -3 0 0 115
8 8 7 4.675 -3 0 0 180
8 8 8 4.675 -3 0 0 116
8 8 9 4.675 -3 0 0 127
8 8 10 4.675 -3 0 0 129
8 8 11 4.675 -3 0 0 148
8 8 12 4.675 -3 0 0 127
8 8 13 4.675 -3 0 0 193
8 8 14 4.675 -3 0 0 104
8 8 15 4.675 -3 0 0 185
8 8 16 4.675 -3 0 0 158
8 8 17 4.675 -3 0 0 87
8 8 18 4.675 -3 0 0 178
8 8 19 5.19363 0.507722 0.899895 0.117588 257
8 8 20 4.675 -3 0 0 190
8 8 21 4.675 -3 0 0 113
8 8 22 4.675 -3 0 0 156
8 8 23 4.675 -3 0 0 137
8 8 24 4.675 -3 0 0 111
8 8 25 5.5 -2 0 0 316
8 8 26 4.675 -3 0 0 142
8 8 27 5.5 -2 0 0 224
8 8 28 5.5 -2 0 0 240
8 8 29 4.675 -3 0 0 175
8 8 30 4.675 -3 0 0 185
8 8 31 4.84691 0.415753 0.848948 0.0772526 392
8 8 32 5.07569 0.464222 0.370674 0.603379 311
8 8 33 5.5 -2 0 0 306
8 8 34 4.675 -3 0 0 156
8 8 35 5.10103 0.490131 0.859746 0.118176 533
8 8 36 5.27733 0.358779 0.735535 0.0694437 241
8 8 37 5.5 -2 0 0 202
8 8 38 5.37952 0.416094 0.829914 0.0531053 717
8 8 39 5.24964 0.340433 0.834703 0.0610574 649
8 8 40 5.5 -2 0 0 213
8 8 41 5.5 -2 0 0 463
8 8 42 4.88073 0.413186 0.877174 0.094433 269
8 8 43 4.675 -3 0 0 193
8 8 44 4.66341 0.336103 0.861185 0.0540252 533
8 8 45 5.5 -2 0 0 352
8 8 46 4.675 -3 0 0 145
8 8 47 4.93237 0.485092 0.916422 0.0395123 1248
8 8 48 5.5 -2 0 0 276
8 8 49 5.5 -2 0 0 269
8 8 50 5.5 -2 0 0 501
8 8 51 4.70379 0.397014 0.860438 0.0728005 393
8 8 52 5.5 -2 0 0 228
8 8 53 4.64939 0.4487 0.924116 0.108884 869
8 8 54 5.5 -2 0 0 416
8 8 55 5.5 -2 0 0 296
8 8 56 5.5 -2 0 0 526
8 8 57 5.5 -2 0 0 473
8 8 58 5.5 -2 0 0 298
8 8 59 5.5 -2 0 0 218
8 8 60 5.5 -2 0 0 738
8 8 61 5.5 -2 0 0 332
8 8 62 5.5 -2 0 0 278
8 8 63 5.5 -2 0 0 289
8 9 0 5.5 -2 0 0 409
8 9 1 5.5 -2 0 0 290
8 9 2 5.5 -2 0 0 230
8 9 3 0 -10 0 0 97
8 9 4 0 -10 0 0 134
8 9 5 0 -10 0 0 107
8 9 6 0 -10 0 0 182
8 9 7 0 -10 0 0 75
8 9 8 0 -10 0 0 187
8 9 9 0 -10 0 0 130
8 9 10 0 -10 0 0 97
8 9 11 0 -10 0 0 150
8 9 12 0 -10 0 0 108
8 9 13 0 -10 0 0 71
8 9 14 5.5 -2 0 0 267
8 9 15 0 -10 0 0 71
8 9 16 0 -10 0 0 94
8 9 17 0 -10 0 0 174
8 9 18 0 -10 0 0 90
8 9 19 0 -10 0 0 61
8 9 20 0 -10 0 0 89
8 9 21 0 -10 0 0 145
8 9 22 0 -10 0 0 97
8 9 23 0 -10 0 0 148
8 9 24 5.5 -2 0 0 239
8 9 25 0 -10 0 0 51
8 9 26 5.5 -2 0 0 250
8 9 27 0 -10 0 0 65
8 9 28 0 -10 0 0 66
8 9 29 0 -10 0 0 139
8 9 30 0 -10 0 0 62
8 9 31 0 -10 0 0 55
8 9 32 0 -10 0 0 52
8 9 33 0 -10 0 0 40
8 9 34 5.5 -2 0 0 227
8 9 35 0 -10 0 0 45
8 9 36 0 -10 0 0 68
8 9 37 0 -10 0 0 111
8 9 38 0 -10 0 0 50
8 9 39 0 -10 0 0 56
8 9 40 0 -10 0 0 55
8 9 41 0 -10 0 0 46
8 9 42 0 -10 0 0 76
8 9 43 0 -10 0 0 123
8 9 44 0 -10 0 0 28
8 9 45 0 -10 0 0 44
8 9 46 0 -10 0 0 183
8 9 47 0 -10 0 0 44
8 9 48 0 -10 0 0 45
8 9 49 0 -10 0 0 95
8 9 50 0 -10 0 0 31
8 9 51 0 -10 0 0 104
8 9 52 0 -10 0 0 131
8 9 53 0 -10 0 0 37
8 9 54 0 -10 0 0 50
8 9 55 0 -10 0 0 119
8 9 56 0 -10 0 0 64
8 9 57 0 -10 0 0 77
8 9 58 0 -10 0 0 46
8 9 59 0 -10 0 0 156
8 9 60 0 -10 0 0 48
8 9 61 0 -10 0 0 105
8 9 62 0 -10 0 0 137
8 9 63 0 -10 0 0 77
8 10 0 0 -10 0 0 186
8 10 1 0 -10 0 0 185
8 10 2 5.5 -2 0 0 201
8 10 3 5.5 -2 0 0 309
8 10 4 5.5 -2 0 0 215
8 10 5 4.74001 0.383102 0.844252 0.0622258 243
8 10 6 5.5 -2 0 0 254
8 10 7 5.5 -2 0 0 526
8 10 8 0 -10 0 0 194
8 10 9 5.5 -2 0 0 293
8 10 10 5.5 -2 0 0 298
8 10 11 0 -10 0 0 197
8 10 12 4.62567 0.430476 0.659195 0.239982 259
8 10 13 5.5 -2 0 0 413
8 10 14 5.5 -2 0 0 227
8 10 15 4.60347 0.3988 0.616037 0.239191 359
8 10 16 5.5 -2 0 0 518
8 10 17 0 -10 0 0 184
8 10 18 4.68354 0.359605 0.663528 0.117036 247
8 10 19 5.5 -2 0 0 655
8 10 20 4.66524 0.354812 1.06804 0.10613 272
8 10 21 5.04964 0.49196 1.06267 0.0605368 275
8 10 22 4.77429 0.38395 0.826864 0.233605 355
8 10 23 5.5 -2 0 0 229
8 10 24 0 -10 0 0 197
8 10 25 5.5 -2 0 0 729
8 10 26 5.5 -2 0 0 213
8 10 27 5.07233 0.394602 0.740947 0.266021 435
8 10 28 5.5 -2 0 0 407
8 10 29 5.5 -2 0 0 211
8 10 30 5.5 -2 0 0 305
8 10 31 5.5 -2 0 0 855
8 10 32 5.5 -2 0 0 565
8 10 33 5.5 -2 0 0 445
8 10 34 0 -10 0 0 198
8 10 35 5.35266 0.505493 1.49755 0.174182 1667
8 10 36 5.5 -2 0 0 296
8 10 37 5.5 -2 0 0 216
8 10 38 5.5 -2 0 0 1398
8 10 39 5.15039 0.425095 1.24067 0.0801235 799
8 10 40 5.5 -2 0 0 277
8 10 41 5.32988 0.376503 1.01597 0.127533 711
8 10 42 5.5 -2 0 0 337
8 10 43 4.90913 0.468273 0.708875 0.0613463 248
8 10 44 5.5 -2 0 0 845
8 10 45 5.5 -2 0 0 486
8 10 46 0 -10 0 0 193
8 10 47 4.72322 0.300198 1.07642 0.0307377 2145
8 10 48 5.5 -2 0 0 573
8 10 49 5.5 -2 0 0 263
8 10 50 5.5 -2 0 0 479
8 10 51 5.5 -2 0 0 384
8 10 52 5.5 -2 0 0 269
8 10 53 5.5 -2 0 0 1365
8 10 54 5.5 -2 0 0 453
8 10 55 5.5 -2 0 0 298
8 10 56 5.5 -2 0 0 559
8 10 57 5.5 -2 0 0 473
8 10 58 5.5 -2 0 0 254
8 10 59 5.5 -2 0 0 253
8 10 60 5.5 -2 0 0 961
8 10 61 5.5 -2 0 0 311
8 10 62 5.5 -2 0 0 256
8 10 63 5.5 -2 0 0 401
8 11 0 5.5 -2 0 0 765
8 11 1 5.0546 0.388194 0.700866 0.0233435 481
8 11 2 5.5 -2 0 0 480
8 11 3 4.75987 -3 0 0 151
8 11 4 5.5 -2 0 0 258
8 11 5 5.5 -2 0 0 269
8 11 6 5.15281 0.514674 0.5317 0.233043 317
8 11 7 4.75987 -3 0 0 102
8 11 8 5.5 -2 0 0 257
8 11 9 5.5 -2 0 0 202
8 11 10 4.75987 -3 0 0 177
8 11 11 5.5 -2 0 0 347
8 11 12 4.75987 -3 0 0 152
8 11 13 4.75987 -3 0 0 104
8 11 14 5.5 -2 0 0 620
8 11 15 4.75987 -3 0 0 146
8 11 16 4.75987 -3 0 0 114
8 11 17 5.5 -2 0 0 393
8 11 18 4.9444 0.434054 0.724207 0.113999 210
8 11 19 4.75987 -3 0 0 112
8 11 20 5.16273 0.390461 0.741476 0.116742 232
8 11 21 5.14432 0.418521 0.674722 0.0528634 254
8 11 22 4.75987 -3 0 0 150
8 11 23 5.5 -2 0 0 326
8 11 24 5.5 -2 0 0 451
8 11 25 4.75987 -3 0 0 108
8 11 26 5.63414 0.501823 0.861957 0.1075 655
8 11 27 4.75987 -3 0 0 158
8 11 28 4.75987 -3 0 0 111
8 11 29 5.13393 0.432088 0.950239 0.0822131 404
8 11 30 4.75987 -3 0 0 173
8 11 31 4.75987 -3 0 0 110
8 11 32 4.75987 -3 0 0 120
8 11 33 4.75987 -3 0 0 137
8 11 34 5.66661 0.474861 0.90889 0.00957332 615
8 11 35 4.75987 -3 0 0 101
8 11 36 4.75987 -3 0 0 156
8 11 37 5.10004 0.453255 0.694732 0.205518 283
8 11 38 4.75987 -3 0 0 102
8 11 39 4.75987 -3 0 0 137
8 11 40 5.5 -2 0 0 206
8 11 41 4.75987 -3 0 0 102
8 11 42 4.75987 -3 0 0 193
8 11 43 4.73321 0.441978 0.8079 0.0439435 360
8 11 44 4.75987 -3 0 0 102
8 11 45 4.75987 -3 0 0 122
8 11 46 5.5 -2 0 0 470
8 11 47 4.75987 -3 0 0 95
8 11 48 4.75987 -3 0 0 140
8 11 49 5.5 -2 0 0 259
8 11 50 4.75987 -3 0 0 117
8 11 51 5.5 -2 0 0 311
8 11 52 5.5 -2 0 0 330
8 11 53 4.75987 -3 0 0 92
8 11 54 4.75987 -3 0 0 154
8 11 55 5.5 -2 0 0 293
8 11 56 4.75987 -3 0 0 172
8 11 57 5.5 -2 0 0 242
8 11 58 5.5 -2 0 0 211
8 11 59 5.5 -2 0 0 424
8 11 60 4.75987 -3 0 0 133
8 11 61 5.5 -2 0 0 374
8 11 62 5.5 -2 0 0 439
8 11 63 5.5 -2 0 0 255
8 12 0 5.5 -2 0 0 343
8 12 1 5.5 -2 0 0 365
8 12 2 5.5 -2 0 0 461
8 12 3 5.5 -2 0 0 570
8 12 4 5.5 -2 0 0 304
8 12 5 5.5 -2 0 0 409
8 12 6 5.5 -2 0 0 458
8 12 7 5.5 -2 0 0 1373
8 12 8 5.5 -2 0 0 356
8 12 9 5.5 -2 0 0 948
8 12 10 5.5 -2 0 0 1332
8 12 11 5.5 -2 0 0 335
8 12 12 5.5 -2 0 0 481
8 12 13 5.5 -2 0 0 618
8 12 14 5.5 -2 0 0 272
8 12 15 5.5 -2 0 0 589
8 12 16 5.5 -2 0 0 1807
8 12 17 5.5 -2 0 0 250
8 12 18 5.5 -2 0 0 409
8 12 19 5.5 -2 0 0 1101
8 12 20 5.5 -2 0 0 314
8 12 21 5.5 -2 0 0 655
8 12 22 5.5 -2 0 0 1139
8 12 23 5.5 -2 0 0 240
8 12 24 5.5 -2 0 0 326
8 12 25 5.5 -2 0 0 1105
8 12 26 5.5 -2 0 0 225
8 12 27 5.5 -2 0 0 452
8 12 28 5.5 -2 0 0 547
8 12 29 5.5 -2 0 0 202
8 12 30 5.5 -2 0 0 318
8 12 31 4.96614 0.482856 0.500887 0.38536 714
8 12 32 5.5 -2 0 0 507
8 12 33 5.5 -2 0 0 366
8 12 34 0 -10 0 0 175
8 12 35 5.5 -2 0 0 694
8 12 36 4.7361 0.375794 1.13651 0.301946 237
8 12 37 5.5 -2 0 0 212
8 12 38 5.5 -2 0 0 494
8 12 39 5.5 -2 0 0 256
8 12 40 5.5 -2 0 0 239
8 12 41 5.5 -2 0 0 388
8 12 42 5.5 -2 0 0 227
8 12 43 4.58793 0.436095 0.817168 0.0541759 202
8 12 44 5.5 -2 0 0 360
8 12 45 5.5 -2 0 0 309
8 12 46 5.5 -2 0 0 208
8 12 47 5.5 -2 0 0 524
8 12 48 5.5 -2 0 0 202
8 12 49 0 -10 0 0 197
8 12 50 5.5 -2 0 0 409
8 12 51 0 -10 0 0 143
8 12 52 0 -10 0 0 189
8 12 53 5.5 -2 0 0 362
8 12 54 5.5 -2 0 0 239
8 12 55 0 -10 0 0 158
8 12 56 0 -10 0 0 189
8 12 57 0 -10 0 0 180
8 12 58 0 -10 0 0 199
8 12 59 0 -10 0 0 168
8 12 60 1.5 -2 0 0 295
8 12 61 0 -10 0 0 163
8 12 62 0 -10 0 0 168
8 12 63 0 -10 0 0 180
8 13 0 5.5 -2 0 0 249
8 13 1 5.5 -2 0 0 295
8 13 2 5.5 -2 0 0 214
8 13 3 4.97981 -3 0 0 129
8 13 4 4.97981 -3 0 0 199
8 13 5 4.97981 -3 0 0 183
8 13 6 5.5 -2 0 0 203
8 13 7 4.97981 -3 0 0 76
8 13 8 5.596 0.530226 1.05109 0.108447 212
8 13 9 4.97981 -3 0 0 125
8 13 10 4.97981 -3 0 0 108
8 13 11 5.70939 0.475968 0.814772 0.140987 254
8 13 12 4.97981 -3 0 0 152
8 13 13 4.97981 -3 0 0 108
8 13 14 5.5 -2 0 0 462
8 13 15 4.97981 -3 0 0 120
8 13 16 4.97981 -3 0 0 92
8 13 17 5.56834 0.367982 0.881306 0.0638059 336
8 13 18 4.97981 -3 0 0 162
8 13 19 4.97981 -3 0 0 88
8 13 20 4.97981 -3 0 0 194
8 13 21 4.97981 -3 0 0 154
8 13 22 4.97981 -3 0 0 108
8 13 23 5.5 -2 0 0 242
8 13 24 5.26339 0.447193 0.920417 0.157066 306
8 13 25 4.97981 -3 0 0 112
8 13 26 5.44114 0.442378 0.783212 0.226646 441
8 13 27 4.97981 -3 0 0 122
8 13 28 4.97981 -3 0 0 98
8 13 29 5.58082 0.37498 0.918904 0.192332 367
8 13 30 4.97981 -3 0 0 168
8 13 31 4.97981 -3 0 0 106
8 13 32 4.97981 -3 0 0 115
8 13 33 4.97981 -3 0 0 128
8 13 34 5.46907 0.428751 0.892612 0.142535 550
8 13 35 4.97981 -3 0 0 102
8 13 36 4.97981 -3 0 0 159
8 13 37 5.71827 0.430779 0.99547 0.0923894 290
8 13 38 4.97981 -3 0 0 115
8 13 39 5.5 -2 0 0 229
8 13 40 5.28758 0.38898 0.875931 0.137907 230
8 13 41 4.97981 -3 0 0 129
8 13 42 5.5 -2 0 0 258
8 13 43 5.35575 0.41074 0.824589 0.111581 407
8 13 44 4.97981 -3 0 0 131
8 13 45 4.97981 -3 0 0 165
8 13 46 5.4931 0.496718 0.933262 0.0832377 546
8 13 47 4.97981 -3 0 0 157
8 13 48 4.97981 -3 0 0 185
8 13 49 5.22154 0.444318 0.842308 0.108169 348
8 13 50 4.97981 -3 0 0 163
8 13 51 4.89974 0.453555 0.617776 0.310322 548
8 13 52 5.03657 0.39243 0.796935 0.149528 424
8 13 53 4.97981 -3 0 0 147
8 13 54 4.78975 0.455539 0.732563 0.138836 227
8 13 55 5.5 -2 0 0 412
8 13 56 5.5 -2 0 0 279
8 13 57 5.5 -2 0 0 405
8 13 58 5.5 -2 0 0 248
8 13 59 4.74169 0.443234 0.960747 0.0438563 631
8 13 60 4.97981 -3 0 0 187
8 13 61 5.5 -2 0 0 838
8 13 62 5.5 -2 0 0 627
8 13 63 5.5 -2 0 0 299
8 14 0 5.5 -2 0 0 346
8 14 1 5.5 -2 0 0 381
8 14 2 4.92027 0.358964 0.703414 0.0718101 462
8 14 3 5.5 -2 0 0 511
8 14 4 5.5 -2 0 0 290
8 14 5 5.5 -2 0 0 430
8 14 6 5.5 -2 0 0 552
8 14 7 5.6833 0.448971 0.880395 0.114837 857
8 14 8 4.88968 0.363763 0.945438 0.157694 329
8 14 9 4.66409 0.44339 0.792047 0.100514 829
8 14 10 4.93573 0.406165 1.00711 0.0576521 971
8 14 11 5.21756 0.403463 0.898266 0.113502 247
8 14 12 5.00613 0.369531 0.912969 0.104842 439
8 14 13 5.43009 0.45749 0.790825 0.0661023 460
8 14 14 5.12683 0.416664 0.730458 0.288116 247
8 14 15 5.12808 0.438148 0.751415 0.0994335 381
8 14 16 5.41618 0.348764 0.906404 0.0519987 1354
8 14 17 5.32048 0.346124 0.816889 0.18389 215
8 14 18 4.99895 0.460786 1.00144 0.0700159 309
8 14 19 5.34292 0.37028 0.808212 0.111657 585
8 14 20 5.22192 0.497155 0.720158 0.330238 266
8 14 21 5.83795 0.33005 0.942028 0.0484008 647
8 14 22 5.43574 0.340587 0.907332 0.0553904 606
8 14 23 5.49553 0.386838 1.00642 0.151564 216
8 14 24 5.5 -2 0 0 288
8 14 25 5.11248 0.413195 0.938995 0.115378 428
8 14 26 5.01441 -3 0 0 172
8 14 27 5.13996 0.366461 0.89589 0.169804 292
8 14 28 5.26759 0.328716 0.871788 0.0246834 390
8 14 29 5.01441 -3 0 0 168
8 14 30 5.53184 0.452547 0.691326 0.10207 236
8 14 31 5.5 -2 0 0 338
8 14 32 5.5 -2 0 0 233
8 14 33 5.37457 0.413063 1.02093 0.0451207 238
8 14 34 5.01441 -3 0 0 171
8 14 35 5.58317 0.541846 0.346005 0.474806 257
8 14 36 5.01441 -3 0 0 188
8 14 37 5.01441 -3 0 0 151
8 14 38 5.5 -2 0 0 219
8 14 39 5.01441 -3 0 0 99
8 14 40 5.01441 -3 0 0 185
8 14 41 5.19575 0.439318 0.751207 0.112727 210
8 14 42 5.01441 -3 0 0 172
8 14 43 5.01441 -3 0 0 138
8 14 44 5.01441 -3 0 0 156
8 14 45 5.01441 -3 0 0 132
8 14 46 5.01441 -3 0 0 165
8 14 47 5.01441 -3 0 0 175
8 14 48 5.01441 -3 0 0 122
8 14 49 5.01441 -3 0 0 132
8 14 50 5.01441 -3 0 0 167
8 14 51 5.01441 -3 0 0 92
8 14 52 5.01441 -3 0 0 112
8 14 53 5.01441 -3 0 0 167
8 14 54 5.01441 -3 0 0 141
8 14 55 5.01441 -3 0 0 87
8 14 56 5.01441 -3 0 0 128
8 14 57 5.01441 -3 0 0 112
8 14 58 5.01441 -3 0 0 125
8 14 59 5.01441 -3 0 0 110
8 14 60 5.01441 -3 0 0 141
8 14 61 5.01441 -3 0 0 97
8 14 62 5.01441 -3 0 0 104
8 14 63 5.01441 -3 0 0 106
8 15 0 0 -10 0 0 112
8 15 1 0 -10 0 0 99
8 15 2 0 -10 0 0 106
8 15 3 0 -10 0 0 64
8 15 4 0 -10 0 0 84
8 15 5 0 -10 0 0 72
8 15 6 0 -10 0 0 56
8 15 7 0 -10 0 0 44
8 15 8 0 -10 0 0 70
8 15 9 0 -10 0 0 58
8 15 10 0 -10 0 0 53
8 15 11 0 -10 0 0 97
8 15 12 0 -10 0 0 69
8 15 13 0 -10 0 0 54
8 15 14 0 -10 0 0 117
8 15 15 0 -10 0 0 70
8 15 16 0 -10 0 0 48
8 15 17 0 -10 0 0 132
8 15 18 0 -10 0 0 65
8 15 19 0 -10 0 0 62
8 15 20 0 -10 0 0 86
8 15 21 0 -10 0 0 67
8 15 22 0 -10 0 0 55
8 15 23 0 -10 0 0 123
8 15 24 0 -10 0 0 109
8 15 25 0 -10 0 0 62
8 15 26 0 -10 0 0 157
8 15 27 0 -10 0 0 69
8 15 28 0 -10 0 0 57
8 15 29 0 -10 0 0 158
8 15 30 0 -10 0 0 80
8 15 31 0 -10 0 0 71
8 15 32 0 -10 0 0 76
8 15 33 0 -10 0 0 89
8 15 34 5.5 -2 0 0 201
8 15 35 0 -10 0 0 77
8 15 36 0 -10 0 0 72
8 15 37 0 -10 0 0 140
8 15 38 0 -10 0 0 85
8 15 39 0 -10 0 0 160
8 15 40 0 -10 0 0 113
8 15 41 0 -10 0 0 94
8 15 42 0 -10 0 0 146
8 15 43 0 -10 0 0 172
8 15 44 0 -10 0 0 102
8 15 45 0 -10 0 0 90
8 15 46 5.5 -2 0 0 206
8 15 47 0 -10 0 0 102
8 15 48 0 -10 0 0 106
8 15 49 0 -10 0 0 142
8 15 50 0 -10 0 0 108
8 15 51 5.5 -2 0 0 296
8 15 52 0 -10 0 0 185
8 15 53 0 -10 0 0 95
8 15 54 0 -10 0 0 126
8 15 55 5.5 -2 0 0 237
8 15 56 0 -10 0 0 188
8 15 57 5.5 -2 0 0 220
8 15 58 0 -10 0 0 148
8 15 59 5.5 -2 0 0 248
8 15 60 0 -10 0 0 138
8 15 61 1.5 -2 0 0 383
8 15 62 5.5 -2 0 0 290
8 15 63 0 -10 0 0 163
9 0 0 0 -10 0 0 156
9 0 1 0 -10 0 0 143
9 0 2 0 -10 0 0 118
9 0 3 0 -10 0 0 95
9 0 4 0 -10 0 0 129
9 0 5 0 -10 0 0 129
9 0 6 0 -10 0 0 121
9 0 7 0 -10 0 0 89
9 0 8 0 -10 0 0 118
9 0 9 0 -10 0 0 90
9 0 10 0 -10 0 0 64
9 0 11 0 -10 0 0 174
9 0 12 0 -10 0 0 93
9 0 13 0 -10 0 0 85
9 0 14 0 -10 0 0 163
9 0 15 0 -10 0 0 103
9 0 16 0 -10 0 0 73
9 0 17 0 -10 0 0 166
9 0 18 0 -10 0 0 108
9 0 19 0 -10 0 0 88
9 0 20 0 -10 0 0 155
9 0 21 0 -10 0 0 79
9 0 22 0 -10 0 0 69
9 0 23 0 -10 0 0 179
9 0 24 0 -10 0 0 162
9 0 25 0 -10 0 0 96
9 0 26 5.5 -2 0 0 258
9 0 27 0 -10 0 0 125
9 0 28 0 -10 0 0 106
9 0 29 5.5 -2 0 0 232
9 0 30 0 -10 0 0 131
9 0 31 0 -10 0 0 150
9 0 32 0 -10 0 0 138
9 0 33 0 -10 0 0 130
9 0 34 5.5 -2 0 0 294
9 0 35 0 -10 0 0 150
9 0 36 0 -10 0 0 144
9 0 37 5.5 -2 0 0 227
9 0 38 0 -10 0 0 148
9 0 39 5.5 -2 0 0 332
9 0 40 0 -10 0 0 198
9 0 41 0 -10 0 0 149
9 0 42 5.5 -2 0 0 210
9 0 43 5.5 -2 0 0 280
9 0 44 0 -10 0 0 169
9 0 45 0 -10 0 0 165
9 0 46 5.5 -2 0 0 376
9 0 47 5.5 -2 0 0 209
9 0 48 0 -10 0 0 196
9 0 49 5.5 -2 0 0 231
9 0 50 5.5 -2 0 0 210
9 0 51 5.5 -2 0 0 658
9 0 52 5.5 -2 0 0 364
9 0 53 0 -10 0 0 196
9 0 54 5.5 -2 0 0 255
9 0 55 5.5 -2 0 0 449
9 0 56 5.5 -2 0 0 414
9 0 57 5.5 -2 0 0 479
9 0 58 5.5 -2 0 0 277
9 0 59 5.5 -2 0 0 437
9 0 60 5.5 -2 0 0 262
9 0 61 5.5 -2 0 0 802
9 0 62 5.5 -2 0 0 566
9 0 63 5.5 -2 0 0 357
9 1 0 4.58765 0.381851 0.755212 0.0851142 606
9 1 1 5.5 -2 0 0 721
9 1 2 4.68763 0.440641 1.1465 0.128313 754
9 1 3 4.63569 0.358716 0.94943 0.123138 576
9 1 4 5.5 -2 0 0 373
9 1 5 4.74646 0.378458 0.942908 0.19478 516
9 1 6 4.63689 0.435279 0.848668 0.149703 732
9 1 7 5.17637 0.418925 0.964623 0.107503 630
9 1 8 5.5 -2 0 0 463
9 1 9 4.60296 0.392768 0.931286 0.086273 872
9 1 10 4.68292 0.369674 0.881832 0.0358288 997
9 1 11 4.6424 0.398408 0.858069 0.108611 329
9 1 12 5.18983 0.452969 0.795467 0.140677 476
9 1 13 4.98003 0.382319 0.721335 0.101784 451
9 1 14 5.11392 0.353707 0.855009 0.147319 413
9 1 15 5.27077 0.41885 0.773426 0.126858 353
9 1 16 4.84538 0.363294 0.844168 0.107171 1053
9 1 17 5.5 -2 0 0 341
9 1 18 5.21288 0.387846 0.883503 0.0934535 346
9 1 19 4.73772 0.37029 0.808571 0.0619643 498
9 1 20 5.5 -2 0 0 265
9 1 21 5.10283 0.502667 0.725598 0.166004 821
9 1 22 5.13553 0.331193 0.858515 0.122289 542
9 1 23 5.32914 0.388597 0.770894 0.234381 278
9 1 24 4.84111 0.404412 0.983154 0.210367 418
9 1 25 5.5 -2 0 0 396
9 1 26 5.19978 0.467494 0.777868 0.250131 344
9 1 27 4.92483 0.36217 1.03413 0.173019 342
9 1 28 5.5 -2 0 0 300
9 1 29 5.02985 0.365947 0.745873 0.199377 247
9 1 30 5.5 -2 0 0 257
9 1 31 5.29467 0.346666 0.748003 0.0724386 257
9 1 32 5.40892 0.413564 0.700886 0.193951 226
9 1 33 4.7345 0.440935 0.758628 0.0917981 218
9 1 34 5.03327 0.473934 0.611323 0.247276 219
9 1 35 5.5 -2 0 0 208
9 1 36 4.76964 -3 0 0 181
9 1 37 4.76964 -3 0 0 183
9 1 38 4.76964 -3 0 0 163
9 1 39 4.76964 -3 0 0 137
9 1 40 4.8234 0.360492 0.83468 0.209225 206
9 1 41 4.76964 -3 0 0 198
9 1 42 4.76964 -3 0 0 168
9 1 43 4.94161 0.477898 0.497989 0.454235 207
9 1 44 4.76964 -3 0 0 137
9 1 45 4.76964 -3 0 0 179
9 1 46 4.76964 -3 0 0 187
9 1 47 4.76964 -3 0 0 120
9 1 48 4.76964 -3 0 0 161
9 1 49 4.76964 -3 0 0 167
9 1 50 4.76964 -3 0 0 136
9 1 51 4.76964 -3 0 0 124
9 1 52 4.76964 -3 0 0 161
9 1 53 4.76964 -3 0 0 135
9 1 54 4.76964 -3 0 0 147
9 1 55 4.76964 -3 0 0 116
9 1 56 4.76964 -3 0 0 97
9 1 57 4.76964 -3 0 0 128
9 1 58 4.76964 -3 0 0 127
9 1 59 4.76964 -3 0 0 164
9 1 60 4.76964 -3 0 0 108
9 1 61 4.76964 -3 0 0 123
9 1 62 4.76964 -3 0 0 121
9 1 63 4.76964 -3 0 0 123
9 2 0 5.5 -2 0 0 529
9 2 1 5.5 -2 0 0 411
9 2 2 5.5 -2 0 0 353
9 2 3 0 -10 0 0 162
9 2 4 5.5 -2 0 0 314
9 2 5 5.5 -2 0 0 275
9 2 6 5.5 -2 0 0 300
9 2 7 0 -10 0 0 126
9 2 8 5.5 -2 0 0 309
9 2 9 5.5 -2 0 0 201
9 2 10 0 -10 0 0 152
9 2 11 5.09511 0.482503 0.733584 0.362301 421
9 2 12 5.5 -2 0 0 236
9 2 13 0 -10 0 0 151
9 2 14 4.94785 0.310037 1.02538 0.117746 583
9 2 15 5.5 -2 0 0 207
9 2 16 0 -10 0 0 127
9 2 17 4.86211 0.382642 0.741813 0.0467227 451
9 2 18 4.74659 0.339094 0.62101 0.545435 229
9 2 19 0 -10 0 0 148
9 2 20 5.5 -2 0 0 400
9 2 21 5.5 -2 0 0 212
9 2 22 0 -10 0 0 142
9 2 23 5.06335 0.464626 0.88294 0.191657 403
9 2 24 4.62095 0.309417 0.887478 0.0427375 435
9 2 25 0 -10 0 0 150
9 2 26 5.04015 0.40052 0.679335 0.115377 786
9 2 27 0 -10 0 0 168
9 2 28 5.5 -2 0 0 201
9 2 29 5.07718 0.395061 0.832796 0.184428 555
9 2 30 5.5 -2 0 0 212
9 2 31 0 -10 0 0 128
9 2 32 0 -10 0 0 190
9 2 33 5.32094 0.420528 0.586529 0.290927 225
9 2 34 5.03839 0.373682 1.04815 0.076832 807
9 2 35 0 -10 0 0 166
9 2 36 5.15008 0.368136 0.879564 0.0457558 303
9 2 37 5.5 -2 0 0 437
9 2 38 0 -10 0 0 162
9 2 39 0 -10 0 0 134
9 2 40 5.5 -2 0 0 339
9 2 41 0 -10 0 0 194
9 2 42 5.5 -2 0 0 374
9 2 43 4.82844 0.447134 0.694166 0.262418 606
9 2 44 4.96275 0.386082 0.676514 0.375192 214
9 2 45 5.5 -2 0 0 238
9 2 46 4.69906 0.394897 0.808505 0.214831 924
9 2 47 5.5 -2 0 0 222
9 2 48 5.5 -2 0 0 332
9 2 49 4.62756 0.32256 0.810727 0.0824037 565
9 2 50 5.5 -2 0 0 271
9 2 51 5.5 -2 0 0 1073
9 2 52 5.5 -2 0 0 720
9 2 53 5.5 -2 0 0 261
9 2 54 5.5 -2 0 0 349
9 2 55 5.5 -2 0 0 776
9 2 56 5.5 -2 0 0 525
9 2 57 5.5 -2 0 0 830
9 2 58 5.5 -2 0 0 519
9 2 59 5.5 -2 0 0 1200
9 2 60 5.5 -2 0 0 320
9 2 61 5.5 -2 0 0 1693
9 2 62 5.5 -2 0 0 1284
9 2 63 5.5 -2 0 0 579
9 3 0 1.5 -2 0 0 526
9 3 1 5.5 -2 0 0 577
9 3 2 5.5 -2 0 0 684
9 3 3 5.5 -2 0 0 432
9 3 4 5.5 -2 0 0 342
9 3 5 5.5 -2 0 0 511
9 3 6 5.5 -2 0 0 905
9 3 7 5.5 -2 0 0 838
9 3 8 5.5 -2 0 0 343
9 3 9 5.5 -2 0 0 737
9 3 10 5.5 -2 0 0 1026
9 3 11 5.5 -2 0 0 321
9 3 12 5.5 -2 0 0 525
9 3 13 5.5 -2 0 0 501
9 3 14 5.5 -2 0 0 480
9 3 15 5.5 -2 0 0 491
9 3 16 5.5 -2 0 0 1214
9 3 17 5.5 -2 0 0 332
9 3 18 5.5 -2 0 0 297
9 3 19 5.5 -2 0 0 677
9 3 20 0 -10 0 0 171
9 3 21 5.5 -2 0 0 648
9 3 22 5.5 -2 0 0 632
9 3 23 5.5 -2 0 0 239
9 3 24 5.5 -2 0 0 487
9 3 25 5.5 -2 0 0 669
9 3 26 5.5 -2 0 0 312
9 3 27 5.5 -2 0 0 263
9 3 28 5.5 -2 0 0 400
9 3 29 5.5 -2 0 0 252
9 3 30 5.5 -2 0 0 289
9 3 31 5.5 -2 0 0 592
9 3 32 5.5 -2 0 0 414
9 3 33 5.5 -2 0 0 202
9 3 34 5.5 -2 0 0 275
9 3 35 5.5 -2 0 0 479
9 3 36 5.5 -2 0 0 244
9 3 37 5.5 -2 0 0 226
9 3 38 5.5 -2 0 0 366
9 3 39 5.5 -2 0 0 241
9 3 40 5.5 -2 0 0 263
9 3 41 5.5 -2 0 0 309
9 3 42 5.5 -2 0 0 254
9 3 43 5.5 -2 0 0 266
9 3 44 5.5 -2 0 0 285
9 3 45 5.5 -2 0 0 298
9 3 46 5.5 -2 0 0 343
9 3 47 5.5 -2 0 0 351
9 3 48 5.5 -2 0 0 299
9 3 49 5.5 -2 0 0 228
9 3 50 5.5 -2 0 0 272
9 3 51 5.5 -2 0 0 206
9 3 52 5.5 -2 0 0 240
9 3 53 5.5 -2 0 0 252
9 3 54 5.5 -2 0 0 264
9 3 55 5.5 -2 0 0 212
9 3 56 1.5 -2 0 0 260
9 3 57 5.5 -2 0 0 218
9 3 58 5.5 -2 0 0 231
9 3 59 1.5 -2 0 0 244
9 3 60 1.5 -2 0 0 243
9 3 61 5.5 -2 0 0 265
9 3 62 1.5 -2 0 0 218
9 3 63 1.5 -2 0 0 217
9 4 0 5.5 -2 0 0 1697
9 4 1 5.5 -2 0 0 1055
9 4 2 5.5 -2 0 0 711
9 4 3 0 -10 0 0 101
9 4 4 0 -10 0 0 51
9 4 5 5.5 -2 0 0 482
9 4 6 5.5 -2 0 0 549
9 4 7 0 -10 0 0 184
9 4 8 5.5 -2 0 0 597
9 4 9 5.5 -2 0 0 402
9 4 10 5.5 -2 0 0 247
9 4 11 5.5 -2 0 0 522
9 4 12 5.5 -2 0 0 352
9 4 13 5.5 -2 0 0 221
9 4 14 5.5 -2 0 0 1511
9 4 15 0 -10 0 0 111
9 4 16 5.5 -2 0 0 234
9 4 17 5.5 -2 0 0 843
9 4 18 0 -10 0 0 0
9 4 19 0 -10 0 0 170
9 4 20 5.5 -2 0 0 346
9 4 21 5.5 -2 0 0 424
9 4 22 5.5 -2 0 0 251
9 4 23 4.91975 0.3347 0.792407 0.188538 394
9 4 24 5.5 -2 0 0 801
9 4 25 0 -10 0 0 178
9 4 26 5.5 -2 0 0 1270
9 4 27 0 -10 0 0 43
9 4 28 0 -10 0 0 199
9 4 29 5.5 -2 0 0 712
9 4 30 0 -10 0 0 177
9 4 31 0 -10 0 0 154
9 4 32 0 -10 0 0 198
9 4 33 0 -10 0 0 48
9 4 34 5.5 -2 0 0 1026
9 4 35 0 -10 0 0 152
9 4 36 0 -10 0 0 0
9 4 37 0 -10 0 0 0
9 4 38 0 -10 0 0 146
9 4 39 5.5 -2 0 0 238
9 4 40 5.5 -2 0 0 447
9 4 41 0 -10 0 0 180
9 4 42 0 -10 0 0 35
9 4 43 5.5 -2 0 0 602
9 4 44 0 -10 0 0 151
9 4 45 0 -10 0 0 197
9 4 46 5.5 -2 0 0 971
9 4 47 0 -10 0 0 114
9 4 48 5.5 -2 0 0 234
9 4 49 5.5 -2 0 0 446
9 4 50 0 -10 0 0 166
9 4 51 5.5 -2 0 0 462
9 4 52 5.5 -2 0 0 516
9 4 53 0 -10 0 0 158
9 4 54 5.5 -2 0 0 229
9 4 55 5.5 -2 0 0 413
9 4 56 5.5 -2 0 0 247
9 4 57 5.5 -2 0 0 381
9 4 58 5.5 -2 0 0 301
9 4 59 5.5 -2 0 0 779
9 4 60 5.5 -2 0 0 208
9 4 61 5.5 -2 0 0 630
9 4 62 5.5 -2 0 0 650
9 4 63 1.5 -2 0 0 380
9 5 0 5.5 -2 0 0 226
9 5 1 5.5 -2 0 0 212
9 5 2 5.5 -2 0 0 266
9 5 3 5.5 -2 0 0 280
9 5 4 5.5 -2 0 0 281
9 5 5 5.5 -2 0 0 257
9 5 6 5.5 -2 0 0 321
9 5 7 5.5 -2 0 0 454
9 5 8 5.5 -2 0 0 258
9 5 9 5.5 -2 0 0 219
9 5 10 5.5 -2 0 0 308
9 5 11 5.5 -2 0 0 327
9 5 12 5.5 -2 0 0 267
9 5 13 5.5 -2 0 0 362
9 5 14 5.5 -2 0 0 281
9 5 15 5.5 -2 0 0 257
9 5 16 4.96817 0.412176 1.1585 0.10014 429
9 5 17 5.5 -2 0 0 282
9 5 18 5.5 -2 0 0 214
9 5 19 5.5 -2 0 0 490
9 5 20 4.62225 0.450725 0.833972 0.267031 442
9 5 21 5.5 -2 0 0 291
9 5 22 5.01134 0.449008 0.799775 0.212898 321
9 5 23 5.5 -2 0 0 327
9 5 24 5.5 -2 0 0 204
9 5 25 5.14587 0.425041 0.56343 0.0911911 580
9 5 26 5.5 -2 0 0 295
9 5 27 0 -10 0 0 150
9 5 28 4.78218 0.402162 0.59666 0.278496 441
9 5 29 5.5 -2 0 0 219
9 5 30 5.5 -2 0 0 265
9 5 31 5.5 -2 0 0 719
9 5 32 4.66369 0.347029 0.906102 0.0496492 522
9 5 33 0 -10 0 0 83
9 5 34 4.78431 0.474251 0.593559 0.456382 247
9 5 35 4.88535 0.407954 0.64766 0.11061 880
9 5 36 5.5 -2 0 0 387
9 5 37 5.5 -2 0 0 403
9 5 38 5.5 -2 0 0 954
9 5 39 5.5 -2 0 0 900
9 5 40 0 -10 0 0 50
9 5 41 5.5 -2 0 0 467
9 5 42 0 -10 0 0 188
9 5 43 5.5 -2 0 0 414
9 5 44 5.5 -2 0 0 1075
9 5 45 0 -10 0 0 59
9 5 46 5.5 -2 0 0 337
9 5 47 4.64032 0.314067 1.07913 0.0426235 1549
9 5 48 5.5 -2 0 0 361
9 5 49 5.5 -2 0 0 403
9 5 50 5.5 -2 0 0 433
9 5 51 5.5 -2 0 0 703
9 5 52 5.5 -2 0 0 391
9 5 53 5.5 -2 0 0 237
9 5 54 5.5 -2 0 0 775
9 5 55 5.5 -2 0 0 560
9 5 56 5.5 -2 0 0 731
9 5 57 5.5 -2 0 0 678
9 5 58 5.5 -2 0 0 499
9 5 59 1.5 -2 0 0 354
9 5 60 5.5 -2 0 0 999
9 5 61 1.5 -2 0 0 599
9 5 62 5.5 -2 0 0 476
9 5 63 5.5 -2 0 0 445
9 6 0 5.5 -2 0 0 769
9 6 1 5.5 -2 0 0 578
9 6 2 5.5 -2 0 0 490
9 6 3 5.18122 -3 0 0 198
9 6 4 5.5 -2 0 0 259
9 6 5 5.5 -2 0 0 319
9 6 6 4.9093 0.4173 0.700147 0.12958 378
9 6 7 5.18122 -3 0 0 124
9 6 8 5.5 -2 0 0 362
9 6 9 5.71181 0.441601 0.113786 0.211981 244
9 6 10 5.5 -2 0 0 207
9 6 11 5.5 -2 0 0 266
9 6 12 5.33717 0.463922 1.0527 0.0565048 270
9 6 13 5.18122 -3 0 0 142
9 6 14 5.66662 0.560562 0.8066 0.103856 570
9 6 15 5.18122 -3 0 0 172
9 6 16 5.18122 -3 0 0 160
9 6 17 5.04838 0.450937 1.00419 0.0365601 340
9 6 18 5.18122 -3 0 0 179
9 6 19 5.18122 -3 0 0 125
9 6 20 5.5 -2 0 0 203
9 6 21 5.5 -2 0 0 296
9 6 22 5.18122 -3 0 0 142
9 6 23 5.5 -2 0 0 215
9 6 24 5.96534 0.576296 0.710836 0.192962 414
9 6 25 5.18122 -3 0 0 105
9 6 26 6.56281 0.483234 0.940517 0.0994589 480
9 6 27 5.18122 -3 0 0 140
9 6 28 5.18122 -3 0 0 109
9 6 29 5.96661 0.49483 1.04668 0.112015 247
9 6 30 5.18122 -3 0 0 155
9 6 31 5.18122 -3 0 0 86
9 6 32 5.18122 -3 0 0 121
9 6 33 5.18122 -3 0 0 91
9 6 34 5.75609 0.474305 0.504518 0.277237 378
9 6 35 5.18122 -3 0 0 95
9 6 36 5.18122 -3 0 0 143
9 6 37 5.18122 -3 0 0 177
9 6 38 5.18122 -3 0 0 77
9 6 39 5.18122 -3 0 0 87
9 6 40 5.18122 -3 0 0 169
9 6 41 5.18122 -3 0 0 82
9 6 42 5.18122 -3 0 0 138
9 6 43 5.61238 0.492289 0.504107 0.45376 219
9 6 44 5.18122 -3 0 0 71
9 6 45 5.18122 -3 0 0 99
9 6 46 6.01959 0.470788 0.880006 0.133941 253
9 6 47 5.18122 -3 0 0 55
9 6 48 5.18122 -3 0 0 91
9 6 49 5.18122 -3 0 0 148
9 6 50 5.18122 -3 0 0 79
9 6 51 5.18122 -3 0 0 113
9 6 52 5.18122 -3 0 0 142
9 6 53 5.18122 -3 0 0 80
9 6 54 5.18122 -3 0 0 89
9 6 55 5.18122 -3 0 0 172
9 6 56 5.18122 -3 0 0 99
9 6 57 5.18122 -3 0 0 127
9 6 58 5.18122 -3 0 0 98
9 6 59 5.5 -2 0 0 215
9 6 60 5.18122 -3 0 0 83
9 6 61 5.18122 -3 0 0 142
9 6 62 5.18122 -3 0 0 185
9 6 63 5.18122 -3 0 0 142
9 7 0 0 -10 0 0 110
9 7 1 0 -10 0 0 120
9 7 2 0 -10 0 0 120
9 7 3 0 -10 0 0 163
9 7 4 0 -10 0 0 161
9 7 5 0 -10 0 0 127
9 7 6 0 -10 0 0 136
9 7 7 0 -10 0 0 193
9 7 8 0 -10 0 0 125
9 7 9 0 -10 0 0 142
9 7 10 0 -10 0 0 164
9 7 11 0 -10 0 0 197
9 7 12 0 -10 0 0 130
9 7 13 0 -10 0 0 187
9 7 14 0 -10 0 0 136
9 7 15 5.5 -2 0 0 211
9 7 16 0 -10 0 0 159
9 7 17 0 -10 0 0 183
9 7 18 0 -10 0 0 187
9 7 19 5.5 -2 0 0 245
9 7 20 4.83766 0.355967 0.722934 0.305325 239
9 7 21 0 -10 0 0 144
9 7 22 0 -10 0 0 155
9 7 23 5.5 -2 0 0 216
9 7 24 0 -10 0 0 142
9 7 25 5.05179 0.397776 0.915789 0.152452 283
9 7 26 0 -10 0 0 162
9 7 27 5.5 -2 0 0 282
9 7 28 5.06403 0.353197 0.623134 0.198821 243
9 7 29 5.48533 0.409604 0.670717 0.0861659 206
9 7 30 4.94203 0.391223 0.914921 0.298789 237
9 7 31 5.33164 0.374177 1.00182 0.088986 411
9 7 32 5.5 -2 0 0 325
9 7 33 4.85338 0.371308 0.774948 0.173762 357
9 7 34 4.59717 0.409945 0.907657 0.373366 214
9 7 35 5.5 -2 0 0 475
9 7 36 5.03216 0.450808 0.791724 0.231114 360
9 7 37 4.89776 0.443858 0.582495 0.251249 310
9 7 38 5.5 -2 0 0 728
9 7 39 5.00673 0.318942 0.956731 0.0886036 1030
9 7 40 5.5 -2 0 0 332
9 7 41 5.12741 0.496412 0.515816 0.16955 445
9 7 42 5.5 -2 0 0 359
9 7 43 5.02735 0.424758 0.801247 0.201977 264
9 7 44 5.5 -2 0 0 662
9 7 45 5.5 -2 0 0 479
9 7 46 5.5 -2 0 0 270
9 7 47 4.94261 0.362358 0.747195 0.0994683 1132
9 7 48 4.82062 0.419504 0.705732 0.221157 407
9 7 49 5.5 -2 0 0 343
9 7 50 5.5 -2 0 0 631
9 7 51 5.5 -2 0 0 633
9 7 52 5.5 -2 0 0 374
9 7 53 5.5 -2 0 0 1024
9 7 54 5.5 -2 0 0 598
9 7 55 5.5 -2 0 0 479
9 7 56 5.5 -2 0 0 894
9 7 57 5.5 -2 0 0 753
9 7 58 5.5 -2 0 0 565
9 7 59 5.5 -2 0 0 325
9 7 60 5.5 -2 0 0 965
9 7 61 5.5 -2 0 0 622
9 7 62 5.5 -2 0 0 427
9 7 63 5.5 -2 0 0 495
9 8 0 0 -10 0 0 136
9 8 1 0 -10 0 0 109
9 8 2 0 -10 0 0 143
9 8 3 0 -10 0 0 150
9 8 4 0 -10 0 0 161
9 8 5 0 -10 0 0 152
9 8 6 0 -10 0 0 133
9 8 7 5.5 -2 0 0 228
9 8 8 0 -10 0 0 125
9 8 9 0 -10 0 0 161
9 8 10 0 -10 0 0 126
9 8 11 0 -10 0 0 163
9 8 12 0 -10 0 0 133
9 8 13 5.5 -2 0 0 245
9 8 14 0 -10 0 0 120
9 8 15 5.5 -2 0 0 208
9 8 16 0 -10 0 0 194
9 8 17 0 -10 0 0 146
9 8 18 0 -10 0 0 145
9 8 19 5.5 -2 0 0 304
9 8 20 0 -10 0 0 8
9 8 21 0 -10 0 0 138
9 8 22 0 -10 0 0 167
9 8 23 4.98539 0.393086 0.755877 0.151379 209
9 8 24 0 -10 0 0 124
9 8 25 5.5 -2 0 0 344
9 8 26 0 -10 0 0 148
9 8 27 5.11465 0.407053 0.962309 0.0510378 256
9 8 28 5.5 -2 0 0 299
9 8 29 0 -10 0 0 175
9 8 30 5.5 -2 0 0 255
9 8 31 5.18826 0.505336 0.487021 0.206675 522
9 8 32 5.01381 0.482805 0.631806 0.168222 403
9 8 33 5.5 -2 0 0 326
9 8 34 0 -10 0 0 178
9 8 35 4.86376 0.423317 0.812681 0.034612 543
9 8 36 5.5 -2 0 0 358
9 8 37 0 -10 0 0 133
9 8 38 4.80595 0.424722 0.90877 0.0571531 932
9 8 39 5.29771 0.411527 0.715523 0.140376 815
9 8 40 0 -10 0 0 18
9 8 41 5.5 -2 0 0 461
9 8 42 0 -10 0 0 140
9 8 43 5.5 -2 0 0 222
9 8 44 5.5 -2 0 0 759
9 8 45 5.5 -2 0 0 409
9 8 46 0 -10 0 0 153
9 8 47 5.5 -2 0 0 1392
9 8 48 5.5 -2 0 0 381
9 8 49 0 -10 0 0 110
9 8 50 5.5 -2 0 0 600
9 8 51 5.5 -2 0 0 402
9 8 52 4.66769 0.42412 0.90004 0.0845838 208
9 8 53 0 -10 0 0 107
9 8 54 5.5 -2 0 0 461
9 8 55 5.5 -2 0 0 308
9 8 56 5.5 -2 0 0 321
9 8 57 5.5 -2 0 0 509
9 8 58 5.5 -2 0 0 439
9 8 59 5.5 -2 0 0 236
9 8 60 0 -10 0 0 74
9 8 61 5.5 -2 0 0 378
9 8 62 5.5 -2 0 0 316
9 8 63 5.5 -2 0 0 376
9 9 0 5.5 -2 0 0 438
9 9 1 5.5 -2 0 0 317
9 9 2 5.5 -2 0 0 266
9 9 3 0 -10 0 0 100
9 9 4 0 -10 0 0 116
9 9 5 0 -10 0 0 156
9 9 6 5.5 -2 0 0 202
9 9 7 0 -10 0 0 81
9 9 8 0 -10 0 0 191
9 9 9 0 -10 0 0 140
9 9 10 0 -10 0 0 97
9 9 11 0 -10 0 0 164
9 9 12 0 -10 0 0 129
9 9 13 0 -10 0 0 71
9 9 14 4.7186 0.433177 0.803456 0.276544 312
9 9 15 0 -10 0 0 79
9 9 16 0 -10 0 0 100
9 9 17 0 -10 0 0 195
9 9 18 0 -10 0 0 107
9 9 19 0 -10 0 0 80
9 9 20 0 -10 0 0 110
9 9 21 0 -10 0 0 168
9 9 22 0 -10 0 0 91
9 9 23 0 -10 0 0 147
9 9 24 5.5 -2 0 0 291
9 9 25 0 -10 0 0 76
9 9 26 5.5 -2 0 0 240
9 9 27 0 -10 0 0 89
9 9 28 0 -10 0 0 80
9 9 29 0 -10 0 0 181
9 9 30 0 -10 0 0 95
9 9 31 0 -10 0 0 47
9 9 32 0 -10 0 0 62
9 9 33 0 -10 0 0 87
9 9 34 5.5 -2 0 0 248
9 9 35 0 -10 0 0 30
9 9 36 0 -10 0 0 61
9 9 37 0 -10 0 0 130
9 9 38 0 -10 0 0 50
9 9 39 0 -10 0 0 61
9 9 40 0 -10 0 0 75
9 9 41 0 -10 0 0 49
9 9 42 0 -10 0 0 76
9 9 43 0 -10 0 0 170
9 9 44 0 -10 0 0 33
9 9 45 0 -10 0 0 63
9 9 46 5.5 -2 0 0 211
9 9 47 0 -10 0 0 44
9 9 48 0 -10 0 0 58
9 9 49 0 -10 0 0 101
9 9 50 0 -10 0 0 64
9 9 51 0 -10 0 0 90
9 9 52 0 -10 0 0 137
9 9 53 0 -10 0 0 41
9 9 54 0 -10 0 0 63
9 9 55 0 -10 0 0 118
9 9 56 0 -10 0 0 73
9 9 57 0 -10 0 0 101
9 9 58 0 -10 0 0 61
9 9 59 0 -10 0 0 120
9 9 60 0 -10 0 0 44
9 9 61 0 -10 0 0 109
9 9 62 0 -10 0 0 149
9 9 63 0 -10 0 0 105
9 10 0 0 -10 0 0 158
9 10 1 0 -10 0 0 184
9 10 2 5.5 -2 0 0 228
9 10 3 5.5 -2 0 0 308
9 10 4 5.5 -2 0 0 211
9 10 5 5.5 -2 0 0 238
9 10 6 5.5 -2 0 0 261
9 10 7 5.5 -2 0 0 521
9 10 8 5.5 -2 0 0 213
9 10 9 5.5 -2 0 0 312
9 10 10 5.5 -2 0 0 298
9 10 11 5.5 -2 0 0 214
9 10 12 5.5 -2 0 0 269
9 10 13 5.5 -2 0 0 424
9 10 14 0 -10 0 0 189
9 10 15 5.5 -2 0 0 448
9 10 16 5.5 -2 0 0 496
9 10 17 0 -10 0 0 179
9 10 18 5.5 -2 0 0 306
9 10 19 5.5 -2 0 0 647
9 10 20 5.5 -2 0 0 256
9 10 21 5.5 -2 0 0 233
9 10 22 5.5 -2 0 0 362
9 10 23 5.5 -2 0 0 220
9 10 24 5.5 -2 0 0 211
9 10 25 4.72874 0.331267 0.983851 0.0594703 683
9 10 26 5.5 -2 0 0 243
9 10 27 5.5 -2 0 0 382
9 10 28 5.5 -2 0 0 502
9 10 29 4.92127 0.441602 0.641143 0.228068 202
9 10 30 4.68507 0.345365 0.770076 0.226081 360
9 10 31 4.5861 0.325565 1.0617 0.0646186 1076
9 10 32 5.5 -2 0 0 523
9 10 33 4.65452 0.354929 0.965939 0.38352 539
9 10 34 0 -10 0 0 197
9 10 35 5.5 -2 0 0 1105
9 10 36 4.64456 0.362939 0.726199 0.0677012 327
9 10 37 4.77925 0.369047 0.91759 0.329417 229
9 10 38 5.5 -2 0 0 1354
9 10 39 4.61315 0.318897 0.7637 0.0633295 678
9 10 40 5.5 -2 0 0 286
9 10 41 4.80091 0.29525 0.936536 0.0558471 706
9 10 42 5.5 -2 0 0 396
9 10 43 5.5 -2 0 0 259
9 10 44 5.5 -2 0 0 821
9 10 45 5.5 -2 0 0 576
9 10 46 5.5 -2 0 0 220
9 10 47 5.5 -2 0 0 1982
9 10 48 5.5 -2 0 0 450
9 10 49 5.5 -2 0 0 306
9 10 50 5.5 -2 0 0 699
9 10 51 5.5 -2 0 0 364
9 10 52 5.5 -2 0 0 309
9 10 53 5.5 -2 0 0 1338
9 10 54 5.5 -2 0 0 428
9 10 55 5.5 -2 0 0 315
9 10 56 5.5 -2 0 0 610
9 10 57 5.5 -2 0 0 432
9 10 58 5.5 -2 0 0 407
9 10 59 5.5 -2 0 0 212
9 10 60 5.5 -2 0 0 934
9 10 61 1.5 -2 0 0 361
9 10 62 1.5 -2 0 0 297
9 10 63 5.5 -2 0 0 381
9 11 0 5.5 -2 0 0 803
9 11 1 5.17242 0.45852 0.893921 0.0314299 583
9 11 2 4.62308 0.456179 0.865355 0.140959 399
9 11 3 4.98353 -3 0 0 165
9 11 4 6.86936 0.544547 0.141055 0.675939 258
9 11 5 5.5 -2 0 0 302
9 11 6 4.78672 0.427968 0.814978 0.0972853 290
9 11 7 4.98353 -3 0 0 128
9 11 8 5.5 -2 0 0 371
9 11 9 5.5 -2 0 0 224
9 11 10 4.98353 -3 0 0 187
9 11 11 5.5 -2 0 0 337
9 11 12 5.5 -2 0 0 250
9 11 13 4.98353 -3 0 0 146
9 11 14 4.99369 0.404054 0.842498 0.0501386 686
9 11 15 4.98353 -3 0 0 169
9 11 16 4.98353 -3 0 0 147
9 11 17 5.5 -2 0 0 478
9 11 18 5.04575 0.419969 0.644965 0.369434 217
9 11 19 4.98353 -3 0 0 124
9 11 20 5.70433 0.520654 0.853225 0.138365 216
9 11 21 5.5 -2 0 0 253
9 11 22 4.98353 -3 0 0 148
9 11 23 5.66779 0.384339 0.789831 0.405348 327
9 11 24 5.57019 0.462945 0.758416 0.126275 458
9 11 25 4.98353 -3 0 0 150
9 11 26 5.69505 0.365483 0.94223 0.158845 622
9 11 27 4.98353 -3 0 0 161
9 11 28 4.98353 -3 0 0 135
9 11 29 5.59147 0.377592 0.828303 0.214736 417
9 11 30 4.98353 -3 0 0 183
9 11 31 4.98353 -3 0 0 98
9 11 32 4.98353 -3 0 0 127
9 11 33 4.98353 -3 0 0 146
9 11 34 5.04796 0.46032 1.03905 0.0680906 651
9 11 35 4.98353 -3 0 0 104
9 11 36 4.98353 -3 0 0 180
9 11 37 5.58019 0.494017 0.700004 0.0511146 301
9 11 38 4.98353 -3 0 0 122
9 11 39 4.98353 -3 0 0 163
9 11 40 5.30314 0.398298 0.825214 0.223699 221
9 11 41 4.98353 -3 0 0 102
9 11 42 4.98353 -3 0 0 182
9 11 43 4.91848 0.470645 0.957509 0.1712 396
9 11 44 4.98353 -3 0 0 95
9 11 45 4.98353 -3 0 0 146
9 11 46 4.87378 0.484162 0.784457 0.0696099 547
9 11 47 4.98353 -3 0 0 107
9 11 48 4.98353 -3 0 0 173
9 11 49 5.5 -2 0 0 274
9 11 50 4.98353 -3 0 0 116
9 11 51 5.5 -2 0 0 321
9 11 52 5.25952 0.432126 0.926507 0.0986913 336
9 11 53 4.98353 -3 0 0 123
9 11 54 4.98353 -3 0 0 152
9 11 55 5.5 -2 0 0 332
9 11 56 5.5 -2 0 0 203
9 11 57 5.5 -2 0 0 271
9 11 58 5.5 -2 0 0 217
9 11 59 5.5 -2 0 0 520
9 11 60 4.98353 -3 0 0 129
9 11 61 5.5 -2 0 0 398
9 11 62 5.5 -2 0 0 469
9 11 63 5.5 -2 0 0 258
9 12 0 5.5 -2 0 0 393
9 12 1 5.5 -2 0 0 362
9 12 2 5.5 -2 0 0 433
9 12 3 1.5 -2 0 0 678
9 12 4 5.5 -2 0 0 300
9 12 5 5.5 -2 0 0 434
9 12 6 5.5 -2 0 0 525
9 12 7 5.5 -2 0 0 1295
9 12 8 5.5 -2 0 0 356
9 12 9 5.5 -2 0 0 917
9 12 10 5.5 -2 0 0 1110
9 12 11 5.5 -2 0 0 361
9 12 12 5.5 -2 0 0 507
9 12 13 5.5 -2 0 0 605
9 12 14 5.5 -2 0 0 264
9 12 15 5.5 -2 0 0 603
9 12 16 5.5 -2 0 0 1959
9 12 17 5.5 -2 0 0 285
9 12 18 5.5 -2 0 0 422
9 12 19 5.5 -2 0 0 1129
9 12 20 5.5 -2 0 0 302
9 12 21 5.5 -2 0 0 672
9 12 22 4.70151 0.357622 1.17258 0.157909 1082
9 12 23 5.5 -2 0 0 262
9 12 24 5.5 -2 0 0 305
9 12 25 5.5 -2 0 0 1146
9 12 26 5.5 -2 0 0 250
9 12 27 5.5 -2 0 0 404
9 12 28 5.5 -2 0 0 654
9 12 29 0 -10 0 0 189
9 12 30 5.5 -2 0 0 390
9 12 31 5.5 -2 0 0 755
9 12 32 5.5 -2 0 0 506
9 12 33 4.98829 0.412774 0.923245 0.0945322 455
9 12 34 5.5 -2 0 0 208
9 12 35 5.5 -2 0 0 653
9 12 36 5.5 -2 0 0 250
9 12 37 5.5 -2 0 0 204
9 12 38 5.5 -2 0 0 480
9 12 39 5.5 -2 0 0 254
9 12 40 5.5 -2 0 0 271
9 12 41 5.5 -2 0 0 426
9 12 42 5.5 -2 0 0 230
9 12 43 5.5 -2 0 0 238
9 12 44 5.5 -2 0 0 434
9 12 45 5.5 -2 0 0 325
9 12 46 5.5 -2 0 0 204
9 12 47 5.5 -2 0 0 613
9 12 48 5.5 -2 0 0 293
9 12 49 5.5 -2 0 0 202
9 12 50 5.5 -2 0 0 295
9 12 51 0 -10 0 0 142
9 12 52 0 -10 0 0 190
9 12 53 5.5 -2 0 0 341
9 12 54 5.5 -2 0 0 240
9 12 55 0 -10 0 0 176
9 12 56 5.5 -2 0 0 223
9 12 57 1.5 -2 0 0 209
9 12 58 5.5 -2 0 0 216
9 12 59 0 -10 0 0 172
9 12 60 5.5 -2 0 0 298
9 12 61 0 -10 0 0 161
9 12 62 0 -10 0 0 148
9 12 63 0 -10 0 0 191
9 13 0 5.5 -2 0 0 394
9 13 1 5.5 -2 0 0 280
9 13 2 5.5 -2 0 0 251
9 13 3 4.71363 -3 0 0 137
9 13 4 5.5 -2 0 0 206
9 13 5 4.71363 -3 0 0 179
9 13 6 4.71363 -3 0 0 195
9 13 7 4.71363 -3 0 0 90
9 13 8 5.5 -2 0 0 227
9 13 9 4.71363 -3 0 0 138
9 13 10 4.71363 -3 0 0 117
9 13 11 5.5 -2 0 0 268
9 13 12 4.71363 -3 0 0 150
9 13 13 4.71363 -3 0 0 114
9 13 14 4.89956 0.443509 0.852373 0.0908059 483
9 13 15 4.71363 -3 0 0 131
9 13 16 4.71363 -3 0 0 83
9 13 17 5.11723 0.43829 0.71301 0.073836 369
9 13 18 4.71363 -3 0 0 173
9 13 19 4.71363 -3 0 0 93
9 13 20 5.5 -2 0 0 218
9 13 21 4.71363 -3 0 0 157
9 13 22 4.71363 -3 0 0 102
9 13 23 5.5 -2 0 0 275
9 13 24 5.28592 0.3616 0.913783 0.194346 316
9 13 25 4.71363 -3 0 0 104
9 13 26 4.83859 0.428222 0.548563 0.226241 461
9 13 27 4.71363 -3 0 0 143
9 13 28 4.71363 -3 0 0 108
9 13 29 5.76568 0.445737 0.693657 0.0973072 362
9 13 30 4.71363 -3 0 0 164
9 13 31 4.71363 -3 0 0 110
9 13 32 4.71363 -3 0 0 128
9 13 33 4.71363 -3 0 0 142
9 13 34 5.77696 0.361135 0.857571 0.0989055 489
9 13 35 4.71363 -3 0 0 124
9 13 36 4.71363 -3 0 0 164
9 13 37 5.11719 0.443814 0.889473 0.175133 294
9 13 38 4.71363 -3 0 0 114
9 13 39 5.5 -2 0 0 226
9 13 40 5.16508 0.432594 0.628203 0.100329 220
9 13 41 4.71363 -3 0 0 138
9 13 42 5.2559 0.403015 0.770144 0.056618 270
9 13 43 5.19664 0.456907 0.574585 0.193408 390
9 13 44 4.71363 -3 0 0 139
9 13 45 4.71363 -3 0 0 144
9 13 46 5.12325 0.402841 0.776534 0.109738 583
9 13 47 4.71363 -3 0 0 141
9 13 48 4.86473 0.407867 0.881067 0.120692 201
9 13 49 5.5 -2 0 0 324
9 13 50 4.71363 -3 0 0 154
9 13 51 5.5 -2 0 0 494
9 13 52 5.5 -2 0 0 448
9 13 53 4.71363 -3 0 0 170
9 13 54 5.5 -2 0 0 237
9 13 55 5.5 -2 0 0 476
9 13 56 5.5 -2 0 0 329
9 13 57 5.5 -2 0 0 400
9 13 58 5.5 -2 0 0 263
9 13 59 5.5 -2 0 0 615
9 13 60 4.71363 -3 0 0 196
9 13 61 5.5 -2 0 0 787
9 13 62 5.5 -2 0 0 764
9 13 63 5.5 -2 0 0 339
9 14 0 5.5 -2 0 0 377
9 14 1 5.5 -2 0 0 390
9 14 2 5.5 -2 0 0 511
9 14 3 5.5 -2 0 0 485
9 14 4 5.5 -2 0 0 337
9 14 5 5.5 -2 0 0 439
9 14 6 5.5 -2 0 0 648
9 14 7 5.5 -2 0 0 882
9 14 8 5.5 -2 0 0 348
9 14 9 4.59475 0.368852 0.716543 0.0939042 853
9 14 10 5.5 -2 0 0 1057
9 14 11 5.5 -2 0 0 268
9 14 12 5.5 -2 0 0 481
9 14 13 0 -10 0 0 132
9 14 14 4.68755 0.400556 0.749413 0.163739 268
9 14 15 5.5 -2 0 0 245
9 14 16 5.5 -2 0 0 1411
9 14 17 4.84573 0.377831 0.808364 0.0847481 246
9 14 18 5.5 -2 0 0 409
9 14 19 5.5 -2 0 0 620
9 14 20 5.5 -2 0 0 260
9 14 21 4.7604 0.346459 0.960222 0.0697043 760
9 14 22 5.5 -2 0 0 269
9 14 23 5.5 -2 0 0 237
9 14 24 4.96558 0.388844 0.780155 0.0485235 316
9 14 25 5.5 -2 0 0 485
9 14 26 4.73257 0.407061 0.600146 0.243423 220
9 14 27 5.5 -2 0 0 353
9 14 28 5.5 -2 0 0 362
9 14 29 0 -10 0 0 175
9 14 30 5.5 -2 0 0 288
9 14 31 5.5 -2 0 0 339
9 14 32 0 -10 0 0 114
9 14 33 0 -10 0 0 99
9 14 34 0 -10 0 0 185
9 14 35 5.5 -2 0 0 275
9 14 36 0 -10 0 0 56
9 14 37 0 -10 0 0 171
9 14 38 5.5 -2 0 0 226
9 14 39 0 -10 0 0 141
9 14 40 4.70933 0.429117 0.431217 0.279866 240
9 14 41 5.5 -2 0 0 217
9 14 42 0 -10 0 0 159
9 14 43 0 -10 0 0 162
9 14 44 0 -10 0 0 164
9 14 45 0 -10 0 0 106
9 14 46 0 -10 0 0 181
9 14 47 0 -10 0 0 184
9 14 48 0 -10 0 0 162
9 14 49 0 -10 0 0 177
9 14 50 0 -10 0 0 165
9 14 51 0 -10 0 0 111
9 14 52 0 -10 0 0 122
9 14 53 0 -10 0 0 159
9 14 54 0 -10 0 0 156
9 14 55 0 -10 0 0 99
9 14 56 0 -10 0 0 136
9 14 57 0 -10 0 0 99
9 14 58 0 -10 0 0 93
9 14 59 0 -10 0 0 140
9 14 60 0 -10 0 0 159
9 14 61 0 -10 0 0 98
9 14 62 0 -10 0 0 112
9 14 63 0 -10 0 0 116
9 15 0 4.67286 -3 0 0 124
9 15 1 4.67286 -3 0 0 106
9 15 2 4.67286 -3 0 0 98
9 15 3 4.67286 -3 0 0 64
9 15 4 4.67286 -3 0 0 96
9 15 5 4.67286 -3 0 0 81
9 15 6 4.67286 -3 0 0 71
9 15 7 4.67286 -3 0 0 48
9 15 8 4.67286 -3 0 0 102
9 15 9 4.67286 -3 0 0 63
9 15 10 4.67286 -3 0 0 44
9 15 11 4.67286 -3 0 0 93
9 15 12 4.67286 -3 0 0 50
9 15 13 4.67286 -3 0 0 60
9 15 14 4.67286 -3 0 0 136
9 15 15 4.67286 -3 0 0 68
9 15 16 4.67286 -3 0 0 49
9 15 17 4.67286 -3 0 0 111
9 15 18 4.67286 -3 0 0 72
9 15 19 4.67286 -3 0 0 59
9 15 20 4.67286 -3 0 0 88
9 15 21 4.67286 -3 0 0 59
9 15 22 4.67286 -3 0 0 54
9 15 23 4.67286 -3 0 0 119
9 15 24 4.67286 -3 0 0 108
9 15 25 4.67286 -3 0 0 57
9 15 26 4.67286 -3 0 0 159
9 15 27 4.67286 -3 0 0 78
9 15 28 4.67286 -3 0 0 70
9 15 29 4.67286 -3 0 0 155
9 15 30 4.67286 -3 0 0 76
9 15 31 4.67286 -3 0 0 74
9 15 32 4.67286 -3 0 0 73
9 15 33 4.67286 -3 0 0 85
9 15 34 4.67286 -3 0 0 178
9 15 35 4.67286 -3 0 0 70
9 15 36 4.67286 -3 0 0 107
9 15 37 4.67286 -3 0 0 149
9 15 38 4.67286 -3 0 0 106
9 15 39 4.67286 -3 0 0 162
9 15 40 4.67286 -3 0 0 129
9 15 41 4.67286 -3 0 0 88
9 15 42 4.67286 -3 0 0 143
9 15 43 4.67286 -3 0 0 170
9 15 44 4.67286 -3 0 0 83
9 15 45 4.67286 -3 0 0 98
9 15 46 5.17201 0.425111 0.881551 0.158505 210
9 15 47 4.67286 -3 0 0 91
9 15 48 4.67286 -3 0 0 113
9 15 49 4.67286 -3 0 0 159
9 15 50 4.67286 -3 0 0 106
9 15 51 5.5 -2 0 0 289
9 15 52 4.67286 -3 0 0 169
9 15 53 4.67286 -3 0 0 103
9 15 54 4.67286 -3 0 0 138
9 15 55 5.5 -2 0 0 212
9 15 56 4.67286 -3 0 0 158
9 15 57 5.5 -2 0 0 231
9 15 58 4.67286 -3 0 0 156
9 15 59 5.5 -2 0 0 266
9 15 60 4.67286 -3 0 0 136
9 15 61 5.5 -2 0 0 376
9 15 62 5.5 -2 0 0 257
9 15 63 4.67286 -3 0 0 196
10 0 0 0 -10 0 0 169
10 0 1 0 -10 0 0 149
10 0 2 0 -10 0 0 135
10 0 3 0 -10 0 0 57
10 0 4 0 -10 0 0 113
10 0 5 0 -10 0 0 90
10 0 6 0 -10 0 0 122
10 0 7 0 -10 0 0 76
10 0 8 0 -10 0 0 114
10 0 9 0 -10 0 0 36
10 0 10 0 -10 0 0 22
10 0 11 0 -10 0 0 150
10 0 12 0 -10 0 0 83
10 0 13 0 -10 0 0 60
10 0 14 0 -10 0 0 147
10 0 15 0 -10 0 0 78
10 0 16 0 -10 0 0 32
10 0 17 0 -10 0 0 160
10 0 18 0 -10 0 0 75
10 0 19 0 -10 0 0 48
10 0 20 0 -10 0 0 128
10 0 21 0 -10 0 0 79
10 0 22 0 -10 0 0 54
10 0 23 0 -10 0 0 172
10 0 24 0 -10 0 0 136
10 0 25 0 -10 0 0 101
10 0 26 5.5 -2 0 0 216
10 0 27 0 -10 0 0 106
10 0 28 0 -10 0 0 87
10 0 29 0 -10 0 0 175
10 0 30 0 -10 0 0 79
10 0 31 0 -10 0 0 105
10 0 32 0 -10 0 0 69
10 0 33 0 -10 0 0 141
10 0 34 5.5 -2 0 0 266
10 0 35 0 -10 0 0 128
10 0 36 0 -10 0 0 107
10 0 37 0 -10 0 0 150
10 0 38 0 -10 0 0 149
10 0 39 5.5 -2 0 0 311
10 0 40 0 -10 0 0 143
10 0 41 0 -10 0 0 127
10 0 42 5.5 -2 0 0 207
10 0 43 5.5 -2 0 0 225
10 0 44 0 -10 0 0 163
10 0 45 0 -10 0 0 175
10 0 46 5.5 -2 0 0 306
10 0 47 0 -10 0 0 189
10 0 48 0 -10 0 0 161
10 0 49 5.5 -2 0 0 245
10 0 50 5.5 -2 0 0 203
10 0 51 5.5 -2 0 0 560
10 0 52 5.5 -2 0 0 329
10 0 53 5.5 -2 0 0 219
10 0 54 0 -10 0 0 191
10 0 55 5.5 -2 0 0 326
10 0 56 5.5 -2 0 0 401
10 0 57 5.5 -2 0 0 413
10 0 58 5.5 -2 0 0 295
10 0 59 5.5 -2 0 0 456
10 0 60 5.5 -2 0 0 222
10 0 61 1.5 -2 0 0 741
10 0 62 5.5 -2 0 0 491
10 0 63 5.5 -2 0 0 319
10 1 0 5.23006 0.454921 0.895118 0.0930309 539
10 1 1 5.5 -2 0 0 592
10 1 2 4.86453 0.451848 0.983519 0.0371835 672
10 1 3 4.85571 0.403291 1.01796 0.113396 547
10 1 4 4.68335 0.389977 0.931908 0.0565621 364
10 1 5 4.78352 0.414184 0.805201 0.10986 462
10 1 6 4.82958 0.381126 0.883838 0.0745439 793
10 1 7 4.739 0.435826 0.975344 0.0412117 554
10 1 8 4.93892 0.417549 0.949639 0.151341 382
10 1 9 4.63045 0.379324 0.994038 0.146293 879
10 1 10 5.61264 0.4272 0.705105 0.116165 787
10 1 11 5.24023 0.416761 0.726693 0.193327 340
10 1 12 5.1308 0.431374 0.788924 0.198934 440
10 1 13 5.48425 0.368624 0.805912 0.103797 366
10 1 14 5.46481 0.495914 0.744906 0.0789846 406
10 1 15 5.32534 0.467775 0.592023 0.187656 408
10 1 16 4.9101 0.352704 0.957688 0.0722708 1057
10 1 17 5.36156 0.488849 0.784965 0.124798 340
10 1 18 4.93881 0.463836 0.727983 0.476714 415
10 1 19 5.44231 0.405438 0.823576 0.121031 439
10 1 20 5.79766 0.547111 0.59577 0.183674 222
10 1 21 5.61124 0.396509 0.58517 0.393864 713
10 1 22 5.39172 0.477285 0.582837 0.125012 606
10 1 23 5.41218 0.368576 0.845324 0.0536819 242
10 1 24 5.5 -2 0 0 471
10 1 25 5.5 -2 0 0 353
10 1 26 5.5 -2 0 0 320
10 1 27 5.18566 0.434217 1.05853 0.0671637 292
10 1 28 5.50395 0.477318 0.896976 0.203856 348
10 1 29 5.98339 0.421168 0.640386 0.0739544 211
10 1 30 5.62345 0.546159 0.455836 0.286868 230
10 1 31 5.05502 0.483513 0.834132 0.0454521 243
10 1 32 5.02732 0.407677 0.566687 0.249142 232
10 1 33 5.71189 0.427903 1.03425 0.121917 242
10 1 34 5.53721 0.36115 0.93659 0.185905 235
10 1 35 5.26647 0.428331 0.733281 0.108275 240
10 1 36 5.07676 -3 0 0 185
10 1 37 5.07676 -3 0 0 164
10 1 38 5.07676 -3 0 0 140
10 1 39 5.07676 -3 0 0 121
10 1 40 5.07676 -3 0 0 150
10 1 41 5.07676 -3 0 0 157
10 1 42 5.07676 -3 0 0 191
10 1 43 5.07676 -3 0 0 142
10 1 44 5.07676 -3 0 0 138
10 1 45 5.07676 -3 0 0 171
10 1 46 5.07676 -3 0 0 175
10 1 47 5.07676 -3 0 0 140
10 1 48 5.07676 -3 0 0 156
10 1 49 5.07676 -3 0 0 173
10 1 50 5.07676 -3 0 0 125
10 1 51 5.07676 -3 0 0 112
10 1 52 5.07676 -3 0 0 155
10 1 53 5.07676 -3 0 0 91
10 1 54 5.07676 -3 0 0 121
10 1 55 5.07676 -3 0 0 112
10 1 56 5.07676 -3 0 0 96
10 1 57 5.07676 -3 0 0 109
10 1 58 5.07676 -3 0 0 128
10 1 59 5.07676 -3 0 0 139
10 1 60 5.07676 -3 0 0 107
10 1 61 5.07676 -3 0 0 112
10 1 62 5.07676 -3 0 0 98
10 1 63 5.07676 -3 0 0 117
10 2 0 5.5 -2 0 0 506
10 2 1 5.5 -2 0 0 434
10 2 2 5.5 -2 0 0 373
10 2 3 5.5 -2 0 0 210
10 2 4 5.5 -2 0 0 256
10 2 5 5.5 -2 0 0 322
10 2 6 5.5 -2 0 0 274
10 2 7 0 -10 0 0 101
10 2 8 5.5 -2 0 0 306
10 2 9 0 -10 0 0 185
10 2 10 0 -10 0 0 162
10 2 11 5.5 -2 0 0 368
10 2 12 5.5 -2 0 0 231
10 2 13 0 -10 0 0 146
10 2 14 5.5 -2 0 0 579
10 2 15 0 -10 0 0 163
10 2 16 0 -10 0 0 123
10 2 17 5.5 -2 0 0 457
10 2 18 5.5 -2 0 0 235
10 2 19 0 -10 0 0 119
10 2 20 5.5 -2 0 0 259
10 2 21 5.5 -2 0 0 268
10 2 22 0 -10 0 0 143
10 2 23 5.5 -2 0 0 366
10 2 24 5.5 -2 0 0 349
10 2 25 0 -10 0 0 143
10 2 26 4.59088 0.349794 0.928956 0.0123725 704
10 2 27 0 -10 0 0 185
10 2 28 0 -10 0 0 118
10 2 29 5.5 -2 0 0 538
10 2 30 0 -10 0 0 161
10 2 31 0 -10 0 0 106
10 2 32 5.5 -2 0 0 208
10 2 33 5.5 -2 0 0 217
10 2 34 5.5 -2 0 0 916
10 2 35 0 -10 0 0 174
10 2 36 4.59121 0.31558 0.780053 0.050054 313
10 2 37 5.5 -2 0 0 470
10 2 38 0 -10 0 0 184
10 2 39 6.77503 0.243287 0.110855 0.6858 432
10 2 40 5.5 -2 0 0 337
10 2 41 0 -10 0 0 180
10 2 42 5.5 -2 0 0 363
10 2 43 5.5 -2 0 0 660
10 2 44 5.5 -2 0 0 238
10 2 45 0 -10 0 0 192
10 2 46 5.5 -2 0 0 943
10 2 47 0 -10 0 0 189
10 2 48 5.5 -2 0 0 262
10 2 49 5.5 -2 0 0 553
10 2 50 5.5 -2 0 0 247
10 2 51 5.5 -2 0 0 916
10 2 52 5.5 -2 0 0 784
10 2 53 5.5 -2 0 0 220
10 2 54 5.5 -2 0 0 315
10 2 55 5.5 -2 0 0 798
10 2 56 5.5 -2 0 0 516
10 2 57 5.5 -2 0 0 772
10 2 58 5.5 -2 0 0 475
10 2 59 5.5 -2 0 0 1144
10 2 60 5.5 -2 0 0 302
10 2 61 5.5 -2 0 0 1519
10 2 62 5.5 -2 0 0 1279
10 2 63 5.5 -2 0 0 601
10 3 0 0 -10 0 0 0
10 3 1 5.5 -2 0 0 613
10 3 2 5.5 -2 0 0 624
10 3 3 5.5 -2 0 0 711
10 3 4 5.5 -2 0 0 417
10 3 5 5.5 -2 0 0 517
10 3 6 5.5 -2 0 0 863
10 3 7 5.5 -2 0 0 1105
10 3 8 5.5 -2 0 0 409
10 3 9 4.58387 0.322647 0.959454 0.160326 1021
10 3 10 5.5 -2 0 0 1037
10 3 11 5.5 -2 0 0 318
10 3 12 5.5 -2 0 0 541
10 3 13 5.5 -2 0 0 677
10 3 14 5.14297 0.422267 0.850975 0.10411 601
10 3 15 5.5 -2 0 0 559
10 3 16 0 -10 0 0 0
10 3 17 5.5 -2 0 0 400
10 3 18 4.68444 0.316161 0.809965 0.11087 403
10 3 19 4.82354 0.46876 0.755982 0.190424 740
10 3 20 0 -10 0 0 107
10 3 21 5.5 -2 0 0 926
10 3 22 4.64155 0.32264 0.915934 0.216007 833
10 3 23 4.89275 0.455047 0.811727 0.316668 264
10 3 24 4.77939 0.354904 0.798142 0.144497 489
10 3 25 5.5 -2 0 0 604
10 3 26 0 -10 0 0 0
10 3 27 5.5 -2 0 0 273
10 3 28 5.38788 0.455981 1.10809 0.132847 530
10 3 29 5.5 -2 0 0 253
10 3 30 5.11151 0.431746 0.987592 0.241942 371
10 3 31 5.10886 0.347683 0.70998 0.33237 613
10 3 32 4.80507 0.429482 0.456042 0.370998 419
10 3 33 5.5 -2 0 0 330
10 3 34 5.5 -2 0 0 363
10 3 35 5.05184 0.443142 0.660724 0.137983 521
10 3 36 0 -10 0 0 0
10 3 37 0 -10 0 0 198
10 3 38 5.12529 0.348402 0.754741 0.0781229 418
10 3 39 5.5 -2 0 0 248
10 3 40 5.5 -2 0 0 228
10 3 41 4.79865 0.409948 0.709905 0.205564 359
10 3 42 5.5 -2 0 0 236
10 3 43 5.5 -2 0 0 255
10 3 44 5.5 -2 0 0 375
10 3 45 5.5 -2 0 0 274
10 3 46 5.5 -2 0 0 320
10 3 47 5.5 -2 0 0 338
10 3 48 5.5 -2 0 0 285
10 3 49 5.5 -2 0 0 215
10 3 50 5.5 -2 0 0 238
10 3 51 5.5 -2 0 0 213
10 3 52 5.5 -2 0 0 230
10 3 53 5.5 -2 0 0 352
10 3 54 5.5 -2 0 0 264
10 3 55 5.5 -2 0 0 289
10 3 56 5.5 -2 0 0 231
10 3 57 5.5 -2 0 0 253
10 3 58 5.5 -2 0 0 249
10 3 59 5.5 -2 0 0 248
10 3 60 5.5 -2 0 0 281
10 3 61 5.5 -2 0 0 229
10 3 62 5.5 -2 0 0 214
10 3 63 1.5 -2 0 0 221
10 4 0 5.5 -2 0 0 1409
10 4 1 5.5 -2 0 0 911
10 4 2 5.5 -2 0 0 795
10 4 3 5.5 -2 0 0 221
10 4 4 5.5 -2 0 0 288
10 4 5 5.5 -2 0 0 451
10 4 6 4.68512 0.443258 0.504996 0.219807 432
10 4 7 5.5 -2 0 0 216
10 4 8 4.63356 0.305503 0.725205 0.295925 459
10 4 9 5.5 -2 0 0 335
10 4 10 5.5 -2 0 0 245
10 4 11 5.5 -2 0 0 493
10 4 12 5.5 -2 0 0 342
10 4 13 0 -10 0 0 194
10 4 14 4.91884 0.336117 0.903329 0.0651042 1101
10 4 15 5.5 -2 0 0 259
10 4 16 4.84571 0.406643 0.709981 0.0787807 229
10 4 17 4.9123 0.358133 0.80922 0.134884 622
10 4 18 5.5 -2 0 0 267
10 4 19 0 -10 0 0 164
10 4 20 5.5 -2 0 0 289
10 4 21 5.5 -2 0 0 463
10 4 22 5.5 -2 0 0 217
10 4 23 5.5 -2 0 0 410
10 4 24 4.72156 0.325767 0.738795 0.0515904 796
10 4 25 0 -10 0 0 151
10 4 26 4.71277 0.356365 0.954169 0.129538 1113
10 4 27 0 -10 0 0 183
10 4 28 0 -10 0 0 155
10 4 29 5.08881 0.349367 0.822961 0.0779928 578
10 4 30 5.5 -2 0 0 268
10 4 31 0 -10 0 0 153
10 4 32 0 -10 0 0 140
10 4 33 0 -10 0 0 128
10 4 34 5.5 -2 0 0 937
10 4 35 0 -10 0 0 125
10 4 36 4.88863 0.366657 0.778402 0.309491 218
10 4 37 5.5 -2 0 0 370
10 4 38 0 -10 0 0 102
10 4 39 5.5 -2 0 0 261
10 4 40 5.5 -2 0 0 331
10 4 41 0 -10 0 0 162
10 4 42 5.5 -2 0 0 276
10 4 43 4.60179 0.36207 0.998385 0.0494437 492
10 4 44 0 -10 0 0 144
10 4 45 0 -10 0 0 164
10 4 46 5.5 -2 0 0 791
10 4 47 0 -10 0 0 108
10 4 48 0 -10 0 0 182
10 4 49 5.5 -2 0 0 371
10 4 50 0 -10 0 0 169
10 4 51 5.5 -2 0 0 384
10 4 52 5.5 -2 0 0 446
10 4 53 0 -10 0 0 122
10 4 54 0 -10 0 0 192
10 4 55 5.5 -2 0 0 347
10 4 56 5.5 -2 0 0 274
10 4 57 5.5 -2 0 0 256
10 4 58 5.5 -2 0 0 296
10 4 59 5.5 -2 0 0 619
10 4 60 0 -10 0 0 146
10 4 61 5.5 -2 0 0 506
10 4 62 5.5 -2 0 0 579
10 4 63 1.5 -2 0 0 282
10 5 0 0 -10 0 0 182
10 5 1 5.5 -2 0 0 203
10 5 2 5.5 -2 0 0 291
10 5 3 5.5 -2 0 0 289
10 5 4 5.5 -2 0 0 258
10 5 5 5.5 -2 0 0 228
10 5 6 5.5 -2 0 0 279
10 5 7 5.5 -2 0 0 374
10 5 8 5.5 -2 0 0 290
10 5 9 5.5 -2 0 0 256
10 5 10 5.5 -2 0 0 310
10 5 11 5.5 -2 0 0 351
10 5 12 5.5 -2 0 0 262
10 5 13 5.5 -2 0 0 349
10 5 14 5.5 -2 0 0 246
10 5 15 5.5 -2 0 0 334
10 5 16 5.5 -2 0 0 396
10 5 17 5.5 -2 0 0 313
10 5 18 5.5 -2 0 0 335
10 5 19 5.5 -2 0 0 512
10 5 20 5.5 -2 0 0 343
10 5 21 5.5 -2 0 0 273
10 5 22 5.5 -2 0 0 331
10 5 23 5.5 -2 0 0 304
10 5 24 5.5 -2 0 0 242
10 5 25 5.5 -2 0 0 563
10 5 26 5.5 -2 0 0 284
10 5 27 4.5957 0.309906 0.724054 0.091927 356
10 5 28 5.5 -2 0 0 353
10 5 29 5.5 -2 0 0 260
10 5 30 5.5 -2 0 0 346
10 5 31 4.60249 0.374399 0.652221 0.127481 612
10 5 32 5.5 -2 0 0 484
10 5 33 5.5 -2 0 0 355
10 5 34 5.5 -2 0 0 279
10 5 35 5.5 -2 0 0 768
10 5 36 5.5 -2 0 0 312
10 5 37 5.5 -2 0 0 308
10 5 38 5.5 -2 0 0 912
10 5 39 5.5 -2 0 0 808
10 5 40 5.5 -2 0 0 453
10 5 41 5.5 -2 0 0 456
10 5 42 5.5 -2 0 0 333
10 5 43 5.5 -2 0 0 335
10 5 44 5.5 -2 0 0 808
10 5 45 5.5 -2 0 0 414
10 5 46 5.5 -2 0 0 317
10 5 47 5.5 -2 0 0 1426
10 5 48 5.5 -2 0 0 430
10 5 49 5.5 -2 0 0 348
10 5 50 5.5 -2 0 0 863
10 5 51 5.5 -2 0 0 726
10 5 52 5.5 -2 0 0 332
10 5 53 5.5 -2 0 0 1139
10 5 54 5.5 -2 0 0 500
10 5 55 5.5 -2 0 0 427
10 5 56 5.5 -2 0 0 976
10 5 57 5.5 -2 0 0 740
10 5 58 5.5 -2 0 0 450
10 5 59 5.5 -2 0 0 364
10 5 60 1.5 -2 0 0 983
10 5 61 1.5 -2 0 0 590
10 5 62 1.5 -2 0 0 417
10 5 63 1.5 -2 0 0 528
10 6 0 5.5 -2 0 0 797
10 6 1 5.5 -2 0 0 559
10 6 2 5.5 -2 0 0 439
10 6 3 0 -10 0 0 199
10 6 4 5.5 -2 0 0 229
10 6 5 5.5 -2 0 0 304
10 6 6 5.5 -2 0 0 377
10 6 7 0 -10 0 0 135
10 6 8 5.5 -2 0 0 332
10 6 9 5.5 -2 0 0 230
10 6 10 0 -10 0 0 190
10 6 11 5.5 -2 0 0 224
10 6 12 5.5 -2 0 0 218
10 6 13 0 -10 0 0 134
10 6 14 5.5 -2 0 0 482
10 6 15 0 -10 0 0 144
10 6 16 0 -10 0 0 149
10 6 17 5.5 -2 0 0 306
10 6 18 0 -10 0 0 171
10 6 19 0 -10 0 0 127
10 6 20 0 -10 0 0 196
10 6 21 5.5 -2 0 0 278
10 6 22 0 -10 0 0 159
10 6 23 5.5 -2 0 0 216
10 6 24 5.5 -2 0 0 386
10 6 25 0 -10 0 0 119
10 6 26 4.81487 0.463123 0.853868 0.14554 417
10 6 27 0 -10 0 0 125
10 6 28 0 -10 0 0 111
10 6 29 5.5 -2 0 0 217
10 6 30 0 -10 0 0 136
10 6 31 0 -10 0 0 101
10 6 32 0 -10 0 0 98
10 6 33 0 -10 0 0 95
10 6 34 5.5 -2 0 0 332
10 6 35 0 -10 0 0 65
10 6 36 0 -10 0 0 117
10 6 37 0 -10 0 0 154
10 6 38 0 -10 0 0 70
10 6 39 0 -10 0 0 84
10 6 40 0 -10 0 0 108
10 6 41 0 -10 0 0 91
10 6 42 0 -10 0 0 115
10 6 43 0 -10 0 0 174
10 6 44 0 -10 0 0 58
10 6 45 0 -10 0 0 110
10 6 46 5.5 -2 0 0 227
10 6 47 0 -10 0 0 51
10 6 48 0 -10 0 0 93
10 6 49 0 -10 0 0 134
10 6 50 0 -10 0 0 80
10 6 51 0 -10 0 0 107
10 6 52 0 -10 0 0 175
10 6 53 0 -10 0 0 51
10 6 54 0 -10 0 0 91
10 6 55 0 -10 0 0 128
10 6 56 0 -10 0 0 89
10 6 57 0 -10 0 0 110
10 6 58 0 -10 0 0 95
10 6 59 0 -10 0 0 191
10 6 60 0 -10 0 0 60
10 6 61 0 -10 0 0 132
10 6 62 0 -10 0 0 159
10 6 63 0 -10 0 0 128
10 7 0 0 -10 0 0 88
10 7 1 0 -10 0 0 120
10 7 2 0 -10 0 0 109
10 7 3 0 -10 0 0 140
10 7 4 0 -10 0 0 161
10 7 5 0 -10 0 0 134
10 7 6 0 -10 0 0 129
10 7 7 0 -10 0 0 145
10 7 8 0 -10 0 0 111
10 7 9 0 -10 0 0 132
10 7 10 0 -10 0 0 120
10 7 11 0 -10 0 0 169
10 7 12 0 -10 0 0 137
10 7 13 0 -10 0 0 181
10 7 14 0 -10 0 0 132
10 7 15 0 -10 0 0 174
10 7 16 0 -10 0 0 131
10 7 17 0 -10 0 0 138
10 7 18 0 -10 0 0 159
10 7 19 0 -10 0 0 197
10 7 20 5.5 -2 0 0 226
10 7 21 0 -10 0 0 156
10 7 22 0 -10 0 0 171
10 7 23 0 -10 0 0 154
10 7 24 0 -10 0 0 133
10 7 25 5.5 -2 0 0 299
10 7 26 0 -10 0 0 179
10 7 27 5.5 -2 0 0 229
10 7 28 0 -10 0 0 198
10 7 29 0 -10 0 0 192
10 7 30 5.5 -2 0 0 208
10 7 31 5.5 -2 0 0 343
10 7 32 5.5 -2 0 0 285
10 7 33 4.79322 0.373316 0.661733 0.16084 317
10 7 34 0 -10 0 0 189
10 7 35 4.63283 0.391886 0.779652 0.174764 496
10 7 36 5.5 -2 0 0 314
10 7 37 5.5 -2 0 0 268
10 7 38 5.5 -2 0 0 652
10 7 39 5.5 -2 0 0 998
10 7 40 5.5 -2 0 0 281
10 7 41 5.5 -2 0 0 399
10 7 42 5.5 -2 0 0 349
10 7 43 5.5 -2 0 0 262
10 7 44 5.5 -2 0 0 530
10 7 45 5.5 -2 0 0 460
10 7 46 5.5 -2 0 0 234
10 7 47 5.5 -2 0 0 1106
10 7 48 5.5 -2 0 0 357
10 7 49 5.5 -2 0 0 347
10 7 50 5.5 -2 0 0 532
10 7 51 5.5 -2 0 0 605
10 7 52 5.5 -2 0 0 308
10 7 53 5.5 -2 0 0 863
10 7 54 5.5 -2 0 0 572
10 7 55 5.5 -2 0 0 416
10 7 56 5.5 -2 0 0 735
10 7 57 5.5 -2 0 0 789
10 7 58 5.5 -2 0 0 492
10 7 59 5.5 -2 0 0 290
10 7 60 5.5 -2 0 0 914
10 7 61 1.5 -2 0 0 609
10 7 62 5.5 -2 0 0 385
10 7 63 5.5 -2 0 0 527
10 8 0 0 -10 0 0 139
10 8 1 0 -10 0 0 89
10 8 2 0 -10 0 0 126
10 8 3 0 -10 0 0 166
10 8 4 0 -10 0 0 146
10 8 5 0 -10 0 0 116
10 8 6 0 -10 0 0 135
10 8 7 0 -10 0 0 194
10 8 8 0 -10 0 0 116
10 8 9 0 -10 0 0 145
10 8 10 0 -10 0 0 156
10 8 11 0 -10 0 0 148
10 8 12 0 -10 0 0 143
10 8 13 5.5 -2 0 0 258
10 8 14 0 -10 0 0 0
10 8 15 5.5 -2 0 0 203
10 8 16 0 -10 0 0 186
10 8 17 0 -10 0 0 140
10 8 18 0 -10 0 0 144
10 8 19 5.5 -2 0 0 279
10 8 20 0 -10 0 0 175
10 8 21 0 -10 0 0 111
10 8 22 0 -10 0 0 147
10 8 23 0 -10 0 0 158
10 8 24 0 -10 0 0 113
10 8 25 5.5 -2 0 0 274
10 8 26 0 -10 0 0 116
10 8 27 5.5 -2 0 0 209
10 8 28 5.5 -2 0 0 264
10 8 29 0 -10 0 0 167
10 8 30 5.5 -2 0 0 206
10 8 31 5.5 -2 0 0 400
10 8 32 5.5 -2 0 0 358
10 8 33 5.5 -2 0 0 316
10 8 34 0 -10 0 0 165
10 8 35 5.5 -2 0 0 637
10 8 36 5.5 -2 0 0 226
10 8 37 0 -10 0 0 161
10 8 38 5.5 -2 0 0 816
10 8 39 5.5 -2 0 0 706
10 8 40 5.5 -2 0 0 203
10 8 41 5.5 -2 0 0 404
10 8 42 5.5 -2 0 0 286
10 8 43 0 -10 0 0 187
10 8 44 5.5 -2 0 0 652
10 8 45 5.5 -2 0 0 421
10 8 46 0 -10 0 0 160
10 8 47 5.5 -2 0 0 1127
10 8 48 5.5 -2 0 0 328
10 8 49 5.5 -2 0 0 212
10 8 50 5.5 -2 0 0 492
10 8 51 5.5 -2 0 0 394
10 8 52 5.5 -2 0 0 237
10 8 53 5.5 -2 0 0 820
10 8 54 5.5 -2 0 0 366
10 8 55 5.5 -2 0 0 330
10 8 56 5.5 -2 0 0 543
10 8 57 5.5 -2 0 0 446
10 8 58 5.5 -2 0 0 349
10 8 59 5.5 -2 0 0 211
10 8 60 1.5 -2 0 0 771
10 8 61 0 -10 0 0 0
10 8 62 5.5 -2 0 0 289
10 8 63 5.5 -2 0 0 305
10 9 0 5.5 -2 0 0 304
10 9 1 5.5 -2 0 0 233
10 9 2 5.5 -2 0 0 213
10 9 3 0 -10 0 0 72
10 9 4 0 -10 0 0 94
10 9 5 0 -10 0 0 108
10 9 6 0 -10 0 0 158
10 9 7 0 -10 0 0 68
10 9 8 0 -10 0 0 128
10 9 9 0 -10 0 0 89
10 9 10 0 -10 0 0 79
10 9 11 0 -10 0 0 149
10 9 12 0 -10 0 0 104
10 9 13 0 -10 0 0 46
10 9 14 5.5 -2 0 0 232
10 9 15 0 -10 0 0 66
10 9 16 0 -10 0 0 67
10 9 17 0 -10 0 0 126
10 9 18 0 -10 0 0 88
10 9 19 0 -10 0 0 55
10 9 20 0 -10 0 0 75
10 9 21 0 -10 0 0 142
10 9 22 0 -10 0 0 88
10 9 23 0 -10 0 0 82
10 9 24 0 -10 0 0 199
10 9 25 0 -10 0 0 36
10 9 26 5.5 -2 0 0 210
10 9 27 0 -10 0 0 38
10 9 28 0 -10 0 0 27
10 9 29 0 -10 0 0 126
10 9 30 0 -10 0 0 59
10 9 31 0 -10 0 0 30
10 9 32 0 -10 0 0 41
10 9 33 0 -10 0 0 59
10 9 34 0 -10 0 0 200
10 9 35 0 -10 0 0 27
10 9 36 0 -10 0 0 47
10 9 37 0 -10 0 0 79
10 9 38 0 -10 0 0 34
10 9 39 0 -10 0 0 35
10 9 40 0 -10 0 0 60
10 9 41 0 -10 0 0 31
10 9 42 0 -10 0 0 41
10 9 43 0 -10 0 0 88
10 9 44 0 -10 0 0 7
10 9 45 0 -10 0 0 41
10 9 46 0 -10 0 0 136
10 9 47 0 -10 0 0 24
10 9 48 0 -10 0 0 46
10 9 49 0 -10 0 0 84
10 9 50 0 -10 0 0 19
10 9 51 0 -10 0 0 56
10 9 52 0 -10 0 0 83
10 9 53 0 -10 0 0 24
10 9 54 0 -10 0 0 38
10 9 55 0 -10 0 0 62
10 9 56 0 -10 0 0 44
10 9 57 0 -10 0 0 53
10 9 58 0 -10 0 0 43
10 9 59 0 -10 0 0 95
10 9 60 0 -10 0 0 52
10 9 61 0 -10 0 0 89
10 9 62 0 -10 0 0 129
10 9 63 0 -10 0 0 43
10 10 0 0 -10 0 0 199
10 10 1 1.5 -2 0 0 204
10 10 2 1.5 -2 0 0 259
10 10 3 5.5 -2 0 0 379
10 10 4 5.5 -2 0 0 283
10 10 5 5.5 -2 0 0 284
10 10 6 5.5 -2 0 0 309
10 10 7 5.5 -2 0 0 697
10 10 8 5.5 -2 0 0 242
10 10 9 5.5 -2 0 0 417
10 10 10 5.5 -2 0 0 389
10 10 11 5.5 -2 0 0 242
10 10 12 5.5 -2 0 0 321
10 10 13 5.5 -2 0 0 568
10 10 14 5.5 -2 0 0 258
10 10 15 5.5 -2 0 0 518
10 10 16 5.5 -2 0 0 622
10 10 17 5.5 -2 0 0 208
10 10 18 5.5 -2 0 0 343
10 10 19 5.5 -2 0 0 639
10 10 20 5.5 -2 0 0 248
10 10 21 5.5 -2 0 0 325
10 10 22 5.5 -2 0 0 420
10 10 23 5.5 -2 0 0 251
10 10 24 5.5 -2 0 0 271
10 10 25 5.5 -2 0 0 839
10 10 26 5.5 -2 0 0 263
10 10 27 5.5 -2 0 0 387
10 10 28 5.5 -2 0 0 668
10 10 29 5.5 -2 0 0 212
10 10 30 5.5 -2 0 0 258
10 10 31 5.5 -2 0 0 1259
10 10 32 5.5 -2 0 0 628
10 10 33 5.5 -2 0 0 504
10 10 34 5.5 -2 0 0 235
10 10 35 5.5 -2 0 0 1342
10 10 36 5.5 -2 0 0 339
10 10 37 5.5 -2 0 0 232
10 10 38 5.5 -2 0 0 1901
10 10 39 5.5 -2 0 0 807
10 10 40 4.71527 0.411796 0.525345 0.286341 224
10 10 41 5.5 -2 0 0 784
10 10 42 5.5 -2 0 0 334
10 10 43 5.5 -2 0 0 309
10 10 44 5.5 -2 0 0 1101
10 10 45 5.5 -2 0 0 771
10 10 46 5.5 -2 0 0 271
10 10 47 0 -10 0 0 0
10 10 48 5.5 -2 0 0 482
10 10 49 5.5 -2 0 0 336
10 10 50 5.5 -2 0 0 818
10 10 51 5.5 -2 0 0 355
10 10 52 5.5 -2 0 0 333
10 10 53 5.5 -2 0 0 1649
10 10 54 5.5 -2 0 0 521
10 10 55 5.5 -2 0 0 375
10 10 56 5.5 -2 0 0 674
10 10 57 5.5 -2 0 0 477
10 10 58 5.5 -2 0 0 450
10 10 59 5.5 -2 0 0 247
10 10 60 1.5 -2 0 0 1230
10 10 61 1.5 -2 0 0 438
10 10 62 1.5 -2 0 0 307
10 10 63 1.5 -2 0 0 403
10 11 0 5.5 -2 0 0 644
10 11 1 4.6089 0.434579 0.668245 0.108835 361
10 11 2 5.5 -2 0 0 342
10 11 3 0 -10 0 0 172
10 11 4 0 -10 0 0 192
10 11 5 5.5 -2 0 0 222
10 11 6 5.5 -2 0 0 296
10 11 7 0 -10 0 0 117
10 11 8 5.5 -2 0 0 262
10 11 9 0 -10 0 0 127
10 11 10 0 -10 0 0 98
10 11 11 5.5 -2 0 0 293
10 11 12 0 -10 0 0 199
10 11 13 0 -10 0 0 130
10 11 14 4.7067 0.404348 0.826716 0.0282443 595
10 11 15 0 -10 0 0 138
10 11 16 0 -10 0 0 139
10 11 17 5.5 -2 0 0 368
10 11 18 5.5 -2 0 0 227
10 11 19 0 -10 0 0 112
10 11 20 0 -10 0 0 187
10 11 21 0 -10 0 0 173
10 11 22 0 -10 0 0 98
10 11 23 5.69662 0.445641 0.762618 0.133364 265
10 11 24 5.5 -2 0 0 352
10 11 25 0 -10 0 0 101
10 11 26 5.55208 0.413713 0.958454 0.0327566 621
10 11 27 0 -10 0 0 149
10 11 28 0 -10 0 0 119
10 11 29 4.90523 0.4531 0.954052 0.0183028 386
10 11 30 0 -10 0 0 152
10 11 31 0 -10 0 0 109
10 11 32 0 -10 0 0 92
10 11 33 0 -10 0 0 116
10 11 34 5.09841 0.492928 0.665935 0.162792 498
10 11 35 0 -10 0 0 92
10 11 36 0 -10 0 0 147
10 11 37 0 -10 0 0 197
10 11 38 0 -10 0 0 88
10 11 39 0 -10 0 0 119
10 11 40 0 -10 0 0 162
10 11 41 0 -10 0 0 109
10 11 42 5.5 -2 0 0 214
10 11 43 5.5 -2 0 0 311
10 11 44 0 -10 0 0 81
10 11 45 0 -10 0 0 108
10 11 46 5.5 -2 0 0 513
10 11 47 0 -10 0 0 80
10 11 48 0 -10 0 0 176
10 11 49 5.5 -2 0 0 218
10 11 50 0 -10 0 0 120
10 11 51 5.5 -2 0 0 277
10 11 52 5.5 -2 0 0 301
10 11 53 0 -10 0 0 98
10 11 54 0 -10 0 0 150
10 11 55 5.02967 0.243355 0.1 0.406955 289
10 11 56 0 -10 0 0 163
10 11 57 5.5 -2 0 0 242
10 11 58 0 -10 0 0 146
10 11 59 5.5 -2 0 0 445
10 11 60 0 -10 0 0 95
10 11 61 5.5 -2 0 0 354
10 11 62 5.5 -2 0 0 403
10 11 63 5.5 -2 0 0 217
10 12 0 5.5 -2 0 0 397
10 12 1 5.5 -2 0 0 420
10 12 2 5.5 -2 0 0 533
10 12 3 5.5 -2 0 0 838
10 12 4 5.5 -2 0 0 339
10 12 5 5.5 -2 0 0 341
10 12 6 5.5 -2 0 0 627
10 12 7 4.71081 0.378004 0.860415 0.0965586 1240
10 12 8 4.6266 0.450309 0.501803 0.205182 356
10 12 9 5.5 -2 0 0 1024
10 12 10 5.5 -2 0 0 1229
10 12 11 5.5 -2 0 0 305
10 12 12 4.77145 0.427589 0.728383 0.344727 589
10 12 13 5.5 -2 0 0 666
10 12 14 5.5 -2 0 0 250
10 12 15 4.62443 0.294969 0.806349 0.108411 528
10 12 16 5.4701 0.316881 1.37733 0.0653428 2354
10 12 17 4.74573 0.458457 0.811315 0.03721 266
10 12 18 5.5 -2 0 0 487
10 12 19 4.75754 0.301845 0.93335 0.0682973 1221
10 12 20 5.5 -2 0 0 376
10 12 21 5.5 -2 0 0 935
10 12 22 5.27943 0.297529 0.917613 0.0683881 1000
10 12 23 4.75296 0.46547 0.543984 0.261729 210
10 12 24 5.5 -2 0 0 309
10 12 25 4.97886 0.323721 0.739439 0.221289 952
10 12 26 5.17195 0.421747 0.908997 0.128568 248
10 12 27 5.5 -2 0 0 534
10 12 28 4.8875 0.361367 0.951604 0.112369 684
10 12 29 5.5 -2 0 0 219
10 12 30 5.23838 0.373095 0.78524 0.0906154 356
10 12 31 5.5 -2 0 0 760
10 12 32 5.05834 0.378334 0.723822 0.169229 600
10 12 33 5.5 -2 0 0 402
10 12 34 4.60565 0.398871 0.757113 0.545991 208
10 12 35 4.72577 0.370556 0.919325 0.244856 706
10 12 36 5.19284 0.429706 0.739357 0.11679 279
10 12 37 5.5 -2 0 0 271
10 12 38 5.13525 0.293162 0.897929 0.101649 643
10 12 39 5.5 -2 0 0 234
10 12 40 4.66788 0.38426 0.717591 0.285682 299
10 12 41 5.03077 0.358528 0.884231 0.132497 439
10 12 42 5.5 -2 0 0 245
10 12 43 5.5 -2 0 0 226
10 12 44 5.5 -2 0 0 411
10 12 45 5.5 -2 0 0 394
10 12 46 5.5 -2 0 0 222
10 12 47 5.5 -2 0 0 452
10 12 48 5.5 -2 0 0 311
10 12 49 0 -10 0 0 181
10 12 50 4.83267 0.470837 0.798062 0.0442939 301
10 12 51 0 -10 0 0 154
10 12 52 0 -10 0 0 161
10 12 53 5.5 -2 0 0 338
10 12 54 5.5 -2 0 0 265
10 12 55 0 -10 0 0 168
10 12 56 0 -10 0 0 190
10 12 57 0 -10 0 0 198
10 12 58 5.5 -2 0 0 221
10 12 59 0 -10 0 0 166
10 12 60 5.5 -2 0 0 288
10 12 61 0 -10 0 0 151
10 12 62 0 -10 0 0 162
10 12 63 0 -10 0 0 181
10 13 0 5.5 -2 0 0 375
10 13 1 5.5 -2 0 0 258
10 13 2 5.5 -2 0 0 250
10 13 3 0 -10 0 0 102
10 13 4 0 -10 0 0 165
10 13 5 0 -10 0 0 169
10 13 6 0 -10 0 0 171
10 13 7 0 -10 0 0 94
10 13 8 5.5 -2 0 0 205
10 13 9 0 -10 0 0 130
10 13 10 0 -10 0 0 87
10 13 11 5.5 -2 0 0 240
10 13 12 0 -10 0 0 143
10 13 13 0 -10 0 0 105
10 13 14 5.5 -2 0 0 356
10 13 15 0 -10 0 0 111
10 13 16 0 -10 0 0 104
10 13 17 4.59332 0.439477 0.878829 0.0713377 307
10 13 18 0 -10 0 0 163
10 13 19 0 -10 0 0 76
10 13 20 0 -10 0 0 175
10 13 21 0 -10 0 0 141
10 13 22 0 -10 0 0 112
10 13 23 5.5 -2 0 0 254
10 13 24 5.5 -2 0 0 280
10 13 25 0 -10 0 0 74
10 13 26 5.5 -2 0 0 419
10 13 27 0 -10 0 0 122
10 13 28 0 -10 0 0 108
10 13 29 4.75991 0.407111 0.650393 0.124264 268
10 13 30 0 -10 0 0 166
10 13 31 0 -10 0 0 95
10 13 32 0 -10 0 0 109
10 13 33 0 -10 0 0 118
10 13 34 5.5 -2 0 0 433
10 13 35 0 -10 0 0 120
10 13 36 0 -10 0 0 148
10 13 37 5.5 -2 0 0 223
10 13 38 0 -10 0 0 123
10 13 39 5.5 -2 0 0 247
10 13 40 0 -10 0 0 189
10 13 41 0 -10 0 0 133
10 13 42 5.5 -2 0 0 235
10 13 43 5.5 -2 0 0 352
10 13 44 0 -10 0 0 120
10 13 45 0 -10 0 0 137
10 13 46 5.5 -2 0 0 466
10 13 47 0 -10 0 0 139
10 13 48 0 -10 0 0 156
10 13 49 5.5 -2 0 0 276
10 13 50 0 -10 0 0 129
10 13 51 5.5 -2 0 0 511
10 13 52 5.5 -2 0 0 375
10 13 53 0 -10 0 0 124
10 13 54 5.5 -2 0 0 228
10 13 55 5.5 -2 0 0 405
10 13 56 5.5 -2 0 0 306
10 13 57 1.5 -2 0 0 282
10 13 58 5.5 -2 0 0 243
10 13 59 5.5 -2 0 0 548
10 13 60 0 -10 0 0 180
10 13 61 1.5 -2 0 0 727
10 13 62 1.5 -2 0 0 596
10 13 63 1.5 -2 0 0 298
10 14 0 5.5 -2 0 0 296
10 14 1 5.5 -2 0 0 373
10 14 2 5.5 -2 0 0 448
10 14 3 5.5 -2 0 0 437
10 14 4 5.5 -2 0 0 263
10 14 5 5.5 -2 0 0 317
10 14 6 5.5 -2 0 0 464
10 14 7 5.5 -2 0 0 724
10 14 8 5.5 -2 0 0 287
10 14 9 5.5 -2 0 0 681
10 14 10 5.5 -2 0 0 817
10 14 11 5.5 -2 0 0 248
10 14 12 4.73171 0.465623 0.705421 0.0767017 432
10 14 13 5.5 -2 0 0 410
10 14 14 5.5 -2 0 0 233
10 14 15 5.5 -2 0 0 344
10 14 16 5.5 -2 0 0 1063
10 14 17 5.5 -2 0 0 201
10 14 18 5.5 -2 0 0 275
10 14 19 5.5 -2 0 0 519
10 14 20 5.5 -2 0 0 216
10 14 21 5.5 -2 0 0 557
10 14 22 5.5 -2 0 0 531
10 14 23 5.5 -2 0 0 206
10 14 24 5.5 -2 0 0 231
10 14 25 5.5 -2 0 0 446
10 14 26 0 -10 0 0 185
10 14 27 5.5 -2 0 0 283
10 14 28 5.5 -2 0 0 306
10 14 29 0 -10 0 0 172
10 14 30 5.5 -2 0 0 237
10 14 31 5.5 -2 0 0 280
10 14 32 5.5 -2 0 0 218
10 14 33 5.5 -2 0 0 233
10 14 34 0 -10 0 0 158
10 14 35 5.5 -2 0 0 243
10 14 36 0 -10 0 0 171
10 14 37 0 -10 0 0 137
10 14 38 0 -10 0 0 176
10 14 39 0 -10 0 0 100
10 14 40 0 -10 0 0 179
10 14 41 0 -10 0 0 194
10 14 42 0 -10 0 0 131
10 14 43 0 -10 0 0 139
10 14 44 0 -10 0 0 158
10 14 45 0 -10 0 0 0
10 14 46 0 -10 0 0 142
10 14 47 0 -10 0 0 137
10 14 48 0 -10 0 0 175
10 14 49 0 -10 0 0 123
10 14 50 0 -10 0 0 129
10 14 51 0 -10 0 0 90
10 14 52 0 -10 0 0 118
10 14 53 0 -10 0 0 125
10 14 54 0 -10 0 0 143
10 14 55 0 -10 0 0 91
10 14 56 0 -10 0 0 99
10 14 57 0 -10 0 0 88
10 14 58 0 -10 0 0 94
10 14 59 0 -10 0 0 112
10 14 60 0 -10 0 0 81
10 14 61 0 -10 0 0 79
10 14 62 0 -10 0 0 85
10 14 63 0 -10 0 0 114
10 15 0 0 -10 0 0 89
10 15 1 0 -10 0 0 68
10 15 2 0 -10 0 0 65
10 15 3 0 -10 0 0 54
10 15 4 0 -10 0 0 83
10 15 5 0 -10 0 0 51
10 15 6 0 -10 0 0 54
10 15 7 0 -10 0 0 47
10 15 8 0 -10 0 0 78
10 15 9 0 -10 0 0 42
10 15 10 0 -10 0 0 44
10 15 11 0 -10 0 0 87
10 15 12 0 -10 0 0 65
10 15 13 0 -10 0 0 65
10 15 14 0 -10 0 0 112
10 15 15 0 -10 0 0 69
10 15 16 0 -10 0 0 26
10 15 17 0 -10 0 0 99
10 15 18 0 -10 0 0 66
10 15 19 0 -10 0 0 54
10 15 20 0 -10 0 0 80
10 15 21 0 -10 0 0 48
10 15 22 0 -10 0 0 40
10 15 23 0 -10 0 0 98
10 15 24 0 -10 0 0 96
10 15 25 0 -10 0 0 44
10 15 26 0 -10 0 0 125
10 15 27 0 -10 0 0 68
10 15 28 0 -10 0 0 56
10 15 29 0 -10 0 0 116
10 15 30 0 -10 0 0 77
10 15 31 0 -10 0 0 60
10 15 32 0 -10 0 0 59
10 15 33 0 -10 0 0 57
10 15 34 0 -10 0 0 141
10 15 35 0 -10 0 0 57
10 15 36 0 -10 0 0 75
10 15 37 0 -10 0 0 120
10 15 38 0 -10 0 0 67
10 15 39 0 -10 0 0 156
10 15 40 0 -10 0 0 107
10 15 41 0 -10 0 0 86
10 15 42 0 -10 0 0 90
10 15 43 0 -10 0 0 141
10 15 44 0 -10 0 0 91
10 15 45 0 -10 0 0 85
10 15 46 0 -10 0 0 195
10 15 47 0 -10 0 0 77
10 15 48 0 -10 0 0 93
10 15 49 0 -10 0 0 138
10 15 50 0 -10 0 0 124
10 15 51 5.5 -2 0 0 258
10 15 52 0 -10 0 0 167
10 15 53 0 -10 0 0 89
10 15 54 0 -10 0 0 97
10 15 55 1.5 -2 0 0 213
10 15 56 0 -10 0 0 144
10 15 57 1.5 -2 0 0 210
10 15 58 0 -10 0 0 139
10 15 59 5.5 -2 0 0 212
10 15 60 0 -10 0 0 98
10 15 61 1.5 -2 0 0 312
10 15 62 5.5 -2 0 0 266
10 15 63 0 -10 0 0 174
11 0 0 0 -10 0 0 191
11 0 1 0 -10 0 0 105
11 0 2 0 -10 0 0 107
11 0 3 0 -10 0 0 96
11 0 4 0 -10 0 0 101
11 0 5 0 -10 0 0 100
11 0 6 0 -10 0 0 120
11 0 7 0 -10 0 0 103
11 0 8 0 -10 0 0 138
11 0 9 0 -10 0 0 86
11 0 10 0 -10 0 0 83
11 0 11 0 -10 0 0 171
11 0 12 0 -10 0 0 108
11 0 13 0 -10 0 0 122
11 0 14 0 -10 0 0 176
11 0 15 0 -10 0 0 92
11 0 16 0 -10 0 0 73
11 0 17 0 -10 0 0 157
11 0 18 0 -10 0 0 96
11 0 19 0 -10 0 0 107
11 0 20 0 -10 0 0 178
11 0 21 0 -10 0 0 100
11 0 22 0 -10 0 0 66
11 0 23 5.49285 0.548878 1.0334 0.0961419 227
11 0 24 0 -10 0 0 195
11 0 25 0 -10 0 0 111
11 0 26 5.5 -2 0 0 259
11 0 27 0 -10 0 0 143
11 0 28 0 -10 0 0 100
11 0 29 4.95123 0.446808 0.864266 0.0846971 267
11 0 30 0 -10 0 0 133
11 0 31 0 -10 0 0 128
11 0 32 0 -10 0 0 141
11 0 33 0 -10 0 0 141
11 0 34 5.5 -2 0 0 338
11 0 35 0 -10 0 0 149
11 0 36 0 -10 0 0 144
11 0 37 4.9081 0.489584 0.685663 0.0929347 258
11 0 38 0 -10 0 0 192
11 0 39 5.5 -2 0 0 359
11 0 40 0 -10 0 0 170
11 0 41 0 -10 0 0 138
11 0 42 5.5 -2 0 0 280
11 0 43 4.93794 0.418038 0.664602 0.124519 244
11 0 44 0 -10 0 0 137
11 0 45 5.5 -2 0 0 231
11 0 46 5.5 -2 0 0 411
11 0 47 5.5 -2 0 0 221
11 0 48 0 -10 0 0 185
11 0 49 5.5 -2 0 0 226
11 0 50 0 -10 0 0 187
11 0 51 5.5 -2 0 0 622
11 0 52 5.5 -2 0 0 326
11 0 53 5.5 -2 0 0 243
11 0 54 5.5 -2 0 0 243
11 0 55 5.5 -2 0 0 394
11 0 56 5.5 -2 0 0 326
11 0 57 5.5 -2 0 0 483
11 0 58 5.5 -2 0 0 281
11 0 59 5.5 -2 0 0 446
11 0 60 5.5 -2 0 0 218
11 0 61 5.5 -2 0 0 726
11 0 62 5.5 -2 0 0 586
11 0 63 5.5 -2 0 0 344
11 1 0 5.5 -2 0 0 490
11 1 1 5.5 -2 0 0 550
11 1 2 5.5 -2 0 0 640
11 1 3 5.28967 0.424413 0.873503 0.211407 562
11 1 4 5.5 -2 0 0 357
11 1 5 4.60938 0.375653 0.841335 0.130571 476
11 1 6 5.5 -2 0 0 774
11 1 7 5.03193 0.460092 0.663758 0.149359 668
11 1 8 5.5 -2 0 0 333
11 1 9 4.61017 0.362481 0.957408 0.112159 637
11 1 10 4.87799 0.341526 0.853379 0.0931534 625
11 1 11 5.5 -2 0 0 375
11 1 12 4.98422 0.42353 1.03286 0.0769732 417
11 1 13 5.5 -2 0 0 345
11 1 14 4.60905 0.407451 0.847158 0.0747135 421
11 1 15 4.97048 0.422124 0.954527 0.0462505 357
11 1 16 4.95533 0.417327 0.920996 0.0405815 947
11 1 17 4.78804 0.463851 1.03917 0.0617205 342
11 1 18 5.5 -2 0 0 381
11 1 19 5.5 -2 0 0 412
11 1 20 4.89439 0.403213 1.07242 0.167589 282
11 1 21 4.79953 0.447556 0.726367 0.0790322 657
11 1 22 4.92673 0.467172 0.818559 0.174263 455
11 1 23 5.5 -2 0 0 209
11 1 24 4.94779 0.426515 0.867037 0.156974 401
11 1 25 4.90231 0.40878 0.444956 0.292114 271
11 1 26 5.32962 0.487014 0.746398 0.0942761 343
11 1 27 4.81575 0.458786 0.721756 0.139969 271
11 1 28 5.5 -2 0 0 292
11 1 29 5.92811 0.390162 0.832983 0.0919159 253
11 1 30 5.46821 0.411182 1.02153 0.272321 286
11 1 31 5.5 -2 0 0 241
11 1 32 4.75036 0.372695 0.891419 0.273581 254
11 1 33 4.72439 -3 0 0 199
11 1 34 5.53513 0.538 0.644199 0.168121 240
11 1 35 4.72439 -3 0 0 191
11 1 36 5.10458 0.488564 1.05828 0.102985 210
11 1 37 5.5 -2 0 0 217
11 1 38 4.72439 -3 0 0 129
11 1 39 4.72439 -3 0 0 129
11 1 40 4.72439 -3 0 0 167
11 1 41 4.72439 -3 0 0 183
11 1 42 4.72439 -3 0 0 170
11 1 43 4.72439 -3 0 0 190
11 1 44 4.72439 -3 0 0 142
11 1 45 4.72439 -3 0 0 173
11 1 46 5.5 -2 0 0 246
11 1 47 4.72439 -3 0 0 156
11 1 48 4.72439 -3 0 0 191
11 1 49 4.72439 -3 0 0 161
11 1 50 4.72439 -3 0 0 113
11 1 51 4.72439 -3 0 0 86
11 1 52 4.72439 -3 0 0 136
11 1 53 4.72439 -3 0 0 96
11 1 54 4.72439 -3 0 0 117
11 1 55 4.72439 -3 0 0 114
11 1 56 4.72439 -3 0 0 135
11 1 57 4.72439 -3 0 0 106
11 1 58 4.72439 -3 0 0 166
11 1 59 4.72439 -3 0 0 155
11 1 60 4.72439 -3 0 0 129
11 1 61 4.72439 -3 0 0 120
11 1 62 4.72439 -3 0 0 124
11 1 63 4.72439 -3 0 0 140
11 2 0 5.5 -2 0 0 457
11 2 1 5.5 -2 0 0 395
11 2 2 5.5 -2 0 0 367
11 2 3 1.5 -2 0 0 244
11 2 4 5.5 -2 0 0 318
11 2 5 5.5 -2 0 0 301
11 2 6 5.5 -2 0 0 294
11 2 7 0 -10 0 0 95
11 2 8 5.5 -2 0 0 382
11 2 9 5.5 -2 0 0 227
11 2 10 0 -10 0 0 139
11 2 11 5.5 -2 0 0 374
11 2 12 5.5 -2 0 0 288
11 2 13 0 -10 0 0 151
11 2 14 5.5 -2 0 0 677
11 2 15 5.5 -2 0 0 232
11 2 16 0 -10 0 0 169
11 2 17 5.5 -2 0 0 538
11 2 18 5.5 -2 0 0 226
11 2 19 0 -10 0 0 144
11 2 20 5.5 -2 0 0 356
11 2 21 5.5 -2 0 0 266
11 2 22 0 -10 0 0 160
11 2 23 5.5 -2 0 0 401
11 2 24 5.5 -2 0 0 446
11 2 25 0 -10 0 0 92
11 2 26 5.5 -2 0 0 809
11 2 27 5.5 -2 0 0 244
11 2 28 0 -10 0 0 180
11 2 29 5.5 -2 0 0 538
11 2 30 5.5 -2 0 0 248
11 2 31 0 -10 0 0 168
11 2 32 5.5 -2 0 0 225
11 2 33 0 -10 0 0 184
11 2 34 5.5 -2 0 0 900
11 2 35 0 -10 0 0 159
11 2 36 5.5 -2 0 0 312
11 2 37 5.5 -2 0 0 480
11 2 38 5.5 -2 0 0 214
11 2 39 5.5 -2 0 0 490
11 2 40 5.5 -2 0 0 404
11 2 41 5.5 -2 0 0 205
11 2 42 5.5 -2 0 0 473
11 2 43 5.5 -2 0 0 677
11 2 44 5.5 -2 0 0 204
11 2 45 5.5 -2 0 0 286
11 2 46 5.5 -2 0 0 876
11 2 47 5.5 -2 0 0 252
11 2 48 5.5 -2 0 0 358
11 2 49 5.5 -2 0 0 653
11 2 50 5.5 -2 0 0 264
11 2 51 0 -10 0 0 0
11 2 52 5.5 -2 0 0 795
11 2 53 5.5 -2 0 0 292
11 2 54 5.5 -2 0 0 404
11 2 55 5.5 -2 0 0 1039
11 2 56 0 -10 0 0 0
11 2 57 5.5 -2 0 0 957
11 2 58 1.5 -2 0 0 528
11 2 59 5.5 -2 0 0 1142
11 2 60 5.5 -2 0 0 406
11 2 61 0 -10 0 0 0
11 2 62 5.5 -2 0 0 1191
11 2 63 5.5 -2 0 0 651
11 3 0 5.5 -2 0 0 631
11 3 1 5.5 -2 0 0 720
11 3 2 5.5 -2 0 0 544
11 3 3 5.5 -2 0 0 684
11 3 4 5.5 -2 0 0 480
11 3 5 5.5 -2 0 0 664
11 3 6 4.62701 0.338508 0.643584 0.0897238 589
11 3 7 5.5 -2 0 0 947
11 3 8 5.5 -2 0 0 372
11 3 9 5.5 -2 0 0 894
11 3 10 4.93773 0.27701 0.708399 0.177252 881
11 3 11 5.5 -2 0 0 337
11 3 12 4.98928 0.350651 0.614076 0.160647 540
11 3 13 4.5919 0.366037 0.702432 0.115728 530
11 3 14 4.68796 0.456437 0.810676 0.079414 579
11 3 15 4.72867 0.290328 0.773758 0.160351 548
11 3 16 5.23517 0.273976 0.886855 0.0384499 1301
11 3 17 5.5 -2 0 0 347
11 3 18 4.91578 0.354072 0.953192 0.150703 440
11 3 19 4.98905 0.31928 0.863597 0.120662 743
11 3 20 4.91981 0.426198 1.01087 0.265257 350
11 3 21 4.67965 0.331494 0.807738 0.0431841 908
11 3 22 4.97689 0.356203 0.758161 0.129422 636
11 3 23 5.43368 0.336577 0.878893 0.0189268 293
11 3 24 4.99254 0.478077 0.451877 0.401296 541
11 3 25 5.63748 0.512883 0.916853 0.206221 801
11 3 26 4.86112 0.416162 0.754122 0.182207 297
11 3 27 5.29588 0.366125 0.719118 0.117308 431
11 3 28 5.58617 0.537375 0.21329 0.666784 331
11 3 29 5.46993 0.307705 0.628727 0.0217102 307
11 3 30 5.5 -2 0 0 257
11 3 31 5.42552 0.306922 0.650528 0.0976988 563
11 3 32 4.88031 0.383951 0.82101 0.114813 469
11 3 33 5.22469 0.327059 0.681652 0.111247 356
11 3 34 5.11892 0.475479 0.650115 0.162994 274
11 3 35 5.34243 0.310767 0.794793 0.100541 543
11 3 36 5.26942 0.520868 0.610125 0.335822 337
11 3 37 5.0286 0.369847 0.833873 0.0337356 281
11 3 38 4.82043 0.379398 0.703812 0.146007 392
11 3 39 5.45361 0.413676 0.640068 0.386854 281
11 3 40 4.77162 0.31734 0.752502 0.510286 250
11 3 41 4.97084 0.383319 0.874817 0.338381 430
11 3 42 4.67386 0.467048 0.738367 0.0700152 279
11 3 43 5.04921 0.441678 0.656325 0.191194 253
11 3 44 4.93967 0.38535 0.857775 0.235474 265
11 3 45 5.5 -2 0 0 352
11 3 46 5.36252 0.397884 0.63611 0.170409 307
11 3 47 4.79267 0.396902 0.82116 0.0871826 331
11 3 48 5.5 -2 0 0 415
11 3 49 4.93059 0.435463 0.491867 0.39707 275
11 3 50 5.5 -2 0 0 298
11 3 51 4.93935 0.45234 0.489839 0.264538 242
11 3 52 5.5 -2 0 0 280
11 3 53 5.5 -2 0 0 337
11 3 54 5.5 -2 0 0 239
11 3 55 5.5 -2 0 0 276
11 3 56 5.5 -2 0 0 341
11 3 57 5.5 -2 0 0 233
11 3 58 5.5 -2 0 0 245
11 3 59 5.5 -2 0 0 283
11 3 60 5.5 -2 0 0 292
11 3 61 5.5 -2 0 0 247
11 3 62 4.6613 -3 0 0 185
11 3 63 5.5 -2 0 0 229
11 4 0 4.60264 0.416265 0.960066 0.0536303 1584
11 4 1 5.5 -2 0 0 1012
11 4 2 5.5 -2 0 0 638
11 4 3 5.5 -2 0 0 243
11 4 4 5.5 -2 0 0 437
11 4 5 5.5 -2 0 0 384
11 4 6 5.5 -2 0 0 500
11 4 7 0 -10 0 0 171
11 4 8 5.5 -2 0 0 671
11 4 9 5.5 -2 0 0 360
11 4 10 5.5 -2 0 0 303
11 4 11 5.5 -2 0 0 552
11 4 12 5.5 -2 0 0 334
11 4 13 0 -10 0 0 159
11 4 14 5.5 -2 0 0 1380
11 4 15 5.5 -2 0 0 292
11 4 16 0 -10 0 0 171
11 4 17 5.5 -2 0 0 786
11 4 18 5.5 -2 0 0 338
11 4 19 0 -10 0 0 162
11 4 20 5.5 -2 0 0 356
11 4 21 5.5 -2 0 0 460
11 4 22 0 -10 0 0 200
11 4 23 5.5 -2 0 0 434
11 4 24 5.5 -2 0 0 701
11 4 25 0 -10 0 0 135
11 4 26 5.5 -2 0 0 1237
11 4 27 5.5 -2 0 0 205
11 4 28 0 -10 0 0 143
11 4 29 4.6188 0.384003 0.854552 0.0934599 759
11 4 30 5.5 -2 0 0 241
11 4 31 0 -10 0 0 178
11 4 32 5.5 -2 0 0 201
11 4 33 5.5 -2 0 0 209
11 4 34 5.5 -2 0 0 846
11 4 35 0 -10 0 0 167
11 4 36 5.5 -2 0 0 230
11 4 37 4.67098 0.338874 0.617481 0.223728 447
11 4 38 0 -10 0 0 132
11 4 39 5.5 -2 0 0 232
11 4 40 5.5 -2 0 0 333
11 4 41 0 -10 0 0 191
11 4 42 5.5 -2 0 0 307
11 4 43 4.70406 0.334747 0.781507 0.0909147 511
11 4 44 0 -10 0 0 145
11 4 45 0 -10 0 0 195
11 4 46 5.5 -2 0 0 883
11 4 47 0 -10 0 0 136
11 4 48 5.5 -2 0 0 251
11 4 49 5.5 -2 0 0 358
11 4 50 5.5 -2 0 0 205
11 4 51 5.5 -2 0 0 366
11 4 52 5.5 -2 0 0 524
11 4 53 0 -10 0 0 161
11 4 54 5.5 -2 0 0 228
11 4 55 5.5 -2 0 0 391
11 4 56 5.5 -2 0 0 313
11 4 57 5.5 -2 0 0 363
11 4 58 5.5 -2 0 0 314
11 4 59 5.5 -2 0 0 663
11 4 60 0 -10 0 0 195
11 4 61 5.5 -2 0 0 445
11 4 62 5.5 -2 0 0 505
11 4 63 5.5 -2 0 0 373
11 5 0 5.5 -2 0 0 227
11 5 1 5.5 -2 0 0 205
11 5 2 5.5 -2 0 0 342
11 5 3 5.5 -2 0 0 288
11 5 4 5.5 -2 0 0 278
11 5 5 5.5 -2 0 0 327
11 5 6 5.5 -2 0 0 345
11 5 7 5.5 -2 0 0 491
11 5 8 5.5 -2 0 0 266
11 5 9 5.5 -2 0 0 343
11 5 10 5.5 -2 0 0 414
11 5 11 5.5 -2 0 0 386
11 5 12 5.5 -2 0 0 400
11 5 13 5.5 -2 0 0 447
11 5 14 5.5 -2 0 0 250
11 5 15 5.5 -2 0 0 407
11 5 16 5.5 -2 0 0 300
11 5 17 5.5 -2 0 0 394
11 5 18 5.5 -2 0 0 359
11 5 19 5.5 -2 0 0 609
11 5 20 5.5 -2 0 0 455
11 5 21 5.5 -2 0 0 417
11 5 22 5.5 -2 0 0 340
11 5 23 5.5 -2 0 0 314
11 5 24 5.5 -2 0 0 268
11 5 25 4.64846 0.311516 0.764223 0.10728 719
11 5 26 5.5 -2 0 0 294
11 5 27 5.5 -2 0 0 376
11 5 28 5.5 -2 0 0 374
11 5 29 5.5 -2 0 0 287
11 5 30 5.5 -2 0 0 396
11 5 31 5.5 -2 0 0 755
11 5 32 5.5 -2 0 0 629
11 5 33 5.5 -2 0 0 458
11 5 34 5.5 -2 0 0 387
11 5 35 5.5 -2 0 0 661
11 5 36 5.5 -2 0 0 396
11 5 37 5.5 -2 0 0 408
11 5 38 5.5 -2 0 0 1133
11 5 39 5.5 -2 0 0 1048
11 5 40 5.5 -2 0 0 462
11 5 41 5.5 -2 0 0 880
11 5 42 5.5 -2 0 0 366
11 5 43 5.5 -2 0 0 507
11 5 44 5.5 -2 0 0 594
11 5 45 5.5 -2 0 0 455
11 5 46 5.5 -2 0 0 399
11 5 47 5.5 -2 0 0 1322
11 5 48 5.5 -2 0 0 558
11 5 49 5.5 -2 0 0 326
11 5 50 5.5 -2 0 0 794
11 5 51 5.5 -2 0 0 772
11 5 52 5.5 -2 0 0 364
11 5 53 5.5 -2 0 0 1166
11 5 54 5.5 -2 0 0 551
11 5 55 5.5 -2 0 0 560
11 5 56 5.5 -2 0 0 906
11 5 57 1.5 -2 0 0 738
11 5 58 1.5 -2 0 0 670
11 5 59 5.5 -2 0 0 482
11 5 60 1.5 -2 0 0 888
11 5 61 1.5 -2 0 0 572
11 5 62 1.5 -2 0 0 408
11 5 63 1.5 -2 0 0 609
11 6 0 5.5 -2 0 0 712
11 6 1 5.5 -2 0 0 578
11 6 2 5.5 -2 0 0 486
11 6 3 0 -10 0 0 175
11 6 4 4.62177 0.432709 0.687788 0.0724293 260
11 6 5 5.5 -2 0 0 280
11 6 6 5.5 -2 0 0 347
11 6 7 0 -10 0 0 105
11 6 8 5.5 -2 0 0 410
11 6 9 5.5 -2 0 0 277
11 6 10 0 -10 0 0 142
11 6 11 5.5 -2 0 0 297
11 6 12 4.58733 0.426555 0.659938 0.219588 279
11 6 13 0 -10 0 0 125
11 6 14 5.5 -2 0 0 570
11 6 15 0 -10 0 0 147
11 6 16 0 -10 0 0 177
11 6 17 4.85348 0.39256 0.82994 0.0555807 357
11 6 18 0 -10 0 0 164
11 6 19 0 -10 0 0 147
11 6 20 5.5 -2 0 0 217
11 6 21 5.5 -2 0 0 282
11 6 22 0 -10 0 0 183
11 6 23 5.5 -2 0 0 208
11 6 24 5.5 -2 0 0 423
11 6 25 0 -10 0 0 108
11 6 26 5.5 -2 0 0 408
11 6 27 0 -10 0 0 162
11 6 28 0 -10 0 0 88
11 6 29 5.5 -2 0 0 288
11 6 30 0 -10 0 0 143
11 6 31 0 -10 0 0 128
11 6 32 0 -10 0 0 118
11 6 33 0 -10 0 0 107
11 6 34 5.44695 0.426299 0.708714 0.0801773 371
11 6 35 0 -10 0 0 91
11 6 36 0 -10 0 0 132
11 6 37 0 -10 0 0 191
11 6 38 0 -10 0 0 70
11 6 39 0 -10 0 0 116
11 6 40 0 -10 0 0 167
11 6 41 0 -10 0 0 71
11 6 42 0 -10 0 0 140
11 6 43 5.5 -2 0 0 236
11 6 44 0 -10 0 0 83
11 6 45 0 -10 0 0 111
11 6 46 5.5 -2 0 0 318
11 6 47 0 -10 0 0 78
11 6 48 0 -10 0 0 111
11 6 49 0 -10 0 0 110
11 6 50 0 -10 0 0 91
11 6 51 0 -10 0 0 168
11 6 52 0 -10 0 0 186
11 6 53 0 -10 0 0 70
11 6 54 0 -10 0 0 112
11 6 55 0 -10 0 0 155
11 6 56 0 -10 0 0 111
11 6 57 0 -10 0 0 121
11 6 58 0 -10 0 0 115
11 6 59 5.5 -2 0 0 213
11 6 60 0 -10 0 0 107
11 6 61 0 -10 0 0 171
11 6 62 0 -10 0 0 144
11 6 63 0 -10 0 0 132
11 7 0 0 -10 0 0 137
11 7 1 0 -10 0 0 129
11 7 2 0 -10 0 0 98
11 7 3 0 -10 0 0 165
11 7 4 5.5 -2 0 0 214
11 7 5 0 -10 0 0 150
11 7 6 0 -10 0 0 135
11 7 7 0 -10 0 0 158
11 7 8 0 -10 0 0 141
11 7 9 0 -10 0 0 132
11 7 10 0 -10 0 0 136
11 7 11 0 -10 0 0 149
11 7 12 0 -10 0 0 117
11 7 13 0 -10 0 0 168
11 7 14 0 -10 0 0 122
11 7 15 0 -10 0 0 181
11 7 16 0 -10 0 0 130
11 7 17 0 -10 0 0 163
11 7 18 0 -10 0 0 162
11 7 19 0 -10 0 0 172
11 7 20 5.5 -2 0 0 250
11 7 21 0 -10 0 0 135
11 7 22 0 -10 0 0 136
11 7 23 5.5 -2 0 0 219
11 7 24 0 -10 0 0 144
11 7 25 5.5 -2 0 0 235
11 7 26 0 -10 0 0 191
11 7 27 5.18645 0.401132 0.67971 0.338514 260
11 7 28 5.5 -2 0 0 213
11 7 29 0 -10 0 0 194
11 7 30 5.5 -2 0 0 259
11 7 31 4.63367 0.381019 0.876986 0.0777509 431
11 7 32 5.5 -2 0 0 318
11 7 33 5.5 -2 0 0 346
11 7 34 5.5 -2 0 0 214
11 7 35 4.66777 0.371114 0.851937 0.104282 541
11 7 36 5.5 -2 0 0 366
11 7 37 4.74105 0.404894 0.775084 0.132226 308
11 7 38 5.5 -2 0 0 602
11 7 39 5.5 -2 0 0 872
11 7 40 5.5 -2 0 0 259
11 7 41 5.5 -2 0 0 394
11 7 42 4.69834 0.391732 0.58052 0.170817 415
11 7 43 5.5 -2 0 0 273
11 7 44 5.5 -2 0 0 695
11 7 45 5.5 -2 0 0 487
11 7 46 5.5 -2 0 0 298
11 7 47 5.5 -2 0 0 1097
11 7 48 5.5 -2 0 0 435
11 7 49 5.5 -2 0 0 419
11 7 50 5.5 -2 0 0 469
11 7 51 5.5 -2 0 0 589
11 7 52 5.5 -2 0 0 305
11 7 53 5.5 -2 0 0 756
11 7 54 5.5 -2 0 0 509
11 7 55 5.5 -2 0 0 425
11 7 56 5.5 -2 0 0 910
11 7 57 5.5 -2 0 0 745
11 7 58 5.5 -2 0 0 570
11 7 59 5.5 -2 0 0 298
11 7 60 5.5 -2 0 0 842
11 7 61 5.5 -2 0 0 543
11 7 62 5.5 -2 0 0 379
11 7 63 1.5 -2 0 0 541
11 8 0 0 -10 0 0 109
11 8 1 0 -10 0 0 93
11 8 2 0 -10 0 0 115
11 8 3 0 -10 0 0 125
11 8 4 0 -10 0 0 150
11 8 5 0 -10 0 0 117
11 8 6 0 -10 0 0 128
11 8 7 5.5 -2 0 0 211
11 8 8 0 -10 0 0 134
11 8 9 0 -10 0 0 147
11 8 10 0 -10 0 0 154
11 8 11 0 -10 0 0 149
11 8 12 0 -10 0 0 97
11 8 13 5.5 -2 0 0 222
11 8 14 0 -10 0 0 101
11 8 15 5.5 -2 0 0 208
11 8 16 0 -10 0 0 183
11 8 17 0 -10 0 0 130
11 8 18 0 -10 0 0 148
11 8 19 5.5 -2 0 0 216
11 8 20 0 -10 0 0 185
11 8 21 0 -10 0 0 133
11 8 22 0 -10 0 0 180
11 8 23 0 -10 0 0 176
11 8 24 0 -10 0 0 132
11 8 25 5.5 -2 0 0 251
11 8 26 0 -10 0 0 167
11 8 27 5.5 -2 0 0 243
11 8 28 5.5 -2 0 0 239
11 8 29 0 -10 0 0 185
11 8 30 5.5 -2 0 0 205
11 8 31 5.5 -2 0 0 363
11 8 32 5.5 -2 0 0 317
11 8 33 4.75892 0.456646 0.973823 0.0546815 263
11 8 34 0 -10 0 0 143
11 8 35 4.71637 0.341976 0.698268 0.123833 387
11 8 36 4.67247 0.453521 0.517026 0.517313 230
11 8 37 0 -10 0 0 162
11 8 38 5.5 -2 0 0 760
11 8 39 5.5 -2 0 0 551
11 8 40 0 -10 0 0 197
11 8 41 5.5 -2 0 0 368
11 8 42 5.5 -2 0 0 228
11 8 43 0 -10 0 0 173
11 8 44 5.5 -2 0 0 471
11 8 45 5.5 -2 0 0 404
11 8 46 5.5 -2 0 0 204
11 8 47 5.5 -2 0 0 1104
11 8 48 5.5 -2 0 0 272
11 8 49 5.5 -2 0 0 319
11 8 50 5.5 -2 0 0 526
11 8 51 5.5 -2 0 0 330
11 8 52 0 -10 0 0 189
11 8 53 5.5 -2 0 0 499
11 8 54 5.5 -2 0 0 439
11 8 55 5.5 -2 0 0 246
11 8 56 5.5 -2 0 0 453
11 8 57 5.5 -2 0 0 405
11 8 58 5.5 -2 0 0 318
11 8 59 5.5 -2 0 0 222
11 8 60 1.5 -2 0 0 834
11 8 61 5.5 -2 0 0 272
11 8 62 1.5 -2 0 0 250
11 8 63 5.5 -2 0 0 307
11 9 0 5.5 -2 0 0 474
11 9 1 5.5 -2 0 0 291
11 9 2 5.5 -2 0 0 222
11 9 3 0 -10 0 0 119
11 9 4 0 -10 0 0 119
11 9 5 0 -10 0 0 172
11 9 6 5.5 -2 0 0 246
11 9 7 0 -10 0 0 96
11 9 8 0 -10 0 0 163
11 9 9 0 -10 0 0 146
11 9 10 0 -10 0 0 94
11 9 11 0 -10 0 0 158
11 9 12 0 -10 0 0 125
11 9 13 0 -10 0 0 83
11 9 14 5.5 -2 0 0 286
11 9 15 0 -10 0 0 85
11 9 16 0 -10 0 0 73
11 9 17 5.5 -2 0 0 225
11 9 18 0 -10 0 0 121
11 9 19 0 -10 0 0 66
11 9 20 0 -10 0 0 124
11 9 21 0 -10 0 0 137
11 9 22 0 -10 0 0 109
11 9 23 0 -10 0 0 120
11 9 24 5.5 -2 0 0 233
11 9 25 0 -10 0 0 77
11 9 26 5.5 -2 0 0 249
11 9 27 0 -10 0 0 58
11 9 28 0 -10 0 0 92
11 9 29 0 -10 0 0 140
11 9 30 0 -10 0 0 93
11 9 31 0 -10 0 0 72
11 9 32 0 -10 0 0 50
11 9 33 0 -10 0 0 59
11 9 34 5.5 -2 0 0 226
11 9 35 0 -10 0 0 52
11 9 36 0 -10 0 0 74
11 9 37 0 -10 0 0 84
11 9 38 0 -10 0 0 44
11 9 39 0 -10 0 0 81
11 9 40 0 -10 0 0 75
11 9 41 0 -10 0 0 45
11 9 42 0 -10 0 0 89
11 9 43 0 -10 0 0 138
11 9 44 0 -10 0 0 54
11 9 45 0 -10 0 0 42
11 9 46 0 -10 0 0 180
11 9 47 0 -10 0 0 54
11 9 48 0 -10 0 0 79
11 9 49 0 -10 0 0 101
11 9 50 0 -10 0 0 62
11 9 51 0 -10 0 0 89
11 9 52 0 -10 0 0 137
11 9 53 0 -10 0 0 48
11 9 54 0 -10 0 0 71
11 9 55 0 -10 0 0 122
11 9 56 0 -10 0 0 84
11 9 57 0 -10 0 0 95
11 9 58 0 -10 0 0 88
11 9 59 0 -10 0 0 158
11 9 60 0 -10 0 0 47
11 9 61 0 -10 0 0 122
11 9 62 0 -10 0 0 148
11 9 63 0 -10 0 0 89
11 10 0 0 -10 0 0 180
11 10 1 0 -10 0 0 182
11 10 2 5.5 -2 0 0 204
11 10 3 5.5 -2 0 0 361
11 10 4 5.5 -2 0 0 353
11 10 5 5.5 -2 0 0 293
11 10 6 5.5 -2 0 0 241
11 10 7 5.5 -2 0 0 687
11 10 8 0 -10 0 0 181
11 10 9 5.5 -2 0 0 302
11 10 10 5.5 -2 0 0 322
11 10 11 5.5 -2 0 0 250
11 10 12 5.5 -2 0 0 360
11 10 13 5.5 -2 0 0 585
11 10 14 5.5 -2 0 0 216
11 10 15 5.5 -2 0 0 345
11 10 16 5.5 -2 0 0 376
11 10 17 5.5 -2 0 0 248
11 10 18 5.5 -2 0 0 405
11 10 19 5.5 -2 0 0 526
11 10 20 5.5 -2 0 0 383
11 10 21 5.5 -2 0 0 258
11 10 22 5.5 -2 0 0 438
11 10 23 5.5 -2 0 0 311
11 10 24 0 -10 0 0 199
11 10 25 5.5 -2 0 0 719
11 10 26 5.5 -2 0 0 252
11 10 27 4.61671 0.373515 0.725377 0.0888872 431
11 10 28 4.84646 0.307898 0.762482 0.104881 454
11 10 29 5.5 -2 0 0 280
11 10 30 4.82048 0.310617 0.674101 0.421247 422
11 10 31 5.5 -2 0 0 1017
11 10 32 5.5 -2 0 0 785
11 10 33 4.89661 0.331935 0.651993 0.172736 527
11 10 34 5.10623 0.480691 0.802927 0.19652 252
11 10 35 5.11274 0.341199 0.837876 0.136176 1446
11 10 36 5.5 -2 0 0 442
11 10 37 5.5 -2 0 0 284
11 10 38 5.5 -2 0 0 1515
11 10 39 5.5 -2 0 0 863
11 10 40 5.5 -2 0 0 328
11 10 41 5.5 -2 0 0 673
11 10 42 5.5 -2 0 0 418
11 10 43 5.5 -2 0 0 298
11 10 44 5.5 -2 0 0 1044
11 10 45 5.5 -2 0 0 785
11 10 46 4.58713 0.416611 0.878575 0.0709892 239
11 10 47 5.5 -2 0 0 1872
11 10 48 5.5 -2 0 0 436
11 10 49 5.5 -2 0 0 320
11 10 50 5.5 -2 0 0 798
11 10 51 5.5 -2 0 0 471
11 10 52 5.5 -2 0 0 345
11 10 53 5.5 -2 0 0 1377
11 10 54 5.5 -2 0 0 622
11 10 55 5.5 -2 0 0 382
11 10 56 5.5 -2 0 0 629
11 10 57 5.5 -2 0 0 509
11 10 58 5.5 -2 0 0 501
11 10 59 5.5 -2 0 0 217
11 10 60 5.5 -2 0 0 1048
11 10 61 5.5 -2 0 0 443
11 10 62 5.5 -2 0 0 321
11 10 63 5.5 -2 0 0 372
11 11 0 5.5 -2 0 0 788
11 11 1 5.5 -2 0 0 426
11 11 2 5.5 -2 0 0 417
11 11 3 4.59007 -3 0 0 169
11 11 4 4.86216 0.457618 0.724181 0.024024 235
11 11 5 5.5 -2 0 0 278
11 11 6 5.5 -2 0 0 322
11 11 7 4.59007 -3 0 0 110
11 11 8 5.5 -2 0 0 278
11 11 9 4.59007 -3 0 0 195
11 11 10 4.59007 -3 0 0 195
11 11 11 5.5 -2 0 0 302
11 11 12 5.5 -2 0 0 291
11 11 13 4.59007 -3 0 0 166
11 11 14 5.06643 0.394345 0.686298 0.144185 666
11 11 15 4.59007 -3 0 0 175
11 11 16 4.59007 -3 0 0 108
11 11 17 5.5 -2 0 0 405
11 11 18 5.5 -2 0 0 205
11 11 19 4.59007 -3 0 0 134
11 11 20 5.16678 0.432824 0.766039 0.19208 253
11 11 21 5.5 -2 0 0 247
11 11 22 4.59007 -3 0 0 107
11 11 23 4.72563 0.429327 0.838829 0.0692408 350
11 11 24 4.61357 0.405264 0.91847 0.0300735 482
11 11 25 4.59007 -3 0 0 142
11 11 26 5.40597 0.439671 0.756696 0.0723609 656
11 11 27 4.59007 -3 0 0 171
11 11 28 4.59007 -3 0 0 103
11 11 29 5.5 -2 0 0 432
11 11 30 4.59007 -3 0 0 161
11 11 31 4.59007 -3 0 0 118
11 11 32 4.59007 -3 0 0 115
11 11 33 4.59007 -3 0 0 164
11 11 34 5.31274 0.397217 0.909084 0.0787125 618
11 11 35 4.59007 -3 0 0 91
11 11 36 4.59007 -3 0 0 161
11 11 37 4.97521 0.366868 0.780067 0.07016 248
11 11 38 4.59007 -3 0 0 132
11 11 39 4.59007 -3 0 0 113
11 11 40 5.5 -2 0 0 207
11 11 41 4.59007 -3 0 0 104
11 11 42 4.59007 -3 0 0 193
11 11 43 5.42777 0.502573 0.788739 0.187489 387
11 11 44 4.59007 -3 0 0 125
11 11 45 4.59007 -3 0 0 142
11 11 46 4.91527 0.407354 0.828572 0.0469811 552
11 11 47 4.59007 -3 0 0 115
11 11 48 4.59007 -3 0 0 153
11 11 49 5.5 -2 0 0 255
11 11 50 4.59007 -3 0 0 108
11 11 51 5.5 -2 0 0 340
11 11 52 5.5 -2 0 0 346
11 11 53 4.59007 -3 0 0 73
11 11 54 4.59007 -3 0 0 175
11 11 55 5.5 -2 0 0 306
11 11 56 4.59007 -3 0 0 148
11 11 57 5.5 -2 0 0 223
11 11 58 5.5 -2 0 0 231
11 11 59 5.5 -2 0 0 533
11 11 60 4.59007 -3 0 0 92
11 11 61 5.5 -2 0 0 349
11 11 62 1.5 -2 0 0 470
11 11 63 5.5 -2 0 0 217
11 12 0 5.5 -2 0 0 418
11 12 1 5.5 -2 0 0 445
11 12 2 5.5 -2 0 0 551
11 12 3 5.5 -2 0 0 830
11 12 4 5.5 -2 0 0 371
11 12 5 5.5 -2 0 0 483
11 12 6 5.5 -2 0 0 617
11 12 7 5.5 -2 0 0 1514
11 12 8 5.5 -2 0 0 496
11 12 9 5.5 -2 0 0 1040
11 12 10 5.5 -2 0 0 1349
11 12 11 5.5 -2 0 0 428
11 12 12 5.5 -2 0 0 713
11 12 13 5.5 -2 0 0 697
11 12 14 5.5 -2 0 0 366
11 12 15 5.5 -2 0 0 803
11 12 16 5.5 -2 0 0 1771
11 12 17 5.5 -2 0 0 389
11 12 18 5.5 -2 0 0 432
11 12 19 5.5 -2 0 0 1075
11 12 20 5.5 -2 0 0 373
11 12 21 4.76261 0.274554 0.822868 0.0579742 664
11 12 22 5.5 -2 0 0 935
11 12 23 5.5 -2 0 0 301
11 12 24 5.5 -2 0 0 311
11 12 25 5.5 -2 0 0 1269
11 12 26 5.5 -2 0 0 283
11 12 27 5.5 -2 0 0 517
11 12 28 5.5 -2 0 0 658
11 12 29 5.5 -2 0 0 255
11 12 30 4.73538 0.405907 0.879138 0.227255 495
11 12 31 5.5 -2 0 0 776
11 12 32 5.5 -2 0 0 651
11 12 33 5.5 -2 0 0 518
11 12 34 5.5 -2 0 0 241
11 12 35 4.64635 0.286209 0.765895 0.172557 883
11 12 36 5.5 -2 0 0 365
11 12 37 5.5 -2 0 0 263
11 12 38 5.06232 0.377096 0.643379 0.235486 520
11 12 39 5.5 -2 0 0 312
11 12 40 5.5 -2 0 0 323
11 12 41 5.5 -2 0 0 522
11 12 42 5.5 -2 0 0 286
11 12 43 5.5 -2 0 0 264
11 12 44 5.5 -2 0 0 591
11 12 45 5.5 -2 0 0 434
11 12 46 5.5 -2 0 0 249
11 12 47 5.5 -2 0 0 513
11 12 48 5.5 -2 0 0 383
11 12 49 5.5 -2 0 0 317
11 12 50 5.5 -2 0 0 440
11 12 51 0 -10 0 0 159
11 12 52 5.5 -2 0 0 233
11 12 53 5.5 -2 0 0 421
11 12 54 5.5 -2 0 0 323
11 12 55 0 -10 0 0 169
11 12 56 5.5 -2 0 0 278
11 12 57 5.5 -2 0 0 236
11 12 58 5.5 -2 0 0 281
11 12 59 1.5 -2 0 0 219
11 12 60 1.5 -2 0 0 401
11 12 61 0 -10 0 0 139
11 12 62 0 -10 0 0 175
11 12 63 0 -10 0 0 177
11 13 0 4.60157 0.441801 0.719696 0.140549 350
11 13 1 5.00098 0.442908 0.780844 0.116015 274
11 13 2 5.5 -2 0 0 223
11 13 3 4.97365 -3 0 0 137
11 13 4 5.5 -2 0 0 217
11 13 5 4.97365 -3 0 0 195
11 13 6 4.97365 -3 0 0 193
11 13 7 4.97365 -3 0 0 81
11 13 8 5.5 -2 0 0 262
11 13 9 4.97365 -3 0 0 141
11 13 10 4.97365 -3 0 0 99
11 13 11 5.5 -2 0 0 215
11 13 12 4.97365 -3 0 0 181
11 13 13 4.97365 -3 0 0 114
11 13 14 5.09199 0.426076 0.67015 0.341589 348
11 13 15 4.97365 -3 0 0 133
11 13 16 4.97365 -3 0 0 108
11 13 17 5.5 -2 0 0 316
11 13 18 4.97365 -3 0 0 140
11 13 19 4.97365 -3 0 0 91
11 13 20 4.97365 -3 0 0 164
11 13 21 4.97365 -3 0 0 145
11 13 22 4.97365 -3 0 0 122
11 13 23 5.5 -2 0 0 267
11 13 24 5.58038 0.453825 0.895356 0.15709 249
11 13 25 4.97365 -3 0 0 60
11 13 26 6.25907 0.457559 0.847497 0.0858367 444
11 13 27 4.97365 -3 0 0 123
11 13 28 4.97365 -3 0 0 93
11 13 29 5.28517 0.496196 1.01842 0.122647 363
11 13 30 4.97365 -3 0 0 195
11 13 31 4.97365 -3 0 0 101
11 13 32 4.97365 -3 0 0 121
11 13 33 4.97365 -3 0 0 123
11 13 34 6.0175 0.4364 0.742496 0.0451332 419
11 13 35 4.97365 -3 0 0 134
11 13 36 4.97365 -3 0 0 141
11 13 37 4.9992 0.348481 0.739093 0.114156 298
11 13 38 4.97365 -3 0 0 124
11 13 39 5.5 -2 0 0 202
11 13 40 5.49129 0.449365 0.521543 0.33557 233
11 13 41 4.97365 -3 0 0 131
11 13 42 4.88993 0.40383 0.650302 0.336236 213
11 13 43 5.13112 0.416991 0.953952 0.0515888 386
11 13 44 4.97365 -3 0 0 125
11 13 45 4.97365 -3 0 0 127
11 13 46 5.5 -2 0 0 621
11 13 47 4.97365 -3 0 0 151
11 13 48 5.25585 0.446767 0.898481 0.121551 216
11 13 49 5.5 -2 0 0 273
11 13 50 4.97365 -3 0 0 159
11 13 51 5.5 -2 0 0 478
11 13 52 5.5 -2 0 0 396
11 13 53 4.97365 -3 0 0 169
11 13 54 5.5 -2 0 0 203
11 13 55 5.5 -2 0 0 465
11 13 56 5.5 -2 0 0 291
11 13 57 5.5 -2 0 0 366
11 13 58 5.5 -2 0 0 249
11 13 59 5.5 -2 0 0 611
11 13 60 4.97365 -3 0 0 136
11 13 61 5.5 -2 0 0 696
11 13 62 5.5 -2 0 0 592
11 13 63 5.5 -2 0 0 357
11 14 0 5.5 -2 0 0 390
11 14 1 5.5 -2 0 0 442
11 14 2 5.5 -2 0 0 501
11 14 3 5.5 -2 0 0 550
11 14 4 5.5 -2 0 0 341
11 14 5 4.58731 0.429328 0.826704 0.110802 453
11 14 6 5.5 -2 0 0 510
11 14 7 5.5 -2 0 0 841
11 14 8 5.5 -2 0 0 343
11 14 9 5.5 -2 0 0 832
11 14 10 5.5 -2 0 0 826
11 14 11 5.5 -2 0 0 302
11 14 12 4.63342 0.413024 0.697185 0.174842 406
11 14 13 5.5 -2 0 0 517
11 14 14 5.5 -2 0 0 301
11 14 15 5.5 -2 0 0 377
11 14 16 5.5 -2 0 0 1101
11 14 17 5.5 -2 0 0 230
11 14 18 4.82212 0.349147 0.781854 0.115435 400
11 14 19 5.5 -2 0 0 644
11 14 20 4.88821 0.427327 0.607024 0.159128 262
11 14 21 5.5 -2 0 0 701
11 14 22 5.5 -2 0 0 499
11 14 23 5.5 -2 0 0 207
11 14 24 5.5 -2 0 0 324
11 14 25 5.5 -2 0 0 499
11 14 26 5.5 -2 0 0 234
11 14 27 5.5 -2 0 0 348
11 14 28 5.5 -2 0 0 425
11 14 29 0 -10 0 0 185
11 14 30 4.93272 0.409321 0.793269 0.0989558 317
11 14 31 0 -10 0 0 0
11 14 32 5.5 -2 0 0 233
11 14 33 5.5 -2 0 0 253
11 14 34 0 -10 0 0 200
11 14 35 5.5 -2 0 0 323
11 14 36 5.5 -2 0 0 212
11 14 37 0 -10 0 0 178
11 14 38 5.5 -2 0 0 204
11 14 39 0 -10 0 0 107
11 14 40 4.67637 0.431949 0.714571 0.204693 217
11 14 41 5.5 -2 0 0 239
11 14 42 0 -10 0 0 164
11 14 43 0 -10 0 0 190
11 14 44 0 -10 0 0 194
11 14 45 0 -10 0 0 178
11 14 46 0 -10 0 0 165
11 14 47 0 -10 0 0 194
11 14 48 0 -10 0 0 160
11 14 49 0 -10 0 0 153
11 14 50 0 -10 0 0 172
11 14 51 0 -10 0 0 81
11 14 52 0 -10 0 0 107
11 14 53 0 -10 0 0 159
11 14 54 0 -10 0 0 162
11 14 55 0 -10 0 0 94
11 14 56 0 -10 0 0 150
11 14 57 0 -10 0 0 102
11 14 58 0 -10 0 0 96
11 14 59 0 -10 0 0 124
11 14 60 0 -10 0 0 136
11 14 61 0 -10 0 0 107
11 14 62 0 -10 0 0 92
11 14 63 0 -10 0 0 133
11 15 0 0 -10 0 0 126
11 15 1 0 -10 0 0 98
11 15 2 0 -10 0 0 93
11 15 3 0 -10 0 0 50
11 15 4 0 -10 0 0 85
11 15 5 0 -10 0 0 68
11 15 6 0 -10 0 0 60
11 15 7 0 -10 0 0 59
11 15 8 0 -10 0 0 96
11 15 9 0 -10 0 0 68
11 15 10 0 -10 0 0 60
11 15 11 0 -10 0 0 115
11 15 12 0 -10 0 0 63
11 15 13 0 -10 0 0 46
11 15 14 0 -10 0 0 123
11 15 15 0 -10 0 0 75
11 15 16 0 -10 0 0 40
11 15 17 0 -10 0 0 138
11 15 18 0 -10 0 0 64
11 15 19 0 -10 0 0 61
11 15 20 0 -10 0 0 77
11 15 21 0 -10 0 0 70
11 15 22 0 -10 0 0 63
11 15 23 0 -10 0 0 129
11 15 24 0 -10 0 0 99
11 15 25 0 -10 0 0 64
11 15 26 0 -10 0 0 113
11 15 27 0 -10 0 0 74
11 15 28 0 -10 0 0 79
11 15 29 0 -10 0 0 174
11 15 30 0 -10 0 0 77
11 15 31 0 -10 0 0 66
11 15 32 0 -10 0 0 69
11 15 33 0 -10 0 0 85
11 15 34 0 -10 0 0 157
11 15 35 0 -10 0 0 54
11 15 36 0 -10 0 0 92
11 15 37 0 -10 0 0 128
11 15 38 0 -10 0 0 101
11 15 39 0 -10 0 0 166
11 15 40 0 -10 0 0 121
11 15 41 0 -10 0 0 101
11 15 42 0 -10 0 0 116
11 15 43 0 -10 0 0 154
11 15 44 0 -10 0 0 88
11 15 45 0 -10 0 0 76
11 15 46 0 -10 0 0 190
11 15 47 0 -10 0 0 83
11 15 48 0 -10 0 0 96
11 15 49 0 -10 0 0 155
11 15 50 0 -10 0 0 128
11 15 51 5.5 -2 0 0 324
11 15 52 5.5 -2 0 0 204
11 15 53 0 -10 0 0 101
11 15 54 0 -10 0 0 122
11 15 55 5.5 -2 0 0 230
11 15 56 0 -10 0 0 178
11 15 57 5.5 -2 0 0 226
11 15 58 0 -10 0 0 155
11 15 59 5.5 -2 0 0 253
11 15 60 0 -10 0 0 117
11 15 61 1.5 -2 0 0 327
11 15 62 1.5 -2 0 0 310
11 15 63 0 -10 0 0 198
12 0 0 5.84041 -3 0 0 69
12 0 1 5.84041 -3 0 0 98
12 0 2 5.84041 -3 0 0 96
12 0 3 5.84041 -3 0 0 87
12 0 4 5.84041 -3 0 0 104
12 0 5 5.84041 -3 0 0 67
12 0 6 5.84041 -3 0 0 61
12 0 7 5.84041 -3 0 0 74
12 0 8 5.84041 -3 0 0 60
12 0 9 5.84041 -3 0 0 43
12 0 10 5.84041 -3 0 0 8
12 0 11 5.84041 -3 0 0 84
12 0 12 5.84041 -3 0 0 56
12 0 13 0 -10 0 0 0
12 0 14 0 -10 0 0 0
12 0 15 5.84041 -3 0 0 79
12 0 16 0 -10 0 0 0
12 0 17 0 -10 0 0 0
12 0 18 5.84041 -3 0 0 88
12 0 19 5.84041 -3 0 0 104
12 0 20 0 -10 0 0 0
12 0 21 5.84041 -3 0 0 95
12 0 22 5.84041 -3 0 0 109
12 0 23 5.84041 -3 0 0 117
12 0 24 0 -10 0 0 0
12 0 25 5.84041 -3 0 0 98
12 0 26 5.84041 -3 0 0 98
12 0 27 5.84041 -3 0 0 92
12 0 28 5.84041 -3 0 0 144
12 0 29 5.84041 -3 0 0 137
12 0 30 5.84041 -3 0 0 113
12 0 31 5.84041 -3 0 0 115
12 0 32 5.84041 -3 0 0 101
12 0 33 5.84041 -3 0 0 115
12 0 34 5.84041 -3 0 0 139
12 0 35 5.84041 -3 0 0 157
12 0 36 5.84041 -3 0 0 120
12 0 37 5.84041 -3 0 0 148
12 0 38 5.84041 -3 0 0 145
12 0 39 5.84041 -3 0 0 109
12 0 40 5.84041 -3 0 0 122
12 0 41 5.84041 -3 0 0 152
12 0 42 5.84041 -3 0 0 189
12 0 43 5.84041 -3 0 0 200
12 0 44 5.84041 -3 0 0 182
12 0 45 5.84041 -3 0 0 141
12 0 46 6.27336 0.605187 0.793827 0.129347 234
12 0 47 5.84041 -3 0 0 141
12 0 48 5.84041 -3 0 0 120
12 0 49 5.5 -2 0 0 364
12 0 50 5.84041 -3 0 0 193
12 0 51 5.84041 -3 0 0 158
12 0 52 5.83437 0.572018 0.951459 0.0750824 296
12 0 53 5.5 -2 0 0 319
12 0 54 5.84041 -3 0 0 166
12 0 55 5.5 -2 0 0 263
12 0 56 5.84041 -3 0 0 141
12 0 57 5.5 -2 0 0 225
12 0 58 5.5 -2 0 0 205
12 0 59 5.84041 -3 0 0 179
12 0 60 0 -10 0 0 0
12 0 61 5.5 -2 0 0 467
12 0 62 5.5 -2 0 0 333
12 0 63 5.5 -2 0 0 350
12 1 0 5.5 -2 0 0 322
12 1 1 5.5 -2 0 0 328
12 1 2 5.65383 0.499373 0.683981 0.204585 375
12 1 3 5.5 -2 0 0 408
12 1 4 5.5 -2 0 0 367
12 1 5 5.61988 0.525788 0.933896 0.124518 568
12 1 6 6.50353 0.583708 1.19586 0.128969 541
12 1 7 6.35349 0.532986 0.728281 0.0784618 462
12 1 8 5.41188 0.48395 0.909386 0.126818 515
12 1 9 5.72842 0.544307 0.900972 0.104517 322
12 1 10 5.79538 0.490234 1.01229 0.0529038 470
12 1 11 0 -10 0 0 0
12 1 12 6.01784 0.559707 1.24451 0.0733512 571
12 1 13 0 -10 0 0 0
12 1 14 6.56981 0.494396 0.789927 0.118653 425
12 1 15 6.42378 0.44076 0.735057 0.189451 420
12 1 16 6.3346 0.518422 1.09583 0.116408 712
12 1 17 5.5 -2 0 0 213
12 1 18 5.92861 0.410264 0.921311 0.0324236 371
12 1 19 5.96084 -3 0 0 133
12 1 20 0 -10 0 0 0
12 1 21 6.30512 0.482718 1.14113 0.0416907 244
12 1 22 5.5 -2 0 0 265
12 1 23 5.80253 0.468032 0.762367 0.290112 274
12 1 24 5.88842 0.498314 0.995946 0.156695 258
12 1 25 5.96084 -3 0 0 109
12 1 26 5.96084 -3 0 0 152
12 1 27 5.96084 -3 0 0 190
12 1 28 6.15717 0.388896 0.920423 0.0422273 287
12 1 29 5.96084 -3 0 0 108
12 1 30 5.96084 -3 0 0 97
12 1 31 5.96084 -3 0 0 116
12 1 32 5.96084 -3 0 0 161
12 1 33 6.63509 0.604558 0.298088 0.229644 210
12 1 34 6.38616 0.492349 0.683021 0.0892502 335
12 1 35 5.96084 -3 0 0 187
12 1 36 5.96084 -3 0 0 179
12 1 37 5.5 -2 0 0 245
12 1 38 5.5 -2 0 0 288
12 1 39 5.96084 -3 0 0 151
12 1 40 5.96084 -3 0 0 116
12 1 41 5.96084 -3 0 0 126
12 1 42 5.96084 -3 0 0 83
12 1 43 5.96084 -3 0 0 175
12 1 44 5.96084 -3 0 0 97
12 1 45 5.5 -2 0 0 206
12 1 46 5.96084 -3 0 0 178
12 1 47 5.96084 -3 0 0 181
12 1 48 5.96084 -3 0 0 138
12 1 49 5.96084 -3 0 0 106
12 1 50 5.96084 -3 0 0 74
12 1 51 5.96084 -3 0 0 98
12 1 52 5.96084 -3 0 0 138
12 1 53 5.96084 -3 0 0 92
12 1 54 5.96084 -3 0 0 90
12 1 55 5.96084 -3 0 0 87
12 1 56 5.96084 -3 0 0 82
12 1 57 5.96084 -3 0 0 118
12 1 58 5.96084 -3 0 0 96
12 1 59 5.96084 -3 0 0 123
12 1 60 5.96084 -3 0 0 108
12 1 61 5.96084 -3 0 0 92
12 1 62 5.96084 -3 0 0 161
12 1 63 0 -10 0 0 0
12 2 0 5.5 -2 0 0 461
12 2 1 5.29617 0.47791 0.856387 0.111752 335
12 2 2 5.5 -2 0 0 240
12 2 3 6.15115 0.543415 0.273004 0.303816 279
12 2 4 5.5 -2 0 0 227
12 2 5 5.5 -2 0 0 420
12 2 6 5.44847 -3 0 0 155
12 2 7 5.99481 0.508977 0.875442 0.0477836 326
12 2 8 5.5 -2 0 0 287
12 2 9 6.62457 0.558406 0.947141 0.0778073 211
12 2 10 5.44847 -3 0 0 195
12 2 11 5.44847 -3 0 0 134
12 2 12 5.44847 -3 0 0 125
12 2 13 5.44847 -3 0 0 157
12 2 14 5.44847 -3 0 0 140
12 2 15 5.44847 -3 0 0 128
12 2 16 5.44847 -3 0 0 99
12 2 17 5.44847 -3 0 0 117
12 2 18 5.69323 0.474078 0.727878 0.152823 279
12 2 19 5.44847 -3 0 0 178
12 2 20 5.44847 -3 0 0 186
12 2 21 6.11963 0.450147 1.12396 0.0391595 376
12 2 22 6.1167 0.395073 0.959688 0.0755782 590
12 2 23 5.5 -2 0 0 262
12 2 24 5.44847 -3 0 0 143
12 2 25 5.44847 -3 0 0 155
12 2 26 0 -10 0 0 0
12 2 27 5.6766 0.41987 1.03693 0.208795 300
12 2 28 6.03975 0.568992 0.620231 0.306574 460
12 2 29 5.22123 0.370943 0.972956 0.150687 201
12 2 30 5.49368 0.370313 0.995428 0.042475 810
12 2 31 6.18865 0.404145 0.919115 0.160767 294
12 2 32 5.5 -2 0 0 205
12 2 33 5.80494 0.462692 0.960957 0.0187356 469
12 2 34 5.44847 -3 0 0 163
12 2 35 6.18083 0.456966 0.86673 0.0734458 339
12 2 36 5.5 -2 0 0 366
12 2 37 5.44847 -3 0 0 126
12 2 38 5.22973 0.48156 0.977232 0.126477 231
12 2 39 5.5 -2 0 0 297
12 2 40 6.122 0.477427 0.822902 0.0414432 818
12 2 41 5.68595 0.405861 0.889622 0.0430965 608
12 2 42 6.15212 0.445583 0.764832 0.0334548 465
12 2 43 5.66729 0.405305 0.969534 0.152439 421
12 2 44 0 -10 0 0 0
12 2 45 0 -10 0 0 0
12 2 46 5.44847 -3 0 0 170
12 2 47 5.44847 -3 0 0 189
12 2 48 5.44847 -3 0 0 151
12 2 49 5.44847 -3 0 0 186
12 2 50 5.62405 0.542131 1.07113 0.0422859 210
12 2 51 5.5 -2 0 0 279
12 2 52 5.5 -2 0 0 232
12 2 53 5.5 -2 0 0 381
12 2 54 5.5 -2 0 0 445
12 2 55 4.97014 0.420136 0.882863 0.26549 631
12 2 56 5.5 -2 0 0 843
12 2 57 5.5 -2 0 0 1130
12 2 58 5.5 -2 0 0 881
12 2 59 5.5 -2 0 0 238
12 2 60 5.5 -2 0 0 625
12 2 61 5.5 -2 0 0 375
12 2 62 5.5 -2 0 0 327
12 2 63 5.5 -2 0 0 467
12 3 0 5.17475 0.472753 0.742736 0.0858108 421
12 3 1 5.526 0.416042 1.03824 0.0986729 465
12 3 2 6.04197 0.460734 0.651966 0.139697 494
12 3 3 5.5 -2 0 0 550
12 3 4 5.57303 0.395381 0.824797 0.0473139 755
12 3 5 6.07736 0.33179 0.740748 0.12797 602
12 3 6 5.99944 0.445378 0.845784 0.0451842 573
12 3 7 6.26591 0.388432 0.933342 0.0800905 545
12 3 8 5.5 -2 0 0 676
12 3 9 6.6521 0.471384 0.907508 0.140201 840
12 3 10 5.68809 0.369991 0.679324 0.0935872 749
12 3 11 6.37021 0.356855 1.00696 0.181755 1145
12 3 12 5.83638 0.35551 1.10842 0.029695 1012
12 3 13 6.49077 0.31226 1.22429 0.101046 1317
12 3 14 0 -10 0 0 0
12 3 15 6.67602 0.46388 0.666027 0.145948 744
12 3 16 6.0644 0.377526 1.05442 0.0964515 1132
12 3 17 6.0862 0.366876 0.909225 0.161351 616
12 3 18 6.47557 0.319391 0.900403 0.0917039 590
12 3 19 6.32366 0.352338 0.852554 0.114111 425
12 3 20 5.99897 0.401181 0.755776 0.0605574 465
12 3 21 6.13037 0.371218 0.806613 0.0717642 423
12 3 22 6.29306 0.319058 0.773228 0.205962 344
12 3 23 6.46685 0.356839 0.777411 0.107254 344
12 3 24 0 -10 0 0 0
12 3 25 6.09312 0.452572 0.703828 0.235632 452
12 3 26 6.19134 0.408543 0.844238 0.298796 389
12 3 27 6.4245 0.465594 0.607841 0.129488 310
12 3 28 6.14437 0.415307 0.958046 0.119031 317
12 3 29 0 -10 0 0 0
12 3 30 0 -10 0 0 0
12 3 31 6.29508 0.401521 0.770983 0.105197 260
12 3 32 5.90999 0.358084 0.853298 0.0586634 595
12 3 33 6.10523 0.460648 0.891321 0.119795 322
12 3 34 5.9632 0.319024 0.845786 0.0790838 330
12 3 35 6.03025 0.513858 0.849085 0.212873 322
12 3 36 0 -10 0 0 0
12 3 37 6.04366 0.44949 0.581778 0.112208 394
12 3 38 0 -10 0 0 0
12 3 39 9.5 -2 0 0 228
12 3 40 6.23757 0.43737 0.72765 0.0940634 525
12 3 41 6.34467 0.472179 0.731551 0.273069 284
12 3 42 6.00515 0.420239 0.90867 0.409006 247
12 3 43 6.66288 0.44553 0.655473 0.142122 303
12 3 44 5.86049 0.559951 0.850113 0.183232 356
12 3 45 6.14326 0.569302 0.431591 0.15056 277
12 3 46 5.5 -2 0 0 472
12 3 47 6.80672 0.660541 1.21682 0.13732 356
12 3 48 6.16544 0.61465 0.454732 0.107488 369
12 3 49 5.5 -2 0 0 261
12 3 50 5.69654 0.431969 0.873469 0.105529 265
12 3 51 5.5 -2 0 0 232
12 3 52 5.5 -2 0 0 324
12 3 53 5.70941 0.532223 0.365127 0.500323 308
12 3 54 5.5 -2 0 0 244
12 3 55 5.91387 0.426129 0.829555 0.0825565 218
12 3 56 5.4013 0.501617 0.964096 0.0994654 222
12 3 57 5.95757 -3 0 0 196
12 3 58 5.5 -2 0 0 235
12 3 59 5.5 -2 0 0 236
12 3 60 5.15772 0.489966 0.836773 0.303178 231
12 3 61 5.5 -2 0 0 249
12 3 62 5.5 -2 0 0 251
12 3 63 5.5 -2 0 0 227
12 4 0 5.85461 0.446439 1.03044 0.0602535 1029
12 4 1 5.39582 0.442392 0.947476 0.0544212 751
12 4 2 6.13797 0.382559 0.936545 0.0616304 487
12 4 3 5.6928 0.560645 0.952217 0.10186 406
12 4 4 5.60635 0.515327 0.559363 0.202349 325
12 4 5 6.2625 0.461226 1.02838 0.0388065 1103
12 4 6 5.5 -2 0 0 208
12 4 7 5.69012 0.464999 0.79119 0.168039 755
12 4 8 5.81087 0.452085 1.07917 0.127138 527
12 4 9 6.396 0.585362 0.6612 0.12594 392
12 4 10 5.73097 0.569434 0.914968 0.12369 339
12 4 11 5.97092 0.405679 0.621165 0.275412 213
12 4 12 5.98657 -3 0 0 174
12 4 13 6.54338 0.49259 0.962089 0.155127 256
12 4 14 6.04077 0.443801 0.987878 0.0502604 214
12 4 15 5.98657 -3 0 0 185
12 4 16 5.98657 -3 0 0 181
12 4 17 5.98657 -3 0 0 139
12 4 18 5.76448 0.432423 0.987321 0.0426826 377
12 4 19 5.8644 0.450561 0.766425 0.226915 220
12 4 20 6.22432 0.380564 0.707602 0.119506 253
12 4 21 6.02339 0.428543 0.755014 0.17478 672
12 4 22 5.5 -2 0 0 919
12 4 23 0 -10 0 0 0
12 4 24 5.98657 -3 0 0 159
12 4 25 5.5 -2 0 0 211
12 4 26 0 -10 0 0 0
12 4 27 6.04006 0.441565 0.749121 0.117091 393
12 4 28 6.20487 0.448203 0.790146 0.168335 587
12 4 29 6.58491 0.389439 0.972154 0.0847388 223
12 4 30 6.45457 0.443894 0.874662 0.018169 761
12 4 31 9.5 -2 0 0 276
12 4 32 5.98657 -3 0 0 161
12 4 33 6.24903 0.453128 0.753308 0.111481 481
12 4 34 5.98657 -3 0 0 125
12 4 35 0 -10 0 0 0
12 4 36 5.5 -2 0 0 286
12 4 37 5.98657 -3 0 0 163
12 4 38 5.98657 -3 0 0 180
12 4 39 9.5 -2 0 0 203
12 4 40 6.37057 0.353961 0.891726 0.0560968 595
12 4 41 5.90591 0.518322 0.977601 0.0190746 405
12 4 42 5.5 -2 0 0 342
12 4 43 6.48046 0.4117 0.88515 0.184696 234
12 4 44 5.5 -2 0 0 211
12 4 45 5.98657 -3 0 0 175
12 4 46 5.98657 -3 0 0 145
12 4 47 5.98657 -3 0 0 110
12 4 48 5.98657 -3 0 0 111
12 4 49 5.98657 -3 0 0 108
12 4 50 5.98657 -3 0 0 147
12 4 51 5.98657 -3 0 0 164
12 4 52 5.98657 -3 0 0 130
12 4 53 5.98657 -3 0 0 191
12 4 54 5.29525 0.469176 0.638192 0.289006 252
12 4 55 6.17827 0.532894 0.907967 0.0665549 257
12 4 56 5.5 -2 0 0 349
12 4 57 5.5 -2 0 0 435
12 4 58 5.7646 0.546241 0.753809 0.152564 491
12 4 59 5.98657 -3 0 0 160
12 4 60 5.5 -2 0 0 392
12 4 61 5.5 -2 0 0 225
12 4 62 5.98657 -3 0 0 191
12 4 63 5.5 -2 0 0 308
12 5 0 5.5 -2 0 0 244
12 5 1 6.36612 0.541405 0.653287 0.0987285 262
12 5 2 5.5 -2 0 0 338
12 5 3 6.37282 0.522935 0.74721 0.0895223 270
12 5 4 5.5 -2 0 0 360
12 5 5 5.38981 0.483286 0.76841 0.0956774 350
12 5 6 5.5 -2 0 0 213
12 5 7 6.51967 0.508027 0.90011 0.1014 207
12 5 8 9.5 -2 0 0 253
12 5 9 6.38408 0.459114 0.710963 0.208848 238
12 5 10 6.30889 0.434089 0.729839 0.165447 300
12 5 11 5.5 -2 0 0 291
12 5 12 9.5 -2 0 0 322
12 5 13 9.5 -2 0 0 290
12 5 14 6.2178 0.491381 0.695562 0.0671643 414
12 5 15 6.13099 0.39952 0.916808 0.150458 509
12 5 16 6.47558 0.47082 1.08253 0.0428675 433
12 5 17 6.12047 0.375226 0.77618 0.0832783 361
12 5 18 5.91358 0.406024 0.786956 0.155636 349
12 5 19 6.47217 0.487829 0.93951 0.171759 319
12 5 20 6.03408 0.411064 0.74082 0.0445088 368
12 5 21 9.5 -2 0 0 322
12 5 22 0 -10 0 0 0
12 5 23 6.11618 0.384398 0.887149 0.119127 446
12 5 24 6.62661 0.439941 0.839395 0.0476925 301
12 5 25 6.38677 0.339952 0.802688 0.133872 540
12 5 26 6.02627 0.460621 0.767275 0.179229 375
12 5 27 9.5 -2 0 0 358
12 5 28 6.01848 0.447552 0.778013 0.108624 451
12 5 29 0 -10 0 0 0
12 5 30 0 -10 0 0 0
12 5 31 9.5 -2 0 0 432
12 5 32 6.53359 0.464778 0.84085 0.119871 734
12 5 33 6.02699 0.548729 0.843877 0.0481928 441
12 5 34 6.85133 0.343296 1.063 0.144607 464
12 5 35 6.57485 0.340094 0.782983 0.123789 431
12 5 36 0 -10 0 0 0
12 5 37 6.72429 0.670899 0.618249 0.0973241 506
12 5 38 0 -10 0 0 0
12 5 39 0 -10 0 0 0
12 5 40 0 -10 0 0 0
12 5 41 6.79007 0.395868 0.729086 0.125229 500
12 5 42 0 -10 0 0 0
12 5 43 5.90683 0.409286 0.862035 0.134501 497
12 5 44 6.62295 0.402076 0.828603 0.0884113 573
12 5 45 6.4373 0.415262 0.864442 0.0613476 448
12 5 46 6.38771 0.475333 1.19642 0.075933 1027
12 5 47 6.6379 0.473078 0.893497 0.212321 1214
12 5 48 5.96588 0.412233 0.893011 0.09072 1055
12 5 49 6.56003 0.473802 0.843738 0.156101 922
12 5 50 6.25386 0.525472 1.33643 0.173056 1241
12 5 51 5.98399 0.4441 0.773815 0.146629 866
12 5 52 6.03872 0.385612 0.929446 0.241725 720
12 5 53 5.76385 0.459279 0.84867 0.0797928 682
12 5 54 6.30923 0.407184 0.99283 0.0408796 871
12 5 55 5.8944 0.514153 0.606509 0.193969 612
12 5 56 5.5 -2 0 0 606
12 5 57 5.5 -2 0 0 558
12 5 58 5.5 -2 0 0 468
12 5 59 5.00627 0.452074 0.99271 0.101311 760
12 5 60 5.5 -2 0 0 552
12 5 61 5.5 -2 0 0 625
12 5 62 4.72003 0.453651 0.992182 0.118419 548
12 5 63 5.5 -2 0 0 508
12 6 0 5.5 -2 0 0 216
12 6 1 5.5 -2 0 0 338
12 6 2 5.33563 0.520213 0.878427 0.0733377 232
12 6 3 5.87739 -3 0 0 180
12 6 4 5.87739 -3 0 0 150
12 6 5 5.86165 0.579 0.81789 0.130921 402
12 6 6 5.87739 -3 0 0 183
12 6 7 0 -10 0 0 0
12 6 8 5.5 -2 0 0 229
12 6 9 0 -10 0 0 0
12 6 10 5.87739 -3 0 0 179
12 6 11 5.87739 -3 0 0 149
12 6 12 6.34951 0.603453 0.783809 0.156785 255
12 6 13 5.5 -2 0 0 293
12 6 14 5.5 -2 0 0 375
12 6 15 5.74382 0.570763 0.763997 0.129017 461
12 6 16 5.87739 -3 0 0 146
12 6 17 5.87739 -3 0 0 120
12 6 18 0 -10 0 0 0
12 6 19 5.5 -2 0 0 205
12 6 20 5.87739 -3 0 0 171
12 6 21 5.87739 -3 0 0 182
12 6 22 5.87739 -3 0 0 168
12 6 23 5.87739 -3 0 0 143
12 6 24 5.5 -2 0 0 217
12 6 25 5.87739 -3 0 0 102
12 6 26 5.87739 -3 0 0 89
12 6 27 5.87739 -3 0 0 154
12 6 28 5.87739 -3 0 0 162
12 6 29 5.87739 -3 0 0 155
12 6 30 5.87739 -3 0 0 135
12 6 31 5.87739 -3 0 0 135
12 6 32 5.87739 -3 0 0 98
12 6 33 5.87739 -3 0 0 142
12 6 34 5.87739 -3 0 0 148
12 6 35 5.87739 -3 0 0 100
12 6 36 0 -10 0 0 0
12 6 37 5.87739 -3 0 0 99
12 6 38 5.87739 -3 0 0 93
12 6 39 5.87739 -3 0 0 132
12 6 40 0 -10 0 0 0
12 6 41 5.87739 -3 0 0 111
12 6 42 5.87739 -3 0 0 90
12 6 43 5.87739 -3 0 0 88
12 6 44 5.87739 -3 0 0 53
12 6 45 5.87739 -3 0 0 92
12 6 46 5.87739 -3 0 0 78
12 6 47 5.87739 -3 0 0 55
12 6 48 5.87739 -3 0 0 68
12 6 49 5.87739 -3 0 0 54
12 6 50 5.87739 -3 0 0 64
12 6 51 5.87739 -3 0 0 80
12 6 52 5.87739 -3 0 0 52
12 6 53 5.87739 -3 0 0 65
12 6 54 5.87739 -3 0 0 98
12 6 55 5.87739 -3 0 0 107
12 6 56 5.87739 -3 0 0 81
12 6 57 5.87739 -3 0 0 98
12 6 58 5.87739 -3 0 0 81
12 6 59 5.87739 -3 0 0 95
12 6 60 5.87739 -3 0 0 80
12 6 61 5.87739 -3 0 0 89
12 6 62 5.87739 -3 0 0 122
12 6 63 5.87739 -3 0 0 102
12 7 0 5.73644 -3 0 0 102
12 7 1 5.73644 -3 0 0 130
12 7 2 5.73644 -3 0 0 110
12 7 3 5.73644 -3 0 0 126
12 7 4 0 -10 0 0 0
12 7 5 5.73644 -3 0 0 143
12 7 6 5.73644 -3 0 0 155
12 7 7 5.73644 -3 0 0 101
12 7 8 5.73644 -3 0 0 121
12 7 9 5.73644 -3 0 0 111
12 7 10 5.73644 -3 0 0 131
12 7 11 5.73644 -3 0 0 132
12 7 12 5.73644 -3 0 0 121
12 7 13 5.73644 -3 0 0 152
12 7 14 5.73644 -3 0 0 96
12 7 15 5.73644 -3 0 0 168
12 7 16 5.73644 -3 0 0 130
12 7 17 5.98301 0.556166 0.445686 0.236575 208
12 7 18 6.49898 0.646038 0.95944 0.206811 211
12 7 19 5.73644 -3 0 0 188
12 7 20 5.73644 -3 0 0 149
12 7 21 5.9518 0.434672 0.691028 0.25804 201
12 7 22 5.73644 -3 0 0 109
12 7 23 5.73644 -3 0 0 111
12 7 24 5.73644 -3 0 0 124
12 7 25 6.09522 0.557477 0.948634 0.0980273 268
12 7 26 5.73644 -3 0 0 198
12 7 27 5.90942 0.42273 0.737204 0.0774288 312
12 7 28 5.73644 -3 0 0 122
12 7 29 0 -10 0 0 0
12 7 30 5.73644 -3 0 0 139
12 7 31 6.18296 0.502377 0.594856 0.145807 233
12 7 32 5.5 -2 0 0 256
12 7 33 5.5 -2 0 0 218
12 7 34 5.5 -2 0 0 266
12 7 35 6.43257 0.482755 0.708755 0.124825 229
12 7 36 5.73644 -3 0 0 160
12 7 37 5.67733 0.539607 0.561312 0.151755 421
12 7 38 6.07124 0.541455 0.837678 0.0563744 364
12 7 39 0 -10 0 0 0
12 7 40 5.73644 -3 0 0 198
12 7 41 6.6932 0.66727 0.482173 0.10764 315
12 7 42 5.87134 0.42367 1.00581 0.134605 327
12 7 43 5.5 -2 0 0 315
12 7 44 0 -10 0 0 0
12 7 45 0 -10 0 0 0
12 7 46 5.5 -2 0 0 513
12 7 47 6.02727 0.536098 0.934387 0.0315964 813
12 7 48 6.26408 0.533488 0.824813 0.0787355 518
12 7 49 5.5 -2 0 0 453
12 7 50 6.0757 0.460584 0.789807 0.0848513 557
12 7 51 5.49495 0.452587 0.928455 0.0472634 745
12 7 52 5.5 -2 0 0 459
12 7 53 5.57995 0.510684 0.972235 0.0237428 782
12 7 54 0 -10 0 0 0
12 7 55 5.5 -2 0 0 707
12 7 56 0 -10 0 0 0
12 7 57 5.5 -2 0 0 695
12 7 58 5.5 -2 0 0 484
12 7 59 0 -10 0 0 0
12 7 60 5.5 -2 0 0 530
12 7 61 5.5 -2 0 0 444
12 7 62 5.5 -2 0 0 442
12 7 63 5.5 -2 0 0 435
12 8 0 4.62385 -3 0 0 82
12 8 1 4.62385 -3 0 0 130
12 8 2 4.62385 -3 0 0 82
12 8 3 4.62385 -3 0 0 77
12 8 4 4.62385 -3 0 0 126
12 8 5 4.62385 -3 0 0 139
12 8 6 4.62385 -3 0 0 127
12 8 7 0 -10 0 0 0
12 8 8 4.62385 -3 0 0 99
12 8 9 4.62385 -3 0 0 103
12 8 10 4.62385 -3 0 0 174
12 8 11 4.62385 -3 0 0 124
12 8 12 4.62385 -3 0 0 80
12 8 13 4.62385 -3 0 0 155
12 8 14 4.62385 -3 0 0 112
12 8 15 4.62385 -3 0 0 184
12 8 16 4.62385 -3 0 0 122
12 8 17 4.62385 -3 0 0 192
12 8 18 5.5 -2 0 0 263
12 8 19 4.62385 -3 0 0 196
12 8 20 4.62385 -3 0 0 170
12 8 21 4.62385 -3 0 0 187
12 8 22 4.62385 -3 0 0 81
12 8 23 4.62385 -3 0 0 93
12 8 24 4.62385 -3 0 0 131
12 8 25 0 -10 0 0 0
12 8 26 4.62385 -3 0 0 158
12 8 27 5.5 -2 0 0 252
12 8 28 4.62385 -3 0 0 98
12 8 29 4.62385 -3 0 0 141
12 8 30 4.62385 -3 0 0 125
12 8 31 0 -10 0 0 0
12 8 32 5.5 -2 0 0 205
12 8 33 4.62385 -3 0 0 119
12 8 34 5.5 -2 0 0 319
12 8 35 4.62385 -3 0 0 154
12 8 36 4.62385 -3 0 0 111
12 8 37 5.5 -2 0 0 324
12 8 38 5.5 -2 0 0 428
12 8 39 5.5 -2 0 0 299
12 8 40 4.62385 -3 0 0 129
12 8 41 5.5 -2 0 0 214
12 8 42 5.5 -2 0 0 270
12 8 43 4.62385 -3 0 0 197
12 8 44 4.62385 -3 0 0 164
12 8 45 4.62385 -3 0 0 139
12 8 46 5.5 -2 0 0 568
12 8 47 4.8046 0.478841 0.891464 0.0965208 806
12 8 48 5.5 -2 0 0 246
12 8 49 5.5 -2 0 0 277
12 8 50 5.5 -2 0 0 381
12 8 51 5.5 -2 0 0 415
12 8 52 5.5 -2 0 0 401
12 8 53 5.5 -2 0 0 626
12 8 54 4.62385 -3 0 0 159
12 8 55 5.5 -2 0 0 493
12 8 56 4.62385 -3 0 0 136
12 8 57 5.5 -2 0 0 534
12 8 58 5.5 -2 0 0 369
12 8 59 5.5 -2 0 0 217
12 8 60 5.5 -2 0 0 322
12 8 61 5.5 -2 0 0 263
12 8 62 5.5 -2 0 0 262
12 8 63 5.5 -2 0 0 237
12 9 0 0 -10 0 0 0
12 9 1 5.68214 0.567162 0.635271 0.159823 208
12 9 2 5.62702 -3 0 0 112
12 9 3 5.62702 -3 0 0 72
12 9 4 5.62702 -3 0 0 93
12 9 5 5.5 -2 0 0 233
12 9 6 5.62702 -3 0 0 95
12 9 7 0 -10 0 0 0
12 9 8 5.62702 -3 0 0 118
12 9 9 0 -10 0 0 0
12 9 10 0 -10 0 0 0
12 9 11 5.62702 -3 0 0 77
12 9 12 5.62702 -3 0 0 148
12 9 13 5.62702 -3 0 0 158
12 9 14 6.02398 0.59707 1.07298 0.0379125 211
12 9 15 5.5 -2 0 0 265
12 9 16 5.62702 -3 0 0 86
12 9 17 5.62702 -3 0 0 73
12 9 18 5.62702 -3 0 0 148
12 9 19 5.62702 -3 0 0 106
12 9 20 0 -10 0 0 0
12 9 21 5.62702 -3 0 0 102
12 9 22 5.62702 -3 0 0 64
12 9 23 5.62702 -3 0 0 85
12 9 24 5.62702 -3 0 0 119
12 9 25 5.62702 -3 0 0 54
12 9 26 5.62702 -3 0 0 69
12 9 27 5.62702 -3 0 0 77
12 9 28 5.62702 -3 0 0 103
12 9 29 5.62702 -3 0 0 128
12 9 30 0 -10 0 0 0
12 9 31 5.62702 -3 0 0 66
12 9 32 5.62702 -3 0 0 36
12 9 33 0 -10 0 0 0
12 9 34 5.62702 -3 0 0 65
12 9 35 5.62702 -3 0 0 67
12 9 36 5.62702 -3 0 0 81
12 9 37 5.62702 -3 0 0 54
12 9 38 5.62702 -3 0 0 94
12 9 39 5.62702 -3 0 0 91
12 9 40 0 -10 0 0 0
12 9 41 5.62702 -3 0 0 49
12 9 42 5.62702 -3 0 0 70
12 9 43 5.62702 -3 0 0 61
12 9 44 5.62702 -3 0 0 50
12 9 45 5.62702 -3 0 0 43
12 9 46 0 -10 0 0 0
12 9 47 5.62702 -3 0 0 29
12 9 48 5.62702 -3 0 0 54
12 9 49 5.62702 -3 0 0 47
12 9 50 0 -10 0 0 0
12 9 51 5.62702 -3 0 0 44
12 9 52 5.62702 -3 0 0 30
12 9 53 5.62702 -3 0 0 42
12 9 54 5.62702 -3 0 0 51
12 9 55 5.62702 -3 0 0 58
12 9 56 5.62702 -3 0 0 31
12 9 57 5.62702 -3 0 0 46
12 9 58 5.62702 -3 0 0 42
12 9 59 0 -10 0 0 0
12 9 60 5.62702 -3 0 0 56
12 9 61 5.62702 -3 0 0 51
12 9 62 5.62702 -3 0 0 71
12 9 63 5.62702 -3 0 0 56
12 10 0 5.5 -2 0 0 212
12 10 1 5.51785 -3 0 0 190
12 10 2 5.5 -2 0 0 217
12 10 3 5.5 -2 0 0 266
12 10 4 5.28864 0.498681 0.637928 0.187472 371
12 10 5 5.26514 0.468633 0.867976 0.133521 342
12 10 6 5.51785 -3 0 0 168
12 10 7 5.80942 0.578475 0.425387 0.408307 223
12 10 8 5.63089 0.423154 0.843832 0.0415885 218
12 10 9 5.86355 0.54811 0.658102 0.0802277 256
12 10 10 6.06643 0.401453 0.735154 0.230812 383
12 10 11 5.5 -2 0 0 290
12 10 12 5.48817 0.548176 0.746587 0.109139 290
12 10 13 5.69669 0.372957 0.778401 0.11897 352
12 10 14 6.18991 0.488283 0.660912 0.179337 548
12 10 15 5.63512 0.391688 0.923842 0.0417726 664
12 10 16 5.5 -2 0 0 547
12 10 17 5.72384 0.374433 0.821468 0.0824688 548
12 10 18 5.5 -2 0 0 451
12 10 19 5.5 -2 0 0 273
12 10 20 5.98104 0.367664 0.998354 0.0697932 323
12 10 21 5.51785 -3 0 0 200
12 10 22 6.16794 0.569338 0.433426 0.187586 235
12 10 23 5.40659 0.379554 0.878697 0.210193 386
12 10 24 5.5 -2 0 0 252
12 10 25 6.20579 0.396567 0.868624 0.220942 600
12 10 26 5.5 -2 0 0 447
12 10 27 6.16645 0.420471 1.03725 0.0564085 255
12 10 28 5.42737 0.387256 0.755822 0.270194 318
12 10 29 5.98713 0.475848 0.533324 0.321568 268
12 10 30 0 -10 0 0 0
12 10 31 5.78235 0.397496 0.935736 0.0954176 392
12 10 32 6.44242 0.334788 0.976096 0.0601981 772
12 10 33 5.5831 0.525774 0.66293 0.260966 401
12 10 34 6.16663 0.460052 0.649631 0.156449 478
12 10 35 0 -10 0 0 0
12 10 36 5.5 -2 0 0 314
12 10 37 5.9586 0.349483 0.96532 0.159261 621
12 10 38 5.2583 0.428805 0.823098 0.141979 230
12 10 39 6.09956 0.467811 0.729395 0.0778592 260
12 10 40 5.86143 0.378557 0.869576 0.164089 1013
12 10 41 5.5 -2 0 0 286
12 10 42 5.5 -2 0 0 301
12 10 43 5.8059 0.428996 0.867948 0.0454351 493
12 10 44 5.45675 0.496598 0.94855 0.117088 601
12 10 45 5.5 -2 0 0 388
12 10 46 5.3585 0.437795 0.924212 0.0994352 1205
12 10 47 6.11974 0.391881 1.06148 0.15984 2012
12 10 48 5.67693 0.429693 0.886638 0.238394 1462
12 10 49 5.2446 0.524121 0.796741 0.154318 1210
12 10 50 5.25573 0.440129 0.821053 0.0555479 1135
12 10 51 5.5 -2 0 0 800
12 10 52 5.5 -2 0 0 800
12 10 53 5.06757 0.467116 0.829264 0.0502334 918
12 10 54 5.5 -2 0 0 531
12 10 55 5.5 -2 0 0 503
12 10 56 5.5 -2 0 0 405
12 10 57 5.5 -2 0 0 346
12 10 58 5.5 -2 0 0 278
12 10 59 5.5 -2 0 0 710
12 10 60 5.5 -2 0 0 459
12 10 61 5.5 -2 0 0 517
12 10 62 5.5 -2 0 0 409
12 10 63 5.5 -2 0 0 327
12 11 0 5.5 -2 0 0 474
12 11 1 5.5 -2 0 0 336
12 11 2 5.5 -2 0 0 233
12 11 3 5.5 -2 0 0 209
12 11 4 5.52405 -3 0 0 152
12 11 5 5.89304 0.428885 0.880632 0.0494702 566
12 11 6 5.52405 -3 0 0 146
12 11 7 5.5 -2 0 0 357
12 11 8 5.64601 0.51867 0.653359 0.114191 329
12 11 9 5.5 -2 0 0 285
12 11 10 5.5 -2 0 0 210
12 11 11 5.52405 -3 0 0 117
12 11 12 5.52405 -3 0 0 97
12 11 13 5.52405 -3 0 0 145
12 11 14 5.52405 -3 0 0 125
12 11 15 5.52405 -3 0 0 119
12 11 16 5.52405 -3 0 0 97
12 11 17 5.52405 -3 0 0 108
12 11 18 5.52405 -3 0 0 186
12 11 19 5.52405 -3 0 0 130
12 11 20 5.52405 -3 0 0 173
12 11 21 6.28086 0.600247 0.799499 0.0530861 328
12 11 22 5.5 -2 0 0 453
12 11 23 5.78689 0.515475 0.980431 0.0656477 240
12 11 24 5.52405 -3 0 0 112
12 11 25 5.52405 -3 0 0 112
12 11 26 0 -10 0 0 0
12 11 27 5.5 -2 0 0 258
12 11 28 0 -10 0 0 0
12 11 29 5.52405 -3 0 0 135
12 11 30 0 -10 0 0 0
12 11 31 5.52405 -3 0 0 166
12 11 32 5.52405 -3 0 0 145
12 11 33 0 -10 0 0 0
12 11 34 5.52405 -3 0 0 83
12 11 35 5.58872 0.522646 0.746264 0.111387 227
12 11 36 5.52405 -3 0 0 160
12 11 37 5.52405 -3 0 0 96
12 11 38 5.52405 -3 0 0 83
12 11 39 5.52405 -3 0 0 128
12 11 40 0 -10 0 0 0
12 11 41 5.5 -2 0 0 312
12 11 42 5.52405 -3 0 0 198
12 11 43 5.52405 -3 0 0 177
12 11 44 5.52405 -3 0 0 131
12 11 45 5.52405 -3 0 0 97
12 11 46 5.52405 -3 0 0 89
12 11 47 5.52405 -3 0 0 92
12 11 48 5.52405 -3 0 0 93
12 11 49 5.52405 -3 0 0 66
12 11 50 5.52405 -3 0 0 75
12 11 51 5.52405 -3 0 0 88
12 11 52 5.52405 -3 0 0 86
12 11 53 5.52405 -3 0 0 120
12 11 54 5.52405 -3 0 0 152
12 11 55 5.52405 -3 0 0 182
12 11 56 5.5 -2 0 0 235
12 11 57 5.5 -2 0 0 258
12 11 58 5.5 -2 0 0 362
12 11 59 5.52405 -3 0 0 112
12 11 60 5.5 -2 0 0 216
12 11 61 5.52405 -3 0 0 166
12 11 62 5.52405 -3 0 0 131
12 11 63 5.52405 -3 0 0 194
12 12 0 5.05552 0.46185 0.908209 0.0476088 310
12 12 1 5.5 -2 0 0 314
12 12 2 4.62469 0.418606 0.865096 0.0208387 412
12 12 3 5.43469 0.499506 0.817965 0.130097 424
12 12 4 5.5 -2 0 0 808
12 12 5 5.5 -2 0 0 558
12 12 6 5.418 0.536019 0.895931 0.128502 346
12 12 7 5.5 -2 0 0 380
12 12 8 5.44296 0.451842 0.777026 0.134868 461
12 12 9 5.40214 0.516454 0.709387 0.142502 511
12 12 10 0 -10 0 0 0
12 12 11 5.42307 0.359959 0.916055 0.0754471 728
12 12 12 5.10008 0.316553 0.906394 0.0292556 977
12 12 13 5.36664 0.437188 0.912702 0.130754 1324
12 12 14 5.92155 0.324324 1.09225 0.066383 1812
12 12 15 5.69257 0.373258 0.854599 0.0898614 1424
12 12 16 5.31216 0.330614 0.954029 0.0873016 1604
12 12 17 4.88336 0.360789 0.851597 0.0847753 877
12 12 18 5.14851 0.427395 0.724614 0.0864055 580
12 12 19 5.5 -2 0 0 356
12 12 20 4.84881 0.37126 0.759455 0.135272 488
12 12 21 5.47438 0.518218 0.684613 0.230582 302
12 12 22 4.90732 0.436961 0.714439 0.28804 344
12 12 23 5.32817 0.428915 0.575257 0.226369 457
12 12 24 0 -10 0 0 0
12 12 25 5.13011 0.3846 0.875331 0.0490814 787
12 12 26 5.22358 0.443625 0.897283 0.0879685 545
12 12 27 5.5 -2 0 0 225
12 12 28 5.66471 0.356596 0.917116 0.223163 363
12 12 29 5.68681 0.530725 0.76366 0.0889269 281
12 12 30 0 -10 0 0 0
12 12 31 5.26775 0.398459 0.866429 0.141269 336
12 12 32 5.41786 0.339526 0.790685 0.0910146 1028
12 12 33 5.5 -2 0 0 385
12 12 34 0 -10 0 0 0
12 12 35 5.46046 0.365973 0.913531 0.175226 223
12 12 36 5.53092 0.431892 0.94689 0.133019 239
12 12 37 5.17191 0.412596 0.87037 0.176792 649
12 12 38 5.17953 -3 0 0 195
12 12 39 5.5 -2 0 0 202
12 12 40 5.65253 0.455303 1.01205 0.0917297 813
12 12 41 5.58724 0.474097 1.02855 0.181484 206
12 12 42 5.5 -2 0 0 221
12 12 43 5.5 -2 0 0 396
12 12 44 5.5 -2 0 0 470
12 12 45 4.81436 0.406724 0.830183 0.0848679 290
12 12 46 5.24392 0.389335 0.813864 0.064135 740
12 12 47 5.1197 0.431705 0.977224 0.035181 532
12 12 48 5.5 -2 0 0 570
12 12 49 5.5 -2 0 0 399
12 12 50 5.27739 0.491285 0.595569 0.126619 294
12 12 51 5.5 -2 0 0 262
12 12 52 5.5 -2 0 0 586
12 12 53 5.5 -2 0 0 489
12 12 54 5.5 -2 0 0 239
12 12 55 5.5 -2 0 0 213
12 12 56 5.17953 -3 0 0 165
12 12 57 5.17953 -3 0 0 165
12 12 58 5.17953 -3 0 0 165
12 12 59 5.5 -2 0 0 344
12 12 60 5.5 -2 0 0 289
12 12 61 5.5 -2 0 0 238
12 12 62 5.5 -2 0 0 226
12 12 63 0 -10 0 0 0
12 13 0 5.5 -2 0 0 258
12 13 1 6.03918 -3 0 0 191
12 13 2 6.03918 -3 0 0 165
12 13 3 6.03918 -3 0 0 159
12 13 4 6.03918 -3 0 0 105
12 13 5 5.87984 0.514066 1.01593 0.172271 224
12 13 6 6.03918 -3 0 0 77
12 13 7 5.5 -2 0 0 231
12 13 8 6.03918 -3 0 0 167
12 13 9 6.03918 -3 0 0 118
12 13 10 6.03918 -3 0 0 103
12 13 11 6.03918 -3 0 0 85
12 13 12 6.03918 -3 0 0 78
12 13 13 6.03918 -3 0 0 97
12 13 14 6.03918 -3 0 0 74
12 13 15 6.03918 -3 0 0 68
12 13 16 6.03918 -3 0 0 72
12 13 17 6.03918 -3 0 0 75
12 13 18 6.03918 -3 0 0 145
12 13 19 6.03918 -3 0 0 96
12 13 20 6.03918 -3 0 0 122
12 13 21 9.5 -2 0 0 231
12 13 22 6.39672 0.565126 0.612921 0.119498 340
12 13 23 0 -10 0 0 0
12 13 24 0 -10 0 0 0
12 13 25 6.03918 -3 0 0 89
12 13 26 0 -10 0 0 0
12 13 27 6.18164 0.51366 1.09272 0.0339697 204
12 13 28 0 -10 0 0 0
12 13 29 6.03918 -3 0 0 113
12 13 30 0 -10 0 0 0
12 13 31 6.03918 -3 0 0 158
12 13 32 6.03918 -3 0 0 90
12 13 33 0 -10 0 0 0
12 13 34 6.03918 -3 0 0 76
12 13 35 9.5 -2 0 0 206
12 13 36 6.03918 -3 0 0 158
12 13 37 0 -10 0 0 0
12 13 38 6.03918 -3 0 0 92
12 13 39 6.03918 -3 0 0 139
12 13 40 6.39475 0.559813 1.14993 0.0225004 384
12 13 41 6.79117 0.551187 0.727951 0.136589 281
12 13 42 0 -10 0 0 0
12 13 43 5.5 -2 0 0 235
12 13 44 6.03918 -3 0 0 128
12 13 45 6.03918 -3 0 0 103
12 13 46 6.03918 -3 0 0 112
12 13 47 6.03918 -3 0 0 63
12 13 48 6.03918 -3 0 0 90
12 13 49 6.03918 -3 0 0 81
12 13 50 6.03918 -3 0 0 82
12 13 51 6.03918 -3 0 0 139
12 13 52 6.03918 -3 0 0 76
12 13 53 6.03918 -3 0 0 179
12 13 54 6.03918 -3 0 0 168
12 13 55 5.5 -2 0 0 236
12 13 56 5.5 -2 0 0 309
12 13 57 5.5 -2 0 0 435
12 13 58 5.5 -2 0 0 432
12 13 59 6.03918 -3 0 0 106
12 13 60 5.5 -2 0 0 294
12 13 61 6.03918 -3 0 0 181
12 13 62 6.03918 -3 0 0 131
12 13 63 5.5 -2 0 0 218
12 14 0 5.5 -2 0 0 243
12 14 1 5.77208 0.488166 0.972286 0.173288 207
12 14 2 5.5 -2 0 0 224
12 14 3 5.4977 0.540286 0.866232 0.158196 274
12 14 4 5.5 -2 0 0 301
12 14 5 5.5 -2 0 0 542
12 14 6 5.5 -2 0 0 536
12 14 7 6.16774 0.507209 0.689003 0.286757 384
12 14 8 5.5 -2 0 0 384
12 14 9 5.07028 0.493726 1.02314 0.175285 314
12 14 10 5.68139 0.495923 0.730793 0.207898 325
12 14 11 0 -10 0 0 0
12 14 12 5.59097 0.510068 0.834649 0.0691791 626
12 14 13 0 -10 0 0 0
12 14 14 6.36414 0.573426 0.650866 0.165499 302
12 14 15 6.1582 0.432832 0.748016 0.12553 563
12 14 16 6.36641 0.535381 0.710148 0.217159 855
12 14 17 0 -10 0 0 0
12 14 18 5.93175 0.541799 0.669112 0.285196 423
12 14 19 5.99915 -3 0 0 123
12 14 20 5.99915 -3 0 0 122
12 14 21 5.5 -2 0 0 218
12 14 22 5.5 -2 0 0 207
12 14 23 5.5 -2 0 0 297
12 14 24 6.67889 0.539812 0.929213 0.0427134 260
12 14 25 5.99915 -3 0 0 87
12 14 26 5.99915 -3 0 0 125
12 14 27 5.99915 -3 0 0 196
12 14 28 6.57409 0.462505 0.622842 0.231211 326
12 14 29 5.99915 -3 0 0 114
12 14 30 0 -10 0 0 0
12 14 31 5.99915 -3 0 0 93
12 14 32 5.99915 -3 0 0 130
12 14 33 5.99915 -3 0 0 179
12 14 34 6.05945 0.590155 0.734585 0.216645 410
12 14 35 5.5 -2 0 0 272
12 14 36 5.99915 -3 0 0 183
12 14 37 5.5 -2 0 0 249
12 14 38 6.66513 0.649564 0.365146 0.396856 290
12 14 39 5.99915 -3 0 0 152
12 14 40 5.99915 -3 0 0 118
12 14 41 5.99915 -3 0 0 122
12 14 42 5.99915 -3 0 0 90
12 14 43 5.99915 -3 0 0 178
12 14 44 5.99915 -3 0 0 79
12 14 45 6.42561 0.587477 0.374775 0.286613 267
12 14 46 5.99915 -3 0 0 196
12 14 47 5.99915 -3 0 0 187
12 14 48 5.99915 -3 0 0 160
12 14 49 5.99915 -3 0 0 155
12 14 50 5.99915 -3 0 0 96
12 14 51 5.99915 -3 0 0 139
12 14 52 5.99915 -3 0 0 156
12 14 53 0 -10 0 0 0
12 14 54 5.99915 -3 0 0 113
12 14 55 5.99915 -3 0 0 110
12 14 56 5.99915 -3 0 0 97
12 14 57 5.99915 -3 0 0 111
12 14 58 5.99915 -3 0 0 96
12 14 59 5.99915 -3 0 0 140
12 14 60 5.99915 -3 0 0 132
12 14 61 5.99915 -3 0 0 83
12 14 62 5.99915 -3 0 0 169
12 14 63 0 -10 0 0 0
12 15 0 5.16695 -3 0 0 46
12 15 1 0 -10 0 0 0
12 15 2 5.16695 -3 0 0 55
12 15 3 5.16695 -3 0 0 73
12 15 4 5.16695 -3 0 0 68
12 15 5 5.16695 -3 0 0 45
12 15 6 5.16695 -3 0 0 41
12 15 7 5.16695 -3 0 0 50
12 15 8 5.16695 -3 0 0 53
12 15 9 5.16695 -3 0 0 28
12 15 10 5.16695 -3 0 0 33
12 15 11 5.16695 -3 0 0 47
12 15 12 0 -10 0 0 0
12 15 13 5.16695 -3 0 0 37
12 15 14 5.16695 -3 0 0 45
12 15 15 5.16695 -3 0 0 37
12 15 16 5.16695 -3 0 0 31
12 15 17 5.16695 -3 0 0 57
12 15 18 5.16695 -3 0 0 44
12 15 19 5.16695 -3 0 0 52
12 15 20 5.16695 -3 0 0 74
12 15 21 5.16695 -3 0 0 67
12 15 22 5.16695 -3 0 0 86
12 15 23 5.16695 -3 0 0 75
12 15 24 5.16695 -3 0 0 79
12 15 25 5.16695 -3 0 0 56
12 15 26 5.16695 -3 0 0 52
12 15 27 5.16695 -3 0 0 51
12 15 28 5.16695 -3 0 0 56
12 15 29 5.16695 -3 0 0 87
12 15 30 5.16695 -3 0 0 69
12 15 31 5.16695 -3 0 0 111
12 15 32 5.16695 -3 0 0 59
12 15 33 0 -10 0 0 0
12 15 34 0 -10 0 0 0
12 15 35 5.16695 -3 0 0 97
12 15 36 5.16695 -3 0 0 62
12 15 37 0 -10 0 0 0
12 15 38 5.16695 -3 0 0 97
12 15 39 5.16695 -3 0 0 58
12 15 40 5.16695 -3 0 0 92
12 15 41 5.16695 -3 0 0 104
12 15 42 5.16695 -3 0 0 125
12 15 43 5.16695 -3 0 0 142
12 15 44 0 -10 0 0 0
12 15 45 5.16695 -3 0 0 70
12 15 46 0 -10 0 0 0
12 15 47 5.16695 -3 0 0 72
12 15 48 5.16695 -3 0 0 61
12 15 49 5.16695 -3 0 0 187
12 15 50 0 -10 0 0 0
12 15 51 5.16695 -3 0 0 76
12 15 52 0 -10 0 0 0
12 15 53 5.16695 -3 0 0 183
12 15 54 5.16695 -3 0 0 86
12 15 55 5.16695 -3 0 0 128
12 15 56 5.16695 -3 0 0 78
12 15 57 5.16695 -3 0 0 100
12 15 58 5.16695 -3 0 0 112
12 15 59 5.16695 -3 0 0 95
12 15 60 0 -10 0 0 0
12 15 61 5.5 -2 0 0 288
12 15 62 5.5 -2 0 0 202
12 15 63 5.16695 -3 0 0 186
13 0 0 0 -10 0 0 93
13 0 1 0 -10 0 0 98
13 0 2 0 -10 0 0 59
13 0 3 0 -10 0 0 50
13 0 4 0 -10 0 0 89
13 0 5 0 -10 0 0 79
13 0 6 0 -10 0 0 68
13 0 7 0 -10 0 0 68
13 0 8 0 -10 0 0 85
13 0 9 0 -10 0 0 53
13 0 10 0 -10 0 0 41
13 0 11 0 -10 0 0 94
13 0 12 0 -10 0 0 81
13 0 13 0 -10 0 0 61
13 0 14 0 -10 0 0 109
13 0 15 0 -10 0 0 64
13 0 16 0 -10 0 0 37
13 0 17 0 -10 0 0 106
13 0 18 0 -10 0 0 91
13 0 19 0 -10 0 0 49
13 0 20 0 -10 0 0 110
13 0 21 0 -10 0 0 52
13 0 22 0 -10 0 0 61
13 0 23 0 -10 0 0 116
13 0 24 0 -10 0 0 100
13 0 25 0 -10 0 0 76
13 0 26 0 -10 0 0 148
13 0 27 0 -10 0 0 82
13 0 28 0 -10 0 0 54
13 0 29 0 -10 0 0 146
13 0 30 0 -10 0 0 82
13 0 31 0 -10 0 0 85
13 0 32 0 -10 0 0 77
13 0 33 0 -10 0 0 88
13 0 34 0 -10 0 0 163
13 0 35 0 -10 0 0 88
13 0 36 0 -10 0 0 91
13 0 37 0 -10 0 0 138
13 0 38 0 -10 0 0 103
13 0 39 0 -10 0 0 188
13 0 40 0 -10 0 0 122
13 0 41 0 -10 0 0 96
13 0 42 0 -10 0 0 143
13 0 43 0 -10 0 0 134
13 0 44 0 -10 0 0 114
13 0 45 0 -10 0 0 117
13 0 46 5.5 -2 0 0 216
13 0 47 0 -10 0 0 137
13 0 48 0 -10 0 0 141
13 0 49 0 -10 0 0 165
13 0 50 0 -10 0 0 138
13 0 51 5.5 -2 0 0 307
13 0 52 0 -10 0 0 170
13 0 53 0 -10 0 0 140
13 0 54 0 -10 0 0 127
13 0 55 5.5 -2 0 0 236
13 0 56 5.5 -2 0 0 218
13 0 57 5.5 -2 0 0 273
13 0 58 0 -10 0 0 147
13 0 59 5.5 -2 0 0 240
13 0 60 0 -10 0 0 176
13 0 61 5.5 -2 0 0 388
13 0 62 5.5 -2 0 0 324
13 0 63 1.5 -2 0 0 224
13 1 0 4.62271 0.446652 0.785615 0.154017 348
13 1 1 5.5 -2 0 0 424
13 1 2 4.77655 0.435664 0.805403 0.209638 408
13 1 3 5.5 -2 0 0 316
13 1 4 5.5 -2 0 0 222
13 1 5 5.5 -2 0 0 290
13 1 6 5.5 -2 0 0 457
13 1 7 5.5 -2 0 0 402
13 1 8 5.5 -2 0 0 303
13 1 9 5.04844 0.488992 1.05603 0.0450424 483
13 1 10 5.5 -2 0 0 498
13 1 11 5.5 -2 0 0 252
13 1 12 4.90035 0.455005 0.97989 0.082702 319
13 1 13 5.5 -2 0 0 260
13 1 14 5.61891 0.483845 1.04766 0.164133 288
13 1 15 5.5 -2 0 0 246
13 1 16 5.29402 0.459246 1.00497 0.107218 672
13 1 17 5.5 -2 0 0 224
13 1 18 5.5 -2 0 0 256
13 1 19 5.46153 0.50768 1.0701 0.0575757 288
13 1 20 4.89775 -3 0 0 189
13 1 21 5.44354 0.327244 0.80598 0.141851 470
13 1 22 5.5 -2 0 0 319
13 1 23 4.89775 -3 0 0 160
13 1 24 5.37286 0.468816 0.814434 0.0216462 272
13 1 25 5.3113 0.422482 0.868034 0.106976 255
13 1 26 5.26181 0.466122 0.619254 0.0807271 208
13 1 27 4.89775 -3 0 0 183
13 1 28 5.5 -2 0 0 201
13 1 29 4.89775 -3 0 0 153
13 1 30 4.89775 -3 0 0 161
13 1 31 4.89775 -3 0 0 178
13 1 32 4.89775 -3 0 0 174
13 1 33 4.89775 -3 0 0 198
13 1 34 4.89775 -3 0 0 189
13 1 35 4.89775 -3 0 0 143
13 1 36 4.89775 -3 0 0 152
13 1 37 4.89775 -3 0 0 132
13 1 38 4.89775 -3 0 0 137
13 1 39 4.89775 -3 0 0 79
13 1 40 4.89775 -3 0 0 134
13 1 41 4.89775 -3 0 0 159
13 1 42 4.89775 -3 0 0 119
13 1 43 4.89775 -3 0 0 134
13 1 44 4.89775 -3 0 0 112
13 1 45 4.89775 -3 0 0 139
13 1 46 4.89775 -3 0 0 142
13 1 47 4.89775 -3 0 0 87
13 1 48 4.89775 -3 0 0 133
13 1 49 4.89775 -3 0 0 104
13 1 50 4.89775 -3 0 0 94
13 1 51 4.89775 -3 0 0 80
13 1 52 4.89775 -3 0 0 117
13 1 53 4.89775 -3 0 0 90
13 1 54 4.89775 -3 0 0 119
13 1 55 4.89775 -3 0 0 98
13 1 56 4.89775 -3 0 0 89
13 1 57 4.89775 -3 0 0 85
13 1 58 4.89775 -3 0 0 88
13 1 59 4.89775 -3 0 0 119
13 1 60 4.89775 -3 0 0 77
13 1 61 4.89775 -3 0 0 85
13 1 62 4.89775 -3 0 0 95
13 1 63 4.89775 -3 0 0 113
13 2 0 5.5 -2 0 0 367
13 2 1 5.5 -2 0 0 313
13 2 2 5.5 -2 0 0 263
13 2 3 0 -10 0 0 167
13 2 4 5.5 -2 0 0 203
13 2 5 5.5 -2 0 0 223
13 2 6 0 -10 0 0 199
13 2 7 0 -10 0 0 116
13 2 8 5.5 -2 0 0 263
13 2 9 0 -10 0 0 143
13 2 10 0 -10 0 0 128
13 2 11 5.5 -2 0 0 272
13 2 12 5.5 -2 0 0 205
13 2 13 0 -10 0 0 140
13 2 14 5.5 -2 0 0 403
13 2 15 0 -10 0 0 167
13 2 16 0 -10 0 0 97
13 2 17 5.5 -2 0 0 335
13 2 18 0 -10 0 0 199
13 2 19 0 -10 0 0 152
13 2 20 5.5 -2 0 0 283
13 2 21 0 -10 0 0 199
13 2 22 0 -10 0 0 102
13 2 23 5.5 -2 0 0 302
13 2 24 5.2963 0.445302 0.729934 0.0759907 300
13 2 25 0 -10 0 0 141
13 2 26 5.5 -2 0 0 500
13 2 27 0 -10 0 0 176
13 2 28 0 -10 0 0 145
13 2 29 4.70816 0.422878 0.745022 0.0938381 368
13 2 30 0 -10 0 0 152
13 2 31 0 -10 0 0 66
13 2 32 0 -10 0 0 146
13 2 33 0 -10 0 0 195
13 2 34 5.5 -2 0 0 532
13 2 35 0 -10 0 0 159
13 2 36 5.5 -2 0 0 226
13 2 37 5.5 -2 0 0 336
13 2 38 0 -10 0 0 120
13 2 39 5.5 -2 0 0 304
13 2 40 5.5 -2 0 0 289
13 2 41 0 -10 0 0 180
13 2 42 5.5 -2 0 0 273
13 2 43 5.5 -2 0 0 431
13 2 44 0 -10 0 0 163
13 2 45 0 -10 0 0 193
13 2 46 5.5 -2 0 0 609
13 2 47 0 -10 0 0 186
13 2 48 5.5 -2 0 0 251
13 2 49 5.5 -2 0 0 400
13 2 50 5.5 -2 0 0 221
13 2 51 5.5 -2 0 0 721
13 2 52 5.5 -2 0 0 503
13 2 53 0 -10 0 0 200
13 2 54 5.5 -2 0 0 281
13 2 55 5.5 -2 0 0 546
13 2 56 5.5 -2 0 0 433
13 2 57 5.5 -2 0 0 524
13 2 58 5.5 -2 0 0 367
13 2 59 5.5 -2 0 0 686
13 2 60 5.5 -2 0 0 256
13 2 61 5.5 -2 0 0 970
13 2 62 5.5 -2 0 0 819
13 2 63 5.5 -2 0 0 428
13 3 0 5.5 -2 0 0 653
13 3 1 5.5 -2 0 0 652
13 3 2 5.5 -2 0 0 669
13 3 3 5.5 -2 0 0 845
13 3 4 5.5 -2 0 0 395
13 3 5 5.5 -2 0 0 565
13 3 6 5.5 -2 0 0 813
13 3 7 5.5 -2 0 0 437
13 3 8 5.5 -2 0 0 421
13 3 9 5.5 -2 0 0 973
13 3 10 5.5 -2 0 0 1077
13 3 11 5.5 -2 0 0 359
13 3 12 5.5 -2 0 0 578
13 3 13 5.5 -2 0 0 726
13 3 14 5.5 -2 0 0 438
13 3 15 5.5 -2 0 0 532
13 3 16 5.5 -2 0 0 1337
13 3 17 5.5 -2 0 0 329
13 3 18 5.5 -2 0 0 447
13 3 19 5.5 -2 0 0 817
13 3 20 5.5 -2 0 0 336
13 3 21 5.5 -2 0 0 1212
13 3 22 5.5 -2 0 0 783
13 3 23 5.5 -2 0 0 315
13 3 24 4.75161 0.377383 0.890559 0.148088 487
13 3 25 4.96388 0.365842 0.768727 0.103903 685
13 3 26 5.5 -2 0 0 394
13 3 27 5.5 -2 0 0 407
13 3 28 5.5 -2 0 0 522
13 3 29 5.5 -2 0 0 319
13 3 30 5.5 -2 0 0 350
13 3 31 4.66551 0.416213 0.997191 0.138088 636
13 3 32 5.5 -2 0 0 455
13 3 33 4.62773 0.450466 0.706753 0.259408 355
13 3 34 5.5 -2 0 0 301
13 3 35 5.5 -2 0 0 458
13 3 36 4.96662 0.370067 0.930131 0.0990005 315
13 3 37 5.5 -2 0 0 316
13 3 38 5.5 -2 0 0 361
13 3 39 5.5 -2 0 0 231
13 3 40 5.5 -2 0 0 301
13 3 41 4.59517 0.34712 0.854095 0.151414 393
13 3 42 5.5 -2 0 0 279
13 3 43 5.5 -2 0 0 290
13 3 44 5.5 -2 0 0 313
13 3 45 4.75756 0.339953 0.985582 0.087767 355
13 3 46 5.5 -2 0 0 266
13 3 47 5.5 -2 0 0 337
13 3 48 5.5 -2 0 0 312
13 3 49 5.5 -2 0 0 255
13 3 50 5.5 -2 0 0 281
13 3 51 5.5 -2 0 0 213
13 3 52 5.5 -2 0 0 274
13 3 53 5.5 -2 0 0 224
13 3 54 5.5 -2 0 0 257
13 3 55 5.5 -2 0 0 221
13 3 56 5.5 -2 0 0 247
13 3 57 5.5 -2 0 0 236
13 3 58 5.5 -2 0 0 245
13 3 59 1.5 -2 0 0 270
13 3 60 5.5 -2 0 0 224
13 3 61 5.5 -2 0 0 242
13 3 62 1.5 -2 0 0 223
13 3 63 1.5 -2 0 0 240
13 4 0 5.5 -2 0 0 988
13 4 1 5.5 -2 0 0 660
13 4 2 5.00001 0.439765 0.936442 0.0719659 594
13 4 3 5.5 -2 0 0 224
13 4 4 5.5 -2 0 0 321
13 4 5 4.607 0.440812 0.854399 0.0497656 352
13 4 6 5.5 -2 0 0 392
13 4 7 4.73955 -3 0 0 175
13 4 8 4.63399 0.447974 0.81418 0.0704112 464
13 4 9 5.5 -2 0 0 249
13 4 10 5.5 -2 0 0 213
13 4 11 6.01739 0.492736 0.21452 0.329157 414
13 4 12 5.48039 0.464522 0.880662 0.11168 299
13 4 13 4.73955 -3 0 0 163
13 4 14 5.00998 0.434727 0.989046 0.0861321 886
13 4 15 5.5 -2 0 0 246
13 4 16 4.73955 -3 0 0 162
13 4 17 5.23217 0.448517 0.938848 0.0235458 659
13 4 18 5.5 -2 0 0 240
13 4 19 4.73955 -3 0 0 144
13 4 20 4.66577 0.447363 0.838986 0.172804 292
13 4 21 5.04215 0.497012 0.655137 0.0777968 375
13 4 22 4.73955 -3 0 0 174
13 4 23 5.17907 0.445442 0.624381 0.350078 421
13 4 24 4.96632 0.424446 0.897826 0.133661 616
13 4 25 4.73955 -3 0 0 125
13 4 26 5.41363 0.409268 0.923417 0.0449965 811
13 4 27 4.73955 -3 0 0 174
13 4 28 4.73955 -3 0 0 166
13 4 29 5.05326 0.454228 0.843173 0.0627648 462
13 4 30 5.72265 0.395716 0.755537 0.134962 231
13 4 31 4.73955 -3 0 0 131
13 4 32 4.73955 -3 0 0 158
13 4 33 4.73955 -3 0 0 176
13 4 34 4.9115 0.35323 0.934206 0.044156 714
13 4 35 4.73955 -3 0 0 125
13 4 36 4.73955 -3 0 0 192
13 4 37 5.03034 0.473589 0.674553 0.203591 317
13 4 38 4.73955 -3 0 0 116
13 4 39 4.73955 -3 0 0 197
13 4 40 5.5 -2 0 0 270
13 4 41 4.73955 -3 0 0 145
13 4 42 4.71636 0.412214 0.570526 0.491642 239
13 4 43 5.5 -2 0 0 519
13 4 44 4.73955 -3 0 0 152
13 4 45 4.73955 -3 0 0 172
13 4 46 5.18843 0.49571 0.7607 0.0353833 690
13 4 47 4.73955 -3 0 0 115
13 4 48 4.73955 -3 0 0 194
13 4 49 5.5 -2 0 0 309
13 4 50 4.73955 -3 0 0 167
13 4 51 5.25053 0.480257 0.98559 0.0729727 323
13 4 52 4.64209 0.389169 0.887601 0.099657 408
13 4 53 4.73955 -3 0 0 138
13 4 54 5.5 -2 0 0 205
13 4 55 5.5 -2 0 0 387
13 4 56 5.5 -2 0 0 250
13 4 57 5.5 -2 0 0 278
13 4 58 5.5 -2 0 0 215
13 4 59 5.5 -2 0 0 524
13 4 60 4.73955 -3 0 0 172
13 4 61 5.5 -2 0 0 458
13 4 62 5.5 -2 0 0 500
13 4 63 5.5 -2 0 0 292
13 5 0 5.5 -2 0 0 275
13 5 1 5.5 -2 0 0 278
13 5 2 5.5 -2 0 0 322
13 5 3 5.5 -2 0 0 394
13 5 4 5.5 -2 0 0 362
13 5 5 5.5 -2 0 0 354
13 5 6 5.5 -2 0 0 365
13 5 7 5.5 -2 0 0 493
13 5 8 5.5 -2 0 0 403
13 5 9 5.5 -2 0 0 371
13 5 10 5.5 -2 0 0 396
13 5 11 5.5 -2 0 0 345
13 5 12 5.5 -2 0 0 399
13 5 13 5.5 -2 0 0 479
13 5 14 5.5 -2 0 0 289
13 5 15 5.5 -2 0 0 400
13 5 16 5.5 -2 0 0 470
13 5 17 5.5 -2 0 0 348
13 5 18 5.5 -2 0 0 429
13 5 19 4.93193 0.33712 0.701796 0.0525871 593
13 5 20 5.5 -2 0 0 455
13 5 21 5.5 -2 0 0 362
13 5 22 5.5 -2 0 0 417
13 5 23 4.91175 0.381961 0.932608 0.240222 364
13 5 24 4.77037 0.418226 0.628135 0.0837852 269
13 5 25 5.5 -2 0 0 695
13 5 26 4.66829 0.46023 0.770425 0.0589425 332
13 5 27 5.35151 0.372833 0.798325 0.109221 498
13 5 28 5.5 -2 0 0 449
13 5 29 5.07761 0.435029 0.870365 0.0690921 347
13 5 30 5.25318 0.326955 0.786211 0.176675 510
13 5 31 4.87001 0.377971 0.632337 0.261788 746
13 5 32 4.76394 0.362056 0.575891 0.125229 571
13 5 33 5.25862 0.414732 0.625043 0.298847 517
13 5 34 4.95765 0.388196 0.678487 0.0860302 397
13 5 35 5.5 -2 0 0 1735
13 5 36 5.5 -2 0 0 458
13 5 37 5.09475 0.357667 0.67513 0.162766 441
13 5 38 4.67086 0.321629 0.762704 0.0637377 1109
13 5 39 4.93978 0.252732 0.76558 0.069847 921
13 5 40 5.5 -2 0 0 478
13 5 41 4.62406 0.341785 0.767546 0.19655 612
13 5 42 5.5 -2 0 0 526
13 5 43 4.59381 0.443297 0.807134 0.0654574 436
13 5 44 5.5 -2 0 0 808
13 5 45 5.5 -2 0 0 642
13 5 46 5.5 -2 0 0 340
13 5 47 5.5 -2 0 0 1416
13 5 48 4.67836 0.430216 0.799368 0.0717035 492
13 5 49 5.5 -2 0 0 429
13 5 50 5.5 -2 0 0 850
13 5 51 5.5 -2 0 0 662
13 5 52 5.5 -2 0 0 451
13 5 53 5.5 -2 0 0 976
13 5 54 5.5 -2 0 0 740
13 5 55 5.5 -2 0 0 538
13 5 56 5.5 -2 0 0 788
13 5 57 5.5 -2 0 0 653
13 5 58 5.5 -2 0 0 674
13 5 59 5.5 -2 0 0 520
13 5 60 5.5 -2 0 0 1188
13 5 61 5.5 -2 0 0 591
13 5 62 5.5 -2 0 0 507
13 5 63 5.5 -2 0 0 633
13 6 0 5.5 -2 0 0 482
13 6 1 5.5 -2 0 0 349
13 6 2 5.5 -2 0 0 286
13 6 3 0 -10 0 0 122
13 6 4 0 -10 0 0 173
13 6 5 0 -10 0 0 196
13 6 6 5.5 -2 0 0 253
13 6 7 0 -10 0 0 101
13 6 8 5.5 -2 0 0 208
13 6 9 0 -10 0 0 172
13 6 10 0 -10 0 0 155
13 6 11 0 -10 0 0 176
13 6 12 0 -10 0 0 179
13 6 13 0 -10 0 0 110
13 6 14 5.5 -2 0 0 338
13 6 15 0 -10 0 0 111
13 6 16 0 -10 0 0 122
13 6 17 5.5 -2 0 0 240
13 6 18 0 -10 0 0 160
13 6 19 0 -10 0 0 102
13 6 20 0 -10 0 0 137
13 6 21 5.5 -2 0 0 218
13 6 22 0 -10 0 0 133
13 6 23 0 -10 0 0 144
13 6 24 5.5 -2 0 0 263
13 6 25 0 -10 0 0 82
13 6 26 5.5 -2 0 0 297
13 6 27 0 -10 0 0 114
13 6 28 0 -10 0 0 81
13 6 29 0 -10 0 0 148
13 6 30 0 -10 0 0 118
13 6 31 0 -10 0 0 84
13 6 32 0 -10 0 0 76
13 6 33 0 -10 0 0 77
13 6 34 5.5 -2 0 0 242
13 6 35 0 -10 0 0 82
13 6 36 0 -10 0 0 89
13 6 37 0 -10 0 0 132
13 6 38 0 -10 0 0 62
13 6 39 0 -10 0 0 86
13 6 40 0 -10 0 0 112
13 6 41 0 -10 0 0 71
13 6 42 0 -10 0 0 83
13 6 43 0 -10 0 0 149
13 6 44 0 -10 0 0 56
13 6 45 0 -10 0 0 98
13 6 46 0 -10 0 0 196
13 6 47 0 -10 0 0 43
13 6 48 0 -10 0 0 72
13 6 49 0 -10 0 0 109
13 6 50 0 -10 0 0 67
13 6 51 0 -10 0 0 99
13 6 52 0 -10 0 0 123
13 6 53 0 -10 0 0 78
13 6 54 0 -10 0 0 77
13 6 55 0 -10 0 0 111
13 6 56 0 -10 0 0 73
13 6 57 0 -10 0 0 108
13 6 58 0 -10 0 0 64
13 6 59 0 -10 0 0 179
13 6 60 0 -10 0 0 57
13 6 61 0 -10 0 0 98
13 6 62 0 -10 0 0 104
13 6 63 0 -10 0 0 97
13 7 0 0 -10 0 0 102
13 7 1 0 -10 0 0 111
13 7 2 0 -10 0 0 102
13 7 3 0 -10 0 0 144
13 7 4 0 -10 0 0 150
13 7 5 0 -10 0 0 101
13 7 6 0 -10 0 0 105
13 7 7 0 -10 0 0 139
13 7 8 0 -10 0 0 126
13 7 9 0 -10 0 0 106
13 7 10 0 -10 0 0 135
13 7 11 0 -10 0 0 124
13 7 12 0 -10 0 0 104
13 7 13 0 -10 0 0 144
13 7 14 0 -10 0 0 101
13 7 15 0 -10 0 0 170
13 7 16 0 -10 0 0 136
13 7 17 0 -10 0 0 111
13 7 18 0 -10 0 0 140
13 7 19 0 -10 0 0 181
13 7 20 0 -10 0 0 200
13 7 21 0 -10 0 0 116
13 7 22 0 -10 0 0 113
13 7 23 0 -10 0 0 156
13 7 24 0 -10 0 0 121
13 7 25 4.70457 0.404082 0.786625 0.166299 243
13 7 26 0 -10 0 0 124
13 7 27 5.5 -2 0 0 230
13 7 28 0 -10 0 0 171
13 7 29 0 -10 0 0 163
13 7 30 0 -10 0 0 159
13 7 31 4.82984 0.345668 0.837498 0.120185 289
13 7 32 4.93861 0.451438 0.71691 0.102579 221
13 7 33 5.5 -2 0 0 260
13 7 34 0 -10 0 0 158
13 7 35 5.5 -2 0 0 372
13 7 36 5.5 -2 0 0 207
13 7 37 5.5 -2 0 0 209
13 7 38 5.5 -2 0 0 512
13 7 39 5.5 -2 0 0 602
13 7 40 5.5 -2 0 0 223
13 7 41 5.5 -2 0 0 350
13 7 42 5.5 -2 0 0 315
13 7 43 0 -10 0 0 185
13 7 44 0 -10 0 0 0
13 7 45 5.5 -2 0 0 345
13 7 46 5.5 -2 0 0 235
13 7 47 5.5 -2 0 0 818
13 7 48 5.5 -2 0 0 302
13 7 49 5.5 -2 0 0 259
13 7 50 5.5 -2 0 0 417
13 7 51 5.5 -2 0 0 426
13 7 52 5.5 -2 0 0 250
13 7 53 5.5 -2 0 0 662
13 7 54 5.5 -2 0 0 421
13 7 55 5.5 -2 0 0 351
13 7 56 5.5 -2 0 0 562
13 7 57 5.5 -2 0 0 530
13 7 58 5.5 -2 0 0 413
13 7 59 5.5 -2 0 0 248
13 7 60 5.5 -2 0 0 621
13 7 61 5.5 -2 0 0 418
13 7 62 5.5 -2 0 0 296
13 7 63 1.5 -2 0 0 351
13 8 0 0 -10 0 0 82
13 8 1 0 -10 0 0 78
13 8 2 0 -10 0 0 71
13 8 3 0 -10 0 0 113
13 8 4 0 -10 0 0 96
13 8 5 0 -10 0 0 88
13 8 6 0 -10 0 0 81
13 8 7 0 -10 0 0 108
13 8 8 0 -10 0 0 115
13 8 9 0 -10 0 0 80
13 8 10 0 -10 0 0 99
13 8 11 0 -10 0 0 131
13 8 12 0 -10 0 0 101
13 8 13 0 -10 0 0 143
13 8 14 0 -10 0 0 88
13 8 15 0 -10 0 0 140
13 8 16 0 -10 0 0 99
13 8 17 0 -10 0 0 101
13 8 18 0 -10 0 0 115
13 8 19 0 -10 0 0 184
13 8 20 0 -10 0 0 120
13 8 21 0 -10 0 0 88
13 8 22 0 -10 0 0 117
13 8 23 0 -10 0 0 127
13 8 24 0 -10 0 0 99
13 8 25 0 -10 0 0 195
13 8 26 0 -10 0 0 113
13 8 27 0 -10 0 0 175
13 8 28 0 -10 0 0 167
13 8 29 0 -10 0 0 140
13 8 30 0 -10 0 0 129
13 8 31 5.5 -2 0 0 257
13 8 32 5.00597 0.465148 0.733961 0.119424 244
13 8 33 4.92354 0.467799 0.771946 0.0530167 203
13 8 34 0 -10 0 0 150
13 8 35 4.60067 0.39198 0.777338 0.125867 388
13 8 36 0 -10 0 0 142
13 8 37 0 -10 0 0 183
13 8 38 5.5 -2 0 0 482
13 8 39 5.5 -2 0 0 401
13 8 40 0 -10 0 0 140
13 8 41 5.5 -2 0 0 308
13 8 42 0 -10 0 0 179
13 8 43 0 -10 0 0 136
13 8 44 5.5 -2 0 0 353
13 8 45 5.5 -2 0 0 276
13 8 46 0 -10 0 0 117
13 8 47 4.80718 0.384091 0.802136 0.0489649 711
13 8 48 5.5 -2 0 0 218
13 8 49 0 -10 0 0 170
13 8 50 5.5 -2 0 0 368
13 8 51 5.5 -2 0 0 246
13 8 52 0 -10 0 0 154
13 8 53 5.5 -2 0 0 499
13 8 54 5.5 -2 0 0 289
13 8 55 5.5 -2 0 0 202
13 8 56 5.5 -2 0 0 330
13 8 57 5.5 -2 0 0 308
13 8 58 5.5 -2 0 0 252
13 8 59 0 -10 0 0 172
13 8 60 5.5 -2 0 0 414
13 8 61 5.5 -2 0 0 263
13 8 62 0 -10 0 0 190
13 8 63 1.5 -2 0 0 215
13 9 0 0 -10 0 0 0
13 9 1 0 -10 0 0 0
13 9 2 0 -10 0 0 0
13 9 3 0 -10 0 0 0
13 9 4 0 -10 0 0 0
13 9 5 0 -10 0 0 0
13 9 6 0 -10 0 0 0
13 9 7 0 -10 0 0 0
13 9 8 0 -10 0 0 0
13 9 9 0 -10 0 0 0
13 9 10 0 -10 0 0 0
13 9 11 0 -10 0 0 0
13 9 12 0 -10 0 0 0
13 9 13 0 -10 0 0 0
13 9 14 0 -10 0 0 0
13 9 15 0 -10 0 0 0
13 9 16 0 -10 0 0 0
13 9 17 0 -10 0 0 0
13 9 18 0 -10 0 0 0
13 9 19 0 -10 0 0 0
13 9 20 0 -10 0 0 0
13 9 21 0 -10 0 0 0
13 9 22 0 -10 0 0 0
13 9 23 0 -10 0 0 0
13 9 24 0 -10 0 0 0
13 9 25 0 -10 0 0 0
13 9 26 0 -10 0 0 0
13 9 27 0 -10 0 0 0
13 9 28 0 -10 0 0 0
13 9 29 0 -10 0 0 0
13 9 30 0 -10 0 0 0
13 9 31 0 -10 0 0 0
13 9 32 0 -10 0 0 0
13 9 33 0 -10 0 0 0
13 9 34 0 -10 0 0 0
13 9 35 0 -10 0 0 0
13 9 36 0 -10 0 0 0
13 9 37 0 -10 0 0 0
13 9 38 0 -10 0 0 0
13 9 39 0 -10 0 0 0
13 9 40 0 -10 0 0 0
13 9 41 0 -10 0 0 0
13 9 42 0 -10 0 0 0
13 9 43 0 -10 0 0 0
13 9 44 0 -10 0 0 0
13 9 45 0 -10 0 0 0
13 9 46 0 -10 0 0 0
13 9 47 0 -10 0 0 0
13 9 48 0 -10 0 0 0
13 9 49 0 -10 0 0 0
13 9 50 0 -10 0 0 0
13 9 51 0 -10 0 0 0
13 9 52 0 -10 0 0 0
13 9 53 0 -10 0 0 0
13 9 54 0 -10 0 0 0
13 9 55 0 -10 0 0 0
13 9 56 0 -10 0 0 0
13 9 57 0 -10 0 0 0
13 9 58 0 -10 0 0 0
13 9 59 0 -10 0 0 0
13 9 60 0 -10 0 0 0
13 9 61 0 -10 0 0 0
13 9 62 0 -10 0 0 0
13 9 63 0 -10 0 0 0
13 10 0 0 -10 0 0 166
13 10 1 0 -10 0 0 156
13 10 2 5.5 -2 0 0 212
13 10 3 5.5 -2 0 0 355
13 10 4 5.5 -2 0 0 245
13 10 5 5.5 -2 0 0 229
13 10 6 5.5 -2 0 0 230
13 10 7 5.5 -2 0 0 506
13 10 8 5.5 -2 0 0 220
13 10 9 4.63226 0.42761 0.816142 0.139953 321
13 10 10 5.5 -2 0 0 316
13 10 11 5.5 -2 0 0 260
13 10 12 5.5 -2 0 0 297
13 10 13 5.5 -2 0 0 430
13 10 14 0 -10 0 0 150
13 10 15 5.5 -2 0 0 413
13 10 16 5.5 -2 0 0 487
13 10 17 5.5 -2 0 0 207
13 10 18 5.5 -2 0 0 353
13 10 19 4.7914 0.378761 0.775972 0.131661 675
13 10 20 4.89162 0.440297 0.936131 0.101281 277
13 10 21 5.5 -2 0 0 279
13 10 22 5.5 -2 0 0 431
13 10 23 5.5 -2 0 0 253
13 10 24 0 -10 0 0 188
13 10 25 4.95715 0.381423 0.858626 0.198962 757
13 10 26 5.0051 0.435663 0.99391 0.0792607 210
13 10 27 4.82902 0.327063 0.929462 0.0865537 452
13 10 28 4.85514 0.329582 0.712198 0.0485834 537
13 10 29 4.94182 0.416509 0.727857 0.281043 222
13 10 30 5.5 -2 0 0 344
13 10 31 5.5 -2 0 0 979
13 10 32 4.78618 0.292079 0.838594 0.202426 678
13 10 33 5.5 -2 0 0 531
13 10 34 5.5 -2 0 0 210
13 10 35 5.20687 0.361234 0.765483 0.184579 1235
13 10 36 5.5 -2 0 0 393
13 10 37 4.92146 0.432858 0.707326 0.275857 256
13 10 38 5.5 -2 0 0 1270
13 10 39 4.81654 0.412264 0.927467 0.0701174 690
13 10 40 5.03641 0.497643 1.03493 0.277131 381
13 10 41 5.5 -2 0 0 794
13 10 42 4.99238 0.455774 0.906105 0.0912046 394
13 10 43 5.5 -2 0 0 259
13 10 44 5.5 -2 0 0 845
13 10 45 5.5 -2 0 0 589
13 10 46 5.5 -2 0 0 231
13 10 47 4.98568 0.301327 1.05961 0.0628102 1880
13 10 48 5.5 -2 0 0 446
13 10 49 5.5 -2 0 0 350
13 10 50 5.5 -2 0 0 703
13 10 51 5.5 -2 0 0 394
13 10 52 5.5 -2 0 0 321
13 10 53 5.5 -2 0 0 1197
13 10 54 5.5 -2 0 0 540
13 10 55 5.5 -2 0 0 332
13 10 56 5.5 -2 0 0 603
13 10 57 5.5 -2 0 0 413
13 10 58 5.5 -2 0 0 459
13 10 59 5.5 -2 0 0 275
13 10 60 5.5 -2 0 0 938
13 10 61 5.5 -2 0 0 384
13 10 62 5.5 -2 0 0 293
13 10 63 5.5 -2 0 0 412
13 11 0 5.5 -2 0 0 558
13 11 1 5.5 -2 0 0 368
13 11 2 5.5 -2 0 0 242
13 11 3 0 -10 0 0 134
13 11 4 0 -10 0 0 174
13 11 5 5.5 -2 0 0 220
13 11 6 5.5 -2 0 0 201
13 11 7 0 -10 0 0 86
13 11 8 5.5 -2 0 0 235
13 11 9 0 -10 0 0 148
13 11 10 0 -10 0 0 121
13 11 11 5.5 -2 0 0 242
13 11 12 0 -10 0 0 168
13 11 13 0 -10 0 0 104
13 11 14 5.5 -2 0 0 441
13 11 15 0 -10 0 0 129
13 11 16 0 -10 0 0 109
13 11 17 5.5 -2 0 0 292
13 11 18 0 -10 0 0 162
13 11 19 0 -10 0 0 111
13 11 20 0 -10 0 0 140
13 11 21 0 -10 0 0 146
13 11 22 0 -10 0 0 111
13 11 23 5.5 -2 0 0 229
13 11 24 5.5 -2 0 0 339
13 11 25 0 -10 0 0 102
13 11 26 5.5 -2 0 0 403
13 11 27 0 -10 0 0 137
13 11 28 0 -10 0 0 115
13 11 29 5.5 -2 0 0 248
13 11 30 0 -10 0 0 119
13 11 31 0 -10 0 0 78
13 11 32 0 -10 0 0 80
13 11 33 0 -10 0 0 93
13 11 34 5.5 -2 0 0 341
13 11 35 0 -10 0 0 75
13 11 36 0 -10 0 0 115
13 11 37 5.5 -2 0 0 213
13 11 38 0 -10 0 0 96
13 11 39 0 -10 0 0 103
13 11 40 0 -10 0 0 128
13 11 41 0 -10 0 0 66
13 11 42 0 -10 0 0 165
13 11 43 5.5 -2 0 0 234
13 11 44 0 -10 0 0 82
13 11 45 0 -10 0 0 96
13 11 46 5.5 -2 0 0 304
13 11 47 0 -10 0 0 70
13 11 48 0 -10 0 0 127
13 11 49 0 -10 0 0 190
13 11 50 0 -10 0 0 95
13 11 51 0 -10 0 0 192
13 11 52 5.5 -2 0 0 249
13 11 53 0 -10 0 0 75
13 11 54 0 -10 0 0 127
13 11 55 5.5 -2 0 0 219
13 11 56 0 -10 0 0 148
13 11 57 0 -10 0 0 161
13 11 58 0 -10 0 0 141
13 11 59 1.5 -2 0 0 320
13 11 60 0 -10 0 0 83
13 11 61 1.5 -2 0 0 224
13 11 62 1.5 -2 0 0 277
13 11 63 0 -10 0 0 170
13 12 0 5.5 -2 0 0 359
13 12 1 5.5 -2 0 0 387
13 12 2 5.5 -2 0 0 473
13 12 3 5.5 -2 0 0 737
13 12 4 5.5 -2 0 0 410
13 12 5 4.67154 0.354202 0.776961 0.0780411 500
13 12 6 5.5 -2 0 0 567
13 12 7 4.59869 0.33903 0.950129 0.0933495 1452
13 12 8 5.5 -2 0 0 415
13 12 9 4.7962 0.41609 0.843581 0.0706406 981
13 12 10 5.5 -2 0 0 1203
13 12 11 5.5 -2 0 0 384
13 12 12 5.5 -2 0 0 645
13 12 13 5.1126 0.432142 0.639148 0.227364 833
13 12 14 5.5 -2 0 0 310
13 12 15 5.5 -2 0 0 676
13 12 16 5.29977 0.374565 0.836846 0.100652 1787
13 12 17 4.6083 0.388697 0.676272 0.149672 307
13 12 18 4.58357 0.437838 0.567329 0.125961 542
13 12 19 4.80153 0.309524 0.971736 0.0567114 1227
13 12 20 4.685 0.451848 0.590869 0.457873 388
13 12 21 4.96627 0.308205 0.803676 0.0491532 637
13 12 22 5.5 -2 0 0 969
13 12 23 4.82726 0.410272 0.677249 0.0935835 339
13 12 24 5.01516 0.485961 0.803403 0.215686 356
13 12 25 5.17948 0.464275 0.665898 0.142178 1048
13 12 26 4.78349 0.395579 0.867196 0.0562359 282
13 12 27 5.5 -2 0 0 570
13 12 28 4.65815 0.320403 0.85484 0.144532 748
13 12 29 5.5 -2 0 0 268
13 12 30 4.6431 0.384194 0.656357 0.329581 494
13 12 31 4.99541 0.426958 0.783095 0.10259 866
13 12 32 5.44556 0.376328 1.02678 0.208398 649
13 12 33 5.09226 0.355654 0.867221 0.0890441 484
13 12 34 4.74629 0.394024 0.804865 0.281518 222
13 12 35 4.95997 0.34294 0.755138 0.323312 747
13 12 36 5.08668 0.416794 0.674506 0.151709 398
13 12 37 5.5 -2 0 0 254
13 12 38 5.19937 0.404961 0.791043 0.0642373 559
13 12 39 5.5 -2 0 0 317
13 12 40 4.90579 0.383974 0.844748 0.0940641 314
13 12 41 4.91696 0.389821 0.96259 0.0427075 485
13 12 42 5.5 -2 0 0 298
13 12 43 5.5 -2 0 0 244
13 12 44 5.5 -2 0 0 487
13 12 45 5.08002 0.433741 1.21134 0.085411 417
13 12 46 5.5 -2 0 0 206
13 12 47 4.9056 0.456117 0.653986 0.0228954 537
13 12 48 5.5 -2 0 0 354
13 12 49 5.5 -2 0 0 235
13 12 50 5.5 -2 0 0 369
13 12 51 4.66699 -3 0 0 170
13 12 52 4.66699 -3 0 0 189
13 12 53 5.5 -2 0 0 410
13 12 54 5.5 -2 0 0 302
13 12 55 4.66699 -3 0 0 176
13 12 56 5.5 -2 0 0 243
13 12 57 4.66699 -3 0 0 165
13 12 58 5.5 -2 0 0 252
13 12 59 5.5 -2 0 0 213
13 12 60 5.5 -2 0 0 316
13 12 61 4.66699 -3 0 0 168
13 12 62 4.66699 -3 0 0 160
13 12 63 5.5 -2 0 0 219
13 13 0 5.5 -2 0 0 275
13 13 1 4.66915 -3 0 0 186
13 13 2 4.66915 -3 0 0 126
13 13 3 4.66915 -3 0 0 83
13 13 4 4.66915 -3 0 0 137
13 13 5 4.66915 -3 0 0 138
13 13 6 4.66915 -3 0 0 153
13 13 7 4.66915 -3 0 0 75
13 13 8 4.66915 -3 0 0 179
13 13 9 4.66915 -3 0 0 109
13 13 10 4.66915 -3 0 0 74
13 13 11 4.66915 -3 0 0 183
13 13 12 4.66915 -3 0 0 124
13 13 13 4.66915 -3 0 0 79
13 13 14 5.5 -2 0 0 284
13 13 15 4.66915 -3 0 0 102
13 13 16 4.66915 -3 0 0 67
13 13 17 5.5 -2 0 0 223
13 13 18 4.66915 -3 0 0 114
13 13 19 4.66915 -3 0 0 72
13 13 20 4.66915 -3 0 0 154
13 13 21 4.66915 -3 0 0 136
13 13 22 4.66915 -3 0 0 81
13 13 23 4.66915 -3 0 0 182
13 13 24 5.5 -2 0 0 213
13 13 25 4.66915 -3 0 0 92
13 13 26 5.95029 0.57061 0.929024 0.0380387 325
13 13 27 4.66915 -3 0 0 96
13 13 28 4.66915 -3 0 0 66
13 13 29 5.5 -2 0 0 203
13 13 30 4.66915 -3 0 0 105
13 13 31 4.66915 -3 0 0 87
13 13 32 4.66915 -3 0 0 92
13 13 33 4.66915 -3 0 0 127
13 13 34 5.76472 0.486683 0.770745 0.102247 348
13 13 35 4.66915 -3 0 0 90
13 13 36 4.66915 -3 0 0 115
13 13 37 4.66915 -3 0 0 193
13 13 38 4.66915 -3 0 0 110
13 13 39 4.66915 -3 0 0 164
13 13 40 4.66915 -3 0 0 160
13 13 41 4.66915 -3 0 0 92
13 13 42 4.66915 -3 0 0 177
13 13 43 5.5 -2 0 0 263
13 13 44 4.66915 -3 0 0 97
13 13 45 4.66915 -3 0 0 119
13 13 46 5.4507 0.509947 0.677309 0.0507924 393
13 13 47 4.66915 -3 0 0 119
13 13 48 4.66915 -3 0 0 128
13 13 49 5.5 -2 0 0 225
13 13 50 4.66915 -3 0 0 124
13 13 51 5.5 -2 0 0 352
13 13 52 5.5 -2 0 0 245
13 13 53 4.66915 -3 0 0 112
13 13 54 4.66915 -3 0 0 139
13 13 55 5.5 -2 0 0 283
13 13 56 4.66915 -3 0 0 198
13 13 57 5.5 -2 0 0 257
13 13 58 4.66915 -3 0 0 155
13 13 59 5.5 -2 0 0 382
13 13 60 4.66915 -3 0 0 140
13 13 61 5.5 -2 0 0 454
13 13 62 5.5 -2 0 0 439
13 13 63 5.5 -2 0 0 235
13 14 0 5.5 -2 0 0 279
13 14 1 5.5 -2 0 0 289
13 14 2 5.5 -2 0 0 313
13 14 3 5.5 -2 0 0 366
13 14 4 5.5 -2 0 0 222
13 14 5 5.5 -2 0 0 277
13 14 6 5.5 -2 0 0 366
13 14 7 5.5 -2 0 0 504
13 14 8 5.5 -2 0 0 237
13 14 9 5.5 -2 0 0 582
13 14 10 5.5 -2 0 0 558
13 14 11 4.68128 0.359424 0.808381 0.123874 203
13 14 12 5.5 -2 0 0 344
13 14 13 4.8363 0.40219 0.602884 0.0936188 344
13 14 14 5.5 -2 0 0 204
13 14 15 5.5 -2 0 0 265
13 14 16 4.99818 0.379319 0.800167 0.039926 820
13 14 17 0 -10 0 0 184
13 14 18 5.5 -2 0 0 263
13 14 19 5.13604 0.448073 0.940594 0.019746 418
13 14 20 0 -10 0 0 171
13 14 21 5.5 -2 0 0 472
13 14 22 4.75218 0.402384 0.889604 0.0701451 370
13 14 23 0 -10 0 0 175
13 14 24 5.5 -2 0 0 203
13 14 25 5.5 -2 0 0 331
13 14 26 0 -10 0 0 146
13 14 27 0 -10 0 0 196
13 14 28 5.5 -2 0 0 236
13 14 29 0 -10 0 0 137
13 14 30 4.92715 0.446841 0.678889 0.192859 218
13 14 31 4.66821 0.443109 0.545808 0.165317 237
13 14 32 0 -10 0 0 187
13 14 33 0 -10 0 0 175
13 14 34 0 -10 0 0 156
13 14 35 0 -10 0 0 197
13 14 36 0 -10 0 0 142
13 14 37 0 -10 0 0 117
13 14 38 0 -10 0 0 146
13 14 39 0 -10 0 0 134
13 14 40 0 -10 0 0 148
13 14 41 0 -10 0 0 163
13 14 42 0 -10 0 0 138
13 14 43 0 -10 0 0 109
13 14 44 0 -10 0 0 127
13 14 45 0 -10 0 0 140
13 14 46 0 -10 0 0 115
13 14 47 0 -10 0 0 143
13 14 48 0 -10 0 0 134
13 14 49 0 -10 0 0 101
13 14 50 0 -10 0 0 129
13 14 51 0 -10 0 0 75
13 14 52 0 -10 0 0 103
13 14 53 0 -10 0 0 124
13 14 54 0 -10 0 0 99
13 14 55 0 -10 0 0 78
13 14 56 0 -10 0 0 101
13 14 57 0 -10 0 0 85
13 14 58 0 -10 0 0 98
13 14 59 0 -10 0 0 91
13 14 60 0 -10 0 0 140
13 14 61 0 -10 0 0 78
13 14 62 0 -10 0 0 83
13 14 63 0 -10 0 0 97
13 15 0 0 -10 0 0 83
13 15 1 0 -10 0 0 83
13 15 2 0 -10 0 0 73
13 15 3 0 -10 0 0 52
13 15 4 0 -10 0 0 61
13 15 5 0 -10 0 0 60
13 15 6 0 -10 0 0 64
13 15 7 0 -10 0 0 48
13 15 8 0 -10 0 0 54
13 15 9 0 -10 0 0 49
13 15 10 0 -10 0 0 42
13 15 11 0 -10 0 0 84
13 15 12 0 -10 0 0 52
13 15 13 0 -10 0 0 57
13 15 14 0 -10 0 0 101
13 15 15 0 -10 0 0 46
13 15 16 0 -10 0 0 38
13 15 17 0 -10 0 0 97
13 15 18 0 -10 0 0 63
13 15 19 0 -10 0 0 34
13 15 20 0 -10 0 0 61
13 15 21 0 -10 0 0 51
13 15 22 0 -10 0 0 41
13 15 23 0 -10 0 0 93
13 15 24 0 -10 0 0 75
13 15 25 0 -10 0 0 55
13 15 26 0 -10 0 0 103
13 15 27 0 -10 0 0 43
13 15 28 0 -10 0 0 59
13 15 29 0 -10 0 0 112
13 15 30 0 -10 0 0 57
13 15 31 0 -10 0 0 54
13 15 32 0 -10 0 0 60
13 15 33 0 -10 0 0 61
13 15 34 0 -10 0 0 145
13 15 35 0 -10 0 0 75
13 15 36 0 -10 0 0 70
13 15 37 0 -10 0 0 106
13 15 38 0 -10 0 0 68
13 15 39 0 -10 0 0 142
13 15 40 0 -10 0 0 93
13 15 41 0 -10 0 0 59
13 15 42 0 -10 0 0 101
13 15 43 0 -10 0 0 118
13 15 44 0 -10 0 0 64
13 15 45 0 -10 0 0 56
13 15 46 0 -10 0 0 166
13 15 47 0 -10 0 0 82
13 15 48 0 -10 0 0 70
13 15 49 0 -10 0 0 118
13 15 50 0 -10 0 0 88
13 15 51 5.5 -2 0 0 208
13 15 52 0 -10 0 0 131
13 15 53 0 -10 0 0 94
13 15 54 0 -10 0 0 89
13 15 55 0 -10 0 0 166
13 15 56 0 -10 0 0 138
13 15 57 0 -10 0 0 183
13 15 58 0 -10 0 0 125
13 15 59 0 -10 0 0 180
13 15 60 0 -10 0 0 106
13 15 61 1.5 -2 0 0 217
13 15 62 1.5 -2 0 0 217
13 15 63 0 -10 0 0 140
14 0 0 5.23445 -3 0 0 125
14 0 1 5.23445 -3 0 0 79
14 0 2 5.23445 -3 0 0 107
14 0 3 5.23445 -3 0 0 64
14 0 4 5.23445 -3 0 0 130
14 0 5 5.23445 -3 0 0 77
14 0 6 5.23445 -3 0 0 61
14 0 7 5.23445 -3 0 0 87
14 0 8 5.23445 -3 0 0 93
14 0 9 5.23445 -3 0 0 76
14 0 10 5.23445 -3 0 0 45
14 0 11 5.23445 -3 0 0 148
14 0 12 5.23445 -3 0 0 79
14 0 13 5.23445 -3 0 0 82
14 0 14 5.23445 -3 0 0 143
14 0 15 5.23445 -3 0 0 78
14 0 16 5.23445 -3 0 0 23
14 0 17 5.23445 -3 0 0 118
14 0 18 5.23445 -3 0 0 73
14 0 19 5.23445 -3 0 0 82
14 0 20 5.23445 -3 0 0 117
14 0 21 5.23445 -3 0 0 67
14 0 22 5.23445 -3 0 0 65
14 0 23 5.23445 -3 0 0 177
14 0 24 5.23445 -3 0 0 120
14 0 25 5.23445 -3 0 0 99
14 0 26 5.23445 -3 0 0 167
14 0 27 5.23445 -3 0 0 110
14 0 28 5.23445 -3 0 0 103
14 0 29 5.23445 -3 0 0 130
14 0 30 5.23445 -3 0 0 50
14 0 31 5.23445 -3 0 0 123
14 0 32 5.23445 -3 0 0 123
14 0 33 5.23445 -3 0 0 91
14 0 34 5.23445 -3 0 0 192
14 0 35 5.23445 -3 0 0 95
14 0 36 5.23445 -3 0 0 65
14 0 37 5.23445 -3 0 0 126
14 0 38 5.23445 -3 0 0 152
14 0 39 6.65572 0.599739 0.728511 0.144324 225
14 0 40 5.23445 -3 0 0 118
14 0 41 5.23445 -3 0 0 138
14 0 42 5.23445 -3 0 0 141
14 0 43 5.80778 0.547117 0.894933 0.293897 206
14 0 44 5.23445 -3 0 0 164
14 0 45 5.23445 -3 0 0 158
14 0 46 5.5 -2 0 0 231
14 0 47 5.5 -2 0 0 217
14 0 48 5.23445 -3 0 0 123
14 0 49 5.23445 -3 0 0 167
14 0 50 5.23445 -3 0 0 190
14 0 51 5.5 -2 0 0 368
14 0 52 5.5 -2 0 0 258
14 0 53 5.23445 -3 0 0 165
14 0 54 5.23445 -3 0 0 156
14 0 55 5.5 -2 0 0 303
14 0 56 5.5 -2 0 0 274
14 0 57 0 -10 0 0 0
14 0 58 5.23445 -3 0 0 186
14 0 59 5.5 -2 0 0 316
14 0 60 5.23445 -3 0 0 184
14 0 61 5.5 -2 0 0 425
14 0 62 5.5 -2 0 0 359
14 0 63 5.5 -2 0 0 202
14 1 0 5.5 -2 0 0 410
14 1 1 5.5 -2 0 0 330
14 1 2 5.5 -2 0 0 447
14 1 3 5.5 -2 0 0 309
14 1 4 0 -10 0 0 133
14 1 5 5.5 -2 0 0 300
14 1 6 5.5 -2 0 0 448
14 1 7 5.5 -2 0 0 404
14 1 8 5.5 -2 0 0 220
14 1 9 5.5 -2 0 0 436
14 1 10 5.5 -2 0 0 527
14 1 11 5.5 -2 0 0 264
14 1 12 5.5 -2 0 0 286
14 1 13 5.5 -2 0 0 267
14 1 14 5.5 -2 0 0 288
14 1 15 5.5 -2 0 0 233
14 1 16 5.5 -2 0 0 550
14 1 17 0 -10 0 0 197
14 1 18 5.5 -2 0 0 210
14 1 19 5.5 -2 0 0 274
14 1 20 0 -10 0 0 109
14 1 21 5.5 -2 0 0 412
14 1 22 5.5 -2 0 0 321
14 1 23 0 -10 0 0 171
14 1 24 5.5 -2 0 0 228
14 1 25 5.5 -2 0 0 276
14 1 26 0 -10 0 0 196
14 1 27 0 -10 0 0 181
14 1 28 0 -10 0 0 192
14 1 29 0 -10 0 0 185
14 1 30 0 -10 0 0 92
14 1 31 5.5 -2 0 0 236
14 1 32 0 -10 0 0 140
14 1 33 0 -10 0 0 151
14 1 34 0 -10 0 0 163
14 1 35 0 -10 0 0 148
14 1 36 0 -10 0 0 110
14 1 37 0 -10 0 0 171
14 1 38 0 -10 0 0 143
14 1 39 0 -10 0 0 83
14 1 40 0 -10 0 0 151
14 1 41 0 -10 0 0 122
14 1 42 0 -10 0 0 163
14 1 43 0 -10 0 0 139
14 1 44 0 -10 0 0 114
14 1 45 0 -10 0 0 134
14 1 46 0 -10 0 0 140
14 1 47 0 -10 0 0 87
14 1 48 0 -10 0 0 2
14 1 49 0 -10 0 0 100
14 1 50 0 -10 0 0 114
14 1 51 0 -10 0 0 83
14 1 52 0 -10 0 0 103
14 1 53 0 -10 0 0 117
14 1 54 0 -10 0 0 144
14 1 55 0 -10 0 0 96
14 1 56 0 -10 0 0 103
14 1 57 0 -10 0 0 99
14 1 58 0 -10 0 0 102
14 1 59 0 -10 0 0 96
14 1 60 0 -10 0 0 71
14 1 61 0 -10 0 0 56
14 1 62 0 -10 0 0 135
14 1 63 0 -10 0 0 104
14 2 0 5.5 -2 0 0 379
14 2 1 5.5 -2 0 0 397
14 2 2 5.5 -2 0 0 336
14 2 3 0 -10 0 0 157
14 2 4 5.5 -2 0 0 229
14 2 5 5.5 -2 0 0 308
14 2 6 5.5 -2 0 0 275
14 2 7 0 -10 0 0 89
14 2 8 5.01882 0.495876 0.945571 0.183026 277
14 2 9 5.5 -2 0 0 221
14 2 10 0 -10 0 0 165
14 2 11 4.65493 0.435827 0.786368 0.0930047 242
14 2 12 5.5 -2 0 0 284
14 2 13 5.5 -2 0 0 202
14 2 14 5.5 -2 0 0 577
14 2 15 0 -10 0 0 135
14 2 16 0 -10 0 0 141
14 2 17 5.5 -2 0 0 340
14 2 18 0 -10 0 0 179
14 2 19 0 -10 0 0 178
14 2 20 5.5 -2 0 0 425
14 2 21 0 -10 0 0 189
14 2 22 0 -10 0 0 120
14 2 23 5.5 -2 0 0 203
14 2 24 0 -10 0 0 0
14 2 25 0 -10 0 0 119
14 2 26 4.76935 0.425643 0.888688 0.0354064 684
14 2 27 0 -10 0 0 196
14 2 28 5.5 -2 0 0 290
14 2 29 5.33571 0.433669 0.750601 0.0314919 358
14 2 30 0 -10 0 0 94
14 2 31 0 -10 0 0 112
14 2 32 0 -10 0 0 0
14 2 33 0 -10 0 0 163
14 2 34 5.5 -2 0 0 665
14 2 35 0 -10 0 0 6
14 2 36 4.66687 0.466232 0.667514 0.162823 307
14 2 37 5.1041 0.501443 0.563532 0.233309 295
14 2 38 0 -10 0 0 18
14 2 39 4.79353 0.443974 0.863396 0.0175603 409
14 2 40 0 -10 0 0 140
14 2 41 5.5 -2 0 0 247
14 2 42 5.5 -2 0 0 285
14 2 43 5.5 -2 0 0 418
14 2 44 5.5 -2 0 0 236
14 2 45 4.72582 0.420281 0.803815 0.210423 288
14 2 46 0 -10 0 0 0
14 2 47 5.5 -2 0 0 262
14 2 48 5.5 -2 0 0 296
14 2 49 5.5 -2 0 0 389
14 2 50 4.73363 0.455171 0.841042 0.0686469 269
14 2 51 5.5 -2 0 0 674
14 2 52 5.5 -2 0 0 532
14 2 53 5.5 -2 0 0 299
14 2 54 5.5 -2 0 0 336
14 2 55 5.5 -2 0 0 580
14 2 56 5.5 -2 0 0 511
14 2 57 5.5 -2 0 0 733
14 2 58 5.5 -2 0 0 528
14 2 59 5.5 -2 0 0 1319
14 2 60 5.5 -2 0 0 251
14 2 61 5.5 -2 0 0 1220
14 2 62 1.5 -2 0 0 972
14 2 63 1.5 -2 0 0 496
14 3 0 5.5 -2 0 0 657
14 3 1 5.5 -2 0 0 506
14 3 2 5.5 -2 0 0 614
14 3 3 5.5 -2 0 0 837
14 3 4 5.5 -2 0 0 392
14 3 5 5.5 -2 0 0 705
14 3 6 5.5 -2 0 0 688
14 3 7 5.5 -2 0 0 848
14 3 8 5.5 -2 0 0 399
14 3 9 5.5 -2 0 0 1179
14 3 10 5.5 -2 0 0 1341
14 3 11 5.5 -2 0 0 362
14 3 12 5.5 -2 0 0 605
14 3 13 5.5 -2 0 0 648
14 3 14 5.5 -2 0 0 572
14 3 15 5.5 -2 0 0 665
14 3 16 5.5 -2 0 0 1435
14 3 17 5.5 -2 0 0 339
14 3 18 5.5 -2 0 0 433
14 3 19 5.5 -2 0 0 880
14 3 20 0 -10 0 0 161
14 3 21 5.5 -2 0 0 1115
14 3 22 5.5 -2 0 0 905
14 3 23 0 -10 0 0 193
14 3 24 5.5 -2 0 0 583
14 3 25 4.60576 0.332014 0.8672 0.0517725 686
14 3 26 4.65072 0.346809 0.947154 0.0772625 306
14 3 27 4.96057 0.303314 0.962553 0.138492 384
14 3 28 4.69552 0.323798 0.781018 0.105841 659
14 3 29 5.03375 0.427628 0.607629 0.0990509 276
14 3 30 4.79102 0.398453 1.12601 0.111572 277
14 3 31 4.61532 0.38113 0.7595 0.0785364 491
14 3 32 5.5 -2 0 0 405
14 3 33 5.5 -2 0 0 420
14 3 34 4.79167 0.360458 0.991185 0.124626 326
14 3 35 5.5 -2 0 0 527
14 3 36 4.85503 0.396343 1.0118 0.117327 306
14 3 37 5.5 -2 0 0 216
14 3 38 4.63722 0.400152 0.92295 0.190924 431
14 3 39 4.83922 0.381603 0.762193 0.184827 226
14 3 40 0 -10 0 0 173
14 3 41 5.5 -2 0 0 434
14 3 42 5.5 -2 0 0 351
14 3 43 4.82213 0.443933 0.706986 0.139417 280
14 3 44 5.5 -2 0 0 370
14 3 45 5.5 -2 0 0 285
14 3 46 5.5 -2 0 0 221
14 3 47 5.5 -2 0 0 418
14 3 48 5.5 -2 0 0 277
14 3 49 5.5 -2 0 0 299
14 3 50 5.5 -2 0 0 360
14 3 51 5.5 -2 0 0 212
14 3 52 5.5 -2 0 0 351
14 3 53 5.5 -2 0 0 283
14 3 54 5.5 -2 0 0 255
14 3 55 5.5 -2 0 0 220
14 3 56 5.5 -2 0 0 221
14 3 57 5.5 -2 0 0 222
14 3 58 1.5 -2 0 0 318
14 3 59 5.5 -2 0 0 293
14 3 60 5.5 -2 0 0 291
14 3 61 5.5 -2 0 0 203
14 3 62 0 -10 0 0 200
14 3 63 5.5 -2 0 0 239
14 4 0 5.5 -2 0 0 849
14 4 1 5.5 -2 0 0 691
14 4 2 5.5 -2 0 0 614
14 4 3 5.5 -2 0 0 303
14 4 4 5.5 -2 0 0 429
14 4 5 5.5 -2 0 0 481
14 4 6 5.5 -2 0 0 445
14 4 7 5.5 -2 0 0 256
14 4 8 5.5 -2 0 0 601
14 4 9 5.5 -2 0 0 319
14 4 10 0 -10 0 0 171
14 4 11 5.5 -2 0 0 334
14 4 12 5.5 -2 0 0 306
14 4 13 5.5 -2 0 0 241
14 4 14 5.5 -2 0 0 801
14 4 15 0 -10 0 0 191
14 4 16 0 -10 0 0 163
14 4 17 5.5 -2 0 0 746
14 4 18 5.5 -2 0 0 317
14 4 19 0 -10 0 0 175
14 4 20 0 -10 0 0 138
14 4 21 5.5 -2 0 0 418
14 4 22 0 -10 0 0 192
14 4 23 5.5 -2 0 0 428
14 4 24 5.5 -2 0 0 517
14 4 25 0 -10 0 0 161
14 4 26 4.75203 0.414275 0.835367 0.0790589 923
14 4 27 5.5 -2 0 0 211
14 4 28 5.5 -2 0 0 218
14 4 29 4.60411 0.393818 0.726151 0.218531 563
14 4 30 5.5 -2 0 0 279
14 4 31 0 -10 0 0 177
14 4 32 5.5 -2 0 0 205
14 4 33 0 -10 0 0 184
14 4 34 5.5 -2 0 0 585
14 4 35 0 -10 0 0 142
14 4 36 5.5 -2 0 0 245
14 4 37 5.5 -2 0 0 353
14 4 38 0 -10 0 0 149
14 4 39 5.5 -2 0 0 226
14 4 40 0 -10 0 0 178
14 4 41 0 -10 0 0 186
14 4 42 5.5 -2 0 0 259
14 4 43 5.5 -2 0 0 559
14 4 44 0 -10 0 0 124
14 4 45 0 -10 0 0 155
14 4 46 5.5 -2 0 0 754
14 4 47 0 -10 0 0 126
14 4 48 5.5 -2 0 0 287
14 4 49 5.5 -2 0 0 327
14 4 50 5.5 -2 0 0 210
14 4 51 5.5 -2 0 0 384
14 4 52 5.5 -2 0 0 490
14 4 53 0 -10 0 0 180
14 4 54 0 -10 0 0 164
14 4 55 5.5 -2 0 0 447
14 4 56 1.5 -2 0 0 250
14 4 57 5.5 -2 0 0 355
14 4 58 1.5 -2 0 0 253
14 4 59 5.5 -2 0 0 589
14 4 60 0 -10 0 0 147
14 4 61 1.5 -2 0 0 506
14 4 62 1.5 -2 0 0 544
14 4 63 1.5 -2 0 0 332
14 5 0 4.6209 0.411183 0.825076 0.128214 280
14 5 1 5.5 -2 0 0 288
14 5 2 4.58627 0.457564 0.627195 0.233599 253
14 5 3 5.5 -2 0 0 425
14 5 4 5.5 -2 0 0 388
14 5 5 5.5 -2 0 0 337
14 5 6 5.5 -2 0 0 370
14 5 7 5.5 -2 0 0 511
14 5 8 4.76465 0.435397 0.921274 0.132399 368
14 5 9 4.83249 0.369605 0.645181 0.239511 298
14 5 10 5.5 -2 0 0 426
14 5 11 4.78557 0.370982 0.771486 0.138693 262
14 5 12 5.5 -2 0 0 418
14 5 13 5.08364 0.418301 0.863443 0.174071 503
14 5 14 5.5 -2 0 0 312
14 5 15 5.02363 0.472779 0.929273 0.0731454 512
14 5 16 4.70675 0.423767 0.956127 0.0295142 429
14 5 17 4.8405 0.397648 0.56653 0.154663 324
14 5 18 4.70722 0.326365 0.782779 0.241712 332
14 5 19 4.73974 0.384631 0.835383 0.126181 630
14 5 20 4.58531 0.363494 0.876407 0.129128 658
14 5 21 4.80492 0.411339 0.891718 0.208675 410
14 5 22 5.08134 0.434727 0.755305 0.0848244 463
14 5 23 5.11713 0.360581 0.761687 0.0753459 452
14 5 24 4.76794 0.462333 0.846329 0.129669 318
14 5 25 5.5 -2 0 0 658
14 5 26 5.06128 0.464926 0.706644 0.087212 360
14 5 27 5.5 -2 0 0 342
14 5 28 5.24083 0.439528 0.565723 0.173902 474
14 5 29 5.5 -2 0 0 396
14 5 30 5.27769 0.378796 0.914492 0.0846294 523
14 5 31 5.19668 0.395002 0.83977 0.0898446 550
14 5 32 5.24731 0.366496 0.873037 0.134199 656
14 5 33 5.1851 0.43607 0.731528 0.102387 577
14 5 34 5.17375 0.486891 0.622155 0.152578 405
14 5 35 4.83231 0.369636 0.897476 0.126612 1075
14 5 36 5.30443 0.331412 1.001 0.0287996 309
14 5 37 5.76017 0.337338 0.880265 0.0398831 381
14 5 38 4.87814 0.34414 0.698467 0.0660099 859
14 5 39 4.70514 0.420614 1.05711 0.0604351 994
14 5 40 4.73308 0.349499 0.884458 0.134212 488
14 5 41 4.98849 0.349324 1.00787 0.102215 758
14 5 42 4.93427 0.38338 0.677769 0.122341 562
14 5 43 4.90309 0.466404 0.853316 0.192214 442
14 5 44 4.85407 0.396835 0.918344 0.0637262 935
14 5 45 5.10792 0.315479 0.883252 0.0813541 695
14 5 46 5.5 -2 0 0 456
14 5 47 4.81712 0.351876 0.829687 0.0597013 1041
14 5 48 5.09696 0.388216 1.02578 0.072628 715
14 5 49 5.5 -2 0 0 559
14 5 50 4.76958 0.317113 0.933075 0.0448999 837
14 5 51 5.5 -2 0 0 686
14 5 52 5.5 -2 0 0 479
14 5 53 5.5 -2 0 0 919
14 5 54 4.92164 0.371941 0.7136 0.0897661 555
14 5 55 4.59097 0.398865 0.918802 0.0265872 497
14 5 56 5.5 -2 0 0 803
14 5 57 5.5 -2 0 0 717
14 5 58 5.5 -2 0 0 768
14 5 59 5.5 -2 0 0 468
14 5 60 5.5 -2 0 0 770
14 5 61 5.5 -2 0 0 601
14 5 62 5.5 -2 0 0 396
14 5 63 5.5 -2 0 0 439
14 6 0 5.5 -2 0 0 542
14 6 1 5.5 -2 0 0 343
14 6 2 5.5 -2 0 0 371
14 6 3 0 -10 0 0 174
14 6 4 0 -10 0 0 199
14 6 5 5.5 -2 0 0 229
14 6 6 5.5 -2 0 0 273
14 6 7 0 -10 0 0 126
14 6 8 0 -10 0 0 193
14 6 9 0 -10 0 0 190
14 6 10 0 -10 0 0 192
14 6 11 5.5 -2 0 0 235
14 6 12 0 -10 0 0 159
14 6 13 0 -10 0 0 96
14 6 14 5.5 -2 0 0 312
14 6 15 0 -10 0 0 167
14 6 16 0 -10 0 0 123
14 6 17 5.5 -2 0 0 267
14 6 18 0 -10 0 0 149
14 6 19 0 -10 0 0 83
14 6 20 0 -10 0 0 149
14 6 21 0 -10 0 0 198
14 6 22 0 -10 0 0 173
14 6 23 0 -10 0 0 120
14 6 24 5.5 -2 0 0 244
14 6 25 0 -10 0 0 99
14 6 26 5.5 -2 0 0 300
14 6 27 0 -10 0 0 124
14 6 28 0 -10 0 0 101
14 6 29 0 -10 0 0 154
14 6 30 0 -10 0 0 60
14 6 31 0 -10 0 0 96
14 6 32 0 -10 0 0 78
14 6 33 0 -10 0 0 97
14 6 34 5.5 -2 0 0 279
14 6 35 0 -10 0 0 88
14 6 36 0 -10 0 0 54
14 6 37 0 -10 0 0 140
14 6 38 0 -10 0 0 80
14 6 39 0 -10 0 0 96
14 6 40 0 -10 0 0 143
14 6 41 0 -10 0 0 75
14 6 42 0 -10 0 0 103
14 6 43 0 -10 0 0 151
14 6 44 0 -10 0 0 90
14 6 45 0 -10 0 0 94
14 6 46 5.5 -2 0 0 216
14 6 47 0 -10 0 0 63
14 6 48 0 -10 0 0 76
14 6 49 0 -10 0 0 102
14 6 50 0 -10 0 0 70
14 6 51 0 -10 0 0 83
14 6 52 0 -10 0 0 150
14 6 53 0 -10 0 0 74
14 6 54 0 -10 0 0 58
14 6 55 0 -10 0 0 116
14 6 56 0 -10 0 0 97
14 6 57 0 -10 0 0 92
14 6 58 0 -10 0 0 96
14 6 59 0 -10 0 0 189
14 6 60 0 -10 0 0 83
14 6 61 0 -10 0 0 118
14 6 62 0 -10 0 0 157
14 6 63 0 -10 0 0 89
14 7 0 0 -10 0 0 121
14 7 1 0 -10 0 0 113
14 7 2 0 -10 0 0 113
14 7 3 0 -10 0 0 148
14 7 4 1.5 -2 0 0 209
14 7 5 0 -10 0 0 144
14 7 6 0 -10 0 0 139
14 7 7 0 -10 0 0 128
14 7 8 0 -10 0 0 164
14 7 9 0 -10 0 0 98
14 7 10 0 -10 0 0 159
14 7 11 0 -10 0 0 110
14 7 12 0 -10 0 0 98
14 7 13 0 -10 0 0 186
14 7 14 0 -10 0 0 99
14 7 15 0 -10 0 0 194
14 7 16 0 -10 0 0 139
14 7 17 0 -10 0 0 129
14 7 18 0 -10 0 0 143
14 7 19 0 -10 0 0 186
14 7 20 0 -10 0 0 108
14 7 21 0 -10 0 0 158
14 7 22 0 -10 0 0 172
14 7 23 0 -10 0 0 190
14 7 24 0 -10 0 0 125
14 7 25 5.5 -2 0 0 274
14 7 26 0 -10 0 0 140
14 7 27 5.5 -2 0 0 232
14 7 28 0 -10 0 0 182
14 7 29 0 -10 0 0 164
14 7 30 0 -10 0 0 193
14 7 31 5.5 -2 0 0 296
14 7 32 5.5 -2 0 0 220
14 7 33 5.5 -2 0 0 309
14 7 34 0 -10 0 0 195
14 7 35 5.5 -2 0 0 429
14 7 36 5.5 -2 0 0 272
14 7 37 0 -10 0 0 192
14 7 38 5.5 -2 0 0 622
14 7 39 5.5 -2 0 0 718
14 7 40 5.5 -2 0 0 231
14 7 41 5.5 -2 0 0 425
14 7 42 5.5 -2 0 0 348
14 7 43 0 -10 0 0 173
14 7 44 5.5 -2 0 0 369
14 7 45 5.5 -2 0 0 443
14 7 46 5.5 -2 0 0 259
14 7 47 5.5 -2 0 0 662
14 7 48 5.5 -2 0 0 331
14 7 49 5.5 -2 0 0 340
14 7 50 5.5 -2 0 0 521
14 7 51 5.5 -2 0 0 454
14 7 52 5.5 -2 0 0 299
14 7 53 5.5 -2 0 0 623
14 7 54 5.5 -2 0 0 480
14 7 55 5.5 -2 0 0 300
14 7 56 1.5 -2 0 0 685
14 7 57 1.5 -2 0 0 624
14 7 58 5.5 -2 0 0 415
14 7 59 1.5 -2 0 0 292
14 7 60 1.5 -2 0 0 778
14 7 61 5.5 -2 0 0 377
14 7 62 1.5 -2 0 0 289
14 7 63 1.5 -2 0 0 329
14 8 0 0 -10 0 0 62
14 8 1 0 -10 0 0 51
14 8 2 0 -10 0 0 102
14 8 3 0 -10 0 0 110
14 8 4 0 -10 0 0 153
14 8 5 0 -10 0 0 99
14 8 6 0 -10 0 0 80
14 8 7 0 -10 0 0 114
14 8 8 0 -10 0 0 134
14 8 9 0 -10 0 0 112
14 8 10 0 -10 0 0 115
14 8 11 0 -10 0 0 82
14 8 12 0 -10 0 0 100
14 8 13 5.5 -2 0 0 207
14 8 14 0 -10 0 0 71
14 8 15 0 -10 0 0 124
14 8 16 0 -10 0 0 142
14 8 17 0 -10 0 0 85
14 8 18 0 -10 0 0 105
14 8 19 0 -10 0 0 151
14 8 20 0 -10 0 0 61
14 8 21 0 -10 0 0 91
14 8 22 0 -10 0 0 155
14 8 23 0 -10 0 0 148
14 8 24 0 -10 0 0 72
14 8 25 0 -10 0 0 164
14 8 26 0 -10 0 0 132
14 8 27 0 -10 0 0 144
14 8 28 0 -10 0 0 163
14 8 29 0 -10 0 0 130
14 8 30 0 -10 0 0 68
14 8 31 5.5 -2 0 0 307
14 8 32 5.5 -2 0 0 282
14 8 33 5.5 -2 0 0 251
14 8 34 0 -10 0 0 112
14 8 35 5.5 -2 0 0 400
14 8 36 0 -10 0 0 67
14 8 37 0 -10 0 0 151
14 8 38 4.726 0.466116 0.96697 0.0359087 581
14 8 39 5.5 -2 0 0 330
14 8 40 0 -10 0 0 84
14 8 41 5.5 -2 0 0 295
14 8 42 0 -10 0 0 130
14 8 43 0 -10 0 0 166
14 8 44 5.5 -2 0 0 326
14 8 45 5.5 -2 0 0 225
14 8 46 0 -10 0 0 123
14 8 47 5.5 -2 0 0 747
14 8 48 5.5 -2 0 0 254
14 8 49 0 -10 0 0 132
14 8 50 5.5 -2 0 0 247
14 8 51 5.5 -2 0 0 211
14 8 52 5.5 -2 0 0 203
14 8 53 5.5 -2 0 0 428
14 8 54 5.5 -2 0 0 322
14 8 55 0 -10 0 0 180
14 8 56 5.5 -2 0 0 261
14 8 57 5.5 -2 0 0 327
14 8 58 5.5 -2 0 0 318
14 8 59 0 -10 0 0 190
14 8 60 1.5 -2 0 0 404
14 8 61 0 -10 0 0 199
14 8 62 0 -10 0 0 199
14 8 63 1.5 -2 0 0 267
14 9 0 5.5 -2 0 0 210
14 9 1 5.5 -2 0 0 266
14 9 2 0 -10 0 0 182
14 9 3 0 -10 0 0 74
14 9 4 0 -10 0 0 109
14 9 5 0 -10 0 0 100
14 9 6 0 -10 0 0 152
14 9 7 0 -10 0 0 27
14 9 8 0 -10 0 0 125
14 9 9 0 -10 0 0 96
14 9 10 0 -10 0 0 77
14 9 11 0 -10 0 0 120
14 9 12 0 -10 0 0 80
14 9 13 0 -10 0 0 60
14 9 14 0 -10 0 0 160
14 9 15 0 -10 0 0 57
14 9 16 0 -10 0 0 50
14 9 17 0 -10 0 0 127
14 9 18 0 -10 0 0 74
14 9 19 0 -10 0 0 30
14 9 20 0 -10 0 0 69
14 9 21 0 -10 0 0 85
14 9 22 0 -10 0 0 46
14 9 23 0 -10 0 0 54
14 9 24 0 -10 0 0 156
14 9 25 0 -10 0 0 59
14 9 26 0 -10 0 0 191
14 9 27 0 -10 0 0 46
14 9 28 0 -10 0 0 50
14 9 29 0 -10 0 0 96
14 9 30 0 -10 0 0 18
14 9 31 0 -10 0 0 41
14 9 32 0 -10 0 0 29
14 9 33 0 -10 0 0 43
14 9 34 0 -10 0 0 103
14 9 35 0 -10 0 0 45
14 9 36 0 -10 0 0 17
14 9 37 0 -10 0 0 40
14 9 38 0 -10 0 0 33
14 9 39 0 -10 0 0 46
14 9 40 0 -10 0 0 42
14 9 41 0 -10 0 0 40
14 9 42 0 -10 0 0 44
14 9 43 0 -10 0 0 131
14 9 44 0 -10 0 0 30
14 9 45 0 -10 0 0 29
14 9 46 0 -10 0 0 171
14 9 47 0 -10 0 0 31
14 9 48 0 -10 0 0 37
14 9 49 0 -10 0 0 73
14 9 50 0 -10 0 0 37
14 9 51 0 -10 0 0 63
14 9 52 0 -10 0 0 100
14 9 53 0 -10 0 0 28
14 9 54 0 -10 0 0 27
14 9 55 0 -10 0 0 92
14 9 56 0 -10 0 0 41
14 9 57 0 -10 0 0 63
14 9 58 0 -10 0 0 42
14 9 59 0 -10 0 0 94
14 9 60 0 -10 0 0 22
14 9 61 0 -10 0 0 83
14 9 62 0 -10 0 0 66
14 9 63 0 -10 0 0 72
14 10 0 5.55861 0.522577 0.797276 0.110522 205
14 10 1 5.88728 -3 0 0 194
14 10 2 5.64302 0.461508 0.735437 0.171058 366
14 10 3 5.63699 0.429441 0.672973 0.122067 501
14 10 4 5.5 -2 0 0 416
14 10 5 6.61375 0.585471 0.504887 0.183077 243
14 10 6 6.69623 0.65086 0.917898 0.236394 373
14 10 7 6.41907 0.510901 0.516535 0.2303 732
14 10 8 5.5 -2 0 0 342
14 10 9 6.5258 0.397331 0.855947 0.170843 461
14 10 10 6.15363 0.387429 0.830503 0.0493983 469
14 10 11 5.6181 0.515988 0.677386 0.159246 374
14 10 12 6.26272 0.500878 0.406512 0.438248 384
14 10 13 6.0422 0.41856 0.729764 0.116534 472
14 10 14 9.5 -2 0 0 224
14 10 15 6.11718 0.367785 0.656407 0.173484 572
14 10 16 6.41944 0.491696 0.68365 0.211855 623
14 10 17 6.33091 0.432729 0.704566 0.138858 339
14 10 18 6.45492 0.488022 0.86524 0.0448381 302
14 10 19 5.5 -2 0 0 627
14 10 20 9.5 -2 0 0 227
14 10 21 5.5 -2 0 0 358
14 10 22 6.47682 0.55705 0.974032 0.257808 394
14 10 23 6.6877 0.510759 0.695278 0.276704 399
14 10 24 6.63411 0.462348 0.630702 0.13743 218
14 10 25 6.16282 0.488915 0.721331 0.0315475 644
14 10 26 6.22891 0.518358 0.700914 0.101145 320
14 10 27 9.5 -2 0 0 474
14 10 28 6.16128 0.372269 0.806806 0.0536459 596
14 10 29 9.5 -2 0 0 225
14 10 30 6.76787 0.550183 0.39901 0.198709 267
14 10 31 6.70905 0.3821 0.959056 0.0546447 960
14 10 32 6.71016 0.400739 1.00402 0.267837 632
14 10 33 6.69014 0.514552 0.569961 0.475877 770
14 10 34 9.5 -2 0 0 219
14 10 35 6.59952 0.394058 0.900201 0.152996 1618
14 10 36 9.5 -2 0 0 282
14 10 37 5.88728 -3 0 0 175
14 10 38 6.27781 0.358504 0.869124 0.246093 1686
14 10 39 6.41366 0.387483 0.668735 0.195523 700
14 10 40 9.5 -2 0 0 226
14 10 41 6.51363 0.376198 0.902953 0.128746 754
14 10 42 5.5 -2 0 0 389
14 10 43 5.64702 0.509507 0.698472 0.274719 271
14 10 44 5.5 -2 0 0 1089
14 10 45 5.5 -2 0 0 588
14 10 46 5.5 -2 0 0 225
14 10 47 5.82795 0.442637 0.909948 0.0973732 1540
14 10 48 5.37794 0.422914 0.681475 0.121557 634
14 10 49 6.46372 0.493552 0.91915 0.291958 351
14 10 50 5.75958 0.517556 0.780918 0.0890776 1002
14 10 51 5.41564 0.415247 0.870403 0.162054 429
14 10 52 5.18888 0.417106 0.5867 0.167816 520
14 10 53 5.5 -2 0 0 1097
14 10 54 4.73602 0.420105 0.506919 0.275439 541
14 10 55 5.80118 0.477348 0.564563 0.284357 301
14 10 56 5.5 -2 0 0 784
14 10 57 5.5 -2 0 0 467
14 10 58 5.5 -2 0 0 456
14 10 59 5.5 -2 0 0 262
14 10 60 5.5 -2 0 0 1212
14 10 61 5.5 -2 0 0 510
14 10 62 5.5 -2 0 0 259
14 10 63 5.5 -2 0 0 370
14 11 0 5.5 -2 0 0 630
14 11 1 5.5 -2 0 0 403
14 11 2 5.5 -2 0 0 307
14 11 3 0 -10 0 0 122
14 11 4 5.5 -2 0 0 260
14 11 5 5.5 -2 0 0 281
14 11 6 5.5 -2 0 0 237
14 11 7 0 -10 0 0 131
14 11 8 5.5 -2 0 0 313
14 11 9 5.5 -2 0 0 209
14 11 10 0 -10 0 0 167
14 11 11 5.5 -2 0 0 279
14 11 12 0 -10 0 0 192
14 11 13 0 -10 0 0 83
14 11 14 5.5 -2 0 0 404
14 11 15 0 -10 0 0 111
14 11 16 0 -10 0 0 138
14 11 17 5.5 -2 0 0 295
14 11 18 5.5 -2 0 0 226
14 11 19 0 -10 0 0 122
14 11 20 0 -10 0 0 84
14 11 21 5.5 -2 0 0 206
14 11 22 0 -10 0 0 159
14 11 23 5.5 -2 0 0 255
14 11 24 5.5 -2 0 0 304
14 11 25 0 -10 0 0 138
14 11 26 4.59282 0.415028 0.691187 0.0421525 407
14 11 27 0 -10 0 0 121
14 11 28 0 -10 0 0 111
14 11 29 4.84238 0.473863 0.824144 0.0648677 249
14 11 30 0 -10 0 0 87
14 11 31 0 -10 0 0 102
14 11 32 0 -10 0 0 85
14 11 33 0 -10 0 0 105
14 11 34 5.5 -2 0 0 508
14 11 35 0 -10 0 0 99
14 11 36 0 -10 0 0 70
14 11 37 5.5 -2 0 0 242
14 11 38 0 -10 0 0 145
14 11 39 0 -10 0 0 118
14 11 40 0 -10 0 0 79
14 11 41 0 -10 0 0 100
14 11 42 0 -10 0 0 128
14 11 43 5.5 -2 0 0 301
14 11 44 0 -10 0 0 95
14 11 45 0 -10 0 0 134
14 11 46 5.5 -2 0 0 366
14 11 47 0 -10 0 0 44
14 11 48 0 -10 0 0 91
14 11 49 5.5 -2 0 0 227
14 11 50 0 -10 0 0 132
14 11 51 5.5 -2 0 0 235
14 11 52 5.5 -2 0 0 277
14 11 53 0 -10 0 0 71
14 11 54 0 -10 0 0 98
14 11 55 5.5 -2 0 0 274
14 11 56 0 -10 0 0 178
14 11 57 5.5 -2 0 0 206
14 11 58 0 -10 0 0 137
14 11 59 5.5 -2 0 0 408
14 11 60 0 -10 0 0 97
14 11 61 5.5 -2 0 0 253
14 11 62 5.5 -2 0 0 316
14 11 63 1.5 -2 0 0 230
14 12 0 5.5 -2 0 0 485
14 12 1 5.5 -2 0 0 373
14 12 2 5.5 -2 0 0 511
14 12 3 5.5 -2 0 0 741
14 12 4 5.5 -2 0 0 384
14 12 5 5.5 -2 0 0 589
14 12 6 4.70942 0.401734 0.727792 0.132165 656
14 12 7 5.5 -2 0 0 1567
14 12 8 5.5 -2 0 0 589
14 12 9 5.5 -2 0 0 1024
14 12 10 5.5 -2 0 0 1379
14 12 11 5.5 -2 0 0 516
14 12 12 5.5 -2 0 0 853
14 12 13 5.5 -2 0 0 714
14 12 14 5.5 -2 0 0 367
14 12 15 5.5 -2 0 0 767
14 12 16 5.5 -2 0 0 1518
14 12 17 5.5 -2 0 0 466
14 12 18 5.5 -2 0 0 744
14 12 19 5.5 -2 0 0 1444
14 12 20 4.58556 0.401904 0.921838 0.174496 466
14 12 21 5.06567 0.396764 0.518946 0.19871 684
14 12 22 5.5 -2 0 0 1293
14 12 23 5.5 -2 0 0 392
14 12 24 5.5 -2 0 0 441
14 12 25 4.78553 0.321713 0.746969 0.050149 1159
14 12 26 5.5 -2 0 0 256
14 12 27 4.58567 0.443638 0.609785 0.12053 695
14 12 28 5.5 -2 0 0 929
14 12 29 4.81081 0.38755 0.922957 0.15584 276
14 12 30 5.5 -2 0 0 445
14 12 31 5.5 -2 0 0 1000
14 12 32 5.5 -2 0 0 846
14 12 33 5.5 -2 0 0 727
14 12 34 5.5 -2 0 0 252
14 12 35 5.5 -2 0 0 960
14 12 36 5.5 -2 0 0 322
14 12 37 4.77321 0.411118 0.618426 0.105634 336
14 12 38 5.5 -2 0 0 778
14 12 39 5.5 -2 0 0 376
14 12 40 5.5 -2 0 0 427
14 12 41 5.5 -2 0 0 552
14 12 42 4.71481 0.406244 0.718013 0.202146 327
14 12 43 5.5 -2 0 0 327
14 12 44 5.5 -2 0 0 644
14 12 45 5.5 -2 0 0 381
14 12 46 5.5 -2 0 0 264
14 12 47 5.5 -2 0 0 708
14 12 48 5.5 -2 0 0 408
14 12 49 5.5 -2 0 0 328
14 12 50 5.5 -2 0 0 513
14 12 51 5.5 -2 0 0 231
14 12 52 5.5 -2 0 0 281
14 12 53 5.5 -2 0 0 599
14 12 54 5.5 -2 0 0 386
14 12 55 5.5 -2 0 0 267
14 12 56 5.5 -2 0 0 278
14 12 57 5.5 -2 0 0 250
14 12 58 5.5 -2 0 0 332
14 12 59 1.5 -2 0 0 268
14 12 60 1.5 -2 0 0 441
14 12 61 0 -10 0 0 187
14 12 62 1.5 -2 0 0 242
14 12 63 1.5 -2 0 0 305
14 13 0 5.5 -2 0 0 316
14 13 1 5.5 -2 0 0 245
14 13 2 0 -10 0 0 195
14 13 3 0 -10 0 0 116
14 13 4 0 -10 0 0 164
14 13 5 0 -10 0 0 177
14 13 6 0 -10 0 0 175
14 13 7 0 -10 0 0 90
14 13 8 0 -10 0 0 162
14 13 9 0 -10 0 0 105
14 13 10 0 -10 0 0 99
14 13 11 0 -10 0 0 196
14 13 12 0 -10 0 0 138
14 13 13 0 -10 0 0 85
14 13 14 5.5 -2 0 0 332
14 13 15 0 -10 0 0 127
14 13 16 0 -10 0 0 105
14 13 17 5.5 -2 0 0 227
14 13 18 0 -10 0 0 105
14 13 19 0 -10 0 0 93
14 13 20 0 -10 0 0 180
14 13 21 0 -10 0 0 114
14 13 22 0 -10 0 0 111
14 13 23 0 -10 0 0 146
14 13 24 5.5 -2 0 0 275
14 13 25 0 -10 0 0 90
14 13 26 5.08352 0.471724 0.839261 0.0805467 295
14 13 27 0 -10 0 0 108
14 13 28 0 -10 0 0 108
14 13 29 5.5 -2 0 0 255
14 13 30 0 -10 0 0 101
14 13 31 0 -10 0 0 108
14 13 32 0 -10 0 0 102
14 13 33 0 -10 0 0 150
14 13 34 5.5 -2 0 0 368
14 13 35 0 -10 0 0 84
14 13 36 0 -10 0 0 123
14 13 37 5.5 -2 0 0 243
14 13 38 0 -10 0 0 108
14 13 39 0 -10 0 0 189
14 13 40 0 -10 0 0 189
14 13 41 0 -10 0 0 119
14 13 42 5.5 -2 0 0 223
14 13 43 5.5 -2 0 0 298
14 13 44 0 -10 0 0 110
14 13 45 0 -10 0 0 117
14 13 46 4.86661 0.412067 0.686769 0.169095 351
14 13 47 0 -10 0 0 98
14 13 48 0 -10 0 0 152
14 13 49 5.5 -2 0 0 275
14 13 50 0 -10 0 0 158
14 13 51 4.64113 0.441125 0.790534 0.114098 410
14 13 52 5.5 -2 0 0 272
14 13 53 0 -10 0 0 137
14 13 54 0 -10 0 0 188
14 13 55 5.5 -2 0 0 359
14 13 56 0 -10 0 0 199
14 13 57 5.5 -2 0 0 298
14 13 58 5.5 -2 0 0 242
14 13 59 5.5 -2 0 0 395
14 13 60 0 -10 0 0 185
14 13 61 1.5 -2 0 0 472
14 13 62 1.5 -2 0 0 473
14 13 63 5.5 -2 0 0 272
14 14 0 5.5 -2 0 0 260
14 14 1 5.5 -2 0 0 277
14 14 2 5.5 -2 0 0 360
14 14 3 5.5 -2 0 0 396
14 14 4 5.5 -2 0 0 242
14 14 5 5.5 -2 0 0 329
14 14 6 5.5 -2 0 0 448
14 14 7 5.5 -2 0 0 523
14 14 8 5.5 -2 0 0 284
14 14 9 5.5 -2 0 0 495
14 14 10 5.5 -2 0 0 682
14 14 11 5.5 -2 0 0 226
14 14 12 5.5 -2 0 0 259
14 14 13 5.5 -2 0 0 368
14 14 14 0 -10 0 0 168
14 14 15 5.5 -2 0 0 315
14 14 16 5.5 -2 0 0 783
14 14 17 0 -10 0 0 178
14 14 18 5.5 -2 0 0 285
14 14 19 4.70031 0.395887 0.928307 0.0741587 425
14 14 20 5.5 -2 0 0 238
14 14 21 5.5 -2 0 0 464
14 14 22 5.5 -2 0 0 455
14 14 23 0 -10 0 0 172
14 14 24 0 -10 0 0 190
14 14 25 5.5 -2 0 0 359
14 14 26 0 -10 0 0 180
14 14 27 5.5 -2 0 0 282
14 14 28 5.5 -2 0 0 308
14 14 29 0 -10 0 0 163
14 14 30 5.5 -2 0 0 221
14 14 31 4.76137 0.414879 0.762465 0.115374 266
14 14 32 0 -10 0 0 183
14 14 33 5.5 -2 0 0 216
14 14 34 0 -10 0 0 177
14 14 35 5.5 -2 0 0 252
14 14 36 0 -10 0 0 178
14 14 37 0 -10 0 0 139
14 14 38 5.5 -2 0 0 218
14 14 39 0 -10 0 0 119
14 14 40 0 -10 0 0 165
14 14 41 0 -10 0 0 159
14 14 42 0 -10 0 0 175
14 14 43 0 -10 0 0 151
14 14 44 0 -10 0 0 132
14 14 45 0 -10 0 0 138
14 14 46 0 -10 0 0 126
14 14 47 0 -10 0 0 179
14 14 48 0 -10 0 0 162
14 14 49 0 -10 0 0 132
14 14 50 0 -10 0 0 145
14 14 51 0 -10 0 0 107
14 14 52 0 -10 0 0 132
14 14 53 0 -10 0 0 146
14 14 54 0 -10 0 0 139
14 14 55 0 -10 0 0 85
14 14 56 0 -10 0 0 113
14 14 57 0 -10 0 0 104
14 14 58 0 -10 0 0 105
14 14 59 0 -10 0 0 107
14 14 60 0 -10 0 0 120
14 14 61 0 -10 0 0 74
14 14 62 0 -10 0 0 87
14 14 63 0 -10 0 0 85
14 15 0 0 -10 0 0 80
14 15 1 0 -10 0 0 90
14 15 2 0 -10 0 0 78
14 15 3 0 -10 0 0 55
14 15 4 0 -10 0 0 90
14 15 5 0 -10 0 0 58
14 15 6 0 -10 0 0 65
14 15 7 0 -10 0 0 41
14 15 8 0 -10 0 0 66
14 15 9 0 -10 0 0 45
14 15 10 0 -10 0 0 48
14 15 11 0 -10 0 0 54
14 15 12 0 -10 0 0 37
14 15 13 0 -10 0 0 63
14 15 14 0 -10 0 0 96
14 15 15 0 -10 0 0 60
14 15 16 0 -10 0 0 55
14 15 17 0 -10 0 0 80
14 15 18 0 -10 0 0 65
14 15 19 0 -10 0 0 46
14 15 20 0 -10 0 0 73
14 15 21 0 -10 0 0 50
14 15 22 0 -10 0 0 52
14 15 23 0 -10 0 0 90
14 15 24 0 -10 0 0 77
14 15 25 0 -10 0 0 41
14 15 26 0 -10 0 0 93
14 15 27 0 -10 0 0 64
14 15 28 0 -10 0 0 61
14 15 29 0 -10 0 0 120
14 15 30 0 -10 0 0 78
14 15 31 0 -10 0 0 49
14 15 32 0 -10 0 0 62
14 15 33 0 -10 0 0 53
14 15 34 0 -10 0 0 105
14 15 35 0 -10 0 0 67
14 15 36 0 -10 0 0 68
14 15 37 0 -10 0 0 107
14 15 38 0 -10 0 0 62
14 15 39 0 -10 0 0 117
14 15 40 0 -10 0 0 94
14 15 41 0 -10 0 0 66
14 15 42 0 -10 0 0 92
14 15 43 0 -10 0 0 98
14 15 44 0 -10 0 0 64
14 15 45 0 -10 0 0 72
14 15 46 0 -10 0 0 170
14 15 47 0 -10 0 0 83
14 15 48 0 -10 0 0 93
14 15 49 0 -10 0 0 118
14 15 50 0 -10 0 0 80
14 15 51 5.5 -2 0 0 210
14 15 52 0 -10 0 0 150
14 15 53 0 -10 0 0 85
14 15 54 0 -10 0 0 90
14 15 55 0 -10 0 0 169
14 15 56 0 -10 0 0 131
14 15 57 0 -10 0 0 173
14 15 58 0 -10 0 0 116
14 15 59 0 -10 0 0 179
14 15 60 0 -10 0 0 101
14 15 61 0 -10 0 0 194
14 15 62 0 -10 0 0 195
14 15 63 0 -10 0 0 126
